HALSTED AND MADISON,1872,1 N HALSTED STREET,05/20/2015,5,1171090.967986833,1900270.454015136,41.881815632,-87.647214717,"(41.88181563164203, -87.64721471704077)"
ELSTON AND IRVING PARK,1502,4000 N ELSTON AVENUE,06/06/2015,1,1151273.974828198,1926311.849469842,41.953687266,-87.719297882,"(41.95368726563273, -87.71929788151473)"
PULASKI AND 63RD,2342,6300 S PULASKI RD,06/06/2015,11,1150746.00309079,1862516.747695325,41.778636469,-87.722906356,"(41.77863646878099, -87.72290635568541)"
LAKE SHORE DR AND BELMONT,1412,3200 N LAKESHORE DRIV,01/29/2017,16,1173053.220555078,1921821.380831705,41.940909163,-87.63936916,"(41.94090916326764, -87.63936915995522)"
CALIFORNIA AND PETERSON,1311,6000 N CALIFORNIA AVE,06/06/2015,1,1156545.742699118,1939775.775541795,41.990527717,-87.699552084,"(41.990527717148176, -87.69955208405155)"
ROOSEVELT AND PULASKI,2314,4000 W ROOSEVELT ROAD,06/06/2015,10,1149885.032049683,1894449.464076882,41.866281003,-87.72523422,"(41.866281002664536, -87.72523421983905)"
99TH AND HALSTED,2431,9900 S HALSTED ST,05/19/2015,14,1172689.754200318,1839171.652197216,41.714118868,-87.643145408,"(41.714118868089905, -87.64314540818165)"
PULASKI AND ARCHER,2154,5000 S ARCHER AVE,06/06/2015,1,1150501.818909837,1871162.311703322,41.802365973,-87.723576766,"(41.80236597333895, -87.72357676611004)"
STONY ISLAND/CORNELL AND 67TH,2721,6700 S STONY ISLAND A,06/04/2015,12,1187984.143047539,1860863.338367666,41.773292896,-87.586442368,"(41.77329289585066, -87.58644236831432)"
HARLEM AND BELMONT,1394,7200 W BELMONT AVE,06/06/2015,4,1127504.698153561,1920475.415440844,41.938105479,-87.806809552,"(41.93810547939496, -87.80680955240743)"
ASHLAND AND DIVISION,1791,1200 N ASHLAND AVENUE,05/28/2015,9,1165466.997046718,1908083.767015974,41.903377468,-87.667643142,"(41.903377467566784, -87.66764314227497)"
DAMEN AND DIVERSEY,1462,2800 N DAMEN AVENUE,06/06/2015,4,1162490.04851994,1918611.623717091,41.932329494,-87.678282719,"(41.9323294940985, -87.67828271931386)"
WENTWORTH AND GARFIELD,2261,5500 S WENTWORTH AVEN,01/29/2017,15,,,,,
CALIFORNIA AND DEVON,1321,6400 N CALIFORNIA AVE,06/06/2015,3,1156461.150245401,1942370.37710537,41.997649133,-87.699792629,"(41.997649133049336, -87.69979262891378)"
ROOSEVELT AND KOSTNER,2321,1200 S KOSTNER,06/06/2015,5,1147196.304001978,1894305.883269746,41.865938839,-87.735108549,"(41.8659388389088, -87.73510854901264)"
CICERO AND ARMITAGE,2001,2000 N CICERO AVENUE,06/06/2015,2,1144031.525719004,1912881.8300295,41.916973325,-87.746260223,"(41.91697332451097, -87.74626022251057)"
PULASKI AND DIVISION,1801,1200 N PULASKI ROAD,06/06/2015,5,1149459.590666926,1907723.219884254,41.902713902,-87.726451457,"(41.902713901936174, -87.72645145715836)"
KEDZIE AND 63RD,2364,3200 W 63RD ST,06/06/2015,2,1156103.348831225,1862717.565210739,41.779081505,-87.703260365,"(41.77908150488341, -87.70326036544745)"
WENTWORTH AND GARFIELD,2264,200 W GARFIELD BLVD,06/03/2015,13,1175889.574397302,1868551.750512227,41.794670385,-87.630547476,"(41.79467038468937, -87.63054747605638)"
CICERO AND 47TH,2204,4800 W 47TH ST,01/29/2017,10,1145130.048925744,1873078.44198302,41.807727017,-87.743229366,"(41.80772701677172, -87.74322936566276)"
WESTERN AND 79TH,2481,7900 S WESTERN AVE,06/06/2015,7,1161711.516404028,1852181.685686118,41.750054934,-87.682992203,"(41.750054933649984, -87.68299220290213)"
IRVING PARK AND KEDZIE,1354,3200 W IRVING PARK ROAD,06/06/2015,8,1154325.140302006,1926458.463197156,41.954029047,-87.708077494,"(41.95402904691877, -87.70807749383191)"
CICERO AND WASHINGTON,1892,100 N CICERO AVENUE,06/06/2015,1,1144328.984091479,1900095.170838459,41.88187971,-87.745489247,"(41.88187970991601, -87.7454892473012)"
ASHLAND AND 87TH,2454,1600 W 87TH ST,06/06/2015,5,1167171.941297436,1847064.855345151,41.735898617,-87.663128781,"(41.735898617066006, -87.66312878090133)"
KIMBALL AND DIVERSEY,1583,3400 W DIVERSEY AVENUE,06/06/2015,1,1153211.149172713,1918454.477800566,41.932087747,-87.71238583,"(41.932087747378944, -87.71238582951281)"
PULASKI AND CHICAGO,1983,4000 W CHICAGO AVENUE,06/06/2015,4,1149561.855939692,1905086.596446259,41.895476752,-87.72614436,"(41.89547675163723, -87.72614435991626)"
DIVISION AND DAMEN,1733,2000 W DIVISION,06/06/2015,5,1162815.710860194,1908034.672555531,41.903298793,-87.677383247,"(41.903298792681944, -87.67738324739636)"
STONY ISLAND/CORNELL AND 67TH,2721,6700 S STONY ISLAND A,06/06/2015,13,1187984.143047539,1860863.338367666,41.773292896,-87.586442368,"(41.77329289585066, -87.58644236831432)"
STONY ISLAND/CORNELL AND 67TH,2731,6700 S CORNELL DRIVE,06/04/2015,9,1188316.454860734,1860851.137456735,41.77325149,-87.5852246,"(41.77325148959568, -87.58522459967712)"
MILWAUKEE AND MONTROSE,1364,5075 W MONTROSE AVENUE,05/30/2015,2,1141716.746618898,1928736.076639057,41.960522088,-87.754371424,"(41.96052208819935, -87.75437142402293)"
FOSTER AND BROADWAY,1113,1200 W FOSTER AVE,06/06/2015,3,1167357.095930752,1934721.393266777,41.97643192,-87.659931806,"(41.97643192018459, -87.65993180604016)"
CANAL AND ROOSEVELT,2294,500 W ROOSEVELT ROAD,06/03/2015,5,1173290.72186561,1895021.166235495,41.867362693,-87.639293195,"(41.867362692616666, -87.63929319464197)"
ASHLAND AND 95TH,2473,1600 W 95TH STREET,05/30/2015,8,1167323.753394196,1841755.029221382,41.721324412,-87.662724153,"(41.721324411975246, -87.66272415265087)"
SHERIDAN AND FOSTER,1132,5200 N SHERIDAN ROAD,06/06/2015,2,1168661.623718229,1934753.842272756,41.976492721,-87.655133605,"(41.97649272077833, -87.65513360456677)"
55TH AND KEDZIE,2162,5500 S KEDZIE AVENUE,06/06/2015,1,1155945.854705238,1867941.621374192,41.793420237,-87.703697508,"(41.793420236755864, -87.70369750845424)"
WESTERN AND MARQUETTE,2672,6700 S WESTERN AVENUE,05/21/2015,7,1161488.747635042,1860134.788366884,41.771884028,-87.683588402,"(41.77188402771193, -87.68358840206334)"
35TH AND WESTERN,2092,3500 S WESTERN,06/06/2015,3,1160894.949857101,1881376.851112895,41.830187255,-87.685177925,"(41.83018725526863, -87.68517792510231)"
WESTERN AND CHICAGO,1943,2400 W CHICAGO AVE,06/06/2015,8,1160226.686812944,1905300.904544474,41.895851041,-87.686968935,"(41.895851041123755, -87.68696893468467)"
CALIFORNIA AND PETERSON,1313,2800 W PETERSON AVENUE,05/25/2015,6,1156569.515341857,1939784.830544118,41.990552082,-87.699464396,"(41.990552081681564, -87.69946439622785)"
LAFAYETTE AND 87TH,2502,8700 S LAFAYETTE AVEN,06/06/2015,30,1177417.493180297,1847243.988223464,41.73616511,-87.625587569,"(41.73616511008592, -87.62558756899932)"
DAMEN AND FULLERTON,1663,2000 W FULLERTON AVE,06/06/2015,32,1162596.935552891,1915990.579747891,41.925134944,-87.677963546,"(41.92513494374925, -87.67796354553815)"
WENTWORTH AND GARFIELD,2264,200 W GARFIELD BLVD,06/06/2015,6,1175889.574397302,1868551.750512227,41.794670385,-87.630547476,"(41.79467038468937, -87.63054747605638)"
CICERO AND PETERSON,1204,4800 W PETERSON AVENUE,06/06/2015,1,1143273.766829016,1939491.944645127,41.990008007,-87.748376951,"(41.99000800729908, -87.74837695118997)"
LAWRENCE AND WESTERN,1193,2400 W LAWRENCE AVENUE,06/06/2015,3,1159482.648570304,1931851.989492596,41.968724349,-87.688968727,"(41.96872434882172, -87.68896872699601)"
STATE AND 79TH,2654,1 E 79TH STREET,05/19/2015,22,1177680.113652821,1852598.313477786,41.750852096,-87.624463832,"(41.75085209551078, -87.62446383210285)"
79TH AND HALSTED,2541,7900 S HALSTED STREET,06/06/2015,5,1172298.707400847,1852444.344822186,41.750549559,-87.644188368,"(41.750549559438944, -87.64418836784098)"
ELSTON AND LAWRENCE,1282,4800 N ELSTON AVENUE,06/06/2015,2,1145529.344259918,1931501.601268983,41.968039361,-87.740283894,"(41.96803936143674, -87.74028389448999)"
4700 WESTERN,2142,4700 S WESTERN AVENUE,06/06/2015,2,1161120.438879703,1873431.066474726,41.808378408,-87.684570717,"(41.808378407946726, -87.68457071689552)"
ARCHER AND CICERO,2081,5200 S CICERO AVE,06/04/2015,31,1145195.931989777,1869737.708306623,41.798558278,-87.743071866,"(41.798558278193305, -87.74307186616427)"
CICERO AND 47TH,2204,4800 W 47TH ST,05/25/2015,9,1145130.048925744,1873078.44198302,41.807727017,-87.743229366,"(41.80772701677172, -87.74322936566276)"
CENTRAL AND IRVING PARK,1182,4000 N CENTRAL AVENUE,06/06/2015,1,1138258.614129764,1926071.172884932,41.953272751,-87.767150151,"(41.95327275103541, -87.76715015131407)"
STATE AND 79TH,2651,7900 S STATE STREET,06/06/2015,9,1177618.166929966,1852621.870232838,41.750918138,-87.624690123,"(41.7509181383154, -87.62469012251644)"
WESTERN AND NORTH,1851,1600 N WESTERN AVE,06/06/2015,4,1160077.474351131,1910605.013316134,41.910409024,-87.687370268,"(41.91040902362901, -87.687370268401)"
STONEY ISLAND AND 76TH,2632,7600 S STONY ISLAND A,05/19/2015,16,1188092.796191935,1854889.354158304,41.756897173,-87.586234285,"(41.75689717260223, -87.58623428506996)"
31ST ST AND MARTIN LUTHER KING DRIVE,2121,3100 S DR MARTIN L KING,06/06/2015,10,,,,,
CERMAK AND PULASKI,2334,4000 W CERMAK,06/06/2015,6,1150018.476053666,1889120.238540361,41.851654369,-87.724882975,"(41.85165436867626, -87.7248829753078)"
MADISON AND WESTERN,1931,1 S WESTERN AVE,06/06/2015,10,1160453.827721979,1899933.703473746,41.881118279,-87.686283339,"(41.881118278833966, -87.686283338873)"
CICERO AND 47TH,2202,4700 S CICERO AVE,06/06/2015,1,1145112.150373471,1873006.659918126,41.807530373,-87.743296821,"(41.80753037289406, -87.7432968212423)"
FOSTER AND NAGLE,1031,5200 N NAGLE,06/06/2015,2,1132529.656558223,1934201.702060651,41.97568567,-87.788020406,"(41.97568566971868, -87.78802040620296)"
63RD AND STATE,2714,1 E 63RD ST,05/28/2015,15,1177367.518733101,1863199.17768559,41.779949105,-87.625289553,"(41.779949104569106, -87.62528955333775)"
STATE AND 79TH,2651,7900 S STATE STREET,05/23/2015,10,1177618.166929966,1852621.870232838,41.750918138,-87.624690123,"(41.7509181383154, -87.62469012251644)"
99TH AND HALSTED,2433,800 W 99TH ST,06/06/2015,16,1172710.642565684,1839246.330602143,41.714323337,-87.643066714,"(41.71432333701137, -87.64306671421937)"
63RD AND STATE,2712,6300 S STATE ST,01/29/2017,10,1177303.801895084,1863220.216755923,41.780008277,-87.625522512,"(41.78000827740796, -87.6255225119157)"
79TH AND KEDZIE,2443,3200 W 79TH ST,06/06/2015,8,1156402.644780165,1852104.649370984,41.749952001,-87.702448478,"(41.74995200142266, -87.70244847808695)"
SACRAMENTO AND LAKE,1821,150 N SACRAMENTO BOUL,06/06/2015,2,1156319.560664766,1900957.489351962,41.884012178,-87.701436479,"(41.88401217771363, -87.7014364786693)"
HALSTED AND FULLERTON,1704,800 W FULLERTON AVENUE,06/06/2015,5,1170525.624723311,1916208.443992778,41.925562791,-87.648823641,"(41.92556279107417, -87.64882364145232)"
55TH and PULASKI,2242,5500 S PULASKI,06/06/2015,1,1150600.072649439,1867806.44512718,41.793155061,-87.723303765,"(41.793155060731024, -87.72330376464247)"
WESTERN AND MARQUETTE,2672,6700 S WESTERN AVENUE,06/04/2015,7,1161488.747635042,1860134.788366884,41.771884028,-87.683588402,"(41.77188402771193, -87.68358840206334)"
DIVERSEY AND AUSTIN,1453,6000 W DIVERSEY AVENUE,11/21/2016,1,1135895.736169343,1918029.70673837,41.931248624,-87.776028612,"(41.931248623643455, -87.77602861172493)"
ASHLAND AND 95TH,2473,1600 W 95TH STREET,05/24/2015,3,1167323.753394196,1841755.029221382,41.721324412,-87.662724153,"(41.721324411975246, -87.66272415265087)"
HALSTED AND NORTH,1764,800 W NORTH AVENUE,06/06/2015,6,1170700.68422007,1910913.190749698,41.91102851,-87.648335806,"(41.91102850981186, -87.64833580602037)"
WESTERN AND CERMAK,1002,2200 S WESTERN AVENUE,06/06/2015,3,1160669.42562757,1889318.196820393,41.85198384,-87.685785704,"(41.85198383957328, -87.68578570420526)"
LAFAYETTE AND 87TH,2503,30 W 87TH STREET,05/19/2015,9,1177407.651800237,1847320.772058312,41.736376037,-87.625621311,"(41.736376036604916, -87.62562131092602)"
CICERO AND PETERSON,1202,6000 N CICERO AVENUE,05/20/2015,2,1143247.733553094,1939479.342905704,41.989973915,-87.748473024,"(41.98997391514614, -87.74847302426933)"
HALSTED AND DIVISION,1714,800 W DIVISION,04/19/2017,1,1170767.827960358,1908259.644151662,41.903745557,-87.648167011,"(41.90374555734733, -87.64816701062779)"
KEDZIE AND 71ST,2354,3200 W 71ST STREET,06/06/2015,5,1156246.862901455,1857404.014959868,41.764497433,-87.702877023,"(41.76449743256955, -87.70287702335861)"
WENTWORTH AND GARFIELD,2264,200 W GARFIELD BLVD,05/23/2015,13,1175889.574397302,1868551.750512227,41.794670385,-87.630547476,"(41.79467038468937, -87.63054747605638)"
CALIFORNIA AND DIVERSEY,1514,2800 W DIVERSEY,06/06/2015,29,1157212.54253358,1918526.674434943,41.932205395,-87.697679244,"(41.93220539506452, -87.6976792438691)"
BELMONT AND KEDZIE,1372,3200 N KEDZIE AVE,06/06/2015,20,1154426.977874407,1921110.466549542,41.93935173,-87.707846594,"(41.93935173030961, -87.70784659359776)"
HAMLIN AND LAKE,1881,300 N HAMLIN AVENUE,05/25/2015,9,1150970.026856642,1901381.688308858,41.885282636,-87.721069539,"(41.88528263580913, -87.72106953854511)"
ASHLAND AND DIVISION,1791,1200 N ASHLAND AVENUE,06/06/2015,5,1165466.997046718,1908083.767015974,41.903377468,-87.667643142,"(41.903377467566784, -87.66764314227497)"
HALSTED AND 95TH,2581,9500 S HALSTED STREET,06/06/2015,5,1172610.538363645,1841811.61926207,41.721365061,-87.643358042,"(41.72136506078306, -87.64335804234075)"
KEDZIE AND ARMITAGE,1832,2000 N KEDZIE AVENUE,06/06/2015,5,1154684.031809326,1913129.496340896,41.917446172,-87.707116072,"(41.91744617191702, -87.70711607187832)"
HOLLYWOOD AND SHERIDAN,1344,1000 W HOLLYWOOD AVE,06/05/2015,13,1168580.228926466,1938090.295189338,41.985649799,-87.655335807,"(41.98564979859328, -87.65533580655139)"
KEDZIE AND 63RD,2361,6300 S KEDZIE AVE,06/06/2015,1,1156097.505177228,1862668.051775093,41.77894575,-87.703283119,"(41.77894575017997, -87.70328311900342)"
MILWAUKEE AND DEVON,1272,6400 N MILWAUKEE AVEN,05/22/2015,5,1132463.750397878,1942107.911507627,41.997382173,-87.788077674,"(41.99738217345368, -87.78807767391953)"
CICERO AND FULLERTON,1472,2400 N CICERO AVE,06/06/2015,7,1143961.592189569,1915545.343094087,41.92428359,-87.74645019,"(41.92428358982701, -87.74645019028947)"
CENTRAL AND CHICAGO,1973,5600 W CHICAGO AVENUE,06/06/2015,5,1138858.856732452,1904825.827586656,41.894962293,-87.765460791,"(41.89496229349977, -87.76546079122906)"
CENTRAL AND FULLERTON,1444,5600 W FULLERTON AVENU,06/06/2015,4,1138627.279189421,1915438.969256439,41.924090199,-87.76605353,"(41.92409019883488, -87.76605353016079)"
CICERO AND CHICAGO,1783,4800 W CHICAGO AVENUE,06/06/2015,6,1144175.291152764,1904916.255225279,41.895112219,-87.745932427,"(41.89511221857764, -87.74593242701515)"
CALIFORNIA AND DIVERSEY,1513,2800 W DIVERSEY,06/06/2015,4,1157212.54253358,1918526.674434943,41.932205395,-87.697679244,"(41.93220539506452, -87.6976792438691)"
ARCHER AND CICERO,2081,5200 S CICERO AVE,05/20/2015,26,1145195.931989777,1869737.708306623,41.798558278,-87.743071866,"(41.798558278193305, -87.74307186616427)"
SHERIDAN AND FOSTER,1134,1000 W FOSTER AVE,06/06/2015,3,1168689.247756979,1934758.578141654,41.976505116,-87.655031882,"(41.97650511595711, -87.65503188224778)"
71ST AND ASHLAND,2391,7100 S ASHLAND,06/06/2015,2,1166868.379865725,1857616.168087255,41.764859382,-87.663940176,"(41.764859382425385, -87.66394017630476)"
ROOSEVELT AND KOSTNER,2323,4400 W ROOSEVELT,06/06/2015,8,1147200.963258796,1894379.538078088,41.866140868,-87.73508956,"(41.866140867641654, -87.73508956008207)"
CALIFORNIA AND PETERSON,1313,2800 W PETERSON AVENUE,06/06/2015,8,1156569.515341857,1939784.830544118,41.990552082,-87.699464396,"(41.990552081681564, -87.69946439622785)"
STONEY ISLAND AND 76TH,2632,7600 S STONY ISLAND A,06/06/2015,11,1188092.796191935,1854889.354158304,41.756897173,-87.586234285,"(41.75689717260223, -87.58623428506996)"
DIVERSEY AND WESTERN,1431,2800 N WESTERN AVENUE,06/06/2015,5,1159837.205417355,1918550.506189309,41.932216988,-87.688033281,"(41.93221698794738, -87.68803328089533)"
71ST AND ASHLAND,2391,7100 S ASHLAND,06/01/2015,2,1166868.379865725,1857616.168087255,41.764859382,-87.663940176,"(41.764859382425385, -87.66394017630476)"
OGDEN AND KOSTNER,2222,2348 S KOSTNER AVENUE,06/06/2015,5,1147394.548182079,1887795.177782082,41.848068845,-87.734547457,"(41.8480688449598, -87.73454745748458)"
79TH AND HALSTED,2543,800 W 79TH STREET,06/06/2015,3,1172320.105719411,1852517.9814434,41.750751157,-87.644107793,"(41.75075115747316, -87.64410779300933)"
ASHLAND AND 95TH,2472,9500 S ASHLAND AVENUE,06/06/2015,8,1167295.830128711,1841695.121217916,41.721160612,-87.662828139,"(41.72116061205213, -87.66282813939165)"
PULASKI AND DIVISION,1802,1200 N PULASKI ROAD,06/06/2015,4,1149459.590666926,1907723.219884254,41.902713902,-87.726451457,"(41.902713901936174, -87.72645145715836)"
HALSTED AND MADISON,1872,1 N HALSTED STREET,06/06/2015,8,1171090.967986833,1900270.454015136,41.881815632,-87.647214717,"(41.88181563164203, -87.64721471704077)"
ASHLAND AND FULLERTON,1651,2400 N ASHLAND AVENUE,05/19/2015,7,1165228.073342838,1916032.319169157,41.92519389,-87.668294363,"(41.92519388981048, -87.66829436339881)"
STONEY ISLAND AND 79TH,2462,7900 S STONEY ISLAND,06/06/2015,3,1188181.571068297,1852908.934789311,41.751460603,-87.585971993,"(41.75146060316686, -87.5859719929647)"
FOSTER AND NAGLE,1031,5200 N NAGLE,06/04/2015,7,1132529.656558223,1934201.702060651,41.97568567,-87.788020406,"(41.97568566971868, -87.78802040620296)"
55TH and PULASKI,2242,5500 S PULASKI,01/29/2017,8,1150600.072649439,1867806.44512718,41.793155061,-87.723303765,"(41.793155060731024, -87.72330376464247)"
DIVISION AND DAMEN,1733,2000 W DIVISION,01/29/2017,4,1162815.710860194,1908034.672555531,41.903298793,-87.677383247,"(41.903298792681944, -87.67738324739636)"
IRVING PARK AND KEDZIE,1353,3200 W IRVING PARK ROAD,06/05/2015,3,1154325.140302006,1926458.463197156,41.954029047,-87.708077494,"(41.95402904691877, -87.70807749383191)"
MILWAUKEE AND DEVON,1272,6400 N MILWAUKEE AVEN,06/06/2015,4,1132463.750397878,1942107.911507627,41.997382173,-87.788077674,"(41.99738217345368, -87.78807767391953)"
LARAMIE AND FULLERTON,1424,5200 W FULLERTON AVENUE,06/06/2015,14,1141305.554932016,1915502.611239048,41.924215797,-87.756210755,"(41.92421579723144, -87.75621075458939)"
IRVING PARK AND KILPATRICK,2763,4700 W IRVING PARK ROA,06/06/2015,9,,,,,
CANAL AND ROOSEVELT,2291,1200 S CANAL STREET,06/06/2015,10,1173268.771030949,1894952.634878732,41.867175125,-87.639375813,"(41.86717512472001, -87.63937581258092)"
WESTERN AND TOUHY,1251,7200 N WESTERN AVENUE,05/29/2015,4,1158975.66256211,1947754.286963361,42.012371335,-87.690393917,"(42.012371334791766, -87.69039391737863)"
MILWAUKEE AND DEVON,1272,6400 N MILWAUKEE AVEN,06/02/2015,3,1132463.750397878,1942107.911507627,41.997382173,-87.788077674,"(41.99738217345368, -87.78807767391953)"
HAMLIN AND MADISON,1903,3800 W MADISON STREET,06/06/2015,12,1151032.709141294,1899784.033986533,41.880897273,-87.720881226,"(41.880897273491264, -87.72088122613924)"
ASHLAND AND LAWRENCE,1142,4800 N ASHLAND AVENUE,06/06/2015,15,1164751.686785145,1932001.206626392,41.96902343,-87.669590434,"(41.969023429614026, -87.66959043354217)"
ASHLAND AND DIVISION,1791,1200 N ASHLAND AVENUE,04/19/2017,5,1165466.997046718,1908083.767015974,41.903377468,-87.667643142,"(41.903377467566784, -87.66764314227497)"
VAN BUREN AND WESTERN,2052,400 S WESTERN AVENUE,06/03/2015,36,1160431.682297829,1898091.942371589,41.876064776,-87.686415631,"(41.87606477642526, -87.68641563098768)"
PETERSON AND WESTERN,1014,2400 W PETERSON,01/29/2017,14,1159214.211316277,1939825.301874586,41.99060901,-87.689735481,"(41.990609009807294, -87.68973548092968)"
ASHLAND AND FULLERTON,1651,2400 N ASHLAND AVENUE,06/06/2015,12,1165228.073342838,1916032.319169157,41.92519389,-87.668294363,"(41.92519388981048, -87.66829436339881)"
CICERO AND NORTH,2033,4800 W NORTH AVENUE,05/27/2015,2,1144053.733747163,1910243.80567041,41.90973389,-87.746244973,"(41.909733890131285, -87.74624497295898)"
PULASKI AND FOSTER,1104,4000 W FOSTER AVE,06/06/2015,6,1148759.16134887,1934294.249006446,41.975640616,-87.728335469,"(41.975640616231914, -87.72833546926573)"
STONEY ISLAND AND 76TH,2632,7600 S STONY ISLAND A,05/23/2015,12,1188092.796191935,1854889.354158304,41.756897173,-87.586234285,"(41.75689717260223, -87.58623428506996)"
ASHLAND AND FULLERTON,1651,2400 N ASHLAND AVENUE,06/03/2015,11,1165228.073342838,1916032.319169157,41.92519389,-87.668294363,"(41.92519388981048, -87.66829436339881)"
ROOSEVELT AND PULASKI,2314,4000 W ROOSEVELT ROAD,01/29/2017,2,1149885.032049683,1894449.464076882,41.866281003,-87.72523422,"(41.866281002664536, -87.72523421983905)"
CICERO AND HARRISON,2022,600 S CICERO AVENUE,06/06/2015,1,1144444.97442848,1896894.622216872,41.873094833,-87.745143869,"(41.873094832519136, -87.74514386884542)"
ROOSEVELT AND HALSTED,2234,800 W ROOSEVELT ROAD,06/06/2015,13,1171199.282357741,1894968.056393724,41.867263098,-87.646972686,"(41.86726309836901, -87.64697268601648)"
WESTERN AND TOUHY,1251,7200 N WESTERN AVENUE,01/29/2017,2,1158975.66256211,1947754.286963361,42.012371335,-87.690393917,"(42.012371334791766, -87.69039391737863)"
STONEY ISLAND AND 76TH,2632,7600 S STONY ISLAND A,06/03/2015,17,1188092.796191935,1854889.354158304,41.756897173,-87.586234285,"(41.75689717260223, -87.58623428506996)"
IRVING PARK AND KILPATRICK,2763,4700 W IRVING PARK ROA,06/04/2015,9,,,,,
CENTRAL AND DIVERSEY,1644,5600 W DIVERSEY AVENUE,06/06/2015,2,1138539.758528398,1918097.096677271,41.931385977,-87.766310532,"(41.93138597683265, -87.76631053155157)"
CORTLAND AND ASHLAND,1721,1900 N ASHLAND AVE,05/26/2015,11,1165348.084854857,1912736.454335569,41.916147281,-87.667947354,"(41.91614728095272, -87.66794735350443)"
STATE AND 79TH,2654,1 E 79TH STREET,01/29/2017,40,1177680.113652821,1852598.313477786,41.750852096,-87.624463832,"(41.75085209551078, -87.62446383210285)"
CICERO AND PETERSON,1202,6000 N CICERO AVENUE,05/29/2015,8,1143247.733553094,1939479.342905704,41.989973915,-87.748473024,"(41.98997391514614, -87.74847302426933)"
PULASKI AND FOSTER,1102,5200 N PULASKI RD,06/06/2015,6,1148746.251286324,1934286.914361976,41.97562074,-87.728383135,"(41.97562073966174, -87.72838313514907)"
STONEY ISLAND AND 76TH,2632,7600 S STONY ISLAND A,05/22/2015,25,1188092.796191935,1854889.354158304,41.756897173,-87.586234285,"(41.75689717260223, -87.58623428506996)"
CALIFORNIA AND DIVERSEY,1514,2800 W DIVERSEY,05/22/2015,35,1157212.54253358,1918526.674434943,41.932205395,-87.697679244,"(41.93220539506452, -87.6976792438691)"
75TH AND STATE,2624,1 E 75TH STREET,05/23/2015,6,1177601.72646404,1855229.486604181,41.758074111,-87.624671658,"(41.75807411097799, -87.62467165835182)"
KOSTNER AND NORTH,2013,4400 W NORTH,06/06/2015,9,1146738.551618032,1910309.595368032,41.909863573,-87.736380296,"(41.90986357340246, -87.73638029605371)"
119TH AND HALSTED,2402,11900 S HALSTED,05/30/2015,3,1173094.774616191,1825911.054609338,41.677720829,-87.642051845,"(41.67772082924762, -87.64205184498218)"
ASHLAND AND FULLERTON,1652,2400 N ASHLAND AVENUE,06/06/2015,6,1165228.073342838,1916032.319169157,41.92519389,-87.668294363,"(41.92519388981048, -87.66829436339881)"
PULASKI AND DIVERSEY,1542,2800 N PULASKI ROAD,01/29/2017,2,1149200.724531183,1918332.222549679,41.931831026,-87.727126873,"(41.93183102561505, -87.72712687300454)"
HAMLIN AND LAKE,1881,300 N HAMLIN AVENUE,06/06/2015,5,1150970.026856642,1901381.688308858,41.885282636,-87.721069539,"(41.88528263580913, -87.72106953854511)"
HALSTED AND NORTH,1761,1600 N HALSTED STREET,06/06/2015,5,1170678.283433825,1910880.991397547,41.910940644,-87.648419043,"(41.91094064391597, -87.64841904272998)"
WESTERN AND DEVON,1211,6400 N WESTERN AVENUE,06/06/2015,1,1159113.585759434,1942451.622367891,41.997817807,-87.690033035,"(41.997817807026, -87.69003303469276)"
115TH AND HALSTED,2553,800 W 115TH STREET,06/06/2015,5,1173010.735357888,1828632.242070332,41.685190056,-87.642279564,"(41.68519005571938, -87.64227956401977)"
CICERO AND ADDISON,1611,3600 N CICERO AVENUE,06/06/2015,7,1143698.904601495,1923517.005821035,41.946163524,-87.747215169,"(41.94616352362556, -87.74721516897007)"
CICERO AND CHICAGO,1781,800 N CICERO AVENUE,06/06/2015,4,1144169.162482127,1904893.189220372,41.895049038,-87.745955516,"(41.89504903796389, -87.74595551626888)"
CENTRAL AND ADDISON,1682,3600 N CENTRAL AVENUE,06/06/2015,1,1138343.117435682,1923392.067464765,41.945919491,-87.766904594,"(41.945919490555106, -87.76690459426293)"
PERSHING AND WESTERN,2112,3900 S WESTERN BLVD,01/29/2017,6,1161130.992078755,1878746.226354636,41.822963628,-87.684384785,"(41.82296362788048, -87.68438478541296)"
119TH AND HALSTED,2402,11900 S HALSTED,06/04/2015,2,1173094.774616191,1825911.054609338,41.677720829,-87.642051845,"(41.67772082924762, -87.64205184498218)"
KOSTNER AND NORTH,2013,4400 W NORTH,06/04/2015,4,1146738.551618032,1910309.595368032,41.909863573,-87.736380296,"(41.90986357340246, -87.73638029605371)"
IRVING PARK AND KILPATRICK,2764,4700 W IRVING PARK ROA,06/06/2015,1,,,,,
CALIFORNIA AND DIVERSEY,1514,2800 W DIVERSEY,01/29/2017,16,1157212.54253358,1918526.674434943,41.932205395,-87.697679244,"(41.93220539506452, -87.6976792438691)"
BELMONT AND KEDZIE,1371,3200 N KEDZIE AVENUE,06/03/2015,2,1154426.977874407,1921110.466549542,41.93935173,-87.707846594,"(41.93935173030961, -87.70784659359776)"
111TH AND HALSTED,2422,11100 S HALSTED ST,01/29/2017,6,1172923.657689312,1831209.044179248,41.692263123,-87.642522688,"(41.692263123425136, -87.6425226876268)"
CALIFORNIA AND DEVON,1323,2800 W DEVON AVENUE,06/05/2015,3,1156484.528078038,1942377.980662191,41.997669523,-87.699706423,"(41.99766952286052, -87.69970642324591)"
119TH AND HALSTED,2402,11900 S HALSTED,06/06/2015,7,1173094.774616191,1825911.054609338,41.677720829,-87.642051845,"(41.67772082924762, -87.64205184498218)"
STONEY ISLAND AND 79TH,2464,1600 E 79TH ST,06/06/2015,2,1188284.704439907,1852964.829047574,41.751611523,-87.585592284,"(41.75161152327319, -87.58559228428787)"
SACRAMENTO AND LAKE,1822,150 N SACRAMENTO BOUL,06/06/2015,4,1156319.560664766,1900957.489351962,41.884012178,-87.701436479,"(41.88401217771363, -87.7014364786693)"
WESTERN AND CHICAGO,1941,800 N WESTERN AVE,06/06/2015,3,1160220.967978608,1905277.507115921,41.895786955,-87.686990586,"(41.89578695485361, -87.68699058611217)"
COLUMBUS AND ILLINOIS,1951,500 N COLUMBUS DRIVE,06/06/2015,28,1178372.808407292,1903693.06016042,41.891044569,-87.620371839,"(41.891044569124276, -87.620371839074)"
IRVING PARK AND KEDZIE,1354,3200 W IRVING PARK ROAD,06/05/2015,10,1154325.140302006,1926458.463197156,41.954029047,-87.708077494,"(41.95402904691877, -87.70807749383191)"
LASALLE AND KINZIE,1923,140 W KINZIE,06/06/2015,3,1175048.09765242,1903028.894760294,41.889297219,-87.632601648,"(41.88929721947309, -87.63260164817305)"
OGDEN AND KOSTNER,2223,4400 W OGDEN AVENUE,01/29/2017,3,1147406.592439224,1887689.099869462,41.847777523,-87.734505969,"(41.84777752280453, -87.73450596874825)"
CICERO AND DIVERSEY,1694,4800 W DIVERSEY AVENUE,06/06/2015,2,1143869.848167704,1918226.043989398,41.93164142,-87.746719911,"(41.93164142040689, -87.7467199106462)"
CLARK AND FULLERTON,1631,2400 N CLARK ST,06/06/2015,2,1172749.562209477,1916238.997132859,41.925597623,-87.640650973,"(41.925597623023144, -87.64065097309872)"
PULASKI AND IRVING PARK,1574,4000 W IRVING PARK RD,06/06/2015,12,1148988.727877253,1926320.954938409,41.953756874,-87.727698513,"(41.95375687447515, -87.72769851312907)"
ASHLAND AND 95TH,2473,1600 W 95TH STREET,05/23/2015,7,1167323.753394196,1841755.029221382,41.721324412,-87.662724153,"(41.721324411975246, -87.66272415265087)"
CICERO AND ADDISON,1612,3600 N CICERO AVENUE,06/06/2015,3,1143698.904601495,1923517.005821035,41.946163524,-87.747215169,"(41.94616352362556, -87.74721516897007)"
WESTERN AND FOSTER,1072,5200 N WESTERN AVE,06/06/2015,1,1159372.922497116,1934478.313674003,41.975933372,-87.689299589,"(41.97593337199358, -87.6892995891816)"
75TH AND STATE,2621,7500 S STATE STREET,05/19/2015,8,1177538.763040612,1855235.551345519,41.758092176,-87.624902228,"(41.75809217638291, -87.6249022282473)"
BELMONT AND KEDZIE,1373,3200 W BELMONT,01/29/2017,2,1154461.587940363,1921143.091003516,41.939440561,-87.707718516,"(41.93944056117365, -87.70771851630873)"
BROADWAY/SHERIDAN AND DEVON,1123,1200 W DEVON AVE,06/06/2015,6,1167109.644248166,1942688.147952186,41.998298228,-87.660611661,"(41.99829822771884, -87.66061166063517)"
WENTWORTH AND GARFIELD,2264,200 W GARFIELD BLVD,06/01/2015,14,1175889.574397302,1868551.750512227,41.794670385,-87.630547476,"(41.79467038468937, -87.63054747605638)"
IRVING PARK AND CALIFORNIA,1234,2800 W IRVING PARK ROA,06/06/2015,4,,,,,
STONEY ISLAND AND 76TH,2631,7600 S STONY ISLAND A,06/01/2015,16,1188092.796191935,1854889.354158304,41.756897173,-87.586234285,"(41.75689717260223, -87.58623428506996)"
DIVERSEY AND WESTERN,1434,2400 W DIVERSEY AVENUE,05/22/2015,2,1159859.648423836,1918576.255784305,41.932287183,-87.687950093,"(41.93228718299094, -87.6879500934122)"
HALSTED AND MADISON,1871,1 S HALSTED STREET,06/06/2015,12,1171092.392868784,1900234.542088741,41.881717056,-87.647210539,"(41.88171705561901, -87.64721053920604)"
IRVING PARK AND KEDZIE,1353,3200 W IRVING PARK ROAD,05/29/2015,3,1154325.140302006,1926458.463197156,41.954029047,-87.708077494,"(41.95402904691877, -87.70807749383191)"
DIVERSEY AND AUSTIN,1453,6000 W DIVERSEY AVENUE,06/06/2015,1,1135895.736169343,1918029.70673837,41.931248624,-87.776028612,"(41.931248623643455, -87.77602861172493)"
ASHLAND AND 95TH,2473,1600 W 95TH STREET,06/06/2015,4,1167323.753394196,1841755.029221382,41.721324412,-87.662724153,"(41.721324411975246, -87.66272415265087)"
115TH AND HALSTED,2552,11500 S HALSTED STREE,06/06/2015,3,,,,,
PULASKI AND NORTH,1994,4000 W NORTH AVENUE,06/06/2015,5,1149456.2688422,1910376.774019002,41.909995582,-87.726394693,"(41.90999558160536, -87.72639469321471)"
AUSTIN AND IRVING PARK,1161,4000 N AUSTIN AVENUE,06/06/2015,2,1135599.956110927,1926006.862619986,41.953144059,-87.776925284,"(41.95314405904539, -87.77692528423394)"
HOMAN/KIMBALL AND NORTH,1773,3400 W NORTH AVE,06/06/2015,2,1153386.578905125,1910465.87061722,41.910162847,-87.711953868,"(41.91016284680269, -87.71195386769125)"
WESTERN AND NORTH,1853,2400 W NORTH AVE,06/06/2015,4,1160100.839010995,1910612.783367238,41.910429862,-87.687284221,"(41.91042986235867, -87.68728422050837)"
111TH AND HALSTED,2424,800 W 111TH ST,06/06/2015,1,1172945.404219168,1831282.917027882,41.692465363,-87.642440901,"(41.692465363421874, -87.64244090105778)"
HAMLIN AND MADISON,1901,0 N HAMLIN BOULEVARD,06/06/2015,12,,,,,
WESTERN AND MARQUETTE,2672,6700 S WESTERN AVENUE,06/06/2015,3,1161488.747635042,1860134.788366884,41.771884028,-87.683588402,"(41.77188402771193, -87.68358840206334)"
35TH AND WESTERN,2091,3500 S WESTERN,06/06/2015,4,1160894.949857101,1881376.851112895,41.830187255,-87.685177925,"(41.83018725526863, -87.68517792510231)"
AUSTIN AND ADDISON,1491,3600 N AUSTIN AVENUE,06/06/2015,3,1135691.599896458,1923335.967306169,41.945813215,-87.776652162,"(41.9458132146695, -87.77665216156436)"
VAN BUREN AND WESTERN,2052,400 S WESTERN AVENUE,05/26/2015,29,1160431.682297829,1898091.942371589,41.876064776,-87.686415631,"(41.87606477642526, -87.68641563098768)"
PULASKI AND BELMONT,1382,3200 N PULASKI RD,06/06/2015,2,1149125.621478734,1920994.556178086,41.939138154,-87.72733371,"(41.939138153500274, -87.7273337101426)"
STONEY ISLAND AND 76TH,2631,7600 S STONY ISLAND A,05/24/2015,21,1188092.796191935,1854889.354158304,41.756897173,-87.586234285,"(41.75689717260223, -87.58623428506996)"
DAMEN AND FULLERTON,1663,2000 W FULLERTON AVE,05/23/2015,18,1162596.935552891,1915990.579747891,41.925134944,-87.677963546,"(41.92513494374925, -87.67796354553815)"
WESTERN AND ADDISON,1562,3600 N WESTERN AVENUE,06/06/2015,11,1159695.573342728,1923871.086283556,41.94681992,-87.688406662,"(41.94681991986288, -87.68840666206194)"
PULASKI AND DIVERSEY,1542,2800 N PULASKI ROAD,06/06/2015,3,1149200.724531183,1918332.222549679,41.931831026,-87.727126873,"(41.93183102561505, -87.72712687300454)"
DAMEN AND DIVERSEY,1464,2000 W DIVERSEY PARKWAY,06/06/2015,1,1162519.714934025,1918635.417634925,41.932394164,-87.678173031,"(41.93239416403691, -87.67817303087757)"
KEDZIE AND ARMITAGE,1834,3200 W ARMITAGE AVENUE,06/06/2015,2,1154700.851347995,1913153.252187904,41.917511023,-87.707053639,"(41.91751102291878, -87.7070536388797)"
WENTWORTH AND GARFIELD,2264,200 W GARFIELD BLVD,05/20/2015,10,1175889.574397302,1868551.750512227,41.794670385,-87.630547476,"(41.79467038468937, -87.63054747605638)"
ARCHER AND CICERO,2081,5200 S CICERO AVE,06/06/2015,33,1145195.931989777,1869737.708306623,41.798558278,-87.743071866,"(41.798558278193305, -87.74307186616427)"
4700 WESTERN,2141,4700 S WESTERN AVENUE,06/06/2015,5,1161120.438879703,1873431.066474726,41.808378408,-87.684570717,"(41.808378407946726, -87.68457071689552)"
MONTROSE AND WESTERN,1221,4400 N WESTERN AVENUE,06/05/2015,10,1159539.733234718,1929183.918095502,41.961401846,-87.688832623,"(41.961401846278505, -87.6888326227788)"
ELSTON AND LAWRENCE,1282,4800 N ELSTON AVENUE,05/28/2015,2,1145529.344259918,1931501.601268983,41.968039361,-87.740283894,"(41.96803936143674, -87.74028389448999)"
STATE AND 79TH,2654,1 E 79TH STREET,06/06/2015,35,1177680.113652821,1852598.313477786,41.750852096,-87.624463832,"(41.75085209551078, -87.62446383210285)"
BELMONT AND KEDZIE,1372,3200 N KEDZIE AVE,05/31/2015,13,1154426.977874407,1921110.466549542,41.93935173,-87.707846594,"(41.93935173030961, -87.70784659359776)"
BROADWAY/SHERIDAN AND DEVON,1122,6400 N SHERIDAN ROAD,01/29/2017,6,1167087.151194129,1942658.704988689,41.998217921,-87.660695256,"(41.99821792053241, -87.6606952555721)"
SACRAMENTO AND CHICAGO,1814,3000 W CHICAGO AVENUE,06/06/2015,2,1156075.266375505,1905216.604770718,41.895704525,-87.702218524,"(41.895704524946225, -87.70221852353758)"
STONEY ISLAND AND 76TH,2631,7600 S STONY ISLAND A,06/04/2015,21,1188092.796191935,1854889.354158304,41.756897173,-87.586234285,"(41.75689717260223, -87.58623428506996)"
CORTLAND AND ASHLAND,1723,1600 W CORTLAND ST,06/06/2015,5,1165377.660768235,1912768.773647285,41.916235337,-87.667837772,"(41.91623533746878, -87.66783777212962)"
WENTWORTH AND GARFIELD,2261,5500 S WENTWORTH AVEN,05/21/2015,3,,,,,
WESTERN AND NORTH,1851,1600 N WESTERN AVE,01/29/2017,7,1160077.474351131,1910605.013316134,41.910409024,-87.687370268,"(41.91040902362901, -87.687370268401)"
HALSTED AND 103RD,2593,800 W 103RD STREET,06/06/2015,2,1172778.570616036,1836587.755252818,41.70702632,-87.642896007,"(41.707026319812215, -87.64289600741817)"
PULASKI AND ARCHER,2153,5000 S ARCHER AVE,06/02/2015,5,1150501.818909837,1871162.311703322,41.802365973,-87.723576766,"(41.80236597333895, -87.72357676611004)"
WENTWORTH AND GARFIELD,2261,5500 S WENTWORTH AVEN,06/06/2015,30,,,,,
PULASKI AND LAWRENCE,1173,4000 W LAWRENCE AVENUE,06/06/2015,2,1148844.220085601,1931638.45430438,41.968351285,-87.728091672,"(41.96835128527914, -87.72809167198088)"
KOSTNER AND NORTH,2012,4400 W GRAND AVE,06/06/2015,4,1146773.519128439,1910425.663958581,41.91018141,-87.73624887,"(41.910181409597406, -87.73624887040725)"
BROADWAY/SHERIDAN AND DEVON,1122,6400 N SHERIDAN ROAD,06/06/2015,12,1167087.151194129,1942658.704988689,41.998217921,-87.660695256,"(41.99821792053241, -87.6606952555721)"
IRVING PARK AND KEDZIE,1353,3200 W IRVING PARK ROAD,06/06/2015,8,1154325.140302006,1926458.463197156,41.954029047,-87.708077494,"(41.95402904691877, -87.70807749383191)"
FULLERTON AND NARRAGANSETT,1554,6400 W FULLERTON AVENU,06/06/2015,6,1133317.594499059,1915293.661305931,41.923786189,-87.785567206,"(41.92378618871128, -87.78556720562165)"
STONEY ISLAND AND 76TH,2632,7600 S STONY ISLAND A,05/28/2015,14,1188092.796191935,1854889.354158304,41.756897173,-87.586234285,"(41.75689717260223, -87.58623428506996)"
CICERO AND FULLERTON,1472,2400 N CICERO AVE,06/02/2015,5,1143961.592189569,1915545.343094087,41.92428359,-87.74645019,"(41.92428358982701, -87.74645019028947)"
KIMBALL AND DIVERSEY,1583,3400 W DIVERSEY AVENUE,05/22/2015,3,1153211.149172713,1918454.477800566,41.932087747,-87.71238583,"(41.932087747378944, -87.71238582951281)"
ELSTON AND IRVING PARK,1503,3700 W IRVING PARK ROA,01/29/2017,5,,,,,
CICERO AND FULLERTON,1472,2400 N CICERO AVE,01/29/2017,7,1143961.592189569,1915545.343094087,41.92428359,-87.74645019,"(41.92428358982701, -87.74645019028947)"
DIVERSEY AND AUSTIN,1454,6000 W DIVERSEY AVENUE,06/06/2015,5,1135895.736169343,1918029.70673837,41.931248624,-87.776028612,"(41.931248623643455, -87.77602861172493)"
ELSTON AND LAWRENCE,1284,4440 W LAWRENCE AVENUE,06/06/2015,3,1145715.061027481,1931571.0474838,41.968226398,-87.739599251,"(41.96822639754791, -87.73959925065756)"
PULASKI AND ARCHER,2153,5000 S ARCHER AVE,05/21/2015,4,1150501.818909837,1871162.311703322,41.802365973,-87.723576766,"(41.80236597333895, -87.72357676611004)"
CHICAGO AND CLARK,1963,100 W CHICAGO AVENUE,06/06/2015,10,1175374.528739575,1905745.47783364,41.896744347,-87.631321248,"(41.896744346875806, -87.63132124815151)"
CERMAK AND PULASKI,2332,2200 S PULASKI,06/06/2015,7,1150012.876838243,1889071.75851865,41.851521442,-87.724904787,"(41.85152144233116, -87.7249047867499)"
PULASKI AND IRVING PARK,1572,4000 N PULASKI ROAD,06/06/2015,4,1148970.255325552,1926313.600468643,41.953737051,-87.727766612,"(41.95373705144353, -87.72776661179896)"
CICERO AND NORTH,2033,4800 W NORTH AVENUE,05/19/2015,6,1144053.733747163,1910243.80567041,41.90973389,-87.746244973,"(41.909733890131285, -87.74624497295898)"
ROOSEVELT AND PULASKI,2314,4000 W ROOSEVELT ROAD,05/20/2015,13,1149885.032049683,1894449.464076882,41.866281003,-87.72523422,"(41.866281002664536, -87.72523421983905)"
HOLLYWOOD AND SHERIDAN,1343,1000 W HOLLYWOOD AVE,05/30/2015,7,1168580.228926466,1938090.295189338,41.985649799,-87.655335807,"(41.98564979859328, -87.65533580655139)"
ASHLAND AND IRVING PARK,1153,1600 W IRVING PARK ROA,06/06/2015,3,,,,,
KEDZIE AND 31ST,2134,3200 W 31ST STREET,06/06/2015,5,1155487.128005646,1883943.061106793,41.8373395,-87.704950558,"(41.83733950029648, -87.70495055800411)"
HALSTED AND 95TH,2582,9500 S HALSTED STREET,06/06/2015,2,1172610.538363645,1841811.61926207,41.721365061,-87.643358042,"(41.72136506078306, -87.64335804234075)"
FOSTER AND NAGLE,1031,5200 N NAGLE,01/29/2017,5,1132529.656558223,1934201.702060651,41.97568567,-87.788020406,"(41.97568566971868, -87.78802040620296)"
CENTRAL AND LAKE,1743,5600 W LAKE STREET,06/06/2015,1,1138951.495695032,1902230.510465733,41.887838735,-87.765183663,"(41.887838735330206, -87.76518366338465)"
MILWAUKEE AND DEVON,1272,6400 N MILWAUKEE AVEN,01/29/2017,2,1132463.750397878,1942107.911507627,41.997382173,-87.788077674,"(41.99738217345368, -87.78807767391953)"
CICERO AND FULLERTON,1474,4800 W FULLERTON AVE,06/06/2015,3,1143967.570794243,1915568.504954477,41.924347036,-87.74642764,"(41.924347036010694, -87.74642763965628)"
WESTERN AND ADDISON,1563,2400 W ADDISON,06/06/2015,2,1159719.041544334,1923878.577275797,41.946839991,-87.688320193,"(41.9468399910054, -87.68832019252964)"
WESTERN AND TOUHY,1251,7200 N WESTERN AVENUE,06/06/2015,5,1158975.66256211,1947754.286963361,42.012371335,-87.690393917,"(42.012371334791766, -87.69039391737863)"
MILWAUKEE AND DEVON,1274,6400 W DEVON AVENUE,06/06/2015,8,1132590.619798275,1942138.532048656,41.997463981,-87.787610243,"(41.99746398102873, -87.78761024341388)"
PULASKI AND ARCHER,2153,5000 S ARCHER AVE,01/29/2017,2,1150501.818909837,1871162.311703322,41.802365973,-87.723576766,"(41.80236597333895, -87.72357676611004)"
CALIFORNIA AND DEVON,1323,2800 W DEVON AVENUE,06/06/2015,4,1156484.528078038,1942377.980662191,41.997669523,-87.699706423,"(41.99766952286052, -87.69970642324591)"
ASHLAND AND FULLERTON,1652,2400 N ASHLAND AVENUE,05/24/2015,7,1165228.073342838,1916032.319169157,41.92519389,-87.668294363,"(41.92519388981048, -87.66829436339881)"
55TH and PULASKI,2244,4000 W 55TH ST,06/06/2015,4,1150621.676903861,1867864.274865394,41.793313334,-87.723223038,"(41.79331333358753, -87.72322303812588)"
BELMONT AND KEDZIE,1372,3200 N KEDZIE AVE,05/20/2015,10,1154426.977874407,1921110.466549542,41.93935173,-87.707846594,"(41.93935173030961, -87.70784659359776)"
WENTWORTH AND GARFIELD,2264,200 W GARFIELD BLVD,01/29/2017,4,1175889.574397302,1868551.750512227,41.794670385,-87.630547476,"(41.79467038468937, -87.63054747605638)"
CLARK AND IRVING PARK,1093,1300 W IRVING PARK ROAD,01/29/2017,2,1166777.545456989,1926719.73687357,41.954487567,-87.662293496,"(41.95448756687966, -87.66229349585691)"
75TH AND STATE,2621,7500 S STATE STREET,06/06/2015,6,1177538.763040612,1855235.551345519,41.758092176,-87.624902228,"(41.75809217638291, -87.6249022282473)"
JEFFERY AND 95TH,2522,9500 S JEFFERY AVE,06/06/2015,9,1191132.420601301,1842335.735988875,41.722375907,-87.575499903,"(41.72237590704101, -87.57549990332795)"
ELSTON AND ADDISON,1402,3600 N ELSTON AVE,06/06/2015,1,1154106.95251778,1923731.036211081,41.946549165,-87.708952626,"(41.94654916480637, -87.70895262603513)"
63RD AND STATE,2712,6300 S STATE ST,06/05/2015,6,1177303.801895084,1863220.216755923,41.780008277,-87.625522512,"(41.78000827740796, -87.6255225119157)"
WENTWORTH AND GARFIELD,2261,5500 S WENTWORTH AVEN,05/24/2015,21,,,,,
CORTLAND AND ASHLAND,1721,1900 N ASHLAND AVE,06/06/2015,21,1165348.084854857,1912736.454335569,41.916147281,-87.667947354,"(41.91614728095272, -87.66794735350443)"
BELMONT AND KEDZIE,1373,3200 W BELMONT,06/06/2015,6,1154461.587940363,1921143.091003516,41.939440561,-87.707718516,"(41.93944056117365, -87.70771851630873)"
CICERO AND PETERSON,1202,6000 N CICERO AVENUE,06/06/2015,5,1143247.733553094,1939479.342905704,41.989973915,-87.748473024,"(41.98997391514614, -87.74847302426933)"
IRVING PARK AND LARAMIE,1533,5200 W IRVING PARK ROA,06/06/2015,2,,,,,
LAFAYETTE AND 87TH,2502,8700 S LAFAYETTE AVEN,05/31/2015,16,1177417.493180297,1847243.988223464,41.73616511,-87.625587569,"(41.73616511008592, -87.62558756899932)"
PULASKI AND IRVING PARK,1572,4000 N PULASKI ROAD,05/31/2015,5,1148970.255325552,1926313.600468643,41.953737051,-87.727766612,"(41.95373705144353, -87.72776661179896)"
LAKE SHORE DR AND BELMONT,1413,400 W BELMONT AVE,06/06/2015,73,1172981.744869382,1921577.376128802,41.940241193,-87.639639114,"(41.94024119325571, -87.63963911427594)"
ASHLAND AND IRVING PARK,1153,1600 W IRVING PARK ROA,01/29/2017,2,,,,,
WESTERN AND 63RD,2373,2400 W 63RD ST,06/06/2015,2,1161444.415758584,1862848.534703658,41.779331844,-87.683675761,"(41.77933184429814, -87.68367576084798)"
MONTROSE AND WESTERN,1221,4400 N WESTERN AVENUE,05/24/2015,12,1159539.733234718,1929183.918095502,41.961401846,-87.688832623,"(41.961401846278505, -87.6888326227788)"
HALSTED AND 103RD,2592,10300 S HALSTED STREE,06/06/2015,6,,,,,
STONEY ISLAND AND 76TH,2631,7600 S STONY ISLAND A,05/23/2015,19,1188092.796191935,1854889.354158304,41.756897173,-87.586234285,"(41.75689717260223, -87.58623428506996)"
HAMLIN AND MADISON,1903,3800 W MADISON STREET,06/04/2015,8,1151032.709141294,1899784.033986533,41.880897273,-87.720881226,"(41.880897273491264, -87.72088122613924)"
WENTWORTH AND GARFIELD,2261,5500 S WENTWORTH AVEN,05/26/2015,29,,,,,
KEDZIE AND 26TH,2382,2600 S KEDZIE AVENUE,06/06/2015,3,1155404.235510285,1886524.460033054,41.844424831,-87.705185452,"(41.84442483084393, -87.70518545233183)"
CLARK AND IRVING PARK,1091,4000 N CLARK STREET,06/06/2015,1,1166736.149822904,1926699.323624709,41.954432441,-87.662446259,"(41.95443244141688, -87.66244625914061)"
HALSTED AND DIVISION,1714,800 W DIVISION,05/27/2015,4,1170767.827960358,1908259.644151662,41.903745557,-87.648167011,"(41.90374555734733, -87.64816701062779)"
JEFFERY AND 95TH,2522,9500 S JEFFERY AVE,01/29/2017,1,1191132.420601301,1842335.735988875,41.722375907,-87.575499903,"(41.72237590704101, -87.57549990332795)"
75TH AND STATE,2624,1 E 75TH STREET,06/06/2015,9,1177601.72646404,1855229.486604181,41.758074111,-87.624671658,"(41.75807411097799, -87.62467165835182)"
FULLERTON AND NARRAGANSETT,1553,6400 W FULLERTON AVENU,06/06/2015,7,1133317.594499059,1915293.661305931,41.923786189,-87.785567206,"(41.92378618871128, -87.78556720562165)"
63RD AND STATE,2712,6300 S STATE ST,06/06/2015,1,1177303.801895084,1863220.216755923,41.780008277,-87.625522512,"(41.78000827740796, -87.6255225119157)"
BELMONT AND KEDZIE,1371,3200 N KEDZIE AVENUE,05/29/2015,3,1154426.977874407,1921110.466549542,41.93935173,-87.707846594,"(41.93935173030961, -87.70784659359776)"
DIVISION AND DAMEN,1734,2000 W DIVISION,06/05/2015,7,1162815.710860194,1908034.672555531,41.903298793,-87.677383247,"(41.903298792681944, -87.67738324739636)"
ASHLAND AND LAWRENCE,1143,1600 W LAWRENCE AVENUE,06/06/2015,4,1164771.946929007,1931988.254061312,41.968987457,-87.669516307,"(41.96898745654617, -87.66951630654926)"
STONEY ISLAND AND 76TH,2631,7600 S STONY ISLAND A,06/06/2015,14,1188092.796191935,1854889.354158304,41.756897173,-87.586234285,"(41.75689717260223, -87.58623428506996)"
WESTERN AND FOSTER,1074,2400 W FOSTER AVE,06/06/2015,5,1159379.402846887,1934502.712486132,41.97600019,-87.689275084,"(41.97600018976586, -87.68927508385399)"
ROOSEVELT AND PULASKI,2311,1200 S PULASKI ROAD,06/06/2015,7,1149866.002247864,1894375.839200384,41.866079337,-87.725305995,"(41.86607933722178, -87.7253059948758)"
IRVING PARK AND CALIFORNIA,1233,2800 W IRVING PARK ROA,06/06/2015,1,,,,,
WENTWORTH AND GARFIELD,2264,200 W GARFIELD BLVD,05/26/2015,17,1175889.574397302,1868551.750512227,41.794670385,-87.630547476,"(41.79467038468937, -87.63054747605638)"
31ST ST AND MARTIN LUTHER KING DRIVE,2123,400 E 31ST STREET,06/06/2015,6,1179437.985396417,1884565.84226022,41.838534018,-87.617046113,"(41.838534018118914, -87.61704611345726)"
CICERO AND 47TH,2204,4800 W 47TH ST,06/06/2015,12,1145130.048925744,1873078.44198302,41.807727017,-87.743229366,"(41.80772701677172, -87.74322936566276)"
PULASKI AND ARCHER,2153,5000 S ARCHER AVE,05/19/2015,3,1150501.818909837,1871162.311703322,41.802365973,-87.723576766,"(41.80236597333895, -87.72357676611004)"
99TH AND HALSTED,2431,9900 S HALSTED ST,06/06/2015,10,1172689.754200318,1839171.652197216,41.714118868,-87.643145408,"(41.714118868089905, -87.64314540818165)"
ASHLAND AND MADISON,1911,0 N ASHLAND AVE,06/06/2015,1,,,,,
LARAMIE AND MADISON,2044,5200 W MADISON STREET,01/29/2017,9,1141706.965522802,1899567.55684314,41.880480752,-87.755130433,"(41.88048075170171, -87.75513043296509)"
WENTWORTH AND GARFIELD,2261,5500 S WENTWORTH AVEN,05/27/2015,21,,,,,
IRVING PARK AND NARRAGANSETT,1023,6400 W IRVING PK,06/06/2015,1,1132945.939118726,1925946.304925137,41.953024751,-87.786683238,"(41.95302475075328, -87.78668323766634)"
CORTLAND AND ASHLAND,1721,1900 N ASHLAND AVE,06/05/2015,21,1165348.084854857,1912736.454335569,41.916147281,-87.667947354,"(41.91614728095272, -87.66794735350443)"
JEFFERY AND 95TH,2523,2000 E 95TH ST,06/06/2015,1,1191188.381103057,1842410.411853539,41.722579473,-87.575292523,"(41.722579473126416, -87.57529252250366)"
PULASKI AND NORTH,1992,1600 N PULASKI AVENUE,06/06/2015,3,1149432.959240306,1910369.112502195,41.90997501,-87.726480523,"(41.909975010236906, -87.72648052306623)"
MILWAUKEE AND MONTROSE,1362,4400 N MILWAUKEE AVEN,01/29/2017,2,1141643.943268783,1928770.256316239,41.96061723,-87.75463824,"(41.9606172296957, -87.75463824007085)"
ELSTON AND IRVING PARK,1503,3700 W IRVING PARK ROA,06/06/2015,4,,,,,
OGDEN AND KOSTNER,2222,2348 S KOSTNER AVENUE,06/03/2015,4,1147394.548182079,1887795.177782082,41.848068845,-87.734547457,"(41.8480688449598, -87.73454745748458)"
ASHLAND AND 87TH,2452,8700 S ASHLAND AVE,06/06/2015,2,1167150.470087748,1846991.212339794,41.735696989,-87.663209544,"(41.73569698863625, -87.66320954445679)"
HAMLIN AND LAKE,1882,300 N HAMLIN AVENUE,06/06/2015,1,1150970.026856642,1901381.688308858,41.885282636,-87.721069539,"(41.88528263580913, -87.72106953854511)"
LASALLE AND KINZIE,1923,140 W KINZIE,01/29/2017,1,1175048.09765242,1903028.894760294,41.889297219,-87.632601648,"(41.88929721947309, -87.63260164817305)"
WESTERN AND FOSTER,1072,5200 N WESTERN AVE,01/29/2017,3,1159372.922497116,1934478.313674003,41.975933372,-87.689299589,"(41.97593337199358, -87.6892995891816)"
WESTERN AND TOUHY,1251,7200 N WESTERN AVENUE,05/24/2015,6,1158975.66256211,1947754.286963361,42.012371335,-87.690393917,"(42.012371334791766, -87.69039391737863)"
BROADWAY/SHERIDAN AND DEVON,1122,6400 N SHERIDAN ROAD,05/29/2015,16,1167087.151194129,1942658.704988689,41.998217921,-87.660695256,"(41.99821792053241, -87.6606952555721)"
63RD AND STATE,2714,1 E 63RD ST,06/06/2015,13,1177367.518733101,1863199.17768559,41.779949105,-87.625289553,"(41.779949104569106, -87.62528955333775)"
FOSTER AND BROADWAY,1111,5200 N BROADWAY ST,06/06/2015,4,1167334.508577915,1934714.008346532,41.976412143,-87.660015082,"(41.97641214294823, -87.66001508205365)"
DAMEN AND 63RD,2701,6300 S DAMEN AVENUE,06/06/2015,3,1164069.407943298,1862830.277442834,41.779226921,-87.674052731,"(41.77922692069256, -87.67405273137854)"
DIVERSEY AND AUSTIN,1453,6000 W DIVERSEY AVENUE,05/19/2015,3,1135895.736169343,1918029.70673837,41.931248624,-87.776028612,"(41.931248623643455, -87.77602861172493)"
CENTRAL AND DIVERSEY,1642,2800 N CENTRAL AVENUE,06/06/2015,3,1138516.407377375,1918089.499227987,41.931365552,-87.766396529,"(41.93136555236339, -87.76639652879172)"
ASHLAND AND DIVISION,1791,1200 N ASHLAND AVENUE,05/31/2015,7,1165466.997046718,1908083.767015974,41.903377468,-87.667643142,"(41.903377467566784, -87.66764314227497)"
111TH AND HALSTED,2422,11100 S HALSTED ST,05/28/2015,6,1172923.657689312,1831209.044179248,41.692263123,-87.642522688,"(41.692263123425136, -87.6425226876268)"
CICERO AND PETERSON,1202,6000 N CICERO AVENUE,01/29/2017,2,1143247.733553094,1939479.342905704,41.989973915,-87.748473024,"(41.98997391514614, -87.74847302426933)"
COLUMBUS AND ILLINOIS,1952,500 N COLUMBUS DRIVE,06/06/2015,23,1178372.808407292,1903693.06016042,41.891044569,-87.620371839,"(41.891044569124276, -87.620371839074)"
MONTROSE AND WESTERN,1224,2400 W MONTROSE AVENUE,06/06/2015,1,1159562.971802959,1929191.337701253,41.961421726,-87.68874698,"(41.961421726406314, -87.68874697983858)"
VAN BUREN AND WESTERN,2052,400 S WESTERN AVENUE,06/06/2015,49,1160431.682297829,1898091.942371589,41.876064776,-87.686415631,"(41.87606477642526, -87.68641563098768)"
55TH AND WESTERN,2213,2400 W 55TH STREET,06/06/2015,1,1161277.012730599,1868185.749490228,41.793981347,-87.684141741,"(41.7939813465735, -87.68414174128355)"
STONY ISLAND/CORNELL AND 67TH,2731,6700 S CORNELL DRIVE,06/06/2015,12,1188316.454860734,1860851.137456735,41.77325149,-87.5852246,"(41.77325148959568, -87.58522459967712)"
KEDZIE AND 71ST,2352,7100 S KEDZIE AVENUE,06/06/2015,5,1156225.540366296,1857330.103443232,41.764295037,-87.702957162,"(41.764295036756856, -87.70295716211793)"
CENTRAL AND CHICAGO,1972,800 N CENTRAL AVENUE,06/06/2015,3,1138836.562608552,1904801.732832435,41.894896579,-87.765543258,"(41.89489657939746, -87.76554325845893)"
ASHLAND AND MADISON,1914,1600 W MADISON,06/06/2015,5,1165723.014733182,1900136.515489506,41.881564167,-87.666929463,"(41.8815641670199, -87.66692946294842)"
PETERSON AND WESTERN,1014,2400 W PETERSON,06/06/2015,10,1159214.211316277,1939825.301874586,41.99060901,-87.689735481,"(41.990609009807294, -87.68973548092968)"
CICERO AND NORTH,2033,4800 W NORTH AVENUE,01/29/2017,3,1144053.733747163,1910243.80567041,41.90973389,-87.746244973,"(41.909733890131285, -87.74624497295898)"
CICERO AND HARRISON,2022,600 S CICERO AVENUE,05/30/2015,3,1144444.97442848,1896894.622216872,41.873094833,-87.745143869,"(41.873094832519136, -87.74514386884542)"
55TH AND KEDZIE,2163,3200 W 55TH STREET,06/06/2015,3,1155966.956993183,1868015.593764152,41.793622803,-87.703618141,"(41.79362280329978, -87.70361814062049)"
CENTRAL AND LAKE,1742,400 N CENTRAL AVENUE,06/06/2015,6,1138928.478257537,1902217.926149854,41.887804621,-87.765268498,"(41.88780462053497, -87.76526849810371)"
DAMEN AND 63RD,2702,6300 S DAMEN AVENUE,06/06/2015,3,1164069.407943298,1862830.277442834,41.779226921,-87.674052731,"(41.77922692069256, -87.67405273137854)"
IRVING PARK AND LARAMIE,1534,5200 W IRVING PARK ROA,06/06/2015,6,,,,,
LAKE SHORE DR AND BELMONT,1412,3200 N LAKESHORE DRIV,06/06/2015,7,1173053.220555078,1921821.380831705,41.940909163,-87.63936916,"(41.94090916326764, -87.63936915995522)"
ELSTON AND LAWRENCE,1284,4440 W LAWRENCE AVENUE,01/29/2017,5,1145715.061027481,1931571.0474838,41.968226398,-87.739599251,"(41.96822639754791, -87.73959925065756)"
CLARK AND IRVING PARK,1093,1300 W IRVING PARK ROAD,06/06/2015,7,1166777.545456989,1926719.73687357,41.954487567,-87.662293496,"(41.95448756687966, -87.66229349585691)"
HOLLYWOOD AND SHERIDAN,1344,1000 W HOLLYWOOD AVE,06/06/2015,26,1168580.228926466,1938090.295189338,41.985649799,-87.655335807,"(41.98564979859328, -87.65533580655139)"
55TH AND WESTERN,2212,5500 S WESTERN AVE,06/06/2015,7,1161269.521335262,1867963.111601251,41.793370554,-87.684175377,"(41.79337055433029, -87.6841753767592)"
LARAMIE AND MADISON,2043,5200 W MADISON STREET,06/06/2015,1,1141706.965522802,1899567.55684314,41.880480752,-87.755130433,"(41.88048075170171, -87.75513043296509)"
ROOSEVELT AND HALSTED,2233,800 W ROOSEVELT ROAD,06/06/2015,5,1171199.282357741,1894968.056393724,41.867263098,-87.646972686,"(41.86726309836901, -87.64697268601648)"
LAFAYETTE AND 87TH,2503,30 W 87TH STREET,06/01/2015,22,1177407.651800237,1847320.772058312,41.736376037,-87.625621311,"(41.736376036604916, -87.62562131092602)"
OGDEN AND KOSTNER,2223,4400 W OGDEN AVENUE,06/06/2015,10,1147406.592439224,1887689.099869462,41.847777523,-87.734505969,"(41.84777752280453, -87.73450596874825)"
HOLLYWOOD AND SHERIDAN,1343,1000 W HOLLYWOOD AVE,06/06/2015,6,1168580.228926466,1938090.295189338,41.985649799,-87.655335807,"(41.98564979859328, -87.65533580655139)"
HALSTED AND DIVISION,1714,800 W DIVISION,06/06/2015,5,1170767.827960358,1908259.644151662,41.903745557,-87.648167011,"(41.90374555734733, -87.64816701062779)"
HALSTED AND FULLERTON,1701,2400 N HALSTED STREET,06/06/2015,4,1170501.602639925,1916200.061550148,41.925540315,-87.648912156,"(41.925540315431995, -87.64891215551155)"
55TH and PULASKI,2244,4000 W 55TH ST,05/22/2015,1,1150621.676903861,1867864.274865394,41.793313334,-87.723223038,"(41.79331333358753, -87.72322303812588)"
CORTLAND AND ASHLAND,1721,1900 N ASHLAND AVE,05/25/2015,12,1165348.084854857,1912736.454335569,41.916147281,-87.667947354,"(41.91614728095272, -87.66794735350443)"
COLUMBUS AND ILLINOIS,1952,500 N COLUMBUS DRIVE,05/22/2015,22,1178372.808407292,1903693.06016042,41.891044569,-87.620371839,"(41.891044569124276, -87.620371839074)"
111TH AND HALSTED,2422,11100 S HALSTED ST,06/06/2015,9,1172923.657689312,1831209.044179248,41.692263123,-87.642522688,"(41.692263123425136, -87.6425226876268)"
COLUMBUS AND ILLINOIS,1951,500 N COLUMBUS DRIVE,05/20/2015,25,1178372.808407292,1903693.06016042,41.891044569,-87.620371839,"(41.891044569124276, -87.620371839074)"
CENTRAL AND BELMONT,1602,3200 N CENTRAL AVENUE,06/06/2015,1,1138430.432324593,1920731.654410336,41.938617463,-87.766648297,"(41.938617463272884, -87.76664829683827)"
PULASKI AND PETERSON,1262,6000 N PULASKI ROAD,06/06/2015,2,1148598.016685695,1939584.645960177,41.990160923,-87.728790748,"(41.99016092280557, -87.72879074759867)"
PULASKI AND ARCHER,2153,5000 S ARCHER AVE,06/06/2015,2,1150501.818909837,1871162.311703322,41.802365973,-87.723576766,"(41.80236597333895, -87.72357676611004)"
OGDEN AND KOSTNER,2223,4400 W OGDEN AVENUE,06/03/2015,9,1147406.592439224,1887689.099869462,41.847777523,-87.734505969,"(41.84777752280453, -87.73450596874825)"
CHICAGO AND CLARK,1963,100 W CHICAGO AVENUE,05/29/2015,13,1175374.528739575,1905745.47783364,41.896744347,-87.631321248,"(41.896744346875806, -87.63132124815151)"
ASHLAND AND IRVING PARK,1151,4000 N ASHLAND AVENUE,06/06/2015,3,1164899.463802581,1926665.661118925,41.954379326,-87.66919912,"(41.954379326212695, -87.66919911980419)"
MILWAUKEE AND MONTROSE,1362,4400 N MILWAUKEE AVEN,06/06/2015,3,1141643.943268783,1928770.256316239,41.96061723,-87.75463824,"(41.9606172296957, -87.75463824007085)"
WESTERN AND FULLERTON,1671,2400 N WESTERN AVENUE,06/06/2015,7,1159923.309342995,1915897.778561358,41.924935944,-87.687790255,"(41.92493594409127, -87.68779025471278)"
PETERSON AND WESTERN,1014,2400 W PETERSON,06/05/2015,3,1159214.211316277,1939825.301874586,41.99060901,-87.689735481,"(41.990609009807294, -87.68973548092968)"
WENTWORTH AND GARFIELD,2264,200 W GARFIELD BLVD,06/04/2015,9,1175889.574397302,1868551.750512227,41.794670385,-87.630547476,"(41.79467038468937, -87.63054747605638)"
LAKE SHORE DR AND BELMONT,1413,400 W BELMONT AVE,05/30/2015,75,1172981.744869382,1921577.376128802,41.940241193,-87.639639114,"(41.94024119325571, -87.63963911427594)"
CLARK AND IRVING PARK,1093,1300 W IRVING PARK ROAD,05/27/2015,4,1166777.545456989,1926719.73687357,41.954487567,-87.662293496,"(41.95448756687966, -87.66229349585691)"
CLARK AND FULLERTON,1632,2400 N CLARK ST,06/06/2015,2,1172749.562209477,1916238.997132859,41.925597623,-87.640650973,"(41.925597623023144, -87.64065097309872)"
STONEY ISLAND AND 76TH,2631,7600 S STONY ISLAND A,05/28/2015,30,1188092.796191935,1854889.354158304,41.756897173,-87.586234285,"(41.75689717260223, -87.58623428506996)"
PULASKI AND ARMITAGE,1843,4000 W ARMITAGE AVENUE,06/06/2015,6,1149375.428872108,1913028.984273181,41.917275069,-87.726622746,"(41.91727506940875, -87.72662274644799)"
79TH AND HALSTED,2541,7900 S HALSTED STREET,06/05/2015,3,1172298.707400847,1852444.344822186,41.750549559,-87.644188368,"(41.750549559438944, -87.64418836784098)"
LAFAYETTE AND 87TH,2503,30 W 87TH STREET,05/29/2015,16,1177407.651800237,1847320.772058312,41.736376037,-87.625621311,"(41.736376036604916, -87.62562131092602)"
ELSTON AND ADDISON,1403,3216 W ADDISON ST,06/06/2015,9,1154199.729816868,1923799.345386665,41.946734755,-87.708609774,"(41.946734754927796, -87.7086097735515)"
WENTWORTH AND GARFIELD,2264,200 W GARFIELD BLVD,04/19/2017,5,1175889.574397302,1868551.750512227,41.794670385,-87.630547476,"(41.79467038468937, -87.63054747605638)"
PULASKI AND PETERSON,1263,4000 W PETERSON AVENUE,06/06/2015,21,1148618.560490339,1939615.133928395,41.990244186,-87.728714391,"(41.99024418564742, -87.7287143910091)"
CALIFORNIA AND DIVERSEY,1514,2800 W DIVERSEY,05/23/2015,25,1157212.54253358,1918526.674434943,41.932205395,-87.697679244,"(41.93220539506452, -87.6976792438691)"
KEDZIE AND 31ST,2132,3100 S KEDZIE AVENUE,06/06/2015,5,1155483.167539854,1883867.660503274,41.837132671,-87.704967115,"(41.837132671422296, -87.70496711478727)"
PERSHING AND WESTERN,2112,3900 S WESTERN BLVD,06/06/2015,5,1161130.992078755,1878746.226354636,41.822963628,-87.684384785,"(41.82296362788048, -87.68438478541296)"
HALSTED AND NORTH,1764,800 W NORTH AVENUE,05/20/2015,11,1170700.68422007,1910913.190749698,41.91102851,-87.648335806,"(41.91102850981186, -87.64833580602037)"
AUSTIN AND IRVING PARK,1161,4000 N AUSTIN AVENUE,05/19/2015,3,1135599.956110927,1926006.862619986,41.953144059,-87.776925284,"(41.95314405904539, -87.77692528423394)"
71ST AND ASHLAND,2394,1600 W 71ST,06/06/2015,4,1166890.012333149,1857674.2502247,41.765018306,-87.66385923,"(41.76501830555763, -87.66385923012646)"
HOMAN/KIMBALL AND NORTH,1773,3400 W NORTH AVE,01/29/2017,5,1153386.578905125,1910465.87061722,41.910162847,-87.711953868,"(41.91016284680269, -87.71195386769125)"
CICERO AND ARMITAGE,2003,4800 W ARMITAGE AVENUE,06/06/2015,1,1144054.25126508,1912907.00926109,41.917041992,-87.746176095,"(41.91704199201953, -87.74617609464687)"
LARAMIE AND MADISON,2044,5200 W MADISON STREET,06/06/2015,15,1141706.965522802,1899567.55684314,41.880480752,-87.755130433,"(41.88048075170171, -87.75513043296509)"
WENTWORTH AND GARFIELD,2261,5500 S WENTWORTH AVEN,05/30/2015,15,,,,,
PULASKI AND FOSTER,1104,4000 W FOSTER AVE,01/29/2017,3,1148759.16134887,1934294.249006446,41.975640616,-87.728335469,"(41.975640616231914, -87.72833546926573)"
87TH AND VINCENNES,2412,8700 S VINCENNES,06/06/2015,24,1172026.328989535,1847142.496643776,41.736006565,-87.645341819,"(41.73600656458518, -87.64534181897955)"
IRVING PARK AND KEDZIE,1354,3200 W IRVING PARK ROAD,05/29/2015,13,1154325.140302006,1926458.463197156,41.954029047,-87.708077494,"(41.95402904691877, -87.70807749383191)"
ARCHER AND CICERO,2081,5200 S CICERO AVE,01/29/2017,24,1145195.931989777,1869737.708306623,41.798558278,-87.743071866,"(41.798558278193305, -87.74307186616427)"
MONTROSE AND WESTERN,1221,4400 N WESTERN AVENUE,06/06/2015,10,1159539.733234718,1929183.918095502,41.961401846,-87.688832623,"(41.961401846278505, -87.6888326227788)"
DIVERSEY AND WESTERN,1434,2400 W DIVERSEY AVENUE,06/06/2015,1,1159859.648423836,1918576.255784305,41.932287183,-87.687950093,"(41.93228718299094, -87.6879500934122)"
OGDEN AND KOSTNER,2222,2348 S KOSTNER AVENUE,01/29/2017,1,1147394.548182079,1887795.177782082,41.848068845,-87.734547457,"(41.8480688449598, -87.73454745748458)"
PULASKI AND DIVISION,1801,1200 N PULASKI ROAD,05/29/2015,1,1149459.590666926,1907723.219884254,41.902713902,-87.726451457,"(41.902713901936174, -87.72645145715836)"
ADDISON AND HARLEM,1591,3600 N HARLEM AVENUE,06/06/2015,1,1127394.594070737,1923110.532422811,41.945338412,-87.807154769,"(41.94533841246591, -87.80715476912044)"
IRVING PARK AND CALIFORNIA,1233,2800 W IRVING PARK ROA,05/27/2015,4,,,,,
SACRAMENTO AND LAKE,1821,150 N SACRAMENTO BOUL,06/07/2015,3,1156319.560664766,1900957.489351962,41.884012178,-87.701436479,"(41.88401217771363, -87.7014364786693)"
OGDEN AND KOSTNER,2222,2348 S KOSTNER AVENUE,06/08/2015,6,1147394.548182079,1887795.177782082,41.848068845,-87.734547457,"(41.8480688449598, -87.73454745748458)"
HALSTED AND DIVISION,1714,800 W DIVISION,06/08/2015,4,1170767.827960358,1908259.644151662,41.903745557,-87.648167011,"(41.90374555734733, -87.64816701062779)"
HALSTED AND 95TH,2582,9500 S HALSTED STREET,06/08/2015,2,1172610.538363645,1841811.61926207,41.721365061,-87.643358042,"(41.72136506078306, -87.64335804234075)"
BROADWAY/SHERIDAN AND DEVON,1123,1200 W DEVON AVE,06/08/2015,6,1167109.644248166,1942688.147952186,41.998298228,-87.660611661,"(41.99829822771884, -87.66061166063517)"
WESTERN AND FULLERTON,1671,2400 N WESTERN AVENUE,06/08/2015,8,1159923.309342995,1915897.778561358,41.924935944,-87.687790255,"(41.92493594409127, -87.68779025471278)"
COLUMBUS AND ILLINOIS,1952,500 N COLUMBUS DRIVE,06/07/2015,2,1178372.808407292,1903693.06016042,41.891044569,-87.620371839,"(41.891044569124276, -87.620371839074)"
MILWAUKEE AND MONTROSE,1364,5075 W MONTROSE AVENUE,06/08/2015,2,1141716.746618898,1928736.076639057,41.960522088,-87.754371424,"(41.96052208819935, -87.75437142402293)"
HALSTED AND MADISON,1871,1 S HALSTED STREET,06/08/2015,1,1171092.392868784,1900234.542088741,41.881717056,-87.647210539,"(41.88171705561901, -87.64721053920604)"
IRVING PARK AND LARAMIE,1534,5200 W IRVING PARK ROA,06/08/2015,6,,,,,
PULASKI AND PETERSON,1263,4000 W PETERSON AVENUE,06/08/2015,13,1148618.560490339,1939615.133928395,41.990244186,-87.728714391,"(41.99024418564742, -87.7287143910091)"
STATE AND 79TH,2654,1 E 79TH STREET,06/08/2015,3,1177680.113652821,1852598.313477786,41.750852096,-87.624463832,"(41.75085209551078, -87.62446383210285)"
63RD AND STATE,2714,1 E 63RD ST,06/07/2015,4,1177367.518733101,1863199.17768559,41.779949105,-87.625289553,"(41.779949104569106, -87.62528955333775)"
PULASKI AND ARCHER,2154,5000 S ARCHER AVE,06/07/2015,3,1150501.818909837,1871162.311703322,41.802365973,-87.723576766,"(41.80236597333895, -87.72357676611004)"
WESTERN AND CERMAK,1003,2400 W CERMAK ROAD,06/08/2015,1,1160678.000607329,1889375.645335924,41.852141307,-87.685752642,"(41.85214130680468, -87.6857526415569)"
CALIFORNIA AND DEVON,1323,2800 W DEVON AVENUE,06/08/2015,1,1156484.528078038,1942377.980662191,41.997669523,-87.699706423,"(41.99766952286052, -87.69970642324591)"
CALIFORNIA AND DIVERSEY,1513,2800 W DIVERSEY,01/29/2017,3,1157212.54253358,1918526.674434943,41.932205395,-87.697679244,"(41.93220539506452, -87.6976792438691)"
FULLERTON AND NARRAGANSETT,1554,6400 W FULLERTON AVENU,06/07/2015,1,1133317.594499059,1915293.661305931,41.923786189,-87.785567206,"(41.92378618871128, -87.78556720562165)"
CICERO AND 47TH,2204,4800 W 47TH ST,06/07/2015,8,1145130.048925744,1873078.44198302,41.807727017,-87.743229366,"(41.80772701677172, -87.74322936566276)"
ELSTON AND LAWRENCE,1284,4440 W LAWRENCE AVENUE,06/07/2015,1,1145715.061027481,1931571.0474838,41.968226398,-87.739599251,"(41.96822639754791, -87.73959925065756)"
ASHLAND AND 87TH,2454,1600 W 87TH ST,01/29/2017,5,1167171.941297436,1847064.855345151,41.735898617,-87.663128781,"(41.735898617066006, -87.66312878090133)"
ASHLAND AND IRVING PARK,1153,1600 W IRVING PARK ROA,06/08/2015,1,,,,,
IRVING PARK AND NARRAGANSETT,1024,6400 W IRVING PK,06/07/2015,1,1132945.939118726,1925946.304925137,41.953024751,-87.786683238,"(41.95302475075328, -87.78668323766634)"
DIVISION AND DAMEN,1734,2000 W DIVISION,06/08/2015,5,1162815.710860194,1908034.672555531,41.903298793,-87.677383247,"(41.903298792681944, -87.67738324739636)"
HALSTED AND 95TH,2581,9500 S HALSTED STREET,06/07/2015,4,1172610.538363645,1841811.61926207,41.721365061,-87.643358042,"(41.72136506078306, -87.64335804234075)"
IRVING PARK AND KEDZIE,1353,3200 W IRVING PARK ROAD,06/07/2015,4,1154325.140302006,1926458.463197156,41.954029047,-87.708077494,"(41.95402904691877, -87.70807749383191)"
79TH AND KEDZIE,2443,3200 W 79TH ST,06/07/2015,2,1156402.644780165,1852104.649370984,41.749952001,-87.702448478,"(41.74995200142266, -87.70244847808695)"
CHICAGO AND CLARK,1964,100 W CHICAGO AVENUE,06/07/2015,3,1175374.528739575,1905745.47783364,41.896744347,-87.631321248,"(41.896744346875806, -87.63132124815151)"
DIVERSEY AND WESTERN,1431,2800 N WESTERN AVENUE,06/07/2015,1,1159837.205417355,1918550.506189309,41.932216988,-87.688033281,"(41.93221698794738, -87.68803328089533)"
KEDZIE AND 71ST,2352,7100 S KEDZIE AVENUE,06/07/2015,4,1156225.540366296,1857330.103443232,41.764295037,-87.702957162,"(41.764295036756856, -87.70295716211793)"
DIVISION AND DAMEN,1733,2000 W DIVISION,06/07/2015,2,1162815.710860194,1908034.672555531,41.903298793,-87.677383247,"(41.903298792681944, -87.67738324739636)"
4700 WESTERN,2141,4700 S WESTERN AVENUE,06/07/2015,1,1161120.438879703,1873431.066474726,41.808378408,-87.684570717,"(41.808378407946726, -87.68457071689552)"
CICERO AND DIVERSEY,1694,4800 W DIVERSEY AVENUE,01/29/2017,1,1143869.848167704,1918226.043989398,41.93164142,-87.746719911,"(41.93164142040689, -87.7467199106462)"
STONY ISLAND/CORNELL AND 67TH,2731,6700 S CORNELL DRIVE,06/07/2015,9,1188316.454860734,1860851.137456735,41.77325149,-87.5852246,"(41.77325148959568, -87.58522459967712)"
HAMLIN AND LAKE,1881,300 N HAMLIN AVENUE,06/08/2015,4,1150970.026856642,1901381.688308858,41.885282636,-87.721069539,"(41.88528263580913, -87.72106953854511)"
WENTWORTH AND GARFIELD,2264,200 W GARFIELD BLVD,06/07/2015,7,1175889.574397302,1868551.750512227,41.794670385,-87.630547476,"(41.79467038468937, -87.63054747605638)"
CENTRAL AND IRVING PARK,1183,5600 W IRVING PARK ROAD,06/08/2015,2,1138281.535484986,1926078.647777633,41.953292847,-87.767065708,"(41.953292847298, -87.76706570775266)"
ELSTON AND ADDISON,1402,3600 N ELSTON AVE,06/07/2015,2,1154106.95251778,1923731.036211081,41.946549165,-87.708952626,"(41.94654916480637, -87.70895262603513)"
WESTERN AND 71ST,2612,7100 S WESTERN AVENUE,06/08/2015,8,1161563.704681724,1857484.211306323,41.764608912,-87.683387053,"(41.76460891223613, -87.68338705328121)"
PETERSON AND WESTERN,1014,2400 W PETERSON,06/08/2015,4,1159214.211316277,1939825.301874586,41.99060901,-87.689735481,"(41.990609009807294, -87.68973548092968)"
WESTERN AND NORTH,1851,1600 N WESTERN AVE,06/07/2015,3,1160077.474351131,1910605.013316134,41.910409024,-87.687370268,"(41.91040902362901, -87.687370268401)"
WESTERN AND CHICAGO,1943,2400 W CHICAGO AVE,06/07/2015,2,1160226.686812944,1905300.904544474,41.895851041,-87.686968935,"(41.895851041123755, -87.68696893468467)"
ASHLAND AND FULLERTON,1651,2400 N ASHLAND AVENUE,01/29/2017,3,1165228.073342838,1916032.319169157,41.92519389,-87.668294363,"(41.92519388981048, -87.66829436339881)"
IRVING PARK AND CALIFORNIA,1234,2800 W IRVING PARK ROA,06/07/2015,2,,,,,
DAMEN AND DIVERSEY,1462,2800 N DAMEN AVENUE,06/07/2015,2,1162490.04851994,1918611.623717091,41.932329494,-87.678282719,"(41.9323294940985, -87.67828271931386)"
CICERO AND PETERSON,1202,6000 N CICERO AVENUE,06/08/2015,3,1143247.733553094,1939479.342905704,41.989973915,-87.748473024,"(41.98997391514614, -87.74847302426933)"
MADISON AND WESTERN,1931,1 S WESTERN AVE,06/07/2015,6,1160453.827721979,1899933.703473746,41.881118279,-87.686283339,"(41.881118278833966, -87.686283338873)"
PULASKI AND BELMONT,1382,3200 N PULASKI RD,06/07/2015,3,1149125.621478734,1920994.556178086,41.939138154,-87.72733371,"(41.939138153500274, -87.7273337101426)"
87TH AND VINCENNES,2412,8700 S VINCENNES,06/08/2015,16,1172026.328989535,1847142.496643776,41.736006565,-87.645341819,"(41.73600656458518, -87.64534181897955)"
WESTERN AND ADDISON,1563,2400 W ADDISON,06/08/2015,3,1159719.041544334,1923878.577275797,41.946839991,-87.688320193,"(41.9468399910054, -87.68832019252964)"
CICERO AND HARRISON,2022,600 S CICERO AVENUE,01/29/2017,1,1144444.97442848,1896894.622216872,41.873094833,-87.745143869,"(41.873094832519136, -87.74514386884542)"
STONY ISLAND/CORNELL AND 67TH,2721,6700 S STONY ISLAND A,06/08/2015,6,1187984.143047539,1860863.338367666,41.773292896,-87.586442368,"(41.77329289585066, -87.58644236831432)"
HAMLIN AND LAKE,1881,300 N HAMLIN AVENUE,06/07/2015,3,1150970.026856642,1901381.688308858,41.885282636,-87.721069539,"(41.88528263580913, -87.72106953854511)"
115TH AND HALSTED,2553,800 W 115TH STREET,06/08/2015,8,1173010.735357888,1828632.242070332,41.685190056,-87.642279564,"(41.68519005571938, -87.64227956401977)"
DIVISION AND DAMEN,1734,2000 W DIVISION,06/07/2015,3,1162815.710860194,1908034.672555531,41.903298793,-87.677383247,"(41.903298792681944, -87.67738324739636)"
KEDZIE AND 26TH,2382,2600 S KEDZIE AVENUE,06/08/2015,1,1155404.235510285,1886524.460033054,41.844424831,-87.705185452,"(41.84442483084393, -87.70518545233183)"
COLUMBUS AND ILLINOIS,1951,500 N COLUMBUS DRIVE,06/08/2015,17,1178372.808407292,1903693.06016042,41.891044569,-87.620371839,"(41.891044569124276, -87.620371839074)"
ELSTON AND ADDISON,1403,3216 W ADDISON ST,06/08/2015,7,1154199.729816868,1923799.345386665,41.946734755,-87.708609774,"(41.946734754927796, -87.7086097735515)"
ADDISON AND HARLEM,1591,3600 N HARLEM AVENUE,06/07/2015,3,1127394.594070737,1923110.532422811,41.945338412,-87.807154769,"(41.94533841246591, -87.80715476912044)"
CICERO AND CHICAGO,1783,4800 W CHICAGO AVENUE,01/29/2017,2,1144175.291152764,1904916.255225279,41.895112219,-87.745932427,"(41.89511221857764, -87.74593242701515)"
71ST AND ASHLAND,2394,1600 W 71ST,07/25/2015,6,1166890.012333149,1857674.2502247,41.765018306,-87.66385923,"(41.76501830555763, -87.66385923012646)"
63RD AND STATE,2714,1 E 63RD ST,07/25/2015,12,1177367.518733101,1863199.17768559,41.779949105,-87.625289553,"(41.779949104569106, -87.62528955333775)"
COTTAGE GROVE AND 71ST,2571,7100 S COTTAGE GROVE,06/08/2015,2,1182746.23698699,1858088.011064538,41.765800351,-87.605729127,"(41.76580035131893, -87.6057291269901)"
WESTERN AND FOSTER,1074,2400 W FOSTER AVE,06/07/2015,5,1159379.402846887,1934502.712486132,41.97600019,-87.689275084,"(41.97600018976586, -87.68927508385399)"
CENTRAL AND IRVING PARK,1183,5600 W IRVING PARK ROAD,06/07/2015,1,1138281.535484986,1926078.647777633,41.953292847,-87.767065708,"(41.953292847298, -87.76706570775266)"
CENTRAL AND ADDISON,1683,5600 W ADDISON STREET,04/19/2017,2,1138349.663302502,1923416.02157061,41.945985104,-87.766879952,"(41.94598510430888, -87.76687995165918)"
BROADWAY/SHERIDAN AND DEVON,1122,6400 N SHERIDAN ROAD,06/07/2015,10,1167087.151194129,1942658.704988689,41.998217921,-87.660695256,"(41.99821792053241, -87.6606952555721)"
87TH AND VINCENNES,2412,8700 S VINCENNES,06/07/2015,22,1172026.328989535,1847142.496643776,41.736006565,-87.645341819,"(41.73600656458518, -87.64534181897955)"
COLUMBUS AND ILLINOIS,1952,500 N COLUMBUS DRIVE,06/08/2015,24,1178372.808407292,1903693.06016042,41.891044569,-87.620371839,"(41.891044569124276, -87.620371839074)"
HARLEM AND BELMONT,1394,7200 W BELMONT AVE,06/07/2015,4,1127504.698153561,1920475.415440844,41.938105479,-87.806809552,"(41.93810547939496, -87.80680955240743)"
HARLEM AND BELMONT,1391,3200 N HARLEM AVE,06/08/2015,1,1127481.020995451,1920467.613239239,41.938084468,-87.806896749,"(41.93808446822169, -87.80689674887883)"
ASHLAND AND LAWRENCE,1142,4800 N ASHLAND AVENUE,06/07/2015,8,1164751.686785145,1932001.206626392,41.96902343,-87.669590434,"(41.969023429614026, -87.66959043354217)"
LAFAYETTE AND 87TH,2503,30 W 87TH STREET,06/07/2015,25,1177407.651800237,1847320.772058312,41.736376037,-87.625621311,"(41.736376036604916, -87.62562131092602)"
ROOSEVELT AND HALSTED,2233,800 W ROOSEVELT ROAD,06/07/2015,5,1171199.282357741,1894968.056393724,41.867263098,-87.646972686,"(41.86726309836901, -87.64697268601648)"
75TH AND STATE,2624,1 E 75TH STREET,06/07/2015,2,1177601.72646404,1855229.486604181,41.758074111,-87.624671658,"(41.75807411097799, -87.62467165835182)"
WESTERN AND 63RD,2373,2400 W 63RD ST,01/29/2017,1,1161444.415758584,1862848.534703658,41.779331844,-87.683675761,"(41.77933184429814, -87.68367576084798)"
SACRAMENTO AND LAKE,1822,150 N SACRAMENTO BOUL,06/07/2015,3,1156319.560664766,1900957.489351962,41.884012178,-87.701436479,"(41.88401217771363, -87.7014364786693)"
PULASKI AND DIVISION,1801,1200 N PULASKI ROAD,06/07/2015,1,1149459.590666926,1907723.219884254,41.902713902,-87.726451457,"(41.902713901936174, -87.72645145715836)"
FOSTER AND NAGLE,1031,5200 N NAGLE,06/07/2015,3,1132529.656558223,1934201.702060651,41.97568567,-87.788020406,"(41.97568566971868, -87.78802040620296)"
99TH AND HALSTED,2433,800 W 99TH ST,06/07/2015,14,1172710.642565684,1839246.330602143,41.714323337,-87.643066714,"(41.71432333701137, -87.64306671421937)"
HALSTED AND 103RD,2593,800 W 103RD STREET,06/07/2015,2,1172778.570616036,1836587.755252818,41.70702632,-87.642896007,"(41.707026319812215, -87.64289600741817)"
IRVING PARK AND NARRAGANSETT,1023,6400 W IRVING PK,06/07/2015,2,1132945.939118726,1925946.304925137,41.953024751,-87.786683238,"(41.95302475075328, -87.78668323766634)"
WESTERN AND 79TH,2484,2400 W 79TH ST,01/29/2017,1,1161758.68085177,1852242.255513454,41.750220168,-87.682817693,"(41.75022016799851, -87.68281769253687)"
AUSTIN AND IRVING PARK,1161,4000 N AUSTIN AVENUE,06/08/2015,3,1135599.956110927,1926006.862619986,41.953144059,-87.776925284,"(41.95314405904539, -87.77692528423394)"
71ST AND ASHLAND,2391,7100 S ASHLAND,06/08/2015,1,1166868.379865725,1857616.168087255,41.764859382,-87.663940176,"(41.764859382425385, -87.66394017630476)"
BROADWAY/SHERIDAN AND DEVON,1122,6400 N SHERIDAN ROAD,06/08/2015,18,1167087.151194129,1942658.704988689,41.998217921,-87.660695256,"(41.99821792053241, -87.6606952555721)"
CENTRAL AND ADDISON,1683,5600 W ADDISON STREET,06/07/2015,1,1138349.663302502,1923416.02157061,41.945985104,-87.766879952,"(41.94598510430888, -87.76687995165918)"
CICERO AND CHICAGO,1781,800 N CICERO AVENUE,06/07/2015,2,1144169.162482127,1904893.189220372,41.895049038,-87.745955516,"(41.89504903796389, -87.74595551626888)"
SHERIDAN AND FOSTER,1132,5200 N SHERIDAN ROAD,06/08/2015,1,1168661.623718229,1934753.842272756,41.976492721,-87.655133605,"(41.97649272077833, -87.65513360456677)"
CLARK AND IRVING PARK,1091,4000 N CLARK STREET,06/08/2015,2,1166736.149822904,1926699.323624709,41.954432441,-87.662446259,"(41.95443244141688, -87.66244625914061)"
HALSTED AND FULLERTON,1701,2400 N HALSTED STREET,06/07/2015,3,1170501.602639925,1916200.061550148,41.925540315,-87.648912156,"(41.925540315431995, -87.64891215551155)"
HAMLIN AND MADISON,1903,3800 W MADISON STREET,06/08/2015,8,1151032.709141294,1899784.033986533,41.880897273,-87.720881226,"(41.880897273491264, -87.72088122613924)"
71ST AND ASHLAND,2394,1600 W 71ST,06/07/2015,5,1166890.012333149,1857674.2502247,41.765018306,-87.66385923,"(41.76501830555763, -87.66385923012646)"
STONEY ISLAND AND 79TH,2461,7900 S SOUTH CHICAGO AVE,06/08/2015,1,1188274.655498937,1852865.685797892,41.751339705,-87.585632266,"(41.751339704589455, -87.58563226565187)"
CENTRAL AND FULLERTON,1444,5600 W FULLERTON AVENU,06/07/2015,2,1138627.279189421,1915438.969256439,41.924090199,-87.76605353,"(41.92409019883488, -87.76605353016079)"
55TH AND KEDZIE,2163,3200 W 55TH STREET,06/08/2015,4,1155966.956993183,1868015.593764152,41.793622803,-87.703618141,"(41.79362280329978, -87.70361814062049)"
HALSTED AND MADISON,1872,1 N HALSTED STREET,01/29/2017,3,1171090.967986833,1900270.454015136,41.881815632,-87.647214717,"(41.88181563164203, -87.64721471704077)"
119TH AND HALSTED,2404,800 W 119TH STREET,06/08/2015,4,1173111.174088158,1825985.001014405,41.677923389,-87.641989646,"(41.677923389134385, -87.64198964584013)"
IRVING PARK AND LARAMIE,1533,5200 W IRVING PARK ROA,06/07/2015,2,,,,,
CERMAK AND PULASKI,2332,2200 S PULASKI,06/08/2015,2,1150012.876838243,1889071.75851865,41.851521442,-87.724904787,"(41.85152144233116, -87.7249047867499)"
CALIFORNIA AND PETERSON,1311,6000 N CALIFORNIA AVE,06/08/2015,1,1156545.742699118,1939775.775541795,41.990527717,-87.699552084,"(41.990527717148176, -87.69955208405155)"
HALSTED AND NORTH,1764,800 W NORTH AVENUE,06/07/2015,7,1170700.68422007,1910913.190749698,41.91102851,-87.648335806,"(41.91102850981186, -87.64833580602037)"
55TH AND WESTERN,2213,2400 W 55TH STREET,06/08/2015,3,1161277.012730599,1868185.749490228,41.793981347,-87.684141741,"(41.7939813465735, -87.68414174128355)"
79TH AND HALSTED,2543,800 W 79TH STREET,06/07/2015,3,1172320.105719411,1852517.9814434,41.750751157,-87.644107793,"(41.75075115747316, -87.64410779300933)"
BELMONT AND KEDZIE,1372,3200 N KEDZIE AVE,06/07/2015,12,1154426.977874407,1921110.466549542,41.93935173,-87.707846594,"(41.93935173030961, -87.70784659359776)"
SACRAMENTO AND LAKE,1821,150 N SACRAMENTO BOUL,01/29/2017,13,1156319.560664766,1900957.489351962,41.884012178,-87.701436479,"(41.88401217771363, -87.7014364786693)"
CORTLAND AND ASHLAND,1723,1600 W CORTLAND ST,01/29/2017,2,1165377.660768235,1912768.773647285,41.916235337,-87.667837772,"(41.91623533746878, -87.66783777212962)"
ELSTON AND IRVING PARK,1503,3700 W IRVING PARK ROA,06/08/2015,2,,,,,
CENTRAL AND FULLERTON,1444,5600 W FULLERTON AVENU,06/08/2015,2,1138627.279189421,1915438.969256439,41.924090199,-87.76605353,"(41.92409019883488, -87.76605353016079)"
ASHLAND AND DIVISION,1791,1200 N ASHLAND AVENUE,06/07/2015,9,1165466.997046718,1908083.767015974,41.903377468,-87.667643142,"(41.903377467566784, -87.66764314227497)"
PULASKI AND ARMITAGE,1843,4000 W ARMITAGE AVENUE,06/07/2015,2,1149375.428872108,1913028.984273181,41.917275069,-87.726622746,"(41.91727506940875, -87.72662274644799)"
MONTROSE AND WESTERN,1224,2400 W MONTROSE AVENUE,06/07/2015,2,1159562.971802959,1929191.337701253,41.961421726,-87.68874698,"(41.961421726406314, -87.68874697983858)"
ELSTON AND LAWRENCE,1282,4800 N ELSTON AVENUE,06/08/2015,2,1145529.344259918,1931501.601268983,41.968039361,-87.740283894,"(41.96803936143674, -87.74028389448999)"
CHICAGO AND CLARK,1963,100 W CHICAGO AVENUE,06/07/2015,7,1175374.528739575,1905745.47783364,41.896744347,-87.631321248,"(41.896744346875806, -87.63132124815151)"
KEDZIE AND ARMITAGE,1834,3200 W ARMITAGE AVENUE,06/07/2015,3,1154700.851347995,1913153.252187904,41.917511023,-87.707053639,"(41.91751102291878, -87.7070536388797)"
KIMBALL AND DIVERSEY,1583,3400 W DIVERSEY AVENUE,06/08/2015,1,1153211.149172713,1918454.477800566,41.932087747,-87.71238583,"(41.932087747378944, -87.71238582951281)"
FOSTER AND BROADWAY,1111,5200 N BROADWAY ST,06/07/2015,8,1167334.508577915,1934714.008346532,41.976412143,-87.660015082,"(41.97641214294823, -87.66001508205365)"
4700 WESTERN,2142,4700 S WESTERN AVENUE,06/08/2015,1,1161120.438879703,1873431.066474726,41.808378408,-87.684570717,"(41.808378407946726, -87.68457071689552)"
ASHLAND AND 87TH,2452,8700 S ASHLAND AVE,06/08/2015,2,1167150.470087748,1846991.212339794,41.735696989,-87.663209544,"(41.73569698863625, -87.66320954445679)"
ASHLAND AND 87TH,2454,1600 W 87TH ST,06/08/2015,8,1167171.941297436,1847064.855345151,41.735898617,-87.663128781,"(41.735898617066006, -87.66312878090133)"
MONTROSE AND WESTERN,1221,4400 N WESTERN AVENUE,06/07/2015,3,1159539.733234718,1929183.918095502,41.961401846,-87.688832623,"(41.961401846278505, -87.6888326227788)"
MILWAUKEE AND DEVON,1272,6400 N MILWAUKEE AVEN,06/08/2015,1,1132463.750397878,1942107.911507627,41.997382173,-87.788077674,"(41.99738217345368, -87.78807767391953)"
CORTLAND AND ASHLAND,1721,1900 N ASHLAND AVE,06/07/2015,25,1165348.084854857,1912736.454335569,41.916147281,-87.667947354,"(41.91614728095272, -87.66794735350443)"
ASHLAND AND FULLERTON,1651,2400 N ASHLAND AVENUE,06/07/2015,14,1165228.073342838,1916032.319169157,41.92519389,-87.668294363,"(41.92519388981048, -87.66829436339881)"
KEDZIE AND ARMITAGE,1832,2000 N KEDZIE AVENUE,06/07/2015,4,1154684.031809326,1913129.496340896,41.917446172,-87.707116072,"(41.91744617191702, -87.70711607187832)"
CICERO AND CHICAGO,1781,800 N CICERO AVENUE,06/08/2015,1,1144169.162482127,1904893.189220372,41.895049038,-87.745955516,"(41.89504903796389, -87.74595551626888)"
CICERO AND ADDISON,1611,3600 N CICERO AVENUE,06/07/2015,2,1143698.904601495,1923517.005821035,41.946163524,-87.747215169,"(41.94616352362556, -87.74721516897007)"
STONEY ISLAND AND 79TH,2464,1600 E 79TH ST,06/07/2015,1,1188284.704439907,1852964.829047574,41.751611523,-87.585592284,"(41.75161152327319, -87.58559228428787)"
WESTERN AND CHICAGO,1943,2400 W CHICAGO AVE,06/08/2015,2,1160226.686812944,1905300.904544474,41.895851041,-87.686968935,"(41.895851041123755, -87.68696893468467)"
WESTERN AND ADDISON,1562,3600 N WESTERN AVENUE,06/08/2015,7,1159695.573342728,1923871.086283556,41.94681992,-87.688406662,"(41.94681991986288, -87.68840666206194)"
OGDEN AND KOSTNER,2223,4400 W OGDEN AVENUE,06/07/2015,7,1147406.592439224,1887689.099869462,41.847777523,-87.734505969,"(41.84777752280453, -87.73450596874825)"
87TH AND VINCENNES,2412,8700 S VINCENNES,01/29/2017,15,1172026.328989535,1847142.496643776,41.736006565,-87.645341819,"(41.73600656458518, -87.64534181897955)"
79TH AND HALSTED,2541,7900 S HALSTED STREET,06/08/2015,5,1172298.707400847,1852444.344822186,41.750549559,-87.644188368,"(41.750549559438944, -87.64418836784098)"
HALSTED AND 95TH,2581,9500 S HALSTED STREET,06/08/2015,5,1172610.538363645,1841811.61926207,41.721365061,-87.643358042,"(41.72136506078306, -87.64335804234075)"
STONY ISLAND/CORNELL AND 67TH,2731,6700 S CORNELL DRIVE,06/08/2015,7,1188316.454860734,1860851.137456735,41.77325149,-87.5852246,"(41.77325148959568, -87.58522459967712)"
FOSTER AND NAGLE,1034,6400 W FOSTER,06/08/2015,8,1132552.893142153,1934229.875527466,41.975762574,-87.787934296,"(41.97576257447203, -87.7879342955108)"
DIVISION AND DAMEN,1733,2000 W DIVISION,06/08/2015,6,1162815.710860194,1908034.672555531,41.903298793,-87.677383247,"(41.903298792681944, -87.67738324739636)"
115TH AND HALSTED,2553,800 W 115TH STREET,01/29/2017,4,1173010.735357888,1828632.242070332,41.685190056,-87.642279564,"(41.68519005571938, -87.64227956401977)"
119TH AND HALSTED,2402,11900 S HALSTED,06/07/2015,4,1173094.774616191,1825911.054609338,41.677720829,-87.642051845,"(41.67772082924762, -87.64205184498218)"
CERMAK AND PULASKI,2334,4000 W CERMAK,06/07/2015,7,1150018.476053666,1889120.238540361,41.851654369,-87.724882975,"(41.85165436867626, -87.7248829753078)"
BROADWAY/SHERIDAN AND DEVON,1123,1200 W DEVON AVE,06/07/2015,3,1167109.644248166,1942688.147952186,41.998298228,-87.660611661,"(41.99829822771884, -87.66061166063517)"
4700 WESTERN,2142,4700 S WESTERN AVENUE,06/07/2015,2,1161120.438879703,1873431.066474726,41.808378408,-87.684570717,"(41.808378407946726, -87.68457071689552)"
KIMBALL AND DIVERSEY,1581,2800 N KIMBALL AVENUE,06/08/2015,5,,,,,
FOSTER AND BROADWAY,1113,1200 W FOSTER AVE,06/08/2015,1,1167357.095930752,1934721.393266777,41.97643192,-87.659931806,"(41.97643192018459, -87.65993180604016)"
CICERO AND 47TH,2204,4800 W 47TH ST,06/08/2015,8,1145130.048925744,1873078.44198302,41.807727017,-87.743229366,"(41.80772701677172, -87.74322936566276)"
BELMONT AND KEDZIE,1371,3200 N KEDZIE AVENUE,01/29/2017,1,1154426.977874407,1921110.466549542,41.93935173,-87.707846594,"(41.93935173030961, -87.70784659359776)"
31ST ST AND MARTIN LUTHER KING DRIVE,2121,3100 S DR MARTIN L KING,06/07/2015,8,,,,,
DAMEN AND DIVERSEY,1462,2800 N DAMEN AVENUE,06/08/2015,3,1162490.04851994,1918611.623717091,41.932329494,-87.678282719,"(41.9323294940985, -87.67828271931386)"
CICERO AND HARRISON,2022,600 S CICERO AVENUE,06/07/2015,4,1144444.97442848,1896894.622216872,41.873094833,-87.745143869,"(41.873094832519136, -87.74514386884542)"
CICERO AND 47TH,2202,4700 S CICERO AVE,06/08/2015,2,1145112.150373471,1873006.659918126,41.807530373,-87.743296821,"(41.80753037289406, -87.7432968212423)"
STONEY ISLAND AND 76TH,2632,7600 S STONY ISLAND A,06/08/2015,4,1188092.796191935,1854889.354158304,41.756897173,-87.586234285,"(41.75689717260223, -87.58623428506996)"
ROOSEVELT AND PULASKI,2314,4000 W ROOSEVELT ROAD,06/08/2015,3,1149885.032049683,1894449.464076882,41.866281003,-87.72523422,"(41.866281002664536, -87.72523421983905)"
ASHLAND AND DIVISION,1791,1200 N ASHLAND AVENUE,06/08/2015,13,1165466.997046718,1908083.767015974,41.903377468,-87.667643142,"(41.903377467566784, -87.66764314227497)"
31ST ST AND MARTIN LUTHER KING DRIVE,2123,400 E 31ST STREET,06/08/2015,2,1179437.985396417,1884565.84226022,41.838534018,-87.617046113,"(41.838534018118914, -87.61704611345726)"
PULASKI AND LAWRENCE,1172,4800 N PULASKI ROAD,06/08/2015,1,1148821.701520117,1931605.974570937,41.968262595,-87.728175316,"(41.968262595100775, -87.7281753157596)"
ASHLAND AND LAWRENCE,1143,1600 W LAWRENCE AVENUE,06/08/2015,7,1164771.946929007,1931988.254061312,41.968987457,-87.669516307,"(41.96898745654617, -87.66951630654926)"
PULASKI AND FOSTER,1104,4000 W FOSTER AVE,06/08/2015,4,1148759.16134887,1934294.249006446,41.975640616,-87.728335469,"(41.975640616231914, -87.72833546926573)"
MILWAUKEE AND DEVON,1274,6400 W DEVON AVENUE,01/29/2017,9,1132590.619798275,1942138.532048656,41.997463981,-87.787610243,"(41.99746398102873, -87.78761024341388)"
55TH and PULASKI,2242,5500 S PULASKI,06/08/2015,6,1150600.072649439,1867806.44512718,41.793155061,-87.723303765,"(41.793155060731024, -87.72330376464247)"
KEDZIE AND 47TH,2104,3200 W 47TH ST,01/29/2017,1,1155815.231505056,1873336.169728074,41.808226246,-87.704031672,"(41.808226246244026, -87.70403167215984)"
CENTRAL AND LAKE,1742,400 N CENTRAL AVENUE,06/08/2015,5,1138928.478257537,1902217.926149854,41.887804621,-87.765268498,"(41.88780462053497, -87.76526849810371)"
63RD AND STATE,2712,6300 S STATE ST,06/07/2015,5,1177303.801895084,1863220.216755923,41.780008277,-87.625522512,"(41.78000827740796, -87.6255225119157)"
ROOSEVELT AND HALSTED,2233,800 W ROOSEVELT ROAD,06/08/2015,11,1171199.282357741,1894968.056393724,41.867263098,-87.646972686,"(41.86726309836901, -87.64697268601648)"
WESTERN AND ADDISON,1563,2400 W ADDISON,06/07/2015,2,1159719.041544334,1923878.577275797,41.946839991,-87.688320193,"(41.9468399910054, -87.68832019252964)"
CALIFORNIA AND DEVON,1321,6400 N CALIFORNIA AVE,06/08/2015,2,1156461.150245401,1942370.37710537,41.997649133,-87.699792629,"(41.997649133049336, -87.69979262891378)"
FOSTER AND BROADWAY,1111,5200 N BROADWAY ST,06/08/2015,6,1167334.508577915,1934714.008346532,41.976412143,-87.660015082,"(41.97641214294823, -87.66001508205365)"
CENTRAL AND DIVERSEY,1642,2800 N CENTRAL AVENUE,06/08/2015,1,1138516.407377375,1918089.499227987,41.931365552,-87.766396529,"(41.93136555236339, -87.76639652879172)"
LAWRENCE AND WESTERN,1193,2400 W LAWRENCE AVENUE,06/08/2015,2,1159482.648570304,1931851.989492596,41.968724349,-87.688968727,"(41.96872434882172, -87.68896872699601)"
MILWAUKEE AND MONTROSE,1364,5075 W MONTROSE AVENUE,06/07/2015,3,1141716.746618898,1928736.076639057,41.960522088,-87.754371424,"(41.96052208819935, -87.75437142402293)"
HAMLIN AND LAKE,1882,300 N HAMLIN AVENUE,06/08/2015,2,1150970.026856642,1901381.688308858,41.885282636,-87.721069539,"(41.88528263580913, -87.72106953854511)"
CANAL AND ROOSEVELT,2294,500 W ROOSEVELT ROAD,06/07/2015,13,1173290.72186561,1895021.166235495,41.867362693,-87.639293195,"(41.867362692616666, -87.63929319464197)"
HALSTED AND FULLERTON,1704,800 W FULLERTON AVENUE,06/08/2015,1,1170525.624723311,1916208.443992778,41.925562791,-87.648823641,"(41.92556279107417, -87.64882364145232)"
HALSTED AND FULLERTON,1704,800 W FULLERTON AVENUE,06/07/2015,6,1170525.624723311,1916208.443992778,41.925562791,-87.648823641,"(41.92556279107417, -87.64882364145232)"
79TH AND KEDZIE,2443,3200 W 79TH ST,06/08/2015,3,1156402.644780165,1852104.649370984,41.749952001,-87.702448478,"(41.74995200142266, -87.70244847808695)"
CICERO AND CHICAGO,1783,4800 W CHICAGO AVENUE,06/07/2015,5,1144175.291152764,1904916.255225279,41.895112219,-87.745932427,"(41.89511221857764, -87.74593242701515)"
PERSHING AND WESTERN,2114,2400 W PERSHING ROAD,06/08/2015,1,1160957.773623189,1878793.434193427,41.82309676,-87.685018951,"(41.82309676016606, -87.68501895061576)"
CENTRAL AND LAKE,1742,400 N CENTRAL AVENUE,06/07/2015,5,1138928.478257537,1902217.926149854,41.887804621,-87.765268498,"(41.88780462053497, -87.76526849810371)"
KOSTNER AND NORTH,2012,4400 W GRAND AVE,06/08/2015,4,1146773.519128439,1910425.663958581,41.91018141,-87.73624887,"(41.910181409597406, -87.73624887040725)"
HOLLYWOOD AND SHERIDAN,1343,1000 W HOLLYWOOD AVE,06/08/2015,9,1168580.228926466,1938090.295189338,41.985649799,-87.655335807,"(41.98564979859328, -87.65533580655139)"
JEFFERY AND 95TH,2522,9500 S JEFFERY AVE,06/08/2015,5,1191132.420601301,1842335.735988875,41.722375907,-87.575499903,"(41.72237590704101, -87.57549990332795)"
HALSTED AND MADISON,1871,1 S HALSTED STREET,06/07/2015,9,1171092.392868784,1900234.542088741,41.881717056,-87.647210539,"(41.88171705561901, -87.64721053920604)"
PULASKI AND ARMITAGE,1844,4000 W ARMITAGE AVENUE,06/08/2015,1,1149375.428872108,1913028.984273181,41.917275069,-87.726622746,"(41.91727506940875, -87.72662274644799)"
WESTERN AND CERMAK,1002,2200 S WESTERN AVENUE,06/07/2015,5,1160669.42562757,1889318.196820393,41.85198384,-87.685785704,"(41.85198383957328, -87.68578570420526)"
HALSTED AND 103RD,2593,800 W 103RD STREET,06/08/2015,3,1172778.570616036,1836587.755252818,41.70702632,-87.642896007,"(41.707026319812215, -87.64289600741817)"
SHERIDAN AND FOSTER,1132,5200 N SHERIDAN ROAD,01/29/2017,1,1168661.623718229,1934753.842272756,41.976492721,-87.655133605,"(41.97649272077833, -87.65513360456677)"
MONTROSE AND WESTERN,1221,4400 N WESTERN AVENUE,06/08/2015,2,1159539.733234718,1929183.918095502,41.961401846,-87.688832623,"(41.961401846278505, -87.6888326227788)"
LARAMIE AND MADISON,2043,5200 W MADISON STREET,06/07/2015,1,1141706.965522802,1899567.55684314,41.880480752,-87.755130433,"(41.88048075170171, -87.75513043296509)"
CENTRAL AND ADDISON,1682,3600 N CENTRAL AVENUE,06/07/2015,4,1138343.117435682,1923392.067464765,41.945919491,-87.766904594,"(41.945919490555106, -87.76690459426293)"
IRVING PARK AND KILPATRICK,2764,4700 W IRVING PARK ROA,06/07/2015,2,,,,,
FOSTER AND BROADWAY,1111,5200 N BROADWAY ST,01/29/2017,4,1167334.508577915,1934714.008346532,41.976412143,-87.660015082,"(41.97641214294823, -87.66001508205365)"
PERSHING AND WESTERN,2112,3900 S WESTERN BLVD,06/08/2015,3,1161130.992078755,1878746.226354636,41.822963628,-87.684384785,"(41.82296362788048, -87.68438478541296)"
31ST ST AND MARTIN LUTHER KING DRIVE,2121,3100 S DR MARTIN L KING,07/26/2015,25,,,,,
WESTERN AND ADDISON,1562,3600 N WESTERN AVENUE,06/07/2015,1,1159695.573342728,1923871.086283556,41.94681992,-87.688406662,"(41.94681991986288, -87.68840666206194)"
DIVISION AND DAMEN,1734,2000 W DIVISION,01/29/2017,10,1162815.710860194,1908034.672555531,41.903298793,-87.677383247,"(41.903298792681944, -87.67738324739636)"
CICERO AND I55,2252,4200 S CICERO AVENUE,01/29/2017,4,1145023.742859509,1876358.276835519,41.816729387,-87.743536712,"(41.81672938674739, -87.74353671247594)"
CALIFORNIA AND PETERSON,1313,2800 W PETERSON AVENUE,06/07/2015,3,1156569.515341857,1939784.830544118,41.990552082,-87.699464396,"(41.990552081681564, -87.69946439622785)"
HALSTED AND MADISON,1872,1 N HALSTED STREET,06/08/2015,3,1171090.967986833,1900270.454015136,41.881815632,-87.647214717,"(41.88181563164203, -87.64721471704077)"
ROOSEVELT AND HALSTED,2234,800 W ROOSEVELT ROAD,06/08/2015,11,1171199.282357741,1894968.056393724,41.867263098,-87.646972686,"(41.86726309836901, -87.64697268601648)"
STATE AND 79TH,2651,7900 S STATE STREET,06/08/2015,7,1177618.166929966,1852621.870232838,41.750918138,-87.624690123,"(41.7509181383154, -87.62469012251644)"
HARLEM AND BELMONT,1391,3200 N HARLEM AVE,01/29/2017,1,1127481.020995451,1920467.613239239,41.938084468,-87.806896749,"(41.93808446822169, -87.80689674887883)"
PULASKI AND FOSTER,1104,4000 W FOSTER AVE,06/07/2015,5,1148759.16134887,1934294.249006446,41.975640616,-87.728335469,"(41.975640616231914, -87.72833546926573)"
119TH AND HALSTED,2404,800 W 119TH STREET,06/07/2015,3,1173111.174088158,1825985.001014405,41.677923389,-87.641989646,"(41.677923389134385, -87.64198964584013)"
CENTRAL AND BELMONT,1602,3200 N CENTRAL AVENUE,06/08/2015,1,1138430.432324593,1920731.654410336,41.938617463,-87.766648297,"(41.938617463272884, -87.76664829683827)"
CENTRAL AND CHICAGO,1973,5600 W CHICAGO AVENUE,06/08/2015,5,1138858.856732452,1904825.827586656,41.894962293,-87.765460791,"(41.89496229349977, -87.76546079122906)"
WESTERN AND FULLERTON,1671,2400 N WESTERN AVENUE,06/07/2015,5,1159923.309342995,1915897.778561358,41.924935944,-87.687790255,"(41.92493594409127, -87.68779025471278)"
ARCHER AND CICERO,2081,5200 S CICERO AVE,06/07/2015,39,1145195.931989777,1869737.708306623,41.798558278,-87.743071866,"(41.798558278193305, -87.74307186616427)"
WESTERN AND CERMAK,1002,2200 S WESTERN AVENUE,04/19/2017,1,1160669.42562757,1889318.196820393,41.85198384,-87.685785704,"(41.85198383957328, -87.68578570420526)"
IRVING PARK AND LARAMIE,1533,5200 W IRVING PARK ROA,06/08/2015,3,,,,,
MONTROSE AND WESTERN,1224,2400 W MONTROSE AVENUE,06/08/2015,2,1159562.971802959,1929191.337701253,41.961421726,-87.68874698,"(41.961421726406314, -87.68874697983858)"
WESTERN AND 79TH,2481,7900 S WESTERN AVE,06/07/2015,6,1161711.516404028,1852181.685686118,41.750054934,-87.682992203,"(41.750054933649984, -87.68299220290213)"
PULASKI AND DIVERSEY,1542,2800 N PULASKI ROAD,06/08/2015,3,1149200.724531183,1918332.222549679,41.931831026,-87.727126873,"(41.93183102561505, -87.72712687300454)"
71ST AND ASHLAND,2394,1600 W 71ST,06/08/2015,3,1166890.012333149,1857674.2502247,41.765018306,-87.66385923,"(41.76501830555763, -87.66385923012646)"
CICERO AND PETERSON,1202,6000 N CICERO AVENUE,06/07/2015,5,1143247.733553094,1939479.342905704,41.989973915,-87.748473024,"(41.98997391514614, -87.74847302426933)"
CICERO AND WASHINGTON,1892,100 N CICERO AVENUE,06/08/2015,3,1144328.984091479,1900095.170838459,41.88187971,-87.745489247,"(41.88187970991601, -87.7454892473012)"
CLARK AND IRVING PARK,1093,1300 W IRVING PARK ROAD,06/07/2015,2,1166777.545456989,1926719.73687357,41.954487567,-87.662293496,"(41.95448756687966, -87.66229349585691)"
MILWAUKEE AND DEVON,1274,6400 W DEVON AVENUE,06/07/2015,11,1132590.619798275,1942138.532048656,41.997463981,-87.787610243,"(41.99746398102873, -87.78761024341388)"
SHERIDAN AND FOSTER,1134,1000 W FOSTER AVE,06/08/2015,3,1168689.247756979,1934758.578141654,41.976505116,-87.655031882,"(41.97650511595711, -87.65503188224778)"
FOSTER AND BROADWAY,1113,1200 W FOSTER AVE,01/29/2017,1,1167357.095930752,1934721.393266777,41.97643192,-87.659931806,"(41.97643192018459, -87.65993180604016)"
ELSTON AND IRVING PARK,1503,3700 W IRVING PARK ROA,06/07/2015,3,,,,,
LARAMIE AND MADISON,2044,5200 W MADISON STREET,06/07/2015,16,1141706.965522802,1899567.55684314,41.880480752,-87.755130433,"(41.88048075170171, -87.75513043296509)"
FOSTER AND NAGLE,1031,5200 N NAGLE,06/08/2015,5,1132529.656558223,1934201.702060651,41.97568567,-87.788020406,"(41.97568566971868, -87.78802040620296)"
HALSTED AND FULLERTON,1701,2400 N HALSTED STREET,06/08/2015,2,1170501.602639925,1916200.061550148,41.925540315,-87.648912156,"(41.925540315431995, -87.64891215551155)"
STONEY ISLAND AND 79TH,2462,7900 S STONEY ISLAND,06/07/2015,3,1188181.571068297,1852908.934789311,41.751460603,-87.585971993,"(41.75146060316686, -87.5859719929647)"
BELMONT AND KEDZIE,1372,3200 N KEDZIE AVE,06/08/2015,17,1154426.977874407,1921110.466549542,41.93935173,-87.707846594,"(41.93935173030961, -87.70784659359776)"
ROOSEVELT AND PULASKI,2311,1200 S PULASKI ROAD,06/07/2015,2,1149866.002247864,1894375.839200384,41.866079337,-87.725305995,"(41.86607933722178, -87.7253059948758)"
AUSTIN AND ADDISON,1491,3600 N AUSTIN AVENUE,06/07/2015,6,1135691.599896458,1923335.967306169,41.945813215,-87.776652162,"(41.9458132146695, -87.77665216156436)"
HALSTED AND MADISON,1872,1 N HALSTED STREET,06/07/2015,6,1171090.967986833,1900270.454015136,41.881815632,-87.647214717,"(41.88181563164203, -87.64721471704077)"
WENTWORTH AND GARFIELD,2264,200 W GARFIELD BLVD,06/08/2015,14,1175889.574397302,1868551.750512227,41.794670385,-87.630547476,"(41.79467038468937, -87.63054747605638)"
CALIFORNIA AND DEVON,1321,6400 N CALIFORNIA AVE,06/07/2015,3,1156461.150245401,1942370.37710537,41.997649133,-87.699792629,"(41.997649133049336, -87.69979262891378)"
LARAMIE AND MADISON,2043,5200 W MADISON STREET,06/08/2015,1,1141706.965522802,1899567.55684314,41.880480752,-87.755130433,"(41.88048075170171, -87.75513043296509)"
CICERO AND ARMITAGE,2001,2000 N CICERO AVENUE,06/08/2015,1,1144031.525719004,1912881.8300295,41.916973325,-87.746260223,"(41.91697332451097, -87.74626022251057)"
PULASKI AND NORTH,1994,4000 W NORTH AVENUE,06/08/2015,2,1149456.2688422,1910376.774019002,41.909995582,-87.726394693,"(41.90999558160536, -87.72639469321471)"
LASALLE AND KINZIE,1921,400 N LASALLE,06/07/2015,3,1175028.579766798,1903002.552291359,41.889225372,-87.632674115,"(41.88922537162015, -87.63267411498495)"
CICERO AND WASHINGTON,1891,100 N CICERO AVENUE,01/29/2017,8,1144328.984091479,1900095.170838459,41.88187971,-87.745489247,"(41.88187970991601, -87.7454892473012)"
CLARK AND IRVING PARK,1093,1300 W IRVING PARK ROAD,06/08/2015,2,1166777.545456989,1926719.73687357,41.954487567,-87.662293496,"(41.95448756687966, -87.66229349585691)"
ROOSEVELT AND KOSTNER,2323,4400 W ROOSEVELT,06/07/2015,6,1147200.963258796,1894379.538078088,41.866140868,-87.73508956,"(41.866140867641654, -87.73508956008207)"
ASHLAND AND 87TH,2452,8700 S ASHLAND AVE,06/07/2015,2,1167150.470087748,1846991.212339794,41.735696989,-87.663209544,"(41.73569698863625, -87.66320954445679)"
CICERO AND ARMITAGE,2003,4800 W ARMITAGE AVENUE,06/08/2015,1,1144054.25126508,1912907.00926109,41.917041992,-87.746176095,"(41.91704199201953, -87.74617609464687)"
CERMAK AND PULASKI,2334,4000 W CERMAK,06/08/2015,6,1150018.476053666,1889120.238540361,41.851654369,-87.724882975,"(41.85165436867626, -87.7248829753078)"
LAFAYETTE AND 87TH,2502,8700 S LAFAYETTE AVEN,06/08/2015,12,1177417.493180297,1847243.988223464,41.73616511,-87.625587569,"(41.73616511008592, -87.62558756899932)"
WESTERN AND DEVON,1211,6400 N WESTERN AVENUE,06/07/2015,3,1159113.585759434,1942451.622367891,41.997817807,-87.690033035,"(41.997817807026, -87.69003303469276)"
CALIFORNIA AND DIVERSEY,1514,2800 W DIVERSEY,06/08/2015,38,1157212.54253358,1918526.674434943,41.932205395,-87.697679244,"(41.93220539506452, -87.6976792438691)"
IRVING PARK AND KEDZIE,1354,3200 W IRVING PARK ROAD,06/08/2015,6,1154325.140302006,1926458.463197156,41.954029047,-87.708077494,"(41.95402904691877, -87.70807749383191)"
DAMEN AND FULLERTON,1663,2000 W FULLERTON AVE,06/08/2015,14,1162596.935552891,1915990.579747891,41.925134944,-87.677963546,"(41.92513494374925, -87.67796354553815)"
HOLLYWOOD AND SHERIDAN,1344,1000 W HOLLYWOOD AVE,06/08/2015,30,1168580.228926466,1938090.295189338,41.985649799,-87.655335807,"(41.98564979859328, -87.65533580655139)"
ROOSEVELT AND KOSTNER,2321,1200 S KOSTNER,06/07/2015,6,1147196.304001978,1894305.883269746,41.865938839,-87.735108549,"(41.8659388389088, -87.73510854901264)"
DIVERSEY AND WESTERN,1431,2800 N WESTERN AVENUE,06/08/2015,3,1159837.205417355,1918550.506189309,41.932216988,-87.688033281,"(41.93221698794738, -87.68803328089533)"
CLARK AND FULLERTON,1632,2400 N CLARK ST,06/08/2015,1,1172749.562209477,1916238.997132859,41.925597623,-87.640650973,"(41.925597623023144, -87.64065097309872)"
CICERO AND HARRISON,2023,4800 W HARRISON STREET,06/08/2015,1,1144451.867388303,1896949.561959463,41.873245464,-87.745117179,"(41.873245464379586, -87.7451171788807)"
HALSTED AND NORTH,1761,1600 N HALSTED STREET,06/08/2015,4,1170678.283433825,1910880.991397547,41.910940644,-87.648419043,"(41.91094064391597, -87.64841904272998)"
LAKE SHORE DR AND BELMONT,1412,3200 N LAKESHORE DRIV,06/07/2015,6,1173053.220555078,1921821.380831705,41.940909163,-87.63936916,"(41.94090916326764, -87.63936915995522)"
PULASKI AND DIVISION,1802,1200 N PULASKI ROAD,06/08/2015,2,1149459.590666926,1907723.219884254,41.902713902,-87.726451457,"(41.902713901936174, -87.72645145715836)"
KEDZIE AND 71ST,2354,3200 W 71ST STREET,06/08/2015,1,1156246.862901455,1857404.014959868,41.764497433,-87.702877023,"(41.76449743256955, -87.70287702335861)"
MILWAUKEE AND DEVON,1274,6400 W DEVON AVENUE,06/08/2015,3,1132590.619798275,1942138.532048656,41.997463981,-87.787610243,"(41.99746398102873, -87.78761024341388)"
KEDZIE AND 31ST,2134,3200 W 31ST STREET,06/08/2015,1,1155487.128005646,1883943.061106793,41.8373395,-87.704950558,"(41.83733950029648, -87.70495055800411)"
ARCHER AND CICERO,2081,5200 S CICERO AVE,06/08/2015,25,1145195.931989777,1869737.708306623,41.798558278,-87.743071866,"(41.798558278193305, -87.74307186616427)"
ELSTON AND LAWRENCE,1284,4440 W LAWRENCE AVENUE,06/08/2015,4,1145715.061027481,1931571.0474838,41.968226398,-87.739599251,"(41.96822639754791, -87.73959925065756)"
IRVING PARK AND KEDZIE,1354,3200 W IRVING PARK ROAD,06/07/2015,5,1154325.140302006,1926458.463197156,41.954029047,-87.708077494,"(41.95402904691877, -87.70807749383191)"
4700 WESTERN,2141,4700 S WESTERN AVENUE,06/08/2015,1,1161120.438879703,1873431.066474726,41.808378408,-87.684570717,"(41.808378407946726, -87.68457071689552)"
31ST ST AND MARTIN LUTHER KING DRIVE,2123,400 E 31ST STREET,06/07/2015,3,1179437.985396417,1884565.84226022,41.838534018,-87.617046113,"(41.838534018118914, -87.61704611345726)"
WESTERN AND CHICAGO,1941,800 N WESTERN AVE,06/08/2015,5,1160220.967978608,1905277.507115921,41.895786955,-87.686990586,"(41.89578695485361, -87.68699058611217)"
CICERO AND FULLERTON,1474,4800 W FULLERTON AVE,01/29/2017,4,1143967.570794243,1915568.504954477,41.924347036,-87.74642764,"(41.924347036010694, -87.74642763965628)"
LAKE SHORE DR AND BELMONT,1413,400 W BELMONT AVE,06/07/2015,48,1172981.744869382,1921577.376128802,41.940241193,-87.639639114,"(41.94024119325571, -87.63963911427594)"
STONEY ISLAND AND 79TH,2464,1600 E 79TH ST,06/08/2015,3,1188284.704439907,1852964.829047574,41.751611523,-87.585592284,"(41.75161152327319, -87.58559228428787)"
PULASKI AND 63RD,2342,6300 S PULASKI RD,06/07/2015,8,1150746.00309079,1862516.747695325,41.778636469,-87.722906356,"(41.77863646878099, -87.72290635568541)"
KEDZIE AND ARMITAGE,1832,2000 N KEDZIE AVENUE,06/08/2015,2,1154684.031809326,1913129.496340896,41.917446172,-87.707116072,"(41.91744617191702, -87.70711607187832)"
LAWRENCE AND WESTERN,1193,2400 W LAWRENCE AVENUE,06/07/2015,2,1159482.648570304,1931851.989492596,41.968724349,-87.688968727,"(41.96872434882172, -87.68896872699601)"
HALSTED AND NORTH,1764,800 W NORTH AVENUE,06/08/2015,8,1170700.68422007,1910913.190749698,41.91102851,-87.648335806,"(41.91102850981186, -87.64833580602037)"
DAMEN AND FULLERTON,1663,2000 W FULLERTON AVE,06/07/2015,14,1162596.935552891,1915990.579747891,41.925134944,-87.677963546,"(41.92513494374925, -87.67796354553815)"
WESTERN AND CHICAGO,1941,800 N WESTERN AVE,06/07/2015,1,1160220.967978608,1905277.507115921,41.895786955,-87.686990586,"(41.89578695485361, -87.68699058611217)"
CENTRAL AND ADDISON,1683,5600 W ADDISON STREET,06/08/2015,2,1138349.663302502,1923416.02157061,41.945985104,-87.766879952,"(41.94598510430888, -87.76687995165918)"
CICERO AND HARRISON,2022,600 S CICERO AVENUE,06/08/2015,5,1144444.97442848,1896894.622216872,41.873094833,-87.745143869,"(41.873094832519136, -87.74514386884542)"
LAFAYETTE AND 87TH,2502,8700 S LAFAYETTE AVEN,01/29/2017,16,1177417.493180297,1847243.988223464,41.73616511,-87.625587569,"(41.73616511008592, -87.62558756899932)"
ASHLAND AND 95TH,2472,9500 S ASHLAND AVENUE,06/08/2015,7,1167295.830128711,1841695.121217916,41.721160612,-87.662828139,"(41.72116061205213, -87.66282813939165)"
35TH AND WESTERN,2092,3500 S WESTERN,06/08/2015,1,1160894.949857101,1881376.851112895,41.830187255,-87.685177925,"(41.83018725526863, -87.68517792510231)"
PULASKI AND IRVING PARK,1572,4000 N PULASKI ROAD,06/08/2015,1,1148970.255325552,1926313.600468643,41.953737051,-87.727766612,"(41.95373705144353, -87.72776661179896)"
WESTERN AND FOSTER,1072,5200 N WESTERN AVE,06/08/2015,1,1159372.922497116,1934478.313674003,41.975933372,-87.689299589,"(41.97593337199358, -87.6892995891816)"
111TH AND HALSTED,2422,11100 S HALSTED ST,06/07/2015,3,1172923.657689312,1831209.044179248,41.692263123,-87.642522688,"(41.692263123425136, -87.6425226876268)"
CANAL AND ROOSEVELT,2291,1200 S CANAL STREET,06/08/2015,6,1173268.771030949,1894952.634878732,41.867175125,-87.639375813,"(41.86717512472001, -87.63937581258092)"
CANAL AND ROOSEVELT,2291,1200 S CANAL STREET,06/07/2015,5,1173268.771030949,1894952.634878732,41.867175125,-87.639375813,"(41.86717512472001, -87.63937581258092)"
STATE AND 79TH,2651,7900 S STATE STREET,06/07/2015,9,1177618.166929966,1852621.870232838,41.750918138,-87.624690123,"(41.7509181383154, -87.62469012251644)"
HAMLIN AND MADISON,1903,3800 W MADISON STREET,06/07/2015,4,1151032.709141294,1899784.033986533,41.880897273,-87.720881226,"(41.880897273491264, -87.72088122613924)"
IRVING PARK AND KILPATRICK,2763,4700 W IRVING PARK ROA,06/07/2015,7,,,,,
PULASKI AND ARCHER,2154,5000 S ARCHER AVE,06/08/2015,1,1150501.818909837,1871162.311703322,41.802365973,-87.723576766,"(41.80236597333895, -87.72357676611004)"
55TH AND KEDZIE,2162,5500 S KEDZIE AVENUE,06/08/2015,1,1155945.854705238,1867941.621374192,41.793420237,-87.703697508,"(41.793420236755864, -87.70369750845424)"
JEFFERY AND 95TH,2522,9500 S JEFFERY AVE,06/07/2015,3,1191132.420601301,1842335.735988875,41.722375907,-87.575499903,"(41.72237590704101, -87.57549990332795)"
ASHLAND AND FULLERTON,1652,2400 N ASHLAND AVENUE,06/07/2015,11,1165228.073342838,1916032.319169157,41.92519389,-87.668294363,"(41.92519388981048, -87.66829436339881)"
PULASKI AND 63RD,2342,6300 S PULASKI RD,06/08/2015,5,1150746.00309079,1862516.747695325,41.778636469,-87.722906356,"(41.77863646878099, -87.72290635568541)"
IRVING PARK AND CALIFORNIA,1234,2800 W IRVING PARK ROA,06/08/2015,4,,,,,
COLUMBUS AND ILLINOIS,1951,500 N COLUMBUS DRIVE,06/07/2015,16,1178372.808407292,1903693.06016042,41.891044569,-87.620371839,"(41.891044569124276, -87.620371839074)"
WESTERN AND FOSTER,1074,2400 W FOSTER AVE,06/08/2015,3,1159379.402846887,1934502.712486132,41.97600019,-87.689275084,"(41.97600018976586, -87.68927508385399)"
PERSHING AND WESTERN,2114,2400 W PERSHING ROAD,06/07/2015,2,1160957.773623189,1878793.434193427,41.82309676,-87.685018951,"(41.82309676016606, -87.68501895061576)"
PULASKI AND BELMONT,1382,3200 N PULASKI RD,06/08/2015,1,1149125.621478734,1920994.556178086,41.939138154,-87.72733371,"(41.939138153500274, -87.7273337101426)"
ASHLAND AND MADISON,1914,1600 W MADISON,06/07/2015,2,1165723.014733182,1900136.515489506,41.881564167,-87.666929463,"(41.8815641670199, -87.66692946294842)"
HALSTED AND 103RD,2592,10300 S HALSTED STREE,06/07/2015,4,,,,,
LAKE SHORE DR AND BELMONT,1413,400 W BELMONT AVE,06/08/2015,38,1172981.744869382,1921577.376128802,41.940241193,-87.639639114,"(41.94024119325571, -87.63963911427594)"
PULASKI AND DIVISION,1801,1200 N PULASKI ROAD,06/08/2015,4,1149459.590666926,1907723.219884254,41.902713902,-87.726451457,"(41.902713901936174, -87.72645145715836)"
CALIFORNIA AND DIVERSEY,1513,2800 W DIVERSEY,06/08/2015,2,1157212.54253358,1918526.674434943,41.932205395,-87.697679244,"(41.93220539506452, -87.6976792438691)"
PULASKI AND PETERSON,1262,6000 N PULASKI ROAD,06/07/2015,2,1148598.016685695,1939584.645960177,41.990160923,-87.728790748,"(41.99016092280557, -87.72879074759867)"
STONEY ISLAND AND 76TH,2632,7600 S STONY ISLAND A,06/07/2015,5,1188092.796191935,1854889.354158304,41.756897173,-87.586234285,"(41.75689717260223, -87.58623428506996)"
SACRAMENTO AND CHICAGO,1814,3000 W CHICAGO AVENUE,06/07/2015,2,1156075.266375505,1905216.604770718,41.895704525,-87.702218524,"(41.895704524946225, -87.70221852353758)"
STATE AND 79TH,2654,1 E 79TH STREET,06/07/2015,22,1177680.113652821,1852598.313477786,41.750852096,-87.624463832,"(41.75085209551078, -87.62446383210285)"
ROOSEVELT AND HALSTED,2234,800 W ROOSEVELT ROAD,06/07/2015,11,1171199.282357741,1894968.056393724,41.867263098,-87.646972686,"(41.86726309836901, -87.64697268601648)"
55TH AND WESTERN,2212,5500 S WESTERN AVE,06/07/2015,5,1161269.521335262,1867963.111601251,41.793370554,-87.684175377,"(41.79337055433029, -87.6841753767592)"
ASHLAND AND FULLERTON,1651,2400 N ASHLAND AVENUE,06/08/2015,8,1165228.073342838,1916032.319169157,41.92519389,-87.668294363,"(41.92519388981048, -87.66829436339881)"
HARLEM AND BELMONT,1394,7200 W BELMONT AVE,06/08/2015,2,1127504.698153561,1920475.415440844,41.938105479,-87.806809552,"(41.93810547939496, -87.80680955240743)"
PULASKI AND IRVING PARK,1574,4000 W IRVING PARK RD,06/07/2015,11,1148988.727877253,1926320.954938409,41.953756874,-87.727698513,"(41.95375687447515, -87.72769851312907)"
PULASKI AND PETERSON,1263,4000 W PETERSON AVENUE,06/07/2015,9,1148618.560490339,1939615.133928395,41.990244186,-87.728714391,"(41.99024418564742, -87.7287143910091)"
WESTERN AND MARQUETTE,2672,6700 S WESTERN AVENUE,06/08/2015,19,1161488.747635042,1860134.788366884,41.771884028,-87.683588402,"(41.77188402771193, -87.68358840206334)"
WESTERN AND 79TH,2484,2400 W 79TH ST,06/08/2015,1,1161758.68085177,1852242.255513454,41.750220168,-87.682817693,"(41.75022016799851, -87.68281769253687)"
LARAMIE AND MADISON,2044,5200 W MADISON STREET,06/08/2015,20,1141706.965522802,1899567.55684314,41.880480752,-87.755130433,"(41.88048075170171, -87.75513043296509)"
CLARK AND FULLERTON,1631,2400 N CLARK ST,06/07/2015,4,1172749.562209477,1916238.997132859,41.925597623,-87.640650973,"(41.925597623023144, -87.64065097309872)"
WESTERN AND CERMAK,1002,2200 S WESTERN AVENUE,06/08/2015,7,1160669.42562757,1889318.196820393,41.85198384,-87.685785704,"(41.85198383957328, -87.68578570420526)"
CENTRAL AND BELMONT,1602,3200 N CENTRAL AVENUE,06/07/2015,1,1138430.432324593,1920731.654410336,41.938617463,-87.766648297,"(41.938617463272884, -87.76664829683827)"
IRVING PARK AND KILPATRICK,2763,4700 W IRVING PARK ROA,06/08/2015,7,,,,,
HALSTED AND NORTH,1761,1600 N HALSTED STREET,06/07/2015,4,1170678.283433825,1910880.991397547,41.910940644,-87.648419043,"(41.91094064391597, -87.64841904272998)"
PULASKI AND LAWRENCE,1173,4000 W LAWRENCE AVENUE,06/07/2015,1,1148844.220085601,1931638.45430438,41.968351285,-87.728091672,"(41.96835128527914, -87.72809167198088)"
CORTLAND AND ASHLAND,1721,1900 N ASHLAND AVE,06/08/2015,14,1165348.084854857,1912736.454335569,41.916147281,-87.667947354,"(41.91614728095272, -87.66794735350443)"
KEDZIE AND 71ST,2354,3200 W 71ST STREET,06/07/2015,3,1156246.862901455,1857404.014959868,41.764497433,-87.702877023,"(41.76449743256955, -87.70287702335861)"
KEDZIE AND 63RD,2364,3200 W 63RD ST,06/07/2015,2,1156103.348831225,1862717.565210739,41.779081505,-87.703260365,"(41.77908150488341, -87.70326036544745)"
PULASKI AND NORTH,1994,4000 W NORTH AVENUE,06/07/2015,2,1149456.2688422,1910376.774019002,41.909995582,-87.726394693,"(41.90999558160536, -87.72639469321471)"
MADISON AND WESTERN,1931,1 S WESTERN AVE,06/08/2015,3,1160453.827721979,1899933.703473746,41.881118279,-87.686283339,"(41.881118278833966, -87.686283338873)"
KOSTNER AND NORTH,2013,4400 W NORTH,06/07/2015,9,1146738.551618032,1910309.595368032,41.909863573,-87.736380296,"(41.90986357340246, -87.73638029605371)"
LARAMIE AND FULLERTON,1424,5200 W FULLERTON AVENUE,06/07/2015,6,1141305.554932016,1915502.611239048,41.924215797,-87.756210755,"(41.92421579723144, -87.75621075458939)"
LAFAYETTE AND 87TH,2502,8700 S LAFAYETTE AVEN,06/07/2015,6,1177417.493180297,1847243.988223464,41.73616511,-87.625587569,"(41.73616511008592, -87.62558756899932)"
HOLLYWOOD AND SHERIDAN,1344,1000 W HOLLYWOOD AVE,06/07/2015,24,1168580.228926466,1938090.295189338,41.985649799,-87.655335807,"(41.98564979859328, -87.65533580655139)"
DAMEN AND 63RD,2702,6300 S DAMEN AVENUE,01/29/2017,2,1164069.407943298,1862830.277442834,41.779226921,-87.674052731,"(41.77922692069256, -87.67405273137854)"
PETERSON AND WESTERN,1014,2400 W PETERSON,06/07/2015,10,1159214.211316277,1939825.301874586,41.99060901,-87.689735481,"(41.990609009807294, -87.68973548092968)"
IRVING PARK AND KILPATRICK,2763,4700 W IRVING PARK ROA,01/29/2017,3,,,,,
DIVERSEY AND AUSTIN,1454,6000 W DIVERSEY AVENUE,06/07/2015,1,1135895.736169343,1918029.70673837,41.931248624,-87.776028612,"(41.931248623643455, -87.77602861172493)"
WESTERN AND NORTH,1851,1600 N WESTERN AVE,06/08/2015,3,1160077.474351131,1910605.013316134,41.910409024,-87.687370268,"(41.91040902362901, -87.687370268401)"
CICERO AND NORTH,2033,4800 W NORTH AVENUE,06/08/2015,5,1144053.733747163,1910243.80567041,41.90973389,-87.746244973,"(41.909733890131285, -87.74624497295898)"
KEDZIE AND 26TH,2381,2600 S KEDZIE AVENUE,06/08/2015,1,1155404.235510285,1886524.460033054,41.844424831,-87.705185452,"(41.84442483084393, -87.70518545233183)"
CICERO AND ADDISON,1612,3600 N CICERO AVENUE,06/07/2015,2,1143698.904601495,1923517.005821035,41.946163524,-87.747215169,"(41.94616352362556, -87.74721516897007)"
DIVERSEY AND WESTERN,1434,2400 W DIVERSEY AVENUE,06/08/2015,1,1159859.648423836,1918576.255784305,41.932287183,-87.687950093,"(41.93228718299094, -87.6879500934122)"
ASHLAND AND IRVING PARK,1151,4000 N ASHLAND AVENUE,06/08/2015,1,1164899.463802581,1926665.661118925,41.954379326,-87.66919912,"(41.954379326212695, -87.66919911980419)"
CENTRAL AND LAKE,1743,5600 W LAKE STREET,06/08/2015,1,1138951.495695032,1902230.510465733,41.887838735,-87.765183663,"(41.887838735330206, -87.76518366338465)"
IRVING PARK AND KEDZIE,1353,3200 W IRVING PARK ROAD,06/08/2015,3,1154325.140302006,1926458.463197156,41.954029047,-87.708077494,"(41.95402904691877, -87.70807749383191)"
DAMEN AND 63RD,2702,6300 S DAMEN AVENUE,06/08/2015,1,1164069.407943298,1862830.277442834,41.779226921,-87.674052731,"(41.77922692069256, -87.67405273137854)"
HOMAN/KIMBALL AND NORTH,1773,3400 W NORTH AVE,06/07/2015,3,1153386.578905125,1910465.87061722,41.910162847,-87.711953868,"(41.91016284680269, -87.71195386769125)"
KOSTNER AND NORTH,2011,1600 N KOSTNER,06/07/2015,2,1146732.108679105,1910282.120990798,41.909788304,-87.736404667,"(41.90978830394343, -87.73640466739216)"
ELSTON AND ADDISON,1402,3600 N ELSTON AVE,06/08/2015,3,1154106.95251778,1923731.036211081,41.946549165,-87.708952626,"(41.94654916480637, -87.70895262603513)"
55TH AND WESTERN,2213,2400 W 55TH STREET,01/29/2017,5,1161277.012730599,1868185.749490228,41.793981347,-87.684141741,"(41.7939813465735, -87.68414174128355)"
KEDZIE AND 31ST,2132,3100 S KEDZIE AVENUE,06/07/2015,6,1155483.167539854,1883867.660503274,41.837132671,-87.704967115,"(41.837132671422296, -87.70496711478727)"
KOSTNER AND NORTH,2013,4400 W NORTH,06/08/2015,6,1146738.551618032,1910309.595368032,41.909863573,-87.736380296,"(41.90986357340246, -87.73638029605371)"
CENTRAL AND CHICAGO,1973,5600 W CHICAGO AVENUE,01/29/2017,1,1138858.856732452,1904825.827586656,41.894962293,-87.765460791,"(41.89496229349977, -87.76546079122906)"
ROOSEVELT AND PULASKI,2311,1200 S PULASKI ROAD,06/08/2015,2,1149866.002247864,1894375.839200384,41.866079337,-87.725305995,"(41.86607933722178, -87.7253059948758)"
55TH AND KEDZIE,2162,5500 S KEDZIE AVENUE,06/07/2015,2,1155945.854705238,1867941.621374192,41.793420237,-87.703697508,"(41.793420236755864, -87.70369750845424)"
CICERO AND FULLERTON,1474,4800 W FULLERTON AVE,06/07/2015,10,1143967.570794243,1915568.504954477,41.924347036,-87.74642764,"(41.924347036010694, -87.74642763965628)"
FOSTER AND NAGLE,1034,6400 W FOSTER,06/07/2015,2,1132552.893142153,1934229.875527466,41.975762574,-87.787934296,"(41.97576257447203, -87.7879342955108)"
FOSTER AND BROADWAY,1111,5200 N BROADWAY ST,04/19/2017,1,1167334.508577915,1934714.008346532,41.976412143,-87.660015082,"(41.97641214294823, -87.66001508205365)"
CALIFORNIA AND DEVON,1323,2800 W DEVON AVENUE,06/07/2015,1,1156484.528078038,1942377.980662191,41.997669523,-87.699706423,"(41.99766952286052, -87.69970642324591)"
STONY ISLAND/CORNELL AND 67TH,2721,6700 S STONY ISLAND A,06/07/2015,5,1187984.143047539,1860863.338367666,41.773292896,-87.586442368,"(41.77329289585066, -87.58644236831432)"
HALSTED AND 103RD,2592,10300 S HALSTED STREE,06/08/2015,6,,,,,
WESTERN AND MARQUETTE,2672,6700 S WESTERN AVENUE,06/07/2015,16,1161488.747635042,1860134.788366884,41.771884028,-87.683588402,"(41.77188402771193, -87.68358840206334)"
ELSTON AND ADDISON,1403,3216 W ADDISON ST,06/07/2015,3,1154199.729816868,1923799.345386665,41.946734755,-87.708609774,"(41.946734754927796, -87.7086097735515)"
LASALLE AND KINZIE,1921,400 N LASALLE,06/08/2015,5,1175028.579766798,1903002.552291359,41.889225372,-87.632674115,"(41.88922537162015, -87.63267411498495)"
WESTERN AND TOUHY,1251,7200 N WESTERN AVENUE,06/08/2015,3,1158975.66256211,1947754.286963361,42.012371335,-87.690393917,"(42.012371334791766, -87.69039391737863)"
IRVING PARK AND NARRAGANSETT,1024,6400 W IRVING PK,06/08/2015,3,1132945.939118726,1925946.304925137,41.953024751,-87.786683238,"(41.95302475075328, -87.78668323766634)"
HAMLIN AND MADISON,1901,0 N HAMLIN BOULEVARD,06/07/2015,8,,,,,
35TH AND WESTERN,2092,3500 S WESTERN,06/07/2015,2,1160894.949857101,1881376.851112895,41.830187255,-87.685177925,"(41.83018725526863, -87.68517792510231)"
WESTERN AND TOUHY,1252,7200 N WESTERN AVENUE,06/08/2015,3,1158975.66256211,1947754.286963361,42.012371335,-87.690393917,"(42.012371334791766, -87.69039391737863)"
DIVERSEY AND AUSTIN,1453,6000 W DIVERSEY AVENUE,06/07/2015,2,1135895.736169343,1918029.70673837,41.931248624,-87.776028612,"(41.931248623643455, -87.77602861172493)"
IRVING PARK AND LARAMIE,1534,5200 W IRVING PARK ROA,04/19/2017,2,,,,,
DAMEN AND 63RD,2701,6300 S DAMEN AVENUE,06/07/2015,1,1164069.407943298,1862830.277442834,41.779226921,-87.674052731,"(41.77922692069256, -87.67405273137854)"
CICERO AND 47TH,2202,4700 S CICERO AVE,06/07/2015,1,1145112.150373471,1873006.659918126,41.807530373,-87.743296821,"(41.80753037289406, -87.7432968212423)"
CICERO AND PETERSON,1204,4800 W PETERSON AVENUE,06/07/2015,2,1143273.766829016,1939491.944645127,41.990008007,-87.748376951,"(41.99000800729908, -87.74837695118997)"
WESTERN AND 71ST,2614,2400 W 71ST STREET,06/08/2015,3,1161584.506819846,1857557.788853485,41.764810388,-87.683308769,"(41.76481038827884, -87.68330876944678)"
JEFFERY AND 95TH,2523,2000 E 95TH ST,06/07/2015,1,1191188.381103057,1842410.411853539,41.722579473,-87.575292523,"(41.722579473126416, -87.57529252250366)"
WESTERN AND MARQUETTE,2672,6700 S WESTERN AVENUE,01/29/2017,6,1161488.747635042,1860134.788366884,41.771884028,-87.683588402,"(41.77188402771193, -87.68358840206334)"
HOMAN/KIMBALL AND NORTH,1773,3400 W NORTH AVE,06/08/2015,1,1153386.578905125,1910465.87061722,41.910162847,-87.711953868,"(41.91016284680269, -87.71195386769125)"
AUSTIN AND IRVING PARK,1161,4000 N AUSTIN AVENUE,06/07/2015,2,1135599.956110927,1926006.862619986,41.953144059,-87.776925284,"(41.95314405904539, -87.77692528423394)"
WESTERN AND DEVON,1212,6400 N WESTERN AVENUE,06/08/2015,1,1159113.585759434,1942451.622367891,41.997817807,-87.690033035,"(41.997817807026, -87.69003303469276)"
35TH AND WESTERN,2091,3500 S WESTERN,06/07/2015,5,1160894.949857101,1881376.851112895,41.830187255,-87.685177925,"(41.83018725526863, -87.68517792510231)"
CICERO AND NORTH,2034,4800 W NORTH AVENUE,06/08/2015,5,1144053.733747163,1910243.80567041,41.90973389,-87.746244973,"(41.909733890131285, -87.74624497295898)"
55TH and PULASKI,2244,4000 W 55TH ST,06/07/2015,2,1150621.676903861,1867864.274865394,41.793313334,-87.723223038,"(41.79331333358753, -87.72322303812588)"
VAN BUREN AND WESTERN,2052,400 S WESTERN AVENUE,06/07/2015,33,1160431.682297829,1898091.942371589,41.876064776,-87.686415631,"(41.87606477642526, -87.68641563098768)"
CICERO AND DIVERSEY,1694,4800 W DIVERSEY AVENUE,06/07/2015,2,1143869.848167704,1918226.043989398,41.93164142,-87.746719911,"(41.93164142040689, -87.7467199106462)"
79TH AND HALSTED,2543,800 W 79TH STREET,06/08/2015,5,1172320.105719411,1852517.9814434,41.750751157,-87.644107793,"(41.75075115747316, -87.64410779300933)"
111TH AND HALSTED,2424,800 W 111TH ST,06/08/2015,1,1172945.404219168,1831282.917027882,41.692465363,-87.642440901,"(41.692465363421874, -87.64244090105778)"
CALIFORNIA AND DIVERSEY,1513,2800 W DIVERSEY,06/07/2015,3,1157212.54253358,1918526.674434943,41.932205395,-87.697679244,"(41.93220539506452, -87.6976792438691)"
CICERO AND WASHINGTON,1891,100 N CICERO AVENUE,06/07/2015,19,1144328.984091479,1900095.170838459,41.88187971,-87.745489247,"(41.88187970991601, -87.7454892473012)"
HARLEM AND BELMONT,1391,3200 N HARLEM AVE,06/07/2015,3,1127481.020995451,1920467.613239239,41.938084468,-87.806896749,"(41.93808446822169, -87.80689674887883)"
CALIFORNIA AND DIVERSEY,1514,2800 W DIVERSEY,06/07/2015,32,1157212.54253358,1918526.674434943,41.932205395,-87.697679244,"(41.93220539506452, -87.6976792438691)"
CORTLAND AND ASHLAND,1723,1600 W CORTLAND ST,06/08/2015,3,1165377.660768235,1912768.773647285,41.916235337,-87.667837772,"(41.91623533746878, -87.66783777212962)"
CENTRAL AND CHICAGO,1973,5600 W CHICAGO AVENUE,06/07/2015,4,1138858.856732452,1904825.827586656,41.894962293,-87.765460791,"(41.89496229349977, -87.76546079122906)"
CICERO AND CHICAGO,1781,800 N CICERO AVENUE,01/29/2017,4,1144169.162482127,1904893.189220372,41.895049038,-87.745955516,"(41.89504903796389, -87.74595551626888)"
CALIFORNIA AND DEVON,1321,6400 N CALIFORNIA AVE,01/29/2017,3,1156461.150245401,1942370.37710537,41.997649133,-87.699792629,"(41.997649133049336, -87.69979262891378)"
SACRAMENTO AND LAKE,1822,150 N SACRAMENTO BOUL,06/08/2015,3,1156319.560664766,1900957.489351962,41.884012178,-87.701436479,"(41.88401217771363, -87.7014364786693)"
CICERO AND CHICAGO,1783,4800 W CHICAGO AVENUE,06/08/2015,3,1144175.291152764,1904916.255225279,41.895112219,-87.745932427,"(41.89511221857764, -87.74593242701515)"
CENTRAL AND LAKE,1742,400 N CENTRAL AVENUE,01/29/2017,8,1138928.478257537,1902217.926149854,41.887804621,-87.765268498,"(41.88780462053497, -87.76526849810371)"
SACRAMENTO AND LAKE,1821,150 N SACRAMENTO BOUL,06/08/2015,1,1156319.560664766,1900957.489351962,41.884012178,-87.701436479,"(41.88401217771363, -87.7014364786693)"
COTTAGE GROVE AND 71ST,2571,7100 S COTTAGE GROVE,06/07/2015,1,1182746.23698699,1858088.011064538,41.765800351,-87.605729127,"(41.76580035131893, -87.6057291269901)"
DIVERSEY AND AUSTIN,1454,6000 W DIVERSEY AVENUE,06/08/2015,2,1135895.736169343,1918029.70673837,41.931248624,-87.776028612,"(41.931248623643455, -87.77602861172493)"
ROOSEVELT AND KOSTNER,2321,1200 S KOSTNER,06/08/2015,5,1147196.304001978,1894305.883269746,41.865938839,-87.735108549,"(41.8659388389088, -87.73510854901264)"
KIMBALL AND DIVERSEY,1581,2800 N KIMBALL AVENUE,06/07/2015,1,,,,,
HARLEM AND BELMONT,1394,7200 W BELMONT AVE,01/29/2017,3,1127504.698153561,1920475.415440844,41.938105479,-87.806809552,"(41.93810547939496, -87.80680955240743)"
KEDZIE AND 31ST,2132,3100 S KEDZIE AVENUE,06/08/2015,5,1155483.167539854,1883867.660503274,41.837132671,-87.704967115,"(41.837132671422296, -87.70496711478727)"
CANAL AND ROOSEVELT,2291,1200 S CANAL STREET,01/29/2017,4,1173268.771030949,1894952.634878732,41.867175125,-87.639375813,"(41.86717512472001, -87.63937581258092)"
71ST AND ASHLAND,2394,1600 W 71ST,07/28/2015,4,1166890.012333149,1857674.2502247,41.765018306,-87.66385923,"(41.76501830555763, -87.66385923012646)"
MONTROSE AND WESTERN,1224,2400 W MONTROSE AVENUE,07/28/2015,3,1159562.971802959,1929191.337701253,41.961421726,-87.68874698,"(41.961421726406314, -87.68874697983858)"
ROOSEVELT AND PULASKI,2311,1200 S PULASKI ROAD,07/28/2015,2,1149866.002247864,1894375.839200384,41.866079337,-87.725305995,"(41.86607933722178, -87.7253059948758)"
ROOSEVELT AND KOSTNER,2323,4400 W ROOSEVELT,06/08/2015,13,1147200.963258796,1894379.538078088,41.866140868,-87.73508956,"(41.866140867641654, -87.73508956008207)"
ASHLAND AND LAWRENCE,1142,4800 N ASHLAND AVENUE,06/08/2015,5,1164751.686785145,1932001.206626392,41.96902343,-87.669590434,"(41.969023429614026, -87.66959043354217)"
CHICAGO AND CLARK,1964,100 W CHICAGO AVENUE,06/08/2015,2,1175374.528739575,1905745.47783364,41.896744347,-87.631321248,"(41.896744346875806, -87.63132124815151)"
VAN BUREN AND WESTERN,2054,2400 W VAN BUREN STREE,06/07/2015,5,,,,,
STONEY ISLAND AND 79TH,2462,7900 S STONEY ISLAND,06/08/2015,8,1188181.571068297,1852908.934789311,41.751460603,-87.585971993,"(41.75146060316686, -87.5859719929647)"
PERSHING AND WESTERN,2112,3900 S WESTERN BLVD,06/07/2015,8,1161130.992078755,1878746.226354636,41.822963628,-87.684384785,"(41.82296362788048, -87.68438478541296)"
35TH AND WESTERN,2091,3500 S WESTERN,06/08/2015,3,1160894.949857101,1881376.851112895,41.830187255,-87.685177925,"(41.83018725526863, -87.68517792510231)"
75TH AND STATE,2624,1 E 75TH STREET,06/08/2015,4,1177601.72646404,1855229.486604181,41.758074111,-87.624671658,"(41.75807411097799, -87.62467165835182)"
CICERO AND FULLERTON,1472,2400 N CICERO AVE,06/07/2015,3,1143961.592189569,1915545.343094087,41.92428359,-87.74645019,"(41.92428358982701, -87.74645019028947)"
CENTRAL AND FULLERTON,1442,2400 N CENTRAL AVENUE,06/08/2015,1,1138603.468418662,1915431.058212414,41.924068922,-87.766141214,"(41.92406892227644, -87.76614121413186)"
STONEY ISLAND AND 76TH,2631,7600 S STONY ISLAND A,06/08/2015,12,1188092.796191935,1854889.354158304,41.756897173,-87.586234285,"(41.75689717260223, -87.58623428506996)"
BROADWAY/SHERIDAN AND DEVON,1123,1200 W DEVON AVE,01/29/2017,6,1167109.644248166,1942688.147952186,41.998298228,-87.660611661,"(41.99829822771884, -87.66061166063517)"
KOSTNER AND NORTH,2012,4400 W GRAND AVE,06/07/2015,2,1146773.519128439,1910425.663958581,41.91018141,-87.73624887,"(41.910181409597406, -87.73624887040725)"
PULASKI AND CHICAGO,1983,4000 W CHICAGO AVENUE,06/07/2015,5,1149561.855939692,1905086.596446259,41.895476752,-87.72614436,"(41.89547675163723, -87.72614435991626)"
79TH AND HALSTED,2541,7900 S HALSTED STREET,06/07/2015,2,1172298.707400847,1852444.344822186,41.750549559,-87.644188368,"(41.750549559438944, -87.64418836784098)"
ASHLAND AND 95TH,2472,9500 S ASHLAND AVENUE,06/07/2015,9,1167295.830128711,1841695.121217916,41.721160612,-87.662828139,"(41.72116061205213, -87.66282813939165)"
JEFFERY AND 95TH,2523,2000 E 95TH ST,06/08/2015,2,1191188.381103057,1842410.411853539,41.722579473,-87.575292523,"(41.722579473126416, -87.57529252250366)"
ASHLAND AND MADISON,1914,1600 W MADISON,06/08/2015,4,1165723.014733182,1900136.515489506,41.881564167,-87.666929463,"(41.8815641670199, -87.66692946294842)"
55TH AND WESTERN,2212,5500 S WESTERN AVE,06/08/2015,6,1161269.521335262,1867963.111601251,41.793370554,-87.684175377,"(41.79337055433029, -87.6841753767592)"
PULASKI AND PETERSON,1262,6000 N PULASKI ROAD,06/08/2015,2,1148598.016685695,1939584.645960177,41.990160923,-87.728790748,"(41.99016092280557, -87.72879074759867)"
KOSTNER AND NORTH,2011,1600 N KOSTNER,06/08/2015,1,1146732.108679105,1910282.120990798,41.909788304,-87.736404667,"(41.90978830394343, -87.73640466739216)"
OGDEN AND KOSTNER,2223,4400 W OGDEN AVENUE,06/08/2015,4,1147406.592439224,1887689.099869462,41.847777523,-87.734505969,"(41.84777752280453, -87.73450596874825)"
WESTERN AND DEVON,1211,6400 N WESTERN AVENUE,06/08/2015,1,1159113.585759434,1942451.622367891,41.997817807,-87.690033035,"(41.997817807026, -87.69003303469276)"
SHERIDAN AND FOSTER,1134,1000 W FOSTER AVE,06/07/2015,1,1168689.247756979,1934758.578141654,41.976505116,-87.655031882,"(41.97650511595711, -87.65503188224778)"
CALIFORNIA AND PETERSON,1313,2800 W PETERSON AVENUE,06/08/2015,3,1156569.515341857,1939784.830544118,41.990552082,-87.699464396,"(41.990552081681564, -87.69946439622785)"
ASHLAND AND MADISON,1911,0 N ASHLAND AVE,07/31/2015,9,,,,,
ASHLAND AND 87TH,2454,1600 W 87TH ST,06/07/2015,4,1167171.941297436,1847064.855345151,41.735898617,-87.663128781,"(41.735898617066006, -87.66312878090133)"
PULASKI AND FOSTER,1102,5200 N PULASKI RD,06/07/2015,3,1148746.251286324,1934286.914361976,41.97562074,-87.728383135,"(41.97562073966174, -87.72838313514907)"
55TH AND KEDZIE,2163,3200 W 55TH STREET,06/07/2015,4,1155966.956993183,1868015.593764152,41.793622803,-87.703618141,"(41.79362280329978, -87.70361814062049)"
CANAL AND ROOSEVELT,2294,500 W ROOSEVELT ROAD,06/08/2015,9,1173290.72186561,1895021.166235495,41.867362693,-87.639293195,"(41.867362692616666, -87.63929319464197)"
CERMAK AND PULASKI,2332,2200 S PULASKI,06/07/2015,3,1150012.876838243,1889071.75851865,41.851521442,-87.724904787,"(41.85152144233116, -87.7249047867499)"
CALIFORNIA AND PETERSON,1313,2800 W PETERSON AVENUE,01/29/2017,5,1156569.515341857,1939784.830544118,41.990552082,-87.699464396,"(41.990552081681564, -87.69946439622785)"
ASHLAND AND MADISON,1911,0 N ASHLAND AVE,06/07/2015,1,,,,,
BELMONT AND KEDZIE,1373,3200 W BELMONT,06/07/2015,5,1154461.587940363,1921143.091003516,41.939440561,-87.707718516,"(41.93944056117365, -87.70771851630873)"
31ST ST AND MARTIN LUTHER KING DRIVE,2121,3100 S DR MARTIN L KING,06/08/2015,7,,,,,
99TH AND HALSTED,2431,9900 S HALSTED ST,06/07/2015,10,1172689.754200318,1839171.652197216,41.714118868,-87.643145408,"(41.714118868089905, -87.64314540818165)"
55TH and PULASKI,2244,4000 W 55TH ST,06/08/2015,2,1150621.676903861,1867864.274865394,41.793313334,-87.723223038,"(41.79331333358753, -87.72322303812588)"
KEDZIE AND ARMITAGE,1834,3200 W ARMITAGE AVENUE,06/08/2015,4,1154700.851347995,1913153.252187904,41.917511023,-87.707053639,"(41.91751102291878, -87.7070536388797)"
ASHLAND AND FULLERTON,1652,2400 N ASHLAND AVENUE,06/08/2015,8,1165228.073342838,1916032.319169157,41.92519389,-87.668294363,"(41.92519388981048, -87.66829436339881)"
LARAMIE AND FULLERTON,1424,5200 W FULLERTON AVENUE,06/08/2015,7,1141305.554932016,1915502.611239048,41.924215797,-87.756210755,"(41.92421579723144, -87.75621075458939)"
119TH AND HALSTED,2402,11900 S HALSTED,06/08/2015,5,1173094.774616191,1825911.054609338,41.677720829,-87.642051845,"(41.67772082924762, -87.64205184498218)"
HAMLIN AND MADISON,1901,0 N HAMLIN BOULEVARD,06/08/2015,10,,,,,
CICERO AND NORTH,2033,4800 W NORTH AVENUE,06/07/2015,1,1144053.733747163,1910243.80567041,41.90973389,-87.746244973,"(41.909733890131285, -87.74624497295898)"
LAFAYETTE AND 87TH,2503,30 W 87TH STREET,06/08/2015,13,1177407.651800237,1847320.772058312,41.736376037,-87.625621311,"(41.736376036604916, -87.62562131092602)"
CENTRAL AND ADDISON,1682,3600 N CENTRAL AVENUE,06/08/2015,1,1138343.117435682,1923392.067464765,41.945919491,-87.766904594,"(41.945919490555106, -87.76690459426293)"
PULASKI AND IRVING PARK,1572,4000 N PULASKI ROAD,06/07/2015,1,1148970.255325552,1926313.600468643,41.953737051,-87.727766612,"(41.95373705144353, -87.72776661179896)"
111TH AND HALSTED,2422,11100 S HALSTED ST,06/08/2015,7,1172923.657689312,1831209.044179248,41.692263123,-87.642522688,"(41.692263123425136, -87.6425226876268)"
MILWAUKEE AND MONTROSE,1362,4400 N MILWAUKEE AVEN,06/08/2015,1,1141643.943268783,1928770.256316239,41.96061723,-87.75463824,"(41.9606172296957, -87.75463824007085)"
OGDEN AND KOSTNER,2222,2348 S KOSTNER AVENUE,06/07/2015,5,1147394.548182079,1887795.177782082,41.848068845,-87.734547457,"(41.8480688449598, -87.73454745748458)"
ASHLAND AND LAWRENCE,1143,1600 W LAWRENCE AVENUE,06/07/2015,5,1164771.946929007,1931988.254061312,41.968987457,-87.669516307,"(41.96898745654617, -87.66951630654926)"
SACRAMENTO AND CHICAGO,1814,3000 W CHICAGO AVENUE,06/08/2015,4,1156075.266375505,1905216.604770718,41.895704525,-87.702218524,"(41.895704524946225, -87.70221852353758)"
BELMONT AND KEDZIE,1371,3200 N KEDZIE AVENUE,06/08/2015,1,1154426.977874407,1921110.466549542,41.93935173,-87.707846594,"(41.93935173030961, -87.70784659359776)"
ASHLAND AND 95TH,2473,1600 W 95TH STREET,06/08/2015,9,1167323.753394196,1841755.029221382,41.721324412,-87.662724153,"(41.721324411975246, -87.66272415265087)"
KIMBALL AND DIVERSEY,1581,2800 N KIMBALL AVENUE,08/01/2015,3,,,,,
STONY ISLAND/CORNELL AND 67TH,2731,6700 S CORNELL DRIVE,01/29/2017,2,1188316.454860734,1860851.137456735,41.77325149,-87.5852246,"(41.77325148959568, -87.58522459967712)"
CICERO AND ADDISON,1612,3600 N CICERO AVENUE,06/08/2015,2,1143698.904601495,1923517.005821035,41.946163524,-87.747215169,"(41.94616352362556, -87.74721516897007)"
CHICAGO AND CLARK,1963,100 W CHICAGO AVENUE,06/08/2015,6,1175374.528739575,1905745.47783364,41.896744347,-87.631321248,"(41.896744346875806, -87.63132124815151)"
119TH AND HALSTED,2402,11900 S HALSTED,01/29/2017,8,1173094.774616191,1825911.054609338,41.677720829,-87.642051845,"(41.67772082924762, -87.64205184498218)"
55TH AND WESTERN,2213,2400 W 55TH STREET,06/07/2015,9,1161277.012730599,1868185.749490228,41.793981347,-87.684141741,"(41.7939813465735, -87.68414174128355)"
LARAMIE AND FULLERTON,1421,2400 N LARAMIE AVENUE,06/08/2015,1,1141282.877477884,1915479.163971956,41.924151874,-87.756294662,"(41.92415187425276, -87.75629466175003)"
CICERO AND DIVERSEY,1694,4800 W DIVERSEY AVENUE,06/08/2015,2,1143869.848167704,1918226.043989398,41.93164142,-87.746719911,"(41.93164142040689, -87.7467199106462)"
115TH AND HALSTED,2552,11500 S HALSTED STREE,06/08/2015,3,,,,,
LARAMIE AND FULLERTON,1424,5200 W FULLERTON AVENUE,01/29/2017,4,1141305.554932016,1915502.611239048,41.924215797,-87.756210755,"(41.92421579723144, -87.75621075458939)"
CENTRAL AND LAKE,1743,5600 W LAKE STREET,06/07/2015,2,1138951.495695032,1902230.510465733,41.887838735,-87.765183663,"(41.887838735330206, -87.76518366338465)"
CICERO AND ARMITAGE,2003,4800 W ARMITAGE AVENUE,01/29/2017,1,1144054.25126508,1912907.00926109,41.917041992,-87.746176095,"(41.91704199201953, -87.74617609464687)"
WESTERN AND NORTH,1853,2400 W NORTH AVE,06/08/2015,1,1160100.839010995,1910612.783367238,41.910429862,-87.687284221,"(41.91042986235867, -87.68728422050837)"
PULASKI AND ARMITAGE,1843,4000 W ARMITAGE AVENUE,06/08/2015,6,1149375.428872108,1913028.984273181,41.917275069,-87.726622746,"(41.91727506940875, -87.72662274644799)"
KEDZIE AND 71ST,2352,7100 S KEDZIE AVENUE,06/08/2015,5,1156225.540366296,1857330.103443232,41.764295037,-87.702957162,"(41.764295036756856, -87.70295716211793)"
PULASKI AND ARCHER,2153,5000 S ARCHER AVE,06/07/2015,2,1150501.818909837,1871162.311703322,41.802365973,-87.723576766,"(41.80236597333895, -87.72357676611004)"
LAKE SHORE DR AND BELMONT,1412,3200 N LAKESHORE DRIV,06/08/2015,7,1173053.220555078,1921821.380831705,41.940909163,-87.63936916,"(41.94090916326764, -87.63936915995522)"
WESTERN AND 79TH,2481,7900 S WESTERN AVE,06/08/2015,4,1161711.516404028,1852181.685686118,41.750054934,-87.682992203,"(41.750054933649984, -87.68299220290213)"
CICERO AND HARRISON,2023,4800 W HARRISON STREET,01/29/2017,1,1144451.867388303,1896949.561959463,41.873245464,-87.745117179,"(41.873245464379586, -87.7451171788807)"
63RD AND STATE,2712,6300 S STATE ST,06/08/2015,1,1177303.801895084,1863220.216755923,41.780008277,-87.625522512,"(41.78000827740796, -87.6255225119157)"
IRVING PARK AND CALIFORNIA,1234,2800 W IRVING PARK ROA,01/29/2017,8,,,,,
115TH AND HALSTED,2553,800 W 115TH STREET,06/07/2015,5,1173010.735357888,1828632.242070332,41.685190056,-87.642279564,"(41.68519005571938, -87.64227956401977)"
CICERO AND FULLERTON,1472,2400 N CICERO AVE,06/08/2015,5,1143961.592189569,1915545.343094087,41.92428359,-87.74645019,"(41.92428358982701, -87.74645019028947)"
HALSTED AND DIVISION,1714,800 W DIVISION,06/07/2015,3,1170767.827960358,1908259.644151662,41.903745557,-87.648167011,"(41.90374555734733, -87.64816701062779)"
CENTRAL AND CHICAGO,1972,800 N CENTRAL AVENUE,06/08/2015,9,1138836.562608552,1904801.732832435,41.894896579,-87.765543258,"(41.89489657939746, -87.76554325845893)"
PULASKI AND FOSTER,1102,5200 N PULASKI RD,06/08/2015,5,1148746.251286324,1934286.914361976,41.97562074,-87.728383135,"(41.97562073966174, -87.72838313514907)"
CICERO AND FULLERTON,1474,4800 W FULLERTON AVE,06/08/2015,4,1143967.570794243,1915568.504954477,41.924347036,-87.74642764,"(41.924347036010694, -87.74642763965628)"
PULASKI AND DIVERSEY,1542,2800 N PULASKI ROAD,06/07/2015,1,1149200.724531183,1918332.222549679,41.931831026,-87.727126873,"(41.93183102561505, -87.72712687300454)"
KEDZIE AND 31ST,2134,3200 W 31ST STREET,06/07/2015,4,1155487.128005646,1883943.061106793,41.8373395,-87.704950558,"(41.83733950029648, -87.70495055800411)"
VAN BUREN AND WESTERN,2052,400 S WESTERN AVENUE,06/08/2015,28,1160431.682297829,1898091.942371589,41.876064776,-87.686415631,"(41.87606477642526, -87.68641563098768)"
CENTRAL AND DIVERSEY,1644,5600 W DIVERSEY AVENUE,06/07/2015,1,1138539.758528398,1918097.096677271,41.931385977,-87.766310532,"(41.93138597683265, -87.76631053155157)"
STONEY ISLAND AND 76TH,2631,7600 S STONY ISLAND A,01/29/2017,12,1188092.796191935,1854889.354158304,41.756897173,-87.586234285,"(41.75689717260223, -87.58623428506996)"
PULASKI AND IRVING PARK,1574,4000 W IRVING PARK RD,01/29/2017,6,1148988.727877253,1926320.954938409,41.953756874,-87.727698513,"(41.95375687447515, -87.72769851312907)"
CLARK AND FULLERTON,1632,2400 N CLARK ST,06/07/2015,1,1172749.562209477,1916238.997132859,41.925597623,-87.640650973,"(41.925597623023144, -87.64065097309872)"
KEDZIE AND 63RD,2364,3200 W 63RD ST,06/08/2015,2,1156103.348831225,1862717.565210739,41.779081505,-87.703260365,"(41.77908150488341, -87.70326036544745)"
115TH AND HALSTED,2552,11500 S HALSTED STREE,06/07/2015,7,,,,,
99TH AND HALSTED,2433,800 W 99TH ST,06/08/2015,10,1172710.642565684,1839246.330602143,41.714323337,-87.643066714,"(41.71432333701137, -87.64306671421937)"
FOSTER AND BROADWAY,1113,1200 W FOSTER AVE,06/07/2015,1,1167357.095930752,1934721.393266777,41.97643192,-87.659931806,"(41.97643192018459, -87.65993180604016)"
ASHLAND AND IRVING PARK,1151,4000 N ASHLAND AVENUE,06/07/2015,6,1164899.463802581,1926665.661118925,41.954379326,-87.66919912,"(41.954379326212695, -87.66919911980419)"
111TH AND HALSTED,2424,800 W 111TH ST,06/07/2015,1,1172945.404219168,1831282.917027882,41.692465363,-87.642440901,"(41.692465363421874, -87.64244090105778)"
MILWAUKEE AND DEVON,1272,6400 N MILWAUKEE AVEN,06/07/2015,3,1132463.750397878,1942107.911507627,41.997382173,-87.788077674,"(41.99738217345368, -87.78807767391953)"
CORTLAND AND ASHLAND,1723,1600 W CORTLAND ST,06/07/2015,7,1165377.660768235,1912768.773647285,41.916235337,-87.667837772,"(41.91623533746878, -87.66783777212962)"
WESTERN AND TOUHY,1251,7200 N WESTERN AVENUE,06/07/2015,4,1158975.66256211,1947754.286963361,42.012371335,-87.690393917,"(42.012371334791766, -87.69039391737863)"
ROOSEVELT AND PULASKI,2314,4000 W ROOSEVELT ROAD,06/07/2015,3,1149885.032049683,1894449.464076882,41.866281003,-87.72523422,"(41.866281002664536, -87.72523421983905)"
PULASKI AND IRVING PARK,1574,4000 W IRVING PARK RD,06/08/2015,4,1148988.727877253,1926320.954938409,41.953756874,-87.727698513,"(41.95375687447515, -87.72769851312907)"
CICERO AND ADDISON,1611,3600 N CICERO AVENUE,06/08/2015,3,1143698.904601495,1923517.005821035,41.946163524,-87.747215169,"(41.94616352362556, -87.74721516897007)"
75TH AND STATE,2621,7500 S STATE STREET,06/08/2015,2,1177538.763040612,1855235.551345519,41.758092176,-87.624902228,"(41.75809217638291, -87.6249022282473)"
CICERO AND WASHINGTON,1892,100 N CICERO AVENUE,06/07/2015,4,1144328.984091479,1900095.170838459,41.88187971,-87.745489247,"(41.88187970991601, -87.7454892473012)"
CENTRAL AND CHICAGO,1972,800 N CENTRAL AVENUE,06/07/2015,9,1138836.562608552,1904801.732832435,41.894896579,-87.765543258,"(41.89489657939746, -87.76554325845893)"
CICERO AND WASHINGTON,1891,100 N CICERO AVENUE,06/08/2015,14,1144328.984091479,1900095.170838459,41.88187971,-87.745489247,"(41.88187970991601, -87.7454892473012)"
CENTRAL AND DIVERSEY,1644,5600 W DIVERSEY AVENUE,06/08/2015,1,1138539.758528398,1918097.096677271,41.931385977,-87.766310532,"(41.93138597683265, -87.76631053155157)"
IRVING PARK AND LARAMIE,1533,5200 W IRVING PARK ROA,08/04/2015,1,,,,,
COTTAGE GROVE AND 71ST,2572,7100 S COTTAGE GROVE,01/29/2017,5,1182746.23698699,1858088.011064538,41.765800351,-87.605729127,"(41.76580035131893, -87.6057291269901)"
MILWAUKEE AND MONTROSE,1362,4400 N MILWAUKEE AVEN,06/07/2015,2,1141643.943268783,1928770.256316239,41.96061723,-87.75463824,"(41.9606172296957, -87.75463824007085)"
COTTAGE GROVE AND 71ST,2572,7100 S COTTAGE GROVE,06/08/2015,2,1182746.23698699,1858088.011064538,41.765800351,-87.605729127,"(41.76580035131893, -87.6057291269901)"
WESTERN AND NORTH,1853,2400 W NORTH AVE,06/07/2015,2,1160100.839010995,1910612.783367238,41.910429862,-87.687284221,"(41.91042986235867, -87.68728422050837)"
IRVING PARK AND KILPATRICK,2764,4700 W IRVING PARK ROA,06/08/2015,2,,,,,
ADDISON AND HARLEM,1591,3600 N HARLEM AVENUE,06/08/2015,1,1127394.594070737,1923110.532422811,41.945338412,-87.807154769,"(41.94533841246591, -87.80715476912044)"
CHICAGO AND CLARK,1964,100 W CHICAGO AVENUE,06/09/2015,1,1175374.528739575,1905745.47783364,41.896744347,-87.631321248,"(41.896744346875806, -87.63132124815151)"
87TH AND VINCENNES,2412,8700 S VINCENNES,06/09/2015,15,1172026.328989535,1847142.496643776,41.736006565,-87.645341819,"(41.73600656458518, -87.64534181897955)"
CANAL AND ROOSEVELT,2294,500 W ROOSEVELT ROAD,06/09/2015,3,1173290.72186561,1895021.166235495,41.867362693,-87.639293195,"(41.867362692616666, -87.63929319464197)"
CLARK AND FULLERTON,1631,2400 N CLARK ST,06/09/2015,1,1172749.562209477,1916238.997132859,41.925597623,-87.640650973,"(41.925597623023144, -87.64065097309872)"
DAMEN AND 63RD,2702,6300 S DAMEN AVENUE,06/09/2015,1,1164069.407943298,1862830.277442834,41.779226921,-87.674052731,"(41.77922692069256, -87.67405273137854)"
WENTWORTH AND GARFIELD,2261,5500 S WENTWORTH AVEN,06/05/2015,17,,,,,
HAMLIN AND LAKE,1882,300 N HAMLIN AVENUE,04/19/2017,2,1150970.026856642,1901381.688308858,41.885282636,-87.721069539,"(41.88528263580913, -87.72106953854511)"
PULASKI AND PETERSON,1263,4000 W PETERSON AVENUE,06/09/2015,15,1148618.560490339,1939615.133928395,41.990244186,-87.728714391,"(41.99024418564742, -87.7287143910091)"
ROOSEVELT AND PULASKI,2311,1200 S PULASKI ROAD,06/09/2015,3,1149866.002247864,1894375.839200384,41.866079337,-87.725305995,"(41.86607933722178, -87.7253059948758)"
75TH AND STATE,2621,7500 S STATE STREET,06/09/2015,5,1177538.763040612,1855235.551345519,41.758092176,-87.624902228,"(41.75809217638291, -87.6249022282473)"
ADDISON AND HARLEM,1591,3600 N HARLEM AVENUE,01/29/2017,5,1127394.594070737,1923110.532422811,41.945338412,-87.807154769,"(41.94533841246591, -87.80715476912044)"
IRVING PARK AND LARAMIE,1533,5200 W IRVING PARK ROA,06/09/2015,6,,,,,
ASHLAND AND MADISON,1911,0 N ASHLAND AVE,06/09/2015,4,,,,,
PULASKI AND LAWRENCE,1172,4800 N PULASKI ROAD,06/09/2015,1,1148821.701520117,1931605.974570937,41.968262595,-87.728175316,"(41.968262595100775, -87.7281753157596)"
ROOSEVELT AND PULASKI,2314,4000 W ROOSEVELT ROAD,06/09/2015,3,1149885.032049683,1894449.464076882,41.866281003,-87.72523422,"(41.866281002664536, -87.72523421983905)"
KEDZIE AND 47TH,2104,3200 W 47TH ST,06/09/2015,1,1155815.231505056,1873336.169728074,41.808226246,-87.704031672,"(41.808226246244026, -87.70403167215984)"
SHERIDAN AND FOSTER,1134,1000 W FOSTER AVE,06/09/2015,1,1168689.247756979,1934758.578141654,41.976505116,-87.655031882,"(41.97650511595711, -87.65503188224778)"
HALSTED AND MADISON,1872,1 N HALSTED STREET,06/09/2015,7,1171090.967986833,1900270.454015136,41.881815632,-87.647214717,"(41.88181563164203, -87.64721471704077)"
55TH AND WESTERN,2213,2400 W 55TH STREET,04/19/2017,1,1161277.012730599,1868185.749490228,41.793981347,-87.684141741,"(41.7939813465735, -87.68414174128355)"
55TH AND KEDZIE,2163,3200 W 55TH STREET,01/29/2017,4,1155966.956993183,1868015.593764152,41.793622803,-87.703618141,"(41.79362280329978, -87.70361814062049)"
63RD AND STATE,2714,1 E 63RD ST,06/05/2015,12,1177367.518733101,1863199.17768559,41.779949105,-87.625289553,"(41.779949104569106, -87.62528955333775)"
SACRAMENTO AND LAKE,1822,150 N SACRAMENTO BOUL,06/09/2015,2,1156319.560664766,1900957.489351962,41.884012178,-87.701436479,"(41.88401217771363, -87.7014364786693)"
STATE AND 79TH,2654,1 E 79TH STREET,06/05/2015,37,1177680.113652821,1852598.313477786,41.750852096,-87.624463832,"(41.75085209551078, -87.62446383210285)"
PULASKI AND DIVERSEY,1543,4000 W DIVERSEY AVENUE,06/05/2015,3,1149206.496130705,1918356.569267582,41.931897723,-87.72710503,"(41.9318977231462, -87.72710503045386)"
ASHLAND AND IRVING PARK,1153,1600 W IRVING PARK ROA,06/09/2015,1,,,,,
WESTERN AND DEVON,1212,6400 N WESTERN AVENUE,06/09/2015,4,1159113.585759434,1942451.622367891,41.997817807,-87.690033035,"(41.997817807026, -87.69003303469276)"
FOSTER AND NAGLE,1031,5200 N NAGLE,06/09/2015,6,1132529.656558223,1934201.702060651,41.97568567,-87.788020406,"(41.97568566971868, -87.78802040620296)"
LAKE SHORE DR AND BELMONT,1412,3200 N LAKESHORE DRIV,06/05/2015,7,1173053.220555078,1921821.380831705,41.940909163,-87.63936916,"(41.94090916326764, -87.63936915995522)"
HALSTED AND 103RD,2592,10300 S HALSTED STREE,06/09/2015,1,,,,,
119TH AND HALSTED,2404,800 W 119TH STREET,06/09/2015,1,1173111.174088158,1825985.001014405,41.677923389,-87.641989646,"(41.677923389134385, -87.64198964584013)"
LAFAYETTE AND 87TH,2503,30 W 87TH STREET,06/09/2015,20,1177407.651800237,1847320.772058312,41.736376037,-87.625621311,"(41.736376036604916, -87.62562131092602)"
HAMLIN AND LAKE,1882,300 N HAMLIN AVENUE,06/09/2015,1,1150970.026856642,1901381.688308858,41.885282636,-87.721069539,"(41.88528263580913, -87.72106953854511)"
79TH AND KEDZIE,2443,3200 W 79TH ST,06/09/2015,2,1156402.644780165,1852104.649370984,41.749952001,-87.702448478,"(41.74995200142266, -87.70244847808695)"
SACRAMENTO AND CHICAGO,1814,3000 W CHICAGO AVENUE,06/09/2015,2,1156075.266375505,1905216.604770718,41.895704525,-87.702218524,"(41.895704524946225, -87.70221852353758)"
STATE AND 79TH,2651,7900 S STATE STREET,06/09/2015,9,1177618.166929966,1852621.870232838,41.750918138,-87.624690123,"(41.7509181383154, -87.62469012251644)"
HOLLYWOOD AND SHERIDAN,1344,1000 W HOLLYWOOD AVE,06/09/2015,21,1168580.228926466,1938090.295189338,41.985649799,-87.655335807,"(41.98564979859328, -87.65533580655139)"
FOSTER AND BROADWAY,1111,5200 N BROADWAY ST,06/09/2015,8,1167334.508577915,1934714.008346532,41.976412143,-87.660015082,"(41.97641214294823, -87.66001508205365)"
CALIFORNIA AND PETERSON,1313,2800 W PETERSON AVENUE,06/09/2015,2,1156569.515341857,1939784.830544118,41.990552082,-87.699464396,"(41.990552081681564, -87.69946439622785)"
ARCHER AND CICERO,2081,5200 S CICERO AVE,06/05/2015,28,1145195.931989777,1869737.708306623,41.798558278,-87.743071866,"(41.798558278193305, -87.74307186616427)"
PULASKI AND NORTH,1994,4000 W NORTH AVENUE,06/09/2015,4,1149456.2688422,1910376.774019002,41.909995582,-87.726394693,"(41.90999558160536, -87.72639469321471)"
ASHLAND AND MADISON,1914,1600 W MADISON,06/09/2015,4,1165723.014733182,1900136.515489506,41.881564167,-87.666929463,"(41.8815641670199, -87.66692946294842)"
HALSTED AND NORTH,1761,1600 N HALSTED STREET,06/09/2015,5,1170678.283433825,1910880.991397547,41.910940644,-87.648419043,"(41.91094064391597, -87.64841904272998)"
KEDZIE AND 71ST,2352,7100 S KEDZIE AVENUE,06/09/2015,2,1156225.540366296,1857330.103443232,41.764295037,-87.702957162,"(41.764295036756856, -87.70295716211793)"
LAFAYETTE AND 87TH,2502,8700 S LAFAYETTE AVEN,06/09/2015,8,1177417.493180297,1847243.988223464,41.73616511,-87.625587569,"(41.73616511008592, -87.62558756899932)"
ASHLAND AND LAWRENCE,1142,4800 N ASHLAND AVENUE,06/09/2015,3,1164751.686785145,1932001.206626392,41.96902343,-87.669590434,"(41.969023429614026, -87.66959043354217)"
SHERIDAN AND FOSTER,1132,5200 N SHERIDAN ROAD,06/09/2015,2,1168661.623718229,1934753.842272756,41.976492721,-87.655133605,"(41.97649272077833, -87.65513360456677)"
KOSTNER AND NORTH,2011,1600 N KOSTNER,06/09/2015,2,1146732.108679105,1910282.120990798,41.909788304,-87.736404667,"(41.90978830394343, -87.73640466739216)"
CICERO AND ADDISON,1611,3600 N CICERO AVENUE,06/09/2015,4,1143698.904601495,1923517.005821035,41.946163524,-87.747215169,"(41.94616352362556, -87.74721516897007)"
KEDZIE AND ARMITAGE,1832,2000 N KEDZIE AVENUE,06/09/2015,7,1154684.031809326,1913129.496340896,41.917446172,-87.707116072,"(41.91744617191702, -87.70711607187832)"
IRVING PARK AND KEDZIE,1353,3200 W IRVING PARK ROAD,01/29/2017,3,1154325.140302006,1926458.463197156,41.954029047,-87.708077494,"(41.95402904691877, -87.70807749383191)"
IRVING PARK AND KEDZIE,1353,3200 W IRVING PARK ROAD,06/09/2015,4,1154325.140302006,1926458.463197156,41.954029047,-87.708077494,"(41.95402904691877, -87.70807749383191)"
IRVING PARK AND LARAMIE,1534,5200 W IRVING PARK ROA,06/09/2015,3,,,,,
CICERO AND WASHINGTON,1892,100 N CICERO AVENUE,06/09/2015,4,1144328.984091479,1900095.170838459,41.88187971,-87.745489247,"(41.88187970991601, -87.7454892473012)"
KIMBALL AND DIVERSEY,1581,2800 N KIMBALL AVENUE,06/06/2015,6,,,,,
PULASKI AND LAWRENCE,1173,4000 W LAWRENCE AVENUE,01/29/2017,1,1148844.220085601,1931638.45430438,41.968351285,-87.728091672,"(41.96835128527914, -87.72809167198088)"
ASHLAND AND 95TH,2472,9500 S ASHLAND AVENUE,06/09/2015,4,1167295.830128711,1841695.121217916,41.721160612,-87.662828139,"(41.72116061205213, -87.66282813939165)"
LAWRENCE AND WESTERN,1193,2400 W LAWRENCE AVENUE,06/09/2015,4,1159482.648570304,1931851.989492596,41.968724349,-87.688968727,"(41.96872434882172, -87.68896872699601)"
CHICAGO AND CLARK,1964,100 W CHICAGO AVENUE,01/29/2017,9,1175374.528739575,1905745.47783364,41.896744347,-87.631321248,"(41.896744346875806, -87.63132124815151)"
CENTRAL AND LAKE,1742,400 N CENTRAL AVENUE,06/09/2015,5,1138928.478257537,1902217.926149854,41.887804621,-87.765268498,"(41.88780462053497, -87.76526849810371)"
CENTRAL AND DIVERSEY,1644,5600 W DIVERSEY AVENUE,06/09/2015,1,1138539.758528398,1918097.096677271,41.931385977,-87.766310532,"(41.93138597683265, -87.76631053155157)"
WESTERN AND FULLERTON,1671,2400 N WESTERN AVENUE,06/09/2015,8,1159923.309342995,1915897.778561358,41.924935944,-87.687790255,"(41.92493594409127, -87.68779025471278)"
PULASKI AND IRVING PARK,1574,4000 W IRVING PARK RD,06/09/2015,6,1148988.727877253,1926320.954938409,41.953756874,-87.727698513,"(41.95375687447515, -87.72769851312907)"
HALSTED AND 95TH,2581,9500 S HALSTED STREET,06/09/2015,2,1172610.538363645,1841811.61926207,41.721365061,-87.643358042,"(41.72136506078306, -87.64335804234075)"
WESTERN AND 71ST,2612,7100 S WESTERN AVENUE,06/09/2015,7,1161563.704681724,1857484.211306323,41.764608912,-87.683387053,"(41.76460891223613, -87.68338705328121)"
HARLEM AND BELMONT,1391,3200 N HARLEM AVE,06/09/2015,5,1127481.020995451,1920467.613239239,41.938084468,-87.806896749,"(41.93808446822169, -87.80689674887883)"
HARLEM AND BELMONT,1394,7200 W BELMONT AVE,06/05/2015,3,1127504.698153561,1920475.415440844,41.938105479,-87.806809552,"(41.93810547939496, -87.80680955240743)"
4700 WESTERN,2142,4700 S WESTERN AVENUE,06/09/2015,2,1161120.438879703,1873431.066474726,41.808378408,-87.684570717,"(41.808378407946726, -87.68457071689552)"
LARAMIE AND FULLERTON,1424,5200 W FULLERTON AVENUE,06/09/2015,2,1141305.554932016,1915502.611239048,41.924215797,-87.756210755,"(41.92421579723144, -87.75621075458939)"
LASALLE AND KINZIE,1923,140 W KINZIE,06/09/2015,1,1175048.09765242,1903028.894760294,41.889297219,-87.632601648,"(41.88929721947309, -87.63260164817305)"
CICERO AND 47TH,2204,4800 W 47TH ST,06/09/2015,7,1145130.048925744,1873078.44198302,41.807727017,-87.743229366,"(41.80772701677172, -87.74322936566276)"
KEDZIE AND 63RD,2361,6300 S KEDZIE AVE,06/09/2015,1,1156097.505177228,1862668.051775093,41.77894575,-87.703283119,"(41.77894575017997, -87.70328311900342)"
HALSTED AND FULLERTON,1704,800 W FULLERTON AVENUE,01/29/2017,2,1170525.624723311,1916208.443992778,41.925562791,-87.648823641,"(41.92556279107417, -87.64882364145232)"
PERSHING AND WESTERN,2114,2400 W PERSHING ROAD,06/09/2015,7,1160957.773623189,1878793.434193427,41.82309676,-87.685018951,"(41.82309676016606, -87.68501895061576)"
ELSTON AND ADDISON,1403,3216 W ADDISON ST,06/05/2015,4,1154199.729816868,1923799.345386665,41.946734755,-87.708609774,"(41.946734754927796, -87.7086097735515)"
99TH AND HALSTED,2433,800 W 99TH ST,06/09/2015,16,1172710.642565684,1839246.330602143,41.714323337,-87.643066714,"(41.71432333701137, -87.64306671421937)"
MADISON AND WESTERN,1931,1 S WESTERN AVE,06/09/2015,5,1160453.827721979,1899933.703473746,41.881118279,-87.686283339,"(41.881118278833966, -87.686283338873)"
STATE AND 79TH,2654,1 E 79TH STREET,06/09/2015,22,1177680.113652821,1852598.313477786,41.750852096,-87.624463832,"(41.75085209551078, -87.62446383210285)"
CALIFORNIA AND PETERSON,1311,6000 N CALIFORNIA AVE,06/09/2015,1,1156545.742699118,1939775.775541795,41.990527717,-87.699552084,"(41.990527717148176, -87.69955208405155)"
CLARK AND IRVING PARK,1091,4000 N CLARK STREET,06/09/2015,1,1166736.149822904,1926699.323624709,41.954432441,-87.662446259,"(41.95443244141688, -87.66244625914061)"
WENTWORTH AND GARFIELD,2261,5500 S WENTWORTH AVEN,06/09/2015,21,,,,,
CICERO AND CHICAGO,1783,4800 W CHICAGO AVENUE,06/09/2015,4,1144175.291152764,1904916.255225279,41.895112219,-87.745932427,"(41.89511221857764, -87.74593242701515)"
KIMBALL AND DIVERSEY,1583,3400 W DIVERSEY AVENUE,06/09/2015,1,1153211.149172713,1918454.477800566,41.932087747,-87.71238583,"(41.932087747378944, -87.71238582951281)"
31ST ST AND MARTIN LUTHER KING DRIVE,2123,400 E 31ST STREET,06/09/2015,6,1179437.985396417,1884565.84226022,41.838534018,-87.617046113,"(41.838534018118914, -87.61704611345726)"
BROADWAY/SHERIDAN AND DEVON,1122,6400 N SHERIDAN ROAD,06/09/2015,8,1167087.151194129,1942658.704988689,41.998217921,-87.660695256,"(41.99821792053241, -87.6606952555721)"
ROOSEVELT AND HALSTED,2233,800 W ROOSEVELT ROAD,06/09/2015,4,1171199.282357741,1894968.056393724,41.867263098,-87.646972686,"(41.86726309836901, -87.64697268601648)"
ELSTON AND IRVING PARK,1503,3700 W IRVING PARK ROA,06/09/2015,1,,,,,
CICERO AND ARMITAGE,2001,2000 N CICERO AVENUE,06/09/2015,1,1144031.525719004,1912881.8300295,41.916973325,-87.746260223,"(41.91697332451097, -87.74626022251057)"
CALIFORNIA AND DIVERSEY,1514,2800 W DIVERSEY,06/09/2015,40,1157212.54253358,1918526.674434943,41.932205395,-87.697679244,"(41.93220539506452, -87.6976792438691)"
KEDZIE AND 71ST,2354,3200 W 71ST STREET,06/09/2015,4,1156246.862901455,1857404.014959868,41.764497433,-87.702877023,"(41.76449743256955, -87.70287702335861)"
VAN BUREN AND WESTERN,2054,2400 W VAN BUREN STREE,06/09/2015,12,,,,,
WESTERN AND FOSTER,1074,2400 W FOSTER AVE,06/09/2015,2,1159379.402846887,1934502.712486132,41.97600019,-87.689275084,"(41.97600018976586, -87.68927508385399)"
KEDZIE AND 31ST,2134,3200 W 31ST STREET,06/09/2015,2,1155487.128005646,1883943.061106793,41.8373395,-87.704950558,"(41.83733950029648, -87.70495055800411)"
HAMLIN AND LAKE,1881,300 N HAMLIN AVENUE,06/09/2015,4,1150970.026856642,1901381.688308858,41.885282636,-87.721069539,"(41.88528263580913, -87.72106953854511)"
DAMEN AND FULLERTON,1663,2000 W FULLERTON AVE,06/09/2015,17,1162596.935552891,1915990.579747891,41.925134944,-87.677963546,"(41.92513494374925, -87.67796354553815)"
WESTERN AND CHICAGO,1943,2400 W CHICAGO AVE,06/09/2015,4,1160226.686812944,1905300.904544474,41.895851041,-87.686968935,"(41.895851041123755, -87.68696893468467)"
CALIFORNIA AND DEVON,1323,2800 W DEVON AVENUE,06/09/2015,2,1156484.528078038,1942377.980662191,41.997669523,-87.699706423,"(41.99766952286052, -87.69970642324591)"
WESTERN AND CERMAK,1002,2200 S WESTERN AVENUE,06/09/2015,2,1160669.42562757,1889318.196820393,41.85198384,-87.685785704,"(41.85198383957328, -87.68578570420526)"
KEDZIE AND 71ST,2352,7100 S KEDZIE AVENUE,01/29/2017,2,1156225.540366296,1857330.103443232,41.764295037,-87.702957162,"(41.764295036756856, -87.70295716211793)"
MILWAUKEE AND DEVON,1272,6400 N MILWAUKEE AVEN,06/09/2015,7,1132463.750397878,1942107.911507627,41.997382173,-87.788077674,"(41.99738217345368, -87.78807767391953)"
JEFFERY AND 95TH,2522,9500 S JEFFERY AVE,06/09/2015,2,1191132.420601301,1842335.735988875,41.722375907,-87.575499903,"(41.72237590704101, -87.57549990332795)"
OGDEN AND KOSTNER,2223,4400 W OGDEN AVENUE,06/09/2015,11,1147406.592439224,1887689.099869462,41.847777523,-87.734505969,"(41.84777752280453, -87.73450596874825)"
IRVING PARK AND KILPATRICK,2763,4700 W IRVING PARK ROA,08/05/2015,6,,,,,
CALIFORNIA AND DEVON,1321,6400 N CALIFORNIA AVE,06/09/2015,2,1156461.150245401,1942370.37710537,41.997649133,-87.699792629,"(41.997649133049336, -87.69979262891378)"
WESTERN AND TOUHY,1252,7200 N WESTERN AVENUE,06/09/2015,3,1158975.66256211,1947754.286963361,42.012371335,-87.690393917,"(42.012371334791766, -87.69039391737863)"
MONTROSE AND WESTERN,1221,4400 N WESTERN AVENUE,06/09/2015,9,1159539.733234718,1929183.918095502,41.961401846,-87.688832623,"(41.961401846278505, -87.6888326227788)"
PULASKI AND LAWRENCE,1173,4000 W LAWRENCE AVENUE,06/09/2015,1,1148844.220085601,1931638.45430438,41.968351285,-87.728091672,"(41.96835128527914, -87.72809167198088)"
LAKE SHORE DR AND BELMONT,1413,400 W BELMONT AVE,06/05/2015,50,1172981.744869382,1921577.376128802,41.940241193,-87.639639114,"(41.94024119325571, -87.63963911427594)"
DAMEN AND DIVERSEY,1464,2000 W DIVERSEY PARKWAY,01/29/2017,1,1162519.714934025,1918635.417634925,41.932394164,-87.678173031,"(41.93239416403691, -87.67817303087757)"
HARLEM AND BELMONT,1391,3200 N HARLEM AVE,06/05/2015,1,1127481.020995451,1920467.613239239,41.938084468,-87.806896749,"(41.93808446822169, -87.80689674887883)"
ROOSEVELT AND HALSTED,2234,800 W ROOSEVELT ROAD,06/09/2015,12,1171199.282357741,1894968.056393724,41.867263098,-87.646972686,"(41.86726309836901, -87.64697268601648)"
PULASKI AND FOSTER,1102,5200 N PULASKI RD,06/09/2015,1,1148746.251286324,1934286.914361976,41.97562074,-87.728383135,"(41.97562073966174, -87.72838313514907)"
MILWAUKEE AND MONTROSE,1362,4400 N MILWAUKEE AVEN,06/09/2015,5,1141643.943268783,1928770.256316239,41.96061723,-87.75463824,"(41.9606172296957, -87.75463824007085)"
HAMLIN AND MADISON,1903,3800 W MADISON STREET,06/09/2015,6,1151032.709141294,1899784.033986533,41.880897273,-87.720881226,"(41.880897273491264, -87.72088122613924)"
35TH AND WESTERN,2092,3500 S WESTERN,06/09/2015,3,1160894.949857101,1881376.851112895,41.830187255,-87.685177925,"(41.83018725526863, -87.68517792510231)"
PULASKI AND DIVERSEY,1542,2800 N PULASKI ROAD,06/09/2015,4,1149200.724531183,1918332.222549679,41.931831026,-87.727126873,"(41.93183102561505, -87.72712687300454)"
FOSTER AND BROADWAY,1113,1200 W FOSTER AVE,06/09/2015,4,1167357.095930752,1934721.393266777,41.97643192,-87.659931806,"(41.97643192018459, -87.65993180604016)"
CICERO AND NORTH,2033,4800 W NORTH AVENUE,06/09/2015,1,1144053.733747163,1910243.80567041,41.90973389,-87.746244973,"(41.909733890131285, -87.74624497295898)"
111TH AND HALSTED,2422,11100 S HALSTED ST,06/09/2015,6,1172923.657689312,1831209.044179248,41.692263123,-87.642522688,"(41.692263123425136, -87.6425226876268)"
IRVING PARK AND NARRAGANSETT,1023,6400 W IRVING PK,01/29/2017,4,1132945.939118726,1925946.304925137,41.953024751,-87.786683238,"(41.95302475075328, -87.78668323766634)"
55TH AND WESTERN,2212,5500 S WESTERN AVE,01/29/2017,3,1161269.521335262,1867963.111601251,41.793370554,-87.684175377,"(41.79337055433029, -87.6841753767592)"
WESTERN AND CHICAGO,1941,800 N WESTERN AVE,06/09/2015,6,1160220.967978608,1905277.507115921,41.895786955,-87.686990586,"(41.89578695485361, -87.68699058611217)"
CICERO AND HARRISON,2023,4800 W HARRISON STREET,06/09/2015,5,1144451.867388303,1896949.561959463,41.873245464,-87.745117179,"(41.873245464379586, -87.7451171788807)"
PULASKI AND CHICAGO,1983,4000 W CHICAGO AVENUE,06/09/2015,6,1149561.855939692,1905086.596446259,41.895476752,-87.72614436,"(41.89547675163723, -87.72614435991626)"
DIVISION AND DAMEN,1733,2000 W DIVISION,06/09/2015,3,1162815.710860194,1908034.672555531,41.903298793,-87.677383247,"(41.903298792681944, -87.67738324739636)"
DIVISION AND DAMEN,1734,2000 W DIVISION,06/09/2015,5,1162815.710860194,1908034.672555531,41.903298793,-87.677383247,"(41.903298792681944, -87.67738324739636)"
PULASKI AND ARCHER,2154,5000 S ARCHER AVE,08/06/2015,6,1150501.818909837,1871162.311703322,41.802365973,-87.723576766,"(41.80236597333895, -87.72357676611004)"
DAMEN AND DIVERSEY,1462,2800 N DAMEN AVENUE,08/06/2015,5,1162490.04851994,1918611.623717091,41.932329494,-87.678282719,"(41.9323294940985, -87.67828271931386)"
HARLEM AND BELMONT,1394,7200 W BELMONT AVE,06/09/2015,4,1127504.698153561,1920475.415440844,41.938105479,-87.806809552,"(41.93810547939496, -87.80680955240743)"
ELSTON AND LAWRENCE,1284,4440 W LAWRENCE AVENUE,06/09/2015,3,1145715.061027481,1931571.0474838,41.968226398,-87.739599251,"(41.96822639754791, -87.73959925065756)"
IRVING PARK AND KEDZIE,1354,3200 W IRVING PARK ROAD,06/09/2015,7,1154325.140302006,1926458.463197156,41.954029047,-87.708077494,"(41.95402904691877, -87.70807749383191)"
55TH AND WESTERN,2212,5500 S WESTERN AVE,06/09/2015,3,1161269.521335262,1867963.111601251,41.793370554,-87.684175377,"(41.79337055433029, -87.6841753767592)"
ROOSEVELT AND KOSTNER,2323,4400 W ROOSEVELT,06/09/2015,6,1147200.963258796,1894379.538078088,41.866140868,-87.73508956,"(41.866140867641654, -87.73508956008207)"
DIVERSEY AND AUSTIN,1454,6000 W DIVERSEY AVENUE,06/09/2015,2,1135895.736169343,1918029.70673837,41.931248624,-87.776028612,"(41.931248623643455, -87.77602861172493)"
55TH AND WESTERN,2213,2400 W 55TH STREET,06/09/2015,5,1161277.012730599,1868185.749490228,41.793981347,-87.684141741,"(41.7939813465735, -87.68414174128355)"
CENTRAL AND BELMONT,1604,5600 W BELMONT AVENUE,06/09/2015,2,1138453.617438343,1920755.972768412,41.938683775,-87.766562494,"(41.93868377475747, -87.76656249384537)"
ELSTON AND ADDISON,1402,3600 N ELSTON AVE,06/05/2015,1,1154106.95251778,1923731.036211081,41.946549165,-87.708952626,"(41.94654916480637, -87.70895262603513)"
CENTRAL AND FULLERTON,1444,5600 W FULLERTON AVENU,06/09/2015,4,1138627.279189421,1915438.969256439,41.924090199,-87.76605353,"(41.92409019883488, -87.76605353016079)"
CENTRAL AND ADDISON,1682,3600 N CENTRAL AVENUE,06/09/2015,1,1138343.117435682,1923392.067464765,41.945919491,-87.766904594,"(41.945919490555106, -87.76690459426293)"
CANAL AND ROOSEVELT,2294,500 W ROOSEVELT ROAD,06/05/2015,5,1173290.72186561,1895021.166235495,41.867362693,-87.639293195,"(41.867362692616666, -87.63929319464197)"
ASHLAND AND FULLERTON,1652,2400 N ASHLAND AVENUE,06/09/2015,4,1165228.073342838,1916032.319169157,41.92519389,-87.668294363,"(41.92519388981048, -87.66829436339881)"
WESTERN AND DEVON,1212,6400 N WESTERN AVENUE,01/29/2017,1,1159113.585759434,1942451.622367891,41.997817807,-87.690033035,"(41.997817807026, -87.69003303469276)"
KOSTNER AND NORTH,2013,4400 W NORTH,06/09/2015,9,1146738.551618032,1910309.595368032,41.909863573,-87.736380296,"(41.90986357340246, -87.73638029605371)"
55TH and PULASKI,2242,5500 S PULASKI,06/09/2015,3,1150600.072649439,1867806.44512718,41.793155061,-87.723303765,"(41.793155060731024, -87.72330376464247)"
CENTRAL AND ADDISON,1683,5600 W ADDISON STREET,01/29/2017,2,1138349.663302502,1923416.02157061,41.945985104,-87.766879952,"(41.94598510430888, -87.76687995165918)"
PULASKI AND 63RD,2342,6300 S PULASKI RD,06/09/2015,6,1150746.00309079,1862516.747695325,41.778636469,-87.722906356,"(41.77863646878099, -87.72290635568541)"
WESTERN AND ADDISON,1562,3600 N WESTERN AVENUE,06/09/2015,7,1159695.573342728,1923871.086283556,41.94681992,-87.688406662,"(41.94681991986288, -87.68840666206194)"
OGDEN AND KOSTNER,2222,2348 S KOSTNER AVENUE,06/09/2015,5,1147394.548182079,1887795.177782082,41.848068845,-87.734547457,"(41.8480688449598, -87.73454745748458)"
55TH AND KEDZIE,2163,3200 W 55TH STREET,06/09/2015,3,1155966.956993183,1868015.593764152,41.793622803,-87.703618141,"(41.79362280329978, -87.70361814062049)"
ASHLAND AND IRVING PARK,1151,4000 N ASHLAND AVENUE,06/09/2015,1,1164899.463802581,1926665.661118925,41.954379326,-87.66919912,"(41.954379326212695, -87.66919911980419)"
HOMAN/KIMBALL AND NORTH,1773,3400 W NORTH AVE,06/09/2015,7,1153386.578905125,1910465.87061722,41.910162847,-87.711953868,"(41.91016284680269, -87.71195386769125)"
COLUMBUS AND ILLINOIS,1951,500 N COLUMBUS DRIVE,06/09/2015,16,1178372.808407292,1903693.06016042,41.891044569,-87.620371839,"(41.891044569124276, -87.620371839074)"
75TH AND STATE,2624,1 E 75TH STREET,06/09/2015,5,1177601.72646404,1855229.486604181,41.758074111,-87.624671658,"(41.75807411097799, -87.62467165835182)"
LASALLE AND KINZIE,1921,400 N LASALLE,06/06/2015,8,1175028.579766798,1903002.552291359,41.889225372,-87.632674115,"(41.88922537162015, -87.63267411498495)"
DAMEN AND 63RD,2701,6300 S DAMEN AVENUE,06/09/2015,3,1164069.407943298,1862830.277442834,41.779226921,-87.674052731,"(41.77922692069256, -87.67405273137854)"
WESTERN AND CERMAK,1003,2400 W CERMAK ROAD,06/09/2015,3,1160678.000607329,1889375.645335924,41.852141307,-87.685752642,"(41.85214130680468, -87.6857526415569)"
PULASKI AND FOSTER,1104,4000 W FOSTER AVE,06/09/2015,3,1148759.16134887,1934294.249006446,41.975640616,-87.728335469,"(41.975640616231914, -87.72833546926573)"
IRVING PARK AND NARRAGANSETT,1024,6400 W IRVING PK,06/09/2015,3,1132945.939118726,1925946.304925137,41.953024751,-87.786683238,"(41.95302475075328, -87.78668323766634)"
STONEY ISLAND AND 76TH,2632,7600 S STONY ISLAND A,06/09/2015,9,1188092.796191935,1854889.354158304,41.756897173,-87.586234285,"(41.75689717260223, -87.58623428506996)"
DAMEN AND DIVERSEY,1462,2800 N DAMEN AVENUE,01/29/2017,4,1162490.04851994,1918611.623717091,41.932329494,-87.678282719,"(41.9323294940985, -87.67828271931386)"
HALSTED AND 95TH,2582,9500 S HALSTED STREET,06/09/2015,2,1172610.538363645,1841811.61926207,41.721365061,-87.643358042,"(41.72136506078306, -87.64335804234075)"
CHICAGO AND CLARK,1963,100 W CHICAGO AVENUE,06/09/2015,8,1175374.528739575,1905745.47783364,41.896744347,-87.631321248,"(41.896744346875806, -87.63132124815151)"
CLARK AND IRVING PARK,1093,1300 W IRVING PARK ROAD,06/09/2015,2,1166777.545456989,1926719.73687357,41.954487567,-87.662293496,"(41.95448756687966, -87.66229349585691)"
CORTLAND AND ASHLAND,1723,1600 W CORTLAND ST,06/09/2015,2,1165377.660768235,1912768.773647285,41.916235337,-87.667837772,"(41.91623533746878, -87.66783777212962)"
WESTERN AND NORTH,1851,1600 N WESTERN AVE,06/09/2015,8,1160077.474351131,1910605.013316134,41.910409024,-87.687370268,"(41.91040902362901, -87.687370268401)"
WESTERN AND ADDISON,1563,2400 W ADDISON,06/09/2015,4,1159719.041544334,1923878.577275797,41.946839991,-87.688320193,"(41.9468399910054, -87.68832019252964)"
AUSTIN AND IRVING PARK,1161,4000 N AUSTIN AVENUE,06/09/2015,4,1135599.956110927,1926006.862619986,41.953144059,-87.776925284,"(41.95314405904539, -87.77692528423394)"
111TH AND HALSTED,2424,800 W 111TH ST,06/09/2015,1,1172945.404219168,1831282.917027882,41.692465363,-87.642440901,"(41.692465363421874, -87.64244090105778)"
WENTWORTH AND GARFIELD,2264,200 W GARFIELD BLVD,06/05/2015,12,1175889.574397302,1868551.750512227,41.794670385,-87.630547476,"(41.79467038468937, -87.63054747605638)"
PULASKI AND ARCHER,2153,5000 S ARCHER AVE,06/09/2015,7,1150501.818909837,1871162.311703322,41.802365973,-87.723576766,"(41.80236597333895, -87.72357676611004)"
PULASKI AND BELMONT,1382,3200 N PULASKI RD,06/05/2015,1,1149125.621478734,1920994.556178086,41.939138154,-87.72733371,"(41.939138153500274, -87.7273337101426)"
KEDZIE AND 26TH,2381,2600 S KEDZIE AVENUE,06/09/2015,1,1155404.235510285,1886524.460033054,41.844424831,-87.705185452,"(41.84442483084393, -87.70518545233183)"
115TH AND HALSTED,2552,11500 S HALSTED STREE,06/09/2015,6,,,,,
63RD AND STATE,2712,6300 S STATE ST,06/09/2015,1,1177303.801895084,1863220.216755923,41.780008277,-87.625522512,"(41.78000827740796, -87.6255225119157)"
ROOSEVELT AND KOSTNER,2323,4400 W ROOSEVELT,01/29/2017,2,1147200.963258796,1894379.538078088,41.866140868,-87.73508956,"(41.866140867641654, -87.73508956008207)"
PERSHING AND WESTERN,2112,3900 S WESTERN BLVD,06/09/2015,1,1161130.992078755,1878746.226354636,41.822963628,-87.684384785,"(41.82296362788048, -87.68438478541296)"
STONEY ISLAND AND 79TH,2462,7900 S STONEY ISLAND,06/09/2015,3,1188181.571068297,1852908.934789311,41.751460603,-87.585971993,"(41.75146060316686, -87.5859719929647)"
PETERSON AND WESTERN,1014,2400 W PETERSON,06/09/2015,4,1159214.211316277,1939825.301874586,41.99060901,-87.689735481,"(41.990609009807294, -87.68973548092968)"
KEDZIE AND 26TH,2382,2600 S KEDZIE AVENUE,06/09/2015,2,1155404.235510285,1886524.460033054,41.844424831,-87.705185452,"(41.84442483084393, -87.70518545233183)"
CICERO AND ADDISON,1612,3600 N CICERO AVENUE,06/09/2015,4,1143698.904601495,1923517.005821035,41.946163524,-87.747215169,"(41.94616352362556, -87.74721516897007)"
31ST ST AND MARTIN LUTHER KING DRIVE,2121,3100 S DR MARTIN L KING,08/08/2015,16,,,,,
CICERO AND WASHINGTON,1891,100 N CICERO AVENUE,06/06/2015,19,1144328.984091479,1900095.170838459,41.88187971,-87.745489247,"(41.88187970991601, -87.7454892473012)"
PULASKI AND 63RD,2342,6300 S PULASKI RD,01/29/2017,5,1150746.00309079,1862516.747695325,41.778636469,-87.722906356,"(41.77863646878099, -87.72290635568541)"
STONEY ISLAND AND 79TH,2461,7900 S SOUTH CHICAGO AVE,06/09/2015,2,1188274.655498937,1852865.685797892,41.751339705,-87.585632266,"(41.751339704589455, -87.58563226565187)"
LAKE SHORE DR AND BELMONT,1412,3200 N LAKESHORE DRIV,06/09/2015,4,1173053.220555078,1921821.380831705,41.940909163,-87.63936916,"(41.94090916326764, -87.63936915995522)"
LASALLE AND KINZIE,1921,400 N LASALLE,06/09/2015,3,1175028.579766798,1903002.552291359,41.889225372,-87.632674115,"(41.88922537162015, -87.63267411498495)"
WESTERN AND MARQUETTE,2672,6700 S WESTERN AVENUE,06/09/2015,11,1161488.747635042,1860134.788366884,41.771884028,-87.683588402,"(41.77188402771193, -87.68358840206334)"
79TH AND HALSTED,2541,7900 S HALSTED STREET,06/09/2015,4,1172298.707400847,1852444.344822186,41.750549559,-87.644188368,"(41.750549559438944, -87.64418836784098)"
CALIFORNIA AND DIVERSEY,1513,2800 W DIVERSEY,02/05/2017,6,1157212.54253358,1918526.674434943,41.932205395,-87.697679244,"(41.93220539506452, -87.6976792438691)"
PULASKI AND NORTH,1992,1600 N PULASKI AVENUE,06/09/2015,2,1149432.959240306,1910369.112502195,41.90997501,-87.726480523,"(41.909975010236906, -87.72648052306623)"
CENTRAL AND LAKE,1743,5600 W LAKE STREET,06/09/2015,4,1138951.495695032,1902230.510465733,41.887838735,-87.765183663,"(41.887838735330206, -87.76518366338465)"
119TH AND HALSTED,2402,11900 S HALSTED,06/09/2015,4,1173094.774616191,1825911.054609338,41.677720829,-87.642051845,"(41.67772082924762, -87.64205184498218)"
AUSTIN AND ADDISON,1491,3600 N AUSTIN AVENUE,06/09/2015,3,1135691.599896458,1923335.967306169,41.945813215,-87.776652162,"(41.9458132146695, -87.77665216156436)"
STONY ISLAND/CORNELL AND 67TH,2731,6700 S CORNELL DRIVE,06/09/2015,8,1188316.454860734,1860851.137456735,41.77325149,-87.5852246,"(41.77325148959568, -87.58522459967712)"
PULASKI AND ARCHER,2154,5000 S ARCHER AVE,02/05/2017,1,1150501.818909837,1871162.311703322,41.802365973,-87.723576766,"(41.80236597333895, -87.72357676611004)"
CERMAK AND PULASKI,2332,2200 S PULASKI,06/09/2015,4,1150012.876838243,1889071.75851865,41.851521442,-87.724904787,"(41.85152144233116, -87.7249047867499)"
31ST ST AND MARTIN LUTHER KING DRIVE,2121,3100 S DR MARTIN L KING,06/09/2015,5,,,,,
PULASKI AND DIVISION,1801,1200 N PULASKI ROAD,06/09/2015,1,1149459.590666926,1907723.219884254,41.902713902,-87.726451457,"(41.902713901936174, -87.72645145715836)"
CICERO AND NORTH,2034,4800 W NORTH AVENUE,06/09/2015,1,1144053.733747163,1910243.80567041,41.90973389,-87.746244973,"(41.909733890131285, -87.74624497295898)"
DAMEN AND DIVERSEY,1462,2800 N DAMEN AVENUE,06/09/2015,7,1162490.04851994,1918611.623717091,41.932329494,-87.678282719,"(41.9323294940985, -87.67828271931386)"
CICERO AND CHICAGO,1781,800 N CICERO AVENUE,06/09/2015,7,1144169.162482127,1904893.189220372,41.895049038,-87.745955516,"(41.89504903796389, -87.74595551626888)"
JEFFERY AND 95TH,2523,2000 E 95TH ST,06/09/2015,1,1191188.381103057,1842410.411853539,41.722579473,-87.575292523,"(41.722579473126416, -87.57529252250366)"
HALSTED AND FULLERTON,1701,2400 N HALSTED STREET,06/09/2015,2,1170501.602639925,1916200.061550148,41.925540315,-87.648912156,"(41.925540315431995, -87.64891215551155)"
HALSTED AND 103RD,2593,800 W 103RD STREET,06/09/2015,2,1172778.570616036,1836587.755252818,41.70702632,-87.642896007,"(41.707026319812215, -87.64289600741817)"
CENTRAL AND IRVING PARK,1183,5600 W IRVING PARK ROAD,06/09/2015,5,1138281.535484986,1926078.647777633,41.953292847,-87.767065708,"(41.953292847298, -87.76706570775266)"
IRVING PARK AND KILPATRICK,2763,4700 W IRVING PARK ROA,06/09/2015,6,,,,,
35TH AND WESTERN,2091,3500 S WESTERN,06/09/2015,9,1160894.949857101,1881376.851112895,41.830187255,-87.685177925,"(41.83018725526863, -87.68517792510231)"
PULASKI AND ARCHER,2154,5000 S ARCHER AVE,06/09/2015,4,1150501.818909837,1871162.311703322,41.802365973,-87.723576766,"(41.80236597333895, -87.72357676611004)"
SACRAMENTO AND LAKE,1821,150 N SACRAMENTO BOUL,06/09/2015,1,1156319.560664766,1900957.489351962,41.884012178,-87.701436479,"(41.88401217771363, -87.7014364786693)"
BELMONT AND KEDZIE,1372,3200 N KEDZIE AVE,06/09/2015,11,1154426.977874407,1921110.466549542,41.93935173,-87.707846594,"(41.93935173030961, -87.70784659359776)"
COTTAGE GROVE AND 71ST,2571,7100 S COTTAGE GROVE,06/09/2015,1,1182746.23698699,1858088.011064538,41.765800351,-87.605729127,"(41.76580035131893, -87.6057291269901)"
71ST AND ASHLAND,2394,1600 W 71ST,06/09/2015,4,1166890.012333149,1857674.2502247,41.765018306,-87.66385923,"(41.76501830555763, -87.66385923012646)"
HAMLIN AND MADISON,1901,0 N HAMLIN BOULEVARD,06/09/2015,4,,,,,
LAKE SHORE DR AND BELMONT,1413,400 W BELMONT AVE,04/19/2017,39,1172981.744869382,1921577.376128802,41.940241193,-87.639639114,"(41.94024119325571, -87.63963911427594)"
PULASKI AND ARMITAGE,1843,4000 W ARMITAGE AVENUE,06/09/2015,4,1149375.428872108,1913028.984273181,41.917275069,-87.726622746,"(41.91727506940875, -87.72662274644799)"
CICERO AND WASHINGTON,1891,100 N CICERO AVENUE,06/09/2015,14,1144328.984091479,1900095.170838459,41.88187971,-87.745489247,"(41.88187970991601, -87.7454892473012)"
PULASKI AND ARMITAGE,1843,4000 W ARMITAGE AVENUE,06/05/2015,4,1149375.428872108,1913028.984273181,41.917275069,-87.726622746,"(41.91727506940875, -87.72662274644799)"
KEDZIE AND 31ST,2132,3100 S KEDZIE AVENUE,06/09/2015,6,1155483.167539854,1883867.660503274,41.837132671,-87.704967115,"(41.837132671422296, -87.70496711478727)"
PULASKI AND DIVISION,1802,1200 N PULASKI ROAD,06/09/2015,5,1149459.590666926,1907723.219884254,41.902713902,-87.726451457,"(41.902713901936174, -87.72645145715836)"
ASHLAND AND FULLERTON,1651,2400 N ASHLAND AVENUE,06/09/2015,6,1165228.073342838,1916032.319169157,41.92519389,-87.668294363,"(41.92519388981048, -87.66829436339881)"
KIMBALL AND DIVERSEY,1581,2800 N KIMBALL AVENUE,06/09/2015,1,,,,,
PULASKI AND ARMITAGE,1844,4000 W ARMITAGE AVENUE,01/30/2017,2,1149375.428872108,1913028.984273181,41.917275069,-87.726622746,"(41.91727506940875, -87.72662274644799)"
ASHLAND AND 87TH,2452,8700 S ASHLAND AVE,06/09/2015,6,1167150.470087748,1846991.212339794,41.735696989,-87.663209544,"(41.73569698863625, -87.66320954445679)"
ELSTON AND IRVING PARK,1502,4000 N ELSTON AVENUE,06/09/2015,2,1151273.974828198,1926311.849469842,41.953687266,-87.719297882,"(41.95368726563273, -87.71929788151473)"
115TH AND HALSTED,2553,800 W 115TH STREET,06/09/2015,5,1173010.735357888,1828632.242070332,41.685190056,-87.642279564,"(41.68519005571938, -87.64227956401977)"
ROOSEVELT AND KOSTNER,2321,1200 S KOSTNER,06/09/2015,5,1147196.304001978,1894305.883269746,41.865938839,-87.735108549,"(41.8659388389088, -87.73510854901264)"
WESTERN AND 63RD,2373,2400 W 63RD ST,06/09/2015,1,1161444.415758584,1862848.534703658,41.779331844,-87.683675761,"(41.77933184429814, -87.68367576084798)"
79TH AND HALSTED,2543,800 W 79TH STREET,06/09/2015,2,1172320.105719411,1852517.9814434,41.750751157,-87.644107793,"(41.75075115747316, -87.64410779300933)"
ASHLAND AND 95TH,2473,1600 W 95TH STREET,06/09/2015,3,1167323.753394196,1841755.029221382,41.721324412,-87.662724153,"(41.721324411975246, -87.66272415265087)"
CENTRAL AND CHICAGO,1972,800 N CENTRAL AVENUE,06/09/2015,5,1138836.562608552,1904801.732832435,41.894896579,-87.765543258,"(41.89489657939746, -87.76554325845893)"
HALSTED AND FULLERTON,1704,800 W FULLERTON AVENUE,06/09/2015,3,1170525.624723311,1916208.443992778,41.925562791,-87.648823641,"(41.92556279107417, -87.64882364145232)"
MILWAUKEE AND MONTROSE,1362,4400 N MILWAUKEE AVEN,06/05/2015,4,1141643.943268783,1928770.256316239,41.96061723,-87.75463824,"(41.9606172296957, -87.75463824007085)"
CICERO AND DIVERSEY,1694,4800 W DIVERSEY AVENUE,01/30/2017,1,1143869.848167704,1918226.043989398,41.93164142,-87.746719911,"(41.93164142040689, -87.7467199106462)"
SHERIDAN AND FOSTER,1134,1000 W FOSTER AVE,04/19/2017,2,1168689.247756979,1934758.578141654,41.976505116,-87.655031882,"(41.97650511595711, -87.65503188224778)"
WESTERN AND 79TH,2481,7900 S WESTERN AVE,06/09/2015,3,1161711.516404028,1852181.685686118,41.750054934,-87.682992203,"(41.750054933649984, -87.68299220290213)"
ADDISON AND HARLEM,1591,3600 N HARLEM AVENUE,06/09/2015,4,1127394.594070737,1923110.532422811,41.945338412,-87.807154769,"(41.94533841246591, -87.80715476912044)"
55TH and PULASKI,2244,4000 W 55TH ST,06/09/2015,2,1150621.676903861,1867864.274865394,41.793313334,-87.723223038,"(41.79331333358753, -87.72322303812588)"
COTTAGE GROVE AND 71ST,2571,7100 S COTTAGE GROVE,01/30/2017,1,1182746.23698699,1858088.011064538,41.765800351,-87.605729127,"(41.76580035131893, -87.6057291269901)"
BELMONT AND KEDZIE,1371,3200 N KEDZIE AVENUE,06/09/2015,2,1154426.977874407,1921110.466549542,41.93935173,-87.707846594,"(41.93935173030961, -87.70784659359776)"
IRVING PARK AND KEDZIE,1354,3200 W IRVING PARK ROAD,04/19/2017,6,1154325.140302006,1926458.463197156,41.954029047,-87.708077494,"(41.95402904691877, -87.70807749383191)"
COLUMBUS AND ILLINOIS,1952,500 N COLUMBUS DRIVE,06/09/2015,17,1178372.808407292,1903693.06016042,41.891044569,-87.620371839,"(41.891044569124276, -87.620371839074)"
ASHLAND AND DIVISION,1791,1200 N ASHLAND AVENUE,06/09/2015,9,1165466.997046718,1908083.767015974,41.903377468,-87.667643142,"(41.903377467566784, -87.66764314227497)"
CENTRAL AND IRVING PARK,1183,5600 W IRVING PARK ROAD,06/06/2015,5,1138281.535484986,1926078.647777633,41.953292847,-87.767065708,"(41.953292847298, -87.76706570775266)"
ELSTON AND ADDISON,1402,3600 N ELSTON AVE,06/09/2015,2,1154106.95251778,1923731.036211081,41.946549165,-87.708952626,"(41.94654916480637, -87.70895262603513)"
WESTERN AND FOSTER,1074,2400 W FOSTER AVE,05/17/2015,4,1159379.402846887,1934502.712486132,41.97600019,-87.689275084,"(41.97600018976586, -87.68927508385399)"
DAMEN AND 63RD,2702,6300 S DAMEN AVENUE,01/30/2017,3,1164069.407943298,1862830.277442834,41.779226921,-87.674052731,"(41.77922692069256, -87.67405273137854)"
IRVING PARK AND CALIFORNIA,1234,2800 W IRVING PARK ROA,06/09/2015,3,,,,,
ASHLAND AND 87TH,2454,1600 W 87TH ST,06/09/2015,4,1167171.941297436,1847064.855345151,41.735898617,-87.663128781,"(41.735898617066006, -87.66312878090133)"
COTTAGE GROVE AND 71ST,2572,7100 S COTTAGE GROVE,06/09/2015,4,1182746.23698699,1858088.011064538,41.765800351,-87.605729127,"(41.76580035131893, -87.6057291269901)"
CICERO AND FULLERTON,1472,2400 N CICERO AVE,06/09/2015,4,1143961.592189569,1915545.343094087,41.92428359,-87.74645019,"(41.92428358982701, -87.74645019028947)"
HOLLYWOOD AND SHERIDAN,1343,1000 W HOLLYWOOD AVE,06/09/2015,4,1168580.228926466,1938090.295189338,41.985649799,-87.655335807,"(41.98564979859328, -87.65533580655139)"
LARAMIE AND MADISON,2044,5200 W MADISON STREET,06/09/2015,15,1141706.965522802,1899567.55684314,41.880480752,-87.755130433,"(41.88048075170171, -87.75513043296509)"
WESTERN AND TOUHY,1251,7200 N WESTERN AVENUE,06/09/2015,4,1158975.66256211,1947754.286963361,42.012371335,-87.690393917,"(42.012371334791766, -87.69039391737863)"
CICERO AND PETERSON,1202,6000 N CICERO AVENUE,06/09/2015,6,1143247.733553094,1939479.342905704,41.989973915,-87.748473024,"(41.98997391514614, -87.74847302426933)"
PULASKI AND DIVERSEY,1543,4000 W DIVERSEY AVENUE,06/06/2015,3,1149206.496130705,1918356.569267582,41.931897723,-87.72710503,"(41.9318977231462, -87.72710503045386)"
BROADWAY/SHERIDAN AND DEVON,1123,1200 W DEVON AVE,06/09/2015,6,1167109.644248166,1942688.147952186,41.998298228,-87.660611661,"(41.99829822771884, -87.66061166063517)"
DIVERSEY AND WESTERN,1431,2800 N WESTERN AVENUE,06/09/2015,3,1159837.205417355,1918550.506189309,41.932216988,-87.688033281,"(41.93221698794738, -87.68803328089533)"
IRVING PARK AND CALIFORNIA,1233,2800 W IRVING PARK ROA,06/09/2015,3,,,,,
HALSTED AND MADISON,1871,1 S HALSTED STREET,06/09/2015,3,1171092.392868784,1900234.542088741,41.881717056,-87.647210539,"(41.88171705561901, -87.64721053920604)"
CANAL AND ROOSEVELT,2291,1200 S CANAL STREET,06/09/2015,10,1173268.771030949,1894952.634878732,41.867175125,-87.639375813,"(41.86717512472001, -87.63937581258092)"
KOSTNER AND NORTH,2012,4400 W GRAND AVE,06/09/2015,6,1146773.519128439,1910425.663958581,41.91018141,-87.73624887,"(41.910181409597406, -87.73624887040725)"
ASHLAND AND LAWRENCE,1143,1600 W LAWRENCE AVENUE,06/09/2015,4,1164771.946929007,1931988.254061312,41.968987457,-87.669516307,"(41.96898745654617, -87.66951630654926)"
4700 WESTERN,2141,4700 S WESTERN AVENUE,06/09/2015,1,1161120.438879703,1873431.066474726,41.808378408,-87.684570717,"(41.808378407946726, -87.68457071689552)"
CERMAK AND PULASKI,2334,4000 W CERMAK,06/09/2015,6,1150018.476053666,1889120.238540361,41.851654369,-87.724882975,"(41.85165436867626, -87.7248829753078)"
CORTLAND AND ASHLAND,1721,1900 N ASHLAND AVE,06/09/2015,9,1165348.084854857,1912736.454335569,41.916147281,-87.667947354,"(41.91614728095272, -87.66794735350443)"
HALSTED AND NORTH,1764,800 W NORTH AVENUE,06/09/2015,3,1170700.68422007,1910913.190749698,41.91102851,-87.648335806,"(41.91102850981186, -87.64833580602037)"
CICERO AND HARRISON,2022,600 S CICERO AVENUE,06/09/2015,2,1144444.97442848,1896894.622216872,41.873094833,-87.745143869,"(41.873094832519136, -87.74514386884542)"
ELSTON AND ADDISON,1403,3216 W ADDISON ST,06/09/2015,4,1154199.729816868,1923799.345386665,41.946734755,-87.708609774,"(41.946734754927796, -87.7086097735515)"
99TH AND HALSTED,2431,9900 S HALSTED ST,06/09/2015,15,1172689.754200318,1839171.652197216,41.714118868,-87.643145408,"(41.714118868089905, -87.64314540818165)"
71ST AND ASHLAND,2391,7100 S ASHLAND,06/09/2015,2,1166868.379865725,1857616.168087255,41.764859382,-87.663940176,"(41.764859382425385, -87.66394017630476)"
FOSTER AND NAGLE,1034,6400 W FOSTER,06/09/2015,3,1132552.893142153,1934229.875527466,41.975762574,-87.787934296,"(41.97576257447203, -87.7879342955108)"
CICERO AND CHICAGO,1783,4800 W CHICAGO AVENUE,01/30/2017,1,1144175.291152764,1904916.255225279,41.895112219,-87.745932427,"(41.89511221857764, -87.74593242701515)"
PULASKI AND DIVISION,1801,1200 N PULASKI ROAD,06/10/2015,1,1149459.590666926,1907723.219884254,41.902713902,-87.726451457,"(41.902713901936174, -87.72645145715836)"
ADDISON AND HARLEM,1591,3600 N HARLEM AVENUE,06/10/2015,4,1127394.594070737,1923110.532422811,41.945338412,-87.807154769,"(41.94533841246591, -87.80715476912044)"
LARAMIE AND MADISON,2044,5200 W MADISON STREET,06/10/2015,21,1141706.965522802,1899567.55684314,41.880480752,-87.755130433,"(41.88048075170171, -87.75513043296509)"
IRVING PARK AND CALIFORNIA,1233,2800 W IRVING PARK ROA,06/10/2015,2,,,,,
DAMEN AND 63RD,2701,6300 S DAMEN AVENUE,06/10/2015,3,1164069.407943298,1862830.277442834,41.779226921,-87.674052731,"(41.77922692069256, -87.67405273137854)"
LASALLE AND KINZIE,1921,400 N LASALLE,06/10/2015,2,1175028.579766798,1903002.552291359,41.889225372,-87.632674115,"(41.88922537162015, -87.63267411498495)"
HOLLYWOOD AND SHERIDAN,1343,1000 W HOLLYWOOD AVE,06/10/2015,6,1168580.228926466,1938090.295189338,41.985649799,-87.655335807,"(41.98564979859328, -87.65533580655139)"
SHERIDAN AND FOSTER,1134,1000 W FOSTER AVE,06/10/2015,1,1168689.247756979,1934758.578141654,41.976505116,-87.655031882,"(41.97650511595711, -87.65503188224778)"
STONEY ISLAND AND 79TH,2462,7900 S STONEY ISLAND,06/10/2015,4,1188181.571068297,1852908.934789311,41.751460603,-87.585971993,"(41.75146060316686, -87.5859719929647)"
STONEY ISLAND AND 76TH,2632,7600 S STONY ISLAND A,06/10/2015,17,1188092.796191935,1854889.354158304,41.756897173,-87.586234285,"(41.75689717260223, -87.58623428506996)"
35TH AND WESTERN,2091,3500 S WESTERN,01/30/2017,2,1160894.949857101,1881376.851112895,41.830187255,-87.685177925,"(41.83018725526863, -87.68517792510231)"
HALSTED AND NORTH,1761,1600 N HALSTED STREET,06/10/2015,4,1170678.283433825,1910880.991397547,41.910940644,-87.648419043,"(41.91094064391597, -87.64841904272998)"
CALIFORNIA AND DIVERSEY,1513,2800 W DIVERSEY,06/10/2015,6,1157212.54253358,1918526.674434943,41.932205395,-87.697679244,"(41.93220539506452, -87.6976792438691)"
MILWAUKEE AND DEVON,1274,6400 W DEVON AVENUE,06/10/2015,3,1132590.619798275,1942138.532048656,41.997463981,-87.787610243,"(41.99746398102873, -87.78761024341388)"
CICERO AND FULLERTON,1474,4800 W FULLERTON AVE,01/30/2017,3,1143967.570794243,1915568.504954477,41.924347036,-87.74642764,"(41.924347036010694, -87.74642763965628)"
WESTERN AND FULLERTON,1671,2400 N WESTERN AVENUE,06/10/2015,4,1159923.309342995,1915897.778561358,41.924935944,-87.687790255,"(41.92493594409127, -87.68779025471278)"
IRVING PARK AND KEDZIE,1353,3200 W IRVING PARK ROAD,06/10/2015,8,1154325.140302006,1926458.463197156,41.954029047,-87.708077494,"(41.95402904691877, -87.70807749383191)"
HAMLIN AND LAKE,1881,300 N HAMLIN AVENUE,06/10/2015,5,1150970.026856642,1901381.688308858,41.885282636,-87.721069539,"(41.88528263580913, -87.72106953854511)"
SACRAMENTO AND LAKE,1821,150 N SACRAMENTO BOUL,06/10/2015,1,1156319.560664766,1900957.489351962,41.884012178,-87.701436479,"(41.88401217771363, -87.7014364786693)"
31ST ST AND MARTIN LUTHER KING DRIVE,2121,3100 S DR MARTIN L KING,06/10/2015,7,,,,,
PULASKI AND DIVERSEY,1542,2800 N PULASKI ROAD,06/10/2015,4,1149200.724531183,1918332.222549679,41.931831026,-87.727126873,"(41.93183102561505, -87.72712687300454)"
AUSTIN AND IRVING PARK,1161,4000 N AUSTIN AVENUE,06/10/2015,3,1135599.956110927,1926006.862619986,41.953144059,-87.776925284,"(41.95314405904539, -87.77692528423394)"
79TH AND HALSTED,2543,800 W 79TH STREET,06/10/2015,4,1172320.105719411,1852517.9814434,41.750751157,-87.644107793,"(41.75075115747316, -87.64410779300933)"
CENTRAL AND CHICAGO,1972,800 N CENTRAL AVENUE,06/10/2015,9,1138836.562608552,1904801.732832435,41.894896579,-87.765543258,"(41.89489657939746, -87.76554325845893)"
STONEY ISLAND AND 79TH,2464,1600 E 79TH ST,06/10/2015,3,1188284.704439907,1852964.829047574,41.751611523,-87.585592284,"(41.75161152327319, -87.58559228428787)"
IRVING PARK AND CALIFORNIA,1234,2800 W IRVING PARK ROA,06/10/2015,8,,,,,
WESTERN AND CHICAGO,1943,2400 W CHICAGO AVE,06/10/2015,2,1160226.686812944,1905300.904544474,41.895851041,-87.686968935,"(41.895851041123755, -87.68696893468467)"
63RD AND STATE,2714,1 E 63RD ST,06/10/2015,15,1177367.518733101,1863199.17768559,41.779949105,-87.625289553,"(41.779949104569106, -87.62528955333775)"
CICERO AND NORTH,2034,4800 W NORTH AVENUE,06/10/2015,4,1144053.733747163,1910243.80567041,41.90973389,-87.746244973,"(41.909733890131285, -87.74624497295898)"
STATE AND 79TH,2651,7900 S STATE STREET,06/10/2015,6,1177618.166929966,1852621.870232838,41.750918138,-87.624690123,"(41.7509181383154, -87.62469012251644)"
HALSTED AND 95TH,2582,9500 S HALSTED STREET,06/10/2015,4,1172610.538363645,1841811.61926207,41.721365061,-87.643358042,"(41.72136506078306, -87.64335804234075)"
HAMLIN AND MADISON,1903,3800 W MADISON STREET,06/10/2015,8,1151032.709141294,1899784.033986533,41.880897273,-87.720881226,"(41.880897273491264, -87.72088122613924)"
PULASKI AND ARMITAGE,1843,4000 W ARMITAGE AVENUE,01/30/2017,3,1149375.428872108,1913028.984273181,41.917275069,-87.726622746,"(41.91727506940875, -87.72662274644799)"
STONY ISLAND/CORNELL AND 67TH,2721,6700 S STONY ISLAND A,06/10/2015,6,1187984.143047539,1860863.338367666,41.773292896,-87.586442368,"(41.77329289585066, -87.58644236831432)"
CALIFORNIA AND PETERSON,1311,6000 N CALIFORNIA AVE,06/10/2015,1,1156545.742699118,1939775.775541795,41.990527717,-87.699552084,"(41.990527717148176, -87.69955208405155)"
CENTRAL AND IRVING PARK,1183,5600 W IRVING PARK ROAD,06/10/2015,2,1138281.535484986,1926078.647777633,41.953292847,-87.767065708,"(41.953292847298, -87.76706570775266)"
PULASKI AND FOSTER,1102,5200 N PULASKI RD,01/30/2017,1,1148746.251286324,1934286.914361976,41.97562074,-87.728383135,"(41.97562073966174, -87.72838313514907)"
BELMONT AND KEDZIE,1372,3200 N KEDZIE AVE,01/30/2017,13,1154426.977874407,1921110.466549542,41.93935173,-87.707846594,"(41.93935173030961, -87.70784659359776)"
PULASKI AND LAWRENCE,1173,4000 W LAWRENCE AVENUE,06/10/2015,3,1148844.220085601,1931638.45430438,41.968351285,-87.728091672,"(41.96835128527914, -87.72809167198088)"
CICERO AND PETERSON,1204,4800 W PETERSON AVENUE,06/10/2015,1,1143273.766829016,1939491.944645127,41.990008007,-87.748376951,"(41.99000800729908, -87.74837695118997)"
CICERO AND 47TH,2204,4800 W 47TH ST,06/10/2015,7,1145130.048925744,1873078.44198302,41.807727017,-87.743229366,"(41.80772701677172, -87.74322936566276)"
ROOSEVELT AND KOSTNER,2323,4400 W ROOSEVELT,06/10/2015,6,1147200.963258796,1894379.538078088,41.866140868,-87.73508956,"(41.866140867641654, -87.73508956008207)"
CENTRAL AND DIVERSEY,1642,2800 N CENTRAL AVENUE,06/10/2015,2,1138516.407377375,1918089.499227987,41.931365552,-87.766396529,"(41.93136555236339, -87.76639652879172)"
WESTERN AND CERMAK,1002,2200 S WESTERN AVENUE,06/10/2015,4,1160669.42562757,1889318.196820393,41.85198384,-87.685785704,"(41.85198383957328, -87.68578570420526)"
ASHLAND AND 87TH,2454,1600 W 87TH ST,06/10/2015,4,1167171.941297436,1847064.855345151,41.735898617,-87.663128781,"(41.735898617066006, -87.66312878090133)"
DIVERSEY AND AUSTIN,1454,6000 W DIVERSEY AVENUE,06/10/2015,3,1135895.736169343,1918029.70673837,41.931248624,-87.776028612,"(41.931248623643455, -87.77602861172493)"
WESTERN AND TOUHY,1252,7200 N WESTERN AVENUE,06/10/2015,3,1158975.66256211,1947754.286963361,42.012371335,-87.690393917,"(42.012371334791766, -87.69039391737863)"
HOLLYWOOD AND SHERIDAN,1344,1000 W HOLLYWOOD AVE,06/10/2015,25,1168580.228926466,1938090.295189338,41.985649799,-87.655335807,"(41.98564979859328, -87.65533580655139)"
SACRAMENTO AND CHICAGO,1814,3000 W CHICAGO AVENUE,06/10/2015,1,1156075.266375505,1905216.604770718,41.895704525,-87.702218524,"(41.895704524946225, -87.70221852353758)"
111TH AND HALSTED,2422,11100 S HALSTED ST,06/10/2015,7,1172923.657689312,1831209.044179248,41.692263123,-87.642522688,"(41.692263123425136, -87.6425226876268)"
CICERO AND HARRISON,2023,4800 W HARRISON STREET,06/06/2015,2,1144451.867388303,1896949.561959463,41.873245464,-87.745117179,"(41.873245464379586, -87.7451171788807)"
CICERO AND CHICAGO,1783,4800 W CHICAGO AVENUE,06/10/2015,3,1144175.291152764,1904916.255225279,41.895112219,-87.745932427,"(41.89511221857764, -87.74593242701515)"
WESTERN AND ADDISON,1562,3600 N WESTERN AVENUE,06/10/2015,3,1159695.573342728,1923871.086283556,41.94681992,-87.688406662,"(41.94681991986288, -87.68840666206194)"
ROOSEVELT AND KOSTNER,2321,1200 S KOSTNER,06/10/2015,6,1147196.304001978,1894305.883269746,41.865938839,-87.735108549,"(41.8659388389088, -87.73510854901264)"
MILWAUKEE AND DEVON,1272,6400 N MILWAUKEE AVEN,06/10/2015,3,1132463.750397878,1942107.911507627,41.997382173,-87.788077674,"(41.99738217345368, -87.78807767391953)"
BELMONT AND KEDZIE,1372,3200 N KEDZIE AVE,06/10/2015,6,1154426.977874407,1921110.466549542,41.93935173,-87.707846594,"(41.93935173030961, -87.70784659359776)"
CENTRAL AND IRVING PARK,1182,4000 N CENTRAL AVENUE,06/10/2015,1,1138258.614129764,1926071.172884932,41.953272751,-87.767150151,"(41.95327275103541, -87.76715015131407)"
PULASKI AND ARMITAGE,1844,4000 W ARMITAGE AVENUE,06/10/2015,2,1149375.428872108,1913028.984273181,41.917275069,-87.726622746,"(41.91727506940875, -87.72662274644799)"
HOLLYWOOD AND SHERIDAN,1344,1000 W HOLLYWOOD AVE,01/30/2017,11,1168580.228926466,1938090.295189338,41.985649799,-87.655335807,"(41.98564979859328, -87.65533580655139)"
WESTERN AND 71ST,2614,2400 W 71ST STREET,06/10/2015,2,1161584.506819846,1857557.788853485,41.764810388,-87.683308769,"(41.76481038827884, -87.68330876944678)"
99TH AND HALSTED,2431,9900 S HALSTED ST,06/10/2015,19,1172689.754200318,1839171.652197216,41.714118868,-87.643145408,"(41.714118868089905, -87.64314540818165)"
ASHLAND AND FULLERTON,1651,2400 N ASHLAND AVENUE,06/10/2015,8,1165228.073342838,1916032.319169157,41.92519389,-87.668294363,"(41.92519388981048, -87.66829436339881)"
CALIFORNIA AND DEVON,1323,2800 W DEVON AVENUE,06/10/2015,5,1156484.528078038,1942377.980662191,41.997669523,-87.699706423,"(41.99766952286052, -87.69970642324591)"
FOSTER AND NAGLE,1034,6400 W FOSTER,06/10/2015,6,1132552.893142153,1934229.875527466,41.975762574,-87.787934296,"(41.97576257447203, -87.7879342955108)"
BELMONT AND KEDZIE,1372,3200 N KEDZIE AVE,06/05/2015,12,1154426.977874407,1921110.466549542,41.93935173,-87.707846594,"(41.93935173030961, -87.70784659359776)"
CALIFORNIA AND DEVON,1321,6400 N CALIFORNIA AVE,06/10/2015,4,1156461.150245401,1942370.37710537,41.997649133,-87.699792629,"(41.997649133049336, -87.69979262891378)"
115TH AND HALSTED,2552,11500 S HALSTED STREE,06/10/2015,4,,,,,
VAN BUREN AND WESTERN,2054,2400 W VAN BUREN STREE,06/10/2015,9,,,,,
ELSTON AND ADDISON,1403,3216 W ADDISON ST,06/10/2015,5,1154199.729816868,1923799.345386665,41.946734755,-87.708609774,"(41.946734754927796, -87.7086097735515)"
99TH AND HALSTED,2433,800 W 99TH ST,06/10/2015,3,1172710.642565684,1839246.330602143,41.714323337,-87.643066714,"(41.71432333701137, -87.64306671421937)"
HARLEM AND BELMONT,1394,7200 W BELMONT AVE,06/10/2015,4,1127504.698153561,1920475.415440844,41.938105479,-87.806809552,"(41.93810547939496, -87.80680955240743)"
JEFFERY AND 95TH,2522,9500 S JEFFERY AVE,06/10/2015,6,1191132.420601301,1842335.735988875,41.722375907,-87.575499903,"(41.72237590704101, -87.57549990332795)"
CICERO AND FULLERTON,1474,4800 W FULLERTON AVE,06/10/2015,1,1143967.570794243,1915568.504954477,41.924347036,-87.74642764,"(41.924347036010694, -87.74642763965628)"
SACRAMENTO AND LAKE,1822,150 N SACRAMENTO BOUL,06/10/2015,5,1156319.560664766,1900957.489351962,41.884012178,-87.701436479,"(41.88401217771363, -87.7014364786693)"
KIMBALL AND DIVERSEY,1581,2800 N KIMBALL AVENUE,06/10/2015,1,,,,,
63RD AND STATE,2712,6300 S STATE ST,06/10/2015,4,1177303.801895084,1863220.216755923,41.780008277,-87.625522512,"(41.78000827740796, -87.6255225119157)"
STONY ISLAND/CORNELL AND 67TH,2731,6700 S CORNELL DRIVE,06/10/2015,11,1188316.454860734,1860851.137456735,41.77325149,-87.5852246,"(41.77325148959568, -87.58522459967712)"
LAKE SHORE DR AND BELMONT,1413,400 W BELMONT AVE,06/10/2015,34,1172981.744869382,1921577.376128802,41.940241193,-87.639639114,"(41.94024119325571, -87.63963911427594)"
CICERO AND PETERSON,1202,6000 N CICERO AVENUE,06/10/2015,6,1143247.733553094,1939479.342905704,41.989973915,-87.748473024,"(41.98997391514614, -87.74847302426933)"
35TH AND WESTERN,2092,3500 S WESTERN,06/10/2015,1,1160894.949857101,1881376.851112895,41.830187255,-87.685177925,"(41.83018725526863, -87.68517792510231)"
4700 WESTERN,2141,4700 S WESTERN AVENUE,06/10/2015,1,1161120.438879703,1873431.066474726,41.808378408,-87.684570717,"(41.808378407946726, -87.68457071689552)"
PULASKI AND ARCHER,2153,5000 S ARCHER AVE,06/10/2015,4,1150501.818909837,1871162.311703322,41.802365973,-87.723576766,"(41.80236597333895, -87.72357676611004)"
CENTRAL AND LAKE,1742,400 N CENTRAL AVENUE,06/10/2015,9,1138928.478257537,1902217.926149854,41.887804621,-87.765268498,"(41.88780462053497, -87.76526849810371)"
KOSTNER AND NORTH,2012,4400 W GRAND AVE,06/10/2015,8,1146773.519128439,1910425.663958581,41.91018141,-87.73624887,"(41.910181409597406, -87.73624887040725)"
CENTRAL AND LAKE,1742,400 N CENTRAL AVENUE,01/30/2017,2,1138928.478257537,1902217.926149854,41.887804621,-87.765268498,"(41.88780462053497, -87.76526849810371)"
79TH AND HALSTED,2541,7900 S HALSTED STREET,06/10/2015,5,1172298.707400847,1852444.344822186,41.750549559,-87.644188368,"(41.750549559438944, -87.64418836784098)"
FOSTER AND BROADWAY,1111,5200 N BROADWAY ST,06/10/2015,3,1167334.508577915,1934714.008346532,41.976412143,-87.660015082,"(41.97641214294823, -87.66001508205365)"
LARAMIE AND FULLERTON,1424,5200 W FULLERTON AVENUE,06/10/2015,8,1141305.554932016,1915502.611239048,41.924215797,-87.756210755,"(41.92421579723144, -87.75621075458939)"
MONTROSE AND WESTERN,1221,4400 N WESTERN AVENUE,06/10/2015,5,1159539.733234718,1929183.918095502,41.961401846,-87.688832623,"(41.961401846278505, -87.6888326227788)"
MONTROSE AND WESTERN,1224,2400 W MONTROSE AVENUE,06/10/2015,2,1159562.971802959,1929191.337701253,41.961421726,-87.68874698,"(41.961421726406314, -87.68874697983858)"
CICERO AND ARMITAGE,2001,2000 N CICERO AVENUE,06/10/2015,2,1144031.525719004,1912881.8300295,41.916973325,-87.746260223,"(41.91697332451097, -87.74626022251057)"
KIMBALL AND DIVERSEY,1581,2800 N KIMBALL AVENUE,08/08/2015,1,,,,,
MILWAUKEE AND MONTROSE,1362,4400 N MILWAUKEE AVEN,06/10/2015,4,1141643.943268783,1928770.256316239,41.96061723,-87.75463824,"(41.9606172296957, -87.75463824007085)"
KEDZIE AND 63RD,2364,3200 W 63RD ST,06/10/2015,1,1156103.348831225,1862717.565210739,41.779081505,-87.703260365,"(41.77908150488341, -87.70326036544745)"
PULASKI AND DIVISION,1802,1200 N PULASKI ROAD,06/10/2015,5,1149459.590666926,1907723.219884254,41.902713902,-87.726451457,"(41.902713901936174, -87.72645145715836)"
CLARK AND IRVING PARK,1091,4000 N CLARK STREET,06/10/2015,1,1166736.149822904,1926699.323624709,41.954432441,-87.662446259,"(41.95443244141688, -87.66244625914061)"
79TH AND KEDZIE,2443,3200 W 79TH ST,06/10/2015,4,1156402.644780165,1852104.649370984,41.749952001,-87.702448478,"(41.74995200142266, -87.70244847808695)"
LARAMIE AND MADISON,2043,5200 W MADISON STREET,06/10/2015,2,1141706.965522802,1899567.55684314,41.880480752,-87.755130433,"(41.88048075170171, -87.75513043296509)"
COLUMBUS AND ILLINOIS,1952,500 N COLUMBUS DRIVE,06/10/2015,17,1178372.808407292,1903693.06016042,41.891044569,-87.620371839,"(41.891044569124276, -87.620371839074)"
71ST AND ASHLAND,2391,7100 S ASHLAND,06/10/2015,1,1166868.379865725,1857616.168087255,41.764859382,-87.663940176,"(41.764859382425385, -87.66394017630476)"
ASHLAND AND FULLERTON,1652,2400 N ASHLAND AVENUE,06/10/2015,18,1165228.073342838,1916032.319169157,41.92519389,-87.668294363,"(41.92519388981048, -87.66829436339881)"
CICERO AND ADDISON,1612,3600 N CICERO AVENUE,06/10/2015,8,1143698.904601495,1923517.005821035,41.946163524,-87.747215169,"(41.94616352362556, -87.74721516897007)"
HALSTED AND 95TH,2581,9500 S HALSTED STREET,06/10/2015,3,1172610.538363645,1841811.61926207,41.721365061,-87.643358042,"(41.72136506078306, -87.64335804234075)"
WESTERN AND NORTH,1851,1600 N WESTERN AVE,06/10/2015,6,1160077.474351131,1910605.013316134,41.910409024,-87.687370268,"(41.91040902362901, -87.687370268401)"
CICERO AND CHICAGO,1781,800 N CICERO AVENUE,06/10/2015,6,1144169.162482127,1904893.189220372,41.895049038,-87.745955516,"(41.89504903796389, -87.74595551626888)"
ARCHER AND CICERO,2081,5200 S CICERO AVE,06/10/2015,39,1145195.931989777,1869737.708306623,41.798558278,-87.743071866,"(41.798558278193305, -87.74307186616427)"
CENTRAL AND FULLERTON,1442,2400 N CENTRAL AVENUE,06/10/2015,2,1138603.468418662,1915431.058212414,41.924068922,-87.766141214,"(41.92406892227644, -87.76614121413186)"
TOUHY AND OSCEOLA,1244,7432 W TOUHY AVENUE,01/30/2017,2,1125717.010560011,1947269.685461107,42.011661765,-87.812781431,"(42.01166176507329, -87.81278143114147)"
FOSTER AND NAGLE,1031,5200 N NAGLE,06/10/2015,4,1132529.656558223,1934201.702060651,41.97568567,-87.788020406,"(41.97568566971868, -87.78802040620296)"
COLUMBUS AND ILLINOIS,1951,500 N COLUMBUS DRIVE,06/10/2015,20,1178372.808407292,1903693.06016042,41.891044569,-87.620371839,"(41.891044569124276, -87.620371839074)"
CLARK AND FULLERTON,1632,2400 N CLARK ST,06/10/2015,1,1172749.562209477,1916238.997132859,41.925597623,-87.640650973,"(41.925597623023144, -87.64065097309872)"
ROOSEVELT AND HALSTED,,800 W ROOSEVELT ROAD,06/10/2015,1,1171199.282357741,1894968.056393724,41.867263098,-87.646972686,"(41.86726309836901, -87.64697268601648)"
STATE AND 79TH,2654,1 E 79TH STREET,06/10/2015,19,1177680.113652821,1852598.313477786,41.750852096,-87.624463832,"(41.75085209551078, -87.62446383210285)"
KEDZIE AND 71ST,2354,3200 W 71ST STREET,06/10/2015,10,1156246.862901455,1857404.014959868,41.764497433,-87.702877023,"(41.76449743256955, -87.70287702335861)"
ASHLAND AND 87TH,2452,8700 S ASHLAND AVE,06/10/2015,6,1167150.470087748,1846991.212339794,41.735696989,-87.663209544,"(41.73569698863625, -87.66320954445679)"
CERMAK AND PULASKI,2332,2200 S PULASKI,06/10/2015,5,1150012.876838243,1889071.75851865,41.851521442,-87.724904787,"(41.85152144233116, -87.7249047867499)"
PULASKI AND FOSTER,1102,5200 N PULASKI RD,06/10/2015,1,1148746.251286324,1934286.914361976,41.97562074,-87.728383135,"(41.97562073966174, -87.72838313514907)"
MILWAUKEE AND MONTROSE,1364,5075 W MONTROSE AVENUE,06/10/2015,1,1141716.746618898,1928736.076639057,41.960522088,-87.754371424,"(41.96052208819935, -87.75437142402293)"
HALSTED AND MADISON,1871,1 S HALSTED STREET,06/10/2015,4,1171092.392868784,1900234.542088741,41.881717056,-87.647210539,"(41.88171705561901, -87.64721053920604)"
LARAMIE AND FULLERTON,1421,2400 N LARAMIE AVENUE,01/30/2017,1,1141282.877477884,1915479.163971956,41.924151874,-87.756294662,"(41.92415187425276, -87.75629466175003)"
CERMAK AND PULASKI,2334,4000 W CERMAK,06/10/2015,5,1150018.476053666,1889120.238540361,41.851654369,-87.724882975,"(41.85165436867626, -87.7248829753078)"
PULASKI AND DIVERSEY,1543,4000 W DIVERSEY AVENUE,06/10/2015,3,1149206.496130705,1918356.569267582,41.931897723,-87.72710503,"(41.9318977231462, -87.72710503045386)"
ASHLAND AND 95TH,2472,9500 S ASHLAND AVENUE,06/10/2015,5,1167295.830128711,1841695.121217916,41.721160612,-87.662828139,"(41.72116061205213, -87.66282813939165)"
BROADWAY/SHERIDAN AND DEVON,1123,1200 W DEVON AVE,06/10/2015,1,1167109.644248166,1942688.147952186,41.998298228,-87.660611661,"(41.99829822771884, -87.66061166063517)"
SACRAMENTO AND LAKE,1822,150 N SACRAMENTO BOUL,04/19/2017,4,1156319.560664766,1900957.489351962,41.884012178,-87.701436479,"(41.88401217771363, -87.7014364786693)"
PULASKI AND BELMONT,1382,3200 N PULASKI RD,06/10/2015,3,1149125.621478734,1920994.556178086,41.939138154,-87.72733371,"(41.939138153500274, -87.7273337101426)"
IRVING PARK AND CALIFORNIA,1234,2800 W IRVING PARK ROA,01/30/2017,7,,,,,
PULASKI AND NORTH,1992,1600 N PULASKI AVENUE,06/10/2015,2,1149432.959240306,1910369.112502195,41.90997501,-87.726480523,"(41.909975010236906, -87.72648052306623)"
CICERO AND DIVERSEY,1694,4800 W DIVERSEY AVENUE,06/10/2015,2,1143869.848167704,1918226.043989398,41.93164142,-87.746719911,"(41.93164142040689, -87.7467199106462)"
HALSTED AND MADISON,1872,1 N HALSTED STREET,01/30/2017,5,1171090.967986833,1900270.454015136,41.881815632,-87.647214717,"(41.88181563164203, -87.64721471704077)"
CENTRAL AND ADDISON,1682,3600 N CENTRAL AVENUE,06/10/2015,2,1138343.117435682,1923392.067464765,41.945919491,-87.766904594,"(41.945919490555106, -87.76690459426293)"
KEDZIE AND ARMITAGE,1832,2000 N KEDZIE AVENUE,06/10/2015,6,1154684.031809326,1913129.496340896,41.917446172,-87.707116072,"(41.91744617191702, -87.70711607187832)"
31ST ST AND MARTIN LUTHER KING DRIVE,2123,400 E 31ST STREET,06/10/2015,5,1179437.985396417,1884565.84226022,41.838534018,-87.617046113,"(41.838534018118914, -87.61704611345726)"
HAMLIN AND MADISON,1901,0 N HAMLIN BOULEVARD,06/10/2015,9,,,,,
WESTERN AND DEVON,1212,6400 N WESTERN AVENUE,06/10/2015,2,1159113.585759434,1942451.622367891,41.997817807,-87.690033035,"(41.997817807026, -87.69003303469276)"
ROOSEVELT AND HALSTED,2233,800 W ROOSEVELT ROAD,06/10/2015,5,1171199.282357741,1894968.056393724,41.867263098,-87.646972686,"(41.86726309836901, -87.64697268601648)"
4700 WESTERN,2142,4700 S WESTERN AVENUE,06/10/2015,2,1161120.438879703,1873431.066474726,41.808378408,-87.684570717,"(41.808378407946726, -87.68457071689552)"
KEDZIE AND 26TH,2381,2600 S KEDZIE AVENUE,06/10/2015,1,1155404.235510285,1886524.460033054,41.844424831,-87.705185452,"(41.84442483084393, -87.70518545233183)"
WESTERN AND FULLERTON,1672,2400 N WESTERN AVENUE,06/10/2015,2,1159923.309342995,1915897.778561358,41.924935944,-87.687790255,"(41.92493594409127, -87.68779025471278)"
PULASKI AND PETERSON,1262,6000 N PULASKI ROAD,06/10/2015,4,1148598.016685695,1939584.645960177,41.990160923,-87.728790748,"(41.99016092280557, -87.72879074759867)"
CENTRAL AND FULLERTON,1444,5600 W FULLERTON AVENU,06/10/2015,2,1138627.279189421,1915438.969256439,41.924090199,-87.76605353,"(41.92409019883488, -87.76605353016079)"
HALSTED AND FULLERTON,1704,800 W FULLERTON AVENUE,06/10/2015,13,1170525.624723311,1916208.443992778,41.925562791,-87.648823641,"(41.92556279107417, -87.64882364145232)"
CICERO AND ADDISON,1611,3600 N CICERO AVENUE,06/10/2015,6,1143698.904601495,1923517.005821035,41.946163524,-87.747215169,"(41.94616352362556, -87.74721516897007)"
ASHLAND AND LAWRENCE,1143,1600 W LAWRENCE AVENUE,06/10/2015,1,1164771.946929007,1931988.254061312,41.968987457,-87.669516307,"(41.96898745654617, -87.66951630654926)"
PULASKI AND CHICAGO,1983,4000 W CHICAGO AVENUE,06/10/2015,1,1149561.855939692,1905086.596446259,41.895476752,-87.72614436,"(41.89547675163723, -87.72614435991626)"
IRVING PARK AND NARRAGANSETT,1024,6400 W IRVING PK,06/10/2015,1,1132945.939118726,1925946.304925137,41.953024751,-87.786683238,"(41.95302475075328, -87.78668323766634)"
PULASKI AND NORTH,1994,4000 W NORTH AVENUE,06/10/2015,3,1149456.2688422,1910376.774019002,41.909995582,-87.726394693,"(41.90999558160536, -87.72639469321471)"
CANAL AND ROOSEVELT,2291,1200 S CANAL STREET,06/10/2015,5,1173268.771030949,1894952.634878732,41.867175125,-87.639375813,"(41.86717512472001, -87.63937581258092)"
ASHLAND AND MADISON,1911,0 N ASHLAND AVE,06/10/2015,7,,,,,
CENTRAL AND BELMONT,1602,3200 N CENTRAL AVENUE,06/10/2015,4,1138430.432324593,1920731.654410336,41.938617463,-87.766648297,"(41.938617463272884, -87.76664829683827)"
CHICAGO AND CLARK,1964,100 W CHICAGO AVENUE,06/10/2015,4,1175374.528739575,1905745.47783364,41.896744347,-87.631321248,"(41.896744346875806, -87.63132124815151)"
CENTRAL AND ADDISON,1682,3600 N CENTRAL AVENUE,01/30/2017,1,1138343.117435682,1923392.067464765,41.945919491,-87.766904594,"(41.945919490555106, -87.76690459426293)"
PERSHING AND WESTERN,2114,2400 W PERSHING ROAD,06/06/2015,10,1160957.773623189,1878793.434193427,41.82309676,-87.685018951,"(41.82309676016606, -87.68501895061576)"
DIVERSEY AND WESTERN,1434,2400 W DIVERSEY AVENUE,06/10/2015,3,1159859.648423836,1918576.255784305,41.932287183,-87.687950093,"(41.93228718299094, -87.6879500934122)"
CICERO AND ADDISON,1612,3600 N CICERO AVENUE,04/19/2017,2,1143698.904601495,1923517.005821035,41.946163524,-87.747215169,"(41.94616352362556, -87.74721516897007)"
CENTRAL AND CHICAGO,1973,5600 W CHICAGO AVENUE,06/10/2015,2,1138858.856732452,1904825.827586656,41.894962293,-87.765460791,"(41.89496229349977, -87.76546079122906)"
CANAL AND ROOSEVELT,2294,500 W ROOSEVELT ROAD,06/10/2015,4,1173290.72186561,1895021.166235495,41.867362693,-87.639293195,"(41.867362692616666, -87.63929319464197)"
ASHLAND AND DIVISION,1791,1200 N ASHLAND AVENUE,06/10/2015,9,1165466.997046718,1908083.767015974,41.903377468,-87.667643142,"(41.903377467566784, -87.66764314227497)"
FOSTER AND NAGLE,1034,6400 W FOSTER,01/30/2017,2,1132552.893142153,1934229.875527466,41.975762574,-87.787934296,"(41.97576257447203, -87.7879342955108)"
CICERO AND NORTH,2033,4800 W NORTH AVENUE,06/06/2015,12,1144053.733747163,1910243.80567041,41.90973389,-87.746244973,"(41.909733890131285, -87.74624497295898)"
CLARK AND IRVING PARK,1093,1300 W IRVING PARK ROAD,06/10/2015,1,1166777.545456989,1926719.73687357,41.954487567,-87.662293496,"(41.95448756687966, -87.66229349585691)"
WENTWORTH AND GARFIELD,2261,5500 S WENTWORTH AVEN,06/10/2015,21,,,,,
ASHLAND AND FULLERTON,1652,2400 N ASHLAND AVENUE,01/30/2017,6,1165228.073342838,1916032.319169157,41.92519389,-87.668294363,"(41.92519388981048, -87.66829436339881)"
LAKE SHORE DR AND BELMONT,1412,3200 N LAKESHORE DRIV,06/10/2015,6,1173053.220555078,1921821.380831705,41.940909163,-87.63936916,"(41.94090916326764, -87.63936915995522)"
KEDZIE AND ARMITAGE,1834,3200 W ARMITAGE AVENUE,06/10/2015,1,1154700.851347995,1913153.252187904,41.917511023,-87.707053639,"(41.91751102291878, -87.7070536388797)"
STONEY ISLAND AND 79TH,2461,7900 S SOUTH CHICAGO AVE,06/10/2015,2,1188274.655498937,1852865.685797892,41.751339705,-87.585632266,"(41.751339704589455, -87.58563226565187)"
BELMONT AND KEDZIE,1371,3200 N KEDZIE AVENUE,06/10/2015,1,1154426.977874407,1921110.466549542,41.93935173,-87.707846594,"(41.93935173030961, -87.70784659359776)"
IRVING PARK AND KILPATRICK,2763,4700 W IRVING PARK ROA,06/10/2015,5,,,,,
HALSTED AND 103RD,2593,800 W 103RD STREET,06/10/2015,3,1172778.570616036,1836587.755252818,41.70702632,-87.642896007,"(41.707026319812215, -87.64289600741817)"
87TH AND VINCENNES,2412,8700 S VINCENNES,06/10/2015,8,1172026.328989535,1847142.496643776,41.736006565,-87.645341819,"(41.73600656458518, -87.64534181897955)"
VAN BUREN AND WESTERN,2052,400 S WESTERN AVENUE,06/10/2015,41,1160431.682297829,1898091.942371589,41.876064776,-87.686415631,"(41.87606477642526, -87.68641563098768)"
CORTLAND AND ASHLAND,1721,1900 N ASHLAND AVE,06/10/2015,18,1165348.084854857,1912736.454335569,41.916147281,-87.667947354,"(41.91614728095272, -87.66794735350443)"
PULASKI AND IRVING PARK,1574,4000 W IRVING PARK RD,06/10/2015,8,1148988.727877253,1926320.954938409,41.953756874,-87.727698513,"(41.95375687447515, -87.72769851312907)"
PULASKI AND FOSTER,1104,4000 W FOSTER AVE,06/10/2015,5,1148759.16134887,1934294.249006446,41.975640616,-87.728335469,"(41.975640616231914, -87.72833546926573)"
IRVING PARK AND NARRAGANSETT,1023,6400 W IRVING PK,06/10/2015,3,1132945.939118726,1925946.304925137,41.953024751,-87.786683238,"(41.95302475075328, -87.78668323766634)"
75TH AND STATE,2621,7500 S STATE STREET,01/30/2017,11,1177538.763040612,1855235.551345519,41.758092176,-87.624902228,"(41.75809217638291, -87.6249022282473)"
115TH AND HALSTED,2552,11500 S HALSTED STREE,01/30/2017,18,,,,,
35TH AND WESTERN,2091,3500 S WESTERN,06/10/2015,8,1160894.949857101,1881376.851112895,41.830187255,-87.685177925,"(41.83018725526863, -87.68517792510231)"
CLARK AND FULLERTON,1631,2400 N CLARK ST,01/30/2017,5,1172749.562209477,1916238.997132859,41.925597623,-87.640650973,"(41.925597623023144, -87.64065097309872)"
PULASKI AND PETERSON,1263,4000 W PETERSON AVENUE,01/30/2017,7,1148618.560490339,1939615.133928395,41.990244186,-87.728714391,"(41.99024418564742, -87.7287143910091)"
CHICAGO AND CLARK,1964,100 W CHICAGO AVENUE,06/06/2015,6,1175374.528739575,1905745.47783364,41.896744347,-87.631321248,"(41.896744346875806, -87.63132124815151)"
CICERO AND HARRISON,2022,600 S CICERO AVENUE,06/10/2015,6,1144444.97442848,1896894.622216872,41.873094833,-87.745143869,"(41.873094832519136, -87.74514386884542)"
KEDZIE AND 71ST,2352,7100 S KEDZIE AVENUE,06/10/2015,1,1156225.540366296,1857330.103443232,41.764295037,-87.702957162,"(41.764295036756856, -87.70295716211793)"
119TH AND HALSTED,2404,800 W 119TH STREET,01/30/2017,3,1173111.174088158,1825985.001014405,41.677923389,-87.641989646,"(41.677923389134385, -87.64198964584013)"
55TH AND WESTERN,2213,2400 W 55TH STREET,06/10/2015,6,1161277.012730599,1868185.749490228,41.793981347,-87.684141741,"(41.7939813465735, -87.68414174128355)"
ELSTON AND ADDISON,1402,3600 N ELSTON AVE,06/10/2015,1,1154106.95251778,1923731.036211081,41.946549165,-87.708952626,"(41.94654916480637, -87.70895262603513)"
IRVING PARK AND KEDZIE,1354,3200 W IRVING PARK ROAD,06/10/2015,8,1154325.140302006,1926458.463197156,41.954029047,-87.708077494,"(41.95402904691877, -87.70807749383191)"
WENTWORTH AND GARFIELD,2264,200 W GARFIELD BLVD,06/10/2015,4,1175889.574397302,1868551.750512227,41.794670385,-87.630547476,"(41.79467038468937, -87.63054747605638)"
PETERSON AND WESTERN,1014,2400 W PETERSON,06/10/2015,2,1159214.211316277,1939825.301874586,41.99060901,-87.689735481,"(41.990609009807294, -87.68973548092968)"
STATE AND 79TH,2651,7900 S STATE STREET,01/30/2017,6,1177618.166929966,1852621.870232838,41.750918138,-87.624690123,"(41.7509181383154, -87.62469012251644)"
CLARK AND FULLERTON,1631,2400 N CLARK ST,06/10/2015,1,1172749.562209477,1916238.997132859,41.925597623,-87.640650973,"(41.925597623023144, -87.64065097309872)"
PERSHING AND WESTERN,2112,3900 S WESTERN BLVD,06/10/2015,4,1161130.992078755,1878746.226354636,41.822963628,-87.684384785,"(41.82296362788048, -87.68438478541296)"
KEDZIE AND 31ST,2134,3200 W 31ST STREET,06/10/2015,7,1155487.128005646,1883943.061106793,41.8373395,-87.704950558,"(41.83733950029648, -87.70495055800411)"
PULASKI AND PETERSON,1263,4000 W PETERSON AVENUE,06/10/2015,13,1148618.560490339,1939615.133928395,41.990244186,-87.728714391,"(41.99024418564742, -87.7287143910091)"
WESTERN AND CHICAGO,1941,800 N WESTERN AVE,06/10/2015,2,1160220.967978608,1905277.507115921,41.895786955,-87.686990586,"(41.89578695485361, -87.68699058611217)"
WESTERN AND TOUHY,1251,7200 N WESTERN AVENUE,06/10/2015,1,1158975.66256211,1947754.286963361,42.012371335,-87.690393917,"(42.012371334791766, -87.69039391737863)"
111TH AND HALSTED,2424,800 W 111TH ST,06/10/2015,2,1172945.404219168,1831282.917027882,41.692465363,-87.642440901,"(41.692465363421874, -87.64244090105778)"
WESTERN AND 63RD,2373,2400 W 63RD ST,06/10/2015,1,1161444.415758584,1862848.534703658,41.779331844,-87.683675761,"(41.77933184429814, -87.68367576084798)"
115TH AND HALSTED,2553,800 W 115TH STREET,06/10/2015,4,1173010.735357888,1828632.242070332,41.685190056,-87.642279564,"(41.68519005571938, -87.64227956401977)"
119TH AND HALSTED,2404,800 W 119TH STREET,06/10/2015,3,1173111.174088158,1825985.001014405,41.677923389,-87.641989646,"(41.677923389134385, -87.64198964584013)"
55TH and PULASKI,2242,5500 S PULASKI,06/10/2015,2,1150600.072649439,1867806.44512718,41.793155061,-87.723303765,"(41.793155060731024, -87.72330376464247)"
PULASKI AND DIVERSEY,1542,2800 N PULASKI ROAD,01/30/2017,4,1149200.724531183,1918332.222549679,41.931831026,-87.727126873,"(41.93183102561505, -87.72712687300454)"
FULLERTON AND NARRAGANSETT,1553,6400 W FULLERTON AVENU,01/30/2017,2,1133317.594499059,1915293.661305931,41.923786189,-87.785567206,"(41.92378618871128, -87.78556720562165)"
ASHLAND AND LAWRENCE,1142,4800 N ASHLAND AVENUE,06/10/2015,5,1164751.686785145,1932001.206626392,41.96902343,-87.669590434,"(41.969023429614026, -87.66959043354217)"
CICERO AND NORTH,2033,4800 W NORTH AVENUE,06/10/2015,10,1144053.733747163,1910243.80567041,41.90973389,-87.746244973,"(41.909733890131285, -87.74624497295898)"
CHICAGO AND CLARK,1963,100 W CHICAGO AVENUE,06/10/2015,7,1175374.528739575,1905745.47783364,41.896744347,-87.631321248,"(41.896744346875806, -87.63132124815151)"
ROOSEVELT AND PULASKI,2314,4000 W ROOSEVELT ROAD,06/10/2015,8,1149885.032049683,1894449.464076882,41.866281003,-87.72523422,"(41.866281002664536, -87.72523421983905)"
CALIFORNIA AND PETERSON,1313,2800 W PETERSON AVENUE,06/10/2015,6,1156569.515341857,1939784.830544118,41.990552082,-87.699464396,"(41.990552081681564, -87.69946439622785)"
KOSTNER AND NORTH,2011,1600 N KOSTNER,06/10/2015,2,1146732.108679105,1910282.120990798,41.909788304,-87.736404667,"(41.90978830394343, -87.73640466739216)"
PERSHING AND WESTERN,2114,2400 W PERSHING ROAD,06/10/2015,9,1160957.773623189,1878793.434193427,41.82309676,-87.685018951,"(41.82309676016606, -87.68501895061576)"
PULASKI AND 63RD,2342,6300 S PULASKI RD,06/10/2015,6,1150746.00309079,1862516.747695325,41.778636469,-87.722906356,"(41.77863646878099, -87.72290635568541)"
CORTLAND AND ASHLAND,1723,1600 W CORTLAND ST,06/10/2015,8,1165377.660768235,1912768.773647285,41.916235337,-87.667837772,"(41.91623533746878, -87.66783777212962)"
OGDEN AND KOSTNER,2223,4400 W OGDEN AVENUE,06/10/2015,11,1147406.592439224,1887689.099869462,41.847777523,-87.734505969,"(41.84777752280453, -87.73450596874825)"
55TH AND KEDZIE,2163,3200 W 55TH STREET,06/10/2015,4,1155966.956993183,1868015.593764152,41.793622803,-87.703618141,"(41.79362280329978, -87.70361814062049)"
55TH AND WESTERN,2212,5500 S WESTERN AVE,06/10/2015,5,1161269.521335262,1867963.111601251,41.793370554,-87.684175377,"(41.79337055433029, -87.6841753767592)"
HOLLYWOOD AND SHERIDAN,1343,1000 W HOLLYWOOD AVE,06/05/2015,7,1168580.228926466,1938090.295189338,41.985649799,-87.655335807,"(41.98564979859328, -87.65533580655139)"
ELSTON AND LAWRENCE,1284,4440 W LAWRENCE AVENUE,06/10/2015,2,1145715.061027481,1931571.0474838,41.968226398,-87.739599251,"(41.96822639754791, -87.73959925065756)"
PULASKI AND ARCHER,2154,5000 S ARCHER AVE,06/10/2015,3,1150501.818909837,1871162.311703322,41.802365973,-87.723576766,"(41.80236597333895, -87.72357676611004)"
ELSTON AND LAWRENCE,1282,4800 N ELSTON AVENUE,06/10/2015,1,1145529.344259918,1931501.601268983,41.968039361,-87.740283894,"(41.96803936143674, -87.74028389448999)"
DIVISION AND DAMEN,1734,2000 W DIVISION,06/10/2015,3,1162815.710860194,1908034.672555531,41.903298793,-87.677383247,"(41.903298792681944, -87.67738324739636)"
MADISON AND WESTERN,1931,1 S WESTERN AVE,06/10/2015,1,1160453.827721979,1899933.703473746,41.881118279,-87.686283339,"(41.881118278833966, -87.686283338873)"
WESTERN AND NORTH,1853,2400 W NORTH AVE,06/10/2015,2,1160100.839010995,1910612.783367238,41.910429862,-87.687284221,"(41.91042986235867, -87.68728422050837)"
WENTWORTH AND GARFIELD,2264,200 W GARFIELD BLVD,01/30/2017,7,1175889.574397302,1868551.750512227,41.794670385,-87.630547476,"(41.79467038468937, -87.63054747605638)"
KEDZIE AND 71ST,2352,7100 S KEDZIE AVENUE,01/30/2017,6,1156225.540366296,1857330.103443232,41.764295037,-87.702957162,"(41.764295036756856, -87.70295716211793)"
WESTERN AND MARQUETTE,2672,6700 S WESTERN AVENUE,06/10/2015,16,1161488.747635042,1860134.788366884,41.771884028,-87.683588402,"(41.77188402771193, -87.68358840206334)"
CICERO AND HARRISON,2023,4800 W HARRISON STREET,06/10/2015,3,1144451.867388303,1896949.561959463,41.873245464,-87.745117179,"(41.873245464379586, -87.7451171788807)"
CICERO AND WASHINGTON,1891,100 N CICERO AVENUE,06/10/2015,11,1144328.984091479,1900095.170838459,41.88187971,-87.745489247,"(41.88187970991601, -87.7454892473012)"
WESTERN AND DEVON,1211,6400 N WESTERN AVENUE,06/10/2015,2,1159113.585759434,1942451.622367891,41.997817807,-87.690033035,"(41.997817807026, -87.69003303469276)"
ASHLAND AND MADISON,1914,1600 W MADISON,06/10/2015,5,1165723.014733182,1900136.515489506,41.881564167,-87.666929463,"(41.8815641670199, -87.66692946294842)"
DAMEN AND DIVERSEY,1462,2800 N DAMEN AVENUE,06/10/2015,2,1162490.04851994,1918611.623717091,41.932329494,-87.678282719,"(41.9323294940985, -87.67828271931386)"
HALSTED AND FULLERTON,1701,2400 N HALSTED STREET,06/10/2015,1,1170501.602639925,1916200.061550148,41.925540315,-87.648912156,"(41.925540315431995, -87.64891215551155)"
HALSTED AND DIVISION,1714,800 W DIVISION,06/10/2015,1,1170767.827960358,1908259.644151662,41.903745557,-87.648167011,"(41.90374555734733, -87.64816701062779)"
ROOSEVELT AND HALSTED,2234,800 W ROOSEVELT ROAD,06/10/2015,24,1171199.282357741,1894968.056393724,41.867263098,-87.646972686,"(41.86726309836901, -87.64697268601648)"
COTTAGE GROVE AND 71ST,2572,7100 S COTTAGE GROVE,06/10/2015,3,1182746.23698699,1858088.011064538,41.765800351,-87.605729127,"(41.76580035131893, -87.6057291269901)"
KOSTNER AND NORTH,2013,4400 W NORTH,06/10/2015,7,1146738.551618032,1910309.595368032,41.909863573,-87.736380296,"(41.90986357340246, -87.73638029605371)"
55TH and PULASKI,2244,4000 W 55TH ST,06/10/2015,2,1150621.676903861,1867864.274865394,41.793313334,-87.723223038,"(41.79331333358753, -87.72322303812588)"
75TH AND STATE,2624,1 E 75TH STREET,06/10/2015,9,1177601.72646404,1855229.486604181,41.758074111,-87.624671658,"(41.75807411097799, -87.62467165835182)"
DAMEN AND DIVERSEY,1464,2000 W DIVERSEY PARKWAY,01/30/2017,2,1162519.714934025,1918635.417634925,41.932394164,-87.678173031,"(41.93239416403691, -87.67817303087757)"
LASALLE AND KINZIE,1923,140 W KINZIE,06/10/2015,2,1175048.09765242,1903028.894760294,41.889297219,-87.632601648,"(41.88929721947309, -87.63260164817305)"
DIVERSEY AND WESTERN,1431,2800 N WESTERN AVENUE,06/10/2015,3,1159837.205417355,1918550.506189309,41.932216988,-87.688033281,"(41.93221698794738, -87.68803328089533)"
IRVING PARK AND LARAMIE,1534,5200 W IRVING PARK ROA,06/10/2015,5,,,,,
CALIFORNIA AND DIVERSEY,1514,2800 W DIVERSEY,06/10/2015,17,1157212.54253358,1918526.674434943,41.932205395,-87.697679244,"(41.93220539506452, -87.6976792438691)"
PULASKI AND LAWRENCE,1172,4800 N PULASKI ROAD,06/10/2015,4,1148821.701520117,1931605.974570937,41.968262595,-87.728175316,"(41.968262595100775, -87.7281753157596)"
WESTERN AND 71ST,2612,7100 S WESTERN AVENUE,06/10/2015,4,1161563.704681724,1857484.211306323,41.764608912,-87.683387053,"(41.76460891223613, -87.68338705328121)"
DAMEN AND 63RD,2702,6300 S DAMEN AVENUE,06/10/2015,3,1164069.407943298,1862830.277442834,41.779226921,-87.674052731,"(41.77922692069256, -87.67405273137854)"
AUSTIN AND ADDISON,1491,3600 N AUSTIN AVENUE,06/10/2015,2,1135691.599896458,1923335.967306169,41.945813215,-87.776652162,"(41.9458132146695, -87.77665216156436)"
119TH AND HALSTED,2402,11900 S HALSTED,06/10/2015,5,1173094.774616191,1825911.054609338,41.677720829,-87.642051845,"(41.67772082924762, -87.64205184498218)"
OGDEN AND KOSTNER,2222,2348 S KOSTNER AVENUE,06/10/2015,8,1147394.548182079,1887795.177782082,41.848068845,-87.734547457,"(41.8480688449598, -87.73454745748458)"
KIMBALL AND DIVERSEY,1583,3400 W DIVERSEY AVENUE,06/10/2015,3,1153211.149172713,1918454.477800566,41.932087747,-87.71238583,"(41.932087747378944, -87.71238582951281)"
PULASKI AND IRVING PARK,1572,4000 N PULASKI ROAD,06/10/2015,3,1148970.255325552,1926313.600468643,41.953737051,-87.727766612,"(41.95373705144353, -87.72776661179896)"
HAMLIN AND LAKE,1882,300 N HAMLIN AVENUE,06/10/2015,4,1150970.026856642,1901381.688308858,41.885282636,-87.721069539,"(41.88528263580913, -87.72106953854511)"
55TH AND WESTERN,2213,2400 W 55TH STREET,01/30/2017,5,1161277.012730599,1868185.749490228,41.793981347,-87.684141741,"(41.7939813465735, -87.68414174128355)"
KEDZIE AND 31ST,2132,3100 S KEDZIE AVENUE,06/10/2015,1,1155483.167539854,1883867.660503274,41.837132671,-87.704967115,"(41.837132671422296, -87.70496711478727)"
CICERO AND WASHINGTON,1892,100 N CICERO AVENUE,06/10/2015,2,1144328.984091479,1900095.170838459,41.88187971,-87.745489247,"(41.88187970991601, -87.7454892473012)"
ROOSEVELT AND PULASKI,2311,1200 S PULASKI ROAD,06/10/2015,2,1149866.002247864,1894375.839200384,41.866079337,-87.725305995,"(41.86607933722178, -87.7253059948758)"
IRVING PARK AND LARAMIE,1533,5200 W IRVING PARK ROA,06/10/2015,6,,,,,
ELSTON AND IRVING PARK,1502,4000 N ELSTON AVENUE,06/10/2015,2,1151273.974828198,1926311.849469842,41.953687266,-87.719297882,"(41.95368726563273, -87.71929788151473)"
PULASKI AND ARMITAGE,1843,4000 W ARMITAGE AVENUE,06/10/2015,6,1149375.428872108,1913028.984273181,41.917275069,-87.726622746,"(41.91727506940875, -87.72662274644799)"
CICERO AND FULLERTON,1472,2400 N CICERO AVE,06/10/2015,6,1143961.592189569,1915545.343094087,41.92428359,-87.74645019,"(41.92428358982701, -87.74645019028947)"
LASALLE AND KINZIE,1923,140 W KINZIE,01/30/2017,2,1175048.09765242,1903028.894760294,41.889297219,-87.632601648,"(41.88929721947309, -87.63260164817305)"
71ST AND ASHLAND,2394,1600 W 71ST,06/10/2015,5,1166890.012333149,1857674.2502247,41.765018306,-87.66385923,"(41.76501830555763, -87.66385923012646)"
75TH AND STATE,2621,7500 S STATE STREET,06/10/2015,3,1177538.763040612,1855235.551345519,41.758092176,-87.624902228,"(41.75809217638291, -87.6249022282473)"
CICERO AND WASHINGTON,1891,100 N CICERO AVENUE,06/11/2015,16,1144328.984091479,1900095.170838459,41.88187971,-87.745489247,"(41.88187970991601, -87.7454892473012)"
IRVING PARK AND NARRAGANSETT,1024,6400 W IRVING PK,06/11/2015,4,1132945.939118726,1925946.304925137,41.953024751,-87.786683238,"(41.95302475075328, -87.78668323766634)"
31ST ST AND MARTIN LUTHER KING DRIVE,2121,3100 S DR MARTIN L KING,06/11/2015,5,,,,,
ARCHER AND CICERO,2081,5200 S CICERO AVE,06/11/2015,53,1145195.931989777,1869737.708306623,41.798558278,-87.743071866,"(41.798558278193305, -87.74307186616427)"
55TH AND WESTERN,2213,2400 W 55TH STREET,06/11/2015,7,1161277.012730599,1868185.749490228,41.793981347,-87.684141741,"(41.7939813465735, -87.68414174128355)"
ELSTON AND IRVING PARK,1503,3700 W IRVING PARK ROA,06/11/2015,1,,,,,
PERSHING AND WESTERN,2112,3900 S WESTERN BLVD,06/11/2015,8,1161130.992078755,1878746.226354636,41.822963628,-87.684384785,"(41.82296362788048, -87.68438478541296)"
STONEY ISLAND AND 76TH,2631,7600 S STONY ISLAND A,06/09/2015,20,1188092.796191935,1854889.354158304,41.756897173,-87.586234285,"(41.75689717260223, -87.58623428506996)"
ROOSEVELT AND PULASKI,2314,4000 W ROOSEVELT ROAD,06/11/2015,5,1149885.032049683,1894449.464076882,41.866281003,-87.72523422,"(41.866281002664536, -87.72523421983905)"
DIVERSEY AND AUSTIN,1454,6000 W DIVERSEY AVENUE,01/30/2017,2,1135895.736169343,1918029.70673837,41.931248624,-87.776028612,"(41.931248623643455, -87.77602861172493)"
CENTRAL AND CHICAGO,1972,800 N CENTRAL AVENUE,06/11/2015,5,1138836.562608552,1904801.732832435,41.894896579,-87.765543258,"(41.89489657939746, -87.76554325845893)"
DAMEN AND DIVERSEY,1462,2800 N DAMEN AVENUE,01/30/2017,6,1162490.04851994,1918611.623717091,41.932329494,-87.678282719,"(41.9323294940985, -87.67828271931386)"
KEDZIE AND 31ST,2134,3200 W 31ST STREET,06/11/2015,1,1155487.128005646,1883943.061106793,41.8373395,-87.704950558,"(41.83733950029648, -87.70495055800411)"
CICERO AND DIVERSEY,1694,4800 W DIVERSEY AVENUE,06/11/2015,1,1143869.848167704,1918226.043989398,41.93164142,-87.746719911,"(41.93164142040689, -87.7467199106462)"
MILWAUKEE AND DEVON,1272,6400 N MILWAUKEE AVEN,06/11/2015,2,1132463.750397878,1942107.911507627,41.997382173,-87.788077674,"(41.99738217345368, -87.78807767391953)"
LARAMIE AND MADISON,2043,5200 W MADISON STREET,06/11/2015,1,1141706.965522802,1899567.55684314,41.880480752,-87.755130433,"(41.88048075170171, -87.75513043296509)"
PULASKI AND FOSTER,1102,5200 N PULASKI RD,06/11/2015,3,1148746.251286324,1934286.914361976,41.97562074,-87.728383135,"(41.97562073966174, -87.72838313514907)"
OGDEN AND KOSTNER,2222,2348 S KOSTNER AVENUE,01/30/2017,5,1147394.548182079,1887795.177782082,41.848068845,-87.734547457,"(41.8480688449598, -87.73454745748458)"
HALSTED AND 103RD,2592,10300 S HALSTED STREE,06/11/2015,2,,,,,
STONEY ISLAND AND 76TH,2631,7600 S STONY ISLAND A,06/07/2015,17,1188092.796191935,1854889.354158304,41.756897173,-87.586234285,"(41.75689717260223, -87.58623428506996)"
STATE AND 79TH,2654,1 E 79TH STREET,06/11/2015,24,1177680.113652821,1852598.313477786,41.750852096,-87.624463832,"(41.75085209551078, -87.62446383210285)"
STONEY ISLAND AND 76TH,2632,7600 S STONY ISLAND A,01/30/2017,15,1188092.796191935,1854889.354158304,41.756897173,-87.586234285,"(41.75689717260223, -87.58623428506996)"
STONEY ISLAND AND 79TH,2461,7900 S SOUTH CHICAGO AVE,06/11/2015,1,1188274.655498937,1852865.685797892,41.751339705,-87.585632266,"(41.751339704589455, -87.58563226565187)"
LAFAYETTE AND 87TH,2503,30 W 87TH STREET,06/11/2015,11,1177407.651800237,1847320.772058312,41.736376037,-87.625621311,"(41.736376036604916, -87.62562131092602)"
CANAL AND ROOSEVELT,2291,1200 S CANAL STREET,01/30/2017,5,1173268.771030949,1894952.634878732,41.867175125,-87.639375813,"(41.86717512472001, -87.63937581258092)"
BROADWAY/SHERIDAN AND DEVON,1122,6400 N SHERIDAN ROAD,06/11/2015,12,1167087.151194129,1942658.704988689,41.998217921,-87.660695256,"(41.99821792053241, -87.6606952555721)"
ELSTON AND IRVING PARK,1502,4000 N ELSTON AVENUE,06/11/2015,1,1151273.974828198,1926311.849469842,41.953687266,-87.719297882,"(41.95368726563273, -87.71929788151473)"
JEFFERY AND 95TH,2523,2000 E 95TH ST,06/11/2015,2,1191188.381103057,1842410.411853539,41.722579473,-87.575292523,"(41.722579473126416, -87.57529252250366)"
CLARK AND FULLERTON,1631,2400 N CLARK ST,06/11/2015,2,1172749.562209477,1916238.997132859,41.925597623,-87.640650973,"(41.925597623023144, -87.64065097309872)"
63RD AND STATE,2712,6300 S STATE ST,06/11/2015,9,1177303.801895084,1863220.216755923,41.780008277,-87.625522512,"(41.78000827740796, -87.6255225119157)"
HALSTED AND MADISON,1871,1 S HALSTED STREET,01/30/2017,4,1171092.392868784,1900234.542088741,41.881717056,-87.647210539,"(41.88171705561901, -87.64721053920604)"
KIMBALL AND DIVERSEY,1581,2800 N KIMBALL AVENUE,06/11/2015,6,,,,,
71ST AND ASHLAND,2391,7100 S ASHLAND,06/11/2015,3,1166868.379865725,1857616.168087255,41.764859382,-87.663940176,"(41.764859382425385, -87.66394017630476)"
CICERO AND I55,2251,4200 S CICERO AVENUE,01/30/2017,93,1145023.742859509,1876358.276835519,41.816729387,-87.743536712,"(41.81672938674739, -87.74353671247594)"
STONEY ISLAND AND 76TH,2632,7600 S STONY ISLAND A,06/11/2015,17,1188092.796191935,1854889.354158304,41.756897173,-87.586234285,"(41.75689717260223, -87.58623428506996)"
VAN BUREN AND WESTERN,2052,400 S WESTERN AVENUE,06/11/2015,32,1160431.682297829,1898091.942371589,41.876064776,-87.686415631,"(41.87606477642526, -87.68641563098768)"
CICERO AND FULLERTON,1472,2400 N CICERO AVE,06/11/2015,2,1143961.592189569,1915545.343094087,41.92428359,-87.74645019,"(41.92428358982701, -87.74645019028947)"
KIMBALL AND DIVERSEY,1581,2800 N KIMBALL AVENUE,01/30/2017,5,,,,,
ROOSEVELT AND KOSTNER,2321,1200 S KOSTNER,06/11/2015,5,1147196.304001978,1894305.883269746,41.865938839,-87.735108549,"(41.8659388389088, -87.73510854901264)"
LAKE SHORE DR AND BELMONT,1412,3200 N LAKESHORE DRIV,06/11/2015,8,1173053.220555078,1921821.380831705,41.940909163,-87.63936916,"(41.94090916326764, -87.63936915995522)"
PULASKI AND DIVISION,1801,1200 N PULASKI ROAD,06/11/2015,2,1149459.590666926,1907723.219884254,41.902713902,-87.726451457,"(41.902713901936174, -87.72645145715836)"
79TH AND KEDZIE,2443,3200 W 79TH ST,06/11/2015,8,1156402.644780165,1852104.649370984,41.749952001,-87.702448478,"(41.74995200142266, -87.70244847808695)"
PULASKI AND DIVERSEY,1543,4000 W DIVERSEY AVENUE,06/11/2015,1,1149206.496130705,1918356.569267582,41.931897723,-87.72710503,"(41.9318977231462, -87.72710503045386)"
55TH and PULASKI,2244,4000 W 55TH ST,06/11/2015,2,1150621.676903861,1867864.274865394,41.793313334,-87.723223038,"(41.79331333358753, -87.72322303812588)"
ELSTON AND LAWRENCE,1282,4800 N ELSTON AVENUE,06/11/2015,2,1145529.344259918,1931501.601268983,41.968039361,-87.740283894,"(41.96803936143674, -87.74028389448999)"
HAMLIN AND LAKE,1882,300 N HAMLIN AVENUE,06/11/2015,2,1150970.026856642,1901381.688308858,41.885282636,-87.721069539,"(41.88528263580913, -87.72106953854511)"
KOSTNER AND NORTH,2013,4400 W NORTH,06/11/2015,7,1146738.551618032,1910309.595368032,41.909863573,-87.736380296,"(41.90986357340246, -87.73638029605371)"
WESTERN AND ADDISON,1562,3600 N WESTERN AVENUE,06/11/2015,8,1159695.573342728,1923871.086283556,41.94681992,-87.688406662,"(41.94681991986288, -87.68840666206194)"
STONEY ISLAND AND 79TH,2464,1600 E 79TH ST,01/30/2017,1,1188284.704439907,1852964.829047574,41.751611523,-87.585592284,"(41.75161152327319, -87.58559228428787)"
CENTRAL AND ADDISON,1683,5600 W ADDISON STREET,06/11/2015,1,1138349.663302502,1923416.02157061,41.945985104,-87.766879952,"(41.94598510430888, -87.76687995165918)"
DAMEN AND FULLERTON,1663,2000 W FULLERTON AVE,06/11/2015,10,1162596.935552891,1915990.579747891,41.925134944,-87.677963546,"(41.92513494374925, -87.67796354553815)"
CENTRAL AND LAKE,1743,5600 W LAKE STREET,06/11/2015,2,1138951.495695032,1902230.510465733,41.887838735,-87.765183663,"(41.887838735330206, -87.76518366338465)"
PULASKI AND IRVING PARK,1574,4000 W IRVING PARK RD,06/11/2015,9,1148988.727877253,1926320.954938409,41.953756874,-87.727698513,"(41.95375687447515, -87.72769851312907)"
PULASKI AND LAWRENCE,1172,4800 N PULASKI ROAD,06/11/2015,1,1148821.701520117,1931605.974570937,41.968262595,-87.728175316,"(41.968262595100775, -87.7281753157596)"
AUSTIN AND ADDISON,1491,3600 N AUSTIN AVENUE,06/11/2015,5,1135691.599896458,1923335.967306169,41.945813215,-87.776652162,"(41.9458132146695, -87.77665216156436)"
CICERO AND FULLERTON,1474,4800 W FULLERTON AVE,06/11/2015,4,1143967.570794243,1915568.504954477,41.924347036,-87.74642764,"(41.924347036010694, -87.74642763965628)"
HAMLIN AND LAKE,1882,300 N HAMLIN AVENUE,06/07/2015,7,1150970.026856642,1901381.688308858,41.885282636,-87.721069539,"(41.88528263580913, -87.72106953854511)"
CALIFORNIA AND DIVERSEY,1513,2800 W DIVERSEY,06/11/2015,2,1157212.54253358,1918526.674434943,41.932205395,-87.697679244,"(41.93220539506452, -87.6976792438691)"
KEDZIE AND ARMITAGE,1832,2000 N KEDZIE AVENUE,06/11/2015,4,1154684.031809326,1913129.496340896,41.917446172,-87.707116072,"(41.91744617191702, -87.70711607187832)"
KEDZIE AND 47TH,2104,3200 W 47TH ST,06/11/2015,2,1155815.231505056,1873336.169728074,41.808226246,-87.704031672,"(41.808226246244026, -87.70403167215984)"
HALSTED AND DIVISION,1714,800 W DIVISION,06/11/2015,1,1170767.827960358,1908259.644151662,41.903745557,-87.648167011,"(41.90374555734733, -87.64816701062779)"
CANAL AND ROOSEVELT,2291,1200 S CANAL STREET,06/11/2015,9,1173268.771030949,1894952.634878732,41.867175125,-87.639375813,"(41.86717512472001, -87.63937581258092)"
AUSTIN AND IRVING PARK,1161,4000 N AUSTIN AVENUE,06/11/2015,2,1135599.956110927,1926006.862619986,41.953144059,-87.776925284,"(41.95314405904539, -87.77692528423394)"
ASHLAND AND 95TH,2473,1600 W 95TH STREET,06/11/2015,4,1167323.753394196,1841755.029221382,41.721324412,-87.662724153,"(41.721324411975246, -87.66272415265087)"
HALSTED AND FULLERTON,1704,800 W FULLERTON AVENUE,06/11/2015,4,1170525.624723311,1916208.443992778,41.925562791,-87.648823641,"(41.92556279107417, -87.64882364145232)"
CICERO AND NORTH,2033,4800 W NORTH AVENUE,01/30/2017,3,1144053.733747163,1910243.80567041,41.90973389,-87.746244973,"(41.909733890131285, -87.74624497295898)"
DAMEN AND 63RD,2701,6300 S DAMEN AVENUE,06/11/2015,3,1164069.407943298,1862830.277442834,41.779226921,-87.674052731,"(41.77922692069256, -87.67405273137854)"
71ST AND ASHLAND,2394,1600 W 71ST,06/11/2015,4,1166890.012333149,1857674.2502247,41.765018306,-87.66385923,"(41.76501830555763, -87.66385923012646)"
LASALLE AND KINZIE,1921,400 N LASALLE,06/11/2015,7,1175028.579766798,1903002.552291359,41.889225372,-87.632674115,"(41.88922537162015, -87.63267411498495)"
CICERO AND 47TH,2204,4800 W 47TH ST,06/11/2015,8,1145130.048925744,1873078.44198302,41.807727017,-87.743229366,"(41.80772701677172, -87.74322936566276)"
MILWAUKEE AND MONTROSE,1362,4400 N MILWAUKEE AVEN,01/30/2017,1,1141643.943268783,1928770.256316239,41.96061723,-87.75463824,"(41.9606172296957, -87.75463824007085)"
MONTROSE AND WESTERN,1224,2400 W MONTROSE AVENUE,06/11/2015,1,1159562.971802959,1929191.337701253,41.961421726,-87.68874698,"(41.961421726406314, -87.68874697983858)"
COTTAGE GROVE AND 71ST,2571,7100 S COTTAGE GROVE,06/11/2015,3,1182746.23698699,1858088.011064538,41.765800351,-87.605729127,"(41.76580035131893, -87.6057291269901)"
CERMAK AND PULASKI,2334,4000 W CERMAK,06/11/2015,5,1150018.476053666,1889120.238540361,41.851654369,-87.724882975,"(41.85165436867626, -87.7248829753078)"
75TH AND STATE,2624,1 E 75TH STREET,06/11/2015,8,1177601.72646404,1855229.486604181,41.758074111,-87.624671658,"(41.75807411097799, -87.62467165835182)"
KEDZIE AND ARMITAGE,1834,3200 W ARMITAGE AVENUE,06/11/2015,1,1154700.851347995,1913153.252187904,41.917511023,-87.707053639,"(41.91751102291878, -87.7070536388797)"
ASHLAND AND FULLERTON,1651,2400 N ASHLAND AVENUE,06/11/2015,17,1165228.073342838,1916032.319169157,41.92519389,-87.668294363,"(41.92519388981048, -87.66829436339881)"
HAMLIN AND MADISON,1901,0 N HAMLIN BOULEVARD,06/11/2015,7,,,,,
IRVING PARK AND KEDZIE,1354,3200 W IRVING PARK ROAD,01/30/2017,8,1154325.140302006,1926458.463197156,41.954029047,-87.708077494,"(41.95402904691877, -87.70807749383191)"
BELMONT AND KEDZIE,1372,3200 N KEDZIE AVE,06/11/2015,12,1154426.977874407,1921110.466549542,41.93935173,-87.707846594,"(41.93935173030961, -87.70784659359776)"
99TH AND HALSTED,2431,9900 S HALSTED ST,06/08/2015,21,1172689.754200318,1839171.652197216,41.714118868,-87.643145408,"(41.714118868089905, -87.64314540818165)"
FOSTER AND BROADWAY,1111,5200 N BROADWAY ST,06/11/2015,5,1167334.508577915,1934714.008346532,41.976412143,-87.660015082,"(41.97641214294823, -87.66001508205365)"
PULASKI AND PETERSON,1263,4000 W PETERSON AVENUE,06/11/2015,10,1148618.560490339,1939615.133928395,41.990244186,-87.728714391,"(41.99024418564742, -87.7287143910091)"
FOSTER AND BROADWAY,1113,1200 W FOSTER AVE,06/11/2015,3,1167357.095930752,1934721.393266777,41.97643192,-87.659931806,"(41.97643192018459, -87.65993180604016)"
55TH AND WESTERN,2212,5500 S WESTERN AVE,06/11/2015,6,1161269.521335262,1867963.111601251,41.793370554,-87.684175377,"(41.79337055433029, -87.6841753767592)"
PETERSON AND WESTERN,1014,2400 W PETERSON,06/11/2015,8,1159214.211316277,1939825.301874586,41.99060901,-87.689735481,"(41.990609009807294, -87.68973548092968)"
OGDEN AND KOSTNER,2223,4400 W OGDEN AVENUE,06/11/2015,15,1147406.592439224,1887689.099869462,41.847777523,-87.734505969,"(41.84777752280453, -87.73450596874825)"
BROADWAY/SHERIDAN AND DEVON,1123,1200 W DEVON AVE,06/11/2015,3,1167109.644248166,1942688.147952186,41.998298228,-87.660611661,"(41.99829822771884, -87.66061166063517)"
IRVING PARK AND KILPATRICK,2763,4700 W IRVING PARK ROA,06/11/2015,7,,,,,
CLARK AND IRVING PARK,1093,1300 W IRVING PARK ROAD,01/30/2017,6,1166777.545456989,1926719.73687357,41.954487567,-87.662293496,"(41.95448756687966, -87.66229349585691)"
PERSHING AND WESTERN,2114,2400 W PERSHING ROAD,06/11/2015,5,1160957.773623189,1878793.434193427,41.82309676,-87.685018951,"(41.82309676016606, -87.68501895061576)"
WESTERN AND 71ST,2612,7100 S WESTERN AVENUE,06/07/2015,7,1161563.704681724,1857484.211306323,41.764608912,-87.683387053,"(41.76460891223613, -87.68338705328121)"
WESTERN AND NORTH,1851,1600 N WESTERN AVE,06/11/2015,6,1160077.474351131,1910605.013316134,41.910409024,-87.687370268,"(41.91040902362901, -87.687370268401)"
CICERO AND PETERSON,1204,4800 W PETERSON AVENUE,06/11/2015,1,1143273.766829016,1939491.944645127,41.990008007,-87.748376951,"(41.99000800729908, -87.74837695118997)"
CORTLAND AND ASHLAND,1723,1600 W CORTLAND ST,06/11/2015,4,1165377.660768235,1912768.773647285,41.916235337,-87.667837772,"(41.91623533746878, -87.66783777212962)"
WESTERN AND DEVON,1211,6400 N WESTERN AVENUE,06/11/2015,3,1159113.585759434,1942451.622367891,41.997817807,-87.690033035,"(41.997817807026, -87.69003303469276)"
ELSTON AND ADDISON,1403,3216 W ADDISON ST,06/11/2015,10,1154199.729816868,1923799.345386665,41.946734755,-87.708609774,"(41.946734754927796, -87.7086097735515)"
CICERO AND ADDISON,1612,3600 N CICERO AVENUE,06/11/2015,3,1143698.904601495,1923517.005821035,41.946163524,-87.747215169,"(41.94616352362556, -87.74721516897007)"
WESTERN AND DEVON,1212,6400 N WESTERN AVENUE,06/11/2015,1,1159113.585759434,1942451.622367891,41.997817807,-87.690033035,"(41.997817807026, -87.69003303469276)"
CENTRAL AND LAKE,1742,400 N CENTRAL AVENUE,06/11/2015,3,1138928.478257537,1902217.926149854,41.887804621,-87.765268498,"(41.88780462053497, -87.76526849810371)"
CENTRAL AND CHICAGO,1973,5600 W CHICAGO AVENUE,06/09/2015,6,1138858.856732452,1904825.827586656,41.894962293,-87.765460791,"(41.89496229349977, -87.76546079122906)"
SHERIDAN AND FOSTER,1134,1000 W FOSTER AVE,01/30/2017,2,1168689.247756979,1934758.578141654,41.976505116,-87.655031882,"(41.97650511595711, -87.65503188224778)"
HALSTED AND 95TH,2582,9500 S HALSTED STREET,06/11/2015,1,1172610.538363645,1841811.61926207,41.721365061,-87.643358042,"(41.72136506078306, -87.64335804234075)"
ADDISON AND HARLEM,1591,3600 N HARLEM AVENUE,06/11/2015,6,1127394.594070737,1923110.532422811,41.945338412,-87.807154769,"(41.94533841246591, -87.80715476912044)"
CENTRAL AND IRVING PARK,1183,5600 W IRVING PARK ROAD,06/11/2015,4,1138281.535484986,1926078.647777633,41.953292847,-87.767065708,"(41.953292847298, -87.76706570775266)"
ASHLAND AND 87TH,2454,1600 W 87TH ST,06/11/2015,7,1167171.941297436,1847064.855345151,41.735898617,-87.663128781,"(41.735898617066006, -87.66312878090133)"
HALSTED AND FULLERTON,1701,2400 N HALSTED STREET,06/11/2015,1,1170501.602639925,1916200.061550148,41.925540315,-87.648912156,"(41.925540315431995, -87.64891215551155)"
PULASKI AND CHICAGO,1983,4000 W CHICAGO AVENUE,06/11/2015,2,1149561.855939692,1905086.596446259,41.895476752,-87.72614436,"(41.89547675163723, -87.72614435991626)"
HALSTED AND NORTH,1761,1600 N HALSTED STREET,06/11/2015,5,1170678.283433825,1910880.991397547,41.910940644,-87.648419043,"(41.91094064391597, -87.64841904272998)"
HOMAN/KIMBALL AND NORTH,1771,1600 N HOMAN AVENUE,06/11/2015,4,,,,,
JEFFERY AND 95TH,2522,9500 S JEFFERY AVE,06/11/2015,7,1191132.420601301,1842335.735988875,41.722375907,-87.575499903,"(41.72237590704101, -87.57549990332795)"
99TH AND HALSTED,2431,9900 S HALSTED ST,01/30/2017,8,1172689.754200318,1839171.652197216,41.714118868,-87.643145408,"(41.714118868089905, -87.64314540818165)"
CANAL AND ROOSEVELT,2294,500 W ROOSEVELT ROAD,06/11/2015,2,1173290.72186561,1895021.166235495,41.867362693,-87.639293195,"(41.867362692616666, -87.63929319464197)"
PULASKI AND NORTH,1994,4000 W NORTH AVENUE,06/11/2015,2,1149456.2688422,1910376.774019002,41.909995582,-87.726394693,"(41.90999558160536, -87.72639469321471)"
CENTRAL AND BELMONT,1604,5600 W BELMONT AVENUE,06/11/2015,2,1138453.617438343,1920755.972768412,41.938683775,-87.766562494,"(41.93868377475747, -87.76656249384537)"
KEDZIE AND 26TH,2381,2600 S KEDZIE AVENUE,06/11/2015,3,1155404.235510285,1886524.460033054,41.844424831,-87.705185452,"(41.84442483084393, -87.70518545233183)"
PULASKI AND FOSTER,1104,4000 W FOSTER AVE,06/11/2015,3,1148759.16134887,1934294.249006446,41.975640616,-87.728335469,"(41.975640616231914, -87.72833546926573)"
KOSTNER AND NORTH,2012,4400 W GRAND AVE,06/11/2015,9,1146773.519128439,1910425.663958581,41.91018141,-87.73624887,"(41.910181409597406, -87.73624887040725)"
PULASKI AND NORTH,1992,1600 N PULASKI AVENUE,06/11/2015,2,1149432.959240306,1910369.112502195,41.90997501,-87.726480523,"(41.909975010236906, -87.72648052306623)"
ROOSEVELT AND PULASKI,2311,1200 S PULASKI ROAD,06/11/2015,4,1149866.002247864,1894375.839200384,41.866079337,-87.725305995,"(41.86607933722178, -87.7253059948758)"
KEDZIE AND 31ST,2132,3100 S KEDZIE AVENUE,06/11/2015,1,1155483.167539854,1883867.660503274,41.837132671,-87.704967115,"(41.837132671422296, -87.70496711478727)"
ASHLAND AND LAWRENCE,1143,1600 W LAWRENCE AVENUE,06/11/2015,6,1164771.946929007,1931988.254061312,41.968987457,-87.669516307,"(41.96898745654617, -87.66951630654926)"
31ST ST AND MARTIN LUTHER KING DRIVE,2123,400 E 31ST STREET,06/11/2015,3,1179437.985396417,1884565.84226022,41.838534018,-87.617046113,"(41.838534018118914, -87.61704611345726)"
115TH AND HALSTED,2552,11500 S HALSTED STREE,06/11/2015,9,,,,,
HALSTED AND MADISON,1872,1 N HALSTED STREET,06/11/2015,3,1171090.967986833,1900270.454015136,41.881815632,-87.647214717,"(41.88181563164203, -87.64721471704077)"
CICERO AND ADDISON,1611,3600 N CICERO AVENUE,01/30/2017,1,1143698.904601495,1923517.005821035,41.946163524,-87.747215169,"(41.94616352362556, -87.74721516897007)"
ROOSEVELT AND HALSTED,2234,800 W ROOSEVELT ROAD,06/11/2015,15,1171199.282357741,1894968.056393724,41.867263098,-87.646972686,"(41.86726309836901, -87.64697268601648)"
PULASKI AND ARMITAGE,1843,4000 W ARMITAGE AVENUE,06/11/2015,4,1149375.428872108,1913028.984273181,41.917275069,-87.726622746,"(41.91727506940875, -87.72662274644799)"
COTTAGE GROVE AND 71ST,2572,7100 S COTTAGE GROVE,06/06/2015,2,1182746.23698699,1858088.011064538,41.765800351,-87.605729127,"(41.76580035131893, -87.6057291269901)"
MADISON AND WESTERN,1931,1 S WESTERN AVE,06/11/2015,6,1160453.827721979,1899933.703473746,41.881118279,-87.686283339,"(41.881118278833966, -87.686283338873)"
ASHLAND AND 87TH,2452,8700 S ASHLAND AVE,06/11/2015,2,1167150.470087748,1846991.212339794,41.735696989,-87.663209544,"(41.73569698863625, -87.66320954445679)"
STONEY ISLAND AND 79TH,2464,1600 E 79TH ST,06/11/2015,3,1188284.704439907,1852964.829047574,41.751611523,-87.585592284,"(41.75161152327319, -87.58559228428787)"
LAKE SHORE DR AND BELMONT,1413,400 W BELMONT AVE,06/11/2015,51,1172981.744869382,1921577.376128802,41.940241193,-87.639639114,"(41.94024119325571, -87.63963911427594)"
WENTWORTH AND GARFIELD,2264,200 W GARFIELD BLVD,06/11/2015,10,1175889.574397302,1868551.750512227,41.794670385,-87.630547476,"(41.79467038468937, -87.63054747605638)"
CALIFORNIA AND DEVON,1323,2800 W DEVON AVENUE,06/11/2015,5,1156484.528078038,1942377.980662191,41.997669523,-87.699706423,"(41.99766952286052, -87.69970642324591)"
WESTERN AND CHICAGO,1941,800 N WESTERN AVE,06/11/2015,1,1160220.967978608,1905277.507115921,41.895786955,-87.686990586,"(41.89578695485361, -87.68699058611217)"
CALIFORNIA AND DIVERSEY,1514,2800 W DIVERSEY,06/11/2015,22,1157212.54253358,1918526.674434943,41.932205395,-87.697679244,"(41.93220539506452, -87.6976792438691)"
IRVING PARK AND LARAMIE,1533,5200 W IRVING PARK ROA,06/11/2015,1,,,,,
WESTERN AND CERMAK,1002,2200 S WESTERN AVENUE,06/11/2015,3,1160669.42562757,1889318.196820393,41.85198384,-87.685785704,"(41.85198383957328, -87.68578570420526)"
LARAMIE AND FULLERTON,1424,5200 W FULLERTON AVENUE,06/11/2015,3,1141305.554932016,1915502.611239048,41.924215797,-87.756210755,"(41.92421579723144, -87.75621075458939)"
HOLLYWOOD AND SHERIDAN,1344,1000 W HOLLYWOOD AVE,06/11/2015,27,1168580.228926466,1938090.295189338,41.985649799,-87.655335807,"(41.98564979859328, -87.65533580655139)"
STONEY ISLAND AND 79TH,2462,7900 S STONEY ISLAND,06/11/2015,4,1188181.571068297,1852908.934789311,41.751460603,-87.585971993,"(41.75146060316686, -87.5859719929647)"
WESTERN AND 71ST,2612,7100 S WESTERN AVENUE,06/11/2015,10,1161563.704681724,1857484.211306323,41.764608912,-87.683387053,"(41.76460891223613, -87.68338705328121)"
WESTERN AND 71ST,2612,7100 S WESTERN AVENUE,06/06/2015,13,1161563.704681724,1857484.211306323,41.764608912,-87.683387053,"(41.76460891223613, -87.68338705328121)"
IRVING PARK AND CALIFORNIA,1234,2800 W IRVING PARK ROA,06/11/2015,8,,,,,
KEDZIE AND 26TH,2381,2600 S KEDZIE AVENUE,01/30/2017,3,1155404.235510285,1886524.460033054,41.844424831,-87.705185452,"(41.84442483084393, -87.70518545233183)"
WESTERN AND 63RD,2373,2400 W 63RD ST,06/11/2015,1,1161444.415758584,1862848.534703658,41.779331844,-87.683675761,"(41.77933184429814, -87.68367576084798)"
PULASKI AND DIVERSEY,1542,2800 N PULASKI ROAD,06/11/2015,4,1149200.724531183,1918332.222549679,41.931831026,-87.727126873,"(41.93183102561505, -87.72712687300454)"
IRVING PARK AND LARAMIE,1534,5200 W IRVING PARK ROA,06/11/2015,5,,,,,
HOMAN/KIMBALL AND NORTH,1773,3400 W NORTH AVE,06/11/2015,7,1153386.578905125,1910465.87061722,41.910162847,-87.711953868,"(41.91016284680269, -87.71195386769125)"
4700 WESTERN,2141,4700 S WESTERN AVENUE,06/11/2015,2,1161120.438879703,1873431.066474726,41.808378408,-87.684570717,"(41.808378407946726, -87.68457071689552)"
35TH AND WESTERN,2091,3500 S WESTERN,06/11/2015,6,1160894.949857101,1881376.851112895,41.830187255,-87.685177925,"(41.83018725526863, -87.68517792510231)"
ROOSEVELT AND KOSTNER,2323,4400 W ROOSEVELT,06/11/2015,3,1147200.963258796,1894379.538078088,41.866140868,-87.73508956,"(41.866140867641654, -87.73508956008207)"
4700 WESTERN,2141,4700 S WESTERN AVENUE,01/30/2017,4,1161120.438879703,1873431.066474726,41.808378408,-87.684570717,"(41.808378407946726, -87.68457071689552)"
SACRAMENTO AND LAKE,1822,150 N SACRAMENTO BOUL,06/11/2015,6,1156319.560664766,1900957.489351962,41.884012178,-87.701436479,"(41.88401217771363, -87.7014364786693)"
DIVISION AND DAMEN,1733,2000 W DIVISION,06/11/2015,4,1162815.710860194,1908034.672555531,41.903298793,-87.677383247,"(41.903298792681944, -87.67738324739636)"
ASHLAND AND FULLERTON,1652,2400 N ASHLAND AVENUE,06/11/2015,17,1165228.073342838,1916032.319169157,41.92519389,-87.668294363,"(41.92519388981048, -87.66829436339881)"
WESTERN AND FOSTER,1074,2400 W FOSTER AVE,06/11/2015,8,1159379.402846887,1934502.712486132,41.97600019,-87.689275084,"(41.97600018976586, -87.68927508385399)"
KEDZIE AND 71ST,2354,3200 W 71ST STREET,06/11/2015,3,1156246.862901455,1857404.014959868,41.764497433,-87.702877023,"(41.76449743256955, -87.70287702335861)"
STONY ISLAND/CORNELL AND 67TH,2721,6700 S STONY ISLAND A,06/09/2015,11,1187984.143047539,1860863.338367666,41.773292896,-87.586442368,"(41.77329289585066, -87.58644236831432)"
IRVING PARK AND CALIFORNIA,1233,2800 W IRVING PARK ROA,06/11/2015,4,,,,,
MILWAUKEE AND DEVON,1274,6400 W DEVON AVENUE,06/11/2015,6,1132590.619798275,1942138.532048656,41.997463981,-87.787610243,"(41.99746398102873, -87.78761024341388)"
HARLEM AND BELMONT,1391,3200 N HARLEM AVE,06/11/2015,3,1127481.020995451,1920467.613239239,41.938084468,-87.806896749,"(41.93808446822169, -87.80689674887883)"
CICERO AND WASHINGTON,1891,100 N CICERO AVENUE,01/30/2017,7,1144328.984091479,1900095.170838459,41.88187971,-87.745489247,"(41.88187970991601, -87.7454892473012)"
ASHLAND AND IRVING PARK,1153,1600 W IRVING PARK ROA,06/11/2015,3,,,,,
ASHLAND AND 95TH,2472,9500 S ASHLAND AVENUE,06/11/2015,7,1167295.830128711,1841695.121217916,41.721160612,-87.662828139,"(41.72116061205213, -87.66282813939165)"
HAMLIN AND MADISON,1903,3800 W MADISON STREET,06/11/2015,9,1151032.709141294,1899784.033986533,41.880897273,-87.720881226,"(41.880897273491264, -87.72088122613924)"
ELSTON AND LAWRENCE,1284,4440 W LAWRENCE AVENUE,06/11/2015,6,1145715.061027481,1931571.0474838,41.968226398,-87.739599251,"(41.96822639754791, -87.73959925065756)"
WESTERN AND MARQUETTE,2672,6700 S WESTERN AVENUE,06/11/2015,11,1161488.747635042,1860134.788366884,41.771884028,-87.683588402,"(41.77188402771193, -87.68358840206334)"
CHICAGO AND CLARK,1963,100 W CHICAGO AVENUE,06/11/2015,3,1175374.528739575,1905745.47783364,41.896744347,-87.631321248,"(41.896744346875806, -87.63132124815151)"
COTTAGE GROVE AND 71ST,2572,7100 S COTTAGE GROVE,06/11/2015,1,1182746.23698699,1858088.011064538,41.765800351,-87.605729127,"(41.76580035131893, -87.6057291269901)"
MILWAUKEE AND MONTROSE,1362,4400 N MILWAUKEE AVEN,06/11/2015,2,1141643.943268783,1928770.256316239,41.96061723,-87.75463824,"(41.9606172296957, -87.75463824007085)"
DIVERSEY AND WESTERN,1431,2800 N WESTERN AVENUE,06/11/2015,7,1159837.205417355,1918550.506189309,41.932216988,-87.688033281,"(41.93221698794738, -87.68803328089533)"
PULASKI AND 63RD,2342,6300 S PULASKI RD,06/11/2015,8,1150746.00309079,1862516.747695325,41.778636469,-87.722906356,"(41.77863646878099, -87.72290635568541)"
DIVERSEY AND AUSTIN,1454,6000 W DIVERSEY AVENUE,06/11/2015,3,1135895.736169343,1918029.70673837,41.931248624,-87.776028612,"(41.931248623643455, -87.77602861172493)"
CORTLAND AND ASHLAND,1721,1900 N ASHLAND AVE,06/11/2015,21,1165348.084854857,1912736.454335569,41.916147281,-87.667947354,"(41.91614728095272, -87.66794735350443)"
119TH AND HALSTED,2402,11900 S HALSTED,06/11/2015,2,1173094.774616191,1825911.054609338,41.677720829,-87.642051845,"(41.67772082924762, -87.64205184498218)"
HALSTED AND 103RD,2593,800 W 103RD STREET,06/11/2015,2,1172778.570616036,1836587.755252818,41.70702632,-87.642896007,"(41.707026319812215, -87.64289600741817)"
CLARK AND IRVING PARK,1093,1300 W IRVING PARK ROAD,06/11/2015,3,1166777.545456989,1926719.73687357,41.954487567,-87.662293496,"(41.95448756687966, -87.66229349585691)"
STATE AND 79TH,2651,7900 S STATE STREET,06/11/2015,9,1177618.166929966,1852621.870232838,41.750918138,-87.624690123,"(41.7509181383154, -87.62469012251644)"
HALSTED AND NORTH,1764,800 W NORTH AVENUE,06/11/2015,2,1170700.68422007,1910913.190749698,41.91102851,-87.648335806,"(41.91102850981186, -87.64833580602037)"
DIVISION AND DAMEN,1734,2000 W DIVISION,06/11/2015,7,1162815.710860194,1908034.672555531,41.903298793,-87.677383247,"(41.903298792681944, -87.67738324739636)"
WESTERN AND FULLERTON,1671,2400 N WESTERN AVENUE,06/11/2015,6,1159923.309342995,1915897.778561358,41.924935944,-87.687790255,"(41.92493594409127, -87.68779025471278)"
ASHLAND AND LAWRENCE,1142,4800 N ASHLAND AVENUE,06/11/2015,10,1164751.686785145,1932001.206626392,41.96902343,-87.669590434,"(41.969023429614026, -87.66959043354217)"
WESTERN AND ADDISON,1563,2400 W ADDISON,06/11/2015,4,1159719.041544334,1923878.577275797,41.946839991,-87.688320193,"(41.9468399910054, -87.68832019252964)"
75TH AND STATE,2621,7500 S STATE STREET,06/11/2015,8,1177538.763040612,1855235.551345519,41.758092176,-87.624902228,"(41.75809217638291, -87.6249022282473)"
MILWAUKEE AND DEVON,1274,6400 W DEVON AVENUE,01/30/2017,4,1132590.619798275,1942138.532048656,41.997463981,-87.787610243,"(41.99746398102873, -87.78761024341388)"
4700 WESTERN,2141,4700 S WESTERN AVENUE,04/19/2017,5,1161120.438879703,1873431.066474726,41.808378408,-87.684570717,"(41.808378407946726, -87.68457071689552)"
SHERIDAN AND FOSTER,1134,1000 W FOSTER AVE,06/11/2015,3,1168689.247756979,1934758.578141654,41.976505116,-87.655031882,"(41.97650511595711, -87.65503188224778)"
87TH AND VINCENNES,2412,8700 S VINCENNES,06/11/2015,12,1172026.328989535,1847142.496643776,41.736006565,-87.645341819,"(41.73600656458518, -87.64534181897955)"
PULASKI AND ARCHER,2153,5000 S ARCHER AVE,06/11/2015,1,1150501.818909837,1871162.311703322,41.802365973,-87.723576766,"(41.80236597333895, -87.72357676611004)"
STONEY ISLAND AND 76TH,2631,7600 S STONY ISLAND A,01/30/2017,16,1188092.796191935,1854889.354158304,41.756897173,-87.586234285,"(41.75689717260223, -87.58623428506996)"
FOSTER AND NAGLE,1034,6400 W FOSTER,06/11/2015,1,1132552.893142153,1934229.875527466,41.975762574,-87.787934296,"(41.97576257447203, -87.7879342955108)"
CICERO AND ADDISON,1611,3600 N CICERO AVENUE,06/11/2015,5,1143698.904601495,1923517.005821035,41.946163524,-87.747215169,"(41.94616352362556, -87.74721516897007)"
LAFAYETTE AND 87TH,2502,8700 S LAFAYETTE AVEN,06/11/2015,20,1177417.493180297,1847243.988223464,41.73616511,-87.625587569,"(41.73616511008592, -87.62558756899932)"
PULASKI AND BELMONT,1382,3200 N PULASKI RD,06/11/2015,1,1149125.621478734,1920994.556178086,41.939138154,-87.72733371,"(41.939138153500274, -87.7273337101426)"
LAWRENCE AND WESTERN,1193,2400 W LAWRENCE AVENUE,06/11/2015,1,1159482.648570304,1931851.989492596,41.968724349,-87.688968727,"(41.96872434882172, -87.68896872699601)"
ASHLAND AND LAWRENCE,1143,1600 W LAWRENCE AVENUE,01/30/2017,3,1164771.946929007,1931988.254061312,41.968987457,-87.669516307,"(41.96898745654617, -87.66951630654926)"
99TH AND HALSTED,2433,800 W 99TH ST,06/11/2015,9,1172710.642565684,1839246.330602143,41.714323337,-87.643066714,"(41.71432333701137, -87.64306671421937)"
CICERO AND ADDISON,1611,3600 N CICERO AVENUE,04/19/2017,4,1143698.904601495,1923517.005821035,41.946163524,-87.747215169,"(41.94616352362556, -87.74721516897007)"
KEDZIE AND 63RD,2361,6300 S KEDZIE AVE,06/11/2015,1,1156097.505177228,1862668.051775093,41.77894575,-87.703283119,"(41.77894575017997, -87.70328311900342)"
STONY ISLAND/CORNELL AND 67TH,2721,6700 S STONY ISLAND A,06/11/2015,6,1187984.143047539,1860863.338367666,41.773292896,-87.586442368,"(41.77329289585066, -87.58644236831432)"
WESTERN AND NORTH,1853,2400 W NORTH AVE,06/11/2015,3,1160100.839010995,1910612.783367238,41.910429862,-87.687284221,"(41.91042986235867, -87.68728422050837)"
WESTERN AND CHICAGO,1943,2400 W CHICAGO AVE,06/11/2015,2,1160226.686812944,1905300.904544474,41.895851041,-87.686968935,"(41.895851041123755, -87.68696893468467)"
PULASKI AND DIVISION,1802,1200 N PULASKI ROAD,06/11/2015,5,1149459.590666926,1907723.219884254,41.902713902,-87.726451457,"(41.902713901936174, -87.72645145715836)"
4700 WESTERN,2142,4700 S WESTERN AVENUE,06/11/2015,4,1161120.438879703,1873431.066474726,41.808378408,-87.684570717,"(41.808378407946726, -87.68457071689552)"
LAKE SHORE DR AND BELMONT,1413,400 W BELMONT AVE,06/09/2015,27,1172981.744869382,1921577.376128802,41.940241193,-87.639639114,"(41.94024119325571, -87.63963911427594)"
PULASKI AND LAWRENCE,1173,4000 W LAWRENCE AVENUE,06/11/2015,2,1148844.220085601,1931638.45430438,41.968351285,-87.728091672,"(41.96835128527914, -87.72809167198088)"
31ST ST AND MARTIN LUTHER KING DRIVE,2123,400 E 31ST STREET,01/30/2017,2,1179437.985396417,1884565.84226022,41.838534018,-87.617046113,"(41.838534018118914, -87.61704611345726)"
CICERO AND HARRISON,2022,600 S CICERO AVENUE,06/11/2015,4,1144444.97442848,1896894.622216872,41.873094833,-87.745143869,"(41.873094832519136, -87.74514386884542)"
79TH AND HALSTED,2541,7900 S HALSTED STREET,06/11/2015,3,1172298.707400847,1852444.344822186,41.750549559,-87.644188368,"(41.750549559438944, -87.64418836784098)"
VAN BUREN AND WESTERN,2054,2400 W VAN BUREN STREE,06/11/2015,10,,,,,
CALIFORNIA AND PETERSON,1313,2800 W PETERSON AVENUE,06/11/2015,1,1156569.515341857,1939784.830544118,41.990552082,-87.699464396,"(41.990552081681564, -87.69946439622785)"
99TH AND HALSTED,2431,9900 S HALSTED ST,06/11/2015,14,1172689.754200318,1839171.652197216,41.714118868,-87.643145408,"(41.714118868089905, -87.64314540818165)"
63RD AND STATE,2714,1 E 63RD ST,08/08/2015,11,1177367.518733101,1863199.17768559,41.779949105,-87.625289553,"(41.779949104569106, -87.62528955333775)"
CENTRAL AND CHICAGO,1973,5600 W CHICAGO AVENUE,06/11/2015,5,1138858.856732452,1904825.827586656,41.894962293,-87.765460791,"(41.89496229349977, -87.76546079122906)"
CALIFORNIA AND DEVON,1321,6400 N CALIFORNIA AVE,01/30/2017,3,1156461.150245401,1942370.37710537,41.997649133,-87.699792629,"(41.997649133049336, -87.69979262891378)"
CENTRAL AND ADDISON,1682,3600 N CENTRAL AVENUE,06/11/2015,1,1138343.117435682,1923392.067464765,41.945919491,-87.766904594,"(41.945919490555106, -87.76690459426293)"
LARAMIE AND MADISON,2044,5200 W MADISON STREET,06/11/2015,21,1141706.965522802,1899567.55684314,41.880480752,-87.755130433,"(41.88048075170171, -87.75513043296509)"
PULASKI AND NORTH,1994,4000 W NORTH AVENUE,01/30/2017,3,1149456.2688422,1910376.774019002,41.909995582,-87.726394693,"(41.90999558160536, -87.72639469321471)"
KOSTNER AND NORTH,2011,1600 N KOSTNER,06/11/2015,1,1146732.108679105,1910282.120990798,41.909788304,-87.736404667,"(41.90978830394343, -87.73640466739216)"
IRVING PARK AND KEDZIE,1354,3200 W IRVING PARK ROAD,06/11/2015,9,1154325.140302006,1926458.463197156,41.954029047,-87.708077494,"(41.95402904691877, -87.70807749383191)"
111TH AND HALSTED,2422,11100 S HALSTED ST,06/11/2015,3,1172923.657689312,1831209.044179248,41.692263123,-87.642522688,"(41.692263123425136, -87.6425226876268)"
PULASKI AND IRVING PARK,1572,4000 N PULASKI ROAD,06/11/2015,3,1148970.255325552,1926313.600468643,41.953737051,-87.727766612,"(41.95373705144353, -87.72776661179896)"
COLUMBUS AND ILLINOIS,1951,500 N COLUMBUS DRIVE,06/11/2015,16,1178372.808407292,1903693.06016042,41.891044569,-87.620371839,"(41.891044569124276, -87.620371839074)"
DAMEN AND DIVERSEY,1462,2800 N DAMEN AVENUE,06/11/2015,6,1162490.04851994,1918611.623717091,41.932329494,-87.678282719,"(41.9323294940985, -87.67828271931386)"
VAN BUREN AND WESTERN,2052,400 S WESTERN AVENUE,06/09/2015,33,1160431.682297829,1898091.942371589,41.876064776,-87.686415631,"(41.87606477642526, -87.68641563098768)"
CALIFORNIA AND DEVON,1321,6400 N CALIFORNIA AVE,06/11/2015,2,1156461.150245401,1942370.37710537,41.997649133,-87.699792629,"(41.997649133049336, -87.69979262891378)"
CICERO AND CHICAGO,1781,800 N CICERO AVENUE,06/11/2015,3,1144169.162482127,1904893.189220372,41.895049038,-87.745955516,"(41.89504903796389, -87.74595551626888)"
WESTERN AND CERMAK,1003,2400 W CERMAK ROAD,06/11/2015,2,1160678.000607329,1889375.645335924,41.852141307,-87.685752642,"(41.85214130680468, -87.6857526415569)"
DAMEN AND 63RD,2702,6300 S DAMEN AVENUE,06/11/2015,4,1164069.407943298,1862830.277442834,41.779226921,-87.674052731,"(41.77922692069256, -87.67405273137854)"
35TH AND WESTERN,2092,3500 S WESTERN,06/11/2015,2,1160894.949857101,1881376.851112895,41.830187255,-87.685177925,"(41.83018725526863, -87.68517792510231)"
KOSTNER AND NORTH,2011,1600 N KOSTNER,01/30/2017,2,1146732.108679105,1910282.120990798,41.909788304,-87.736404667,"(41.90978830394343, -87.73640466739216)"
55TH AND KEDZIE,2163,3200 W 55TH STREET,06/11/2015,2,1155966.956993183,1868015.593764152,41.793622803,-87.703618141,"(41.79362280329978, -87.70361814062049)"
PULASKI AND ARCHER,2154,5000 S ARCHER AVE,06/11/2015,1,1150501.818909837,1871162.311703322,41.802365973,-87.723576766,"(41.80236597333895, -87.72357676611004)"
IRVING PARK AND KEDZIE,1353,3200 W IRVING PARK ROAD,06/11/2015,7,1154325.140302006,1926458.463197156,41.954029047,-87.708077494,"(41.95402904691877, -87.70807749383191)"
111TH AND HALSTED,2424,800 W 111TH ST,06/11/2015,3,1172945.404219168,1831282.917027882,41.692465363,-87.642440901,"(41.692465363421874, -87.64244090105778)"
CICERO AND NORTH,2033,4800 W NORTH AVENUE,06/11/2015,3,1144053.733747163,1910243.80567041,41.90973389,-87.746244973,"(41.909733890131285, -87.74624497295898)"
ASHLAND AND MADISON,1911,0 N ASHLAND AVE,06/11/2015,9,,,,,
IRVING PARK AND LARAMIE,1534,5200 W IRVING PARK ROA,08/10/2015,4,,,,,
CICERO AND ARMITAGE,2003,4800 W ARMITAGE AVENUE,08/10/2015,1,1144054.25126508,1912907.00926109,41.917041992,-87.746176095,"(41.91704199201953, -87.74617609464687)"
55TH AND WESTERN,2212,5500 S WESTERN AVE,08/10/2015,11,1161269.521335262,1867963.111601251,41.793370554,-87.684175377,"(41.79337055433029, -87.6841753767592)"
LAFAYETTE AND 87TH,2503,30 W 87TH STREET,06/06/2015,37,1177407.651800237,1847320.772058312,41.736376037,-87.625621311,"(41.736376036604916, -87.62562131092602)"
ELSTON AND ADDISON,1402,3600 N ELSTON AVE,06/11/2015,1,1154106.95251778,1923731.036211081,41.946549165,-87.708952626,"(41.94654916480637, -87.70895262603513)"
CICERO AND PETERSON,1202,6000 N CICERO AVENUE,06/11/2015,3,1143247.733553094,1939479.342905704,41.989973915,-87.748473024,"(41.98997391514614, -87.74847302426933)"
WENTWORTH AND GARFIELD,2261,5500 S WENTWORTH AVEN,06/07/2015,13,,,,,
WESTERN AND NORTH,1851,1600 N WESTERN AVE,01/30/2017,4,1160077.474351131,1910605.013316134,41.910409024,-87.687370268,"(41.91040902362901, -87.687370268401)"
79TH AND HALSTED,2543,800 W 79TH STREET,06/11/2015,2,1172320.105719411,1852517.9814434,41.750751157,-87.644107793,"(41.75075115747316, -87.64410779300933)"
KEDZIE AND 63RD,2364,3200 W 63RD ST,06/11/2015,4,1156103.348831225,1862717.565210739,41.779081505,-87.703260365,"(41.77908150488341, -87.70326036544745)"
CICERO AND WASHINGTON,1892,100 N CICERO AVENUE,06/11/2015,1,1144328.984091479,1900095.170838459,41.88187971,-87.745489247,"(41.88187970991601, -87.7454892473012)"
FOSTER AND NAGLE,1031,5200 N NAGLE,06/11/2015,3,1132529.656558223,1934201.702060651,41.97568567,-87.788020406,"(41.97568566971868, -87.78802040620296)"
COLUMBUS AND ILLINOIS,1952,500 N COLUMBUS DRIVE,06/11/2015,11,1178372.808407292,1903693.06016042,41.891044569,-87.620371839,"(41.891044569124276, -87.620371839074)"
CLARK AND FULLERTON,1632,2400 N CLARK ST,06/11/2015,2,1172749.562209477,1916238.997132859,41.925597623,-87.640650973,"(41.925597623023144, -87.64065097309872)"
CERMAK AND PULASKI,2332,2200 S PULASKI,06/11/2015,3,1150012.876838243,1889071.75851865,41.851521442,-87.724904787,"(41.85152144233116, -87.7249047867499)"
HOLLYWOOD AND SHERIDAN,1343,1000 W HOLLYWOOD AVE,06/07/2015,3,1168580.228926466,1938090.295189338,41.985649799,-87.655335807,"(41.98564979859328, -87.65533580655139)"
KEDZIE AND 71ST,2352,7100 S KEDZIE AVENUE,06/11/2015,1,1156225.540366296,1857330.103443232,41.764295037,-87.702957162,"(41.764295036756856, -87.70295716211793)"
ASHLAND AND MADISON,1914,1600 W MADISON,06/11/2015,7,1165723.014733182,1900136.515489506,41.881564167,-87.666929463,"(41.8815641670199, -87.66692946294842)"
HOLLYWOOD AND SHERIDAN,1343,1000 W HOLLYWOOD AVE,06/11/2015,4,1168580.228926466,1938090.295189338,41.985649799,-87.655335807,"(41.98564979859328, -87.65533580655139)"
COLUMBUS AND ILLINOIS,1952,500 N COLUMBUS DRIVE,01/30/2017,3,1178372.808407292,1903693.06016042,41.891044569,-87.620371839,"(41.891044569124276, -87.620371839074)"
STONY ISLAND/CORNELL AND 67TH,2731,6700 S CORNELL DRIVE,06/11/2015,10,1188316.454860734,1860851.137456735,41.77325149,-87.5852246,"(41.77325148959568, -87.58522459967712)"
WENTWORTH AND GARFIELD,2261,5500 S WENTWORTH AVEN,06/11/2015,16,,,,,
MILWAUKEE AND MONTROSE,1364,5075 W MONTROSE AVENUE,06/11/2015,1,1141716.746618898,1928736.076639057,41.960522088,-87.754371424,"(41.96052208819935, -87.75437142402293)"
MONTROSE AND WESTERN,1221,4400 N WESTERN AVENUE,06/11/2015,5,1159539.733234718,1929183.918095502,41.961401846,-87.688832623,"(41.961401846278505, -87.6888326227788)"
HALSTED AND 95TH,2581,9500 S HALSTED STREET,06/11/2015,5,1172610.538363645,1841811.61926207,41.721365061,-87.643358042,"(41.72136506078306, -87.64335804234075)"
SACRAMENTO AND CHICAGO,1814,3000 W CHICAGO AVENUE,06/11/2015,2,1156075.266375505,1905216.604770718,41.895704525,-87.702218524,"(41.895704524946225, -87.70221852353758)"
ARCHER AND CICERO,2081,5200 S CICERO AVE,06/09/2015,27,1145195.931989777,1869737.708306623,41.798558278,-87.743071866,"(41.798558278193305, -87.74307186616427)"
HALSTED AND MADISON,1872,1 N HALSTED STREET,06/12/2015,4,1171090.967986833,1900270.454015136,41.881815632,-87.647214717,"(41.88181563164203, -87.64721471704077)"
ASHLAND AND IRVING PARK,1151,4000 N ASHLAND AVENUE,01/30/2017,5,1164899.463802581,1926665.661118925,41.954379326,-87.66919912,"(41.954379326212695, -87.66919911980419)"
IRVING PARK AND CALIFORNIA,1233,2800 W IRVING PARK ROA,06/12/2015,4,,,,,
STONEY ISLAND AND 76TH,2632,7600 S STONY ISLAND A,06/12/2015,18,1188092.796191935,1854889.354158304,41.756897173,-87.586234285,"(41.75689717260223, -87.58623428506996)"
PULASKI AND LAWRENCE,1172,4800 N PULASKI ROAD,06/12/2015,1,1148821.701520117,1931605.974570937,41.968262595,-87.728175316,"(41.968262595100775, -87.7281753157596)"
HALSTED AND MADISON,1871,1 S HALSTED STREET,06/12/2015,6,1171092.392868784,1900234.542088741,41.881717056,-87.647210539,"(41.88171705561901, -87.64721053920604)"
MILWAUKEE AND MONTROSE,1362,4400 N MILWAUKEE AVEN,06/12/2015,1,1141643.943268783,1928770.256316239,41.96061723,-87.75463824,"(41.9606172296957, -87.75463824007085)"
ROOSEVELT AND PULASKI,2314,4000 W ROOSEVELT ROAD,06/12/2015,10,1149885.032049683,1894449.464076882,41.866281003,-87.72523422,"(41.866281002664536, -87.72523421983905)"
HALSTED AND 95TH,2582,9500 S HALSTED STREET,06/12/2015,2,1172610.538363645,1841811.61926207,41.721365061,-87.643358042,"(41.72136506078306, -87.64335804234075)"
HALSTED AND FULLERTON,1704,800 W FULLERTON AVENUE,06/12/2015,4,1170525.624723311,1916208.443992778,41.925562791,-87.648823641,"(41.92556279107417, -87.64882364145232)"
CICERO AND WASHINGTON,1891,100 N CICERO AVENUE,06/12/2015,12,1144328.984091479,1900095.170838459,41.88187971,-87.745489247,"(41.88187970991601, -87.7454892473012)"
CENTRAL AND CHICAGO,1972,800 N CENTRAL AVENUE,06/12/2015,9,1138836.562608552,1904801.732832435,41.894896579,-87.765543258,"(41.89489657939746, -87.76554325845893)"
ADDISON AND HARLEM,1591,3600 N HARLEM AVENUE,01/30/2017,1,1127394.594070737,1923110.532422811,41.945338412,-87.807154769,"(41.94533841246591, -87.80715476912044)"
PULASKI AND DIVERSEY,1543,4000 W DIVERSEY AVENUE,06/12/2015,2,1149206.496130705,1918356.569267582,41.931897723,-87.72710503,"(41.9318977231462, -87.72710503045386)"
LARAMIE AND FULLERTON,1421,2400 N LARAMIE AVENUE,06/12/2015,2,1141282.877477884,1915479.163971956,41.924151874,-87.756294662,"(41.92415187425276, -87.75629466175003)"
WESTERN AND TOUHY,1252,7200 N WESTERN AVENUE,06/12/2015,2,1158975.66256211,1947754.286963361,42.012371335,-87.690393917,"(42.012371334791766, -87.69039391737863)"
MONTROSE AND WESTERN,1221,4400 N WESTERN AVENUE,06/12/2015,6,1159539.733234718,1929183.918095502,41.961401846,-87.688832623,"(41.961401846278505, -87.6888326227788)"
ELSTON AND IRVING PARK,1503,3700 W IRVING PARK ROA,06/12/2015,6,,,,,
WESTERN AND NORTH,1853,2400 W NORTH AVE,06/12/2015,1,1160100.839010995,1910612.783367238,41.910429862,-87.687284221,"(41.91042986235867, -87.68728422050837)"
CICERO AND PETERSON,1202,6000 N CICERO AVENUE,06/12/2015,9,1143247.733553094,1939479.342905704,41.989973915,-87.748473024,"(41.98997391514614, -87.74847302426933)"
CERMAK AND PULASKI,2334,4000 W CERMAK,06/12/2015,7,1150018.476053666,1889120.238540361,41.851654369,-87.724882975,"(41.85165436867626, -87.7248829753078)"
HALSTED AND NORTH,1761,1600 N HALSTED STREET,06/12/2015,3,1170678.283433825,1910880.991397547,41.910940644,-87.648419043,"(41.91094064391597, -87.64841904272998)"
MILWAUKEE AND MONTROSE,1364,5075 W MONTROSE AVENUE,01/30/2017,3,1141716.746618898,1928736.076639057,41.960522088,-87.754371424,"(41.96052208819935, -87.75437142402293)"
ASHLAND AND DIVISION,1791,1200 N ASHLAND AVENUE,06/12/2015,8,1165466.997046718,1908083.767015974,41.903377468,-87.667643142,"(41.903377467566784, -87.66764314227497)"
WESTERN AND FULLERTON,1671,2400 N WESTERN AVENUE,06/12/2015,4,1159923.309342995,1915897.778561358,41.924935944,-87.687790255,"(41.92493594409127, -87.68779025471278)"
DAMEN AND 63RD,2702,6300 S DAMEN AVENUE,06/12/2015,2,1164069.407943298,1862830.277442834,41.779226921,-87.674052731,"(41.77922692069256, -87.67405273137854)"
STONEY ISLAND AND 79TH,2462,7900 S STONEY ISLAND,06/12/2015,1,1188181.571068297,1852908.934789311,41.751460603,-87.585971993,"(41.75146060316686, -87.5859719929647)"
ASHLAND AND 95TH,2473,1600 W 95TH STREET,06/12/2015,7,1167323.753394196,1841755.029221382,41.721324412,-87.662724153,"(41.721324411975246, -87.66272415265087)"
STONEY ISLAND AND 76TH,2631,7600 S STONY ISLAND A,06/12/2015,22,1188092.796191935,1854889.354158304,41.756897173,-87.586234285,"(41.75689717260223, -87.58623428506996)"
HALSTED AND 103RD,2592,10300 S HALSTED STREE,06/12/2015,2,,,,,
KOSTNER AND NORTH,2012,4400 W GRAND AVE,06/12/2015,5,1146773.519128439,1910425.663958581,41.91018141,-87.73624887,"(41.910181409597406, -87.73624887040725)"
CICERO AND ARMITAGE,2001,2000 N CICERO AVENUE,06/12/2015,1,1144031.525719004,1912881.8300295,41.916973325,-87.746260223,"(41.91697332451097, -87.74626022251057)"
CERMAK AND PULASKI,2332,2200 S PULASKI,06/12/2015,4,1150012.876838243,1889071.75851865,41.851521442,-87.724904787,"(41.85152144233116, -87.7249047867499)"
FOSTER AND NAGLE,1034,6400 W FOSTER,06/12/2015,2,1132552.893142153,1934229.875527466,41.975762574,-87.787934296,"(41.97576257447203, -87.7879342955108)"
WESTERN AND CHICAGO,1943,2400 W CHICAGO AVE,06/12/2015,2,1160226.686812944,1905300.904544474,41.895851041,-87.686968935,"(41.895851041123755, -87.68696893468467)"
71ST AND ASHLAND,2394,1600 W 71ST,06/12/2015,5,1166890.012333149,1857674.2502247,41.765018306,-87.66385923,"(41.76501830555763, -87.66385923012646)"
COLUMBUS AND ILLINOIS,1951,500 N COLUMBUS DRIVE,06/12/2015,10,1178372.808407292,1903693.06016042,41.891044569,-87.620371839,"(41.891044569124276, -87.620371839074)"
PULASKI AND IRVING PARK,1574,4000 W IRVING PARK RD,06/12/2015,11,1148988.727877253,1926320.954938409,41.953756874,-87.727698513,"(41.95375687447515, -87.72769851312907)"
COTTAGE GROVE AND 71ST,2572,7100 S COTTAGE GROVE,01/30/2017,9,1182746.23698699,1858088.011064538,41.765800351,-87.605729127,"(41.76580035131893, -87.6057291269901)"
ASHLAND AND FULLERTON,1651,2400 N ASHLAND AVENUE,01/30/2017,4,1165228.073342838,1916032.319169157,41.92519389,-87.668294363,"(41.92519388981048, -87.66829436339881)"
PULASKI AND ARMITAGE,1843,4000 W ARMITAGE AVENUE,06/12/2015,4,1149375.428872108,1913028.984273181,41.917275069,-87.726622746,"(41.91727506940875, -87.72662274644799)"
119TH AND HALSTED,2402,11900 S HALSTED,06/12/2015,6,1173094.774616191,1825911.054609338,41.677720829,-87.642051845,"(41.67772082924762, -87.64205184498218)"
DAMEN AND FULLERTON,1663,2000 W FULLERTON AVE,06/12/2015,9,1162596.935552891,1915990.579747891,41.925134944,-87.677963546,"(41.92513494374925, -87.67796354553815)"
ASHLAND AND 87TH,2454,1600 W 87TH ST,06/12/2015,3,1167171.941297436,1847064.855345151,41.735898617,-87.663128781,"(41.735898617066006, -87.66312878090133)"
WESTERN AND CERMAK,1003,2400 W CERMAK ROAD,06/12/2015,2,1160678.000607329,1889375.645335924,41.852141307,-87.685752642,"(41.85214130680468, -87.6857526415569)"
HALSTED AND NORTH,1764,800 W NORTH AVENUE,06/10/2015,6,1170700.68422007,1910913.190749698,41.91102851,-87.648335806,"(41.91102850981186, -87.64833580602037)"
COTTAGE GROVE AND 71ST,2572,7100 S COTTAGE GROVE,06/12/2015,3,1182746.23698699,1858088.011064538,41.765800351,-87.605729127,"(41.76580035131893, -87.6057291269901)"
PERSHING AND WESTERN,2112,3900 S WESTERN BLVD,06/12/2015,1,1161130.992078755,1878746.226354636,41.822963628,-87.684384785,"(41.82296362788048, -87.68438478541296)"
LAKE SHORE DR AND BELMONT,1412,3200 N LAKESHORE DRIV,06/12/2015,9,1173053.220555078,1921821.380831705,41.940909163,-87.63936916,"(41.94090916326764, -87.63936915995522)"
KEDZIE AND 71ST,2354,3200 W 71ST STREET,06/12/2015,2,1156246.862901455,1857404.014959868,41.764497433,-87.702877023,"(41.76449743256955, -87.70287702335861)"
WESTERN AND FULLERTON,1672,2400 N WESTERN AVENUE,06/12/2015,2,1159923.309342995,1915897.778561358,41.924935944,-87.687790255,"(41.92493594409127, -87.68779025471278)"
ROOSEVELT AND PULASKI,2311,1200 S PULASKI ROAD,01/30/2017,5,1149866.002247864,1894375.839200384,41.866079337,-87.725305995,"(41.86607933722178, -87.7253059948758)"
PULASKI AND ARCHER,2154,5000 S ARCHER AVE,06/12/2015,2,1150501.818909837,1871162.311703322,41.802365973,-87.723576766,"(41.80236597333895, -87.72357676611004)"
87TH AND VINCENNES,2412,8700 S VINCENNES,06/12/2015,6,1172026.328989535,1847142.496643776,41.736006565,-87.645341819,"(41.73600656458518, -87.64534181897955)"
STONEY ISLAND AND 76TH,2631,7600 S STONY ISLAND A,06/11/2015,26,1188092.796191935,1854889.354158304,41.756897173,-87.586234285,"(41.75689717260223, -87.58623428506996)"
VAN BUREN AND WESTERN,2054,2400 W VAN BUREN STREE,08/13/2015,7,,,,,
LASALLE AND KINZIE,1923,140 W KINZIE,06/12/2015,1,1175048.09765242,1903028.894760294,41.889297219,-87.632601648,"(41.88929721947309, -87.63260164817305)"
WESTERN AND 79TH,2481,7900 S WESTERN AVE,06/11/2015,4,1161711.516404028,1852181.685686118,41.750054934,-87.682992203,"(41.750054933649984, -87.68299220290213)"
CICERO AND NORTH,2033,4800 W NORTH AVENUE,06/12/2015,4,1144053.733747163,1910243.80567041,41.90973389,-87.746244973,"(41.909733890131285, -87.74624497295898)"
HAMLIN AND LAKE,1881,300 N HAMLIN AVENUE,01/30/2017,4,1150970.026856642,1901381.688308858,41.885282636,-87.721069539,"(41.88528263580913, -87.72106953854511)"
PERSHING AND WESTERN,2112,3900 S WESTERN BLVD,01/30/2017,2,1161130.992078755,1878746.226354636,41.822963628,-87.684384785,"(41.82296362788048, -87.68438478541296)"
119TH AND HALSTED,2404,800 W 119TH STREET,06/12/2015,2,1173111.174088158,1825985.001014405,41.677923389,-87.641989646,"(41.677923389134385, -87.64198964584013)"
HOMAN/KIMBALL AND NORTH,1773,3400 W NORTH AVE,06/12/2015,6,1153386.578905125,1910465.87061722,41.910162847,-87.711953868,"(41.91016284680269, -87.71195386769125)"
PULASKI AND ARCHER,2154,5000 S ARCHER AVE,01/30/2017,1,1150501.818909837,1871162.311703322,41.802365973,-87.723576766,"(41.80236597333895, -87.72357676611004)"
KEDZIE AND ARMITAGE,1832,2000 N KEDZIE AVENUE,06/12/2015,1,1154684.031809326,1913129.496340896,41.917446172,-87.707116072,"(41.91744617191702, -87.70711607187832)"
CALIFORNIA AND DEVON,1323,2800 W DEVON AVENUE,06/12/2015,2,1156484.528078038,1942377.980662191,41.997669523,-87.699706423,"(41.99766952286052, -87.69970642324591)"
PULASKI AND BELMONT,1382,3200 N PULASKI RD,06/12/2015,2,1149125.621478734,1920994.556178086,41.939138154,-87.72733371,"(41.939138153500274, -87.7273337101426)"
KOSTNER AND NORTH,2013,4400 W NORTH,06/12/2015,11,1146738.551618032,1910309.595368032,41.909863573,-87.736380296,"(41.90986357340246, -87.73638029605371)"
WESTERN AND FOSTER,1072,5200 N WESTERN AVE,06/12/2015,1,1159372.922497116,1934478.313674003,41.975933372,-87.689299589,"(41.97593337199358, -87.6892995891816)"
PULASKI AND DIVISION,1801,1200 N PULASKI ROAD,06/12/2015,1,1149459.590666926,1907723.219884254,41.902713902,-87.726451457,"(41.902713901936174, -87.72645145715836)"
SACRAMENTO AND LAKE,1821,150 N SACRAMENTO BOUL,06/12/2015,2,1156319.560664766,1900957.489351962,41.884012178,-87.701436479,"(41.88401217771363, -87.7014364786693)"
ROOSEVELT AND KOSTNER,2321,1200 S KOSTNER,06/12/2015,6,1147196.304001978,1894305.883269746,41.865938839,-87.735108549,"(41.8659388389088, -87.73510854901264)"
35TH AND WESTERN,2091,3500 S WESTERN,06/12/2015,14,1160894.949857101,1881376.851112895,41.830187255,-87.685177925,"(41.83018725526863, -87.68517792510231)"
WESTERN AND 71ST,2612,7100 S WESTERN AVENUE,06/12/2015,8,1161563.704681724,1857484.211306323,41.764608912,-87.683387053,"(41.76460891223613, -87.68338705328121)"
CHICAGO AND CLARK,1963,100 W CHICAGO AVENUE,06/12/2015,6,1175374.528739575,1905745.47783364,41.896744347,-87.631321248,"(41.896744346875806, -87.63132124815151)"
ROOSEVELT AND HALSTED,2233,800 W ROOSEVELT ROAD,06/12/2015,4,1171199.282357741,1894968.056393724,41.867263098,-87.646972686,"(41.86726309836901, -87.64697268601648)"
LAFAYETTE AND 87TH,2502,8700 S LAFAYETTE AVEN,06/10/2015,10,1177417.493180297,1847243.988223464,41.73616511,-87.625587569,"(41.73616511008592, -87.62558756899932)"
WESTERN AND CERMAK,1003,2400 W CERMAK ROAD,01/30/2017,3,1160678.000607329,1889375.645335924,41.852141307,-87.685752642,"(41.85214130680468, -87.6857526415569)"
CICERO AND 47TH,2204,4800 W 47TH ST,06/12/2015,6,1145130.048925744,1873078.44198302,41.807727017,-87.743229366,"(41.80772701677172, -87.74322936566276)"
STONEY ISLAND AND 76TH,2631,7600 S STONY ISLAND A,06/10/2015,14,1188092.796191935,1854889.354158304,41.756897173,-87.586234285,"(41.75689717260223, -87.58623428506996)"
KEDZIE AND 63RD,2364,3200 W 63RD ST,06/12/2015,1,1156103.348831225,1862717.565210739,41.779081505,-87.703260365,"(41.77908150488341, -87.70326036544745)"
PULASKI AND 63RD,2342,6300 S PULASKI RD,06/12/2015,17,1150746.00309079,1862516.747695325,41.778636469,-87.722906356,"(41.77863646878099, -87.72290635568541)"
HOMAN/KIMBALL AND NORTH,1771,1600 N HOMAN AVENUE,08/15/2015,1,,,,,
HOLLYWOOD AND SHERIDAN,1343,1000 W HOLLYWOOD AVE,06/12/2015,4,1168580.228926466,1938090.295189338,41.985649799,-87.655335807,"(41.98564979859328, -87.65533580655139)"
ELSTON AND ADDISON,1402,3600 N ELSTON AVE,06/12/2015,2,1154106.95251778,1923731.036211081,41.946549165,-87.708952626,"(41.94654916480637, -87.70895262603513)"
CICERO AND ADDISON,1611,3600 N CICERO AVENUE,06/12/2015,8,1143698.904601495,1923517.005821035,41.946163524,-87.747215169,"(41.94616352362556, -87.74721516897007)"
HOMAN/KIMBALL AND NORTH,1773,3400 W NORTH AVE,06/10/2015,3,1153386.578905125,1910465.87061722,41.910162847,-87.711953868,"(41.91016284680269, -87.71195386769125)"
WESTERN AND DEVON,1212,6400 N WESTERN AVENUE,06/12/2015,4,1159113.585759434,1942451.622367891,41.997817807,-87.690033035,"(41.997817807026, -87.69003303469276)"
PULASKI AND DIVERSEY,1542,2800 N PULASKI ROAD,06/12/2015,3,1149200.724531183,1918332.222549679,41.931831026,-87.727126873,"(41.93183102561505, -87.72712687300454)"
CALIFORNIA AND PETERSON,1313,2800 W PETERSON AVENUE,01/30/2017,4,1156569.515341857,1939784.830544118,41.990552082,-87.699464396,"(41.990552081681564, -87.69946439622785)"
CENTRAL AND ADDISON,1682,3600 N CENTRAL AVENUE,06/12/2015,4,1138343.117435682,1923392.067464765,41.945919491,-87.766904594,"(41.945919490555106, -87.76690459426293)"
KEDZIE AND 31ST,2134,3200 W 31ST STREET,06/12/2015,1,1155487.128005646,1883943.061106793,41.8373395,-87.704950558,"(41.83733950029648, -87.70495055800411)"
31ST ST AND MARTIN LUTHER KING DRIVE,2121,3100 S DR MARTIN L KING,06/12/2015,9,,,,,
DIVISION AND DAMEN,1733,2000 W DIVISION,06/10/2015,9,1162815.710860194,1908034.672555531,41.903298793,-87.677383247,"(41.903298792681944, -87.67738324739636)"
IRVING PARK AND NARRAGANSETT,1024,6400 W IRVING PK,06/12/2015,4,1132945.939118726,1925946.304925137,41.953024751,-87.786683238,"(41.95302475075328, -87.78668323766634)"
FOSTER AND BROADWAY,1113,1200 W FOSTER AVE,01/30/2017,3,1167357.095930752,1934721.393266777,41.97643192,-87.659931806,"(41.97643192018459, -87.65993180604016)"
IRVING PARK AND LARAMIE,1534,5200 W IRVING PARK ROA,06/12/2015,5,,,,,
DIVISION AND DAMEN,1734,2000 W DIVISION,06/12/2015,3,1162815.710860194,1908034.672555531,41.903298793,-87.677383247,"(41.903298792681944, -87.67738324739636)"
DIVERSEY AND AUSTIN,1454,6000 W DIVERSEY AVENUE,04/19/2017,2,1135895.736169343,1918029.70673837,41.931248624,-87.776028612,"(41.931248623643455, -87.77602861172493)"
WESTERN AND FOSTER,1074,2400 W FOSTER AVE,06/12/2015,5,1159379.402846887,1934502.712486132,41.97600019,-87.689275084,"(41.97600018976586, -87.68927508385399)"
31ST ST AND MARTIN LUTHER KING DRIVE,2123,400 E 31ST STREET,06/12/2015,1,1179437.985396417,1884565.84226022,41.838534018,-87.617046113,"(41.838534018118914, -87.61704611345726)"
ASHLAND AND LAWRENCE,1143,1600 W LAWRENCE AVENUE,06/12/2015,7,1164771.946929007,1931988.254061312,41.968987457,-87.669516307,"(41.96898745654617, -87.66951630654926)"
PULASKI AND NORTH,1992,1600 N PULASKI AVENUE,06/12/2015,1,1149432.959240306,1910369.112502195,41.90997501,-87.726480523,"(41.909975010236906, -87.72648052306623)"
LARAMIE AND FULLERTON,1424,5200 W FULLERTON AVENUE,06/12/2015,6,1141305.554932016,1915502.611239048,41.924215797,-87.756210755,"(41.92421579723144, -87.75621075458939)"
MILWAUKEE AND DEVON,1272,6400 N MILWAUKEE AVEN,06/12/2015,2,1132463.750397878,1942107.911507627,41.997382173,-87.788077674,"(41.99738217345368, -87.78807767391953)"
79TH AND HALSTED,2541,7900 S HALSTED STREET,06/12/2015,3,1172298.707400847,1852444.344822186,41.750549559,-87.644188368,"(41.750549559438944, -87.64418836784098)"
CLARK AND FULLERTON,1632,2400 N CLARK ST,01/30/2017,2,1172749.562209477,1916238.997132859,41.925597623,-87.640650973,"(41.925597623023144, -87.64065097309872)"
HAMLIN AND MADISON,1903,3800 W MADISON STREET,06/12/2015,6,1151032.709141294,1899784.033986533,41.880897273,-87.720881226,"(41.880897273491264, -87.72088122613924)"
HAMLIN AND LAKE,1881,300 N HAMLIN AVENUE,06/12/2015,1,1150970.026856642,1901381.688308858,41.885282636,-87.721069539,"(41.88528263580913, -87.72106953854511)"
HALSTED AND 103RD,2593,800 W 103RD STREET,06/12/2015,2,1172778.570616036,1836587.755252818,41.70702632,-87.642896007,"(41.707026319812215, -87.64289600741817)"
SHERIDAN AND FOSTER,1134,1000 W FOSTER AVE,06/12/2015,2,1168689.247756979,1934758.578141654,41.976505116,-87.655031882,"(41.97650511595711, -87.65503188224778)"
CANAL AND ROOSEVELT,2291,1200 S CANAL STREET,06/12/2015,6,1173268.771030949,1894952.634878732,41.867175125,-87.639375813,"(41.86717512472001, -87.63937581258092)"
4700 WESTERN,2141,4700 S WESTERN AVENUE,06/12/2015,2,1161120.438879703,1873431.066474726,41.808378408,-87.684570717,"(41.808378407946726, -87.68457071689552)"
KEDZIE AND 63RD,2364,3200 W 63RD ST,01/30/2017,1,1156103.348831225,1862717.565210739,41.779081505,-87.703260365,"(41.77908150488341, -87.70326036544745)"
75TH AND STATE,2621,7500 S STATE STREET,06/12/2015,7,1177538.763040612,1855235.551345519,41.758092176,-87.624902228,"(41.75809217638291, -87.6249022282473)"
ROOSEVELT AND HALSTED,2233,800 W ROOSEVELT ROAD,06/11/2015,6,1171199.282357741,1894968.056393724,41.867263098,-87.646972686,"(41.86726309836901, -87.64697268601648)"
STATE AND 79TH,2651,7900 S STATE STREET,06/12/2015,7,1177618.166929966,1852621.870232838,41.750918138,-87.624690123,"(41.7509181383154, -87.62469012251644)"
CICERO AND WASHINGTON,1892,100 N CICERO AVENUE,06/12/2015,3,1144328.984091479,1900095.170838459,41.88187971,-87.745489247,"(41.88187970991601, -87.7454892473012)"
111TH AND HALSTED,2424,800 W 111TH ST,06/12/2015,2,1172945.404219168,1831282.917027882,41.692465363,-87.642440901,"(41.692465363421874, -87.64244090105778)"
LAFAYETTE AND 87TH,2502,8700 S LAFAYETTE AVEN,06/12/2015,24,1177417.493180297,1847243.988223464,41.73616511,-87.625587569,"(41.73616511008592, -87.62558756899932)"
55TH AND WESTERN,2213,2400 W 55TH STREET,06/12/2015,4,1161277.012730599,1868185.749490228,41.793981347,-87.684141741,"(41.7939813465735, -87.68414174128355)"
CICERO AND ADDISON,1612,3600 N CICERO AVENUE,06/12/2015,6,1143698.904601495,1923517.005821035,41.946163524,-87.747215169,"(41.94616352362556, -87.74721516897007)"
WENTWORTH AND GARFIELD,2261,5500 S WENTWORTH AVEN,06/12/2015,15,,,,,
55TH and PULASKI,2244,4000 W 55TH ST,06/12/2015,1,1150621.676903861,1867864.274865394,41.793313334,-87.723223038,"(41.79331333358753, -87.72322303812588)"
PULASKI AND DIVISION,1802,1200 N PULASKI ROAD,06/12/2015,3,1149459.590666926,1907723.219884254,41.902713902,-87.726451457,"(41.902713901936174, -87.72645145715836)"
DIVERSEY AND WESTERN,1434,2400 W DIVERSEY AVENUE,06/12/2015,1,1159859.648423836,1918576.255784305,41.932287183,-87.687950093,"(41.93228718299094, -87.6879500934122)"
ASHLAND AND 87TH,2452,8700 S ASHLAND AVE,06/12/2015,2,1167150.470087748,1846991.212339794,41.735696989,-87.663209544,"(41.73569698863625, -87.66320954445679)"
PULASKI AND CHICAGO,1983,4000 W CHICAGO AVENUE,06/12/2015,2,1149561.855939692,1905086.596446259,41.895476752,-87.72614436,"(41.89547675163723, -87.72614435991626)"
KIMBALL AND DIVERSEY,1583,3400 W DIVERSEY AVENUE,06/12/2015,1,1153211.149172713,1918454.477800566,41.932087747,-87.71238583,"(41.932087747378944, -87.71238582951281)"
WESTERN AND 79TH,2481,7900 S WESTERN AVE,06/12/2015,4,1161711.516404028,1852181.685686118,41.750054934,-87.682992203,"(41.750054933649984, -87.68299220290213)"
PULASKI AND ARMITAGE,1844,4000 W ARMITAGE AVENUE,06/12/2015,4,1149375.428872108,1913028.984273181,41.917275069,-87.726622746,"(41.91727506940875, -87.72662274644799)"
79TH AND HALSTED,2543,800 W 79TH STREET,01/30/2017,2,1172320.105719411,1852517.9814434,41.750751157,-87.644107793,"(41.75075115747316, -87.64410779300933)"
ASHLAND AND DIVISION,1791,1200 N ASHLAND AVENUE,06/11/2015,9,1165466.997046718,1908083.767015974,41.903377468,-87.667643142,"(41.903377467566784, -87.66764314227497)"
HAMLIN AND MADISON,1901,0 N HAMLIN BOULEVARD,06/12/2015,7,,,,,
55TH AND KEDZIE,2162,5500 S KEDZIE AVENUE,06/12/2015,1,1155945.854705238,1867941.621374192,41.793420237,-87.703697508,"(41.793420236755864, -87.70369750845424)"
ELSTON AND ADDISON,1403,3216 W ADDISON ST,06/12/2015,5,1154199.729816868,1923799.345386665,41.946734755,-87.708609774,"(41.946734754927796, -87.7086097735515)"
CICERO AND HARRISON,2023,4800 W HARRISON STREET,06/12/2015,2,1144451.867388303,1896949.561959463,41.873245464,-87.745117179,"(41.873245464379586, -87.7451171788807)"
CENTRAL AND DIVERSEY,1644,5600 W DIVERSEY AVENUE,06/12/2015,1,1138539.758528398,1918097.096677271,41.931385977,-87.766310532,"(41.93138597683265, -87.76631053155157)"
CORTLAND AND ASHLAND,1721,1900 N ASHLAND AVE,06/12/2015,10,1165348.084854857,1912736.454335569,41.916147281,-87.667947354,"(41.91614728095272, -87.66794735350443)"
ASHLAND AND MADISON,1914,1600 W MADISON,06/12/2015,5,1165723.014733182,1900136.515489506,41.881564167,-87.666929463,"(41.8815641670199, -87.66692946294842)"
MONTROSE AND WESTERN,1224,2400 W MONTROSE AVENUE,06/12/2015,3,1159562.971802959,1929191.337701253,41.961421726,-87.68874698,"(41.961421726406314, -87.68874697983858)"
CLARK AND FULLERTON,1631,2400 N CLARK ST,06/12/2015,2,1172749.562209477,1916238.997132859,41.925597623,-87.640650973,"(41.925597623023144, -87.64065097309872)"
SACRAMENTO AND LAKE,1822,150 N SACRAMENTO BOUL,06/12/2015,5,1156319.560664766,1900957.489351962,41.884012178,-87.701436479,"(41.88401217771363, -87.7014364786693)"
35TH AND WESTERN,2092,3500 S WESTERN,06/12/2015,1,1160894.949857101,1881376.851112895,41.830187255,-87.685177925,"(41.83018725526863, -87.68517792510231)"
VAN BUREN AND WESTERN,2052,400 S WESTERN AVENUE,06/12/2015,37,1160431.682297829,1898091.942371589,41.876064776,-87.686415631,"(41.87606477642526, -87.68641563098768)"
DAMEN AND DIVERSEY,1462,2800 N DAMEN AVENUE,06/12/2015,1,1162490.04851994,1918611.623717091,41.932329494,-87.678282719,"(41.9323294940985, -87.67828271931386)"
CENTRAL AND IRVING PARK,1182,4000 N CENTRAL AVENUE,06/12/2015,1,1138258.614129764,1926071.172884932,41.953272751,-87.767150151,"(41.95327275103541, -87.76715015131407)"
99TH AND HALSTED,2433,800 W 99TH ST,06/12/2015,8,1172710.642565684,1839246.330602143,41.714323337,-87.643066714,"(41.71432333701137, -87.64306671421937)"
CANAL AND ROOSEVELT,2294,500 W ROOSEVELT ROAD,06/12/2015,4,1173290.72186561,1895021.166235495,41.867362693,-87.639293195,"(41.867362692616666, -87.63929319464197)"
CENTRAL AND IRVING PARK,1183,5600 W IRVING PARK ROAD,06/12/2015,4,1138281.535484986,1926078.647777633,41.953292847,-87.767065708,"(41.953292847298, -87.76706570775266)"
ASHLAND AND LAWRENCE,1142,4800 N ASHLAND AVENUE,06/12/2015,6,1164751.686785145,1932001.206626392,41.96902343,-87.669590434,"(41.969023429614026, -87.66959043354217)"
71ST AND ASHLAND,2391,7100 S ASHLAND,06/12/2015,2,1166868.379865725,1857616.168087255,41.764859382,-87.663940176,"(41.764859382425385, -87.66394017630476)"
IRVING PARK AND CALIFORNIA,1234,2800 W IRVING PARK ROA,06/12/2015,8,,,,,
PULASKI AND NORTH,1994,4000 W NORTH AVENUE,06/12/2015,3,1149456.2688422,1910376.774019002,41.909995582,-87.726394693,"(41.90999558160536, -87.72639469321471)"
55TH AND WESTERN,2212,5500 S WESTERN AVE,06/12/2015,4,1161269.521335262,1867963.111601251,41.793370554,-87.684175377,"(41.79337055433029, -87.6841753767592)"
KEDZIE AND 71ST,2352,7100 S KEDZIE AVENUE,06/12/2015,1,1156225.540366296,1857330.103443232,41.764295037,-87.702957162,"(41.764295036756856, -87.70295716211793)"
PULASKI AND LAWRENCE,1173,4000 W LAWRENCE AVENUE,06/12/2015,1,1148844.220085601,1931638.45430438,41.968351285,-87.728091672,"(41.96835128527914, -87.72809167198088)"
ROOSEVELT AND HALSTED,2234,800 W ROOSEVELT ROAD,06/12/2015,27,1171199.282357741,1894968.056393724,41.867263098,-87.646972686,"(41.86726309836901, -87.64697268601648)"
IRVING PARK AND KEDZIE,1353,3200 W IRVING PARK ROAD,06/12/2015,3,1154325.140302006,1926458.463197156,41.954029047,-87.708077494,"(41.95402904691877, -87.70807749383191)"
PULASKI AND FOSTER,1104,4000 W FOSTER AVE,06/12/2015,1,1148759.16134887,1934294.249006446,41.975640616,-87.728335469,"(41.975640616231914, -87.72833546926573)"
ASHLAND AND MADISON,1911,0 N ASHLAND AVE,08/15/2015,6,,,,,
CICERO AND PETERSON,1204,4800 W PETERSON AVENUE,06/12/2015,3,1143273.766829016,1939491.944645127,41.990008007,-87.748376951,"(41.99000800729908, -87.74837695118997)"
ASHLAND AND 95TH,2472,9500 S ASHLAND AVENUE,06/12/2015,4,1167295.830128711,1841695.121217916,41.721160612,-87.662828139,"(41.72116061205213, -87.66282813939165)"
IRVING PARK AND NARRAGANSETT,1023,6400 W IRVING PK,06/11/2015,3,1132945.939118726,1925946.304925137,41.953024751,-87.786683238,"(41.95302475075328, -87.78668323766634)"
CICERO AND 47TH,2202,4700 S CICERO AVE,01/30/2017,1,1145112.150373471,1873006.659918126,41.807530373,-87.743296821,"(41.80753037289406, -87.7432968212423)"
WESTERN AND NORTH,1851,1600 N WESTERN AVE,06/12/2015,3,1160077.474351131,1910605.013316134,41.910409024,-87.687370268,"(41.91040902362901, -87.687370268401)"
KOSTNER AND NORTH,2012,4400 W GRAND AVE,01/30/2017,7,1146773.519128439,1910425.663958581,41.91018141,-87.73624887,"(41.910181409597406, -87.73624887040725)"
ASHLAND AND 95TH,2473,1600 W 95TH STREET,06/10/2015,10,1167323.753394196,1841755.029221382,41.721324412,-87.662724153,"(41.721324411975246, -87.66272415265087)"
STATE AND 79TH,2654,1 E 79TH STREET,06/12/2015,22,1177680.113652821,1852598.313477786,41.750852096,-87.624463832,"(41.75085209551078, -87.62446383210285)"
ELSTON AND LAWRENCE,1282,4800 N ELSTON AVENUE,06/12/2015,2,1145529.344259918,1931501.601268983,41.968039361,-87.740283894,"(41.96803936143674, -87.74028389448999)"
STONEY ISLAND AND 79TH,2464,1600 E 79TH ST,06/12/2015,3,1188284.704439907,1852964.829047574,41.751611523,-87.585592284,"(41.75161152327319, -87.58559228428787)"
CALIFORNIA AND DEVON,1321,6400 N CALIFORNIA AVE,06/12/2015,6,1156461.150245401,1942370.37710537,41.997649133,-87.699792629,"(41.997649133049336, -87.69979262891378)"
VAN BUREN AND WESTERN,2054,2400 W VAN BUREN STREE,06/12/2015,5,,,,,
CENTRAL AND CHICAGO,1973,5600 W CHICAGO AVENUE,06/12/2015,3,1138858.856732452,1904825.827586656,41.894962293,-87.765460791,"(41.89496229349977, -87.76546079122906)"
WESTERN AND DEVON,1211,6400 N WESTERN AVENUE,06/12/2015,1,1159113.585759434,1942451.622367891,41.997817807,-87.690033035,"(41.997817807026, -87.69003303469276)"
HAMLIN AND LAKE,1882,300 N HAMLIN AVENUE,06/12/2015,2,1150970.026856642,1901381.688308858,41.885282636,-87.721069539,"(41.88528263580913, -87.72106953854511)"
DIVERSEY AND WESTERN,1431,2800 N WESTERN AVENUE,06/12/2015,7,1159837.205417355,1918550.506189309,41.932216988,-87.688033281,"(41.93221698794738, -87.68803328089533)"
WENTWORTH AND GARFIELD,2264,200 W GARFIELD BLVD,06/12/2015,9,1175889.574397302,1868551.750512227,41.794670385,-87.630547476,"(41.79467038468937, -87.63054747605638)"
CALIFORNIA AND DIVERSEY,1514,2800 W DIVERSEY,06/12/2015,18,1157212.54253358,1918526.674434943,41.932205395,-87.697679244,"(41.93220539506452, -87.6976792438691)"
CHICAGO AND CLARK,1964,100 W CHICAGO AVENUE,06/12/2015,7,1175374.528739575,1905745.47783364,41.896744347,-87.631321248,"(41.896744346875806, -87.63132124815151)"
PERSHING AND WESTERN,2114,2400 W PERSHING ROAD,06/12/2015,6,1160957.773623189,1878793.434193427,41.82309676,-87.685018951,"(41.82309676016606, -87.68501895061576)"
CICERO AND FULLERTON,1472,2400 N CICERO AVE,06/12/2015,5,1143961.592189569,1915545.343094087,41.92428359,-87.74645019,"(41.92428358982701, -87.74645019028947)"
CALIFORNIA AND DIVERSEY,1513,2800 W DIVERSEY,06/12/2015,1,1157212.54253358,1918526.674434943,41.932205395,-87.697679244,"(41.93220539506452, -87.6976792438691)"
MADISON AND WESTERN,1931,1 S WESTERN AVE,06/12/2015,4,1160453.827721979,1899933.703473746,41.881118279,-87.686283339,"(41.881118278833966, -87.686283338873)"
HOLLYWOOD AND SHERIDAN,1344,1000 W HOLLYWOOD AVE,06/12/2015,10,1168580.228926466,1938090.295189338,41.985649799,-87.655335807,"(41.98564979859328, -87.65533580655139)"
79TH AND KEDZIE,2443,3200 W 79TH ST,06/12/2015,3,1156402.644780165,1852104.649370984,41.749952001,-87.702448478,"(41.74995200142266, -87.70244847808695)"
WESTERN AND 79TH,2481,7900 S WESTERN AVE,06/10/2015,4,1161711.516404028,1852181.685686118,41.750054934,-87.682992203,"(41.750054933649984, -87.68299220290213)"
IRVING PARK AND LARAMIE,1533,5200 W IRVING PARK ROA,08/15/2015,6,,,,,
AUSTIN AND IRVING PARK,1161,4000 N AUSTIN AVENUE,06/12/2015,3,1135599.956110927,1926006.862619986,41.953144059,-87.776925284,"(41.95314405904539, -87.77692528423394)"
CLARK AND IRVING PARK,1093,1300 W IRVING PARK ROAD,06/12/2015,6,1166777.545456989,1926719.73687357,41.954487567,-87.662293496,"(41.95448756687966, -87.66229349585691)"
ASHLAND AND MADISON,1911,0 N ASHLAND AVE,06/12/2015,3,,,,,
HOMAN/KIMBALL AND NORTH,1771,1600 N HOMAN AVENUE,06/12/2015,4,,,,,
STONY ISLAND/CORNELL AND 67TH,2721,6700 S STONY ISLAND A,06/12/2015,10,1187984.143047539,1860863.338367666,41.773292896,-87.586442368,"(41.77329289585066, -87.58644236831432)"
55TH and PULASKI,2242,5500 S PULASKI,06/12/2015,1,1150600.072649439,1867806.44512718,41.793155061,-87.723303765,"(41.793155060731024, -87.72330376464247)"
LAFAYETTE AND 87TH,2503,30 W 87TH STREET,06/12/2015,13,1177407.651800237,1847320.772058312,41.736376037,-87.625621311,"(41.736376036604916, -87.62562131092602)"
LASALLE AND KINZIE,1921,400 N LASALLE,06/12/2015,3,1175028.579766798,1903002.552291359,41.889225372,-87.632674115,"(41.88922537162015, -87.63267411498495)"
HALSTED AND NORTH,1764,800 W NORTH AVENUE,06/12/2015,8,1170700.68422007,1910913.190749698,41.91102851,-87.648335806,"(41.91102850981186, -87.64833580602037)"
BELMONT AND KEDZIE,1373,3200 W BELMONT,06/12/2015,1,1154461.587940363,1921143.091003516,41.939440561,-87.707718516,"(41.93944056117365, -87.70771851630873)"
CICERO AND DIVERSEY,1694,4800 W DIVERSEY AVENUE,06/12/2015,3,1143869.848167704,1918226.043989398,41.93164142,-87.746719911,"(41.93164142040689, -87.7467199106462)"
CICERO AND HARRISON,2022,600 S CICERO AVENUE,06/12/2015,5,1144444.97442848,1896894.622216872,41.873094833,-87.745143869,"(41.873094832519136, -87.74514386884542)"
OGDEN AND KOSTNER,2223,4400 W OGDEN AVENUE,06/12/2015,6,1147406.592439224,1887689.099869462,41.847777523,-87.734505969,"(41.84777752280453, -87.73450596874825)"
WESTERN AND FULLERTON,1672,2400 N WESTERN AVENUE,04/19/2017,1,1159923.309342995,1915897.778561358,41.924935944,-87.687790255,"(41.92493594409127, -87.68779025471278)"
ROOSEVELT AND HALSTED,2234,800 W ROOSEVELT ROAD,01/30/2017,3,1171199.282357741,1894968.056393724,41.867263098,-87.646972686,"(41.86726309836901, -87.64697268601648)"
HALSTED AND 103RD,2592,10300 S HALSTED STREE,01/30/2017,2,,,,,
WESTERN AND ADDISON,1563,2400 W ADDISON,06/12/2015,2,1159719.041544334,1923878.577275797,41.946839991,-87.688320193,"(41.9468399910054, -87.68832019252964)"
PULASKI AND IRVING PARK,1572,4000 N PULASKI ROAD,06/12/2015,2,1148970.255325552,1926313.600468643,41.953737051,-87.727766612,"(41.95373705144353, -87.72776661179896)"
COLUMBUS AND ILLINOIS,1952,500 N COLUMBUS DRIVE,06/12/2015,18,1178372.808407292,1903693.06016042,41.891044569,-87.620371839,"(41.891044569124276, -87.620371839074)"
CENTRAL AND LAKE,1743,5600 W LAKE STREET,01/30/2017,5,1138951.495695032,1902230.510465733,41.887838735,-87.765183663,"(41.887838735330206, -87.76518366338465)"
JEFFERY AND 95TH,2523,2000 E 95TH ST,06/12/2015,2,1191188.381103057,1842410.411853539,41.722579473,-87.575292523,"(41.722579473126416, -87.57529252250366)"
119TH AND HALSTED,2402,11900 S HALSTED,01/30/2017,7,1173094.774616191,1825911.054609338,41.677720829,-87.642051845,"(41.67772082924762, -87.64205184498218)"
WESTERN AND CHICAGO,1941,800 N WESTERN AVE,06/12/2015,3,1160220.967978608,1905277.507115921,41.895786955,-87.686990586,"(41.89578695485361, -87.68699058611217)"
VAN BUREN AND WESTERN,2052,400 S WESTERN AVENUE,01/30/2017,24,1160431.682297829,1898091.942371589,41.876064776,-87.686415631,"(41.87606477642526, -87.68641563098768)"
63RD AND STATE,2714,1 E 63RD ST,06/12/2015,5,1177367.518733101,1863199.17768559,41.779949105,-87.625289553,"(41.779949104569106, -87.62528955333775)"
ASHLAND AND FULLERTON,1652,2400 N ASHLAND AVENUE,06/12/2015,10,1165228.073342838,1916032.319169157,41.92519389,-87.668294363,"(41.92519388981048, -87.66829436339881)"
DIVERSEY AND AUSTIN,1454,6000 W DIVERSEY AVENUE,06/12/2015,2,1135895.736169343,1918029.70673837,41.931248624,-87.776028612,"(41.931248623643455, -87.77602861172493)"
OGDEN AND KOSTNER,2222,2348 S KOSTNER AVENUE,06/12/2015,3,1147394.548182079,1887795.177782082,41.848068845,-87.734547457,"(41.8480688449598, -87.73454745748458)"
HALSTED AND MADISON,1871,1 S HALSTED STREET,06/11/2015,6,1171092.392868784,1900234.542088741,41.881717056,-87.647210539,"(41.88171705561901, -87.64721053920604)"
111TH AND HALSTED,2422,11100 S HALSTED ST,06/12/2015,3,1172923.657689312,1831209.044179248,41.692263123,-87.642522688,"(41.692263123425136, -87.6425226876268)"
ASHLAND AND IRVING PARK,1153,1600 W IRVING PARK ROA,06/12/2015,3,,,,,
ROOSEVELT AND KOSTNER,2323,4400 W ROOSEVELT,06/12/2015,14,1147200.963258796,1894379.538078088,41.866140868,-87.73508956,"(41.866140867641654, -87.73508956008207)"
CORTLAND AND ASHLAND,1723,1600 W CORTLAND ST,06/12/2015,6,1165377.660768235,1912768.773647285,41.916235337,-87.667837772,"(41.91623533746878, -87.66783777212962)"
DIVISION AND DAMEN,1733,2000 W DIVISION,06/12/2015,5,1162815.710860194,1908034.672555531,41.903298793,-87.677383247,"(41.903298792681944, -87.67738324739636)"
CENTRAL AND LAKE,1742,400 N CENTRAL AVENUE,06/12/2015,3,1138928.478257537,1902217.926149854,41.887804621,-87.765268498,"(41.88780462053497, -87.76526849810371)"
ARCHER AND CICERO,2081,5200 S CICERO AVE,06/12/2015,33,1145195.931989777,1869737.708306623,41.798558278,-87.743071866,"(41.798558278193305, -87.74307186616427)"
DAMEN AND 63RD,2701,6300 S DAMEN AVENUE,06/12/2015,2,1164069.407943298,1862830.277442834,41.779226921,-87.674052731,"(41.77922692069256, -87.67405273137854)"
WESTERN AND NORTH,1853,2400 W NORTH AVE,01/30/2017,3,1160100.839010995,1910612.783367238,41.910429862,-87.687284221,"(41.91042986235867, -87.68728422050837)"
75TH AND STATE,2624,1 E 75TH STREET,06/12/2015,5,1177601.72646404,1855229.486604181,41.758074111,-87.624671658,"(41.75807411097799, -87.62467165835182)"
WESTERN AND 63RD,2373,2400 W 63RD ST,06/12/2015,3,1161444.415758584,1862848.534703658,41.779331844,-87.683675761,"(41.77933184429814, -87.68367576084798)"
HALSTED AND DIVISION,1714,800 W DIVISION,06/12/2015,1,1170767.827960358,1908259.644151662,41.903745557,-87.648167011,"(41.90374555734733, -87.64816701062779)"
KEDZIE AND 26TH,2381,2600 S KEDZIE AVENUE,06/12/2015,1,1155404.235510285,1886524.460033054,41.844424831,-87.705185452,"(41.84442483084393, -87.70518545233183)"
PULASKI AND PETERSON,1263,4000 W PETERSON AVENUE,06/12/2015,13,1148618.560490339,1939615.133928395,41.990244186,-87.728714391,"(41.99024418564742, -87.7287143910091)"
HARLEM AND BELMONT,1391,3200 N HARLEM AVE,06/12/2015,1,1127481.020995451,1920467.613239239,41.938084468,-87.806896749,"(41.93808446822169, -87.80689674887883)"
99TH AND HALSTED,2431,9900 S HALSTED ST,06/12/2015,20,1172689.754200318,1839171.652197216,41.714118868,-87.643145408,"(41.714118868089905, -87.64314540818165)"
CICERO AND ADDISON,1612,3600 N CICERO AVENUE,01/30/2017,5,1143698.904601495,1923517.005821035,41.946163524,-87.747215169,"(41.94616352362556, -87.74721516897007)"
55TH AND KEDZIE,2163,3200 W 55TH STREET,06/12/2015,6,1155966.956993183,1868015.593764152,41.793622803,-87.703618141,"(41.79362280329978, -87.70361814062049)"
PULASKI AND ARCHER,2153,5000 S ARCHER AVE,06/12/2015,3,1150501.818909837,1871162.311703322,41.802365973,-87.723576766,"(41.80236597333895, -87.72357676611004)"
LAWRENCE AND WESTERN,1193,2400 W LAWRENCE AVENUE,06/12/2015,5,1159482.648570304,1931851.989492596,41.968724349,-87.688968727,"(41.96872434882172, -87.68896872699601)"
ASHLAND AND IRVING PARK,1151,4000 N ASHLAND AVENUE,06/12/2015,1,1164899.463802581,1926665.661118925,41.954379326,-87.66919912,"(41.954379326212695, -87.66919911980419)"
BROADWAY/SHERIDAN AND DEVON,1122,6400 N SHERIDAN ROAD,06/12/2015,11,1167087.151194129,1942658.704988689,41.998217921,-87.660695256,"(41.99821792053241, -87.6606952555721)"
CICERO AND 47TH,2202,4700 S CICERO AVE,06/12/2015,1,1145112.150373471,1873006.659918126,41.807530373,-87.743296821,"(41.80753037289406, -87.7432968212423)"
63RD AND STATE,2712,6300 S STATE ST,06/12/2015,4,1177303.801895084,1863220.216755923,41.780008277,-87.625522512,"(41.78000827740796, -87.6255225119157)"
BELMONT AND KEDZIE,1372,3200 N KEDZIE AVE,06/12/2015,4,1154426.977874407,1921110.466549542,41.93935173,-87.707846594,"(41.93935173030961, -87.70784659359776)"
PULASKI AND FOSTER,1102,5200 N PULASKI RD,06/12/2015,2,1148746.251286324,1934286.914361976,41.97562074,-87.728383135,"(41.97562073966174, -87.72838313514907)"
MILWAUKEE AND MONTROSE,1364,5075 W MONTROSE AVENUE,06/12/2015,1,1141716.746618898,1928736.076639057,41.960522088,-87.754371424,"(41.96052208819935, -87.75437142402293)"
HALSTED AND 95TH,2581,9500 S HALSTED STREET,06/12/2015,4,1172610.538363645,1841811.61926207,41.721365061,-87.643358042,"(41.72136506078306, -87.64335804234075)"
STONEY ISLAND AND 79TH,2461,7900 S SOUTH CHICAGO AVE,01/30/2017,2,1188274.655498937,1852865.685797892,41.751339705,-87.585632266,"(41.751339704589455, -87.58563226565187)"
SACRAMENTO AND CHICAGO,1814,3000 W CHICAGO AVENUE,06/12/2015,4,1156075.266375505,1905216.604770718,41.895704525,-87.702218524,"(41.895704524946225, -87.70221852353758)"
JEFFERY AND 95TH,2522,9500 S JEFFERY AVE,06/12/2015,3,1191132.420601301,1842335.735988875,41.722375907,-87.575499903,"(41.72237590704101, -87.57549990332795)"
COTTAGE GROVE AND 71ST,2571,7100 S COTTAGE GROVE,06/12/2015,2,1182746.23698699,1858088.011064538,41.765800351,-87.605729127,"(41.76580035131893, -87.6057291269901)"
IRVING PARK AND KEDZIE,1354,3200 W IRVING PARK ROAD,06/12/2015,11,1154325.140302006,1926458.463197156,41.954029047,-87.708077494,"(41.95402904691877, -87.70807749383191)"
PETERSON AND WESTERN,1014,2400 W PETERSON,06/12/2015,6,1159214.211316277,1939825.301874586,41.99060901,-87.689735481,"(41.990609009807294, -87.68973548092968)"
WESTERN AND TOUHY,1251,7200 N WESTERN AVENUE,06/12/2015,2,1158975.66256211,1947754.286963361,42.012371335,-87.690393917,"(42.012371334791766, -87.69039391737863)"
ROOSEVELT AND PULASKI,2311,1200 S PULASKI ROAD,06/12/2015,3,1149866.002247864,1894375.839200384,41.866079337,-87.725305995,"(41.86607933722178, -87.7253059948758)"
LAKE SHORE DR AND BELMONT,1413,400 W BELMONT AVE,06/12/2015,54,1172981.744869382,1921577.376128802,41.940241193,-87.639639114,"(41.94024119325571, -87.63963911427594)"
FOSTER AND BROADWAY,1111,5200 N BROADWAY ST,06/12/2015,2,1167334.508577915,1934714.008346532,41.976412143,-87.660015082,"(41.97641214294823, -87.66001508205365)"
DAMEN AND FULLERTON,1663,2000 W FULLERTON AVE,06/10/2015,11,1162596.935552891,1915990.579747891,41.925134944,-87.677963546,"(41.92513494374925, -87.67796354553815)"
KEDZIE AND 31ST,2132,3100 S KEDZIE AVENUE,06/12/2015,1,1155483.167539854,1883867.660503274,41.837132671,-87.704967115,"(41.837132671422296, -87.70496711478727)"
WESTERN AND ADDISON,1562,3600 N WESTERN AVENUE,06/12/2015,8,1159695.573342728,1923871.086283556,41.94681992,-87.688406662,"(41.94681991986288, -87.68840666206194)"
4700 WESTERN,2142,4700 S WESTERN AVENUE,06/12/2015,1,1161120.438879703,1873431.066474726,41.808378408,-87.684570717,"(41.808378407946726, -87.68457071689552)"
CENTRAL AND FULLERTON,1444,5600 W FULLERTON AVENU,06/12/2015,1,1138627.279189421,1915438.969256439,41.924090199,-87.76605353,"(41.92409019883488, -87.76605353016079)"
FOSTER AND BROADWAY,1113,1200 W FOSTER AVE,06/12/2015,4,1167357.095930752,1934721.393266777,41.97643192,-87.659931806,"(41.97643192018459, -87.65993180604016)"
KEDZIE AND 26TH,2382,2600 S KEDZIE AVENUE,01/30/2017,1,1155404.235510285,1886524.460033054,41.844424831,-87.705185452,"(41.84442483084393, -87.70518545233183)"
HALSTED AND FULLERTON,1701,2400 N HALSTED STREET,06/12/2015,3,1170501.602639925,1916200.061550148,41.925540315,-87.648912156,"(41.925540315431995, -87.64891215551155)"
AUSTIN AND ADDISON,1491,3600 N AUSTIN AVENUE,06/12/2015,2,1135691.599896458,1923335.967306169,41.945813215,-87.776652162,"(41.9458132146695, -87.77665216156436)"
BROADWAY/SHERIDAN AND DEVON,1122,6400 N SHERIDAN ROAD,06/10/2015,11,1167087.151194129,1942658.704988689,41.998217921,-87.660695256,"(41.99821792053241, -87.6606952555721)"
WESTERN AND CERMAK,1002,2200 S WESTERN AVENUE,06/12/2015,4,1160669.42562757,1889318.196820393,41.85198384,-87.685785704,"(41.85198383957328, -87.68578570420526)"
WESTERN AND MARQUETTE,2672,6700 S WESTERN AVENUE,06/12/2015,4,1161488.747635042,1860134.788366884,41.771884028,-87.683588402,"(41.77188402771193, -87.68358840206334)"
99TH AND HALSTED,,800 W 99TH ST,06/08/2015,1,1172710.642565684,1839246.330602143,41.714323337,-87.643066714,"(41.71432333701137, -87.64306671421937)"
BROADWAY/SHERIDAN AND DEVON,1123,1200 W DEVON AVE,06/12/2015,3,1167109.644248166,1942688.147952186,41.998298228,-87.660611661,"(41.99829822771884, -87.66061166063517)"
WESTERN AND TOUHY,1252,7200 N WESTERN AVENUE,01/30/2017,1,1158975.66256211,1947754.286963361,42.012371335,-87.690393917,"(42.012371334791766, -87.69039391737863)"
MILWAUKEE AND DEVON,1274,6400 W DEVON AVENUE,06/12/2015,5,1132590.619798275,1942138.532048656,41.997463981,-87.787610243,"(41.99746398102873, -87.78761024341388)"
CALIFORNIA AND PETERSON,1311,6000 N CALIFORNIA AVE,06/12/2015,1,1156545.742699118,1939775.775541795,41.990527717,-87.699552084,"(41.990527717148176, -87.69955208405155)"
ELSTON AND LAWRENCE,1284,4440 W LAWRENCE AVENUE,06/12/2015,7,1145715.061027481,1931571.0474838,41.968226398,-87.739599251,"(41.96822639754791, -87.73959925065756)"
KEDZIE AND 47TH,2104,3200 W 47TH ST,06/12/2015,1,1155815.231505056,1873336.169728074,41.808226246,-87.704031672,"(41.808226246244026, -87.70403167215984)"
FOSTER AND NAGLE,1031,5200 N NAGLE,06/12/2015,4,1132529.656558223,1934201.702060651,41.97568567,-87.788020406,"(41.97568566971868, -87.78802040620296)"
CALIFORNIA AND PETERSON,1313,2800 W PETERSON AVENUE,06/12/2015,2,1156569.515341857,1939784.830544118,41.990552082,-87.699464396,"(41.990552081681564, -87.69946439622785)"
99TH AND HALSTED,2433,800 W 99TH ST,01/30/2017,9,1172710.642565684,1839246.330602143,41.714323337,-87.643066714,"(41.71432333701137, -87.64306671421937)"
ASHLAND AND 87TH,2454,1600 W 87TH ST,01/30/2017,5,1167171.941297436,1847064.855345151,41.735898617,-87.663128781,"(41.735898617066006, -87.66312878090133)"
IRVING PARK AND KILPATRICK,2763,4700 W IRVING PARK ROA,06/12/2015,6,,,,,
SHERIDAN AND FOSTER,1132,5200 N SHERIDAN ROAD,06/12/2015,2,1168661.623718229,1934753.842272756,41.976492721,-87.655133605,"(41.97649272077833, -87.65513360456677)"
LAFAYETTE AND 87TH,2503,30 W 87TH STREET,06/10/2015,24,1177407.651800237,1847320.772058312,41.736376037,-87.625621311,"(41.736376036604916, -87.62562131092602)"
ADDISON AND HARLEM,1591,3600 N HARLEM AVENUE,06/12/2015,3,1127394.594070737,1923110.532422811,41.945338412,-87.807154769,"(41.94533841246591, -87.80715476912044)"
CENTRAL AND BELMONT,1602,3200 N CENTRAL AVENUE,06/12/2015,2,1138430.432324593,1920731.654410336,41.938617463,-87.766648297,"(41.938617463272884, -87.76664829683827)"
CENTRAL AND LAKE,1743,5600 W LAKE STREET,06/12/2015,5,1138951.495695032,1902230.510465733,41.887838735,-87.765183663,"(41.887838735330206, -87.76518366338465)"
ASHLAND AND 95TH,2472,9500 S ASHLAND AVENUE,06/13/2015,8,1167295.830128711,1841695.121217916,41.721160612,-87.662828139,"(41.72116061205213, -87.66282813939165)"
CICERO AND ADDISON,1611,3600 N CICERO AVENUE,06/13/2015,4,1143698.904601495,1923517.005821035,41.946163524,-87.747215169,"(41.94616352362556, -87.74721516897007)"
CICERO AND HARRISON,2022,600 S CICERO AVENUE,06/13/2015,6,1144444.97442848,1896894.622216872,41.873094833,-87.745143869,"(41.873094832519136, -87.74514386884542)"
MILWAUKEE AND MONTROSE,1364,5075 W MONTROSE AVENUE,06/13/2015,3,1141716.746618898,1928736.076639057,41.960522088,-87.754371424,"(41.96052208819935, -87.75437142402293)"
FULLERTON AND NARRAGANSETT,1554,6400 W FULLERTON AVENU,01/30/2017,1,1133317.594499059,1915293.661305931,41.923786189,-87.785567206,"(41.92378618871128, -87.78556720562165)"
HAMLIN AND MADISON,1901,0 N HAMLIN BOULEVARD,06/13/2015,5,,,,,
PULASKI AND NORTH,1992,1600 N PULASKI AVENUE,06/13/2015,2,1149432.959240306,1910369.112502195,41.90997501,-87.726480523,"(41.909975010236906, -87.72648052306623)"
KOSTNER AND NORTH,2012,4400 W GRAND AVE,06/13/2015,7,1146773.519128439,1910425.663958581,41.91018141,-87.73624887,"(41.910181409597406, -87.73624887040725)"
ASHLAND AND MADISON,1914,1600 W MADISON,06/13/2015,5,1165723.014733182,1900136.515489506,41.881564167,-87.666929463,"(41.8815641670199, -87.66692946294842)"
ASHLAND AND FULLERTON,1652,2400 N ASHLAND AVENUE,06/13/2015,18,1165228.073342838,1916032.319169157,41.92519389,-87.668294363,"(41.92519388981048, -87.66829436339881)"
WESTERN AND ADDISON,1562,3600 N WESTERN AVENUE,06/13/2015,11,1159695.573342728,1923871.086283556,41.94681992,-87.688406662,"(41.94681991986288, -87.68840666206194)"
LARAMIE AND FULLERTON,1421,2400 N LARAMIE AVENUE,06/13/2015,2,1141282.877477884,1915479.163971956,41.924151874,-87.756294662,"(41.92415187425276, -87.75629466175003)"
CERMAK AND PULASKI,2334,4000 W CERMAK,06/13/2015,3,1150018.476053666,1889120.238540361,41.851654369,-87.724882975,"(41.85165436867626, -87.7248829753078)"
IRVING PARK AND NARRAGANSETT,1023,6400 W IRVING PK,06/13/2015,3,1132945.939118726,1925946.304925137,41.953024751,-87.786683238,"(41.95302475075328, -87.78668323766634)"
HALSTED AND MADISON,1871,1 S HALSTED STREET,06/13/2015,11,1171092.392868784,1900234.542088741,41.881717056,-87.647210539,"(41.88171705561901, -87.64721053920604)"
MONTROSE AND WESTERN,1221,4400 N WESTERN AVENUE,06/13/2015,6,1159539.733234718,1929183.918095502,41.961401846,-87.688832623,"(41.961401846278505, -87.6888326227788)"
