PERSHING AND WESTERN,2112,3900 S WESTERN BLVD,02/01/2017,5,1161130.992078755,1878746.226354636,41.822963628,-87.684384785,"(41.82296362788048, -87.68438478541296)"
PULASKI AND DIVISION,1802,1200 N PULASKI ROAD,02/01/2017,5,1149459.590666926,1907723.219884254,41.902713902,-87.726451457,"(41.902713901936174, -87.72645145715836)"
HOMAN/KIMBALL AND NORTH,1771,1600 N HOMAN AVENUE,02/01/2017,3,,,,,
CALIFORNIA AND PETERSON,1313,2800 W PETERSON AVENUE,02/01/2017,1,1156569.515341857,1939784.830544118,41.990552082,-87.699464396,"(41.990552081681564, -87.69946439622785)"
CICERO AND 47TH,2204,4800 W 47TH ST,07/05/2015,1,1145130.048925744,1873078.44198302,41.807727017,-87.743229366,"(41.80772701677172, -87.74322936566276)"
75TH AND STATE,2624,1 E 75TH STREET,07/05/2015,10,1177601.72646404,1855229.486604181,41.758074111,-87.624671658,"(41.75807411097799, -87.62467165835182)"
CICERO AND FULLERTON,1472,2400 N CICERO AVE,07/05/2015,9,1143961.592189569,1915545.343094087,41.92428359,-87.74645019,"(41.92428358982701, -87.74645019028947)"
WESTERN AND NORTH,1851,1600 N WESTERN AVE,07/05/2015,3,1160077.474351131,1910605.013316134,41.910409024,-87.687370268,"(41.91040902362901, -87.687370268401)"
WESTERN AND ADDISON,1562,3600 N WESTERN AVENUE,07/05/2015,10,1159695.573342728,1923871.086283556,41.94681992,-87.688406662,"(41.94681991986288, -87.68840666206194)"
DIVERSEY AND WESTERN,1434,2400 W DIVERSEY AVENUE,07/05/2015,1,1159859.648423836,1918576.255784305,41.932287183,-87.687950093,"(41.93228718299094, -87.6879500934122)"
KOSTNER AND NORTH,2012,4400 W GRAND AVE,07/05/2015,7,1146773.519128439,1910425.663958581,41.91018141,-87.73624887,"(41.910181409597406, -87.73624887040725)"
PULASKI AND CHICAGO,1983,4000 W CHICAGO AVENUE,07/05/2015,4,1149561.855939692,1905086.596446259,41.895476752,-87.72614436,"(41.89547675163723, -87.72614435991626)"
PERSHING AND WESTERN,2114,2400 W PERSHING ROAD,02/01/2017,2,1160957.773623189,1878793.434193427,41.82309676,-87.685018951,"(41.82309676016606, -87.68501895061576)"
KEDZIE AND 71ST,2352,7100 S KEDZIE AVENUE,07/05/2015,8,1156225.540366296,1857330.103443232,41.764295037,-87.702957162,"(41.764295036756856, -87.70295716211793)"
SHERIDAN AND FOSTER,1132,5200 N SHERIDAN ROAD,07/05/2015,2,1168661.623718229,1934753.842272756,41.976492721,-87.655133605,"(41.97649272077833, -87.65513360456677)"
ASHLAND AND DIVISION,1791,1200 N ASHLAND AVENUE,07/05/2015,6,1165466.997046718,1908083.767015974,41.903377468,-87.667643142,"(41.903377467566784, -87.66764314227497)"
VAN BUREN AND WESTERN,2052,400 S WESTERN AVENUE,07/05/2015,44,1160431.682297829,1898091.942371589,41.876064776,-87.686415631,"(41.87606477642526, -87.68641563098768)"
CICERO AND ADDISON,1611,3600 N CICERO AVENUE,07/05/2015,6,1143698.904601495,1923517.005821035,41.946163524,-87.747215169,"(41.94616352362556, -87.74721516897007)"
CICERO AND ARMITAGE,2001,2000 N CICERO AVENUE,07/05/2015,2,1144031.525719004,1912881.8300295,41.916973325,-87.746260223,"(41.91697332451097, -87.74626022251057)"
HALSTED AND NORTH,1764,800 W NORTH AVENUE,07/05/2015,4,1170700.68422007,1910913.190749698,41.91102851,-87.648335806,"(41.91102850981186, -87.64833580602037)"
OGDEN AND KOSTNER,2222,2348 S KOSTNER AVENUE,07/05/2015,2,1147394.548182079,1887795.177782082,41.848068845,-87.734547457,"(41.8480688449598, -87.73454745748458)"
PULASKI AND ARMITAGE,1843,4000 W ARMITAGE AVENUE,07/05/2015,2,1149375.428872108,1913028.984273181,41.917275069,-87.726622746,"(41.91727506940875, -87.72662274644799)"
COLUMBUS AND ILLINOIS,1951,500 N COLUMBUS DRIVE,07/06/2015,12,1178372.808407292,1903693.06016042,41.891044569,-87.620371839,"(41.891044569124276, -87.620371839074)"
HALSTED AND 103RD,2592,10300 S HALSTED STREE,07/06/2015,3,,,,,
PERSHING AND WESTERN,2112,3900 S WESTERN BLVD,07/06/2015,5,1161130.992078755,1878746.226354636,41.822963628,-87.684384785,"(41.82296362788048, -87.68438478541296)"
CICERO AND ARMITAGE,2001,2000 N CICERO AVENUE,07/06/2015,3,1144031.525719004,1912881.8300295,41.916973325,-87.746260223,"(41.91697332451097, -87.74626022251057)"
ELSTON AND ADDISON,1403,3216 W ADDISON ST,07/06/2015,5,1154199.729816868,1923799.345386665,41.946734755,-87.708609774,"(41.946734754927796, -87.7086097735515)"
CENTRAL AND FULLERTON,1444,5600 W FULLERTON AVENU,07/06/2015,4,1138627.279189421,1915438.969256439,41.924090199,-87.76605353,"(41.92409019883488, -87.76605353016079)"
HALSTED AND 103RD,2593,800 W 103RD STREET,07/06/2015,1,1172778.570616036,1836587.755252818,41.70702632,-87.642896007,"(41.707026319812215, -87.64289600741817)"
IRVING PARK AND LARAMIE,1534,5200 W IRVING PARK ROA,07/06/2015,8,,,,,
WESTERN AND TOUHY,1252,7200 N WESTERN AVENUE,07/06/2015,2,1158975.66256211,1947754.286963361,42.012371335,-87.690393917,"(42.012371334791766, -87.69039391737863)"
ASHLAND AND DIVISION,1791,1200 N ASHLAND AVENUE,07/06/2015,11,1165466.997046718,1908083.767015974,41.903377468,-87.667643142,"(41.903377467566784, -87.66764314227497)"
WESTERN AND CHICAGO,1943,2400 W CHICAGO AVE,07/06/2015,4,1160226.686812944,1905300.904544474,41.895851041,-87.686968935,"(41.895851041123755, -87.68696893468467)"
KIMBALL AND DIVERSEY,1583,3400 W DIVERSEY AVENUE,02/01/2017,1,1153211.149172713,1918454.477800566,41.932087747,-87.71238583,"(41.932087747378944, -87.71238582951281)"
WESTERN AND ADDISON,1563,2400 W ADDISON,07/06/2015,7,1159719.041544334,1923878.577275797,41.946839991,-87.688320193,"(41.9468399910054, -87.68832019252964)"
JEFFERY AND 95TH,2523,2000 E 95TH ST,07/06/2015,1,1191188.381103057,1842410.411853539,41.722579473,-87.575292523,"(41.722579473126416, -87.57529252250366)"
KEDZIE AND 71ST,2352,7100 S KEDZIE AVENUE,07/06/2015,2,1156225.540366296,1857330.103443232,41.764295037,-87.702957162,"(41.764295036756856, -87.70295716211793)"
CICERO AND HARRISON,2023,4800 W HARRISON STREET,07/06/2015,2,1144451.867388303,1896949.561959463,41.873245464,-87.745117179,"(41.873245464379586, -87.7451171788807)"
115TH AND HALSTED,2553,800 W 115TH STREET,07/06/2015,1,1173010.735357888,1828632.242070332,41.685190056,-87.642279564,"(41.68519005571938, -87.64227956401977)"
WESTERN AND ADDISON,1562,3600 N WESTERN AVENUE,07/06/2015,5,1159695.573342728,1923871.086283556,41.94681992,-87.688406662,"(41.94681991986288, -87.68840666206194)"
WESTERN AND TOUHY,1251,7200 N WESTERN AVENUE,07/06/2015,2,1158975.66256211,1947754.286963361,42.012371335,-87.690393917,"(42.012371334791766, -87.69039391737863)"
PULASKI AND FOSTER,1102,5200 N PULASKI RD,07/06/2015,5,1148746.251286324,1934286.914361976,41.97562074,-87.728383135,"(41.97562073966174, -87.72838313514907)"
KIMBALL AND DIVERSEY,1583,3400 W DIVERSEY AVENUE,07/06/2015,2,1153211.149172713,1918454.477800566,41.932087747,-87.71238583,"(41.932087747378944, -87.71238582951281)"
BROADWAY/SHERIDAN AND DEVON,1123,1200 W DEVON AVE,07/06/2015,6,1167109.644248166,1942688.147952186,41.998298228,-87.660611661,"(41.99829822771884, -87.66061166063517)"
CHICAGO AND CLARK,1964,100 W CHICAGO AVENUE,04/19/2017,6,1175374.528739575,1905745.47783364,41.896744347,-87.631321248,"(41.896744346875806, -87.63132124815151)"
LAFAYETTE AND 87TH,2502,8700 S LAFAYETTE AVEN,07/06/2015,16,1177417.493180297,1847243.988223464,41.73616511,-87.625587569,"(41.73616511008592, -87.62558756899932)"
63RD AND STATE,2714,1 E 63RD ST,07/06/2015,8,1177367.518733101,1863199.17768559,41.779949105,-87.625289553,"(41.779949104569106, -87.62528955333775)"
ROOSEVELT AND PULASKI,2311,1200 S PULASKI ROAD,07/06/2015,6,1149866.002247864,1894375.839200384,41.866079337,-87.725305995,"(41.86607933722178, -87.7253059948758)"
HALSTED AND 95TH,2581,9500 S HALSTED STREET,07/06/2015,3,1172610.538363645,1841811.61926207,41.721365061,-87.643358042,"(41.72136506078306, -87.64335804234075)"
MILWAUKEE AND MONTROSE,1364,5075 W MONTROSE AVENUE,07/06/2015,1,1141716.746618898,1928736.076639057,41.960522088,-87.754371424,"(41.96052208819935, -87.75437142402293)"
DIVERSEY AND WESTERN,1434,2400 W DIVERSEY AVENUE,07/06/2015,1,1159859.648423836,1918576.255784305,41.932287183,-87.687950093,"(41.93228718299094, -87.6879500934122)"
MILWAUKEE AND DEVON,1274,6400 W DEVON AVENUE,07/06/2015,4,1132590.619798275,1942138.532048656,41.997463981,-87.787610243,"(41.99746398102873, -87.78761024341388)"
HALSTED AND 95TH,2582,9500 S HALSTED STREET,07/06/2015,2,1172610.538363645,1841811.61926207,41.721365061,-87.643358042,"(41.72136506078306, -87.64335804234075)"
71ST AND ASHLAND,2394,1600 W 71ST,07/06/2015,3,1166890.012333149,1857674.2502247,41.765018306,-87.66385923,"(41.76501830555763, -87.66385923012646)"
IRVING PARK AND KEDZIE,1354,3200 W IRVING PARK ROAD,07/06/2015,7,1154325.140302006,1926458.463197156,41.954029047,-87.708077494,"(41.95402904691877, -87.70807749383191)"
HALSTED AND MADISON,1872,1 N HALSTED STREET,07/06/2015,2,1171090.967986833,1900270.454015136,41.881815632,-87.647214717,"(41.88181563164203, -87.64721471704077)"
WESTERN AND 79TH,2484,2400 W 79TH ST,07/06/2015,1,1161758.68085177,1852242.255513454,41.750220168,-87.682817693,"(41.75022016799851, -87.68281769253687)"
79TH AND HALSTED,2541,7900 S HALSTED STREET,07/06/2015,4,1172298.707400847,1852444.344822186,41.750549559,-87.644188368,"(41.750549559438944, -87.64418836784098)"
HOLLYWOOD AND SHERIDAN,1343,1000 W HOLLYWOOD AVE,07/06/2015,4,1168580.228926466,1938090.295189338,41.985649799,-87.655335807,"(41.98564979859328, -87.65533580655139)"
VAN BUREN AND WESTERN,2054,2400 W VAN BUREN STREE,07/06/2015,6,,,,,
CENTRAL AND ADDISON,1683,5600 W ADDISON STREET,02/01/2017,1,1138349.663302502,1923416.02157061,41.945985104,-87.766879952,"(41.94598510430888, -87.76687995165918)"
CENTRAL AND ADDISON,1683,5600 W ADDISON STREET,07/06/2015,1,1138349.663302502,1923416.02157061,41.945985104,-87.766879952,"(41.94598510430888, -87.76687995165918)"
ASHLAND AND LAWRENCE,1142,4800 N ASHLAND AVENUE,07/06/2015,4,1164751.686785145,1932001.206626392,41.96902343,-87.669590434,"(41.969023429614026, -87.66959043354217)"
31ST ST AND MARTIN LUTHER KING DRIVE,2121,3100 S DR MARTIN L KING,07/06/2015,7,,,,,
KEDZIE AND 31ST,2132,3100 S KEDZIE AVENUE,07/06/2015,1,1155483.167539854,1883867.660503274,41.837132671,-87.704967115,"(41.837132671422296, -87.70496711478727)"
31ST ST AND MARTIN LUTHER KING DRIVE,2123,400 E 31ST STREET,07/06/2015,3,1179437.985396417,1884565.84226022,41.838534018,-87.617046113,"(41.838534018118914, -87.61704611345726)"
CORTLAND AND ASHLAND,1723,1600 W CORTLAND ST,07/06/2015,3,1165377.660768235,1912768.773647285,41.916235337,-87.667837772,"(41.91623533746878, -87.66783777212962)"
WESTERN AND FOSTER,1074,2400 W FOSTER AVE,07/06/2015,3,1159379.402846887,1934502.712486132,41.97600019,-87.689275084,"(41.97600018976586, -87.68927508385399)"
71ST AND ASHLAND,2391,7100 S ASHLAND,07/06/2015,1,1166868.379865725,1857616.168087255,41.764859382,-87.663940176,"(41.764859382425385, -87.66394017630476)"
PULASKI AND FOSTER,1104,4000 W FOSTER AVE,07/06/2015,2,1148759.16134887,1934294.249006446,41.975640616,-87.728335469,"(41.975640616231914, -87.72833546926573)"
MADISON AND WESTERN,1931,1 S WESTERN AVE,07/06/2015,7,1160453.827721979,1899933.703473746,41.881118279,-87.686283339,"(41.881118278833966, -87.686283338873)"
MONTROSE AND WESTERN,1224,2400 W MONTROSE AVENUE,07/06/2015,1,1159562.971802959,1929191.337701253,41.961421726,-87.68874698,"(41.961421726406314, -87.68874697983858)"
BROADWAY/SHERIDAN AND DEVON,1123,1200 W DEVON AVE,02/01/2017,8,1167109.644248166,1942688.147952186,41.998298228,-87.660611661,"(41.99829822771884, -87.66061166063517)"
WESTERN AND FULLERTON,1671,2400 N WESTERN AVENUE,07/06/2015,9,1159923.309342995,1915897.778561358,41.924935944,-87.687790255,"(41.92493594409127, -87.68779025471278)"
ASHLAND AND IRVING PARK,1151,4000 N ASHLAND AVENUE,07/06/2015,2,1164899.463802581,1926665.661118925,41.954379326,-87.66919912,"(41.954379326212695, -87.66919911980419)"
HALSTED AND FULLERTON,1704,800 W FULLERTON AVENUE,07/06/2015,6,1170525.624723311,1916208.443992778,41.925562791,-87.648823641,"(41.92556279107417, -87.64882364145232)"
ASHLAND AND 95TH,2473,1600 W 95TH STREET,07/06/2015,7,1167323.753394196,1841755.029221382,41.721324412,-87.662724153,"(41.721324411975246, -87.66272415265087)"
ELSTON AND LAWRENCE,1284,4440 W LAWRENCE AVENUE,07/06/2015,12,1145715.061027481,1931571.0474838,41.968226398,-87.739599251,"(41.96822639754791, -87.73959925065756)"
COLUMBUS AND ILLINOIS,1952,500 N COLUMBUS DRIVE,07/06/2015,14,1178372.808407292,1903693.06016042,41.891044569,-87.620371839,"(41.891044569124276, -87.620371839074)"
FOSTER AND NAGLE,1031,5200 N NAGLE,07/06/2015,3,1132529.656558223,1934201.702060651,41.97568567,-87.788020406,"(41.97568566971868, -87.78802040620296)"
DAMEN AND 63RD,2702,6300 S DAMEN AVENUE,07/06/2015,3,1164069.407943298,1862830.277442834,41.779226921,-87.674052731,"(41.77922692069256, -87.67405273137854)"
IRVING PARK AND NARRAGANSETT,1024,6400 W IRVING PK,07/06/2015,2,1132945.939118726,1925946.304925137,41.953024751,-87.786683238,"(41.95302475075328, -87.78668323766634)"
FOSTER AND BROADWAY,1111,5200 N BROADWAY ST,07/06/2015,4,1167334.508577915,1934714.008346532,41.976412143,-87.660015082,"(41.97641214294823, -87.66001508205365)"
KEDZIE AND ARMITAGE,1834,3200 W ARMITAGE AVENUE,07/06/2015,3,1154700.851347995,1913153.252187904,41.917511023,-87.707053639,"(41.91751102291878, -87.7070536388797)"
FOSTER AND NAGLE,1034,6400 W FOSTER,07/06/2015,1,1132552.893142153,1934229.875527466,41.975762574,-87.787934296,"(41.97576257447203, -87.7879342955108)"
WENTWORTH AND GARFIELD,2261,5500 S WENTWORTH AVEN,07/06/2015,17,,,,,
PULASKI AND ARCHER,2154,5000 S ARCHER AVE,07/06/2015,3,1150501.818909837,1871162.311703322,41.802365973,-87.723576766,"(41.80236597333895, -87.72357676611004)"
55TH AND WESTERN,2213,2400 W 55TH STREET,07/06/2015,6,1161277.012730599,1868185.749490228,41.793981347,-87.684141741,"(41.7939813465735, -87.68414174128355)"
63RD AND STATE,2712,6300 S STATE ST,07/06/2015,5,1177303.801895084,1863220.216755923,41.780008277,-87.625522512,"(41.78000827740796, -87.6255225119157)"
CENTRAL AND CHICAGO,1973,5600 W CHICAGO AVENUE,07/06/2015,3,1138858.856732452,1904825.827586656,41.894962293,-87.765460791,"(41.89496229349977, -87.76546079122906)"
HALSTED AND FULLERTON,1701,2400 N HALSTED STREET,07/06/2015,2,1170501.602639925,1916200.061550148,41.925540315,-87.648912156,"(41.925540315431995, -87.64891215551155)"
AUSTIN AND IRVING PARK,1161,4000 N AUSTIN AVENUE,07/06/2015,3,1135599.956110927,1926006.862619986,41.953144059,-87.776925284,"(41.95314405904539, -87.77692528423394)"
HALSTED AND 95TH,2582,9500 S HALSTED STREET,02/01/2017,2,1172610.538363645,1841811.61926207,41.721365061,-87.643358042,"(41.72136506078306, -87.64335804234075)"
PULASKI AND DIVISION,1802,1200 N PULASKI ROAD,07/06/2015,2,1149459.590666926,1907723.219884254,41.902713902,-87.726451457,"(41.902713901936174, -87.72645145715836)"
IRVING PARK AND CALIFORNIA,1234,2800 W IRVING PARK ROA,07/06/2015,17,,,,,
PULASKI AND DIVERSEY,1542,2800 N PULASKI ROAD,07/06/2015,4,1149200.724531183,1918332.222549679,41.931831026,-87.727126873,"(41.93183102561505, -87.72712687300454)"
HAMLIN AND MADISON,1901,0 N HAMLIN BOULEVARD,07/06/2015,4,,,,,
CENTRAL AND CHICAGO,1972,800 N CENTRAL AVENUE,07/06/2015,7,1138836.562608552,1904801.732832435,41.894896579,-87.765543258,"(41.89489657939746, -87.76554325845893)"
CALIFORNIA AND DIVERSEY,1513,2800 W DIVERSEY,07/06/2015,3,1157212.54253358,1918526.674434943,41.932205395,-87.697679244,"(41.93220539506452, -87.6976792438691)"
AUSTIN AND ADDISON,1491,3600 N AUSTIN AVENUE,07/06/2015,6,1135691.599896458,1923335.967306169,41.945813215,-87.776652162,"(41.9458132146695, -87.77665216156436)"
KEDZIE AND ARMITAGE,1834,3200 W ARMITAGE AVENUE,02/01/2017,2,1154700.851347995,1913153.252187904,41.917511023,-87.707053639,"(41.91751102291878, -87.7070536388797)"
CICERO AND FULLERTON,1472,2400 N CICERO AVE,07/06/2015,5,1143961.592189569,1915545.343094087,41.92428359,-87.74645019,"(41.92428358982701, -87.74645019028947)"
ASHLAND AND LAWRENCE,1143,1600 W LAWRENCE AVENUE,07/06/2015,2,1164771.946929007,1931988.254061312,41.968987457,-87.669516307,"(41.96898745654617, -87.66951630654926)"
55TH AND WESTERN,2212,5500 S WESTERN AVE,07/06/2015,8,1161269.521335262,1867963.111601251,41.793370554,-87.684175377,"(41.79337055433029, -87.6841753767592)"
CICERO AND 47TH,2202,4700 S CICERO AVE,07/06/2015,2,1145112.150373471,1873006.659918126,41.807530373,-87.743296821,"(41.80753037289406, -87.7432968212423)"
WESTERN AND CERMAK,1003,2400 W CERMAK ROAD,07/06/2015,1,1160678.000607329,1889375.645335924,41.852141307,-87.685752642,"(41.85214130680468, -87.6857526415569)"
OGDEN AND KOSTNER,2223,4400 W OGDEN AVENUE,07/06/2015,2,1147406.592439224,1887689.099869462,41.847777523,-87.734505969,"(41.84777752280453, -87.73450596874825)"
LAKE SHORE DR AND BELMONT,1412,3200 N LAKESHORE DRIV,07/06/2015,7,1173053.220555078,1921821.380831705,41.940909163,-87.63936916,"(41.94090916326764, -87.63936915995522)"
SACRAMENTO AND CHICAGO,1814,3000 W CHICAGO AVENUE,07/06/2015,3,1156075.266375505,1905216.604770718,41.895704525,-87.702218524,"(41.895704524946225, -87.70221852353758)"
WESTERN AND CERMAK,1003,2400 W CERMAK ROAD,02/01/2017,1,1160678.000607329,1889375.645335924,41.852141307,-87.685752642,"(41.85214130680468, -87.6857526415569)"
KOSTNER AND NORTH,2012,4400 W GRAND AVE,07/06/2015,6,1146773.519128439,1910425.663958581,41.91018141,-87.73624887,"(41.910181409597406, -87.73624887040725)"
ROOSEVELT AND KOSTNER,2323,4400 W ROOSEVELT,07/06/2015,7,1147200.963258796,1894379.538078088,41.866140868,-87.73508956,"(41.866140867641654, -87.73508956008207)"
111TH AND HALSTED,2424,800 W 111TH ST,07/06/2015,2,1172945.404219168,1831282.917027882,41.692465363,-87.642440901,"(41.692465363421874, -87.64244090105778)"
ROOSEVELT AND HALSTED,2233,800 W ROOSEVELT ROAD,02/01/2017,6,1171199.282357741,1894968.056393724,41.867263098,-87.646972686,"(41.86726309836901, -87.64697268601648)"
FOSTER AND BROADWAY,1113,1200 W FOSTER AVE,07/06/2015,3,1167357.095930752,1934721.393266777,41.97643192,-87.659931806,"(41.97643192018459, -87.65993180604016)"
CICERO AND NORTH,2033,4800 W NORTH AVENUE,07/06/2015,3,1144053.733747163,1910243.80567041,41.90973389,-87.746244973,"(41.909733890131285, -87.74624497295898)"
KEDZIE AND 47TH,2104,3200 W 47TH ST,02/01/2017,1,1155815.231505056,1873336.169728074,41.808226246,-87.704031672,"(41.808226246244026, -87.70403167215984)"
DAMEN AND DIVERSEY,1462,2800 N DAMEN AVENUE,07/06/2015,1,1162490.04851994,1918611.623717091,41.932329494,-87.678282719,"(41.9323294940985, -87.67828271931386)"
CICERO AND WASHINGTON,1891,100 N CICERO AVENUE,07/06/2015,21,1144328.984091479,1900095.170838459,41.88187971,-87.745489247,"(41.88187970991601, -87.7454892473012)"
STONY ISLAND/CORNELL AND 67TH,2731,6700 S CORNELL DRIVE,07/06/2015,7,1188316.454860734,1860851.137456735,41.77325149,-87.5852246,"(41.77325148959568, -87.58522459967712)"
WESTERN AND CHICAGO,1941,800 N WESTERN AVE,07/06/2015,4,1160220.967978608,1905277.507115921,41.895786955,-87.686990586,"(41.89578695485361, -87.68699058611217)"
PULASKI AND PETERSON,1263,4000 W PETERSON AVENUE,07/06/2015,8,1148618.560490339,1939615.133928395,41.990244186,-87.728714391,"(41.99024418564742, -87.7287143910091)"
ASHLAND AND IRVING PARK,1153,1600 W IRVING PARK ROA,07/06/2015,3,,,,,
PERSHING AND WESTERN,2114,2400 W PERSHING ROAD,07/06/2015,6,1160957.773623189,1878793.434193427,41.82309676,-87.685018951,"(41.82309676016606, -87.68501895061576)"
ELSTON AND IRVING PARK,1502,4000 N ELSTON AVENUE,07/06/2015,1,1151273.974828198,1926311.849469842,41.953687266,-87.719297882,"(41.95368726563273, -87.71929788151473)"
87TH AND VINCENNES,2412,8700 S VINCENNES,07/06/2015,6,1172026.328989535,1847142.496643776,41.736006565,-87.645341819,"(41.73600656458518, -87.64534181897955)"
35TH AND WESTERN,2092,3500 S WESTERN,07/06/2015,1,1160894.949857101,1881376.851112895,41.830187255,-87.685177925,"(41.83018725526863, -87.68517792510231)"
VAN BUREN AND WESTERN,2052,400 S WESTERN AVENUE,02/01/2017,28,1160431.682297829,1898091.942371589,41.876064776,-87.686415631,"(41.87606477642526, -87.68641563098768)"
CLARK AND IRVING PARK,1091,4000 N CLARK STREET,07/06/2015,4,1166736.149822904,1926699.323624709,41.954432441,-87.662446259,"(41.95443244141688, -87.66244625914061)"
CALIFORNIA AND DIVERSEY,1514,2800 W DIVERSEY,07/06/2015,14,1157212.54253358,1918526.674434943,41.932205395,-87.697679244,"(41.93220539506452, -87.6976792438691)"
PULASKI AND IRVING PARK,1572,4000 N PULASKI ROAD,07/06/2015,8,1148970.255325552,1926313.600468643,41.953737051,-87.727766612,"(41.95373705144353, -87.72776661179896)"
CICERO AND FULLERTON,1474,4800 W FULLERTON AVE,07/06/2015,4,1143967.570794243,1915568.504954477,41.924347036,-87.74642764,"(41.924347036010694, -87.74642763965628)"
CICERO AND HARRISON,2022,600 S CICERO AVENUE,07/06/2015,4,1144444.97442848,1896894.622216872,41.873094833,-87.745143869,"(41.873094832519136, -87.74514386884542)"
HALSTED AND NORTH,1764,800 W NORTH AVENUE,07/06/2015,2,1170700.68422007,1910913.190749698,41.91102851,-87.648335806,"(41.91102850981186, -87.64833580602037)"
ASHLAND AND FULLERTON,1652,2400 N ASHLAND AVENUE,07/06/2015,7,1165228.073342838,1916032.319169157,41.92519389,-87.668294363,"(41.92519388981048, -87.66829436339881)"
KOSTNER AND NORTH,2013,4400 W NORTH,07/06/2015,8,1146738.551618032,1910309.595368032,41.909863573,-87.736380296,"(41.90986357340246, -87.73638029605371)"
CHICAGO AND CLARK,1963,100 W CHICAGO AVENUE,07/06/2015,9,1175374.528739575,1905745.47783364,41.896744347,-87.631321248,"(41.896744346875806, -87.63132124815151)"
CICERO AND WASHINGTON,1892,100 N CICERO AVENUE,07/06/2015,3,1144328.984091479,1900095.170838459,41.88187971,-87.745489247,"(41.88187970991601, -87.7454892473012)"
111TH AND HALSTED,2422,11100 S HALSTED ST,07/06/2015,5,1172923.657689312,1831209.044179248,41.692263123,-87.642522688,"(41.692263123425136, -87.6425226876268)"
55TH and PULASKI,2244,4000 W 55TH ST,07/06/2015,2,1150621.676903861,1867864.274865394,41.793313334,-87.723223038,"(41.79331333358753, -87.72322303812588)"
CICERO AND DIVERSEY,1694,4800 W DIVERSEY AVENUE,07/06/2015,2,1143869.848167704,1918226.043989398,41.93164142,-87.746719911,"(41.93164142040689, -87.7467199106462)"
ELSTON AND LAWRENCE,1282,4800 N ELSTON AVENUE,07/06/2015,3,1145529.344259918,1931501.601268983,41.968039361,-87.740283894,"(41.96803936143674, -87.74028389448999)"
119TH AND HALSTED,2402,11900 S HALSTED,07/06/2015,10,1173094.774616191,1825911.054609338,41.677720829,-87.642051845,"(41.67772082924762, -87.64205184498218)"
BROADWAY/SHERIDAN AND DEVON,1122,6400 N SHERIDAN ROAD,07/06/2015,9,1167087.151194129,1942658.704988689,41.998217921,-87.660695256,"(41.99821792053241, -87.6606952555721)"
KEDZIE AND ARMITAGE,1832,2000 N KEDZIE AVENUE,07/06/2015,4,1154684.031809326,1913129.496340896,41.917446172,-87.707116072,"(41.91744617191702, -87.70711607187832)"
CICERO AND ADDISON,1612,3600 N CICERO AVENUE,07/06/2015,7,1143698.904601495,1923517.005821035,41.946163524,-87.747215169,"(41.94616352362556, -87.74721516897007)"
SACRAMENTO AND LAKE,1821,150 N SACRAMENTO BOUL,07/06/2015,1,1156319.560664766,1900957.489351962,41.884012178,-87.701436479,"(41.88401217771363, -87.7014364786693)"
HOMAN/KIMBALL AND NORTH,1773,3400 W NORTH AVE,07/06/2015,8,1153386.578905125,1910465.87061722,41.910162847,-87.711953868,"(41.91016284680269, -87.71195386769125)"
CICERO AND 47TH,2204,4800 W 47TH ST,07/06/2015,11,1145130.048925744,1873078.44198302,41.807727017,-87.743229366,"(41.80772701677172, -87.74322936566276)"
DAMEN AND FULLERTON,1663,2000 W FULLERTON AVE,07/06/2015,15,1162596.935552891,1915990.579747891,41.925134944,-87.677963546,"(41.92513494374925, -87.67796354553815)"
CLARK AND FULLERTON,1631,2400 N CLARK ST,07/06/2015,3,1172749.562209477,1916238.997132859,41.925597623,-87.640650973,"(41.925597623023144, -87.64065097309872)"
35TH AND WESTERN,2091,3500 S WESTERN,07/06/2015,4,1160894.949857101,1881376.851112895,41.830187255,-87.685177925,"(41.83018725526863, -87.68517792510231)"
HARLEM AND BELMONT,1394,7200 W BELMONT AVE,07/06/2015,1,1127504.698153561,1920475.415440844,41.938105479,-87.806809552,"(41.93810547939496, -87.80680955240743)"
CICERO AND PETERSON,1204,4800 W PETERSON AVENUE,07/06/2015,1,1143273.766829016,1939491.944645127,41.990008007,-87.748376951,"(41.99000800729908, -87.74837695118997)"
ASHLAND AND 87TH,2454,1600 W 87TH ST,07/06/2015,2,1167171.941297436,1847064.855345151,41.735898617,-87.663128781,"(41.735898617066006, -87.66312878090133)"
HAMLIN AND LAKE,1882,300 N HAMLIN AVENUE,07/06/2015,6,1150970.026856642,1901381.688308858,41.885282636,-87.721069539,"(41.88528263580913, -87.72106953854511)"
79TH AND HALSTED,2543,800 W 79TH STREET,07/06/2015,5,1172320.105719411,1852517.9814434,41.750751157,-87.644107793,"(41.75075115747316, -87.64410779300933)"
HALSTED AND 95TH,2582,9500 S HALSTED STREET,04/19/2017,3,1172610.538363645,1841811.61926207,41.721365061,-87.643358042,"(41.72136506078306, -87.64335804234075)"
PULASKI AND PETERSON,1262,6000 N PULASKI ROAD,07/06/2015,1,1148598.016685695,1939584.645960177,41.990160923,-87.728790748,"(41.99016092280557, -87.72879074759867)"
KEDZIE AND 63RD,2361,6300 S KEDZIE AVE,07/06/2015,2,1156097.505177228,1862668.051775093,41.77894575,-87.703283119,"(41.77894575017997, -87.70328311900342)"
WESTERN AND NORTH,1851,1600 N WESTERN AVE,07/06/2015,3,1160077.474351131,1910605.013316134,41.910409024,-87.687370268,"(41.91040902362901, -87.687370268401)"
79TH AND KEDZIE,2443,3200 W 79TH ST,07/06/2015,1,1156402.644780165,1852104.649370984,41.749952001,-87.702448478,"(41.74995200142266, -87.70244847808695)"
IRVING PARK AND LARAMIE,1534,5200 W IRVING PARK ROA,02/01/2017,2,,,,,
99TH AND HALSTED,2431,9900 S HALSTED ST,07/06/2015,8,1172689.754200318,1839171.652197216,41.714118868,-87.643145408,"(41.714118868089905, -87.64314540818165)"
KIMBALL AND DIVERSEY,1581,2800 N KIMBALL AVENUE,07/06/2015,1,,,,,
CLARK AND IRVING PARK,1093,1300 W IRVING PARK ROAD,07/06/2015,4,1166777.545456989,1926719.73687357,41.954487567,-87.662293496,"(41.95448756687966, -87.66229349585691)"
CANAL AND ROOSEVELT,2294,500 W ROOSEVELT ROAD,07/06/2015,3,1173290.72186561,1895021.166235495,41.867362693,-87.639293195,"(41.867362692616666, -87.63929319464197)"
DIVERSEY AND AUSTIN,1453,6000 W DIVERSEY AVENUE,02/01/2017,2,1135895.736169343,1918029.70673837,41.931248624,-87.776028612,"(41.931248623643455, -87.77602861172493)"
ROOSEVELT AND HALSTED,2234,800 W ROOSEVELT ROAD,07/06/2015,12,1171199.282357741,1894968.056393724,41.867263098,-87.646972686,"(41.86726309836901, -87.64697268601648)"
4700 WESTERN,2142,4700 S WESTERN AVENUE,07/06/2015,5,1161120.438879703,1873431.066474726,41.808378408,-87.684570717,"(41.808378407946726, -87.68457071689552)"
DAMEN AND DIVERSEY,1464,2000 W DIVERSEY PARKWAY,07/06/2015,2,1162519.714934025,1918635.417634925,41.932394164,-87.678173031,"(41.93239416403691, -87.67817303087757)"
LARAMIE AND MADISON,2044,5200 W MADISON STREET,07/06/2015,20,1141706.965522802,1899567.55684314,41.880480752,-87.755130433,"(41.88048075170171, -87.75513043296509)"
LASALLE AND KINZIE,1921,400 N LASALLE,07/06/2015,2,1175028.579766798,1903002.552291359,41.889225372,-87.632674115,"(41.88922537162015, -87.63267411498495)"
OGDEN AND KOSTNER,2222,2348 S KOSTNER AVENUE,07/06/2015,3,1147394.548182079,1887795.177782082,41.848068845,-87.734547457,"(41.8480688449598, -87.73454745748458)"
SACRAMENTO AND LAKE,1822,150 N SACRAMENTO BOUL,07/06/2015,4,1156319.560664766,1900957.489351962,41.884012178,-87.701436479,"(41.88401217771363, -87.7014364786693)"
COTTAGE GROVE AND 71ST,2571,7100 S COTTAGE GROVE,07/06/2015,2,1182746.23698699,1858088.011064538,41.765800351,-87.605729127,"(41.76580035131893, -87.6057291269901)"
MILWAUKEE AND DEVON,1272,6400 N MILWAUKEE AVEN,07/06/2015,1,1132463.750397878,1942107.911507627,41.997382173,-87.788077674,"(41.99738217345368, -87.78807767391953)"
75TH AND STATE,2624,1 E 75TH STREET,07/06/2015,5,1177601.72646404,1855229.486604181,41.758074111,-87.624671658,"(41.75807411097799, -87.62467165835182)"
PULASKI AND ARMITAGE,1843,4000 W ARMITAGE AVENUE,07/06/2015,6,1149375.428872108,1913028.984273181,41.917275069,-87.726622746,"(41.91727506940875, -87.72662274644799)"
HAMLIN AND LAKE,1881,300 N HAMLIN AVENUE,07/06/2015,2,1150970.026856642,1901381.688308858,41.885282636,-87.721069539,"(41.88528263580913, -87.72106953854511)"
WESTERN AND 79TH,2481,7900 S WESTERN AVE,07/06/2015,7,1161711.516404028,1852181.685686118,41.750054934,-87.682992203,"(41.750054933649984, -87.68299220290213)"
CALIFORNIA AND DEVON,1323,2800 W DEVON AVENUE,07/06/2015,1,1156484.528078038,1942377.980662191,41.997669523,-87.699706423,"(41.99766952286052, -87.69970642324591)"
FULLERTON AND NARRAGANSETT,1554,6400 W FULLERTON AVENU,07/06/2015,8,1133317.594499059,1915293.661305931,41.923786189,-87.785567206,"(41.92378618871128, -87.78556720562165)"
ARCHER AND CICERO,2081,5200 S CICERO AVE,07/06/2015,32,1145195.931989777,1869737.708306623,41.798558278,-87.743071866,"(41.798558278193305, -87.74307186616427)"
HAMLIN AND MADISON,1903,3800 W MADISON STREET,07/06/2015,9,1151032.709141294,1899784.033986533,41.880897273,-87.720881226,"(41.880897273491264, -87.72088122613924)"
LAFAYETTE AND 87TH,2503,30 W 87TH STREET,07/06/2015,14,1177407.651800237,1847320.772058312,41.736376037,-87.625621311,"(41.736376036604916, -87.62562131092602)"
LAWRENCE AND WESTERN,1193,2400 W LAWRENCE AVENUE,07/06/2015,2,1159482.648570304,1931851.989492596,41.968724349,-87.688968727,"(41.96872434882172, -87.68896872699601)"
CANAL AND ROOSEVELT,2291,1200 S CANAL STREET,07/06/2015,4,1173268.771030949,1894952.634878732,41.867175125,-87.639375813,"(41.86717512472001, -87.63937581258092)"
MILWAUKEE AND MONTROSE,1362,4400 N MILWAUKEE AVEN,07/06/2015,4,1141643.943268783,1928770.256316239,41.96061723,-87.75463824,"(41.9606172296957, -87.75463824007085)"
ROOSEVELT AND KOSTNER,2321,1200 S KOSTNER,07/06/2015,3,1147196.304001978,1894305.883269746,41.865938839,-87.735108549,"(41.8659388389088, -87.73510854901264)"
KEDZIE AND 26TH,2381,2600 S KEDZIE AVENUE,07/06/2015,3,1155404.235510285,1886524.460033054,41.844424831,-87.705185452,"(41.84442483084393, -87.70518545233183)"
COTTAGE GROVE AND 71ST,2572,7100 S COTTAGE GROVE,07/06/2015,4,1182746.23698699,1858088.011064538,41.765800351,-87.605729127,"(41.76580035131893, -87.6057291269901)"
VAN BUREN AND WESTERN,2052,400 S WESTERN AVENUE,07/06/2015,14,1160431.682297829,1898091.942371589,41.876064776,-87.686415631,"(41.87606477642526, -87.68641563098768)"
ASHLAND AND MADISON,1911,0 N ASHLAND AVE,07/06/2015,3,,,,,
79TH AND HALSTED,2541,7900 S HALSTED STREET,02/01/2017,3,1172298.707400847,1852444.344822186,41.750549559,-87.644188368,"(41.750549559438944, -87.64418836784098)"
4700 WESTERN,2141,4700 S WESTERN AVENUE,07/06/2015,3,1161120.438879703,1873431.066474726,41.808378408,-87.684570717,"(41.808378407946726, -87.68457071689552)"
WESTERN AND MARQUETTE,2672,6700 S WESTERN AVENUE,07/06/2015,5,1161488.747635042,1860134.788366884,41.771884028,-87.683588402,"(41.77188402771193, -87.68358840206334)"
99TH AND HALSTED,2433,800 W 99TH ST,07/06/2015,10,1172710.642565684,1839246.330602143,41.714323337,-87.643066714,"(41.71432333701137, -87.64306671421937)"
WESTERN AND 71ST,2614,2400 W 71ST STREET,07/06/2015,1,1161584.506819846,1857557.788853485,41.764810388,-87.683308769,"(41.76481038827884, -87.68330876944678)"
KOSTNER AND NORTH,2011,1600 N KOSTNER,07/06/2015,2,1146732.108679105,1910282.120990798,41.909788304,-87.736404667,"(41.90978830394343, -87.73640466739216)"
ELSTON AND ADDISON,1402,3600 N ELSTON AVE,07/06/2015,1,1154106.95251778,1923731.036211081,41.946549165,-87.708952626,"(41.94654916480637, -87.70895262603513)"
HOLLYWOOD AND SHERIDAN,1344,1000 W HOLLYWOOD AVE,07/06/2015,34,1168580.228926466,1938090.295189338,41.985649799,-87.655335807,"(41.98564979859328, -87.65533580655139)"
PULASKI AND LAWRENCE,1173,4000 W LAWRENCE AVENUE,07/06/2015,3,1148844.220085601,1931638.45430438,41.968351285,-87.728091672,"(41.96835128527914, -87.72809167198088)"
CICERO AND ADDISON,1612,3600 N CICERO AVENUE,02/01/2017,7,1143698.904601495,1923517.005821035,41.946163524,-87.747215169,"(41.94616352362556, -87.74721516897007)"
CERMAK AND PULASKI,2334,4000 W CERMAK,07/06/2015,2,1150018.476053666,1889120.238540361,41.851654369,-87.724882975,"(41.85165436867626, -87.7248829753078)"
JEFFERY AND 95TH,2522,9500 S JEFFERY AVE,07/06/2015,2,1191132.420601301,1842335.735988875,41.722375907,-87.575499903,"(41.72237590704101, -87.57549990332795)"
119TH AND HALSTED,2404,800 W 119TH STREET,07/06/2015,1,1173111.174088158,1825985.001014405,41.677923389,-87.641989646,"(41.677923389134385, -87.64198964584013)"
WESTERN AND NORTH,1853,2400 W NORTH AVE,07/06/2015,2,1160100.839010995,1910612.783367238,41.910429862,-87.687284221,"(41.91042986235867, -87.68728422050837)"
CICERO AND CHICAGO,1783,4800 W CHICAGO AVENUE,07/06/2015,6,1144175.291152764,1904916.255225279,41.895112219,-87.745932427,"(41.89511221857764, -87.74593242701515)"
CENTRAL AND LAKE,1742,400 N CENTRAL AVENUE,07/06/2015,6,1138928.478257537,1902217.926149854,41.887804621,-87.765268498,"(41.88780462053497, -87.76526849810371)"
ASHLAND AND 95TH,2472,9500 S ASHLAND AVENUE,07/06/2015,6,1167295.830128711,1841695.121217916,41.721160612,-87.662828139,"(41.72116061205213, -87.66282813939165)"
99TH AND HALSTED,2433,800 W 99TH ST,02/01/2017,12,1172710.642565684,1839246.330602143,41.714323337,-87.643066714,"(41.71432333701137, -87.64306671421937)"
115TH AND HALSTED,2552,11500 S HALSTED STREE,07/06/2015,6,,,,,
DIVISION AND DAMEN,1733,2000 W DIVISION,07/06/2015,5,1162815.710860194,1908034.672555531,41.903298793,-87.677383247,"(41.903298792681944, -87.67738324739636)"
STONEY ISLAND AND 76TH,2632,7600 S STONY ISLAND A,07/06/2015,16,1188092.796191935,1854889.354158304,41.756897173,-87.586234285,"(41.75689717260223, -87.58623428506996)"
ASHLAND AND LAWRENCE,1142,4800 N ASHLAND AVENUE,02/01/2017,9,1164751.686785145,1932001.206626392,41.96902343,-87.669590434,"(41.969023429614026, -87.66959043354217)"
CENTRAL AND LAKE,1743,5600 W LAKE STREET,07/06/2015,1,1138951.495695032,1902230.510465733,41.887838735,-87.765183663,"(41.887838735330206, -87.76518366338465)"
CICERO AND CHICAGO,1781,800 N CICERO AVENUE,07/06/2015,1,1144169.162482127,1904893.189220372,41.895049038,-87.745955516,"(41.89504903796389, -87.74595551626888)"
PULASKI AND DIVERSEY,1543,4000 W DIVERSEY AVENUE,07/06/2015,3,1149206.496130705,1918356.569267582,41.931897723,-87.72710503,"(41.9318977231462, -87.72710503045386)"
STONY ISLAND/CORNELL AND 67TH,2721,6700 S STONY ISLAND A,07/06/2015,12,1187984.143047539,1860863.338367666,41.773292896,-87.586442368,"(41.77329289585066, -87.58644236831432)"
SHERIDAN AND FOSTER,1134,1000 W FOSTER AVE,07/06/2015,3,1168689.247756979,1934758.578141654,41.976505116,-87.655031882,"(41.97650511595711, -87.65503188224778)"
SHERIDAN AND FOSTER,1132,5200 N SHERIDAN ROAD,07/06/2015,1,1168661.623718229,1934753.842272756,41.976492721,-87.655133605,"(41.97649272077833, -87.65513360456677)"
PULASKI AND NORTH,1994,4000 W NORTH AVENUE,07/06/2015,1,1149456.2688422,1910376.774019002,41.909995582,-87.726394693,"(41.90999558160536, -87.72639469321471)"
CENTRAL AND ADDISON,1682,3600 N CENTRAL AVENUE,07/06/2015,4,1138343.117435682,1923392.067464765,41.945919491,-87.766904594,"(41.945919490555106, -87.76690459426293)"
IRVING PARK AND KILPATRICK,2763,4700 W IRVING PARK ROA,07/06/2015,5,,,,,
55TH AND KEDZIE,2162,5500 S KEDZIE AVENUE,02/01/2017,1,1155945.854705238,1867941.621374192,41.793420237,-87.703697508,"(41.793420236755864, -87.70369750845424)"
CENTRAL AND DIVERSEY,1642,2800 N CENTRAL AVENUE,07/06/2015,1,1138516.407377375,1918089.499227987,41.931365552,-87.766396529,"(41.93136555236339, -87.76639652879172)"
DIVISION AND DAMEN,1734,2000 W DIVISION,07/06/2015,7,1162815.710860194,1908034.672555531,41.903298793,-87.677383247,"(41.903298792681944, -87.67738324739636)"
ROOSEVELT AND PULASKI,2314,4000 W ROOSEVELT ROAD,07/06/2015,9,1149885.032049683,1894449.464076882,41.866281003,-87.72523422,"(41.866281002664536, -87.72523421983905)"
ASHLAND AND FULLERTON,1651,2400 N ASHLAND AVENUE,07/06/2015,11,1165228.073342838,1916032.319169157,41.92519389,-87.668294363,"(41.92519388981048, -87.66829436339881)"
ELSTON AND LAWRENCE,1284,4440 W LAWRENCE AVENUE,02/01/2017,4,1145715.061027481,1931571.0474838,41.968226398,-87.739599251,"(41.96822639754791, -87.73959925065756)"
CICERO AND NORTH,2034,4800 W NORTH AVENUE,04/22/2017,3,1144053.733747163,1910243.80567041,41.90973389,-87.746244973,"(41.909733890131285, -87.74624497295898)"
CICERO AND PETERSON,1202,6000 N CICERO AVENUE,07/06/2015,3,1143247.733553094,1939479.342905704,41.989973915,-87.748473024,"(41.98997391514614, -87.74847302426933)"
IRVING PARK AND KEDZIE,1353,3200 W IRVING PARK ROAD,07/06/2015,6,1154325.140302006,1926458.463197156,41.954029047,-87.708077494,"(41.95402904691877, -87.70807749383191)"
55TH and PULASKI,2242,5500 S PULASKI,07/06/2015,2,1150600.072649439,1867806.44512718,41.793155061,-87.723303765,"(41.793155060731024, -87.72330376464247)"
WESTERN AND NORTH,1851,1600 N WESTERN AVE,02/01/2017,8,1160077.474351131,1910605.013316134,41.910409024,-87.687370268,"(41.91040902362901, -87.687370268401)"
DAMEN AND 63RD,2701,6300 S DAMEN AVENUE,07/06/2015,2,1164069.407943298,1862830.277442834,41.779226921,-87.674052731,"(41.77922692069256, -87.67405273137854)"
PULASKI AND ARMITAGE,1844,4000 W ARMITAGE AVENUE,02/01/2017,2,1149375.428872108,1913028.984273181,41.917275069,-87.726622746,"(41.91727506940875, -87.72662274644799)"
MONTROSE AND WESTERN,1221,4400 N WESTERN AVENUE,07/06/2015,2,1159539.733234718,1929183.918095502,41.961401846,-87.688832623,"(41.961401846278505, -87.6888326227788)"
PULASKI AND CHICAGO,1983,4000 W CHICAGO AVENUE,07/06/2015,1,1149561.855939692,1905086.596446259,41.895476752,-87.72614436,"(41.89547675163723, -87.72614435991626)"
PULASKI AND IRVING PARK,1574,4000 W IRVING PARK RD,07/06/2015,11,1148988.727877253,1926320.954938409,41.953756874,-87.727698513,"(41.95375687447515, -87.72769851312907)"
WESTERN AND 71ST,2612,7100 S WESTERN AVENUE,07/06/2015,6,1161563.704681724,1857484.211306323,41.764608912,-87.683387053,"(41.76460891223613, -87.68338705328121)"
STONEY ISLAND AND 76TH,2631,7600 S STONY ISLAND A,07/06/2015,21,1188092.796191935,1854889.354158304,41.756897173,-87.586234285,"(41.75689717260223, -87.58623428506996)"
CENTRAL AND IRVING PARK,1183,5600 W IRVING PARK ROAD,07/06/2015,5,1138281.535484986,1926078.647777633,41.953292847,-87.767065708,"(41.953292847298, -87.76706570775266)"
STONEY ISLAND AND 79TH,2464,1600 E 79TH ST,07/06/2015,1,1188284.704439907,1852964.829047574,41.751611523,-87.585592284,"(41.75161152327319, -87.58559228428787)"
CENTRAL AND IRVING PARK,1182,4000 N CENTRAL AVENUE,07/06/2015,1,1138258.614129764,1926071.172884932,41.953272751,-87.767150151,"(41.95327275103541, -87.76715015131407)"
CHICAGO AND CLARK,1964,100 W CHICAGO AVENUE,07/06/2015,9,1175374.528739575,1905745.47783364,41.896744347,-87.631321248,"(41.896744346875806, -87.63132124815151)"
PULASKI AND DIVISION,1801,1200 N PULASKI ROAD,07/06/2015,4,1149459.590666926,1907723.219884254,41.902713902,-87.726451457,"(41.902713901936174, -87.72645145715836)"
TOUHY AND OSCEOLA,1244,7432 W TOUHY AVENUE,02/01/2017,2,1125717.010560011,1947269.685461107,42.011661765,-87.812781431,"(42.01166176507329, -87.81278143114147)"
CICERO AND FULLERTON,1472,2400 N CICERO AVE,02/01/2017,7,1143961.592189569,1915545.343094087,41.92428359,-87.74645019,"(41.92428358982701, -87.74645019028947)"
CORTLAND AND ASHLAND,1721,1900 N ASHLAND AVE,07/06/2015,13,1165348.084854857,1912736.454335569,41.916147281,-87.667947354,"(41.91614728095272, -87.66794735350443)"
CALIFORNIA AND DEVON,1321,6400 N CALIFORNIA AVE,07/06/2015,5,1156461.150245401,1942370.37710537,41.997649133,-87.699792629,"(41.997649133049336, -87.69979262891378)"
MILWAUKEE AND DEVON,1272,6400 N MILWAUKEE AVEN,02/01/2017,5,1132463.750397878,1942107.911507627,41.997382173,-87.788077674,"(41.99738217345368, -87.78807767391953)"
BELMONT AND KEDZIE,1371,3200 N KEDZIE AVENUE,07/06/2015,1,1154426.977874407,1921110.466549542,41.93935173,-87.707846594,"(41.93935173030961, -87.70784659359776)"
CALIFORNIA AND PETERSON,1313,2800 W PETERSON AVENUE,07/06/2015,2,1156569.515341857,1939784.830544118,41.990552082,-87.699464396,"(41.990552081681564, -87.69946439622785)"
DIVERSEY AND WESTERN,1431,2800 N WESTERN AVENUE,07/06/2015,4,1159837.205417355,1918550.506189309,41.932216988,-87.688033281,"(41.93221698794738, -87.68803328089533)"
PULASKI AND 63RD,2342,6300 S PULASKI RD,07/06/2015,3,1150746.00309079,1862516.747695325,41.778636469,-87.722906356,"(41.77863646878099, -87.72290635568541)"
PULASKI AND ARCHER,2153,5000 S ARCHER AVE,07/06/2015,5,1150501.818909837,1871162.311703322,41.802365973,-87.723576766,"(41.80236597333895, -87.72357676611004)"
CICERO AND ADDISON,1611,3600 N CICERO AVENUE,07/06/2015,3,1143698.904601495,1923517.005821035,41.946163524,-87.747215169,"(41.94616352362556, -87.74721516897007)"
PETERSON AND WESTERN,1014,2400 W PETERSON,07/06/2015,12,1159214.211316277,1939825.301874586,41.99060901,-87.689735481,"(41.990609009807294, -87.68973548092968)"
79TH AND HALSTED,2543,800 W 79TH STREET,02/01/2017,1,1172320.105719411,1852517.9814434,41.750751157,-87.644107793,"(41.75075115747316, -87.64410779300933)"
55TH AND KEDZIE,2162,5500 S KEDZIE AVENUE,07/06/2015,1,1155945.854705238,1867941.621374192,41.793420237,-87.703697508,"(41.793420236755864, -87.70369750845424)"
ASHLAND AND MADISON,1914,1600 W MADISON,07/06/2015,3,1165723.014733182,1900136.515489506,41.881564167,-87.666929463,"(41.8815641670199, -87.66692946294842)"
ASHLAND AND 87TH,2452,8700 S ASHLAND AVE,07/06/2015,4,1167150.470087748,1846991.212339794,41.735696989,-87.663209544,"(41.73569698863625, -87.66320954445679)"
HALSTED AND DIVISION,1714,800 W DIVISION,07/06/2015,3,1170767.827960358,1908259.644151662,41.903745557,-87.648167011,"(41.90374555734733, -87.64816701062779)"
55TH AND KEDZIE,2163,3200 W 55TH STREET,07/06/2015,2,1155966.956993183,1868015.593764152,41.793622803,-87.703618141,"(41.79362280329978, -87.70361814062049)"
PULASKI AND ARMITAGE,1844,4000 W ARMITAGE AVENUE,07/06/2015,5,1149375.428872108,1913028.984273181,41.917275069,-87.726622746,"(41.91727506940875, -87.72662274644799)"
WESTERN AND CERMAK,1002,2200 S WESTERN AVENUE,07/06/2015,3,1160669.42562757,1889318.196820393,41.85198384,-87.685785704,"(41.85198383957328, -87.68578570420526)"
IRVING PARK AND CALIFORNIA,1234,2800 W IRVING PARK ROA,02/01/2017,5,,,,,
KEDZIE AND 47TH,2104,3200 W 47TH ST,07/06/2015,1,1155815.231505056,1873336.169728074,41.808226246,-87.704031672,"(41.808226246244026, -87.70403167215984)"
ROOSEVELT AND HALSTED,2233,800 W ROOSEVELT ROAD,07/06/2015,3,1171199.282357741,1894968.056393724,41.867263098,-87.646972686,"(41.86726309836901, -87.64697268601648)"
PULASKI AND FOSTER,1104,4000 W FOSTER AVE,07/07/2015,1,1148759.16134887,1934294.249006446,41.975640616,-87.728335469,"(41.975640616231914, -87.72833546926573)"
ASHLAND AND FULLERTON,1651,2400 N ASHLAND AVENUE,07/07/2015,11,1165228.073342838,1916032.319169157,41.92519389,-87.668294363,"(41.92519388981048, -87.66829436339881)"
BROADWAY/SHERIDAN AND DEVON,1122,6400 N SHERIDAN ROAD,07/07/2015,5,1167087.151194129,1942658.704988689,41.998217921,-87.660695256,"(41.99821792053241, -87.6606952555721)"
CICERO AND NORTH,2033,4800 W NORTH AVENUE,07/07/2015,3,1144053.733747163,1910243.80567041,41.90973389,-87.746244973,"(41.909733890131285, -87.74624497295898)"
COLUMBUS AND ILLINOIS,1951,500 N COLUMBUS DRIVE,07/07/2015,7,1178372.808407292,1903693.06016042,41.891044569,-87.620371839,"(41.891044569124276, -87.620371839074)"
COTTAGE GROVE AND 71ST,2571,7100 S COTTAGE GROVE,07/07/2015,2,1182746.23698699,1858088.011064538,41.765800351,-87.605729127,"(41.76580035131893, -87.6057291269901)"
HALSTED AND 103RD,2592,10300 S HALSTED STREE,07/07/2015,7,,,,,
KEDZIE AND 71ST,2352,7100 S KEDZIE AVENUE,07/07/2015,5,1156225.540366296,1857330.103443232,41.764295037,-87.702957162,"(41.764295036756856, -87.70295716211793)"
PULASKI AND DIVISION,1802,1200 N PULASKI ROAD,07/07/2015,6,1149459.590666926,1907723.219884254,41.902713902,-87.726451457,"(41.902713901936174, -87.72645145715836)"
FOSTER AND NAGLE,1031,5200 N NAGLE,07/07/2015,7,1132529.656558223,1934201.702060651,41.97568567,-87.788020406,"(41.97568566971868, -87.78802040620296)"
ELSTON AND LAWRENCE,1282,4800 N ELSTON AVENUE,07/07/2015,1,1145529.344259918,1931501.601268983,41.968039361,-87.740283894,"(41.96803936143674, -87.74028389448999)"
WESTERN AND TOUHY,1251,7200 N WESTERN AVENUE,07/07/2015,1,1158975.66256211,1947754.286963361,42.012371335,-87.690393917,"(42.012371334791766, -87.69039391737863)"
FOSTER AND BROADWAY,1113,1200 W FOSTER AVE,07/07/2015,3,1167357.095930752,1934721.393266777,41.97643192,-87.659931806,"(41.97643192018459, -87.65993180604016)"
PETERSON AND WESTERN,1014,2400 W PETERSON,07/07/2015,4,1159214.211316277,1939825.301874586,41.99060901,-87.689735481,"(41.990609009807294, -87.68973548092968)"
ASHLAND AND 87TH,2454,1600 W 87TH ST,07/07/2015,5,1167171.941297436,1847064.855345151,41.735898617,-87.663128781,"(41.735898617066006, -87.66312878090133)"
CICERO AND ARMITAGE,2001,2000 N CICERO AVENUE,07/07/2015,3,1144031.525719004,1912881.8300295,41.916973325,-87.746260223,"(41.91697332451097, -87.74626022251057)"
CERMAK AND PULASKI,2334,4000 W CERMAK,02/01/2017,8,1150018.476053666,1889120.238540361,41.851654369,-87.724882975,"(41.85165436867626, -87.7248829753078)"
CICERO AND ARMITAGE,2003,4800 W ARMITAGE AVENUE,07/07/2015,1,1144054.25126508,1912907.00926109,41.917041992,-87.746176095,"(41.91704199201953, -87.74617609464687)"
WESTERN AND CHICAGO,1941,800 N WESTERN AVE,07/07/2015,2,1160220.967978608,1905277.507115921,41.895786955,-87.686990586,"(41.89578695485361, -87.68699058611217)"
KEDZIE AND 47TH,2104,3200 W 47TH ST,07/07/2015,1,1155815.231505056,1873336.169728074,41.808226246,-87.704031672,"(41.808226246244026, -87.70403167215984)"
ASHLAND AND 95TH,2473,1600 W 95TH STREET,07/07/2015,1,1167323.753394196,1841755.029221382,41.721324412,-87.662724153,"(41.721324411975246, -87.66272415265087)"
PULASKI AND LAWRENCE,1172,4800 N PULASKI ROAD,07/07/2015,1,1148821.701520117,1931605.974570937,41.968262595,-87.728175316,"(41.968262595100775, -87.7281753157596)"
79TH AND HALSTED,2541,7900 S HALSTED STREET,07/07/2015,4,1172298.707400847,1852444.344822186,41.750549559,-87.644188368,"(41.750549559438944, -87.64418836784098)"
DIVERSEY AND WESTERN,1431,2800 N WESTERN AVENUE,07/07/2015,5,1159837.205417355,1918550.506189309,41.932216988,-87.688033281,"(41.93221698794738, -87.68803328089533)"
DAMEN AND DIVERSEY,1464,2000 W DIVERSEY PARKWAY,07/07/2015,4,1162519.714934025,1918635.417634925,41.932394164,-87.678173031,"(41.93239416403691, -87.67817303087757)"
87TH AND VINCENNES,2412,8700 S VINCENNES,07/07/2015,5,1172026.328989535,1847142.496643776,41.736006565,-87.645341819,"(41.73600656458518, -87.64534181897955)"
SACRAMENTO AND CHICAGO,1814,3000 W CHICAGO AVENUE,07/07/2015,2,1156075.266375505,1905216.604770718,41.895704525,-87.702218524,"(41.895704524946225, -87.70221852353758)"
FULLERTON AND NARRAGANSETT,1554,6400 W FULLERTON AVENU,07/07/2015,3,1133317.594499059,1915293.661305931,41.923786189,-87.785567206,"(41.92378618871128, -87.78556720562165)"
CENTRAL AND DIVERSEY,1642,2800 N CENTRAL AVENUE,07/07/2015,3,1138516.407377375,1918089.499227987,41.931365552,-87.766396529,"(41.93136555236339, -87.76639652879172)"
CICERO AND CHICAGO,1783,4800 W CHICAGO AVENUE,07/07/2015,3,1144175.291152764,1904916.255225279,41.895112219,-87.745932427,"(41.89511221857764, -87.74593242701515)"
BELMONT AND KEDZIE,1372,3200 N KEDZIE AVE,02/01/2017,8,1154426.977874407,1921110.466549542,41.93935173,-87.707846594,"(41.93935173030961, -87.70784659359776)"
AUSTIN AND ADDISON,1491,3600 N AUSTIN AVENUE,07/07/2015,2,1135691.599896458,1923335.967306169,41.945813215,-87.776652162,"(41.9458132146695, -87.77665216156436)"
MILWAUKEE AND DEVON,1274,6400 W DEVON AVENUE,07/07/2015,4,1132590.619798275,1942138.532048656,41.997463981,-87.787610243,"(41.99746398102873, -87.78761024341388)"
JEFFERY AND 95TH,2522,9500 S JEFFERY AVE,07/07/2015,4,1191132.420601301,1842335.735988875,41.722375907,-87.575499903,"(41.72237590704101, -87.57549990332795)"
PERSHING AND WESTERN,2114,2400 W PERSHING ROAD,07/07/2015,5,1160957.773623189,1878793.434193427,41.82309676,-87.685018951,"(41.82309676016606, -87.68501895061576)"
ASHLAND AND IRVING PARK,1153,1600 W IRVING PARK ROA,07/07/2015,2,,,,,
LAKE SHORE DR AND BELMONT,1412,3200 N LAKESHORE DRIV,07/07/2015,3,1173053.220555078,1921821.380831705,41.940909163,-87.63936916,"(41.94090916326764, -87.63936915995522)"
CENTRAL AND DIVERSEY,1642,2800 N CENTRAL AVENUE,02/01/2017,1,1138516.407377375,1918089.499227987,41.931365552,-87.766396529,"(41.93136555236339, -87.76639652879172)"
35TH AND WESTERN,2092,3500 S WESTERN,07/07/2015,1,1160894.949857101,1881376.851112895,41.830187255,-87.685177925,"(41.83018725526863, -87.68517792510231)"
KIMBALL AND DIVERSEY,1583,3400 W DIVERSEY AVENUE,07/07/2015,1,1153211.149172713,1918454.477800566,41.932087747,-87.71238583,"(41.932087747378944, -87.71238582951281)"
HARLEM AND BELMONT,1394,7200 W BELMONT AVE,07/07/2015,3,1127504.698153561,1920475.415440844,41.938105479,-87.806809552,"(41.93810547939496, -87.80680955240743)"
PULASKI AND NORTH,1992,1600 N PULASKI AVENUE,07/07/2015,2,1149432.959240306,1910369.112502195,41.90997501,-87.726480523,"(41.909975010236906, -87.72648052306623)"
STONY ISLAND/CORNELL AND 67TH,2731,6700 S CORNELL DRIVE,07/07/2015,12,1188316.454860734,1860851.137456735,41.77325149,-87.5852246,"(41.77325148959568, -87.58522459967712)"
DAMEN AND 63RD,2701,6300 S DAMEN AVENUE,07/07/2015,4,1164069.407943298,1862830.277442834,41.779226921,-87.674052731,"(41.77922692069256, -87.67405273137854)"
ASHLAND AND LAWRENCE,1143,1600 W LAWRENCE AVENUE,07/07/2015,7,1164771.946929007,1931988.254061312,41.968987457,-87.669516307,"(41.96898745654617, -87.66951630654926)"
CICERO AND ADDISON,1612,3600 N CICERO AVENUE,07/07/2015,3,1143698.904601495,1923517.005821035,41.946163524,-87.747215169,"(41.94616352362556, -87.74721516897007)"
CICERO AND I55,2251,4200 S CICERO AVENUE,04/19/2017,79,1145023.742859509,1876358.276835519,41.816729387,-87.743536712,"(41.81672938674739, -87.74353671247594)"
CLARK AND IRVING PARK,1093,1300 W IRVING PARK ROAD,07/07/2015,2,1166777.545456989,1926719.73687357,41.954487567,-87.662293496,"(41.95448756687966, -87.66229349585691)"
OGDEN AND KOSTNER,2223,4400 W OGDEN AVENUE,07/07/2015,10,1147406.592439224,1887689.099869462,41.847777523,-87.734505969,"(41.84777752280453, -87.73450596874825)"
LARAMIE AND MADISON,2043,5200 W MADISON STREET,07/07/2015,2,1141706.965522802,1899567.55684314,41.880480752,-87.755130433,"(41.88048075170171, -87.75513043296509)"
CICERO AND HARRISON,2022,600 S CICERO AVENUE,07/07/2015,2,1144444.97442848,1896894.622216872,41.873094833,-87.745143869,"(41.873094832519136, -87.74514386884542)"
CENTRAL AND IRVING PARK,1182,4000 N CENTRAL AVENUE,07/07/2015,1,1138258.614129764,1926071.172884932,41.953272751,-87.767150151,"(41.95327275103541, -87.76715015131407)"
71ST AND ASHLAND,2394,1600 W 71ST,07/07/2015,2,1166890.012333149,1857674.2502247,41.765018306,-87.66385923,"(41.76501830555763, -87.66385923012646)"
55TH AND WESTERN,2213,2400 W 55TH STREET,07/07/2015,4,1161277.012730599,1868185.749490228,41.793981347,-87.684141741,"(41.7939813465735, -87.68414174128355)"
PULASKI AND BELMONT,1382,3200 N PULASKI RD,02/01/2017,3,1149125.621478734,1920994.556178086,41.939138154,-87.72733371,"(41.939138153500274, -87.7273337101426)"
PULASKI AND DIVERSEY,1543,4000 W DIVERSEY AVENUE,07/07/2015,2,1149206.496130705,1918356.569267582,41.931897723,-87.72710503,"(41.9318977231462, -87.72710503045386)"
AUSTIN AND IRVING PARK,1161,4000 N AUSTIN AVENUE,07/07/2015,2,1135599.956110927,1926006.862619986,41.953144059,-87.776925284,"(41.95314405904539, -87.77692528423394)"
WESTERN AND DEVON,1211,6400 N WESTERN AVENUE,02/01/2017,1,1159113.585759434,1942451.622367891,41.997817807,-87.690033035,"(41.997817807026, -87.69003303469276)"
CHICAGO AND CLARK,1963,100 W CHICAGO AVENUE,07/07/2015,5,1175374.528739575,1905745.47783364,41.896744347,-87.631321248,"(41.896744346875806, -87.63132124815151)"
115TH AND HALSTED,2552,11500 S HALSTED STREE,07/07/2015,7,,,,,
STONEY ISLAND AND 76TH,2632,7600 S STONY ISLAND A,07/07/2015,17,1188092.796191935,1854889.354158304,41.756897173,-87.586234285,"(41.75689717260223, -87.58623428506996)"
CICERO AND FULLERTON,1474,4800 W FULLERTON AVE,07/07/2015,1,1143967.570794243,1915568.504954477,41.924347036,-87.74642764,"(41.924347036010694, -87.74642763965628)"
35TH AND WESTERN,2091,3500 S WESTERN,07/07/2015,1,1160894.949857101,1881376.851112895,41.830187255,-87.685177925,"(41.83018725526863, -87.68517792510231)"
HOMAN/KIMBALL AND NORTH,1771,1600 N HOMAN AVENUE,07/07/2015,1,,,,,
KEDZIE AND ARMITAGE,1832,2000 N KEDZIE AVENUE,07/07/2015,12,1154684.031809326,1913129.496340896,41.917446172,-87.707116072,"(41.91744617191702, -87.70711607187832)"
31ST ST AND MARTIN LUTHER KING DRIVE,2121,3100 S DR MARTIN L KING,07/07/2015,4,,,,,
ROOSEVELT AND HALSTED,2233,800 W ROOSEVELT ROAD,07/07/2015,5,1171199.282357741,1894968.056393724,41.867263098,-87.646972686,"(41.86726309836901, -87.64697268601648)"
IRVING PARK AND KILPATRICK,2763,4700 W IRVING PARK ROA,07/07/2015,19,,,,,
99TH AND HALSTED,2433,800 W 99TH ST,07/07/2015,9,1172710.642565684,1839246.330602143,41.714323337,-87.643066714,"(41.71432333701137, -87.64306671421937)"
CORTLAND AND ASHLAND,1723,1600 W CORTLAND ST,07/07/2015,5,1165377.660768235,1912768.773647285,41.916235337,-87.667837772,"(41.91623533746878, -87.66783777212962)"
LAFAYETTE AND 87TH,2502,8700 S LAFAYETTE AVEN,07/07/2015,12,1177417.493180297,1847243.988223464,41.73616511,-87.625587569,"(41.73616511008592, -87.62558756899932)"
JEFFERY AND 95TH,2523,2000 E 95TH ST,07/07/2015,2,1191188.381103057,1842410.411853539,41.722579473,-87.575292523,"(41.722579473126416, -87.57529252250366)"
71ST AND ASHLAND,2394,1600 W 71ST,11/08/2015,3,1166890.012333149,1857674.2502247,41.765018306,-87.66385923,"(41.76501830555763, -87.66385923012646)"
HAMLIN AND LAKE,1882,300 N HAMLIN AVENUE,07/07/2015,3,1150970.026856642,1901381.688308858,41.885282636,-87.721069539,"(41.88528263580913, -87.72106953854511)"
4700 WESTERN,2141,4700 S WESTERN AVENUE,07/07/2015,3,1161120.438879703,1873431.066474726,41.808378408,-87.684570717,"(41.808378407946726, -87.68457071689552)"
PULASKI AND PETERSON,1262,6000 N PULASKI ROAD,07/07/2015,1,1148598.016685695,1939584.645960177,41.990160923,-87.728790748,"(41.99016092280557, -87.72879074759867)"
STONEY ISLAND AND 79TH,2462,7900 S STONEY ISLAND,07/07/2015,4,1188181.571068297,1852908.934789311,41.751460603,-87.585971993,"(41.75146060316686, -87.5859719929647)"
HALSTED AND NORTH,1764,800 W NORTH AVENUE,07/07/2015,1,1170700.68422007,1910913.190749698,41.91102851,-87.648335806,"(41.91102850981186, -87.64833580602037)"
CICERO AND PETERSON,1204,4800 W PETERSON AVENUE,07/07/2015,1,1143273.766829016,1939491.944645127,41.990008007,-87.748376951,"(41.99000800729908, -87.74837695118997)"
LAWRENCE AND WESTERN,1193,2400 W LAWRENCE AVENUE,07/07/2015,3,1159482.648570304,1931851.989492596,41.968724349,-87.688968727,"(41.96872434882172, -87.68896872699601)"
HALSTED AND FULLERTON,1701,2400 N HALSTED STREET,07/07/2015,4,1170501.602639925,1916200.061550148,41.925540315,-87.648912156,"(41.925540315431995, -87.64891215551155)"
LAKE SHORE DR AND BELMONT,1412,3200 N LAKESHORE DRIV,02/01/2017,8,1173053.220555078,1921821.380831705,41.940909163,-87.63936916,"(41.94090916326764, -87.63936915995522)"
CENTRAL AND ADDISON,1682,3600 N CENTRAL AVENUE,07/07/2015,3,1138343.117435682,1923392.067464765,41.945919491,-87.766904594,"(41.945919490555106, -87.76690459426293)"
WESTERN AND NORTH,1851,1600 N WESTERN AVE,07/07/2015,8,1160077.474351131,1910605.013316134,41.910409024,-87.687370268,"(41.91040902362901, -87.687370268401)"
MILWAUKEE AND MONTROSE,1362,4400 N MILWAUKEE AVEN,07/07/2015,4,1141643.943268783,1928770.256316239,41.96061723,-87.75463824,"(41.9606172296957, -87.75463824007085)"
WESTERN AND MARQUETTE,2672,6700 S WESTERN AVENUE,07/07/2015,9,1161488.747635042,1860134.788366884,41.771884028,-87.683588402,"(41.77188402771193, -87.68358840206334)"
PULASKI AND 63RD,2342,6300 S PULASKI RD,07/07/2015,4,1150746.00309079,1862516.747695325,41.778636469,-87.722906356,"(41.77863646878099, -87.72290635568541)"
CERMAK AND PULASKI,2334,4000 W CERMAK,07/07/2015,7,1150018.476053666,1889120.238540361,41.851654369,-87.724882975,"(41.85165436867626, -87.7248829753078)"
WESTERN AND TOUHY,1252,7200 N WESTERN AVENUE,07/07/2015,2,1158975.66256211,1947754.286963361,42.012371335,-87.690393917,"(42.012371334791766, -87.69039391737863)"
CICERO AND ADDISON,1611,3600 N CICERO AVENUE,07/07/2015,6,1143698.904601495,1923517.005821035,41.946163524,-87.747215169,"(41.94616352362556, -87.74721516897007)"
IRVING PARK AND NARRAGANSETT,1024,6400 W IRVING PK,07/07/2015,2,1132945.939118726,1925946.304925137,41.953024751,-87.786683238,"(41.95302475075328, -87.78668323766634)"
119TH AND HALSTED,2402,11900 S HALSTED,07/07/2015,8,1173094.774616191,1825911.054609338,41.677720829,-87.642051845,"(41.67772082924762, -87.64205184498218)"
PERSHING AND WESTERN,2112,3900 S WESTERN BLVD,07/07/2015,4,1161130.992078755,1878746.226354636,41.822963628,-87.684384785,"(41.82296362788048, -87.68438478541296)"
55TH AND KEDZIE,2163,3200 W 55TH STREET,07/07/2015,2,1155966.956993183,1868015.593764152,41.793622803,-87.703618141,"(41.79362280329978, -87.70361814062049)"
CICERO AND PETERSON,1202,6000 N CICERO AVENUE,07/07/2015,6,1143247.733553094,1939479.342905704,41.989973915,-87.748473024,"(41.98997391514614, -87.74847302426933)"
PULASKI AND IRVING PARK,1574,4000 W IRVING PARK RD,07/07/2015,14,1148988.727877253,1926320.954938409,41.953756874,-87.727698513,"(41.95375687447515, -87.72769851312907)"
ADDISON AND HARLEM,1591,3600 N HARLEM AVENUE,07/07/2015,7,1127394.594070737,1923110.532422811,41.945338412,-87.807154769,"(41.94533841246591, -87.80715476912044)"
LARAMIE AND MADISON,2044,5200 W MADISON STREET,07/07/2015,15,1141706.965522802,1899567.55684314,41.880480752,-87.755130433,"(41.88048075170171, -87.75513043296509)"
55TH and PULASKI,2242,5500 S PULASKI,07/07/2015,3,1150600.072649439,1867806.44512718,41.793155061,-87.723303765,"(41.793155060731024, -87.72330376464247)"
KOSTNER AND NORTH,2013,4400 W NORTH,07/07/2015,6,1146738.551618032,1910309.595368032,41.909863573,-87.736380296,"(41.90986357340246, -87.73638029605371)"
KIMBALL AND DIVERSEY,1583,3400 W DIVERSEY AVENUE,04/19/2017,1,1153211.149172713,1918454.477800566,41.932087747,-87.71238583,"(41.932087747378944, -87.71238582951281)"
CALIFORNIA AND PETERSON,1313,2800 W PETERSON AVENUE,07/07/2015,6,1156569.515341857,1939784.830544118,41.990552082,-87.699464396,"(41.990552081681564, -87.69946439622785)"
CORTLAND AND ASHLAND,1721,1900 N ASHLAND AVE,07/07/2015,23,1165348.084854857,1912736.454335569,41.916147281,-87.667947354,"(41.91614728095272, -87.66794735350443)"
79TH AND KEDZIE,2443,3200 W 79TH ST,07/07/2015,4,1156402.644780165,1852104.649370984,41.749952001,-87.702448478,"(41.74995200142266, -87.70244847808695)"
PULASKI AND ARMITAGE,1844,4000 W ARMITAGE AVENUE,07/07/2015,3,1149375.428872108,1913028.984273181,41.917275069,-87.726622746,"(41.91727506940875, -87.72662274644799)"
PULASKI AND IRVING PARK,1572,4000 N PULASKI ROAD,07/07/2015,1,1148970.255325552,1926313.600468643,41.953737051,-87.727766612,"(41.95373705144353, -87.72776661179896)"
HALSTED AND MADISON,1872,1 N HALSTED STREET,07/07/2015,5,1171090.967986833,1900270.454015136,41.881815632,-87.647214717,"(41.88181563164203, -87.64721471704077)"
CICERO AND NORTH,2034,4800 W NORTH AVENUE,02/01/2017,3,1144053.733747163,1910243.80567041,41.90973389,-87.746244973,"(41.909733890131285, -87.74624497295898)"
CORTLAND AND ASHLAND,1723,1600 W CORTLAND ST,02/01/2017,5,1165377.660768235,1912768.773647285,41.916235337,-87.667837772,"(41.91623533746878, -87.66783777212962)"
71ST AND ASHLAND,2391,7100 S ASHLAND,07/07/2015,4,1166868.379865725,1857616.168087255,41.764859382,-87.663940176,"(41.764859382425385, -87.66394017630476)"
ROOSEVELT AND HALSTED,2234,800 W ROOSEVELT ROAD,07/07/2015,15,1171199.282357741,1894968.056393724,41.867263098,-87.646972686,"(41.86726309836901, -87.64697268601648)"
CERMAK AND PULASKI,2332,2200 S PULASKI,07/07/2015,3,1150012.876838243,1889071.75851865,41.851521442,-87.724904787,"(41.85152144233116, -87.7249047867499)"
SHERIDAN AND FOSTER,1134,1000 W FOSTER AVE,07/07/2015,2,1168689.247756979,1934758.578141654,41.976505116,-87.655031882,"(41.97650511595711, -87.65503188224778)"
DIVERSEY AND WESTERN,1434,2400 W DIVERSEY AVENUE,07/07/2015,1,1159859.648423836,1918576.255784305,41.932287183,-87.687950093,"(41.93228718299094, -87.6879500934122)"
55TH AND KEDZIE,2162,5500 S KEDZIE AVENUE,07/07/2015,1,1155945.854705238,1867941.621374192,41.793420237,-87.703697508,"(41.793420236755864, -87.70369750845424)"
WESTERN AND DEVON,1211,6400 N WESTERN AVENUE,07/07/2015,2,1159113.585759434,1942451.622367891,41.997817807,-87.690033035,"(41.997817807026, -87.69003303469276)"
CICERO AND FULLERTON,1472,2400 N CICERO AVE,07/07/2015,7,1143961.592189569,1915545.343094087,41.92428359,-87.74645019,"(41.92428358982701, -87.74645019028947)"
KOSTNER AND NORTH,2011,1600 N KOSTNER,07/07/2015,2,1146732.108679105,1910282.120990798,41.909788304,-87.736404667,"(41.90978830394343, -87.73640466739216)"
VAN BUREN AND WESTERN,2054,2400 W VAN BUREN STREE,07/07/2015,8,,,,,
DAMEN AND 63RD,2702,6300 S DAMEN AVENUE,07/07/2015,2,1164069.407943298,1862830.277442834,41.779226921,-87.674052731,"(41.77922692069256, -87.67405273137854)"
ELSTON AND ADDISON,1403,3216 W ADDISON ST,07/07/2015,5,1154199.729816868,1923799.345386665,41.946734755,-87.708609774,"(41.946734754927796, -87.7086097735515)"
WESTERN AND FOSTER,1074,2400 W FOSTER AVE,07/07/2015,4,1159379.402846887,1934502.712486132,41.97600019,-87.689275084,"(41.97600018976586, -87.68927508385399)"
75TH AND STATE,2624,1 E 75TH STREET,07/07/2015,5,1177601.72646404,1855229.486604181,41.758074111,-87.624671658,"(41.75807411097799, -87.62467165835182)"
PULASKI AND DIVISION,1801,1200 N PULASKI ROAD,07/07/2015,3,1149459.590666926,1907723.219884254,41.902713902,-87.726451457,"(41.902713901936174, -87.72645145715836)"
LAKE SHORE DR AND BELMONT,1413,400 W BELMONT AVE,07/07/2015,44,1172981.744869382,1921577.376128802,41.940241193,-87.639639114,"(41.94024119325571, -87.63963911427594)"
ASHLAND AND 95TH,2472,9500 S ASHLAND AVENUE,07/07/2015,7,1167295.830128711,1841695.121217916,41.721160612,-87.662828139,"(41.72116061205213, -87.66282813939165)"
ASHLAND AND FULLERTON,1652,2400 N ASHLAND AVENUE,07/07/2015,7,1165228.073342838,1916032.319169157,41.92519389,-87.668294363,"(41.92519388981048, -87.66829436339881)"
CALIFORNIA AND DIVERSEY,1514,2800 W DIVERSEY,07/07/2015,18,1157212.54253358,1918526.674434943,41.932205395,-87.697679244,"(41.93220539506452, -87.6976792438691)"
KEDZIE AND 63RD,2361,6300 S KEDZIE AVE,07/07/2015,2,1156097.505177228,1862668.051775093,41.77894575,-87.703283119,"(41.77894575017997, -87.70328311900342)"
LASALLE AND KINZIE,1921,400 N LASALLE,07/07/2015,7,1175028.579766798,1903002.552291359,41.889225372,-87.632674115,"(41.88922537162015, -87.63267411498495)"
HALSTED AND 103RD,2593,800 W 103RD STREET,07/07/2015,2,1172778.570616036,1836587.755252818,41.70702632,-87.642896007,"(41.707026319812215, -87.64289600741817)"
CALIFORNIA AND DEVON,1323,2800 W DEVON AVENUE,07/07/2015,3,1156484.528078038,1942377.980662191,41.997669523,-87.699706423,"(41.99766952286052, -87.69970642324591)"
IRVING PARK AND KILPATRICK,2764,4700 W IRVING PARK ROA,02/01/2017,2,,,,,
HAMLIN AND MADISON,1901,0 N HAMLIN BOULEVARD,07/07/2015,9,,,,,
IRVING PARK AND LARAMIE,1534,5200 W IRVING PARK ROA,07/07/2015,4,,,,,
HARLEM AND BELMONT,1391,3200 N HARLEM AVE,07/07/2015,2,1127481.020995451,1920467.613239239,41.938084468,-87.806896749,"(41.93808446822169, -87.80689674887883)"
WESTERN AND 79TH,2484,2400 W 79TH ST,07/07/2015,2,1161758.68085177,1852242.255513454,41.750220168,-87.682817693,"(41.75022016799851, -87.68281769253687)"
BELMONT AND KEDZIE,1372,3200 N KEDZIE AVE,07/07/2015,7,1154426.977874407,1921110.466549542,41.93935173,-87.707846594,"(41.93935173030961, -87.70784659359776)"
63RD AND STATE,2714,1 E 63RD ST,07/07/2015,5,1177367.518733101,1863199.17768559,41.779949105,-87.625289553,"(41.779949104569106, -87.62528955333775)"
ELSTON AND ADDISON,1402,3600 N ELSTON AVE,07/07/2015,1,1154106.95251778,1923731.036211081,41.946549165,-87.708952626,"(41.94654916480637, -87.70895262603513)"
CICERO AND HARRISON,2023,4800 W HARRISON STREET,07/07/2015,2,1144451.867388303,1896949.561959463,41.873245464,-87.745117179,"(41.873245464379586, -87.7451171788807)"
CICERO AND 47TH,2202,4700 S CICERO AVE,07/07/2015,2,1145112.150373471,1873006.659918126,41.807530373,-87.743296821,"(41.80753037289406, -87.7432968212423)"
ROOSEVELT AND KOSTNER,2323,4400 W ROOSEVELT,07/07/2015,8,1147200.963258796,1894379.538078088,41.866140868,-87.73508956,"(41.866140867641654, -87.73508956008207)"
BROADWAY/SHERIDAN AND DEVON,1123,1200 W DEVON AVE,07/07/2015,4,1167109.644248166,1942688.147952186,41.998298228,-87.660611661,"(41.99829822771884, -87.66061166063517)"
CENTRAL AND IRVING PARK,1182,4000 N CENTRAL AVENUE,02/01/2017,1,1138258.614129764,1926071.172884932,41.953272751,-87.767150151,"(41.95327275103541, -87.76715015131407)"
ELSTON AND IRVING PARK,1503,3700 W IRVING PARK ROA,02/01/2017,9,,,,,
PULASKI AND ARMITAGE,1843,4000 W ARMITAGE AVENUE,07/07/2015,5,1149375.428872108,1913028.984273181,41.917275069,-87.726622746,"(41.91727506940875, -87.72662274644799)"
HAMLIN AND MADISON,1903,3800 W MADISON STREET,07/07/2015,7,1151032.709141294,1899784.033986533,41.880897273,-87.720881226,"(41.880897273491264, -87.72088122613924)"
COTTAGE GROVE AND 71ST,2572,7100 S COTTAGE GROVE,02/01/2017,3,1182746.23698699,1858088.011064538,41.765800351,-87.605729127,"(41.76580035131893, -87.6057291269901)"
IRVING PARK AND KILPATRICK,2763,4700 W IRVING PARK ROA,11/08/2015,8,,,,,
WESTERN AND MARQUETTE,2672,6700 S WESTERN AVENUE,02/01/2017,3,1161488.747635042,1860134.788366884,41.771884028,-87.683588402,"(41.77188402771193, -87.68358840206334)"
CENTRAL AND DIVERSEY,1644,5600 W DIVERSEY AVENUE,07/07/2015,1,1138539.758528398,1918097.096677271,41.931385977,-87.766310532,"(41.93138597683265, -87.76631053155157)"
MILWAUKEE AND MONTROSE,1364,5075 W MONTROSE AVENUE,07/07/2015,2,1141716.746618898,1928736.076639057,41.960522088,-87.754371424,"(41.96052208819935, -87.75437142402293)"
CANAL AND ROOSEVELT,2294,500 W ROOSEVELT ROAD,07/07/2015,2,1173290.72186561,1895021.166235495,41.867362693,-87.639293195,"(41.867362692616666, -87.63929319464197)"
CENTRAL AND LAKE,1743,5600 W LAKE STREET,07/07/2015,3,1138951.495695032,1902230.510465733,41.887838735,-87.765183663,"(41.887838735330206, -87.76518366338465)"
LARAMIE AND FULLERTON,1424,5200 W FULLERTON AVENUE,07/07/2015,2,1141305.554932016,1915502.611239048,41.924215797,-87.756210755,"(41.92421579723144, -87.75621075458939)"
ASHLAND AND 87TH,2452,8700 S ASHLAND AVE,07/07/2015,7,1167150.470087748,1846991.212339794,41.735696989,-87.663209544,"(41.73569698863625, -87.66320954445679)"
CENTRAL AND CHICAGO,1973,5600 W CHICAGO AVENUE,02/01/2017,3,1138858.856732452,1904825.827586656,41.894962293,-87.765460791,"(41.89496229349977, -87.76546079122906)"
CENTRAL AND CHICAGO,1973,5600 W CHICAGO AVENUE,07/07/2015,4,1138858.856732452,1904825.827586656,41.894962293,-87.765460791,"(41.89496229349977, -87.76546079122906)"
WESTERN AND ADDISON,1562,3600 N WESTERN AVENUE,07/07/2015,7,1159695.573342728,1923871.086283556,41.94681992,-87.688406662,"(41.94681991986288, -87.68840666206194)"
WESTERN AND ADDISON,1563,2400 W ADDISON,07/07/2015,1,1159719.041544334,1923878.577275797,41.946839991,-87.688320193,"(41.9468399910054, -87.68832019252964)"
CICERO AND CHICAGO,1781,800 N CICERO AVENUE,07/07/2015,2,1144169.162482127,1904893.189220372,41.895049038,-87.745955516,"(41.89504903796389, -87.74595551626888)"
PULASKI AND ARCHER,2153,5000 S ARCHER AVE,07/07/2015,1,1150501.818909837,1871162.311703322,41.802365973,-87.723576766,"(41.80236597333895, -87.72357676611004)"
ARCHER AND CICERO,2081,5200 S CICERO AVE,07/07/2015,21,1145195.931989777,1869737.708306623,41.798558278,-87.743071866,"(41.798558278193305, -87.74307186616427)"
CENTRAL AND CHICAGO,1972,800 N CENTRAL AVENUE,07/07/2015,9,1138836.562608552,1904801.732832435,41.894896579,-87.765543258,"(41.89489657939746, -87.76554325845893)"
ELSTON AND LAWRENCE,1284,4440 W LAWRENCE AVENUE,07/07/2015,8,1145715.061027481,1931571.0474838,41.968226398,-87.739599251,"(41.96822639754791, -87.73959925065756)"
DAMEN AND 63RD,2702,6300 S DAMEN AVENUE,04/19/2017,2,1164069.407943298,1862830.277442834,41.779226921,-87.674052731,"(41.77922692069256, -87.67405273137854)"
CICERO AND DIVERSEY,1694,4800 W DIVERSEY AVENUE,07/07/2015,1,1143869.848167704,1918226.043989398,41.93164142,-87.746719911,"(41.93164142040689, -87.7467199106462)"
IRVING PARK AND KEDZIE,1354,3200 W IRVING PARK ROAD,07/07/2015,7,1154325.140302006,1926458.463197156,41.954029047,-87.708077494,"(41.95402904691877, -87.70807749383191)"
ELSTON AND IRVING PARK,1503,3700 W IRVING PARK ROA,07/07/2015,2,,,,,
CLARK AND IRVING PARK,1091,4000 N CLARK STREET,07/07/2015,6,1166736.149822904,1926699.323624709,41.954432441,-87.662446259,"(41.95443244141688, -87.66244625914061)"
SHERIDAN AND FOSTER,1132,5200 N SHERIDAN ROAD,07/07/2015,3,1168661.623718229,1934753.842272756,41.976492721,-87.655133605,"(41.97649272077833, -87.65513360456677)"
IRVING PARK AND KEDZIE,1353,3200 W IRVING PARK ROAD,07/07/2015,2,1154325.140302006,1926458.463197156,41.954029047,-87.708077494,"(41.95402904691877, -87.70807749383191)"
SACRAMENTO AND LAKE,1822,150 N SACRAMENTO BOUL,07/07/2015,8,1156319.560664766,1900957.489351962,41.884012178,-87.701436479,"(41.88401217771363, -87.7014364786693)"
STONEY ISLAND AND 76TH,2631,7600 S STONY ISLAND A,07/07/2015,17,1188092.796191935,1854889.354158304,41.756897173,-87.586234285,"(41.75689717260223, -87.58623428506996)"
STATE AND 79TH,2651,7900 S STATE STREET,07/07/2015,3,1177618.166929966,1852621.870232838,41.750918138,-87.624690123,"(41.7509181383154, -87.62469012251644)"
WESTERN AND CERMAK,1002,2200 S WESTERN AVENUE,07/07/2015,4,1160669.42562757,1889318.196820393,41.85198384,-87.685785704,"(41.85198383957328, -87.68578570420526)"
HALSTED AND FULLERTON,1704,800 W FULLERTON AVENUE,07/07/2015,7,1170525.624723311,1916208.443992778,41.925562791,-87.648823641,"(41.92556279107417, -87.64882364145232)"
HALSTED AND MADISON,1871,1 S HALSTED STREET,07/07/2015,5,1171092.392868784,1900234.542088741,41.881717056,-87.647210539,"(41.88171705561901, -87.64721053920604)"
CALIFORNIA AND DEVON,1321,6400 N CALIFORNIA AVE,07/07/2015,1,1156461.150245401,1942370.37710537,41.997649133,-87.699792629,"(41.997649133049336, -87.69979262891378)"
STONY ISLAND/CORNELL AND 67TH,2721,6700 S STONY ISLAND A,07/07/2015,14,1187984.143047539,1860863.338367666,41.773292896,-87.586442368,"(41.77329289585066, -87.58644236831432)"
ROOSEVELT AND PULASKI,2311,1200 S PULASKI ROAD,02/01/2017,2,1149866.002247864,1894375.839200384,41.866079337,-87.725305995,"(41.86607933722178, -87.7253059948758)"
MONTROSE AND WESTERN,1224,2400 W MONTROSE AVENUE,07/07/2015,4,1159562.971802959,1929191.337701253,41.961421726,-87.68874698,"(41.961421726406314, -87.68874697983858)"
111TH AND HALSTED,2424,800 W 111TH ST,07/07/2015,2,1172945.404219168,1831282.917027882,41.692465363,-87.642440901,"(41.692465363421874, -87.64244090105778)"
STONEY ISLAND AND 79TH,2461,7900 S SOUTH CHICAGO AVE,07/07/2015,2,1188274.655498937,1852865.685797892,41.751339705,-87.585632266,"(41.751339704589455, -87.58563226565187)"
KEDZIE AND 63RD,2364,3200 W 63RD ST,07/07/2015,2,1156103.348831225,1862717.565210739,41.779081505,-87.703260365,"(41.77908150488341, -87.70326036544745)"
WESTERN AND CHICAGO,1943,2400 W CHICAGO AVE,07/07/2015,2,1160226.686812944,1905300.904544474,41.895851041,-87.686968935,"(41.895851041123755, -87.68696893468467)"
FOSTER AND NAGLE,1034,6400 W FOSTER,02/01/2017,2,1132552.893142153,1934229.875527466,41.975762574,-87.787934296,"(41.97576257447203, -87.7879342955108)"
WENTWORTH AND GARFIELD,2261,5500 S WENTWORTH AVEN,07/07/2015,5,,,,,
WESTERN AND 79TH,2481,7900 S WESTERN AVE,07/07/2015,4,1161711.516404028,1852181.685686118,41.750054934,-87.682992203,"(41.750054933649984, -87.68299220290213)"
DAMEN AND DIVERSEY,1462,2800 N DAMEN AVENUE,07/07/2015,3,1162490.04851994,1918611.623717091,41.932329494,-87.678282719,"(41.9323294940985, -87.67828271931386)"
CHICAGO AND CLARK,1964,100 W CHICAGO AVENUE,07/07/2015,10,1175374.528739575,1905745.47783364,41.896744347,-87.631321248,"(41.896744346875806, -87.63132124815151)"
CANAL AND ROOSEVELT,2291,1200 S CANAL STREET,07/07/2015,2,1173268.771030949,1894952.634878732,41.867175125,-87.639375813,"(41.86717512472001, -87.63937581258092)"
115TH AND HALSTED,2553,800 W 115TH STREET,07/07/2015,1,1173010.735357888,1828632.242070332,41.685190056,-87.642279564,"(41.68519005571938, -87.64227956401977)"
99TH AND HALSTED,2431,9900 S HALSTED ST,07/07/2015,13,1172689.754200318,1839171.652197216,41.714118868,-87.643145408,"(41.714118868089905, -87.64314540818165)"
63RD AND STATE,2712,6300 S STATE ST,07/07/2015,5,1177303.801895084,1863220.216755923,41.780008277,-87.625522512,"(41.78000827740796, -87.6255225119157)"
HAMLIN AND LAKE,1881,300 N HAMLIN AVENUE,07/07/2015,1,1150970.026856642,1901381.688308858,41.885282636,-87.721069539,"(41.88528263580913, -87.72106953854511)"
WESTERN AND FULLERTON,1671,2400 N WESTERN AVENUE,02/01/2017,15,1159923.309342995,1915897.778561358,41.924935944,-87.687790255,"(41.92493594409127, -87.68779025471278)"
HOLLYWOOD AND SHERIDAN,1344,1000 W HOLLYWOOD AVE,07/07/2015,15,1168580.228926466,1938090.295189338,41.985649799,-87.655335807,"(41.98564979859328, -87.65533580655139)"
CENTRAL AND LAKE,1742,400 N CENTRAL AVENUE,02/01/2017,4,1138928.478257537,1902217.926149854,41.887804621,-87.765268498,"(41.88780462053497, -87.76526849810371)"
COLUMBUS AND ILLINOIS,1952,500 N COLUMBUS DRIVE,07/07/2015,16,1178372.808407292,1903693.06016042,41.891044569,-87.620371839,"(41.891044569124276, -87.620371839074)"
KEDZIE AND 71ST,2354,3200 W 71ST STREET,07/07/2015,3,1156246.862901455,1857404.014959868,41.764497433,-87.702877023,"(41.76449743256955, -87.70287702335861)"
CENTRAL AND FULLERTON,1444,5600 W FULLERTON AVENU,07/07/2015,1,1138627.279189421,1915438.969256439,41.924090199,-87.76605353,"(41.92409019883488, -87.76605353016079)"
STATE AND 79TH,2654,1 E 79TH STREET,07/07/2015,21,1177680.113652821,1852598.313477786,41.750852096,-87.624463832,"(41.75085209551078, -87.62446383210285)"
CENTRAL AND IRVING PARK,1183,5600 W IRVING PARK ROAD,07/07/2015,6,1138281.535484986,1926078.647777633,41.953292847,-87.767065708,"(41.953292847298, -87.76706570775266)"
MONTROSE AND WESTERN,1221,4400 N WESTERN AVENUE,07/07/2015,1,1159539.733234718,1929183.918095502,41.961401846,-87.688832623,"(41.961401846278505, -87.6888326227788)"
PULASKI AND NORTH,1994,4000 W NORTH AVENUE,07/07/2015,3,1149456.2688422,1910376.774019002,41.909995582,-87.726394693,"(41.90999558160536, -87.72639469321471)"
HOLLYWOOD AND SHERIDAN,1343,1000 W HOLLYWOOD AVE,07/07/2015,3,1168580.228926466,1938090.295189338,41.985649799,-87.655335807,"(41.98564979859328, -87.65533580655139)"
PULASKI AND CHICAGO,1983,4000 W CHICAGO AVENUE,07/07/2015,2,1149561.855939692,1905086.596446259,41.895476752,-87.72614436,"(41.89547675163723, -87.72614435991626)"
DIVERSEY AND AUSTIN,1454,6000 W DIVERSEY AVENUE,07/07/2015,4,1135895.736169343,1918029.70673837,41.931248624,-87.776028612,"(41.931248623643455, -87.77602861172493)"
ROOSEVELT AND PULASKI,2314,4000 W ROOSEVELT ROAD,07/07/2015,2,1149885.032049683,1894449.464076882,41.866281003,-87.72523422,"(41.866281002664536, -87.72523421983905)"
DIVISION AND DAMEN,1733,2000 W DIVISION,07/07/2015,10,1162815.710860194,1908034.672555531,41.903298793,-87.677383247,"(41.903298792681944, -87.67738324739636)"
CICERO AND WASHINGTON,1891,100 N CICERO AVENUE,07/07/2015,14,1144328.984091479,1900095.170838459,41.88187971,-87.745489247,"(41.88187970991601, -87.7454892473012)"
CICERO AND DIVERSEY,1694,4800 W DIVERSEY AVENUE,02/01/2017,1,1143869.848167704,1918226.043989398,41.93164142,-87.746719911,"(41.93164142040689, -87.7467199106462)"
IRVING PARK AND NARRAGANSETT,1023,6400 W IRVING PK,07/07/2015,1,1132945.939118726,1925946.304925137,41.953024751,-87.786683238,"(41.95302475075328, -87.78668323766634)"
FOSTER AND BROADWAY,1111,5200 N BROADWAY ST,07/07/2015,8,1167334.508577915,1934714.008346532,41.976412143,-87.660015082,"(41.97641214294823, -87.66001508205365)"
CALIFORNIA AND PETERSON,1311,6000 N CALIFORNIA AVE,07/07/2015,3,1156545.742699118,1939775.775541795,41.990527717,-87.699552084,"(41.990527717148176, -87.69955208405155)"
WESTERN AND DEVON,1212,6400 N WESTERN AVENUE,07/07/2015,3,1159113.585759434,1942451.622367891,41.997817807,-87.690033035,"(41.997817807026, -87.69003303469276)"
WESTERN AND FULLERTON,1671,2400 N WESTERN AVENUE,07/07/2015,4,1159923.309342995,1915897.778561358,41.924935944,-87.687790255,"(41.92493594409127, -87.68779025471278)"
4700 WESTERN,2142,4700 S WESTERN AVENUE,07/07/2015,1,1161120.438879703,1873431.066474726,41.808378408,-87.684570717,"(41.808378407946726, -87.68457071689552)"
HOMAN/KIMBALL AND NORTH,1773,3400 W NORTH AVE,07/07/2015,18,1153386.578905125,1910465.87061722,41.910162847,-87.711953868,"(41.91016284680269, -87.71195386769125)"
ASHLAND AND LAWRENCE,1142,4800 N ASHLAND AVENUE,07/07/2015,3,1164751.686785145,1932001.206626392,41.96902343,-87.669590434,"(41.969023429614026, -87.66959043354217)"
CLARK AND FULLERTON,1632,2400 N CLARK ST,07/07/2015,1,1172749.562209477,1916238.997132859,41.925597623,-87.640650973,"(41.925597623023144, -87.64065097309872)"
PULASKI AND PETERSON,1263,4000 W PETERSON AVENUE,07/07/2015,11,1148618.560490339,1939615.133928395,41.990244186,-87.728714391,"(41.99024418564742, -87.7287143910091)"
KEDZIE AND ARMITAGE,1834,3200 W ARMITAGE AVENUE,07/07/2015,2,1154700.851347995,1913153.252187904,41.917511023,-87.707053639,"(41.91751102291878, -87.7070536388797)"
HALSTED AND 95TH,2581,9500 S HALSTED STREET,07/07/2015,2,1172610.538363645,1841811.61926207,41.721365061,-87.643358042,"(41.72136506078306, -87.64335804234075)"
ASHLAND AND IRVING PARK,1151,4000 N ASHLAND AVENUE,07/07/2015,1,1164899.463802581,1926665.661118925,41.954379326,-87.66919912,"(41.954379326212695, -87.66919911980419)"
75TH AND STATE,2621,7500 S STATE STREET,07/07/2015,16,1177538.763040612,1855235.551345519,41.758092176,-87.624902228,"(41.75809217638291, -87.6249022282473)"
DIVISION AND DAMEN,1734,2000 W DIVISION,07/07/2015,4,1162815.710860194,1908034.672555531,41.903298793,-87.677383247,"(41.903298792681944, -87.67738324739636)"
CICERO AND PETERSON,1204,4800 W PETERSON AVENUE,02/05/2017,1,1143273.766829016,1939491.944645127,41.990008007,-87.748376951,"(41.99000800729908, -87.74837695118997)"
PULASKI AND ARCHER,2154,5000 S ARCHER AVE,07/07/2015,6,1150501.818909837,1871162.311703322,41.802365973,-87.723576766,"(41.80236597333895, -87.72357676611004)"
WESTERN AND 71ST,2612,7100 S WESTERN AVENUE,07/07/2015,4,1161563.704681724,1857484.211306323,41.764608912,-87.683387053,"(41.76460891223613, -87.68338705328121)"
DAMEN AND FULLERTON,1663,2000 W FULLERTON AVE,07/07/2015,21,1162596.935552891,1915990.579747891,41.925134944,-87.677963546,"(41.92513494374925, -87.67796354553815)"
MILWAUKEE AND DEVON,1272,6400 N MILWAUKEE AVEN,07/07/2015,1,1132463.750397878,1942107.911507627,41.997382173,-87.788077674,"(41.99738217345368, -87.78807767391953)"
LARAMIE AND FULLERTON,1421,2400 N LARAMIE AVENUE,07/07/2015,1,1141282.877477884,1915479.163971956,41.924151874,-87.756294662,"(41.92415187425276, -87.75629466175003)"
LAFAYETTE AND 87TH,2503,30 W 87TH STREET,07/07/2015,21,1177407.651800237,1847320.772058312,41.736376037,-87.625621311,"(41.736376036604916, -87.62562131092602)"
BELMONT AND KEDZIE,1373,3200 W BELMONT,02/02/2017,1,1154461.587940363,1921143.091003516,41.939440561,-87.707718516,"(41.93944056117365, -87.70771851630873)"
PULASKI AND FOSTER,1102,5200 N PULASKI RD,07/07/2015,5,1148746.251286324,1934286.914361976,41.97562074,-87.728383135,"(41.97562073966174, -87.72838313514907)"
111TH AND HALSTED,2422,11100 S HALSTED ST,07/07/2015,8,1172923.657689312,1831209.044179248,41.692263123,-87.642522688,"(41.692263123425136, -87.6425226876268)"
ROOSEVELT AND KOSTNER,2321,1200 S KOSTNER,07/07/2015,7,1147196.304001978,1894305.883269746,41.865938839,-87.735108549,"(41.8659388389088, -87.73510854901264)"
55TH AND WESTERN,2212,5500 S WESTERN AVE,07/07/2015,4,1161269.521335262,1867963.111601251,41.793370554,-87.684175377,"(41.79337055433029, -87.6841753767592)"
BELMONT AND KEDZIE,1371,3200 N KEDZIE AVENUE,07/07/2015,3,1154426.977874407,1921110.466549542,41.93935173,-87.707846594,"(41.93935173030961, -87.70784659359776)"
HALSTED AND DIVISION,1714,800 W DIVISION,07/07/2015,4,1170767.827960358,1908259.644151662,41.903745557,-87.648167011,"(41.90374555734733, -87.64816701062779)"
PULASKI AND LAWRENCE,1173,4000 W LAWRENCE AVENUE,07/07/2015,3,1148844.220085601,1931638.45430438,41.968351285,-87.728091672,"(41.96835128527914, -87.72809167198088)"
ELSTON AND ADDISON,1403,3216 W ADDISON ST,02/02/2017,9,1154199.729816868,1923799.345386665,41.946734755,-87.708609774,"(41.946734754927796, -87.7086097735515)"
ASHLAND AND LAWRENCE,1143,1600 W LAWRENCE AVENUE,11/21/2016,5,1164771.946929007,1931988.254061312,41.968987457,-87.669516307,"(41.96898745654617, -87.66951630654926)"
MADISON AND WESTERN,1931,1 S WESTERN AVE,07/07/2015,8,1160453.827721979,1899933.703473746,41.881118279,-87.686283339,"(41.881118278833966, -87.686283338873)"
CENTRAL AND LAKE,1742,400 N CENTRAL AVENUE,07/07/2015,1,1138928.478257537,1902217.926149854,41.887804621,-87.765268498,"(41.88780462053497, -87.76526849810371)"
WENTWORTH AND GARFIELD,2264,200 W GARFIELD BLVD,07/07/2015,34,1175889.574397302,1868551.750512227,41.794670385,-87.630547476,"(41.79467038468937, -87.63054747605638)"
KEDZIE AND 26TH,2381,2600 S KEDZIE AVENUE,07/07/2015,3,1155404.235510285,1886524.460033054,41.844424831,-87.705185452,"(41.84442483084393, -87.70518545233183)"
CALIFORNIA AND DIVERSEY,1513,2800 W DIVERSEY,07/07/2015,2,1157212.54253358,1918526.674434943,41.932205395,-87.697679244,"(41.93220539506452, -87.6976792438691)"
IRVING PARK AND CALIFORNIA,1233,2800 W IRVING PARK ROA,07/07/2015,5,,,,,
CENTRAL AND FULLERTON,1442,2400 N CENTRAL AVENUE,02/02/2017,2,1138603.468418662,1915431.058212414,41.924068922,-87.766141214,"(41.92406892227644, -87.76614121413186)"
31ST ST AND MARTIN LUTHER KING DRIVE,2121,3100 S DR MARTIN L KING,01/25/2017,5,,,,,
PULASKI AND DIVERSEY,1542,2800 N PULASKI ROAD,07/07/2015,3,1149200.724531183,1918332.222549679,41.931831026,-87.727126873,"(41.93183102561505, -87.72712687300454)"
KEDZIE AND 31ST,2134,3200 W 31ST STREET,07/07/2015,3,1155487.128005646,1883943.061106793,41.8373395,-87.704950558,"(41.83733950029648, -87.70495055800411)"
WESTERN AND NORTH,1853,2400 W NORTH AVE,07/07/2015,1,1160100.839010995,1910612.783367238,41.910429862,-87.687284221,"(41.91042986235867, -87.68728422050837)"
LAFAYETTE AND 87TH,2502,8700 S LAFAYETTE AVEN,02/02/2017,15,1177417.493180297,1847243.988223464,41.73616511,-87.625587569,"(41.73616511008592, -87.62558756899932)"
COTTAGE GROVE AND 71ST,2572,7100 S COTTAGE GROVE,07/07/2015,1,1182746.23698699,1858088.011064538,41.765800351,-87.605729127,"(41.76580035131893, -87.6057291269901)"
79TH AND HALSTED,2543,800 W 79TH STREET,07/07/2015,1,1172320.105719411,1852517.9814434,41.750751157,-87.644107793,"(41.75075115747316, -87.64410779300933)"
IRVING PARK AND LARAMIE,1533,5200 W IRVING PARK ROA,07/07/2015,1,,,,,
PULASKI AND BELMONT,1382,3200 N PULASKI RD,02/02/2017,3,1149125.621478734,1920994.556178086,41.939138154,-87.72733371,"(41.939138153500274, -87.7273337101426)"
WESTERN AND ADDISON,1562,3600 N WESTERN AVENUE,07/08/2015,9,1159695.573342728,1923871.086283556,41.94681992,-87.688406662,"(41.94681991986288, -87.68840666206194)"
35TH AND WESTERN,2092,3500 S WESTERN,07/08/2015,2,1160894.949857101,1881376.851112895,41.830187255,-87.685177925,"(41.83018725526863, -87.68517792510231)"
DIVERSEY AND AUSTIN,1453,6000 W DIVERSEY AVENUE,07/08/2015,2,1135895.736169343,1918029.70673837,41.931248624,-87.776028612,"(41.931248623643455, -87.77602861172493)"
CORTLAND AND ASHLAND,1723,1600 W CORTLAND ST,07/08/2015,4,1165377.660768235,1912768.773647285,41.916235337,-87.667837772,"(41.91623533746878, -87.66783777212962)"
LAKE SHORE DR AND BELMONT,1413,400 W BELMONT AVE,07/08/2015,44,1172981.744869382,1921577.376128802,41.940241193,-87.639639114,"(41.94024119325571, -87.63963911427594)"
ASHLAND AND FULLERTON,1651,2400 N ASHLAND AVENUE,07/08/2015,10,1165228.073342838,1916032.319169157,41.92519389,-87.668294363,"(41.92519388981048, -87.66829436339881)"
HALSTED AND 95TH,2582,9500 S HALSTED STREET,07/08/2015,1,1172610.538363645,1841811.61926207,41.721365061,-87.643358042,"(41.72136506078306, -87.64335804234075)"
CANAL AND ROOSEVELT,2291,1200 S CANAL STREET,07/08/2015,3,1173268.771030949,1894952.634878732,41.867175125,-87.639375813,"(41.86717512472001, -87.63937581258092)"
STONEY ISLAND AND 79TH,2461,7900 S SOUTH CHICAGO AVE,07/08/2015,1,1188274.655498937,1852865.685797892,41.751339705,-87.585632266,"(41.751339704589455, -87.58563226565187)"
CENTRAL AND LAKE,1743,5600 W LAKE STREET,02/02/2017,4,1138951.495695032,1902230.510465733,41.887838735,-87.765183663,"(41.887838735330206, -87.76518366338465)"
HALSTED AND NORTH,1761,1600 N HALSTED STREET,07/08/2015,1,1170678.283433825,1910880.991397547,41.910940644,-87.648419043,"(41.91094064391597, -87.64841904272998)"
PULASKI AND CHICAGO,1983,4000 W CHICAGO AVENUE,07/08/2015,1,1149561.855939692,1905086.596446259,41.895476752,-87.72614436,"(41.89547675163723, -87.72614435991626)"
PULASKI AND PETERSON,1263,4000 W PETERSON AVENUE,07/08/2015,9,1148618.560490339,1939615.133928395,41.990244186,-87.728714391,"(41.99024418564742, -87.7287143910091)"
IRVING PARK AND NARRAGANSETT,1024,6400 W IRVING PK,07/08/2015,1,1132945.939118726,1925946.304925137,41.953024751,-87.786683238,"(41.95302475075328, -87.78668323766634)"
KEDZIE AND 31ST,2132,3100 S KEDZIE AVENUE,07/08/2015,3,1155483.167539854,1883867.660503274,41.837132671,-87.704967115,"(41.837132671422296, -87.70496711478727)"
COTTAGE GROVE AND 71ST,2572,7100 S COTTAGE GROVE,02/02/2017,1,1182746.23698699,1858088.011064538,41.765800351,-87.605729127,"(41.76580035131893, -87.6057291269901)"
ELSTON AND LAWRENCE,1282,4800 N ELSTON AVENUE,02/02/2017,3,1145529.344259918,1931501.601268983,41.968039361,-87.740283894,"(41.96803936143674, -87.74028389448999)"
ASHLAND AND 95TH,2472,9500 S ASHLAND AVENUE,07/08/2015,4,1167295.830128711,1841695.121217916,41.721160612,-87.662828139,"(41.72116061205213, -87.66282813939165)"
WESTERN AND 71ST,2612,7100 S WESTERN AVENUE,07/08/2015,7,1161563.704681724,1857484.211306323,41.764608912,-87.683387053,"(41.76460891223613, -87.68338705328121)"
VAN BUREN AND WESTERN,2054,2400 W VAN BUREN STREE,07/08/2015,3,,,,,
LAKE SHORE DR AND BELMONT,1412,3200 N LAKESHORE DRIV,07/08/2015,6,1173053.220555078,1921821.380831705,41.940909163,-87.63936916,"(41.94090916326764, -87.63936915995522)"
KEDZIE AND ARMITAGE,1832,2000 N KEDZIE AVENUE,07/08/2015,1,1154684.031809326,1913129.496340896,41.917446172,-87.707116072,"(41.91744617191702, -87.70711607187832)"
31ST ST AND MARTIN LUTHER KING DRIVE,2123,400 E 31ST STREET,07/08/2015,3,1179437.985396417,1884565.84226022,41.838534018,-87.617046113,"(41.838534018118914, -87.61704611345726)"
COLUMBUS AND ILLINOIS,1951,500 N COLUMBUS DRIVE,07/08/2015,13,1178372.808407292,1903693.06016042,41.891044569,-87.620371839,"(41.891044569124276, -87.620371839074)"
87TH AND VINCENNES,2412,8700 S VINCENNES,07/08/2015,8,1172026.328989535,1847142.496643776,41.736006565,-87.645341819,"(41.73600656458518, -87.64534181897955)"
ASHLAND AND 95TH,2473,1600 W 95TH STREET,07/08/2015,1,1167323.753394196,1841755.029221382,41.721324412,-87.662724153,"(41.721324411975246, -87.66272415265087)"
79TH AND KEDZIE,2443,3200 W 79TH ST,07/08/2015,5,1156402.644780165,1852104.649370984,41.749952001,-87.702448478,"(41.74995200142266, -87.70244847808695)"
CICERO AND CHICAGO,1781,800 N CICERO AVENUE,07/08/2015,1,1144169.162482127,1904893.189220372,41.895049038,-87.745955516,"(41.89504903796389, -87.74595551626888)"
ELSTON AND ADDISON,1402,3600 N ELSTON AVE,07/08/2015,1,1154106.95251778,1923731.036211081,41.946549165,-87.708952626,"(41.94654916480637, -87.70895262603513)"
DAMEN AND DIVERSEY,1464,2000 W DIVERSEY PARKWAY,07/08/2015,3,1162519.714934025,1918635.417634925,41.932394164,-87.678173031,"(41.93239416403691, -87.67817303087757)"
FOSTER AND BROADWAY,1113,1200 W FOSTER AVE,07/08/2015,1,1167357.095930752,1934721.393266777,41.97643192,-87.659931806,"(41.97643192018459, -87.65993180604016)"
PULASKI AND FOSTER,1102,5200 N PULASKI RD,07/08/2015,6,1148746.251286324,1934286.914361976,41.97562074,-87.728383135,"(41.97562073966174, -87.72838313514907)"
CALIFORNIA AND DEVON,1323,2800 W DEVON AVENUE,07/08/2015,1,1156484.528078038,1942377.980662191,41.997669523,-87.699706423,"(41.99766952286052, -87.69970642324591)"
STONEY ISLAND AND 76TH,2632,7600 S STONY ISLAND A,07/08/2015,15,1188092.796191935,1854889.354158304,41.756897173,-87.586234285,"(41.75689717260223, -87.58623428506996)"
PETERSON AND WESTERN,1014,2400 W PETERSON,07/08/2015,2,1159214.211316277,1939825.301874586,41.99060901,-87.689735481,"(41.990609009807294, -87.68973548092968)"
PULASKI AND DIVERSEY,1543,4000 W DIVERSEY AVENUE,07/08/2015,2,1149206.496130705,1918356.569267582,41.931897723,-87.72710503,"(41.9318977231462, -87.72710503045386)"
55TH and PULASKI,2244,4000 W 55TH ST,07/08/2015,4,1150621.676903861,1867864.274865394,41.793313334,-87.723223038,"(41.79331333358753, -87.72322303812588)"
79TH AND HALSTED,2541,7900 S HALSTED STREET,07/08/2015,3,1172298.707400847,1852444.344822186,41.750549559,-87.644188368,"(41.750549559438944, -87.64418836784098)"
63RD AND STATE,2712,6300 S STATE ST,07/08/2015,4,1177303.801895084,1863220.216755923,41.780008277,-87.625522512,"(41.78000827740796, -87.6255225119157)"
MILWAUKEE AND DEVON,1274,6400 W DEVON AVENUE,07/08/2015,1,1132590.619798275,1942138.532048656,41.997463981,-87.787610243,"(41.99746398102873, -87.78761024341388)"
LAWRENCE AND WESTERN,1193,2400 W LAWRENCE AVENUE,02/02/2017,2,1159482.648570304,1931851.989492596,41.968724349,-87.688968727,"(41.96872434882172, -87.68896872699601)"
WESTERN AND FULLERTON,1672,2400 N WESTERN AVENUE,07/08/2015,1,1159923.309342995,1915897.778561358,41.924935944,-87.687790255,"(41.92493594409127, -87.68779025471278)"
CENTRAL AND DIVERSEY,1644,5600 W DIVERSEY AVENUE,07/08/2015,1,1138539.758528398,1918097.096677271,41.931385977,-87.766310532,"(41.93138597683265, -87.76631053155157)"
ELSTON AND ADDISON,1403,3216 W ADDISON ST,07/08/2015,5,1154199.729816868,1923799.345386665,41.946734755,-87.708609774,"(41.946734754927796, -87.7086097735515)"
ELSTON AND IRVING PARK,1502,4000 N ELSTON AVENUE,07/08/2015,1,1151273.974828198,1926311.849469842,41.953687266,-87.719297882,"(41.95368726563273, -87.71929788151473)"
111TH AND HALSTED,2422,11100 S HALSTED ST,07/08/2015,4,1172923.657689312,1831209.044179248,41.692263123,-87.642522688,"(41.692263123425136, -87.6425226876268)"
HARLEM AND BELMONT,1391,3200 N HARLEM AVE,07/08/2015,2,1127481.020995451,1920467.613239239,41.938084468,-87.806896749,"(41.93808446822169, -87.80689674887883)"
STATE AND 79TH,2654,1 E 79TH STREET,07/08/2015,11,1177680.113652821,1852598.313477786,41.750852096,-87.624463832,"(41.75085209551078, -87.62446383210285)"
CENTRAL AND LAKE,1743,5600 W LAKE STREET,07/08/2015,3,1138951.495695032,1902230.510465733,41.887838735,-87.765183663,"(41.887838735330206, -87.76518366338465)"
CLARK AND FULLERTON,1632,2400 N CLARK ST,07/08/2015,1,1172749.562209477,1916238.997132859,41.925597623,-87.640650973,"(41.925597623023144, -87.64065097309872)"
IRVING PARK AND KILPATRICK,2763,4700 W IRVING PARK ROA,07/08/2015,2,,,,,
ELSTON AND IRVING PARK,1503,3700 W IRVING PARK ROA,07/08/2015,1,,,,,
ASHLAND AND LAWRENCE,1142,4800 N ASHLAND AVENUE,07/08/2015,7,1164751.686785145,1932001.206626392,41.96902343,-87.669590434,"(41.969023429614026, -87.66959043354217)"
MILWAUKEE AND MONTROSE,1364,5075 W MONTROSE AVENUE,04/19/2017,3,1141716.746618898,1928736.076639057,41.960522088,-87.754371424,"(41.96052208819935, -87.75437142402293)"
CICERO AND 47TH,2202,4700 S CICERO AVE,07/08/2015,1,1145112.150373471,1873006.659918126,41.807530373,-87.743296821,"(41.80753037289406, -87.7432968212423)"
SHERIDAN AND FOSTER,1134,1000 W FOSTER AVE,07/08/2015,2,1168689.247756979,1934758.578141654,41.976505116,-87.655031882,"(41.97650511595711, -87.65503188224778)"
PULASKI AND PETERSON,1262,6000 N PULASKI ROAD,07/08/2015,1,1148598.016685695,1939584.645960177,41.990160923,-87.728790748,"(41.99016092280557, -87.72879074759867)"
PULASKI AND NORTH,1994,4000 W NORTH AVENUE,07/08/2015,6,1149456.2688422,1910376.774019002,41.909995582,-87.726394693,"(41.90999558160536, -87.72639469321471)"
WESTERN AND 79TH,2484,2400 W 79TH ST,04/19/2017,2,1161758.68085177,1852242.255513454,41.750220168,-87.682817693,"(41.75022016799851, -87.68281769253687)"
99TH AND HALSTED,2433,800 W 99TH ST,07/08/2015,7,1172710.642565684,1839246.330602143,41.714323337,-87.643066714,"(41.71432333701137, -87.64306671421937)"
CICERO AND PETERSON,1202,6000 N CICERO AVENUE,07/08/2015,5,1143247.733553094,1939479.342905704,41.989973915,-87.748473024,"(41.98997391514614, -87.74847302426933)"
ASHLAND AND MADISON,1914,1600 W MADISON,07/08/2015,1,1165723.014733182,1900136.515489506,41.881564167,-87.666929463,"(41.8815641670199, -87.66692946294842)"
IRVING PARK AND CALIFORNIA,1234,2800 W IRVING PARK ROA,07/08/2015,7,,,,,
WESTERN AND NORTH,1851,1600 N WESTERN AVE,07/08/2015,6,1160077.474351131,1910605.013316134,41.910409024,-87.687370268,"(41.91040902362901, -87.687370268401)"
KEDZIE AND 63RD,2361,6300 S KEDZIE AVE,07/08/2015,1,1156097.505177228,1862668.051775093,41.77894575,-87.703283119,"(41.77894575017997, -87.70328311900342)"
DAMEN AND 63RD,2702,6300 S DAMEN AVENUE,07/08/2015,7,1164069.407943298,1862830.277442834,41.779226921,-87.674052731,"(41.77922692069256, -87.67405273137854)"
CENTRAL AND ADDISON,1682,3600 N CENTRAL AVENUE,07/08/2015,3,1138343.117435682,1923392.067464765,41.945919491,-87.766904594,"(41.945919490555106, -87.76690459426293)"
CENTRAL AND ADDISON,1683,5600 W ADDISON STREET,02/02/2017,3,1138349.663302502,1923416.02157061,41.945985104,-87.766879952,"(41.94598510430888, -87.76687995165918)"
63RD AND STATE,2714,1 E 63RD ST,07/08/2015,12,1177367.518733101,1863199.17768559,41.779949105,-87.625289553,"(41.779949104569106, -87.62528955333775)"
HALSTED AND MADISON,1872,1 N HALSTED STREET,02/02/2017,2,1171090.967986833,1900270.454015136,41.881815632,-87.647214717,"(41.88181563164203, -87.64721471704077)"
ASHLAND AND 87TH,2454,1600 W 87TH ST,07/08/2015,4,1167171.941297436,1847064.855345151,41.735898617,-87.663128781,"(41.735898617066006, -87.66312878090133)"
IRVING PARK AND KEDZIE,1354,3200 W IRVING PARK ROAD,07/08/2015,5,1154325.140302006,1926458.463197156,41.954029047,-87.708077494,"(41.95402904691877, -87.70807749383191)"
COLUMBUS AND ILLINOIS,1952,500 N COLUMBUS DRIVE,07/08/2015,9,1178372.808407292,1903693.06016042,41.891044569,-87.620371839,"(41.891044569124276, -87.620371839074)"
CERMAK AND PULASKI,2332,2200 S PULASKI,07/08/2015,5,1150012.876838243,1889071.75851865,41.851521442,-87.724904787,"(41.85152144233116, -87.7249047867499)"
CICERO AND WASHINGTON,1892,100 N CICERO AVENUE,07/08/2015,2,1144328.984091479,1900095.170838459,41.88187971,-87.745489247,"(41.88187970991601, -87.7454892473012)"
MONTROSE AND WESTERN,1221,4400 N WESTERN AVENUE,07/08/2015,4,1159539.733234718,1929183.918095502,41.961401846,-87.688832623,"(41.961401846278505, -87.6888326227788)"
79TH AND HALSTED,2543,800 W 79TH STREET,02/02/2017,1,1172320.105719411,1852517.9814434,41.750751157,-87.644107793,"(41.75075115747316, -87.64410779300933)"
MILWAUKEE AND DEVON,1272,6400 N MILWAUKEE AVEN,07/08/2015,2,1132463.750397878,1942107.911507627,41.997382173,-87.788077674,"(41.99738217345368, -87.78807767391953)"
71ST AND ASHLAND,2394,1600 W 71ST,07/08/2015,4,1166890.012333149,1857674.2502247,41.765018306,-87.66385923,"(41.76501830555763, -87.66385923012646)"
IRVING PARK AND KILPATRICK,2764,4700 W IRVING PARK ROA,07/08/2015,3,,,,,
TOUHY AND OSCEOLA,1243,7432 W TOUHY AVENUE,02/02/2017,1,1125717.010560011,1947269.685461107,42.011661765,-87.812781431,"(42.01166176507329, -87.81278143114147)"
HALSTED AND NORTH,1761,1600 N HALSTED STREET,02/02/2017,4,1170678.283433825,1910880.991397547,41.910940644,-87.648419043,"(41.91094064391597, -87.64841904272998)"
AUSTIN AND ADDISON,1491,3600 N AUSTIN AVENUE,07/08/2015,2,1135691.599896458,1923335.967306169,41.945813215,-87.776652162,"(41.9458132146695, -87.77665216156436)"
MILWAUKEE AND MONTROSE,1362,4400 N MILWAUKEE AVEN,07/08/2015,3,1141643.943268783,1928770.256316239,41.96061723,-87.75463824,"(41.9606172296957, -87.75463824007085)"
KEDZIE AND ARMITAGE,1834,3200 W ARMITAGE AVENUE,07/08/2015,2,1154700.851347995,1913153.252187904,41.917511023,-87.707053639,"(41.91751102291878, -87.7070536388797)"
MONTROSE AND WESTERN,1224,2400 W MONTROSE AVENUE,07/08/2015,2,1159562.971802959,1929191.337701253,41.961421726,-87.68874698,"(41.961421726406314, -87.68874697983858)"
PULASKI AND IRVING PARK,1572,4000 N PULASKI ROAD,07/08/2015,2,1148970.255325552,1926313.600468643,41.953737051,-87.727766612,"(41.95373705144353, -87.72776661179896)"
55TH and PULASKI,,4000 W 55TH ST,07/08/2015,1,1150621.676903861,1867864.274865394,41.793313334,-87.723223038,"(41.79331333358753, -87.72322303812588)"
JEFFERY AND 95TH,2523,2000 E 95TH ST,07/08/2015,3,1191188.381103057,1842410.411853539,41.722579473,-87.575292523,"(41.722579473126416, -87.57529252250366)"
75TH AND STATE,2624,1 E 75TH STREET,07/08/2015,3,1177601.72646404,1855229.486604181,41.758074111,-87.624671658,"(41.75807411097799, -87.62467165835182)"
FOSTER AND NAGLE,1034,6400 W FOSTER,07/08/2015,1,1132552.893142153,1934229.875527466,41.975762574,-87.787934296,"(41.97576257447203, -87.7879342955108)"
PULASKI AND ARCHER,2154,5000 S ARCHER AVE,07/08/2015,1,1150501.818909837,1871162.311703322,41.802365973,-87.723576766,"(41.80236597333895, -87.72357676611004)"
CALIFORNIA AND PETERSON,1313,2800 W PETERSON AVENUE,07/08/2015,6,1156569.515341857,1939784.830544118,41.990552082,-87.699464396,"(41.990552081681564, -87.69946439622785)"
ASHLAND AND DIVISION,1791,1200 N ASHLAND AVENUE,07/08/2015,7,1165466.997046718,1908083.767015974,41.903377468,-87.667643142,"(41.903377467566784, -87.66764314227497)"
HAMLIN AND LAKE,1882,300 N HAMLIN AVENUE,07/08/2015,2,1150970.026856642,1901381.688308858,41.885282636,-87.721069539,"(41.88528263580913, -87.72106953854511)"
SACRAMENTO AND CHICAGO,1814,3000 W CHICAGO AVENUE,07/08/2015,1,1156075.266375505,1905216.604770718,41.895704525,-87.702218524,"(41.895704524946225, -87.70221852353758)"
CLARK AND IRVING PARK,1093,1300 W IRVING PARK ROAD,07/08/2015,6,1166777.545456989,1926719.73687357,41.954487567,-87.662293496,"(41.95448756687966, -87.66229349585691)"
CANAL AND ROOSEVELT,2294,500 W ROOSEVELT ROAD,07/08/2015,5,1173290.72186561,1895021.166235495,41.867362693,-87.639293195,"(41.867362692616666, -87.63929319464197)"
LARAMIE AND MADISON,2044,5200 W MADISON STREET,07/08/2015,10,1141706.965522802,1899567.55684314,41.880480752,-87.755130433,"(41.88048075170171, -87.75513043296509)"
4700 WESTERN,2142,4700 S WESTERN AVENUE,07/08/2015,2,1161120.438879703,1873431.066474726,41.808378408,-87.684570717,"(41.808378407946726, -87.68457071689552)"
CERMAK AND PULASKI,2334,4000 W CERMAK,07/08/2015,5,1150018.476053666,1889120.238540361,41.851654369,-87.724882975,"(41.85165436867626, -87.7248829753078)"
CLARK AND FULLERTON,1631,2400 N CLARK ST,07/08/2015,3,1172749.562209477,1916238.997132859,41.925597623,-87.640650973,"(41.925597623023144, -87.64065097309872)"
STONY ISLAND/CORNELL AND 67TH,2731,6700 S CORNELL DRIVE,07/08/2015,10,1188316.454860734,1860851.137456735,41.77325149,-87.5852246,"(41.77325148959568, -87.58522459967712)"
IRVING PARK AND NARRAGANSETT,1023,6400 W IRVING PK,07/08/2015,1,1132945.939118726,1925946.304925137,41.953024751,-87.786683238,"(41.95302475075328, -87.78668323766634)"
HALSTED AND NORTH,1764,800 W NORTH AVENUE,07/08/2015,3,1170700.68422007,1910913.190749698,41.91102851,-87.648335806,"(41.91102850981186, -87.64833580602037)"
LAFAYETTE AND 87TH,2502,8700 S LAFAYETTE AVEN,07/08/2015,21,1177417.493180297,1847243.988223464,41.73616511,-87.625587569,"(41.73616511008592, -87.62558756899932)"
HALSTED AND FULLERTON,1701,2400 N HALSTED STREET,07/08/2015,1,1170501.602639925,1916200.061550148,41.925540315,-87.648912156,"(41.925540315431995, -87.64891215551155)"
FULLERTON AND NARRAGANSETT,1553,6400 W FULLERTON AVENU,07/08/2015,1,1133317.594499059,1915293.661305931,41.923786189,-87.785567206,"(41.92378618871128, -87.78556720562165)"
PULASKI AND ARMITAGE,1844,4000 W ARMITAGE AVENUE,07/08/2015,1,1149375.428872108,1913028.984273181,41.917275069,-87.726622746,"(41.91727506940875, -87.72662274644799)"
SACRAMENTO AND LAKE,1822,150 N SACRAMENTO BOUL,07/08/2015,5,1156319.560664766,1900957.489351962,41.884012178,-87.701436479,"(41.88401217771363, -87.7014364786693)"
ASHLAND AND MADISON,1911,0 N ASHLAND AVE,07/08/2015,2,,,,,
WESTERN AND TOUHY,1251,7200 N WESTERN AVENUE,07/08/2015,2,1158975.66256211,1947754.286963361,42.012371335,-87.690393917,"(42.012371334791766, -87.69039391737863)"
WESTERN AND ADDISON,1563,2400 W ADDISON,07/08/2015,2,1159719.041544334,1923878.577275797,41.946839991,-87.688320193,"(41.9468399910054, -87.68832019252964)"
KOSTNER AND NORTH,2013,4400 W NORTH,07/08/2015,4,1146738.551618032,1910309.595368032,41.909863573,-87.736380296,"(41.90986357340246, -87.73638029605371)"
IRVING PARK AND LARAMIE,1534,5200 W IRVING PARK ROA,07/08/2015,4,,,,,
DIVISION AND DAMEN,1734,2000 W DIVISION,07/08/2015,2,1162815.710860194,1908034.672555531,41.903298793,-87.677383247,"(41.903298792681944, -87.67738324739636)"
ASHLAND AND 87TH,2452,8700 S ASHLAND AVE,07/08/2015,1,1167150.470087748,1846991.212339794,41.735696989,-87.663209544,"(41.73569698863625, -87.66320954445679)"
LAFAYETTE AND 87TH,2503,30 W 87TH STREET,07/08/2015,11,1177407.651800237,1847320.772058312,41.736376037,-87.625621311,"(41.736376036604916, -87.62562131092602)"
WESTERN AND 63RD,2373,2400 W 63RD ST,07/08/2015,2,1161444.415758584,1862848.534703658,41.779331844,-87.683675761,"(41.77933184429814, -87.68367576084798)"
LASALLE AND KINZIE,1921,400 N LASALLE,07/08/2015,5,1175028.579766798,1903002.552291359,41.889225372,-87.632674115,"(41.88922537162015, -87.63267411498495)"
BELMONT AND KEDZIE,1372,3200 N KEDZIE AVE,07/08/2015,9,1154426.977874407,1921110.466549542,41.93935173,-87.707846594,"(41.93935173030961, -87.70784659359776)"
119TH AND HALSTED,2402,11900 S HALSTED,07/08/2015,2,1173094.774616191,1825911.054609338,41.677720829,-87.642051845,"(41.67772082924762, -87.64205184498218)"
WESTERN AND NORTH,1853,2400 W NORTH AVE,07/08/2015,1,1160100.839010995,1910612.783367238,41.910429862,-87.687284221,"(41.91042986235867, -87.68728422050837)"
55TH AND KEDZIE,2163,3200 W 55TH STREET,07/08/2015,4,1155966.956993183,1868015.593764152,41.793622803,-87.703618141,"(41.79362280329978, -87.70361814062049)"
HOMAN/KIMBALL AND NORTH,1771,1600 N HOMAN AVENUE,07/08/2015,1,,,,,
CENTRAL AND DIVERSEY,1642,2800 N CENTRAL AVENUE,07/08/2015,3,1138516.407377375,1918089.499227987,41.931365552,-87.766396529,"(41.93136555236339, -87.76639652879172)"
WESTERN AND CERMAK,1002,2200 S WESTERN AVENUE,11/22/2016,2,1160669.42562757,1889318.196820393,41.85198384,-87.685785704,"(41.85198383957328, -87.68578570420526)"
SHERIDAN AND FOSTER,1132,5200 N SHERIDAN ROAD,07/08/2015,3,1168661.623718229,1934753.842272756,41.976492721,-87.655133605,"(41.97649272077833, -87.65513360456677)"
CICERO AND HARRISON,2023,4800 W HARRISON STREET,07/08/2015,4,1144451.867388303,1896949.561959463,41.873245464,-87.745117179,"(41.873245464379586, -87.7451171788807)"
FOSTER AND NAGLE,1031,5200 N NAGLE,07/08/2015,6,1132529.656558223,1934201.702060651,41.97568567,-87.788020406,"(41.97568566971868, -87.78802040620296)"
CHICAGO AND CLARK,1963,100 W CHICAGO AVENUE,02/02/2017,11,1175374.528739575,1905745.47783364,41.896744347,-87.631321248,"(41.896744346875806, -87.63132124815151)"
KEDZIE AND 31ST,2134,3200 W 31ST STREET,07/08/2015,4,1155487.128005646,1883943.061106793,41.8373395,-87.704950558,"(41.83733950029648, -87.70495055800411)"
PULASKI AND DIVISION,1801,1200 N PULASKI ROAD,07/08/2015,4,1149459.590666926,1907723.219884254,41.902713902,-87.726451457,"(41.902713901936174, -87.72645145715836)"
ELSTON AND LAWRENCE,1284,4440 W LAWRENCE AVENUE,07/08/2015,10,1145715.061027481,1931571.0474838,41.968226398,-87.739599251,"(41.96822639754791, -87.73959925065756)"
WESTERN AND MARQUETTE,2672,6700 S WESTERN AVENUE,02/02/2017,3,1161488.747635042,1860134.788366884,41.771884028,-87.683588402,"(41.77188402771193, -87.68358840206334)"
79TH AND HALSTED,2543,800 W 79TH STREET,07/08/2015,5,1172320.105719411,1852517.9814434,41.750751157,-87.644107793,"(41.75075115747316, -87.64410779300933)"
CICERO AND WASHINGTON,1891,100 N CICERO AVENUE,07/08/2015,12,1144328.984091479,1900095.170838459,41.88187971,-87.745489247,"(41.88187970991601, -87.7454892473012)"
ELSTON AND LAWRENCE,1282,4800 N ELSTON AVENUE,07/08/2015,4,1145529.344259918,1931501.601268983,41.968039361,-87.740283894,"(41.96803936143674, -87.74028389448999)"
CENTRAL AND LAKE,1742,400 N CENTRAL AVENUE,07/08/2015,4,1138928.478257537,1902217.926149854,41.887804621,-87.765268498,"(41.88780462053497, -87.76526849810371)"
HAMLIN AND LAKE,1881,300 N HAMLIN AVENUE,07/08/2015,1,1150970.026856642,1901381.688308858,41.885282636,-87.721069539,"(41.88528263580913, -87.72106953854511)"
HAMLIN AND MADISON,1901,0 N HAMLIN BOULEVARD,07/08/2015,6,,,,,
DIVISION AND DAMEN,1733,2000 W DIVISION,07/08/2015,6,1162815.710860194,1908034.672555531,41.903298793,-87.677383247,"(41.903298792681944, -87.67738324739636)"
PERSHING AND WESTERN,2112,3900 S WESTERN BLVD,07/08/2015,1,1161130.992078755,1878746.226354636,41.822963628,-87.684384785,"(41.82296362788048, -87.68438478541296)"
BROADWAY/SHERIDAN AND DEVON,1122,6400 N SHERIDAN ROAD,07/08/2015,3,1167087.151194129,1942658.704988689,41.998217921,-87.660695256,"(41.99821792053241, -87.6606952555721)"
CENTRAL AND ADDISON,1683,5600 W ADDISON STREET,07/08/2015,1,1138349.663302502,1923416.02157061,41.945985104,-87.766879952,"(41.94598510430888, -87.76687995165918)"
WESTERN AND MARQUETTE,2672,6700 S WESTERN AVENUE,07/08/2015,6,1161488.747635042,1860134.788366884,41.771884028,-87.683588402,"(41.77188402771193, -87.68358840206334)"
HOLLYWOOD AND SHERIDAN,1344,1000 W HOLLYWOOD AVE,07/08/2015,28,1168580.228926466,1938090.295189338,41.985649799,-87.655335807,"(41.98564979859328, -87.65533580655139)"
CICERO AND DIVERSEY,1694,4800 W DIVERSEY AVENUE,02/02/2017,1,1143869.848167704,1918226.043989398,41.93164142,-87.746719911,"(41.93164142040689, -87.7467199106462)"
119TH AND HALSTED,2404,800 W 119TH STREET,07/08/2015,1,1173111.174088158,1825985.001014405,41.677923389,-87.641989646,"(41.677923389134385, -87.64198964584013)"
ROOSEVELT AND PULASKI,2311,1200 S PULASKI ROAD,07/08/2015,1,1149866.002247864,1894375.839200384,41.866079337,-87.725305995,"(41.86607933722178, -87.7253059948758)"
WESTERN AND CHICAGO,1943,2400 W CHICAGO AVE,07/08/2015,4,1160226.686812944,1905300.904544474,41.895851041,-87.686968935,"(41.895851041123755, -87.68696893468467)"
KEDZIE AND 26TH,2382,2600 S KEDZIE AVENUE,02/02/2017,3,1155404.235510285,1886524.460033054,41.844424831,-87.705185452,"(41.84442483084393, -87.70518545233183)"
PULASKI AND ARCHER,2153,5000 S ARCHER AVE,07/08/2015,4,1150501.818909837,1871162.311703322,41.802365973,-87.723576766,"(41.80236597333895, -87.72357676611004)"
CHICAGO AND CLARK,1964,100 W CHICAGO AVENUE,07/08/2015,12,1175374.528739575,1905745.47783364,41.896744347,-87.631321248,"(41.896744346875806, -87.63132124815151)"
BROADWAY/SHERIDAN AND DEVON,1123,1200 W DEVON AVE,07/08/2015,3,1167109.644248166,1942688.147952186,41.998298228,-87.660611661,"(41.99829822771884, -87.66061166063517)"
LASALLE AND KINZIE,1923,140 W KINZIE,07/08/2015,2,1175048.09765242,1903028.894760294,41.889297219,-87.632601648,"(41.88929721947309, -87.63260164817305)"
IRVING PARK AND KEDZIE,1353,3200 W IRVING PARK ROAD,07/08/2015,5,1154325.140302006,1926458.463197156,41.954029047,-87.708077494,"(41.95402904691877, -87.70807749383191)"
CICERO AND ADDISON,1611,3600 N CICERO AVENUE,07/08/2015,5,1143698.904601495,1923517.005821035,41.946163524,-87.747215169,"(41.94616352362556, -87.74721516897007)"
PULASKI AND FOSTER,1104,4000 W FOSTER AVE,07/08/2015,3,1148759.16134887,1934294.249006446,41.975640616,-87.728335469,"(41.975640616231914, -87.72833546926573)"
CENTRAL AND IRVING PARK,1183,5600 W IRVING PARK ROAD,07/08/2015,2,1138281.535484986,1926078.647777633,41.953292847,-87.767065708,"(41.953292847298, -87.76706570775266)"
CICERO AND ADDISON,1612,3600 N CICERO AVENUE,07/08/2015,3,1143698.904601495,1923517.005821035,41.946163524,-87.747215169,"(41.94616352362556, -87.74721516897007)"
WESTERN AND 71ST,2614,2400 W 71ST STREET,07/08/2015,1,1161584.506819846,1857557.788853485,41.764810388,-87.683308769,"(41.76481038827884, -87.68330876944678)"
115TH AND HALSTED,2553,800 W 115TH STREET,07/08/2015,4,1173010.735357888,1828632.242070332,41.685190056,-87.642279564,"(41.68519005571938, -87.64227956401977)"
ROOSEVELT AND HALSTED,2233,800 W ROOSEVELT ROAD,07/08/2015,5,1171199.282357741,1894968.056393724,41.867263098,-87.646972686,"(41.86726309836901, -87.64697268601648)"
111TH AND HALSTED,2424,800 W 111TH ST,07/08/2015,3,1172945.404219168,1831282.917027882,41.692465363,-87.642440901,"(41.692465363421874, -87.64244090105778)"
PETERSON AND WESTERN,1014,2400 W PETERSON,02/02/2017,5,1159214.211316277,1939825.301874586,41.99060901,-87.689735481,"(41.990609009807294, -87.68973548092968)"
HARLEM AND BELMONT,1394,7200 W BELMONT AVE,07/08/2015,4,1127504.698153561,1920475.415440844,41.938105479,-87.806809552,"(41.93810547939496, -87.80680955240743)"
FULLERTON AND NARRAGANSETT,1554,6400 W FULLERTON AVENU,07/08/2015,5,1133317.594499059,1915293.661305931,41.923786189,-87.785567206,"(41.92378618871128, -87.78556720562165)"
HALSTED AND MADISON,1872,1 N HALSTED STREET,07/08/2015,5,1171090.967986833,1900270.454015136,41.881815632,-87.647214717,"(41.88181563164203, -87.64721471704077)"
CALIFORNIA AND DIVERSEY,1513,2800 W DIVERSEY,07/08/2015,5,1157212.54253358,1918526.674434943,41.932205395,-87.697679244,"(41.93220539506452, -87.6976792438691)"
CICERO AND NORTH,2034,4800 W NORTH AVENUE,07/08/2015,2,1144053.733747163,1910243.80567041,41.90973389,-87.746244973,"(41.909733890131285, -87.74624497295898)"
IRVING PARK AND CALIFORNIA,1233,2800 W IRVING PARK ROA,07/08/2015,7,,,,,
HALSTED AND FULLERTON,1704,800 W FULLERTON AVENUE,07/08/2015,7,1170525.624723311,1916208.443992778,41.925562791,-87.648823641,"(41.92556279107417, -87.64882364145232)"
ROOSEVELT AND PULASKI,2314,4000 W ROOSEVELT ROAD,07/08/2015,3,1149885.032049683,1894449.464076882,41.866281003,-87.72523422,"(41.866281002664536, -87.72523421983905)"
HALSTED AND DIVISION,1714,800 W DIVISION,07/08/2015,4,1170767.827960358,1908259.644151662,41.903745557,-87.648167011,"(41.90374555734733, -87.64816701062779)"
PULASKI AND LAWRENCE,1172,4800 N PULASKI ROAD,07/08/2015,2,1148821.701520117,1931605.974570937,41.968262595,-87.728175316,"(41.968262595100775, -87.7281753157596)"
CLARK AND FULLERTON,1632,2400 N CLARK ST,02/02/2017,2,1172749.562209477,1916238.997132859,41.925597623,-87.640650973,"(41.925597623023144, -87.64065097309872)"
HALSTED AND 103RD,2592,10300 S HALSTED STREE,07/08/2015,1,,,,,
WESTERN AND DEVON,1211,6400 N WESTERN AVENUE,07/08/2015,3,1159113.585759434,1942451.622367891,41.997817807,-87.690033035,"(41.997817807026, -87.69003303469276)"
ROOSEVELT AND KOSTNER,2321,1200 S KOSTNER,07/08/2015,6,1147196.304001978,1894305.883269746,41.865938839,-87.735108549,"(41.8659388389088, -87.73510854901264)"
ADDISON AND HARLEM,1591,3600 N HARLEM AVENUE,07/08/2015,7,1127394.594070737,1923110.532422811,41.945338412,-87.807154769,"(41.94533841246591, -87.80715476912044)"
99TH AND HALSTED,2431,9900 S HALSTED ST,07/08/2015,13,1172689.754200318,1839171.652197216,41.714118868,-87.643145408,"(41.714118868089905, -87.64314540818165)"
CORTLAND AND ASHLAND,1721,1900 N ASHLAND AVE,07/08/2015,13,1165348.084854857,1912736.454335569,41.916147281,-87.667947354,"(41.91614728095272, -87.66794735350443)"
DAMEN AND 63RD,2701,6300 S DAMEN AVENUE,07/08/2015,1,1164069.407943298,1862830.277442834,41.779226921,-87.674052731,"(41.77922692069256, -87.67405273137854)"
CICERO AND HARRISON,2022,600 S CICERO AVENUE,07/08/2015,4,1144444.97442848,1896894.622216872,41.873094833,-87.745143869,"(41.873094832519136, -87.74514386884542)"
CICERO AND ARMITAGE,2001,2000 N CICERO AVENUE,07/08/2015,1,1144031.525719004,1912881.8300295,41.916973325,-87.746260223,"(41.91697332451097, -87.74626022251057)"
WESTERN AND 79TH,2481,7900 S WESTERN AVE,07/08/2015,4,1161711.516404028,1852181.685686118,41.750054934,-87.682992203,"(41.750054933649984, -87.68299220290213)"
SACRAMENTO AND LAKE,1821,150 N SACRAMENTO BOUL,02/02/2017,16,1156319.560664766,1900957.489351962,41.884012178,-87.701436479,"(41.88401217771363, -87.7014364786693)"
DIVERSEY AND WESTERN,1434,2400 W DIVERSEY AVENUE,07/08/2015,2,1159859.648423836,1918576.255784305,41.932287183,-87.687950093,"(41.93228718299094, -87.6879500934122)"
JEFFERY AND 95TH,2522,9500 S JEFFERY AVE,02/02/2017,5,1191132.420601301,1842335.735988875,41.722375907,-87.575499903,"(41.72237590704101, -87.57549990332795)"
CICERO AND PETERSON,1204,4800 W PETERSON AVENUE,07/08/2015,1,1143273.766829016,1939491.944645127,41.990008007,-87.748376951,"(41.99000800729908, -87.74837695118997)"
4700 WESTERN,2141,4700 S WESTERN AVENUE,07/08/2015,2,1161120.438879703,1873431.066474726,41.808378408,-87.684570717,"(41.808378407946726, -87.68457071689552)"
WESTERN AND ADDISON,1562,3600 N WESTERN AVENUE,02/02/2017,5,1159695.573342728,1923871.086283556,41.94681992,-87.688406662,"(41.94681991986288, -87.68840666206194)"
ROOSEVELT AND KOSTNER,2323,4400 W ROOSEVELT,07/08/2015,4,1147200.963258796,1894379.538078088,41.866140868,-87.73508956,"(41.866140867641654, -87.73508956008207)"
JEFFERY AND 95TH,2522,9500 S JEFFERY AVE,07/08/2015,5,1191132.420601301,1842335.735988875,41.722375907,-87.575499903,"(41.72237590704101, -87.57549990332795)"
LAWRENCE AND WESTERN,1193,2400 W LAWRENCE AVENUE,07/08/2015,2,1159482.648570304,1931851.989492596,41.968724349,-87.688968727,"(41.96872434882172, -87.68896872699601)"
HALSTED AND 95TH,2581,9500 S HALSTED STREET,07/08/2015,2,1172610.538363645,1841811.61926207,41.721365061,-87.643358042,"(41.72136506078306, -87.64335804234075)"
PULASKI AND DIVISION,1802,1200 N PULASKI ROAD,07/08/2015,3,1149459.590666926,1907723.219884254,41.902713902,-87.726451457,"(41.902713901936174, -87.72645145715836)"
CICERO AND 47TH,2204,4800 W 47TH ST,07/08/2015,9,1145130.048925744,1873078.44198302,41.807727017,-87.743229366,"(41.80772701677172, -87.74322936566276)"
KOSTNER AND NORTH,2012,4400 W GRAND AVE,07/08/2015,4,1146773.519128439,1910425.663958581,41.91018141,-87.73624887,"(41.910181409597406, -87.73624887040725)"
STONY ISLAND/CORNELL AND 67TH,2721,6700 S STONY ISLAND A,07/08/2015,11,1187984.143047539,1860863.338367666,41.773292896,-87.586442368,"(41.77329289585066, -87.58644236831432)"
KEDZIE AND 47TH,2104,3200 W 47TH ST,07/08/2015,1,1155815.231505056,1873336.169728074,41.808226246,-87.704031672,"(41.808226246244026, -87.70403167215984)"
63RD AND STATE,2714,1 E 63RD ST,11/13/2015,12,1177367.518733101,1863199.17768559,41.779949105,-87.625289553,"(41.779949104569106, -87.62528955333775)"
DIVERSEY AND AUSTIN,1454,6000 W DIVERSEY AVENUE,07/08/2015,1,1135895.736169343,1918029.70673837,41.931248624,-87.776028612,"(41.931248623643455, -87.77602861172493)"
CICERO AND FULLERTON,1472,2400 N CICERO AVE,07/08/2015,10,1143961.592189569,1915545.343094087,41.92428359,-87.74645019,"(41.92428358982701, -87.74645019028947)"
PERSHING AND WESTERN,2112,3900 S WESTERN BLVD,02/02/2017,3,1161130.992078755,1878746.226354636,41.822963628,-87.684384785,"(41.82296362788048, -87.68438478541296)"
PULASKI AND ARMITAGE,1843,4000 W ARMITAGE AVENUE,07/08/2015,7,1149375.428872108,1913028.984273181,41.917275069,-87.726622746,"(41.91727506940875, -87.72662274644799)"
ARCHER AND CICERO,2081,5200 S CICERO AVE,07/08/2015,20,1145195.931989777,1869737.708306623,41.798558278,-87.743071866,"(41.798558278193305, -87.74307186616427)"
ASHLAND AND FULLERTON,1652,2400 N ASHLAND AVENUE,07/08/2015,8,1165228.073342838,1916032.319169157,41.92519389,-87.668294363,"(41.92519388981048, -87.66829436339881)"
STATE AND 79TH,2651,7900 S STATE STREET,01/16/2017,6,1177618.166929966,1852621.870232838,41.750918138,-87.624690123,"(41.7509181383154, -87.62469012251644)"
MADISON AND WESTERN,1931,1 S WESTERN AVE,07/08/2015,2,1160453.827721979,1899933.703473746,41.881118279,-87.686283339,"(41.881118278833966, -87.686283338873)"
75TH AND STATE,2621,7500 S STATE STREET,07/08/2015,8,1177538.763040612,1855235.551345519,41.758092176,-87.624902228,"(41.75809217638291, -87.6249022282473)"
HALSTED AND MADISON,1871,1 S HALSTED STREET,07/08/2015,7,1171092.392868784,1900234.542088741,41.881717056,-87.647210539,"(41.88171705561901, -87.64721053920604)"
WESTERN AND CHICAGO,1941,800 N WESTERN AVE,07/08/2015,10,1160220.967978608,1905277.507115921,41.895786955,-87.686990586,"(41.89578695485361, -87.68699058611217)"
LARAMIE AND MADISON,2043,5200 W MADISON STREET,07/08/2015,3,1141706.965522802,1899567.55684314,41.880480752,-87.755130433,"(41.88048075170171, -87.75513043296509)"
WENTWORTH AND GARFIELD,2264,200 W GARFIELD BLVD,07/08/2015,30,1175889.574397302,1868551.750512227,41.794670385,-87.630547476,"(41.79467038468937, -87.63054747605638)"
COTTAGE GROVE AND 71ST,2572,7100 S COTTAGE GROVE,07/08/2015,2,1182746.23698699,1858088.011064538,41.765800351,-87.605729127,"(41.76580035131893, -87.6057291269901)"
PULASKI AND LAWRENCE,1173,4000 W LAWRENCE AVENUE,07/08/2015,1,1148844.220085601,1931638.45430438,41.968351285,-87.728091672,"(41.96835128527914, -87.72809167198088)"
CENTRAL AND CHICAGO,1972,800 N CENTRAL AVENUE,07/08/2015,3,1138836.562608552,1904801.732832435,41.894896579,-87.765543258,"(41.89489657939746, -87.76554325845893)"
KEDZIE AND 71ST,2354,3200 W 71ST STREET,07/08/2015,1,1156246.862901455,1857404.014959868,41.764497433,-87.702877023,"(41.76449743256955, -87.70287702335861)"
WESTERN AND FOSTER,1074,2400 W FOSTER AVE,07/08/2015,7,1159379.402846887,1934502.712486132,41.97600019,-87.689275084,"(41.97600018976586, -87.68927508385399)"
STATE AND 79TH,2651,7900 S STATE STREET,07/08/2015,7,1177618.166929966,1852621.870232838,41.750918138,-87.624690123,"(41.7509181383154, -87.62469012251644)"
DAMEN AND FULLERTON,1663,2000 W FULLERTON AVE,07/08/2015,13,1162596.935552891,1915990.579747891,41.925134944,-87.677963546,"(41.92513494374925, -87.67796354553815)"
PULASKI AND DIVERSEY,1542,2800 N PULASKI ROAD,07/08/2015,5,1149200.724531183,1918332.222549679,41.931831026,-87.727126873,"(41.93183102561505, -87.72712687300454)"
OGDEN AND KOSTNER,2222,2348 S KOSTNER AVENUE,07/08/2015,5,1147394.548182079,1887795.177782082,41.848068845,-87.734547457,"(41.8480688449598, -87.73454745748458)"
PULASKI AND ARMITAGE,1843,4000 W ARMITAGE AVENUE,04/19/2017,1,1149375.428872108,1913028.984273181,41.917275069,-87.726622746,"(41.91727506940875, -87.72662274644799)"
KOSTNER AND NORTH,2011,1600 N KOSTNER,07/08/2015,1,1146732.108679105,1910282.120990798,41.909788304,-87.736404667,"(41.90978830394343, -87.73640466739216)"
ASHLAND AND IRVING PARK,1151,4000 N ASHLAND AVENUE,07/08/2015,2,1164899.463802581,1926665.661118925,41.954379326,-87.66919912,"(41.954379326212695, -87.66919911980419)"
PULASKI AND IRVING PARK,1574,4000 W IRVING PARK RD,07/08/2015,8,1148988.727877253,1926320.954938409,41.953756874,-87.727698513,"(41.95375687447515, -87.72769851312907)"
IRVING PARK AND LARAMIE,1533,5200 W IRVING PARK ROA,11/14/2015,1,,,,,
CENTRAL AND FULLERTON,1444,5600 W FULLERTON AVENU,07/08/2015,1,1138627.279189421,1915438.969256439,41.924090199,-87.76605353,"(41.92409019883488, -87.76605353016079)"
CENTRAL AND CHICAGO,1973,5600 W CHICAGO AVENUE,07/08/2015,3,1138858.856732452,1904825.827586656,41.894962293,-87.765460791,"(41.89496229349977, -87.76546079122906)"
HOLLYWOOD AND SHERIDAN,1343,1000 W HOLLYWOOD AVE,07/08/2015,3,1168580.228926466,1938090.295189338,41.985649799,-87.655335807,"(41.98564979859328, -87.65533580655139)"
HOMAN/KIMBALL AND NORTH,1773,3400 W NORTH AVE,07/08/2015,10,1153386.578905125,1910465.87061722,41.910162847,-87.711953868,"(41.91016284680269, -87.71195386769125)"
CALIFORNIA AND DIVERSEY,1514,2800 W DIVERSEY,07/08/2015,23,1157212.54253358,1918526.674434943,41.932205395,-87.697679244,"(41.93220539506452, -87.6976792438691)"
DAMEN AND DIVERSEY,1462,2800 N DAMEN AVENUE,07/08/2015,3,1162490.04851994,1918611.623717091,41.932329494,-87.678282719,"(41.9323294940985, -87.67828271931386)"
35TH AND WESTERN,2091,3500 S WESTERN,07/08/2015,2,1160894.949857101,1881376.851112895,41.830187255,-87.685177925,"(41.83018725526863, -87.68517792510231)"
STONEY ISLAND AND 76TH,2631,7600 S STONY ISLAND A,07/08/2015,11,1188092.796191935,1854889.354158304,41.756897173,-87.586234285,"(41.75689717260223, -87.58623428506996)"
PULASKI AND 63RD,2342,6300 S PULASKI RD,07/08/2015,4,1150746.00309079,1862516.747695325,41.778636469,-87.722906356,"(41.77863646878099, -87.72290635568541)"
55TH AND WESTERN,2212,5500 S WESTERN AVE,07/08/2015,5,1161269.521335262,1867963.111601251,41.793370554,-87.684175377,"(41.79337055433029, -87.6841753767592)"
WESTERN AND DEVON,1212,6400 N WESTERN AVENUE,07/08/2015,2,1159113.585759434,1942451.622367891,41.997817807,-87.690033035,"(41.997817807026, -87.69003303469276)"
KIMBALL AND DIVERSEY,1583,3400 W DIVERSEY AVENUE,07/08/2015,1,1153211.149172713,1918454.477800566,41.932087747,-87.71238583,"(41.932087747378944, -87.71238582951281)"
LARAMIE AND FULLERTON,1424,5200 W FULLERTON AVENUE,02/02/2017,10,1141305.554932016,1915502.611239048,41.924215797,-87.756210755,"(41.92421579723144, -87.75621075458939)"
HAMLIN AND MADISON,1903,3800 W MADISON STREET,07/08/2015,8,1151032.709141294,1899784.033986533,41.880897273,-87.720881226,"(41.880897273491264, -87.72088122613924)"
OGDEN AND KOSTNER,2223,4400 W OGDEN AVENUE,07/08/2015,10,1147406.592439224,1887689.099869462,41.847777523,-87.734505969,"(41.84777752280453, -87.73450596874825)"
DIVERSEY AND WESTERN,1431,2800 N WESTERN AVENUE,07/08/2015,2,1159837.205417355,1918550.506189309,41.932216988,-87.688033281,"(41.93221698794738, -87.68803328089533)"
WENTWORTH AND GARFIELD,2261,5500 S WENTWORTH AVEN,07/08/2015,6,,,,,
CALIFORNIA AND DEVON,1321,6400 N CALIFORNIA AVE,07/08/2015,2,1156461.150245401,1942370.37710537,41.997649133,-87.699792629,"(41.997649133049336, -87.69979262891378)"
AUSTIN AND IRVING PARK,1161,4000 N AUSTIN AVENUE,07/08/2015,4,1135599.956110927,1926006.862619986,41.953144059,-87.776925284,"(41.95314405904539, -87.77692528423394)"
PULASKI AND PETERSON,1262,6000 N PULASKI ROAD,02/02/2017,1,1148598.016685695,1939584.645960177,41.990160923,-87.728790748,"(41.99016092280557, -87.72879074759867)"
HOMAN/KIMBALL AND NORTH,1771,1600 N HOMAN AVENUE,02/02/2017,3,,,,,
WESTERN AND FULLERTON,1671,2400 N WESTERN AVENUE,07/08/2015,7,1159923.309342995,1915897.778561358,41.924935944,-87.687790255,"(41.92493594409127, -87.68779025471278)"
STONEY ISLAND AND 79TH,2462,7900 S STONEY ISLAND,07/08/2015,6,1188181.571068297,1852908.934789311,41.751460603,-87.585971993,"(41.75146060316686, -87.5859719929647)"
CENTRAL AND BELMONT,1602,3200 N CENTRAL AVENUE,07/08/2015,1,1138430.432324593,1920731.654410336,41.938617463,-87.766648297,"(41.938617463272884, -87.76664829683827)"
STONEY ISLAND AND 79TH,2464,1600 E 79TH ST,07/08/2015,3,1188284.704439907,1852964.829047574,41.751611523,-87.585592284,"(41.75161152327319, -87.58559228428787)"
CHICAGO AND CLARK,1963,100 W CHICAGO AVENUE,07/08/2015,1,1175374.528739575,1905745.47783364,41.896744347,-87.631321248,"(41.896744346875806, -87.63132124815151)"
HALSTED AND 103RD,2592,10300 S HALSTED STREE,11/19/2015,6,,,,,
WESTERN AND CERMAK,1002,2200 S WESTERN AVENUE,07/08/2015,4,1160669.42562757,1889318.196820393,41.85198384,-87.685785704,"(41.85198383957328, -87.68578570420526)"
PERSHING AND WESTERN,2114,2400 W PERSHING ROAD,07/08/2015,3,1160957.773623189,1878793.434193427,41.82309676,-87.685018951,"(41.82309676016606, -87.68501895061576)"
VAN BUREN AND WESTERN,2052,400 S WESTERN AVENUE,07/08/2015,22,1160431.682297829,1898091.942371589,41.876064776,-87.686415631,"(41.87606477642526, -87.68641563098768)"
BELMONT AND KEDZIE,1372,3200 N KEDZIE AVE,02/02/2017,6,1154426.977874407,1921110.466549542,41.93935173,-87.707846594,"(41.93935173030961, -87.70784659359776)"
31ST ST AND MARTIN LUTHER KING DRIVE,2121,3100 S DR MARTIN L KING,07/08/2015,5,,,,,
DIVERSEY AND WESTERN,1431,2800 N WESTERN AVENUE,07/09/2015,5,1159837.205417355,1918550.506189309,41.932216988,-87.688033281,"(41.93221698794738, -87.68803328089533)"
MILWAUKEE AND DEVON,1272,6400 N MILWAUKEE AVEN,07/09/2015,4,1132463.750397878,1942107.911507627,41.997382173,-87.788077674,"(41.99738217345368, -87.78807767391953)"
KEDZIE AND ARMITAGE,1834,3200 W ARMITAGE AVENUE,07/09/2015,1,1154700.851347995,1913153.252187904,41.917511023,-87.707053639,"(41.91751102291878, -87.7070536388797)"
LARAMIE AND FULLERTON,1424,5200 W FULLERTON AVENUE,07/09/2015,2,1141305.554932016,1915502.611239048,41.924215797,-87.756210755,"(41.92421579723144, -87.75621075458939)"
CENTRAL AND CHICAGO,1973,5600 W CHICAGO AVENUE,07/09/2015,3,1138858.856732452,1904825.827586656,41.894962293,-87.765460791,"(41.89496229349977, -87.76546079122906)"
CICERO AND ADDISON,1612,3600 N CICERO AVENUE,07/09/2015,4,1143698.904601495,1923517.005821035,41.946163524,-87.747215169,"(41.94616352362556, -87.74721516897007)"
LAKE SHORE DR AND BELMONT,1413,400 W BELMONT AVE,07/09/2015,32,1172981.744869382,1921577.376128802,41.940241193,-87.639639114,"(41.94024119325571, -87.63963911427594)"
63RD AND STATE,2714,1 E 63RD ST,07/09/2015,13,1177367.518733101,1863199.17768559,41.779949105,-87.625289553,"(41.779949104569106, -87.62528955333775)"
HOLLYWOOD AND SHERIDAN,1344,1000 W HOLLYWOOD AVE,07/09/2015,22,1168580.228926466,1938090.295189338,41.985649799,-87.655335807,"(41.98564979859328, -87.65533580655139)"
79TH AND HALSTED,2541,7900 S HALSTED STREET,07/09/2015,3,1172298.707400847,1852444.344822186,41.750549559,-87.644188368,"(41.750549559438944, -87.64418836784098)"
HALSTED AND 95TH,2581,9500 S HALSTED STREET,07/09/2015,5,1172610.538363645,1841811.61926207,41.721365061,-87.643358042,"(41.72136506078306, -87.64335804234075)"
CICERO AND CHICAGO,1781,800 N CICERO AVENUE,07/09/2015,3,1144169.162482127,1904893.189220372,41.895049038,-87.745955516,"(41.89504903796389, -87.74595551626888)"
BELMONT AND KEDZIE,1372,3200 N KEDZIE AVE,07/09/2015,11,1154426.977874407,1921110.466549542,41.93935173,-87.707846594,"(41.93935173030961, -87.70784659359776)"
ASHLAND AND MADISON,1911,0 N ASHLAND AVE,07/09/2015,4,,,,,
71ST AND ASHLAND,2391,7100 S ASHLAND,07/09/2015,3,1166868.379865725,1857616.168087255,41.764859382,-87.663940176,"(41.764859382425385, -87.66394017630476)"
35TH AND WESTERN,2091,3500 S WESTERN,07/09/2015,3,1160894.949857101,1881376.851112895,41.830187255,-87.685177925,"(41.83018725526863, -87.68517792510231)"
KEDZIE AND 31ST,2134,3200 W 31ST STREET,07/09/2015,2,1155487.128005646,1883943.061106793,41.8373395,-87.704950558,"(41.83733950029648, -87.70495055800411)"
CALIFORNIA AND PETERSON,1313,2800 W PETERSON AVENUE,07/09/2015,7,1156569.515341857,1939784.830544118,41.990552082,-87.699464396,"(41.990552081681564, -87.69946439622785)"
PULASKI AND DIVERSEY,1542,2800 N PULASKI ROAD,02/02/2017,2,1149200.724531183,1918332.222549679,41.931831026,-87.727126873,"(41.93183102561505, -87.72712687300454)"
IRVING PARK AND LARAMIE,1534,5200 W IRVING PARK ROA,07/09/2015,3,,,,,
PULASKI AND DIVISION,1801,1200 N PULASKI ROAD,07/09/2015,1,1149459.590666926,1907723.219884254,41.902713902,-87.726451457,"(41.902713901936174, -87.72645145715836)"
LAFAYETTE AND 87TH,2502,8700 S LAFAYETTE AVEN,07/09/2015,13,1177417.493180297,1847243.988223464,41.73616511,-87.625587569,"(41.73616511008592, -87.62558756899932)"
IRVING PARK AND CALIFORNIA,1234,2800 W IRVING PARK ROA,11/24/2015,4,,,,,
WESTERN AND TOUHY,1251,7200 N WESTERN AVENUE,07/09/2015,5,1158975.66256211,1947754.286963361,42.012371335,-87.690393917,"(42.012371334791766, -87.69039391737863)"
ASHLAND AND LAWRENCE,1143,1600 W LAWRENCE AVENUE,07/09/2015,2,1164771.946929007,1931988.254061312,41.968987457,-87.669516307,"(41.96898745654617, -87.66951630654926)"
CICERO AND 47TH,2202,4700 S CICERO AVE,07/09/2015,1,1145112.150373471,1873006.659918126,41.807530373,-87.743296821,"(41.80753037289406, -87.7432968212423)"
FOSTER AND NAGLE,1031,5200 N NAGLE,07/09/2015,2,1132529.656558223,1934201.702060651,41.97568567,-87.788020406,"(41.97568566971868, -87.78802040620296)"
WENTWORTH AND GARFIELD,2264,200 W GARFIELD BLVD,07/09/2015,20,1175889.574397302,1868551.750512227,41.794670385,-87.630547476,"(41.79467038468937, -87.63054747605638)"
SACRAMENTO AND LAKE,1821,150 N SACRAMENTO BOUL,07/09/2015,1,1156319.560664766,1900957.489351962,41.884012178,-87.701436479,"(41.88401217771363, -87.7014364786693)"
STATE AND 79TH,2651,7900 S STATE STREET,07/09/2015,2,1177618.166929966,1852621.870232838,41.750918138,-87.624690123,"(41.7509181383154, -87.62469012251644)"
MONTROSE AND WESTERN,1224,2400 W MONTROSE AVENUE,07/09/2015,3,1159562.971802959,1929191.337701253,41.961421726,-87.68874698,"(41.961421726406314, -87.68874697983858)"
WESTERN AND CHICAGO,1943,2400 W CHICAGO AVE,07/09/2015,1,1160226.686812944,1905300.904544474,41.895851041,-87.686968935,"(41.895851041123755, -87.68696893468467)"
CENTRAL AND ADDISON,1683,5600 W ADDISON STREET,07/09/2015,3,1138349.663302502,1923416.02157061,41.945985104,-87.766879952,"(41.94598510430888, -87.76687995165918)"
BROADWAY/SHERIDAN AND DEVON,1122,6400 N SHERIDAN ROAD,07/09/2015,7,1167087.151194129,1942658.704988689,41.998217921,-87.660695256,"(41.99821792053241, -87.6606952555721)"
PULASKI AND DIVISION,1802,1200 N PULASKI ROAD,07/09/2015,2,1149459.590666926,1907723.219884254,41.902713902,-87.726451457,"(41.902713901936174, -87.72645145715836)"
DIVISION AND DAMEN,1733,2000 W DIVISION,07/09/2015,4,1162815.710860194,1908034.672555531,41.903298793,-87.677383247,"(41.903298792681944, -87.67738324739636)"
31ST ST AND MARTIN LUTHER KING DRIVE,2123,400 E 31ST STREET,07/09/2015,9,1179437.985396417,1884565.84226022,41.838534018,-87.617046113,"(41.838534018118914, -87.61704611345726)"
MADISON AND WESTERN,1931,1 S WESTERN AVE,07/09/2015,4,1160453.827721979,1899933.703473746,41.881118279,-87.686283339,"(41.881118278833966, -87.686283338873)"
LASALLE AND KINZIE,1921,400 N LASALLE,07/09/2015,3,1175028.579766798,1903002.552291359,41.889225372,-87.632674115,"(41.88922537162015, -87.63267411498495)"
WESTERN AND CERMAK,1003,2400 W CERMAK ROAD,07/09/2015,2,1160678.000607329,1889375.645335924,41.852141307,-87.685752642,"(41.85214130680468, -87.6857526415569)"
WESTERN AND 79TH,2481,7900 S WESTERN AVE,07/09/2015,9,1161711.516404028,1852181.685686118,41.750054934,-87.682992203,"(41.750054933649984, -87.68299220290213)"
PULASKI AND ARMITAGE,1843,4000 W ARMITAGE AVENUE,07/09/2015,3,1149375.428872108,1913028.984273181,41.917275069,-87.726622746,"(41.91727506940875, -87.72662274644799)"
LARAMIE AND FULLERTON,1421,2400 N LARAMIE AVENUE,07/09/2015,1,1141282.877477884,1915479.163971956,41.924151874,-87.756294662,"(41.92415187425276, -87.75629466175003)"
IRVING PARK AND KEDZIE,1353,3200 W IRVING PARK ROAD,07/09/2015,1,1154325.140302006,1926458.463197156,41.954029047,-87.708077494,"(41.95402904691877, -87.70807749383191)"
BELMONT AND KEDZIE,1373,3200 W BELMONT,07/09/2015,2,1154461.587940363,1921143.091003516,41.939440561,-87.707718516,"(41.93944056117365, -87.70771851630873)"
PULASKI AND 63RD,2342,6300 S PULASKI RD,07/09/2015,5,1150746.00309079,1862516.747695325,41.778636469,-87.722906356,"(41.77863646878099, -87.72290635568541)"
ASHLAND AND IRVING PARK,1153,1600 W IRVING PARK ROA,07/09/2015,1,,,,,
KEDZIE AND 63RD,2361,6300 S KEDZIE AVE,07/09/2015,1,1156097.505177228,1862668.051775093,41.77894575,-87.703283119,"(41.77894575017997, -87.70328311900342)"
31ST ST AND MARTIN LUTHER KING DRIVE,2121,3100 S DR MARTIN L KING,11/24/2015,23,,,,,
DAMEN AND 63RD,2702,6300 S DAMEN AVENUE,11/24/2015,4,1164069.407943298,1862830.277442834,41.779226921,-87.674052731,"(41.77922692069256, -87.67405273137854)"
DIVISION AND DAMEN,1734,2000 W DIVISION,07/09/2015,7,1162815.710860194,1908034.672555531,41.903298793,-87.677383247,"(41.903298792681944, -87.67738324739636)"
IRVING PARK AND CALIFORNIA,1233,2800 W IRVING PARK ROA,07/09/2015,2,,,,,
ROOSEVELT AND PULASKI,2314,4000 W ROOSEVELT ROAD,07/09/2015,7,1149885.032049683,1894449.464076882,41.866281003,-87.72523422,"(41.866281002664536, -87.72523421983905)"
55TH AND WESTERN,2213,2400 W 55TH STREET,07/09/2015,1,1161277.012730599,1868185.749490228,41.793981347,-87.684141741,"(41.7939813465735, -87.68414174128355)"
CENTRAL AND LAKE,1743,5600 W LAKE STREET,07/09/2015,1,1138951.495695032,1902230.510465733,41.887838735,-87.765183663,"(41.887838735330206, -87.76518366338465)"
PULASKI AND NORTH,1992,1600 N PULASKI AVENUE,02/02/2017,2,1149432.959240306,1910369.112502195,41.90997501,-87.726480523,"(41.909975010236906, -87.72648052306623)"
79TH AND HALSTED,2543,800 W 79TH STREET,07/09/2015,1,1172320.105719411,1852517.9814434,41.750751157,-87.644107793,"(41.75075115747316, -87.64410779300933)"
ADDISON AND HARLEM,1591,3600 N HARLEM AVENUE,07/09/2015,2,1127394.594070737,1923110.532422811,41.945338412,-87.807154769,"(41.94533841246591, -87.80715476912044)"
KEDZIE AND 47TH,2104,3200 W 47TH ST,07/09/2015,2,1155815.231505056,1873336.169728074,41.808226246,-87.704031672,"(41.808226246244026, -87.70403167215984)"
STONEY ISLAND AND 76TH,2631,7600 S STONY ISLAND A,07/09/2015,17,1188092.796191935,1854889.354158304,41.756897173,-87.586234285,"(41.75689717260223, -87.58623428506996)"
PULASKI AND CHICAGO,1983,4000 W CHICAGO AVENUE,02/02/2017,2,1149561.855939692,1905086.596446259,41.895476752,-87.72614436,"(41.89547675163723, -87.72614435991626)"
115TH AND HALSTED,2552,11500 S HALSTED STREE,07/09/2015,5,,,,,
OGDEN AND KOSTNER,2222,2348 S KOSTNER AVENUE,02/02/2017,4,1147394.548182079,1887795.177782082,41.848068845,-87.734547457,"(41.8480688449598, -87.73454745748458)"
MILWAUKEE AND DEVON,1274,6400 W DEVON AVENUE,07/09/2015,4,1132590.619798275,1942138.532048656,41.997463981,-87.787610243,"(41.99746398102873, -87.78761024341388)"
CENTRAL AND LAKE,1742,400 N CENTRAL AVENUE,07/09/2015,5,1138928.478257537,1902217.926149854,41.887804621,-87.765268498,"(41.88780462053497, -87.76526849810371)"
LARAMIE AND MADISON,2043,5200 W MADISON STREET,02/02/2017,3,1141706.965522802,1899567.55684314,41.880480752,-87.755130433,"(41.88048075170171, -87.75513043296509)"
CENTRAL AND FULLERTON,1444,5600 W FULLERTON AVENU,07/09/2015,3,1138627.279189421,1915438.969256439,41.924090199,-87.76605353,"(41.92409019883488, -87.76605353016079)"
WESTERN AND 63RD,2373,2400 W 63RD ST,07/09/2015,1,1161444.415758584,1862848.534703658,41.779331844,-87.683675761,"(41.77933184429814, -87.68367576084798)"
PULASKI AND FOSTER,1102,5200 N PULASKI RD,07/09/2015,4,1148746.251286324,1934286.914361976,41.97562074,-87.728383135,"(41.97562073966174, -87.72838313514907)"
MILWAUKEE AND MONTROSE,1362,4400 N MILWAUKEE AVEN,07/09/2015,1,1141643.943268783,1928770.256316239,41.96061723,-87.75463824,"(41.9606172296957, -87.75463824007085)"
SHERIDAN AND FOSTER,1132,5200 N SHERIDAN ROAD,07/09/2015,2,1168661.623718229,1934753.842272756,41.976492721,-87.655133605,"(41.97649272077833, -87.65513360456677)"
IRVING PARK AND LARAMIE,1533,5200 W IRVING PARK ROA,07/09/2015,1,,,,,
HOLLYWOOD AND SHERIDAN,1343,1000 W HOLLYWOOD AVE,07/09/2015,11,1168580.228926466,1938090.295189338,41.985649799,-87.655335807,"(41.98564979859328, -87.65533580655139)"
ARCHER AND CICERO,2081,5200 S CICERO AVE,02/02/2017,12,1145195.931989777,1869737.708306623,41.798558278,-87.743071866,"(41.798558278193305, -87.74307186616427)"
CALIFORNIA AND DEVON,1323,2800 W DEVON AVENUE,07/09/2015,4,1156484.528078038,1942377.980662191,41.997669523,-87.699706423,"(41.99766952286052, -87.69970642324591)"
PULASKI AND NORTH,1994,4000 W NORTH AVENUE,07/09/2015,1,1149456.2688422,1910376.774019002,41.909995582,-87.726394693,"(41.90999558160536, -87.72639469321471)"
HARLEM AND BELMONT,1391,3200 N HARLEM AVE,07/09/2015,4,1127481.020995451,1920467.613239239,41.938084468,-87.806896749,"(41.93808446822169, -87.80689674887883)"
ELSTON AND IRVING PARK,1503,3700 W IRVING PARK ROA,11/30/2015,6,,,,,
HALSTED AND FULLERTON,1701,2400 N HALSTED STREET,07/09/2015,1,1170501.602639925,1916200.061550148,41.925540315,-87.648912156,"(41.925540315431995, -87.64891215551155)"
HALSTED AND FULLERTON,1704,800 W FULLERTON AVENUE,07/09/2015,11,1170525.624723311,1916208.443992778,41.925562791,-87.648823641,"(41.92556279107417, -87.64882364145232)"
CENTRAL AND DIVERSEY,1642,2800 N CENTRAL AVENUE,07/09/2015,1,1138516.407377375,1918089.499227987,41.931365552,-87.766396529,"(41.93136555236339, -87.76639652879172)"
OGDEN AND KOSTNER,2223,4400 W OGDEN AVENUE,07/09/2015,4,1147406.592439224,1887689.099869462,41.847777523,-87.734505969,"(41.84777752280453, -87.73450596874825)"
CENTRAL AND BELMONT,1604,5600 W BELMONT AVENUE,07/09/2015,6,1138453.617438343,1920755.972768412,41.938683775,-87.766562494,"(41.93868377475747, -87.76656249384537)"
CERMAK AND PULASKI,2334,4000 W CERMAK,07/09/2015,8,1150018.476053666,1889120.238540361,41.851654369,-87.724882975,"(41.85165436867626, -87.7248829753078)"
LAWRENCE AND WESTERN,1193,2400 W LAWRENCE AVENUE,07/09/2015,1,1159482.648570304,1931851.989492596,41.968724349,-87.688968727,"(41.96872434882172, -87.68896872699601)"
SACRAMENTO AND LAKE,1822,150 N SACRAMENTO BOUL,07/09/2015,7,1156319.560664766,1900957.489351962,41.884012178,-87.701436479,"(41.88401217771363, -87.7014364786693)"
DAMEN AND DIVERSEY,1462,2800 N DAMEN AVENUE,07/09/2015,5,1162490.04851994,1918611.623717091,41.932329494,-87.678282719,"(41.9323294940985, -87.67828271931386)"
31ST ST AND MARTIN LUTHER KING DRIVE,2121,3100 S DR MARTIN L KING,07/09/2015,7,,,,,
CANAL AND ROOSEVELT,2294,500 W ROOSEVELT ROAD,07/09/2015,5,1173290.72186561,1895021.166235495,41.867362693,-87.639293195,"(41.867362692616666, -87.63929319464197)"
ROOSEVELT AND PULASKI,2311,1200 S PULASKI ROAD,07/09/2015,4,1149866.002247864,1894375.839200384,41.866079337,-87.725305995,"(41.86607933722178, -87.7253059948758)"
87TH AND VINCENNES,2412,8700 S VINCENNES,07/09/2015,9,1172026.328989535,1847142.496643776,41.736006565,-87.645341819,"(41.73600656458518, -87.64534181897955)"
55TH AND WESTERN,2213,2400 W 55TH STREET,02/02/2017,4,1161277.012730599,1868185.749490228,41.793981347,-87.684141741,"(41.7939813465735, -87.68414174128355)"
CALIFORNIA AND DIVERSEY,1513,2800 W DIVERSEY,07/09/2015,3,1157212.54253358,1918526.674434943,41.932205395,-87.697679244,"(41.93220539506452, -87.6976792438691)"
VAN BUREN AND WESTERN,2054,2400 W VAN BUREN STREE,07/09/2015,9,,,,,
STONEY ISLAND AND 79TH,2461,7900 S SOUTH CHICAGO AVE,07/09/2015,1,1188274.655498937,1852865.685797892,41.751339705,-87.585632266,"(41.751339704589455, -87.58563226565187)"
CLARK AND FULLERTON,1631,2400 N CLARK ST,07/09/2015,1,1172749.562209477,1916238.997132859,41.925597623,-87.640650973,"(41.925597623023144, -87.64065097309872)"
HAMLIN AND LAKE,1881,300 N HAMLIN AVENUE,07/09/2015,3,1150970.026856642,1901381.688308858,41.885282636,-87.721069539,"(41.88528263580913, -87.72106953854511)"
ARCHER AND CICERO,2081,5200 S CICERO AVE,07/09/2015,28,1145195.931989777,1869737.708306623,41.798558278,-87.743071866,"(41.798558278193305, -87.74307186616427)"
CANAL AND ROOSEVELT,2291,1200 S CANAL STREET,07/09/2015,12,1173268.771030949,1894952.634878732,41.867175125,-87.639375813,"(41.86717512472001, -87.63937581258092)"
PULASKI AND IRVING PARK,1574,4000 W IRVING PARK RD,07/09/2015,5,1148988.727877253,1926320.954938409,41.953756874,-87.727698513,"(41.95375687447515, -87.72769851312907)"
WESTERN AND FULLERTON,1671,2400 N WESTERN AVENUE,02/02/2017,9,1159923.309342995,1915897.778561358,41.924935944,-87.687790255,"(41.92493594409127, -87.68779025471278)"
KEDZIE AND 71ST,2354,3200 W 71ST STREET,07/09/2015,3,1156246.862901455,1857404.014959868,41.764497433,-87.702877023,"(41.76449743256955, -87.70287702335861)"
PETERSON AND WESTERN,1014,2400 W PETERSON,07/09/2015,6,1159214.211316277,1939825.301874586,41.99060901,-87.689735481,"(41.990609009807294, -87.68973548092968)"
CICERO AND NORTH,2033,4800 W NORTH AVENUE,07/09/2015,8,1144053.733747163,1910243.80567041,41.90973389,-87.746244973,"(41.909733890131285, -87.74624497295898)"
PULASKI AND NORTH,1992,1600 N PULASKI AVENUE,07/09/2015,1,1149432.959240306,1910369.112502195,41.90997501,-87.726480523,"(41.909975010236906, -87.72648052306623)"
79TH AND HALSTED,2541,7900 S HALSTED STREET,04/19/2017,2,1172298.707400847,1852444.344822186,41.750549559,-87.644188368,"(41.750549559438944, -87.64418836784098)"
KOSTNER AND NORTH,2013,4400 W NORTH,07/09/2015,4,1146738.551618032,1910309.595368032,41.909863573,-87.736380296,"(41.90986357340246, -87.73638029605371)"
55TH AND WESTERN,2212,5500 S WESTERN AVE,07/09/2015,4,1161269.521335262,1867963.111601251,41.793370554,-87.684175377,"(41.79337055433029, -87.6841753767592)"
PULASKI AND PETERSON,1263,4000 W PETERSON AVENUE,07/09/2015,9,1148618.560490339,1939615.133928395,41.990244186,-87.728714391,"(41.99024418564742, -87.7287143910091)"
PULASKI AND ARCHER,2153,5000 S ARCHER AVE,07/09/2015,3,1150501.818909837,1871162.311703322,41.802365973,-87.723576766,"(41.80236597333895, -87.72357676611004)"
CICERO AND FULLERTON,1472,2400 N CICERO AVE,07/09/2015,8,1143961.592189569,1915545.343094087,41.92428359,-87.74645019,"(41.92428358982701, -87.74645019028947)"
ASHLAND AND MADISON,1914,1600 W MADISON,07/09/2015,2,1165723.014733182,1900136.515489506,41.881564167,-87.666929463,"(41.8815641670199, -87.66692946294842)"
CENTRAL AND ADDISON,1682,3600 N CENTRAL AVENUE,07/09/2015,4,1138343.117435682,1923392.067464765,41.945919491,-87.766904594,"(41.945919490555106, -87.76690459426293)"
JEFFERY AND 95TH,2522,9500 S JEFFERY AVE,07/09/2015,3,1191132.420601301,1842335.735988875,41.722375907,-87.575499903,"(41.72237590704101, -87.57549990332795)"
HOMAN/KIMBALL AND NORTH,1773,3400 W NORTH AVE,07/09/2015,6,1153386.578905125,1910465.87061722,41.910162847,-87.711953868,"(41.91016284680269, -87.71195386769125)"
ASHLAND AND FULLERTON,1652,2400 N ASHLAND AVENUE,07/09/2015,14,1165228.073342838,1916032.319169157,41.92519389,-87.668294363,"(41.92519388981048, -87.66829436339881)"
WESTERN AND 79TH,2484,2400 W 79TH ST,07/09/2015,2,1161758.68085177,1852242.255513454,41.750220168,-87.682817693,"(41.75022016799851, -87.68281769253687)"
71ST AND ASHLAND,2394,1600 W 71ST,02/02/2017,5,1166890.012333149,1857674.2502247,41.765018306,-87.66385923,"(41.76501830555763, -87.66385923012646)"
WESTERN AND TOUHY,1252,7200 N WESTERN AVENUE,02/02/2017,1,1158975.66256211,1947754.286963361,42.012371335,-87.690393917,"(42.012371334791766, -87.69039391737863)"
FULLERTON AND NARRAGANSETT,1554,6400 W FULLERTON AVENU,07/09/2015,6,1133317.594499059,1915293.661305931,41.923786189,-87.785567206,"(41.92378618871128, -87.78556720562165)"
ADDISON AND HARLEM,1591,3600 N HARLEM AVENUE,02/02/2017,4,1127394.594070737,1923110.532422811,41.945338412,-87.807154769,"(41.94533841246591, -87.80715476912044)"
WESTERN AND CHICAGO,1941,800 N WESTERN AVE,02/02/2017,4,1160220.967978608,1905277.507115921,41.895786955,-87.686990586,"(41.89578695485361, -87.68699058611217)"
BROADWAY/SHERIDAN AND DEVON,1123,1200 W DEVON AVE,02/02/2017,4,1167109.644248166,1942688.147952186,41.998298228,-87.660611661,"(41.99829822771884, -87.66061166063517)"
IRVING PARK AND KEDZIE,1354,3200 W IRVING PARK ROAD,07/09/2015,8,1154325.140302006,1926458.463197156,41.954029047,-87.708077494,"(41.95402904691877, -87.70807749383191)"
119TH AND HALSTED,2402,11900 S HALSTED,07/09/2015,3,1173094.774616191,1825911.054609338,41.677720829,-87.642051845,"(41.67772082924762, -87.64205184498218)"
CICERO AND WASHINGTON,1892,100 N CICERO AVENUE,07/09/2015,3,1144328.984091479,1900095.170838459,41.88187971,-87.745489247,"(41.88187970991601, -87.7454892473012)"
FOSTER AND BROADWAY,1111,5200 N BROADWAY ST,07/09/2015,2,1167334.508577915,1934714.008346532,41.976412143,-87.660015082,"(41.97641214294823, -87.66001508205365)"
LAKE SHORE DR AND BELMONT,1412,3200 N LAKESHORE DRIV,07/09/2015,9,1173053.220555078,1921821.380831705,41.940909163,-87.63936916,"(41.94090916326764, -87.63936915995522)"
JEFFERY AND 95TH,2523,2000 E 95TH ST,07/09/2015,2,1191188.381103057,1842410.411853539,41.722579473,-87.575292523,"(41.722579473126416, -87.57529252250366)"
CICERO AND 47TH,2204,4800 W 47TH ST,07/09/2015,5,1145130.048925744,1873078.44198302,41.807727017,-87.743229366,"(41.80772701677172, -87.74322936566276)"
IRVING PARK AND CALIFORNIA,1234,2800 W IRVING PARK ROA,07/09/2015,5,,,,,
PERSHING AND WESTERN,2114,2400 W PERSHING ROAD,07/09/2015,1,1160957.773623189,1878793.434193427,41.82309676,-87.685018951,"(41.82309676016606, -87.68501895061576)"
SACRAMENTO AND CHICAGO,1814,3000 W CHICAGO AVENUE,07/09/2015,2,1156075.266375505,1905216.604770718,41.895704525,-87.702218524,"(41.895704524946225, -87.70221852353758)"
4700 WESTERN,2142,4700 S WESTERN AVENUE,07/09/2015,4,1161120.438879703,1873431.066474726,41.808378408,-87.684570717,"(41.808378407946726, -87.68457071689552)"
ASHLAND AND LAWRENCE,1142,4800 N ASHLAND AVENUE,07/09/2015,11,1164751.686785145,1932001.206626392,41.96902343,-87.669590434,"(41.969023429614026, -87.66959043354217)"
ASHLAND AND 87TH,2452,8700 S ASHLAND AVE,07/09/2015,3,1167150.470087748,1846991.212339794,41.735696989,-87.663209544,"(41.73569698863625, -87.66320954445679)"
HALSTED AND DIVISION,1714,800 W DIVISION,07/09/2015,2,1170767.827960358,1908259.644151662,41.903745557,-87.648167011,"(41.90374555734733, -87.64816701062779)"
PULASKI AND ARMITAGE,1844,4000 W ARMITAGE AVENUE,07/09/2015,2,1149375.428872108,1913028.984273181,41.917275069,-87.726622746,"(41.91727506940875, -87.72662274644799)"
BROADWAY/SHERIDAN AND DEVON,1123,1200 W DEVON AVE,07/09/2015,9,1167109.644248166,1942688.147952186,41.998298228,-87.660611661,"(41.99829822771884, -87.66061166063517)"
35TH AND WESTERN,2092,3500 S WESTERN,07/09/2015,3,1160894.949857101,1881376.851112895,41.830187255,-87.685177925,"(41.83018725526863, -87.68517792510231)"
CICERO AND CHICAGO,1781,800 N CICERO AVENUE,02/02/2017,3,1144169.162482127,1904893.189220372,41.895049038,-87.745955516,"(41.89504903796389, -87.74595551626888)"
STONY ISLAND/CORNELL AND 67TH,2721,6700 S STONY ISLAND A,07/09/2015,9,1187984.143047539,1860863.338367666,41.773292896,-87.586442368,"(41.77329289585066, -87.58644236831432)"
DAMEN AND 63RD,2702,6300 S DAMEN AVENUE,07/09/2015,2,1164069.407943298,1862830.277442834,41.779226921,-87.674052731,"(41.77922692069256, -87.67405273137854)"
CICERO AND HARRISON,2023,4800 W HARRISON STREET,07/09/2015,3,1144451.867388303,1896949.561959463,41.873245464,-87.745117179,"(41.873245464379586, -87.7451171788807)"
CENTRAL AND FULLERTON,1442,2400 N CENTRAL AVENUE,07/09/2015,1,1138603.468418662,1915431.058212414,41.924068922,-87.766141214,"(41.92406892227644, -87.76614121413186)"
CHICAGO AND CLARK,1963,100 W CHICAGO AVENUE,07/09/2015,5,1175374.528739575,1905745.47783364,41.896744347,-87.631321248,"(41.896744346875806, -87.63132124815151)"
WESTERN AND DEVON,1212,6400 N WESTERN AVENUE,07/09/2015,2,1159113.585759434,1942451.622367891,41.997817807,-87.690033035,"(41.997817807026, -87.69003303469276)"
WESTERN AND NORTH,1853,2400 W NORTH AVE,02/02/2017,3,1160100.839010995,1910612.783367238,41.910429862,-87.687284221,"(41.91042986235867, -87.68728422050837)"
ROOSEVELT AND HALSTED,2233,800 W ROOSEVELT ROAD,07/09/2015,5,1171199.282357741,1894968.056393724,41.867263098,-87.646972686,"(41.86726309836901, -87.64697268601648)"
99TH AND HALSTED,2433,800 W 99TH ST,07/09/2015,10,1172710.642565684,1839246.330602143,41.714323337,-87.643066714,"(41.71432333701137, -87.64306671421937)"
CICERO AND ADDISON,1611,3600 N CICERO AVENUE,07/09/2015,4,1143698.904601495,1923517.005821035,41.946163524,-87.747215169,"(41.94616352362556, -87.74721516897007)"
ROOSEVELT AND HALSTED,2234,800 W ROOSEVELT ROAD,07/09/2015,16,1171199.282357741,1894968.056393724,41.867263098,-87.646972686,"(41.86726309836901, -87.64697268601648)"
115TH AND HALSTED,2552,11500 S HALSTED STREE,12/02/2015,2,,,,,
CICERO AND ADDISON,1611,3600 N CICERO AVENUE,12/02/2015,1,1143698.904601495,1923517.005821035,41.946163524,-87.747215169,"(41.94616352362556, -87.74721516897007)"
KEDZIE AND 31ST,2132,3100 S KEDZIE AVENUE,04/19/2017,1,1155483.167539854,1883867.660503274,41.837132671,-87.704967115,"(41.837132671422296, -87.70496711478727)"
WESTERN AND 71ST,2612,7100 S WESTERN AVENUE,12/02/2015,3,1161563.704681724,1857484.211306323,41.764608912,-87.683387053,"(41.76460891223613, -87.68338705328121)"
CALIFORNIA AND DIVERSEY,1514,2800 W DIVERSEY,07/09/2015,30,1157212.54253358,1918526.674434943,41.932205395,-87.697679244,"(41.93220539506452, -87.6976792438691)"
PULASKI AND IRVING PARK,1572,4000 N PULASKI ROAD,07/09/2015,2,1148970.255325552,1926313.600468643,41.953737051,-87.727766612,"(41.95373705144353, -87.72776661179896)"
CORTLAND AND ASHLAND,1723,1600 W CORTLAND ST,07/09/2015,7,1165377.660768235,1912768.773647285,41.916235337,-87.667837772,"(41.91623533746878, -87.66783777212962)"
DAMEN AND FULLERTON,1663,2000 W FULLERTON AVE,07/09/2015,17,1162596.935552891,1915990.579747891,41.925134944,-87.677963546,"(41.92513494374925, -87.67796354553815)"
ELSTON AND LAWRENCE,1282,4800 N ELSTON AVENUE,07/09/2015,1,1145529.344259918,1931501.601268983,41.968039361,-87.740283894,"(41.96803936143674, -87.74028389448999)"
WESTERN AND FOSTER,1074,2400 W FOSTER AVE,02/02/2017,7,1159379.402846887,1934502.712486132,41.97600019,-87.689275084,"(41.97600018976586, -87.68927508385399)"
SHERIDAN AND FOSTER,1134,1000 W FOSTER AVE,07/09/2015,1,1168689.247756979,1934758.578141654,41.976505116,-87.655031882,"(41.97650511595711, -87.65503188224778)"
ELSTON AND ADDISON,1402,3600 N ELSTON AVE,02/02/2017,4,1154106.95251778,1923731.036211081,41.946549165,-87.708952626,"(41.94654916480637, -87.70895262603513)"
HALSTED AND 103RD,2592,10300 S HALSTED STREE,04/19/2017,3,,,,,
CENTRAL AND IRVING PARK,1183,5600 W IRVING PARK ROAD,07/09/2015,2,1138281.535484986,1926078.647777633,41.953292847,-87.767065708,"(41.953292847298, -87.76706570775266)"
HAMLIN AND MADISON,1903,3800 W MADISON STREET,04/19/2017,14,1151032.709141294,1899784.033986533,41.880897273,-87.720881226,"(41.880897273491264, -87.72088122613924)"
PULASKI AND DIVERSEY,1542,2800 N PULASKI ROAD,07/09/2015,1,1149200.724531183,1918332.222549679,41.931831026,-87.727126873,"(41.93183102561505, -87.72712687300454)"
ASHLAND AND FULLERTON,1651,2400 N ASHLAND AVENUE,07/09/2015,10,1165228.073342838,1916032.319169157,41.92519389,-87.668294363,"(41.92519388981048, -87.66829436339881)"
CICERO AND NORTH,2034,4800 W NORTH AVENUE,07/09/2015,3,1144053.733747163,1910243.80567041,41.90973389,-87.746244973,"(41.909733890131285, -87.74624497295898)"
HALSTED AND MADISON,1871,1 S HALSTED STREET,07/09/2015,5,1171092.392868784,1900234.542088741,41.881717056,-87.647210539,"(41.88171705561901, -87.64721053920604)"
HOLLYWOOD AND SHERIDAN,1344,1000 W HOLLYWOOD AVE,02/02/2017,5,1168580.228926466,1938090.295189338,41.985649799,-87.655335807,"(41.98564979859328, -87.65533580655139)"
OGDEN AND KOSTNER,2222,2348 S KOSTNER AVENUE,07/09/2015,4,1147394.548182079,1887795.177782082,41.848068845,-87.734547457,"(41.8480688449598, -87.73454745748458)"
WESTERN AND MARQUETTE,2672,6700 S WESTERN AVENUE,07/09/2015,2,1161488.747635042,1860134.788366884,41.771884028,-87.683588402,"(41.77188402771193, -87.68358840206334)"
CICERO AND WASHINGTON,1891,100 N CICERO AVENUE,07/09/2015,4,1144328.984091479,1900095.170838459,41.88187971,-87.745489247,"(41.88187970991601, -87.7454892473012)"
KEDZIE AND 31ST,2132,3100 S KEDZIE AVENUE,07/09/2015,1,1155483.167539854,1883867.660503274,41.837132671,-87.704967115,"(41.837132671422296, -87.70496711478727)"
KEDZIE AND 71ST,2352,7100 S KEDZIE AVENUE,07/09/2015,5,1156225.540366296,1857330.103443232,41.764295037,-87.702957162,"(41.764295036756856, -87.70295716211793)"
DAMEN AND 63RD,2701,6300 S DAMEN AVENUE,07/09/2015,4,1164069.407943298,1862830.277442834,41.779226921,-87.674052731,"(41.77922692069256, -87.67405273137854)"
WESTERN AND FULLERTON,1671,2400 N WESTERN AVENUE,07/09/2015,8,1159923.309342995,1915897.778561358,41.924935944,-87.687790255,"(41.92493594409127, -87.68779025471278)"
115TH AND HALSTED,2553,800 W 115TH STREET,07/09/2015,2,1173010.735357888,1828632.242070332,41.685190056,-87.642279564,"(41.68519005571938, -87.64227956401977)"
HAMLIN AND MADISON,1901,0 N HAMLIN BOULEVARD,07/09/2015,8,,,,,
BELMONT AND KEDZIE,1371,3200 N KEDZIE AVENUE,07/09/2015,2,1154426.977874407,1921110.466549542,41.93935173,-87.707846594,"(41.93935173030961, -87.70784659359776)"
63RD AND STATE,2712,6300 S STATE ST,07/09/2015,8,1177303.801895084,1863220.216755923,41.780008277,-87.625522512,"(41.78000827740796, -87.6255225119157)"
ROOSEVELT AND KOSTNER,2323,4400 W ROOSEVELT,07/09/2015,9,1147200.963258796,1894379.538078088,41.866140868,-87.73508956,"(41.866140867641654, -87.73508956008207)"
111TH AND HALSTED,2424,800 W 111TH ST,07/09/2015,2,1172945.404219168,1831282.917027882,41.692465363,-87.642440901,"(41.692465363421874, -87.64244090105778)"
PULASKI AND CHICAGO,1983,4000 W CHICAGO AVENUE,07/09/2015,4,1149561.855939692,1905086.596446259,41.895476752,-87.72614436,"(41.89547675163723, -87.72614435991626)"
WESTERN AND TOUHY,1252,7200 N WESTERN AVENUE,07/09/2015,2,1158975.66256211,1947754.286963361,42.012371335,-87.690393917,"(42.012371334791766, -87.69039391737863)"
LARAMIE AND MADISON,2043,5200 W MADISON STREET,07/09/2015,2,1141706.965522802,1899567.55684314,41.880480752,-87.755130433,"(41.88048075170171, -87.75513043296509)"
AUSTIN AND IRVING PARK,1161,4000 N AUSTIN AVENUE,07/09/2015,3,1135599.956110927,1926006.862619986,41.953144059,-87.776925284,"(41.95314405904539, -87.77692528423394)"
BROADWAY/SHERIDAN AND DEVON,1122,6400 N SHERIDAN ROAD,02/02/2017,17,1167087.151194129,1942658.704988689,41.998217921,-87.660695256,"(41.99821792053241, -87.6606952555721)"
ASHLAND AND 87TH,2454,1600 W 87TH ST,07/09/2015,7,1167171.941297436,1847064.855345151,41.735898617,-87.663128781,"(41.735898617066006, -87.66312878090133)"
MONTROSE AND WESTERN,1221,4400 N WESTERN AVENUE,07/09/2015,3,1159539.733234718,1929183.918095502,41.961401846,-87.688832623,"(41.961401846278505, -87.6888326227788)"
CICERO AND CHICAGO,1783,4800 W CHICAGO AVENUE,07/09/2015,3,1144175.291152764,1904916.255225279,41.895112219,-87.745932427,"(41.89511221857764, -87.74593242701515)"
DAMEN AND DIVERSEY,1464,2000 W DIVERSEY PARKWAY,07/09/2015,1,1162519.714934025,1918635.417634925,41.932394164,-87.678173031,"(41.93239416403691, -87.67817303087757)"
CENTRAL AND DIVERSEY,1644,5600 W DIVERSEY AVENUE,07/09/2015,2,1138539.758528398,1918097.096677271,41.931385977,-87.766310532,"(41.93138597683265, -87.76631053155157)"
CICERO AND ARMITAGE,2001,2000 N CICERO AVENUE,07/09/2015,4,1144031.525719004,1912881.8300295,41.916973325,-87.746260223,"(41.91697332451097, -87.74626022251057)"
ASHLAND AND DIVISION,1791,1200 N ASHLAND AVENUE,07/09/2015,7,1165466.997046718,1908083.767015974,41.903377468,-87.667643142,"(41.903377467566784, -87.66764314227497)"
ASHLAND AND 95TH,2472,9500 S ASHLAND AVENUE,07/09/2015,4,1167295.830128711,1841695.121217916,41.721160612,-87.662828139,"(41.72116061205213, -87.66282813939165)"
CENTRAL AND IRVING PARK,1182,4000 N CENTRAL AVENUE,02/02/2017,4,1138258.614129764,1926071.172884932,41.953272751,-87.767150151,"(41.95327275103541, -87.76715015131407)"
ROOSEVELT AND KOSTNER,2321,1200 S KOSTNER,07/09/2015,7,1147196.304001978,1894305.883269746,41.865938839,-87.735108549,"(41.8659388389088, -87.73510854901264)"
STONEY ISLAND AND 79TH,2464,1600 E 79TH ST,07/09/2015,1,1188284.704439907,1852964.829047574,41.751611523,-87.585592284,"(41.75161152327319, -87.58559228428787)"
ASHLAND AND 95TH,2473,1600 W 95TH STREET,07/09/2015,1,1167323.753394196,1841755.029221382,41.721324412,-87.662724153,"(41.721324411975246, -87.66272415265087)"
55TH AND KEDZIE,2163,3200 W 55TH STREET,07/09/2015,5,1155966.956993183,1868015.593764152,41.793622803,-87.703618141,"(41.79362280329978, -87.70361814062049)"
111TH AND HALSTED,2422,11100 S HALSTED ST,07/09/2015,3,1172923.657689312,1831209.044179248,41.692263123,-87.642522688,"(41.692263123425136, -87.6425226876268)"
WENTWORTH AND GARFIELD,2261,5500 S WENTWORTH AVEN,07/09/2015,1,,,,,
KEDZIE AND ARMITAGE,1832,2000 N KEDZIE AVENUE,07/09/2015,6,1154684.031809326,1913129.496340896,41.917446172,-87.707116072,"(41.91744617191702, -87.70711607187832)"
HOMAN/KIMBALL AND NORTH,1771,1600 N HOMAN AVENUE,07/09/2015,1,,,,,
KEDZIE AND 71ST,2352,7100 S KEDZIE AVENUE,02/02/2017,4,1156225.540366296,1857330.103443232,41.764295037,-87.702957162,"(41.764295036756856, -87.70295716211793)"
WESTERN AND DEVON,1211,6400 N WESTERN AVENUE,07/09/2015,2,1159113.585759434,1942451.622367891,41.997817807,-87.690033035,"(41.997817807026, -87.69003303469276)"
CLARK AND FULLERTON,1631,2400 N CLARK ST,02/02/2017,3,1172749.562209477,1916238.997132859,41.925597623,-87.640650973,"(41.925597623023144, -87.64065097309872)"
KIMBALL AND DIVERSEY,1583,3400 W DIVERSEY AVENUE,07/09/2015,1,1153211.149172713,1918454.477800566,41.932087747,-87.71238583,"(41.932087747378944, -87.71238582951281)"
4700 WESTERN,2141,4700 S WESTERN AVENUE,07/09/2015,2,1161120.438879703,1873431.066474726,41.808378408,-87.684570717,"(41.808378407946726, -87.68457071689552)"
CERMAK AND PULASKI,2332,2200 S PULASKI,07/09/2015,4,1150012.876838243,1889071.75851865,41.851521442,-87.724904787,"(41.85152144233116, -87.7249047867499)"
CENTRAL AND CHICAGO,1972,800 N CENTRAL AVENUE,07/09/2015,2,1138836.562608552,1904801.732832435,41.894896579,-87.765543258,"(41.89489657939746, -87.76554325845893)"
CHICAGO AND CLARK,1964,100 W CHICAGO AVENUE,07/09/2015,6,1175374.528739575,1905745.47783364,41.896744347,-87.631321248,"(41.896744346875806, -87.63132124815151)"
HALSTED AND DIVISION,1714,800 W DIVISION,02/02/2017,7,1170767.827960358,1908259.644151662,41.903745557,-87.648167011,"(41.90374555734733, -87.64816701062779)"
CICERO AND FULLERTON,1474,4800 W FULLERTON AVE,07/09/2015,2,1143967.570794243,1915568.504954477,41.924347036,-87.74642764,"(41.924347036010694, -87.74642763965628)"
WESTERN AND 71ST,2612,7100 S WESTERN AVENUE,07/09/2015,5,1161563.704681724,1857484.211306323,41.764608912,-87.683387053,"(41.76460891223613, -87.68338705328121)"
DIVERSEY AND AUSTIN,1453,6000 W DIVERSEY AVENUE,07/09/2015,1,1135895.736169343,1918029.70673837,41.931248624,-87.776028612,"(41.931248623643455, -87.77602861172493)"
ELSTON AND IRVING PARK,1503,3700 W IRVING PARK ROA,07/09/2015,1,,,,,
IRVING PARK AND NARRAGANSETT,1024,6400 W IRVING PK,07/09/2015,4,1132945.939118726,1925946.304925137,41.953024751,-87.786683238,"(41.95302475075328, -87.78668323766634)"
WESTERN AND CERMAK,1002,2200 S WESTERN AVENUE,07/09/2015,1,1160669.42562757,1889318.196820393,41.85198384,-87.685785704,"(41.85198383957328, -87.68578570420526)"
WESTERN AND NORTH,1851,1600 N WESTERN AVE,07/09/2015,2,1160077.474351131,1910605.013316134,41.910409024,-87.687370268,"(41.91040902362901, -87.687370268401)"
ELSTON AND ADDISON,1403,3216 W ADDISON ST,07/09/2015,7,1154199.729816868,1923799.345386665,41.946734755,-87.708609774,"(41.946734754927796, -87.7086097735515)"
STONY ISLAND/CORNELL AND 67TH,2731,6700 S CORNELL DRIVE,07/09/2015,11,1188316.454860734,1860851.137456735,41.77325149,-87.5852246,"(41.77325148959568, -87.58522459967712)"
IRVING PARK AND KILPATRICK,2763,4700 W IRVING PARK ROA,07/09/2015,16,,,,,
LASALLE AND KINZIE,1923,140 W KINZIE,07/09/2015,1,1175048.09765242,1903028.894760294,41.889297219,-87.632601648,"(41.88929721947309, -87.63260164817305)"
HALSTED AND MADISON,1872,1 N HALSTED STREET,07/09/2015,4,1171090.967986833,1900270.454015136,41.881815632,-87.647214717,"(41.88181563164203, -87.64721471704077)"
AUSTIN AND ADDISON,1491,3600 N AUSTIN AVENUE,07/09/2015,1,1135691.599896458,1923335.967306169,41.945813215,-87.776652162,"(41.9458132146695, -87.77665216156436)"
HAMLIN AND MADISON,1903,3800 W MADISON STREET,07/09/2015,2,1151032.709141294,1899784.033986533,41.880897273,-87.720881226,"(41.880897273491264, -87.72088122613924)"
55TH and PULASKI,2242,5500 S PULASKI,07/09/2015,4,1150600.072649439,1867806.44512718,41.793155061,-87.723303765,"(41.793155060731024, -87.72330376464247)"
CICERO AND PETERSON,1204,4800 W PETERSON AVENUE,07/09/2015,2,1143273.766829016,1939491.944645127,41.990008007,-87.748376951,"(41.99000800729908, -87.74837695118997)"
PULASKI AND LAWRENCE,1173,4000 W LAWRENCE AVENUE,07/09/2015,1,1148844.220085601,1931638.45430438,41.968351285,-87.728091672,"(41.96835128527914, -87.72809167198088)"
PULASKI AND FOSTER,1104,4000 W FOSTER AVE,07/09/2015,3,1148759.16134887,1934294.249006446,41.975640616,-87.728335469,"(41.975640616231914, -87.72833546926573)"
WESTERN AND ADDISON,1563,2400 W ADDISON,07/09/2015,1,1159719.041544334,1923878.577275797,41.946839991,-87.688320193,"(41.9468399910054, -87.68832019252964)"
SHERIDAN AND FOSTER,1134,1000 W FOSTER AVE,02/02/2017,2,1168689.247756979,1934758.578141654,41.976505116,-87.655031882,"(41.97650511595711, -87.65503188224778)"
WESTERN AND NORTH,1853,2400 W NORTH AVE,07/09/2015,3,1160100.839010995,1910612.783367238,41.910429862,-87.687284221,"(41.91042986235867, -87.68728422050837)"
CICERO AND DIVERSEY,1694,4800 W DIVERSEY AVENUE,07/09/2015,2,1143869.848167704,1918226.043989398,41.93164142,-87.746719911,"(41.93164142040689, -87.7467199106462)"
LARAMIE AND MADISON,2044,5200 W MADISON STREET,07/09/2015,17,1141706.965522802,1899567.55684314,41.880480752,-87.755130433,"(41.88048075170171, -87.75513043296509)"
HARLEM AND BELMONT,1394,7200 W BELMONT AVE,07/09/2015,1,1127504.698153561,1920475.415440844,41.938105479,-87.806809552,"(41.93810547939496, -87.80680955240743)"
79TH AND KEDZIE,2443,3200 W 79TH ST,07/09/2015,2,1156402.644780165,1852104.649370984,41.749952001,-87.702448478,"(41.74995200142266, -87.70244847808695)"
STONEY ISLAND AND 79TH,2462,7900 S STONEY ISLAND,07/09/2015,5,1188181.571068297,1852908.934789311,41.751460603,-87.585971993,"(41.75146060316686, -87.5859719929647)"
FOSTER AND BROADWAY,1113,1200 W FOSTER AVE,07/09/2015,3,1167357.095930752,1934721.393266777,41.97643192,-87.659931806,"(41.97643192018459, -87.65993180604016)"
STATE AND 79TH,2654,1 E 79TH STREET,07/09/2015,16,1177680.113652821,1852598.313477786,41.750852096,-87.624463832,"(41.75085209551078, -87.62446383210285)"
55TH and PULASKI,2244,4000 W 55TH ST,07/09/2015,4,1150621.676903861,1867864.274865394,41.793313334,-87.723223038,"(41.79331333358753, -87.72322303812588)"
CLARK AND IRVING PARK,1093,1300 W IRVING PARK ROAD,07/09/2015,5,1166777.545456989,1926719.73687357,41.954487567,-87.662293496,"(41.95448756687966, -87.66229349585691)"
KEDZIE AND 26TH,2381,2600 S KEDZIE AVENUE,07/09/2015,6,1155404.235510285,1886524.460033054,41.844424831,-87.705185452,"(41.84442483084393, -87.70518545233183)"
IRVING PARK AND NARRAGANSETT,1023,6400 W IRVING PK,07/09/2015,3,1132945.939118726,1925946.304925137,41.953024751,-87.786683238,"(41.95302475075328, -87.78668323766634)"
ELSTON AND LAWRENCE,1284,4440 W LAWRENCE AVENUE,07/09/2015,6,1145715.061027481,1931571.0474838,41.968226398,-87.739599251,"(41.96822639754791, -87.73959925065756)"
HAMLIN AND LAKE,1882,300 N HAMLIN AVENUE,07/09/2015,2,1150970.026856642,1901381.688308858,41.885282636,-87.721069539,"(41.88528263580913, -87.72106953854511)"
119TH AND HALSTED,2402,11900 S HALSTED,02/02/2017,4,1173094.774616191,1825911.054609338,41.677720829,-87.642051845,"(41.67772082924762, -87.64205184498218)"
CLARK AND FULLERTON,1632,2400 N CLARK ST,07/09/2015,1,1172749.562209477,1916238.997132859,41.925597623,-87.640650973,"(41.925597623023144, -87.64065097309872)"
LAFAYETTE AND 87TH,2503,30 W 87TH STREET,07/09/2015,17,1177407.651800237,1847320.772058312,41.736376037,-87.625621311,"(41.736376036604916, -87.62562131092602)"
PULASKI AND ARCHER,2154,5000 S ARCHER AVE,07/09/2015,1,1150501.818909837,1871162.311703322,41.802365973,-87.723576766,"(41.80236597333895, -87.72357676611004)"
WESTERN AND FOSTER,1074,2400 W FOSTER AVE,07/09/2015,2,1159379.402846887,1934502.712486132,41.97600019,-87.689275084,"(41.97600018976586, -87.68927508385399)"
CLARK AND IRVING PARK,1091,4000 N CLARK STREET,07/09/2015,1,1166736.149822904,1926699.323624709,41.954432441,-87.662446259,"(41.95443244141688, -87.66244625914061)"
COTTAGE GROVE AND 71ST,2572,7100 S COTTAGE GROVE,07/09/2015,2,1182746.23698699,1858088.011064538,41.765800351,-87.605729127,"(41.76580035131893, -87.6057291269901)"
99TH AND HALSTED,2431,9900 S HALSTED ST,07/09/2015,13,1172689.754200318,1839171.652197216,41.714118868,-87.643145408,"(41.714118868089905, -87.64314540818165)"
HALSTED AND NORTH,1764,800 W NORTH AVENUE,07/09/2015,2,1170700.68422007,1910913.190749698,41.91102851,-87.648335806,"(41.91102850981186, -87.64833580602037)"
CALIFORNIA AND PETERSON,1313,2800 W PETERSON AVENUE,02/02/2017,4,1156569.515341857,1939784.830544118,41.990552082,-87.699464396,"(41.990552081681564, -87.69946439622785)"
71ST AND ASHLAND,2394,1600 W 71ST,07/09/2015,2,1166890.012333149,1857674.2502247,41.765018306,-87.66385923,"(41.76501830555763, -87.66385923012646)"
KOSTNER AND NORTH,2011,1600 N KOSTNER,07/09/2015,1,1146732.108679105,1910282.120990798,41.909788304,-87.736404667,"(41.90978830394343, -87.73640466739216)"
BROADWAY/SHERIDAN AND DEVON,1122,6400 N SHERIDAN ROAD,07/10/2015,11,1167087.151194129,1942658.704988689,41.998217921,-87.660695256,"(41.99821792053241, -87.6606952555721)"
BELMONT AND KEDZIE,1371,3200 N KEDZIE AVENUE,07/10/2015,1,1154426.977874407,1921110.466549542,41.93935173,-87.707846594,"(41.93935173030961, -87.70784659359776)"
WESTERN AND DEVON,1212,6400 N WESTERN AVENUE,02/02/2017,2,1159113.585759434,1942451.622367891,41.997817807,-87.690033035,"(41.997817807026, -87.69003303469276)"
CICERO AND PETERSON,1204,4800 W PETERSON AVENUE,07/10/2015,2,1143273.766829016,1939491.944645127,41.990008007,-87.748376951,"(41.99000800729908, -87.74837695118997)"
CICERO AND HARRISON,2023,4800 W HARRISON STREET,07/10/2015,1,1144451.867388303,1896949.561959463,41.873245464,-87.745117179,"(41.873245464379586, -87.7451171788807)"
LARAMIE AND FULLERTON,1421,2400 N LARAMIE AVENUE,07/10/2015,1,1141282.877477884,1915479.163971956,41.924151874,-87.756294662,"(41.92415187425276, -87.75629466175003)"
LAWRENCE AND WESTERN,1193,2400 W LAWRENCE AVENUE,07/10/2015,2,1159482.648570304,1931851.989492596,41.968724349,-87.688968727,"(41.96872434882172, -87.68896872699601)"
CENTRAL AND CHICAGO,1973,5600 W CHICAGO AVENUE,07/10/2015,5,1138858.856732452,1904825.827586656,41.894962293,-87.765460791,"(41.89496229349977, -87.76546079122906)"
55TH AND WESTERN,2213,2400 W 55TH STREET,07/10/2015,8,1161277.012730599,1868185.749490228,41.793981347,-87.684141741,"(41.7939813465735, -87.68414174128355)"
55TH and PULASKI,2242,5500 S PULASKI,07/10/2015,6,1150600.072649439,1867806.44512718,41.793155061,-87.723303765,"(41.793155060731024, -87.72330376464247)"
MILWAUKEE AND MONTROSE,1362,4400 N MILWAUKEE AVEN,07/10/2015,6,1141643.943268783,1928770.256316239,41.96061723,-87.75463824,"(41.9606172296957, -87.75463824007085)"
WESTERN AND NORTH,1851,1600 N WESTERN AVE,02/02/2017,3,1160077.474351131,1910605.013316134,41.910409024,-87.687370268,"(41.91040902362901, -87.687370268401)"
CANAL AND ROOSEVELT,2291,1200 S CANAL STREET,07/10/2015,3,1173268.771030949,1894952.634878732,41.867175125,-87.639375813,"(41.86717512472001, -87.63937581258092)"
31ST ST AND MARTIN LUTHER KING DRIVE,2121,3100 S DR MARTIN L KING,07/10/2015,5,,,,,
DAMEN AND DIVERSEY,1462,2800 N DAMEN AVENUE,07/10/2015,5,1162490.04851994,1918611.623717091,41.932329494,-87.678282719,"(41.9323294940985, -87.67828271931386)"
PULASKI AND ARMITAGE,1843,4000 W ARMITAGE AVENUE,07/10/2015,3,1149375.428872108,1913028.984273181,41.917275069,-87.726622746,"(41.91727506940875, -87.72662274644799)"
ADDISON AND HARLEM,1591,3600 N HARLEM AVENUE,07/10/2015,8,1127394.594070737,1923110.532422811,41.945338412,-87.807154769,"(41.94533841246591, -87.80715476912044)"
HALSTED AND DIVISION,1714,800 W DIVISION,07/10/2015,5,1170767.827960358,1908259.644151662,41.903745557,-87.648167011,"(41.90374555734733, -87.64816701062779)"
IRVING PARK AND NARRAGANSETT,1023,6400 W IRVING PK,07/10/2015,2,1132945.939118726,1925946.304925137,41.953024751,-87.786683238,"(41.95302475075328, -87.78668323766634)"
CICERO AND HARRISON,2022,600 S CICERO AVENUE,02/02/2017,7,1144444.97442848,1896894.622216872,41.873094833,-87.745143869,"(41.873094832519136, -87.74514386884542)"
FULLERTON AND NARRAGANSETT,1553,6400 W FULLERTON AVENU,07/10/2015,3,1133317.594499059,1915293.661305931,41.923786189,-87.785567206,"(41.92378618871128, -87.78556720562165)"
ASHLAND AND IRVING PARK,1151,4000 N ASHLAND AVENUE,02/02/2017,2,1164899.463802581,1926665.661118925,41.954379326,-87.66919912,"(41.954379326212695, -87.66919911980419)"
LARAMIE AND FULLERTON,1424,5200 W FULLERTON AVENUE,07/10/2015,4,1141305.554932016,1915502.611239048,41.924215797,-87.756210755,"(41.92421579723144, -87.75621075458939)"
CLARK AND FULLERTON,1631,2400 N CLARK ST,07/10/2015,2,1172749.562209477,1916238.997132859,41.925597623,-87.640650973,"(41.925597623023144, -87.64065097309872)"
DIVERSEY AND WESTERN,1434,2400 W DIVERSEY AVENUE,07/10/2015,1,1159859.648423836,1918576.255784305,41.932287183,-87.687950093,"(41.93228718299094, -87.6879500934122)"
HAMLIN AND LAKE,1881,300 N HAMLIN AVENUE,07/10/2015,6,1150970.026856642,1901381.688308858,41.885282636,-87.721069539,"(41.88528263580913, -87.72106953854511)"
CLARK AND IRVING PARK,1091,4000 N CLARK STREET,07/10/2015,1,1166736.149822904,1926699.323624709,41.954432441,-87.662446259,"(41.95443244141688, -87.66244625914061)"
CLARK AND IRVING PARK,1093,1300 W IRVING PARK ROAD,07/10/2015,7,1166777.545456989,1926719.73687357,41.954487567,-87.662293496,"(41.95448756687966, -87.66229349585691)"
CENTRAL AND IRVING PARK,1183,5600 W IRVING PARK ROAD,07/10/2015,6,1138281.535484986,1926078.647777633,41.953292847,-87.767065708,"(41.953292847298, -87.76706570775266)"
CORTLAND AND ASHLAND,1721,1900 N ASHLAND AVE,07/10/2015,17,1165348.084854857,1912736.454335569,41.916147281,-87.667947354,"(41.91614728095272, -87.66794735350443)"
ASHLAND AND 95TH,2473,1600 W 95TH STREET,02/02/2017,6,1167323.753394196,1841755.029221382,41.721324412,-87.662724153,"(41.721324411975246, -87.66272415265087)"
CALIFORNIA AND PETERSON,1313,2800 W PETERSON AVENUE,07/10/2015,5,1156569.515341857,1939784.830544118,41.990552082,-87.699464396,"(41.990552081681564, -87.69946439622785)"
LASALLE AND KINZIE,1923,140 W KINZIE,07/10/2015,1,1175048.09765242,1903028.894760294,41.889297219,-87.632601648,"(41.88929721947309, -87.63260164817305)"
63RD AND STATE,2714,1 E 63RD ST,07/10/2015,10,1177367.518733101,1863199.17768559,41.779949105,-87.625289553,"(41.779949104569106, -87.62528955333775)"
ROOSEVELT AND PULASKI,2314,4000 W ROOSEVELT ROAD,02/02/2017,3,1149885.032049683,1894449.464076882,41.866281003,-87.72523422,"(41.866281002664536, -87.72523421983905)"
DIVERSEY AND WESTERN,1431,2800 N WESTERN AVENUE,07/10/2015,4,1159837.205417355,1918550.506189309,41.932216988,-87.688033281,"(41.93221698794738, -87.68803328089533)"
VAN BUREN AND WESTERN,2054,2400 W VAN BUREN STREE,07/10/2015,13,,,,,
PULASKI AND IRVING PARK,1572,4000 N PULASKI ROAD,07/10/2015,4,1148970.255325552,1926313.600468643,41.953737051,-87.727766612,"(41.95373705144353, -87.72776661179896)"
KEDZIE AND 71ST,2354,3200 W 71ST STREET,07/10/2015,2,1156246.862901455,1857404.014959868,41.764497433,-87.702877023,"(41.76449743256955, -87.70287702335861)"
WESTERN AND 79TH,2481,7900 S WESTERN AVE,07/10/2015,6,1161711.516404028,1852181.685686118,41.750054934,-87.682992203,"(41.750054933649984, -87.68299220290213)"
4700 WESTERN,2142,4700 S WESTERN AVENUE,07/10/2015,5,1161120.438879703,1873431.066474726,41.808378408,-87.684570717,"(41.808378407946726, -87.68457071689552)"
WESTERN AND FULLERTON,1671,2400 N WESTERN AVENUE,01/30/2017,10,1159923.309342995,1915897.778561358,41.924935944,-87.687790255,"(41.92493594409127, -87.68779025471278)"
STATE AND 79TH,2651,7900 S STATE STREET,07/10/2015,9,1177618.166929966,1852621.870232838,41.750918138,-87.624690123,"(41.7509181383154, -87.62469012251644)"
ASHLAND AND FULLERTON,1652,2400 N ASHLAND AVENUE,07/10/2015,16,1165228.073342838,1916032.319169157,41.92519389,-87.668294363,"(41.92519388981048, -87.66829436339881)"
PERSHING AND WESTERN,2114,2400 W PERSHING ROAD,02/02/2017,1,1160957.773623189,1878793.434193427,41.82309676,-87.685018951,"(41.82309676016606, -87.68501895061576)"
MONTROSE AND WESTERN,1224,2400 W MONTROSE AVENUE,07/10/2015,2,1159562.971802959,1929191.337701253,41.961421726,-87.68874698,"(41.961421726406314, -87.68874697983858)"
WESTERN AND DEVON,1212,6400 N WESTERN AVENUE,07/10/2015,4,1159113.585759434,1942451.622367891,41.997817807,-87.690033035,"(41.997817807026, -87.69003303469276)"
KEDZIE AND 31ST,2134,3200 W 31ST STREET,07/10/2015,3,1155487.128005646,1883943.061106793,41.8373395,-87.704950558,"(41.83733950029648, -87.70495055800411)"
STONEY ISLAND AND 76TH,2631,7600 S STONY ISLAND A,02/02/2017,28,1188092.796191935,1854889.354158304,41.756897173,-87.586234285,"(41.75689717260223, -87.58623428506996)"
71ST AND ASHLAND,2394,1600 W 71ST,12/02/2015,4,1166890.012333149,1857674.2502247,41.765018306,-87.66385923,"(41.76501830555763, -87.66385923012646)"
ELSTON AND LAWRENCE,1284,4440 W LAWRENCE AVENUE,12/02/2015,6,1145715.061027481,1931571.0474838,41.968226398,-87.739599251,"(41.96822639754791, -87.73959925065756)"
PULASKI AND NORTH,1994,4000 W NORTH AVENUE,07/10/2015,2,1149456.2688422,1910376.774019002,41.909995582,-87.726394693,"(41.90999558160536, -87.72639469321471)"
HOLLYWOOD AND SHERIDAN,1343,1000 W HOLLYWOOD AVE,07/10/2015,11,1168580.228926466,1938090.295189338,41.985649799,-87.655335807,"(41.98564979859328, -87.65533580655139)"
CALIFORNIA AND DIVERSEY,1514,2800 W DIVERSEY,07/10/2015,32,1157212.54253358,1918526.674434943,41.932205395,-87.697679244,"(41.93220539506452, -87.6976792438691)"
119TH AND HALSTED,2404,800 W 119TH STREET,07/10/2015,1,1173111.174088158,1825985.001014405,41.677923389,-87.641989646,"(41.677923389134385, -87.64198964584013)"
ELSTON AND LAWRENCE,1284,4440 W LAWRENCE AVENUE,04/19/2017,2,1145715.061027481,1931571.0474838,41.968226398,-87.739599251,"(41.96822639754791, -87.73959925065756)"
CICERO AND 47TH,2204,4800 W 47TH ST,07/10/2015,12,1145130.048925744,1873078.44198302,41.807727017,-87.743229366,"(41.80772701677172, -87.74322936566276)"
WESTERN AND CHICAGO,1941,800 N WESTERN AVE,07/10/2015,5,1160220.967978608,1905277.507115921,41.895786955,-87.686990586,"(41.89578695485361, -87.68699058611217)"
CENTRAL AND BELMONT,1604,5600 W BELMONT AVENUE,07/10/2015,1,1138453.617438343,1920755.972768412,41.938683775,-87.766562494,"(41.93868377475747, -87.76656249384537)"
PULASKI AND ARMITAGE,1844,4000 W ARMITAGE AVENUE,07/10/2015,3,1149375.428872108,1913028.984273181,41.917275069,-87.726622746,"(41.91727506940875, -87.72662274644799)"
PULASKI AND FOSTER,1102,5200 N PULASKI RD,07/10/2015,2,1148746.251286324,1934286.914361976,41.97562074,-87.728383135,"(41.97562073966174, -87.72838313514907)"
PULASKI AND 63RD,2342,6300 S PULASKI RD,07/10/2015,6,1150746.00309079,1862516.747695325,41.778636469,-87.722906356,"(41.77863646878099, -87.72290635568541)"
AUSTIN AND IRVING PARK,1161,4000 N AUSTIN AVENUE,07/10/2015,4,1135599.956110927,1926006.862619986,41.953144059,-87.776925284,"(41.95314405904539, -87.77692528423394)"
PULASKI AND IRVING PARK,1574,4000 W IRVING PARK RD,07/10/2015,14,1148988.727877253,1926320.954938409,41.953756874,-87.727698513,"(41.95375687447515, -87.72769851312907)"
PULASKI AND CHICAGO,1983,4000 W CHICAGO AVENUE,07/10/2015,3,1149561.855939692,1905086.596446259,41.895476752,-87.72614436,"(41.89547675163723, -87.72614435991626)"
ROOSEVELT AND PULASKI,2314,4000 W ROOSEVELT ROAD,07/10/2015,9,1149885.032049683,1894449.464076882,41.866281003,-87.72523422,"(41.866281002664536, -87.72523421983905)"
PULASKI AND DIVERSEY,1543,4000 W DIVERSEY AVENUE,07/10/2015,1,1149206.496130705,1918356.569267582,41.931897723,-87.72710503,"(41.9318977231462, -87.72710503045386)"
ELSTON AND IRVING PARK,1502,4000 N ELSTON AVENUE,07/10/2015,2,1151273.974828198,1926311.849469842,41.953687266,-87.719297882,"(41.95368726563273, -87.71929788151473)"
MILWAUKEE AND DEVON,1272,6400 N MILWAUKEE AVEN,02/02/2017,5,1132463.750397878,1942107.911507627,41.997382173,-87.788077674,"(41.99738217345368, -87.78807767391953)"
CICERO AND CHICAGO,1781,800 N CICERO AVENUE,07/10/2015,3,1144169.162482127,1904893.189220372,41.895049038,-87.745955516,"(41.89504903796389, -87.74595551626888)"
KOSTNER AND NORTH,2013,4400 W NORTH,07/10/2015,8,1146738.551618032,1910309.595368032,41.909863573,-87.736380296,"(41.90986357340246, -87.73638029605371)"
CICERO AND WASHINGTON,1892,100 N CICERO AVENUE,02/02/2017,7,1144328.984091479,1900095.170838459,41.88187971,-87.745489247,"(41.88187970991601, -87.7454892473012)"
CALIFORNIA AND DIVERSEY,1513,2800 W DIVERSEY,07/10/2015,5,1157212.54253358,1918526.674434943,41.932205395,-87.697679244,"(41.93220539506452, -87.6976792438691)"
ROOSEVELT AND KOSTNER,2321,1200 S KOSTNER,07/10/2015,6,1147196.304001978,1894305.883269746,41.865938839,-87.735108549,"(41.8659388389088, -87.73510854901264)"
WESTERN AND NORTH,1853,2400 W NORTH AVE,07/10/2015,1,1160100.839010995,1910612.783367238,41.910429862,-87.687284221,"(41.91042986235867, -87.68728422050837)"
ASHLAND AND LAWRENCE,1142,4800 N ASHLAND AVENUE,07/10/2015,5,1164751.686785145,1932001.206626392,41.96902343,-87.669590434,"(41.969023429614026, -87.66959043354217)"
WESTERN AND FOSTER,1074,2400 W FOSTER AVE,07/10/2015,12,1159379.402846887,1934502.712486132,41.97600019,-87.689275084,"(41.97600018976586, -87.68927508385399)"
HOMAN/KIMBALL AND NORTH,1773,3400 W NORTH AVE,07/10/2015,14,1153386.578905125,1910465.87061722,41.910162847,-87.711953868,"(41.91016284680269, -87.71195386769125)"
COLUMBUS AND ILLINOIS,1952,500 N COLUMBUS DRIVE,07/10/2015,29,1178372.808407292,1903693.06016042,41.891044569,-87.620371839,"(41.891044569124276, -87.620371839074)"
BELMONT AND KEDZIE,1372,3200 N KEDZIE AVE,07/10/2015,11,1154426.977874407,1921110.466549542,41.93935173,-87.707846594,"(41.93935173030961, -87.70784659359776)"
PULASKI AND PETERSON,1263,4000 W PETERSON AVENUE,07/10/2015,10,1148618.560490339,1939615.133928395,41.990244186,-87.728714391,"(41.99024418564742, -87.7287143910091)"
IRVING PARK AND KILPATRICK,2764,4700 W IRVING PARK ROA,07/10/2015,3,,,,,
LAFAYETTE AND 87TH,2503,30 W 87TH STREET,07/10/2015,16,1177407.651800237,1847320.772058312,41.736376037,-87.625621311,"(41.736376036604916, -87.62562131092602)"
35TH AND WESTERN,2092,3500 S WESTERN,07/10/2015,5,1160894.949857101,1881376.851112895,41.830187255,-87.685177925,"(41.83018725526863, -87.68517792510231)"
CENTRAL AND FULLERTON,1444,5600 W FULLERTON AVENU,07/10/2015,5,1138627.279189421,1915438.969256439,41.924090199,-87.76605353,"(41.92409019883488, -87.76605353016079)"
PULASKI AND ARCHER,2154,5000 S ARCHER AVE,07/10/2015,3,1150501.818909837,1871162.311703322,41.802365973,-87.723576766,"(41.80236597333895, -87.72357676611004)"
FOSTER AND BROADWAY,1111,5200 N BROADWAY ST,07/10/2015,5,1167334.508577915,1934714.008346532,41.976412143,-87.660015082,"(41.97641214294823, -87.66001508205365)"
55TH AND WESTERN,2212,5500 S WESTERN AVE,07/10/2015,5,1161269.521335262,1867963.111601251,41.793370554,-87.684175377,"(41.79337055433029, -87.6841753767592)"
STONEY ISLAND AND 79TH,2464,1600 E 79TH ST,07/10/2015,4,1188284.704439907,1852964.829047574,41.751611523,-87.585592284,"(41.75161152327319, -87.58559228428787)"
HALSTED AND MADISON,1871,1 S HALSTED STREET,07/10/2015,10,1171092.392868784,1900234.542088741,41.881717056,-87.647210539,"(41.88171705561901, -87.64721053920604)"
115TH AND HALSTED,2553,800 W 115TH STREET,07/10/2015,3,1173010.735357888,1828632.242070332,41.685190056,-87.642279564,"(41.68519005571938, -87.64227956401977)"
LAKE SHORE DR AND BELMONT,1413,400 W BELMONT AVE,01/31/2017,25,1172981.744869382,1921577.376128802,41.940241193,-87.639639114,"(41.94024119325571, -87.63963911427594)"
ASHLAND AND 95TH,2473,1600 W 95TH STREET,07/10/2015,4,1167323.753394196,1841755.029221382,41.721324412,-87.662724153,"(41.721324411975246, -87.66272415265087)"
IRVING PARK AND LARAMIE,1533,5200 W IRVING PARK ROA,07/10/2015,1,,,,,
4700 WESTERN,2141,4700 S WESTERN AVENUE,02/02/2017,4,1161120.438879703,1873431.066474726,41.808378408,-87.684570717,"(41.808378407946726, -87.68457071689552)"
COTTAGE GROVE AND 71ST,2572,7100 S COTTAGE GROVE,07/10/2015,5,1182746.23698699,1858088.011064538,41.765800351,-87.605729127,"(41.76580035131893, -87.6057291269901)"
4700 WESTERN,2141,4700 S WESTERN AVENUE,07/10/2015,5,1161120.438879703,1873431.066474726,41.808378408,-87.684570717,"(41.808378407946726, -87.68457071689552)"
CICERO AND PETERSON,1202,6000 N CICERO AVENUE,07/10/2015,10,1143247.733553094,1939479.342905704,41.989973915,-87.748473024,"(41.98997391514614, -87.74847302426933)"
CENTRAL AND DIVERSEY,1644,5600 W DIVERSEY AVENUE,07/10/2015,3,1138539.758528398,1918097.096677271,41.931385977,-87.766310532,"(41.93138597683265, -87.76631053155157)"
87TH AND VINCENNES,2412,8700 S VINCENNES,07/10/2015,10,1172026.328989535,1847142.496643776,41.736006565,-87.645341819,"(41.73600656458518, -87.64534181897955)"
FOSTER AND NAGLE,1031,5200 N NAGLE,07/10/2015,7,1132529.656558223,1934201.702060651,41.97568567,-87.788020406,"(41.97568566971868, -87.78802040620296)"
ASHLAND AND MADISON,1914,1600 W MADISON,07/10/2015,4,1165723.014733182,1900136.515489506,41.881564167,-87.666929463,"(41.8815641670199, -87.66692946294842)"
SACRAMENTO AND LAKE,1821,150 N SACRAMENTO BOUL,05/05/2017,1,1156319.560664766,1900957.489351962,41.884012178,-87.701436479,"(41.88401217771363, -87.7014364786693)"
63RD AND STATE,2712,6300 S STATE ST,02/02/2017,8,1177303.801895084,1863220.216755923,41.780008277,-87.625522512,"(41.78000827740796, -87.6255225119157)"
WESTERN AND CERMAK,1003,2400 W CERMAK ROAD,07/10/2015,3,1160678.000607329,1889375.645335924,41.852141307,-87.685752642,"(41.85214130680468, -87.6857526415569)"
IRVING PARK AND LARAMIE,1534,5200 W IRVING PARK ROA,07/10/2015,6,,,,,
ROOSEVELT AND PULASKI,2311,1200 S PULASKI ROAD,07/10/2015,3,1149866.002247864,1894375.839200384,41.866079337,-87.725305995,"(41.86607933722178, -87.7253059948758)"
PULASKI AND DIVERSEY,1542,2800 N PULASKI ROAD,07/10/2015,4,1149200.724531183,1918332.222549679,41.931831026,-87.727126873,"(41.93183102561505, -87.72712687300454)"
CANAL AND ROOSEVELT,2294,500 W ROOSEVELT ROAD,07/10/2015,10,1173290.72186561,1895021.166235495,41.867362693,-87.639293195,"(41.867362692616666, -87.63929319464197)"
63RD AND STATE,2712,6300 S STATE ST,07/10/2015,4,1177303.801895084,1863220.216755923,41.780008277,-87.625522512,"(41.78000827740796, -87.6255225119157)"
71ST AND ASHLAND,2394,1600 W 71ST,07/10/2015,5,1166890.012333149,1857674.2502247,41.765018306,-87.66385923,"(41.76501830555763, -87.66385923012646)"
STONY ISLAND/CORNELL AND 67TH,2731,6700 S CORNELL DRIVE,07/10/2015,17,1188316.454860734,1860851.137456735,41.77325149,-87.5852246,"(41.77325148959568, -87.58522459967712)"
SACRAMENTO AND LAKE,1821,150 N SACRAMENTO BOUL,07/10/2015,1,1156319.560664766,1900957.489351962,41.884012178,-87.701436479,"(41.88401217771363, -87.7014364786693)"
CICERO AND CHICAGO,1783,4800 W CHICAGO AVENUE,07/10/2015,2,1144175.291152764,1904916.255225279,41.895112219,-87.745932427,"(41.89511221857764, -87.74593242701515)"
WESTERN AND 71ST,2614,2400 W 71ST STREET,07/10/2015,1,1161584.506819846,1857557.788853485,41.764810388,-87.683308769,"(41.76481038827884, -87.68330876944678)"
CENTRAL AND CHICAGO,1972,800 N CENTRAL AVENUE,07/10/2015,12,1138836.562608552,1904801.732832435,41.894896579,-87.765543258,"(41.89489657939746, -87.76554325845893)"
CLARK AND FULLERTON,1632,2400 N CLARK ST,07/10/2015,1,1172749.562209477,1916238.997132859,41.925597623,-87.640650973,"(41.925597623023144, -87.64065097309872)"
KEDZIE AND ARMITAGE,1832,2000 N KEDZIE AVENUE,02/02/2017,3,1154684.031809326,1913129.496340896,41.917446172,-87.707116072,"(41.91744617191702, -87.70711607187832)"
ROOSEVELT AND HALSTED,2234,800 W ROOSEVELT ROAD,07/10/2015,28,1171199.282357741,1894968.056393724,41.867263098,-87.646972686,"(41.86726309836901, -87.64697268601648)"
IRVING PARK AND CALIFORNIA,1234,2800 W IRVING PARK ROA,07/10/2015,9,,,,,
COLUMBUS AND ILLINOIS,1951,500 N COLUMBUS DRIVE,07/10/2015,15,1178372.808407292,1903693.06016042,41.891044569,-87.620371839,"(41.891044569124276, -87.620371839074)"
ASHLAND AND 95TH,2472,9500 S ASHLAND AVENUE,07/10/2015,2,1167295.830128711,1841695.121217916,41.721160612,-87.662828139,"(41.72116061205213, -87.66282813939165)"
WESTERN AND ADDISON,1562,3600 N WESTERN AVENUE,07/10/2015,5,1159695.573342728,1923871.086283556,41.94681992,-87.688406662,"(41.94681991986288, -87.68840666206194)"
PULASKI AND LAWRENCE,1173,4000 W LAWRENCE AVENUE,02/02/2017,2,1148844.220085601,1931638.45430438,41.968351285,-87.728091672,"(41.96835128527914, -87.72809167198088)"
79TH AND HALSTED,2541,7900 S HALSTED STREET,07/10/2015,2,1172298.707400847,1852444.344822186,41.750549559,-87.644188368,"(41.750549559438944, -87.64418836784098)"
HAMLIN AND MADISON,1903,3800 W MADISON STREET,07/10/2015,3,1151032.709141294,1899784.033986533,41.880897273,-87.720881226,"(41.880897273491264, -87.72088122613924)"
WENTWORTH AND GARFIELD,2261,5500 S WENTWORTH AVEN,07/10/2015,12,,,,,
KIMBALL AND DIVERSEY,1581,2800 N KIMBALL AVENUE,07/10/2015,5,,,,,
LASALLE AND KINZIE,1921,400 N LASALLE,07/10/2015,10,1175028.579766798,1903002.552291359,41.889225372,-87.632674115,"(41.88922537162015, -87.63267411498495)"
ELSTON AND IRVING PARK,1503,3700 W IRVING PARK ROA,07/10/2015,1,,,,,
WESTERN AND TOUHY,1251,7200 N WESTERN AVENUE,02/02/2017,1,1158975.66256211,1947754.286963361,42.012371335,-87.690393917,"(42.012371334791766, -87.69039391737863)"
LAKE SHORE DR AND BELMONT,1412,3200 N LAKESHORE DRIV,07/10/2015,7,1173053.220555078,1921821.380831705,41.940909163,-87.63936916,"(41.94090916326764, -87.63936915995522)"
KEDZIE AND 63RD,2361,6300 S KEDZIE AVE,07/10/2015,2,1156097.505177228,1862668.051775093,41.77894575,-87.703283119,"(41.77894575017997, -87.70328311900342)"
ASHLAND AND FULLERTON,1651,2400 N ASHLAND AVENUE,07/10/2015,11,1165228.073342838,1916032.319169157,41.92519389,-87.668294363,"(41.92519388981048, -87.66829436339881)"
CICERO AND FULLERTON,1472,2400 N CICERO AVE,07/10/2015,8,1143961.592189569,1915545.343094087,41.92428359,-87.74645019,"(41.92428358982701, -87.74645019028947)"
CICERO AND NORTH,2033,4800 W NORTH AVENUE,07/10/2015,4,1144053.733747163,1910243.80567041,41.90973389,-87.746244973,"(41.909733890131285, -87.74624497295898)"
STONEY ISLAND AND 76TH,2632,7600 S STONY ISLAND A,07/10/2015,21,1188092.796191935,1854889.354158304,41.756897173,-87.586234285,"(41.75689717260223, -87.58623428506996)"
WESTERN AND FULLERTON,1672,2400 N WESTERN AVENUE,07/10/2015,4,1159923.309342995,1915897.778561358,41.924935944,-87.687790255,"(41.92493594409127, -87.68779025471278)"
CENTRAL AND ADDISON,1682,3600 N CENTRAL AVENUE,07/10/2015,3,1138343.117435682,1923392.067464765,41.945919491,-87.766904594,"(41.945919490555106, -87.76690459426293)"
CICERO AND ADDISON,1612,3600 N CICERO AVENUE,07/10/2015,4,1143698.904601495,1923517.005821035,41.946163524,-87.747215169,"(41.94616352362556, -87.74721516897007)"
PULASKI AND DIVISION,1801,1200 N PULASKI ROAD,07/10/2015,3,1149459.590666926,1907723.219884254,41.902713902,-87.726451457,"(41.902713901936174, -87.72645145715836)"
KEDZIE AND 26TH,2381,2600 S KEDZIE AVENUE,02/02/2017,3,1155404.235510285,1886524.460033054,41.844424831,-87.705185452,"(41.84442483084393, -87.70518545233183)"
SACRAMENTO AND LAKE,1822,150 N SACRAMENTO BOUL,07/10/2015,6,1156319.560664766,1900957.489351962,41.884012178,-87.701436479,"(41.88401217771363, -87.7014364786693)"
ELSTON AND ADDISON,1402,3600 N ELSTON AVE,07/10/2015,1,1154106.95251778,1923731.036211081,41.946549165,-87.708952626,"(41.94654916480637, -87.70895262603513)"
WESTERN AND NORTH,1851,1600 N WESTERN AVE,07/10/2015,6,1160077.474351131,1910605.013316134,41.910409024,-87.687370268,"(41.91040902362901, -87.687370268401)"
111TH AND HALSTED,2422,11100 S HALSTED ST,07/10/2015,4,1172923.657689312,1831209.044179248,41.692263123,-87.642522688,"(41.692263123425136, -87.6425226876268)"
ROOSEVELT AND HALSTED,2233,800 W ROOSEVELT ROAD,07/10/2015,4,1171199.282357741,1894968.056393724,41.867263098,-87.646972686,"(41.86726309836901, -87.64697268601648)"
ELSTON AND LAWRENCE,1284,4440 W LAWRENCE AVENUE,07/10/2015,9,1145715.061027481,1931571.0474838,41.968226398,-87.739599251,"(41.96822639754791, -87.73959925065756)"
CENTRAL AND LAKE,1743,5600 W LAKE STREET,07/10/2015,3,1138951.495695032,1902230.510465733,41.887838735,-87.765183663,"(41.887838735330206, -87.76518366338465)"
PULASKI AND FOSTER,1104,4000 W FOSTER AVE,07/10/2015,2,1148759.16134887,1934294.249006446,41.975640616,-87.728335469,"(41.975640616231914, -87.72833546926573)"
79TH AND HALSTED,2543,800 W 79TH STREET,07/10/2015,1,1172320.105719411,1852517.9814434,41.750751157,-87.644107793,"(41.75075115747316, -87.64410779300933)"
LAKE SHORE DR AND BELMONT,1413,400 W BELMONT AVE,07/10/2015,67,1172981.744869382,1921577.376128802,41.940241193,-87.639639114,"(41.94024119325571, -87.63963911427594)"
PULASKI AND DIVISION,1802,1200 N PULASKI ROAD,07/10/2015,4,1149459.590666926,1907723.219884254,41.902713902,-87.726451457,"(41.902713901936174, -87.72645145715836)"
CICERO AND ARMITAGE,2003,4800 W ARMITAGE AVENUE,07/10/2015,1,1144054.25126508,1912907.00926109,41.917041992,-87.746176095,"(41.91704199201953, -87.74617609464687)"
HALSTED AND MADISON,1872,1 N HALSTED STREET,07/10/2015,6,1171090.967986833,1900270.454015136,41.881815632,-87.647214717,"(41.88181563164203, -87.64721471704077)"
WESTERN AND CERMAK,1002,2200 S WESTERN AVENUE,07/10/2015,6,1160669.42562757,1889318.196820393,41.85198384,-87.685785704,"(41.85198383957328, -87.68578570420526)"
KEDZIE AND 63RD,2364,3200 W 63RD ST,07/10/2015,1,1156103.348831225,1862717.565210739,41.779081505,-87.703260365,"(41.77908150488341, -87.70326036544745)"
CICERO AND DIVERSEY,1694,4800 W DIVERSEY AVENUE,07/10/2015,3,1143869.848167704,1918226.043989398,41.93164142,-87.746719911,"(41.93164142040689, -87.7467199106462)"
71ST AND ASHLAND,2391,7100 S ASHLAND,07/10/2015,1,1166868.379865725,1857616.168087255,41.764859382,-87.663940176,"(41.764859382425385, -87.66394017630476)"
115TH AND HALSTED,2552,11500 S HALSTED STREE,07/10/2015,6,,,,,
OGDEN AND KOSTNER,2222,2348 S KOSTNER AVENUE,07/10/2015,6,1147394.548182079,1887795.177782082,41.848068845,-87.734547457,"(41.8480688449598, -87.73454745748458)"
HOLLYWOOD AND SHERIDAN,1344,1000 W HOLLYWOOD AVE,07/10/2015,30,1168580.228926466,1938090.295189338,41.985649799,-87.655335807,"(41.98564979859328, -87.65533580655139)"
75TH AND STATE,2621,7500 S STATE STREET,07/10/2015,7,1177538.763040612,1855235.551345519,41.758092176,-87.624902228,"(41.75809217638291, -87.6249022282473)"
PULASKI AND ARCHER,2153,5000 S ARCHER AVE,07/10/2015,4,1150501.818909837,1871162.311703322,41.802365973,-87.723576766,"(41.80236597333895, -87.72357676611004)"
WESTERN AND FULLERTON,1671,2400 N WESTERN AVENUE,07/10/2015,9,1159923.309342995,1915897.778561358,41.924935944,-87.687790255,"(41.92493594409127, -87.68779025471278)"
LAFAYETTE AND 87TH,2502,8700 S LAFAYETTE AVEN,07/10/2015,18,1177417.493180297,1847243.988223464,41.73616511,-87.625587569,"(41.73616511008592, -87.62558756899932)"
DAMEN AND DIVERSEY,1464,2000 W DIVERSEY PARKWAY,07/10/2015,6,1162519.714934025,1918635.417634925,41.932394164,-87.678173031,"(41.93239416403691, -87.67817303087757)"
KEDZIE AND 26TH,2381,2600 S KEDZIE AVENUE,07/10/2015,1,1155404.235510285,1886524.460033054,41.844424831,-87.705185452,"(41.84442483084393, -87.70518545233183)"
IRVING PARK AND KEDZIE,1353,3200 W IRVING PARK ROAD,07/10/2015,4,1154325.140302006,1926458.463197156,41.954029047,-87.708077494,"(41.95402904691877, -87.70807749383191)"
DIVERSEY AND AUSTIN,1453,6000 W DIVERSEY AVENUE,07/10/2015,2,1135895.736169343,1918029.70673837,41.931248624,-87.776028612,"(41.931248623643455, -87.77602861172493)"
AUSTIN AND ADDISON,1491,3600 N AUSTIN AVENUE,07/10/2015,1,1135691.599896458,1923335.967306169,41.945813215,-87.776652162,"(41.9458132146695, -87.77665216156436)"
75TH AND STATE,2624,1 E 75TH STREET,07/10/2015,4,1177601.72646404,1855229.486604181,41.758074111,-87.624671658,"(41.75807411097799, -87.62467165835182)"
IRVING PARK AND KILPATRICK,2763,4700 W IRVING PARK ROA,07/10/2015,6,,,,,
ASHLAND AND MADISON,1911,0 N ASHLAND AVE,07/10/2015,8,,,,,
ASHLAND AND 87TH,2452,8700 S ASHLAND AVE,07/10/2015,4,1167150.470087748,1846991.212339794,41.735696989,-87.663209544,"(41.73569698863625, -87.66320954445679)"
CALIFORNIA AND DEVON,1321,6400 N CALIFORNIA AVE,07/10/2015,5,1156461.150245401,1942370.37710537,41.997649133,-87.699792629,"(41.997649133049336, -87.69979262891378)"
HALSTED AND FULLERTON,1701,2400 N HALSTED STREET,07/10/2015,2,1170501.602639925,1916200.061550148,41.925540315,-87.648912156,"(41.925540315431995, -87.64891215551155)"
CHICAGO AND CLARK,1963,100 W CHICAGO AVENUE,07/10/2015,5,1175374.528739575,1905745.47783364,41.896744347,-87.631321248,"(41.896744346875806, -87.63132124815151)"
HARLEM AND BELMONT,1394,7200 W BELMONT AVE,07/10/2015,4,1127504.698153561,1920475.415440844,41.938105479,-87.806809552,"(41.93810547939496, -87.80680955240743)"
BROADWAY/SHERIDAN AND DEVON,1123,1200 W DEVON AVE,07/10/2015,3,1167109.644248166,1942688.147952186,41.998298228,-87.660611661,"(41.99829822771884, -87.66061166063517)"
HALSTED AND 95TH,2582,9500 S HALSTED STREET,02/02/2017,1,1172610.538363645,1841811.61926207,41.721365061,-87.643358042,"(41.72136506078306, -87.64335804234075)"
35TH AND WESTERN,2091,3500 S WESTERN,07/10/2015,8,1160894.949857101,1881376.851112895,41.830187255,-87.685177925,"(41.83018725526863, -87.68517792510231)"
HAMLIN AND MADISON,1901,0 N HAMLIN BOULEVARD,07/10/2015,6,,,,,
ROOSEVELT AND KOSTNER,2323,4400 W ROOSEVELT,07/10/2015,10,1147200.963258796,1894379.538078088,41.866140868,-87.73508956,"(41.866140867641654, -87.73508956008207)"
HALSTED AND 103RD,2593,800 W 103RD STREET,07/10/2015,1,1172778.570616036,1836587.755252818,41.70702632,-87.642896007,"(41.707026319812215, -87.64289600741817)"
DIVISION AND DAMEN,1733,2000 W DIVISION,07/10/2015,9,1162815.710860194,1908034.672555531,41.903298793,-87.677383247,"(41.903298792681944, -87.67738324739636)"
HALSTED AND NORTH,1764,800 W NORTH AVENUE,07/10/2015,2,1170700.68422007,1910913.190749698,41.91102851,-87.648335806,"(41.91102850981186, -87.64833580602037)"
CORTLAND AND ASHLAND,1723,1600 W CORTLAND ST,07/10/2015,2,1165377.660768235,1912768.773647285,41.916235337,-87.667837772,"(41.91623533746878, -87.66783777212962)"
KEDZIE AND 26TH,2382,2600 S KEDZIE AVENUE,07/10/2015,1,1155404.235510285,1886524.460033054,41.844424831,-87.705185452,"(41.84442483084393, -87.70518545233183)"
35TH AND WESTERN,2092,3500 S WESTERN,02/02/2017,3,1160894.949857101,1881376.851112895,41.830187255,-87.685177925,"(41.83018725526863, -87.68517792510231)"
LARAMIE AND MADISON,2044,5200 W MADISON STREET,07/10/2015,24,1141706.965522802,1899567.55684314,41.880480752,-87.755130433,"(41.88048075170171, -87.75513043296509)"
ASHLAND AND LAWRENCE,1143,1600 W LAWRENCE AVENUE,07/10/2015,3,1164771.946929007,1931988.254061312,41.968987457,-87.669516307,"(41.96898745654617, -87.66951630654926)"
CICERO AND WASHINGTON,1892,100 N CICERO AVENUE,07/10/2015,3,1144328.984091479,1900095.170838459,41.88187971,-87.745489247,"(41.88187970991601, -87.7454892473012)"
MILWAUKEE AND DEVON,1274,6400 W DEVON AVENUE,07/10/2015,1,1132590.619798275,1942138.532048656,41.997463981,-87.787610243,"(41.99746398102873, -87.78761024341388)"
HARLEM AND BELMONT,1391,3200 N HARLEM AVE,07/10/2015,2,1127481.020995451,1920467.613239239,41.938084468,-87.806896749,"(41.93808446822169, -87.80689674887883)"
DIVISION AND DAMEN,1734,2000 W DIVISION,07/10/2015,7,1162815.710860194,1908034.672555531,41.903298793,-87.677383247,"(41.903298792681944, -87.67738324739636)"
119TH AND HALSTED,2402,11900 S HALSTED,07/10/2015,4,1173094.774616191,1825911.054609338,41.677720829,-87.642051845,"(41.67772082924762, -87.64205184498218)"
CICERO AND WASHINGTON,1891,100 N CICERO AVENUE,07/10/2015,21,1144328.984091479,1900095.170838459,41.88187971,-87.745489247,"(41.88187970991601, -87.7454892473012)"
79TH AND KEDZIE,2443,3200 W 79TH ST,07/10/2015,4,1156402.644780165,1852104.649370984,41.749952001,-87.702448478,"(41.74995200142266, -87.70244847808695)"
CICERO AND ADDISON,1611,3600 N CICERO AVENUE,07/10/2015,4,1143698.904601495,1923517.005821035,41.946163524,-87.747215169,"(41.94616352362556, -87.74721516897007)"
FOSTER AND BROADWAY,1113,1200 W FOSTER AVE,07/10/2015,2,1167357.095930752,1934721.393266777,41.97643192,-87.659931806,"(41.97643192018459, -87.65993180604016)"
WENTWORTH AND GARFIELD,2264,200 W GARFIELD BLVD,07/10/2015,29,1175889.574397302,1868551.750512227,41.794670385,-87.630547476,"(41.79467038468937, -87.63054747605638)"
ASHLAND AND DIVISION,1791,1200 N ASHLAND AVENUE,07/10/2015,8,1165466.997046718,1908083.767015974,41.903377468,-87.667643142,"(41.903377467566784, -87.66764314227497)"
HALSTED AND 95TH,2581,9500 S HALSTED STREET,07/10/2015,2,1172610.538363645,1841811.61926207,41.721365061,-87.643358042,"(41.72136506078306, -87.64335804234075)"
CENTRAL AND IRVING PARK,1182,4000 N CENTRAL AVENUE,07/10/2015,1,1138258.614129764,1926071.172884932,41.953272751,-87.767150151,"(41.95327275103541, -87.76715015131407)"
IRVING PARK AND CALIFORNIA,1233,2800 W IRVING PARK ROA,07/10/2015,4,,,,,
JEFFERY AND 95TH,2522,9500 S JEFFERY AVE,07/10/2015,2,1191132.420601301,1842335.735988875,41.722375907,-87.575499903,"(41.72237590704101, -87.57549990332795)"
WESTERN AND ADDISON,1563,2400 W ADDISON,07/10/2015,4,1159719.041544334,1923878.577275797,41.946839991,-87.688320193,"(41.9468399910054, -87.68832019252964)"
DAMEN AND 63RD,2701,6300 S DAMEN AVENUE,07/10/2015,2,1164069.407943298,1862830.277442834,41.779226921,-87.674052731,"(41.77922692069256, -87.67405273137854)"
MONTROSE AND WESTERN,1221,4400 N WESTERN AVENUE,07/10/2015,9,1159539.733234718,1929183.918095502,41.961401846,-87.688832623,"(41.961401846278505, -87.6888326227788)"
CENTRAL AND FULLERTON,1442,2400 N CENTRAL AVENUE,07/10/2015,3,1138603.468418662,1915431.058212414,41.924068922,-87.766141214,"(41.92406892227644, -87.76614121413186)"
CICERO AND NORTH,2034,4800 W NORTH AVENUE,07/10/2015,5,1144053.733747163,1910243.80567041,41.90973389,-87.746244973,"(41.909733890131285, -87.74624497295898)"
CERMAK AND PULASKI,2332,2200 S PULASKI,07/10/2015,5,1150012.876838243,1889071.75851865,41.851521442,-87.724904787,"(41.85152144233116, -87.7249047867499)"
ELSTON AND LAWRENCE,1282,4800 N ELSTON AVENUE,07/10/2015,4,1145529.344259918,1931501.601268983,41.968039361,-87.740283894,"(41.96803936143674, -87.74028389448999)"
55TH AND KEDZIE,2163,3200 W 55TH STREET,07/10/2015,1,1155966.956993183,1868015.593764152,41.793622803,-87.703618141,"(41.79362280329978, -87.70361814062049)"
WESTERN AND TOUHY,1251,7200 N WESTERN AVENUE,07/10/2015,4,1158975.66256211,1947754.286963361,42.012371335,-87.690393917,"(42.012371334791766, -87.69039391737863)"
SACRAMENTO AND CHICAGO,1814,3000 W CHICAGO AVENUE,07/10/2015,3,1156075.266375505,1905216.604770718,41.895704525,-87.702218524,"(41.895704524946225, -87.70221852353758)"
ELSTON AND ADDISON,1403,3216 W ADDISON ST,07/10/2015,7,1154199.729816868,1923799.345386665,41.946734755,-87.708609774,"(41.946734754927796, -87.7086097735515)"
HAMLIN AND LAKE,1882,300 N HAMLIN AVENUE,07/10/2015,4,1150970.026856642,1901381.688308858,41.885282636,-87.721069539,"(41.88528263580913, -87.72106953854511)"
HALSTED AND FULLERTON,1704,800 W FULLERTON AVENUE,07/10/2015,4,1170525.624723311,1916208.443992778,41.925562791,-87.648823641,"(41.92556279107417, -87.64882364145232)"
CALIFORNIA AND DEVON,1323,2800 W DEVON AVENUE,07/10/2015,1,1156484.528078038,1942377.980662191,41.997669523,-87.699706423,"(41.99766952286052, -87.69970642324591)"
MILWAUKEE AND MONTROSE,1364,5075 W MONTROSE AVENUE,07/10/2015,1,1141716.746618898,1928736.076639057,41.960522088,-87.754371424,"(41.96052208819935, -87.75437142402293)"
CHICAGO AND CLARK,1964,100 W CHICAGO AVENUE,07/10/2015,12,1175374.528739575,1905745.47783364,41.896744347,-87.631321248,"(41.896744346875806, -87.63132124815151)"
VAN BUREN AND WESTERN,2052,400 S WESTERN AVENUE,07/10/2015,42,1160431.682297829,1898091.942371589,41.876064776,-87.686415631,"(41.87606477642526, -87.68641563098768)"
PETERSON AND WESTERN,1014,2400 W PETERSON,07/10/2015,10,1159214.211316277,1939825.301874586,41.99060901,-87.689735481,"(41.990609009807294, -87.68973548092968)"
PERSHING AND WESTERN,2114,2400 W PERSHING ROAD,07/10/2015,4,1160957.773623189,1878793.434193427,41.82309676,-87.685018951,"(41.82309676016606, -87.68501895061576)"
KEDZIE AND 31ST,2132,3100 S KEDZIE AVENUE,07/10/2015,3,1155483.167539854,1883867.660503274,41.837132671,-87.704967115,"(41.837132671422296, -87.70496711478727)"
MILWAUKEE AND DEVON,1272,6400 N MILWAUKEE AVEN,07/10/2015,3,1132463.750397878,1942107.911507627,41.997382173,-87.788077674,"(41.99738217345368, -87.78807767391953)"
SACRAMENTO AND CHICAGO,1814,3000 W CHICAGO AVENUE,02/02/2017,6,1156075.266375505,1905216.604770718,41.895704525,-87.702218524,"(41.895704524946225, -87.70221852353758)"
CENTRAL AND ADDISON,1683,5600 W ADDISON STREET,07/10/2015,1,1138349.663302502,1923416.02157061,41.945985104,-87.766879952,"(41.94598510430888, -87.76687995165918)"
STONY ISLAND/CORNELL AND 67TH,2721,6700 S STONY ISLAND A,07/10/2015,15,1187984.143047539,1860863.338367666,41.773292896,-87.586442368,"(41.77329289585066, -87.58644236831432)"
IRVING PARK AND NARRAGANSETT,1024,6400 W IRVING PK,07/10/2015,4,1132945.939118726,1925946.304925137,41.953024751,-87.786683238,"(41.95302475075328, -87.78668323766634)"
MADISON AND WESTERN,1931,1 S WESTERN AVE,07/10/2015,8,1160453.827721979,1899933.703473746,41.881118279,-87.686283339,"(41.881118278833966, -87.686283338873)"
KEDZIE AND 71ST,2352,7100 S KEDZIE AVENUE,07/10/2015,6,1156225.540366296,1857330.103443232,41.764295037,-87.702957162,"(41.764295036756856, -87.70295716211793)"
FULLERTON AND NARRAGANSETT,1554,6400 W FULLERTON AVENU,07/10/2015,7,1133317.594499059,1915293.661305931,41.923786189,-87.785567206,"(41.92378618871128, -87.78556720562165)"
COLUMBUS AND ILLINOIS,1952,500 N COLUMBUS DRIVE,02/02/2017,5,1178372.808407292,1903693.06016042,41.891044569,-87.620371839,"(41.891044569124276, -87.620371839074)"
WESTERN AND MARQUETTE,2672,6700 S WESTERN AVENUE,07/10/2015,8,1161488.747635042,1860134.788366884,41.771884028,-87.683588402,"(41.77188402771193, -87.68358840206334)"
ARCHER AND CICERO,2081,5200 S CICERO AVE,05/05/2017,27,1145195.931989777,1869737.708306623,41.798558278,-87.743071866,"(41.798558278193305, -87.74307186616427)"
ASHLAND AND IRVING PARK,1151,4000 N ASHLAND AVENUE,07/10/2015,6,1164899.463802581,1926665.661118925,41.954379326,-87.66919912,"(41.954379326212695, -87.66919911980419)"
99TH AND HALSTED,2431,9900 S HALSTED ST,07/10/2015,17,1172689.754200318,1839171.652197216,41.714118868,-87.643145408,"(41.714118868089905, -87.64314540818165)"
55TH and PULASKI,2244,4000 W 55TH ST,07/10/2015,1,1150621.676903861,1867864.274865394,41.793313334,-87.723223038,"(41.79331333358753, -87.72322303812588)"
STONEY ISLAND AND 76TH,2631,7600 S STONY ISLAND A,07/10/2015,26,1188092.796191935,1854889.354158304,41.756897173,-87.586234285,"(41.75689717260223, -87.58623428506996)"
CANAL AND ROOSEVELT,2291,1200 S CANAL STREET,02/02/2017,8,1173268.771030949,1894952.634878732,41.867175125,-87.639375813,"(41.86717512472001, -87.63937581258092)"
JEFFERY AND 95TH,2523,2000 E 95TH ST,07/10/2015,1,1191188.381103057,1842410.411853539,41.722579473,-87.575292523,"(41.722579473126416, -87.57529252250366)"
WESTERN AND FOSTER,1072,5200 N WESTERN AVE,07/10/2015,1,1159372.922497116,1934478.313674003,41.975933372,-87.689299589,"(41.97593337199358, -87.6892995891816)"
ARCHER AND CICERO,2081,5200 S CICERO AVE,07/10/2015,22,1145195.931989777,1869737.708306623,41.798558278,-87.743071866,"(41.798558278193305, -87.74307186616427)"
DAMEN AND 63RD,2702,6300 S DAMEN AVENUE,07/10/2015,3,1164069.407943298,1862830.277442834,41.779226921,-87.674052731,"(41.77922692069256, -87.67405273137854)"
PULASKI AND LAWRENCE,1173,4000 W LAWRENCE AVENUE,07/10/2015,1,1148844.220085601,1931638.45430438,41.968351285,-87.728091672,"(41.96835128527914, -87.72809167198088)"
CANAL AND ROOSEVELT,2294,500 W ROOSEVELT ROAD,02/02/2017,6,1173290.72186561,1895021.166235495,41.867362693,-87.639293195,"(41.867362692616666, -87.63929319464197)"
KEDZIE AND 47TH,2104,3200 W 47TH ST,07/10/2015,3,1155815.231505056,1873336.169728074,41.808226246,-87.704031672,"(41.808226246244026, -87.70403167215984)"
WESTERN AND TOUHY,1252,7200 N WESTERN AVENUE,07/10/2015,1,1158975.66256211,1947754.286963361,42.012371335,-87.690393917,"(42.012371334791766, -87.69039391737863)"
WESTERN AND 71ST,2612,7100 S WESTERN AVENUE,07/10/2015,9,1161563.704681724,1857484.211306323,41.764608912,-87.683387053,"(41.76460891223613, -87.68338705328121)"
CICERO AND ARMITAGE,2001,2000 N CICERO AVENUE,07/10/2015,2,1144031.525719004,1912881.8300295,41.916973325,-87.746260223,"(41.91697332451097, -87.74626022251057)"
ASHLAND AND 87TH,2454,1600 W 87TH ST,07/10/2015,10,1167171.941297436,1847064.855345151,41.735898617,-87.663128781,"(41.735898617066006, -87.66312878090133)"
LARAMIE AND MADISON,2043,5200 W MADISON STREET,07/10/2015,4,1141706.965522802,1899567.55684314,41.880480752,-87.755130433,"(41.88048075170171, -87.75513043296509)"
WESTERN AND DEVON,1211,6400 N WESTERN AVENUE,07/10/2015,1,1159113.585759434,1942451.622367891,41.997817807,-87.690033035,"(41.997817807026, -87.69003303469276)"
PULASKI AND LAWRENCE,1172,4800 N PULASKI ROAD,07/10/2015,2,1148821.701520117,1931605.974570937,41.968262595,-87.728175316,"(41.968262595100775, -87.7281753157596)"
PULASKI AND NORTH,1992,1600 N PULASKI AVENUE,07/10/2015,1,1149432.959240306,1910369.112502195,41.90997501,-87.726480523,"(41.909975010236906, -87.72648052306623)"
31ST ST AND MARTIN LUTHER KING DRIVE,2123,400 E 31ST STREET,07/10/2015,4,1179437.985396417,1884565.84226022,41.838534018,-87.617046113,"(41.838534018118914, -87.61704611345726)"
79TH AND HALSTED,2541,7900 S HALSTED STREET,02/02/2017,5,1172298.707400847,1852444.344822186,41.750549559,-87.644188368,"(41.750549559438944, -87.64418836784098)"
CENTRAL AND LAKE,1742,400 N CENTRAL AVENUE,07/10/2015,4,1138928.478257537,1902217.926149854,41.887804621,-87.765268498,"(41.88780462053497, -87.76526849810371)"
99TH AND HALSTED,2433,800 W 99TH ST,07/10/2015,10,1172710.642565684,1839246.330602143,41.714323337,-87.643066714,"(41.71432333701137, -87.64306671421937)"
WESTERN AND CHICAGO,1943,2400 W CHICAGO AVE,07/10/2015,1,1160226.686812944,1905300.904544474,41.895851041,-87.686968935,"(41.895851041123755, -87.68696893468467)"
KOSTNER AND NORTH,2012,4400 W GRAND AVE,07/10/2015,5,1146773.519128439,1910425.663958581,41.91018141,-87.73624887,"(41.910181409597406, -87.73624887040725)"
WENTWORTH AND GARFIELD,2261,5500 S WENTWORTH AVEN,12/02/2015,20,,,,,
CERMAK AND PULASKI,2334,4000 W CERMAK,07/10/2015,4,1150018.476053666,1889120.238540361,41.851654369,-87.724882975,"(41.85165436867626, -87.7248829753078)"
DAMEN AND FULLERTON,1663,2000 W FULLERTON AVE,07/10/2015,20,1162596.935552891,1915990.579747891,41.925134944,-87.677963546,"(41.92513494374925, -87.67796354553815)"
ASHLAND AND 87TH,2452,8700 S ASHLAND AVE,02/02/2017,7,1167150.470087748,1846991.212339794,41.735696989,-87.663209544,"(41.73569698863625, -87.66320954445679)"
HALSTED AND 95TH,2582,9500 S HALSTED STREET,07/10/2015,3,1172610.538363645,1841811.61926207,41.721365061,-87.643358042,"(41.72136506078306, -87.64335804234075)"
SHERIDAN AND FOSTER,1134,1000 W FOSTER AVE,07/10/2015,1,1168689.247756979,1934758.578141654,41.976505116,-87.655031882,"(41.97650511595711, -87.65503188224778)"
HALSTED AND 103RD,2592,10300 S HALSTED STREE,07/10/2015,1,,,,,
STONEY ISLAND AND 79TH,2462,7900 S STONEY ISLAND,07/10/2015,6,1188181.571068297,1852908.934789311,41.751460603,-87.585971993,"(41.75146060316686, -87.5859719929647)"
KEDZIE AND ARMITAGE,1832,2000 N KEDZIE AVENUE,07/10/2015,5,1154684.031809326,1913129.496340896,41.917446172,-87.707116072,"(41.91744617191702, -87.70711607187832)"
CICERO AND FULLERTON,1474,4800 W FULLERTON AVE,07/10/2015,2,1143967.570794243,1915568.504954477,41.924347036,-87.74642764,"(41.924347036010694, -87.74642763965628)"
PERSHING AND WESTERN,2112,3900 S WESTERN BLVD,07/10/2015,3,1161130.992078755,1878746.226354636,41.822963628,-87.684384785,"(41.82296362788048, -87.68438478541296)"
CICERO AND FULLERTON,1474,4800 W FULLERTON AVE,02/02/2017,1,1143967.570794243,1915568.504954477,41.924347036,-87.74642764,"(41.924347036010694, -87.74642763965628)"
IRVING PARK AND KEDZIE,1354,3200 W IRVING PARK ROAD,07/10/2015,10,1154325.140302006,1926458.463197156,41.954029047,-87.708077494,"(41.95402904691877, -87.70807749383191)"
LAFAYETTE AND 87TH,2503,30 W 87TH STREET,07/11/2015,39,1177407.651800237,1847320.772058312,41.736376037,-87.625621311,"(41.736376036604916, -87.62562131092602)"
ELSTON AND LAWRENCE,1284,4440 W LAWRENCE AVENUE,07/11/2015,8,1145715.061027481,1931571.0474838,41.968226398,-87.739599251,"(41.96822639754791, -87.73959925065756)"
KEDZIE AND 26TH,2381,2600 S KEDZIE AVENUE,07/11/2015,4,1155404.235510285,1886524.460033054,41.844424831,-87.705185452,"(41.84442483084393, -87.70518545233183)"
ASHLAND AND MADISON,1914,1600 W MADISON,07/11/2015,4,1165723.014733182,1900136.515489506,41.881564167,-87.666929463,"(41.8815641670199, -87.66692946294842)"
COLUMBUS AND ILLINOIS,1952,500 N COLUMBUS DRIVE,07/11/2015,17,1178372.808407292,1903693.06016042,41.891044569,-87.620371839,"(41.891044569124276, -87.620371839074)"
PULASKI AND PETERSON,1263,4000 W PETERSON AVENUE,05/05/2017,19,1148618.560490339,1939615.133928395,41.990244186,-87.728714391,"(41.99024418564742, -87.7287143910091)"
35TH AND WESTERN,2091,3500 S WESTERN,07/11/2015,7,1160894.949857101,1881376.851112895,41.830187255,-87.685177925,"(41.83018725526863, -87.68517792510231)"
KEDZIE AND 63RD,2364,3200 W 63RD ST,07/11/2015,2,1156103.348831225,1862717.565210739,41.779081505,-87.703260365,"(41.77908150488341, -87.70326036544745)"
IRVING PARK AND NARRAGANSETT,1023,6400 W IRVING PK,07/11/2015,4,1132945.939118726,1925946.304925137,41.953024751,-87.786683238,"(41.95302475075328, -87.78668323766634)"
KEDZIE AND 31ST,2132,3100 S KEDZIE AVENUE,07/11/2015,1,1155483.167539854,1883867.660503274,41.837132671,-87.704967115,"(41.837132671422296, -87.70496711478727)"
WESTERN AND 71ST,2614,2400 W 71ST STREET,07/11/2015,3,1161584.506819846,1857557.788853485,41.764810388,-87.683308769,"(41.76481038827884, -87.68330876944678)"
CICERO AND ADDISON,1611,3600 N CICERO AVENUE,07/11/2015,2,1143698.904601495,1923517.005821035,41.946163524,-87.747215169,"(41.94616352362556, -87.74721516897007)"
BROADWAY/SHERIDAN AND DEVON,1122,6400 N SHERIDAN ROAD,07/11/2015,1,1167087.151194129,1942658.704988689,41.998217921,-87.660695256,"(41.99821792053241, -87.6606952555721)"
CENTRAL AND FULLERTON,1444,5600 W FULLERTON AVENU,07/11/2015,2,1138627.279189421,1915438.969256439,41.924090199,-87.76605353,"(41.92409019883488, -87.76605353016079)"
WESTERN AND 71ST,2612,7100 S WESTERN AVENUE,07/11/2015,5,1161563.704681724,1857484.211306323,41.764608912,-87.683387053,"(41.76460891223613, -87.68338705328121)"
PULASKI AND DIVISION,1801,1200 N PULASKI ROAD,07/11/2015,4,1149459.590666926,1907723.219884254,41.902713902,-87.726451457,"(41.902713901936174, -87.72645145715836)"
WESTERN AND TOUHY,1251,7200 N WESTERN AVENUE,07/11/2015,2,1158975.66256211,1947754.286963361,42.012371335,-87.690393917,"(42.012371334791766, -87.69039391737863)"
CENTRAL AND DIVERSEY,1644,5600 W DIVERSEY AVENUE,07/11/2015,1,1138539.758528398,1918097.096677271,41.931385977,-87.766310532,"(41.93138597683265, -87.76631053155157)"
MILWAUKEE AND MONTROSE,1364,5075 W MONTROSE AVENUE,07/11/2015,1,1141716.746618898,1928736.076639057,41.960522088,-87.754371424,"(41.96052208819935, -87.75437142402293)"
IRVING PARK AND KILPATRICK,2763,4700 W IRVING PARK ROA,07/11/2015,2,,,,,
IRVING PARK AND KILPATRICK,2764,4700 W IRVING PARK ROA,07/11/2015,1,,,,,
CICERO AND HARRISON,2023,4800 W HARRISON STREET,07/11/2015,2,1144451.867388303,1896949.561959463,41.873245464,-87.745117179,"(41.873245464379586, -87.7451171788807)"
CENTRAL AND CHICAGO,1973,5600 W CHICAGO AVENUE,02/02/2017,3,1138858.856732452,1904825.827586656,41.894962293,-87.765460791,"(41.89496229349977, -87.76546079122906)"
ASHLAND AND FULLERTON,1652,2400 N ASHLAND AVENUE,02/02/2017,5,1165228.073342838,1916032.319169157,41.92519389,-87.668294363,"(41.92519388981048, -87.66829436339881)"
ROOSEVELT AND PULASKI,2311,1200 S PULASKI ROAD,07/11/2015,4,1149866.002247864,1894375.839200384,41.866079337,-87.725305995,"(41.86607933722178, -87.7253059948758)"
CHICAGO AND CLARK,1964,100 W CHICAGO AVENUE,07/11/2015,11,1175374.528739575,1905745.47783364,41.896744347,-87.631321248,"(41.896744346875806, -87.63132124815151)"
KEDZIE AND ARMITAGE,1834,3200 W ARMITAGE AVENUE,11/22/2016,2,1154700.851347995,1913153.252187904,41.917511023,-87.707053639,"(41.91751102291878, -87.7070536388797)"
PULASKI AND ARCHER,2154,5000 S ARCHER AVE,07/11/2015,4,1150501.818909837,1871162.311703322,41.802365973,-87.723576766,"(41.80236597333895, -87.72357676611004)"
CICERO AND 47TH,2202,4700 S CICERO AVE,07/11/2015,3,1145112.150373471,1873006.659918126,41.807530373,-87.743296821,"(41.80753037289406, -87.7432968212423)"
CENTRAL AND ADDISON,1683,5600 W ADDISON STREET,07/11/2015,2,1138349.663302502,1923416.02157061,41.945985104,-87.766879952,"(41.94598510430888, -87.76687995165918)"
FOSTER AND NAGLE,1031,5200 N NAGLE,07/11/2015,5,1132529.656558223,1934201.702060651,41.97568567,-87.788020406,"(41.97568566971868, -87.78802040620296)"
PULASKI AND NORTH,1992,1600 N PULASKI AVENUE,07/11/2015,2,1149432.959240306,1910369.112502195,41.90997501,-87.726480523,"(41.909975010236906, -87.72648052306623)"
ELSTON AND ADDISON,1403,3216 W ADDISON ST,07/11/2015,8,1154199.729816868,1923799.345386665,41.946734755,-87.708609774,"(41.946734754927796, -87.7086097735515)"
HALSTED AND 103RD,2592,10300 S HALSTED STREE,07/11/2015,1,,,,,
LASALLE AND KINZIE,1923,140 W KINZIE,07/11/2015,3,1175048.09765242,1903028.894760294,41.889297219,-87.632601648,"(41.88929721947309, -87.63260164817305)"
VAN BUREN AND WESTERN,2052,400 S WESTERN AVENUE,07/11/2015,42,1160431.682297829,1898091.942371589,41.876064776,-87.686415631,"(41.87606477642526, -87.68641563098768)"
HAMLIN AND LAKE,1882,300 N HAMLIN AVENUE,02/02/2017,5,1150970.026856642,1901381.688308858,41.885282636,-87.721069539,"(41.88528263580913, -87.72106953854511)"
79TH AND KEDZIE,2443,3200 W 79TH ST,07/11/2015,3,1156402.644780165,1852104.649370984,41.749952001,-87.702448478,"(41.74995200142266, -87.70244847808695)"
ASHLAND AND 87TH,2452,8700 S ASHLAND AVE,07/11/2015,4,1167150.470087748,1846991.212339794,41.735696989,-87.663209544,"(41.73569698863625, -87.66320954445679)"
PULASKI AND DIVERSEY,1543,4000 W DIVERSEY AVENUE,02/02/2017,4,1149206.496130705,1918356.569267582,41.931897723,-87.72710503,"(41.9318977231462, -87.72710503045386)"
ASHLAND AND 95TH,2473,1600 W 95TH STREET,07/11/2015,2,1167323.753394196,1841755.029221382,41.721324412,-87.662724153,"(41.721324411975246, -87.66272415265087)"
CICERO AND I55,2252,4200 S CICERO AVENUE,02/02/2017,9,1145023.742859509,1876358.276835519,41.816729387,-87.743536712,"(41.81672938674739, -87.74353671247594)"
PULASKI AND LAWRENCE,1172,4800 N PULASKI ROAD,07/11/2015,1,1148821.701520117,1931605.974570937,41.968262595,-87.728175316,"(41.968262595100775, -87.7281753157596)"
STATE AND 79TH,2654,1 E 79TH STREET,07/11/2015,35,1177680.113652821,1852598.313477786,41.750852096,-87.624463832,"(41.75085209551078, -87.62446383210285)"
CICERO AND CHICAGO,1781,800 N CICERO AVENUE,07/11/2015,4,1144169.162482127,1904893.189220372,41.895049038,-87.745955516,"(41.89504903796389, -87.74595551626888)"
WESTERN AND CERMAK,1002,2200 S WESTERN AVENUE,02/02/2017,4,1160669.42562757,1889318.196820393,41.85198384,-87.685785704,"(41.85198383957328, -87.68578570420526)"
99TH AND HALSTED,2433,800 W 99TH ST,07/11/2015,12,1172710.642565684,1839246.330602143,41.714323337,-87.643066714,"(41.71432333701137, -87.64306671421937)"
75TH AND STATE,2624,1 E 75TH STREET,07/11/2015,7,1177601.72646404,1855229.486604181,41.758074111,-87.624671658,"(41.75807411097799, -87.62467165835182)"
CANAL AND ROOSEVELT,2291,1200 S CANAL STREET,07/11/2015,7,1173268.771030949,1894952.634878732,41.867175125,-87.639375813,"(41.86717512472001, -87.63937581258092)"
WESTERN AND FULLERTON,1672,2400 N WESTERN AVENUE,07/11/2015,1,1159923.309342995,1915897.778561358,41.924935944,-87.687790255,"(41.92493594409127, -87.68779025471278)"
STONEY ISLAND AND 79TH,2464,1600 E 79TH ST,07/11/2015,1,1188284.704439907,1852964.829047574,41.751611523,-87.585592284,"(41.75161152327319, -87.58559228428787)"
ASHLAND AND LAWRENCE,1142,4800 N ASHLAND AVENUE,07/11/2015,7,1164751.686785145,1932001.206626392,41.96902343,-87.669590434,"(41.969023429614026, -87.66959043354217)"
PULASKI AND ARMITAGE,1844,4000 W ARMITAGE AVENUE,07/11/2015,1,1149375.428872108,1913028.984273181,41.917275069,-87.726622746,"(41.91727506940875, -87.72662274644799)"
87TH AND VINCENNES,2412,8700 S VINCENNES,02/02/2017,4,1172026.328989535,1847142.496643776,41.736006565,-87.645341819,"(41.73600656458518, -87.64534181897955)"
ROOSEVELT AND HALSTED,2234,800 W ROOSEVELT ROAD,07/11/2015,49,1171199.282357741,1894968.056393724,41.867263098,-87.646972686,"(41.86726309836901, -87.64697268601648)"
ASHLAND AND 95TH,2472,9500 S ASHLAND AVENUE,02/02/2017,8,1167295.830128711,1841695.121217916,41.721160612,-87.662828139,"(41.72116061205213, -87.66282813939165)"
PULASKI AND NORTH,1994,4000 W NORTH AVENUE,07/11/2015,2,1149456.2688422,1910376.774019002,41.909995582,-87.726394693,"(41.90999558160536, -87.72639469321471)"
CLARK AND IRVING PARK,1093,1300 W IRVING PARK ROAD,02/02/2017,3,1166777.545456989,1926719.73687357,41.954487567,-87.662293496,"(41.95448756687966, -87.66229349585691)"
LAWRENCE AND WESTERN,1193,2400 W LAWRENCE AVENUE,07/11/2015,3,1159482.648570304,1931851.989492596,41.968724349,-87.688968727,"(41.96872434882172, -87.68896872699601)"
CALIFORNIA AND PETERSON,1313,2800 W PETERSON AVENUE,07/11/2015,8,1156569.515341857,1939784.830544118,41.990552082,-87.699464396,"(41.990552081681564, -87.69946439622785)"
ASHLAND AND LAWRENCE,1143,1600 W LAWRENCE AVENUE,07/11/2015,5,1164771.946929007,1931988.254061312,41.968987457,-87.669516307,"(41.96898745654617, -87.66951630654926)"
CENTRAL AND CHICAGO,1973,5600 W CHICAGO AVENUE,07/11/2015,3,1138858.856732452,1904825.827586656,41.894962293,-87.765460791,"(41.89496229349977, -87.76546079122906)"
FOSTER AND BROADWAY,1111,5200 N BROADWAY ST,07/11/2015,4,1167334.508577915,1934714.008346532,41.976412143,-87.660015082,"(41.97641214294823, -87.66001508205365)"
LARAMIE AND MADISON,2043,5200 W MADISON STREET,07/11/2015,2,1141706.965522802,1899567.55684314,41.880480752,-87.755130433,"(41.88048075170171, -87.75513043296509)"
CICERO AND CHICAGO,1783,4800 W CHICAGO AVENUE,07/11/2015,3,1144175.291152764,1904916.255225279,41.895112219,-87.745932427,"(41.89511221857764, -87.74593242701515)"
WESTERN AND NORTH,1853,2400 W NORTH AVE,07/11/2015,1,1160100.839010995,1910612.783367238,41.910429862,-87.687284221,"(41.91042986235867, -87.68728422050837)"
115TH AND HALSTED,2552,11500 S HALSTED STREE,05/05/2017,9,,,,,
KOSTNER AND NORTH,2011,1600 N KOSTNER,07/11/2015,5,1146732.108679105,1910282.120990798,41.909788304,-87.736404667,"(41.90978830394343, -87.73640466739216)"
IRVING PARK AND CALIFORNIA,1233,2800 W IRVING PARK ROA,07/11/2015,4,,,,,
AUSTIN AND IRVING PARK,1161,4000 N AUSTIN AVENUE,07/11/2015,3,1135599.956110927,1926006.862619986,41.953144059,-87.776925284,"(41.95314405904539, -87.77692528423394)"
DIVISION AND DAMEN,1733,2000 W DIVISION,07/11/2015,6,1162815.710860194,1908034.672555531,41.903298793,-87.677383247,"(41.903298792681944, -87.67738324739636)"
ASHLAND AND 95TH,2472,9500 S ASHLAND AVENUE,07/11/2015,7,1167295.830128711,1841695.121217916,41.721160612,-87.662828139,"(41.72116061205213, -87.66282813939165)"
HAMLIN AND LAKE,1881,300 N HAMLIN AVENUE,05/05/2017,6,1150970.026856642,1901381.688308858,41.885282636,-87.721069539,"(41.88528263580913, -87.72106953854511)"
55TH and PULASKI,2244,4000 W 55TH ST,07/11/2015,1,1150621.676903861,1867864.274865394,41.793313334,-87.723223038,"(41.79331333358753, -87.72322303812588)"
PULASKI AND FOSTER,1104,4000 W FOSTER AVE,07/11/2015,8,1148759.16134887,1934294.249006446,41.975640616,-87.728335469,"(41.975640616231914, -87.72833546926573)"
ASHLAND AND FULLERTON,1652,2400 N ASHLAND AVENUE,07/11/2015,10,1165228.073342838,1916032.319169157,41.92519389,-87.668294363,"(41.92519388981048, -87.66829436339881)"
IRVING PARK AND KEDZIE,1353,3200 W IRVING PARK ROAD,07/11/2015,7,1154325.140302006,1926458.463197156,41.954029047,-87.708077494,"(41.95402904691877, -87.70807749383191)"
55TH AND KEDZIE,2163,3200 W 55TH STREET,05/05/2017,2,1155966.956993183,1868015.593764152,41.793622803,-87.703618141,"(41.79362280329978, -87.70361814062049)"
55TH and PULASKI,2242,5500 S PULASKI,07/11/2015,1,1150600.072649439,1867806.44512718,41.793155061,-87.723303765,"(41.793155060731024, -87.72330376464247)"
119TH AND HALSTED,2402,11900 S HALSTED,07/11/2015,11,1173094.774616191,1825911.054609338,41.677720829,-87.642051845,"(41.67772082924762, -87.64205184498218)"
FULLERTON AND NARRAGANSETT,1553,6400 W FULLERTON AVENU,07/11/2015,2,1133317.594499059,1915293.661305931,41.923786189,-87.785567206,"(41.92378618871128, -87.78556720562165)"
87TH AND VINCENNES,2412,8700 S VINCENNES,07/11/2015,18,1172026.328989535,1847142.496643776,41.736006565,-87.645341819,"(41.73600656458518, -87.64534181897955)"
ELSTON AND LAWRENCE,1284,4440 W LAWRENCE AVENUE,02/02/2017,2,1145715.061027481,1931571.0474838,41.968226398,-87.739599251,"(41.96822639754791, -87.73959925065756)"
55TH AND WESTERN,2212,5500 S WESTERN AVE,07/11/2015,5,1161269.521335262,1867963.111601251,41.793370554,-87.684175377,"(41.79337055433029, -87.6841753767592)"
PULASKI AND LAWRENCE,1173,4000 W LAWRENCE AVENUE,07/11/2015,1,1148844.220085601,1931638.45430438,41.968351285,-87.728091672,"(41.96835128527914, -87.72809167198088)"
55TH AND WESTERN,2213,2400 W 55TH STREET,07/11/2015,6,1161277.012730599,1868185.749490228,41.793981347,-87.684141741,"(41.7939813465735, -87.68414174128355)"
HALSTED AND 103RD,2592,10300 S HALSTED STREE,02/02/2017,3,,,,,
ROOSEVELT AND HALSTED,2233,800 W ROOSEVELT ROAD,07/11/2015,8,1171199.282357741,1894968.056393724,41.867263098,-87.646972686,"(41.86726309836901, -87.64697268601648)"
PULASKI AND ARCHER,2153,5000 S ARCHER AVE,07/11/2015,2,1150501.818909837,1871162.311703322,41.802365973,-87.723576766,"(41.80236597333895, -87.72357676611004)"
WESTERN AND 63RD,2373,2400 W 63RD ST,07/11/2015,1,1161444.415758584,1862848.534703658,41.779331844,-87.683675761,"(41.77933184429814, -87.68367576084798)"
KEDZIE AND 63RD,2361,6300 S KEDZIE AVE,07/11/2015,1,1156097.505177228,1862668.051775093,41.77894575,-87.703283119,"(41.77894575017997, -87.70328311900342)"
71ST AND ASHLAND,2394,1600 W 71ST,07/11/2015,5,1166890.012333149,1857674.2502247,41.765018306,-87.66385923,"(41.76501830555763, -87.66385923012646)"
COTTAGE GROVE AND 71ST,2571,7100 S COTTAGE GROVE,07/11/2015,1,1182746.23698699,1858088.011064538,41.765800351,-87.605729127,"(41.76580035131893, -87.6057291269901)"
DIVERSEY AND AUSTIN,1454,6000 W DIVERSEY AVENUE,07/11/2015,1,1135895.736169343,1918029.70673837,41.931248624,-87.776028612,"(41.931248623643455, -87.77602861172493)"
MILWAUKEE AND MONTROSE,1362,4400 N MILWAUKEE AVEN,07/11/2015,3,1141643.943268783,1928770.256316239,41.96061723,-87.75463824,"(41.9606172296957, -87.75463824007085)"
ROOSEVELT AND HALSTED,2234,800 W ROOSEVELT ROAD,02/02/2017,2,1171199.282357741,1894968.056393724,41.867263098,-87.646972686,"(41.86726309836901, -87.64697268601648)"
PULASKI AND FOSTER,1102,5200 N PULASKI RD,07/11/2015,5,1148746.251286324,1934286.914361976,41.97562074,-87.728383135,"(41.97562073966174, -87.72838313514907)"
KEDZIE AND ARMITAGE,1834,3200 W ARMITAGE AVENUE,07/11/2015,3,1154700.851347995,1913153.252187904,41.917511023,-87.707053639,"(41.91751102291878, -87.7070536388797)"
CICERO AND ADDISON,1612,3600 N CICERO AVENUE,07/11/2015,3,1143698.904601495,1923517.005821035,41.946163524,-87.747215169,"(41.94616352362556, -87.74721516897007)"
CLARK AND FULLERTON,1632,2400 N CLARK ST,07/11/2015,1,1172749.562209477,1916238.997132859,41.925597623,-87.640650973,"(41.925597623023144, -87.64065097309872)"
CENTRAL AND CHICAGO,1972,800 N CENTRAL AVENUE,07/11/2015,6,1138836.562608552,1904801.732832435,41.894896579,-87.765543258,"(41.89489657939746, -87.76554325845893)"
BELMONT AND KEDZIE,1372,3200 N KEDZIE AVE,07/11/2015,11,1154426.977874407,1921110.466549542,41.93935173,-87.707846594,"(41.93935173030961, -87.70784659359776)"
OGDEN AND KOSTNER,2223,4400 W OGDEN AVENUE,07/11/2015,7,1147406.592439224,1887689.099869462,41.847777523,-87.734505969,"(41.84777752280453, -87.73450596874825)"
LAFAYETTE AND 87TH,2502,8700 S LAFAYETTE AVEN,07/11/2015,14,1177417.493180297,1847243.988223464,41.73616511,-87.625587569,"(41.73616511008592, -87.62558756899932)"
ELSTON AND IRVING PARK,1503,3700 W IRVING PARK ROA,02/02/2017,6,,,,,
CALIFORNIA AND DEVON,1323,2800 W DEVON AVENUE,07/11/2015,3,1156484.528078038,1942377.980662191,41.997669523,-87.699706423,"(41.99766952286052, -87.69970642324591)"
CICERO AND HARRISON,2022,600 S CICERO AVENUE,07/11/2015,5,1144444.97442848,1896894.622216872,41.873094833,-87.745143869,"(41.873094832519136, -87.74514386884542)"
PULASKI AND ARMITAGE,1843,4000 W ARMITAGE AVENUE,07/11/2015,4,1149375.428872108,1913028.984273181,41.917275069,-87.726622746,"(41.91727506940875, -87.72662274644799)"
ROOSEVELT AND KOSTNER,2321,1200 S KOSTNER,07/11/2015,4,1147196.304001978,1894305.883269746,41.865938839,-87.735108549,"(41.8659388389088, -87.73510854901264)"
ASHLAND AND IRVING PARK,1151,4000 N ASHLAND AVENUE,07/11/2015,3,1164899.463802581,1926665.661118925,41.954379326,-87.66919912,"(41.954379326212695, -87.66919911980419)"
CERMAK AND PULASKI,2332,2200 S PULASKI,07/11/2015,2,1150012.876838243,1889071.75851865,41.851521442,-87.724904787,"(41.85152144233116, -87.7249047867499)"
MONTROSE AND WESTERN,1224,2400 W MONTROSE AVENUE,07/11/2015,3,1159562.971802959,1929191.337701253,41.961421726,-87.68874698,"(41.961421726406314, -87.68874697983858)"
HOLLYWOOD AND SHERIDAN,1343,1000 W HOLLYWOOD AVE,07/11/2015,10,1168580.228926466,1938090.295189338,41.985649799,-87.655335807,"(41.98564979859328, -87.65533580655139)"
WESTERN AND ADDISON,1563,2400 W ADDISON,07/11/2015,2,1159719.041544334,1923878.577275797,41.946839991,-87.688320193,"(41.9468399910054, -87.68832019252964)"
JEFFERY AND 95TH,2522,9500 S JEFFERY AVE,07/11/2015,6,1191132.420601301,1842335.735988875,41.722375907,-87.575499903,"(41.72237590704101, -87.57549990332795)"
LARAMIE AND MADISON,2044,5200 W MADISON STREET,07/11/2015,10,1141706.965522802,1899567.55684314,41.880480752,-87.755130433,"(41.88048075170171, -87.75513043296509)"
DAMEN AND FULLERTON,1663,2000 W FULLERTON AVE,07/11/2015,17,1162596.935552891,1915990.579747891,41.925134944,-87.677963546,"(41.92513494374925, -87.67796354553815)"
HARLEM AND BELMONT,1394,7200 W BELMONT AVE,07/11/2015,6,1127504.698153561,1920475.415440844,41.938105479,-87.806809552,"(41.93810547939496, -87.80680955240743)"
HALSTED AND DIVISION,1714,800 W DIVISION,07/11/2015,8,1170767.827960358,1908259.644151662,41.903745557,-87.648167011,"(41.90374555734733, -87.64816701062779)"
CENTRAL AND LAKE,1743,5600 W LAKE STREET,07/11/2015,3,1138951.495695032,1902230.510465733,41.887838735,-87.765183663,"(41.887838735330206, -87.76518366338465)"
KIMBALL AND DIVERSEY,1581,2800 N KIMBALL AVENUE,07/11/2015,2,,,,,
HOMAN/KIMBALL AND NORTH,1773,3400 W NORTH AVE,07/11/2015,17,1153386.578905125,1910465.87061722,41.910162847,-87.711953868,"(41.91016284680269, -87.71195386769125)"
PULASKI AND DIVERSEY,1543,4000 W DIVERSEY AVENUE,07/11/2015,1,1149206.496130705,1918356.569267582,41.931897723,-87.72710503,"(41.9318977231462, -87.72710503045386)"
HALSTED AND MADISON,1872,1 N HALSTED STREET,07/11/2015,10,1171090.967986833,1900270.454015136,41.881815632,-87.647214717,"(41.88181563164203, -87.64721471704077)"
CENTRAL AND IRVING PARK,1182,4000 N CENTRAL AVENUE,07/11/2015,4,1138258.614129764,1926071.172884932,41.953272751,-87.767150151,"(41.95327275103541, -87.76715015131407)"
OGDEN AND KOSTNER,2222,2348 S KOSTNER AVENUE,07/11/2015,1,1147394.548182079,1887795.177782082,41.848068845,-87.734547457,"(41.8480688449598, -87.73454745748458)"
HAMLIN AND MADISON,1901,0 N HAMLIN BOULEVARD,07/11/2015,14,,,,,
HALSTED AND 95TH,2581,9500 S HALSTED STREET,07/11/2015,4,1172610.538363645,1841811.61926207,41.721365061,-87.643358042,"(41.72136506078306, -87.64335804234075)"
HAMLIN AND MADISON,1903,3800 W MADISON STREET,07/11/2015,10,1151032.709141294,1899784.033986533,41.880897273,-87.720881226,"(41.880897273491264, -87.72088122613924)"
79TH AND HALSTED,2543,800 W 79TH STREET,07/11/2015,2,1172320.105719411,1852517.9814434,41.750751157,-87.644107793,"(41.75075115747316, -87.64410779300933)"
55TH AND KEDZIE,2163,3200 W 55TH STREET,07/11/2015,5,1155966.956993183,1868015.593764152,41.793622803,-87.703618141,"(41.79362280329978, -87.70361814062049)"
CICERO AND WASHINGTON,1891,100 N CICERO AVENUE,07/11/2015,11,1144328.984091479,1900095.170838459,41.88187971,-87.745489247,"(41.88187970991601, -87.7454892473012)"
CLARK AND IRVING PARK,1091,4000 N CLARK STREET,07/11/2015,2,1166736.149822904,1926699.323624709,41.954432441,-87.662446259,"(41.95443244141688, -87.66244625914061)"
WESTERN AND CERMAK,1002,2200 S WESTERN AVENUE,07/11/2015,1,1160669.42562757,1889318.196820393,41.85198384,-87.685785704,"(41.85198383957328, -87.68578570420526)"
HALSTED AND FULLERTON,1704,800 W FULLERTON AVENUE,07/11/2015,3,1170525.624723311,1916208.443992778,41.925562791,-87.648823641,"(41.92556279107417, -87.64882364145232)"
CICERO AND ARMITAGE,2001,2000 N CICERO AVENUE,07/11/2015,3,1144031.525719004,1912881.8300295,41.916973325,-87.746260223,"(41.91697332451097, -87.74626022251057)"
IRVING PARK AND CALIFORNIA,1234,2800 W IRVING PARK ROA,07/11/2015,15,,,,,
KEDZIE AND 63RD,2361,6300 S KEDZIE AVE,02/02/2017,3,1156097.505177228,1862668.051775093,41.77894575,-87.703283119,"(41.77894575017997, -87.70328311900342)"
ASHLAND AND IRVING PARK,1153,1600 W IRVING PARK ROA,07/11/2015,2,,,,,
HALSTED AND FULLERTON,1701,2400 N HALSTED STREET,07/11/2015,6,1170501.602639925,1916200.061550148,41.925540315,-87.648912156,"(41.925540315431995, -87.64891215551155)"
63RD AND STATE,2712,6300 S STATE ST,07/11/2015,6,1177303.801895084,1863220.216755923,41.780008277,-87.625522512,"(41.78000827740796, -87.6255225119157)"
CICERO AND FULLERTON,1474,4800 W FULLERTON AVE,07/11/2015,3,1143967.570794243,1915568.504954477,41.924347036,-87.74642764,"(41.924347036010694, -87.74642763965628)"
HAMLIN AND LAKE,1881,300 N HAMLIN AVENUE,07/11/2015,5,1150970.026856642,1901381.688308858,41.885282636,-87.721069539,"(41.88528263580913, -87.72106953854511)"
CALIFORNIA AND DEVON,1321,6400 N CALIFORNIA AVE,07/11/2015,2,1156461.150245401,1942370.37710537,41.997649133,-87.699792629,"(41.997649133049336, -87.69979262891378)"
STONEY ISLAND AND 79TH,2462,7900 S STONEY ISLAND,07/11/2015,3,1188181.571068297,1852908.934789311,41.751460603,-87.585971993,"(41.75146060316686, -87.5859719929647)"
KEDZIE AND 71ST,2354,3200 W 71ST STREET,07/11/2015,1,1156246.862901455,1857404.014959868,41.764497433,-87.702877023,"(41.76449743256955, -87.70287702335861)"
ASHLAND AND FULLERTON,1651,2400 N ASHLAND AVENUE,07/11/2015,17,1165228.073342838,1916032.319169157,41.92519389,-87.668294363,"(41.92519388981048, -87.66829436339881)"
DIVERSEY AND WESTERN,1431,2800 N WESTERN AVENUE,07/11/2015,8,1159837.205417355,1918550.506189309,41.932216988,-87.688033281,"(41.93221698794738, -87.68803328089533)"
CANAL AND ROOSEVELT,2294,500 W ROOSEVELT ROAD,07/11/2015,10,1173290.72186561,1895021.166235495,41.867362693,-87.639293195,"(41.867362692616666, -87.63929319464197)"
63RD AND STATE,2714,1 E 63RD ST,07/11/2015,5,1177367.518733101,1863199.17768559,41.779949105,-87.625289553,"(41.779949104569106, -87.62528955333775)"
COLUMBUS AND ILLINOIS,1951,500 N COLUMBUS DRIVE,07/11/2015,14,1178372.808407292,1903693.06016042,41.891044569,-87.620371839,"(41.891044569124276, -87.620371839074)"
ROOSEVELT AND KOSTNER,2323,4400 W ROOSEVELT,07/11/2015,5,1147200.963258796,1894379.538078088,41.866140868,-87.73508956,"(41.866140867641654, -87.73508956008207)"
PULASKI AND ARMITAGE,1844,4000 W ARMITAGE AVENUE,02/02/2017,2,1149375.428872108,1913028.984273181,41.917275069,-87.726622746,"(41.91727506940875, -87.72662274644799)"
MONTROSE AND WESTERN,1221,4400 N WESTERN AVENUE,07/11/2015,1,1159539.733234718,1929183.918095502,41.961401846,-87.688832623,"(41.961401846278505, -87.6888326227788)"
IRVING PARK AND NARRAGANSETT,1024,6400 W IRVING PK,07/11/2015,4,1132945.939118726,1925946.304925137,41.953024751,-87.786683238,"(41.95302475075328, -87.78668323766634)"
CENTRAL AND BELMONT,1602,3200 N CENTRAL AVENUE,07/11/2015,1,1138430.432324593,1920731.654410336,41.938617463,-87.766648297,"(41.938617463272884, -87.76664829683827)"
ROOSEVELT AND PULASKI,2314,4000 W ROOSEVELT ROAD,07/11/2015,9,1149885.032049683,1894449.464076882,41.866281003,-87.72523422,"(41.866281002664536, -87.72523421983905)"
ELSTON AND ADDISON,1402,3600 N ELSTON AVE,02/01/2017,3,1154106.95251778,1923731.036211081,41.946549165,-87.708952626,"(41.94654916480637, -87.70895262603513)"
FOSTER AND BROADWAY,1113,1200 W FOSTER AVE,07/11/2015,4,1167357.095930752,1934721.393266777,41.97643192,-87.659931806,"(41.97643192018459, -87.65993180604016)"
KOSTNER AND NORTH,2012,4400 W GRAND AVE,07/11/2015,6,1146773.519128439,1910425.663958581,41.91018141,-87.73624887,"(41.910181409597406, -87.73624887040725)"
DIVISION AND DAMEN,1734,2000 W DIVISION,07/11/2015,8,1162815.710860194,1908034.672555531,41.903298793,-87.677383247,"(41.903298792681944, -87.67738324739636)"
CALIFORNIA AND DIVERSEY,1514,2800 W DIVERSEY,07/11/2015,29,1157212.54253358,1918526.674434943,41.932205395,-87.697679244,"(41.93220539506452, -87.6976792438691)"
HALSTED AND MADISON,1871,1 S HALSTED STREET,07/11/2015,7,1171092.392868784,1900234.542088741,41.881717056,-87.647210539,"(41.88171705561901, -87.64721053920604)"
WESTERN AND 79TH,2481,7900 S WESTERN AVE,07/11/2015,2,1161711.516404028,1852181.685686118,41.750054934,-87.682992203,"(41.750054933649984, -87.68299220290213)"
IRVING PARK AND LARAMIE,1534,5200 W IRVING PARK ROA,07/11/2015,6,,,,,
HOLLYWOOD AND SHERIDAN,1344,1000 W HOLLYWOOD AVE,07/11/2015,22,1168580.228926466,1938090.295189338,41.985649799,-87.655335807,"(41.98564979859328, -87.65533580655139)"
CORTLAND AND ASHLAND,1723,1600 W CORTLAND ST,07/11/2015,8,1165377.660768235,1912768.773647285,41.916235337,-87.667837772,"(41.91623533746878, -87.66783777212962)"
STATE AND 79TH,2651,7900 S STATE STREET,07/11/2015,15,1177618.166929966,1852621.870232838,41.750918138,-87.624690123,"(41.7509181383154, -87.62469012251644)"
CICERO AND DIVERSEY,1694,4800 W DIVERSEY AVENUE,07/11/2015,6,1143869.848167704,1918226.043989398,41.93164142,-87.746719911,"(41.93164142040689, -87.7467199106462)"
CLARK AND FULLERTON,1631,2400 N CLARK ST,07/11/2015,3,1172749.562209477,1916238.997132859,41.925597623,-87.640650973,"(41.925597623023144, -87.64065097309872)"
CICERO AND ARMITAGE,2003,4800 W ARMITAGE AVENUE,07/11/2015,1,1144054.25126508,1912907.00926109,41.917041992,-87.746176095,"(41.91704199201953, -87.74617609464687)"
STONY ISLAND/CORNELL AND 67TH,2721,6700 S STONY ISLAND A,07/11/2015,6,1187984.143047539,1860863.338367666,41.773292896,-87.586442368,"(41.77329289585066, -87.58644236831432)"
CICERO AND 47TH,2204,4800 W 47TH ST,07/11/2015,11,1145130.048925744,1873078.44198302,41.807727017,-87.743229366,"(41.80772701677172, -87.74322936566276)"
DIVERSEY AND AUSTIN,1453,6000 W DIVERSEY AVENUE,07/11/2015,1,1135895.736169343,1918029.70673837,41.931248624,-87.776028612,"(41.931248623643455, -87.77602861172493)"
AUSTIN AND ADDISON,1491,3600 N AUSTIN AVENUE,07/11/2015,4,1135691.599896458,1923335.967306169,41.945813215,-87.776652162,"(41.9458132146695, -87.77665216156436)"
4700 WESTERN,2141,4700 S WESTERN AVENUE,07/11/2015,3,1161120.438879703,1873431.066474726,41.808378408,-87.684570717,"(41.808378407946726, -87.68457071689552)"
PULASKI AND 63RD,2342,6300 S PULASKI RD,07/11/2015,9,1150746.00309079,1862516.747695325,41.778636469,-87.722906356,"(41.77863646878099, -87.72290635568541)"
JEFFERY AND 95TH,2523,2000 E 95TH ST,07/11/2015,3,1191188.381103057,1842410.411853539,41.722579473,-87.575292523,"(41.722579473126416, -87.57529252250366)"
WENTWORTH AND GARFIELD,2264,200 W GARFIELD BLVD,07/11/2015,45,1175889.574397302,1868551.750512227,41.794670385,-87.630547476,"(41.79467038468937, -87.63054747605638)"
CICERO AND PETERSON,1204,4800 W PETERSON AVENUE,07/11/2015,3,1143273.766829016,1939491.944645127,41.990008007,-87.748376951,"(41.99000800729908, -87.74837695118997)"
99TH AND HALSTED,2431,9900 S HALSTED ST,07/11/2015,25,1172689.754200318,1839171.652197216,41.714118868,-87.643145408,"(41.714118868089905, -87.64314540818165)"
111TH AND HALSTED,2424,800 W 111TH ST,07/11/2015,1,1172945.404219168,1831282.917027882,41.692465363,-87.642440901,"(41.692465363421874, -87.64244090105778)"
ARCHER AND CICERO,2081,5200 S CICERO AVE,07/11/2015,26,1145195.931989777,1869737.708306623,41.798558278,-87.743071866,"(41.798558278193305, -87.74307186616427)"
CLARK AND IRVING PARK,1093,1300 W IRVING PARK ROAD,07/11/2015,7,1166777.545456989,1926719.73687357,41.954487567,-87.662293496,"(41.95448756687966, -87.66229349585691)"
99TH AND HALSTED,2431,9900 S HALSTED ST,06/28/2015,8,1172689.754200318,1839171.652197216,41.714118868,-87.643145408,"(41.714118868089905, -87.64314540818165)"
71ST AND ASHLAND,2391,7100 S ASHLAND,07/11/2015,1,1166868.379865725,1857616.168087255,41.764859382,-87.663940176,"(41.764859382425385, -87.66394017630476)"
ASHLAND AND 87TH,2454,1600 W 87TH ST,07/11/2015,11,1167171.941297436,1847064.855345151,41.735898617,-87.663128781,"(41.735898617066006, -87.66312878090133)"
STONEY ISLAND AND 76TH,2631,7600 S STONY ISLAND A,07/11/2015,20,1188092.796191935,1854889.354158304,41.756897173,-87.586234285,"(41.75689717260223, -87.58623428506996)"
31ST ST AND MARTIN LUTHER KING DRIVE,2121,3100 S DR MARTIN L KING,07/11/2015,4,,,,,
KEDZIE AND ARMITAGE,1832,2000 N KEDZIE AVENUE,07/11/2015,7,1154684.031809326,1913129.496340896,41.917446172,-87.707116072,"(41.91744617191702, -87.70711607187832)"
FULLERTON AND NARRAGANSETT,1554,6400 W FULLERTON AVENU,07/11/2015,8,1133317.594499059,1915293.661305931,41.923786189,-87.785567206,"(41.92378618871128, -87.78556720562165)"
PULASKI AND DIVERSEY,1542,2800 N PULASKI ROAD,07/11/2015,3,1149200.724531183,1918332.222549679,41.931831026,-87.727126873,"(41.93183102561505, -87.72712687300454)"
4700 WESTERN,2142,4700 S WESTERN AVENUE,07/11/2015,6,1161120.438879703,1873431.066474726,41.808378408,-87.684570717,"(41.808378407946726, -87.68457071689552)"
ASHLAND AND DIVISION,1791,1200 N ASHLAND AVENUE,07/11/2015,12,1165466.997046718,1908083.767015974,41.903377468,-87.667643142,"(41.903377467566784, -87.66764314227497)"
DAMEN AND 63RD,2701,6300 S DAMEN AVENUE,07/11/2015,2,1164069.407943298,1862830.277442834,41.779226921,-87.674052731,"(41.77922692069256, -87.67405273137854)"
WESTERN AND NORTH,1851,1600 N WESTERN AVE,07/11/2015,6,1160077.474351131,1910605.013316134,41.910409024,-87.687370268,"(41.91040902362901, -87.687370268401)"
CENTRAL AND LAKE,1742,400 N CENTRAL AVENUE,07/11/2015,4,1138928.478257537,1902217.926149854,41.887804621,-87.765268498,"(41.88780462053497, -87.76526849810371)"
SACRAMENTO AND LAKE,1822,150 N SACRAMENTO BOUL,07/11/2015,4,1156319.560664766,1900957.489351962,41.884012178,-87.701436479,"(41.88401217771363, -87.7014364786693)"
SHERIDAN AND FOSTER,1134,1000 W FOSTER AVE,07/11/2015,3,1168689.247756979,1934758.578141654,41.976505116,-87.655031882,"(41.97650511595711, -87.65503188224778)"
CICERO AND CHICAGO,1783,4800 W CHICAGO AVENUE,02/02/2017,2,1144175.291152764,1904916.255225279,41.895112219,-87.745932427,"(41.89511221857764, -87.74593242701515)"
CENTRAL AND ADDISON,1682,3600 N CENTRAL AVENUE,07/11/2015,6,1138343.117435682,1923392.067464765,41.945919491,-87.766904594,"(41.945919490555106, -87.76690459426293)"
LAKE SHORE DR AND BELMONT,1412,3200 N LAKESHORE DRIV,07/11/2015,6,1173053.220555078,1921821.380831705,41.940909163,-87.63936916,"(41.94090916326764, -87.63936915995522)"
31ST ST AND MARTIN LUTHER KING DRIVE,2123,400 E 31ST STREET,07/11/2015,2,1179437.985396417,1884565.84226022,41.838534018,-87.617046113,"(41.838534018118914, -87.61704611345726)"
WESTERN AND TOUHY,1252,7200 N WESTERN AVENUE,07/11/2015,1,1158975.66256211,1947754.286963361,42.012371335,-87.690393917,"(42.012371334791766, -87.69039391737863)"
DAMEN AND DIVERSEY,1464,2000 W DIVERSEY PARKWAY,07/11/2015,8,1162519.714934025,1918635.417634925,41.932394164,-87.678173031,"(41.93239416403691, -87.67817303087757)"
STONY ISLAND/CORNELL AND 67TH,2731,6700 S CORNELL DRIVE,07/11/2015,15,1188316.454860734,1860851.137456735,41.77325149,-87.5852246,"(41.77325148959568, -87.58522459967712)"
IRVING PARK AND KEDZIE,1354,3200 W IRVING PARK ROAD,07/11/2015,14,1154325.140302006,1926458.463197156,41.954029047,-87.708077494,"(41.95402904691877, -87.70807749383191)"
CHICAGO AND CLARK,1963,100 W CHICAGO AVENUE,07/11/2015,5,1175374.528739575,1905745.47783364,41.896744347,-87.631321248,"(41.896744346875806, -87.63132124815151)"
WENTWORTH AND GARFIELD,2261,5500 S WENTWORTH AVEN,07/11/2015,19,,,,,
IRVING PARK AND NARRAGANSETT,1024,6400 W IRVING PK,02/02/2017,3,1132945.939118726,1925946.304925137,41.953024751,-87.786683238,"(41.95302475075328, -87.78668323766634)"
WESTERN AND FULLERTON,1671,2400 N WESTERN AVENUE,07/11/2015,11,1159923.309342995,1915897.778561358,41.924935944,-87.687790255,"(41.92493594409127, -87.68779025471278)"
SHERIDAN AND FOSTER,1132,5200 N SHERIDAN ROAD,07/11/2015,1,1168661.623718229,1934753.842272756,41.976492721,-87.655133605,"(41.97649272077833, -87.65513360456677)"
CALIFORNIA AND DIVERSEY,1513,2800 W DIVERSEY,02/02/2017,4,1157212.54253358,1918526.674434943,41.932205395,-87.697679244,"(41.93220539506452, -87.6976792438691)"
WESTERN AND ADDISON,1562,3600 N WESTERN AVENUE,07/11/2015,18,1159695.573342728,1923871.086283556,41.94681992,-87.688406662,"(41.94681991986288, -87.68840666206194)"
MILWAUKEE AND DEVON,1272,6400 N MILWAUKEE AVEN,07/11/2015,2,1132463.750397878,1942107.911507627,41.997382173,-87.788077674,"(41.99738217345368, -87.78807767391953)"
PULASKI AND DIVERSEY,1542,2800 N PULASKI ROAD,05/10/2017,4,1149200.724531183,1918332.222549679,41.931831026,-87.727126873,"(41.93183102561505, -87.72712687300454)"
HALSTED AND NORTH,1764,800 W NORTH AVENUE,07/11/2015,3,1170700.68422007,1910913.190749698,41.91102851,-87.648335806,"(41.91102850981186, -87.64833580602037)"
ASHLAND AND MADISON,1911,0 N ASHLAND AVE,07/11/2015,3,,,,,
CICERO AND NORTH,2033,4800 W NORTH AVENUE,07/11/2015,8,1144053.733747163,1910243.80567041,41.90973389,-87.746244973,"(41.909733890131285, -87.74624497295898)"
ELSTON AND LAWRENCE,1282,4800 N ELSTON AVENUE,07/11/2015,1,1145529.344259918,1931501.601268983,41.968039361,-87.740283894,"(41.96803936143674, -87.74028389448999)"
DAMEN AND DIVERSEY,1462,2800 N DAMEN AVENUE,07/11/2015,14,1162490.04851994,1918611.623717091,41.932329494,-87.678282719,"(41.9323294940985, -87.67828271931386)"
PERSHING AND WESTERN,2112,3900 S WESTERN BLVD,07/11/2015,1,1161130.992078755,1878746.226354636,41.822963628,-87.684384785,"(41.82296362788048, -87.68438478541296)"
PULASKI AND CHICAGO,1983,4000 W CHICAGO AVENUE,07/11/2015,2,1149561.855939692,1905086.596446259,41.895476752,-87.72614436,"(41.89547675163723, -87.72614435991626)"
BROADWAY/SHERIDAN AND DEVON,1123,1200 W DEVON AVE,07/11/2015,6,1167109.644248166,1942688.147952186,41.998298228,-87.660611661,"(41.99829822771884, -87.66061166063517)"
LAKE SHORE DR AND BELMONT,1413,400 W BELMONT AVE,07/11/2015,81,1172981.744869382,1921577.376128802,41.940241193,-87.639639114,"(41.94024119325571, -87.63963911427594)"
DAMEN AND 63RD,2702,6300 S DAMEN AVENUE,07/11/2015,3,1164069.407943298,1862830.277442834,41.779226921,-87.674052731,"(41.77922692069256, -87.67405273137854)"
KEDZIE AND 71ST,2352,7100 S KEDZIE AVENUE,07/11/2015,5,1156225.540366296,1857330.103443232,41.764295037,-87.702957162,"(41.764295036756856, -87.70295716211793)"
STONEY ISLAND AND 76TH,2632,7600 S STONY ISLAND A,07/11/2015,14,1188092.796191935,1854889.354158304,41.756897173,-87.586234285,"(41.75689717260223, -87.58623428506996)"
CICERO AND PETERSON,1202,6000 N CICERO AVENUE,07/11/2015,9,1143247.733553094,1939479.342905704,41.989973915,-87.748473024,"(41.98997391514614, -87.74847302426933)"
79TH AND HALSTED,2541,7900 S HALSTED STREET,07/11/2015,5,1172298.707400847,1852444.344822186,41.750549559,-87.644188368,"(41.750549559438944, -87.64418836784098)"
LASALLE AND KINZIE,1921,400 N LASALLE,07/11/2015,3,1175028.579766798,1903002.552291359,41.889225372,-87.632674115,"(41.88922537162015, -87.63267411498495)"
CENTRAL AND BELMONT,1604,5600 W BELMONT AVENUE,07/11/2015,2,1138453.617438343,1920755.972768412,41.938683775,-87.766562494,"(41.93868377475747, -87.76656249384537)"
PULASKI AND PETERSON,1263,4000 W PETERSON AVENUE,07/11/2015,6,1148618.560490339,1939615.133928395,41.990244186,-87.728714391,"(41.99024418564742, -87.7287143910091)"
CICERO AND WASHINGTON,1892,100 N CICERO AVENUE,07/11/2015,7,1144328.984091479,1900095.170838459,41.88187971,-87.745489247,"(41.88187970991601, -87.7454892473012)"
KOSTNER AND NORTH,2013,4400 W NORTH,07/11/2015,7,1146738.551618032,1910309.595368032,41.909863573,-87.736380296,"(41.90986357340246, -87.73638029605371)"
HALSTED AND 95TH,2582,9500 S HALSTED STREET,07/11/2015,2,1172610.538363645,1841811.61926207,41.721365061,-87.643358042,"(41.72136506078306, -87.64335804234075)"
VAN BUREN AND WESTERN,2054,2400 W VAN BUREN STREE,07/11/2015,8,,,,,
PULASKI AND IRVING PARK,1574,4000 W IRVING PARK RD,07/11/2015,11,1148988.727877253,1926320.954938409,41.953756874,-87.727698513,"(41.95375687447515, -87.72769851312907)"
HALSTED AND 103RD,2593,800 W 103RD STREET,07/11/2015,3,1172778.570616036,1836587.755252818,41.70702632,-87.642896007,"(41.707026319812215, -87.64289600741817)"
CICERO AND FULLERTON,1472,2400 N CICERO AVE,07/11/2015,6,1143961.592189569,1915545.343094087,41.92428359,-87.74645019,"(41.92428358982701, -87.74645019028947)"
KIMBALL AND DIVERSEY,1583,3400 W DIVERSEY AVENUE,07/11/2015,4,1153211.149172713,1918454.477800566,41.932087747,-87.71238583,"(41.932087747378944, -87.71238582951281)"
PETERSON AND WESTERN,1014,2400 W PETERSON,07/11/2015,9,1159214.211316277,1939825.301874586,41.99060901,-87.689735481,"(41.990609009807294, -87.68973548092968)"
KEDZIE AND 31ST,2134,3200 W 31ST STREET,07/11/2015,6,1155487.128005646,1883943.061106793,41.8373395,-87.704950558,"(41.83733950029648, -87.70495055800411)"
LAKE SHORE DR AND BELMONT,1412,3200 N LAKESHORE DRIV,02/02/2017,6,1173053.220555078,1921821.380831705,41.940909163,-87.63936916,"(41.94090916326764, -87.63936915995522)"
119TH AND HALSTED,2404,800 W 119TH STREET,07/11/2015,3,1173111.174088158,1825985.001014405,41.677923389,-87.641989646,"(41.677923389134385, -87.64198964584013)"
HAMLIN AND LAKE,1882,300 N HAMLIN AVENUE,07/11/2015,5,1150970.026856642,1901381.688308858,41.885282636,-87.721069539,"(41.88528263580913, -87.72106953854511)"
CALIFORNIA AND DIVERSEY,1513,2800 W DIVERSEY,07/11/2015,6,1157212.54253358,1918526.674434943,41.932205395,-87.697679244,"(41.93220539506452, -87.6976792438691)"
WESTERN AND MARQUETTE,2672,6700 S WESTERN AVENUE,07/11/2015,5,1161488.747635042,1860134.788366884,41.771884028,-87.683588402,"(41.77188402771193, -87.68358840206334)"
115TH AND HALSTED,2552,11500 S HALSTED STREE,07/11/2015,3,,,,,
HALSTED AND NORTH,1761,1600 N HALSTED STREET,07/11/2015,2,1170678.283433825,1910880.991397547,41.910940644,-87.648419043,"(41.91094064391597, -87.64841904272998)"
CERMAK AND PULASKI,2334,4000 W CERMAK,07/11/2015,7,1150018.476053666,1889120.238540361,41.851654369,-87.724882975,"(41.85165436867626, -87.7248829753078)"
ADDISON AND HARLEM,1591,3600 N HARLEM AVENUE,07/11/2015,5,1127394.594070737,1923110.532422811,41.945338412,-87.807154769,"(41.94533841246591, -87.80715476912044)"
ASHLAND AND DIVISION,1791,1200 N ASHLAND AVENUE,02/02/2017,5,1165466.997046718,1908083.767015974,41.903377468,-87.667643142,"(41.903377467566784, -87.66764314227497)"
WESTERN AND CHICAGO,1943,2400 W CHICAGO AVE,07/11/2015,2,1160226.686812944,1905300.904544474,41.895851041,-87.686968935,"(41.895851041123755, -87.68696893468467)"
75TH AND STATE,2621,7500 S STATE STREET,07/11/2015,8,1177538.763040612,1855235.551345519,41.758092176,-87.624902228,"(41.75809217638291, -87.6249022282473)"
BELMONT AND KEDZIE,1373,3200 W BELMONT,07/11/2015,1,1154461.587940363,1921143.091003516,41.939440561,-87.707718516,"(41.93944056117365, -87.70771851630873)"
FOSTER AND BROADWAY,1113,1200 W FOSTER AVE,02/02/2017,4,1167357.095930752,1934721.393266777,41.97643192,-87.659931806,"(41.97643192018459, -87.65993180604016)"
75TH AND STATE,2624,1 E 75TH STREET,02/02/2017,21,1177601.72646404,1855229.486604181,41.758074111,-87.624671658,"(41.75807411097799, -87.62467165835182)"
PULASKI AND DIVISION,1802,1200 N PULASKI ROAD,07/11/2015,4,1149459.590666926,1907723.219884254,41.902713902,-87.726451457,"(41.902713901936174, -87.72645145715836)"
PULASKI AND PETERSON,1262,6000 N PULASKI ROAD,07/11/2015,1,1148598.016685695,1939584.645960177,41.990160923,-87.728790748,"(41.99016092280557, -87.72879074759867)"
MADISON AND WESTERN,1931,1 S WESTERN AVE,07/11/2015,13,1160453.827721979,1899933.703473746,41.881118279,-87.686283339,"(41.881118278833966, -87.686283338873)"
ELSTON AND ADDISON,1402,3600 N ELSTON AVE,07/11/2015,1,1154106.95251778,1923731.036211081,41.946549165,-87.708952626,"(41.94654916480637, -87.70895262603513)"
PERSHING AND WESTERN,2114,2400 W PERSHING ROAD,07/11/2015,3,1160957.773623189,1878793.434193427,41.82309676,-87.685018951,"(41.82309676016606, -87.68501895061576)"
111TH AND HALSTED,2422,11100 S HALSTED ST,07/11/2015,7,1172923.657689312,1831209.044179248,41.692263123,-87.642522688,"(41.692263123425136, -87.6425226876268)"
PULASKI AND IRVING PARK,1572,4000 N PULASKI ROAD,07/11/2015,3,1148970.255325552,1926313.600468643,41.953737051,-87.727766612,"(41.95373705144353, -87.72776661179896)"
CORTLAND AND ASHLAND,1721,1900 N ASHLAND AVE,07/11/2015,15,1165348.084854857,1912736.454335569,41.916147281,-87.667947354,"(41.91614728095272, -87.66794735350443)"
CICERO AND NORTH,2034,4800 W NORTH AVENUE,07/11/2015,2,1144053.733747163,1910243.80567041,41.90973389,-87.746244973,"(41.909733890131285, -87.74624497295898)"
KOSTNER AND NORTH,2012,4400 W GRAND AVE,02/02/2017,5,1146773.519128439,1910425.663958581,41.91018141,-87.73624887,"(41.910181409597406, -87.73624887040725)"
KEDZIE AND ARMITAGE,1832,2000 N KEDZIE AVENUE,07/12/2015,5,1154684.031809326,1913129.496340896,41.917446172,-87.707116072,"(41.91744617191702, -87.70711607187832)"
79TH AND HALSTED,2541,7900 S HALSTED STREET,07/12/2015,5,1172298.707400847,1852444.344822186,41.750549559,-87.644188368,"(41.750549559438944, -87.64418836784098)"
DAMEN AND FULLERTON,1663,2000 W FULLERTON AVE,07/13/2015,11,1162596.935552891,1915990.579747891,41.925134944,-87.677963546,"(41.92513494374925, -87.67796354553815)"
IRVING PARK AND NARRAGANSETT,1023,6400 W IRVING PK,07/12/2015,2,1132945.939118726,1925946.304925137,41.953024751,-87.786683238,"(41.95302475075328, -87.78668323766634)"
CALIFORNIA AND DIVERSEY,1513,2800 W DIVERSEY,07/12/2015,3,1157212.54253358,1918526.674434943,41.932205395,-87.697679244,"(41.93220539506452, -87.6976792438691)"
CORTLAND AND ASHLAND,1723,1600 W CORTLAND ST,07/12/2015,6,1165377.660768235,1912768.773647285,41.916235337,-87.667837772,"(41.91623533746878, -87.66783777212962)"
KEDZIE AND 26TH,2381,2600 S KEDZIE AVENUE,07/12/2015,2,1155404.235510285,1886524.460033054,41.844424831,-87.705185452,"(41.84442483084393, -87.70518545233183)"
WESTERN AND FOSTER,1072,5200 N WESTERN AVE,07/12/2015,1,1159372.922497116,1934478.313674003,41.975933372,-87.689299589,"(41.97593337199358, -87.6892995891816)"
BROADWAY/SHERIDAN AND DEVON,1122,6400 N SHERIDAN ROAD,07/12/2015,6,1167087.151194129,1942658.704988689,41.998217921,-87.660695256,"(41.99821792053241, -87.6606952555721)"
MADISON AND WESTERN,1931,1 S WESTERN AVE,07/12/2015,9,1160453.827721979,1899933.703473746,41.881118279,-87.686283339,"(41.881118278833966, -87.686283338873)"
55TH AND KEDZIE,2162,5500 S KEDZIE AVENUE,07/13/2015,1,1155945.854705238,1867941.621374192,41.793420237,-87.703697508,"(41.793420236755864, -87.70369750845424)"
IRVING PARK AND CALIFORNIA,1233,2800 W IRVING PARK ROA,07/12/2015,2,,,,,
PULASKI AND PETERSON,1263,4000 W PETERSON AVENUE,07/13/2015,13,1148618.560490339,1939615.133928395,41.990244186,-87.728714391,"(41.99024418564742, -87.7287143910091)"
PULASKI AND LAWRENCE,1172,4800 N PULASKI ROAD,07/13/2015,2,1148821.701520117,1931605.974570937,41.968262595,-87.728175316,"(41.968262595100775, -87.7281753157596)"
CICERO AND ARMITAGE,2001,2000 N CICERO AVENUE,07/13/2015,5,1144031.525719004,1912881.8300295,41.916973325,-87.746260223,"(41.91697332451097, -87.74626022251057)"
LAFAYETTE AND 87TH,2503,30 W 87TH STREET,07/12/2015,25,1177407.651800237,1847320.772058312,41.736376037,-87.625621311,"(41.736376036604916, -87.62562131092602)"
ROOSEVELT AND HALSTED,2233,800 W ROOSEVELT ROAD,07/13/2015,2,1171199.282357741,1894968.056393724,41.867263098,-87.646972686,"(41.86726309836901, -87.64697268601648)"
FOSTER AND NAGLE,1031,5200 N NAGLE,07/12/2015,1,1132529.656558223,1934201.702060651,41.97568567,-87.788020406,"(41.97568566971868, -87.78802040620296)"
HALSTED AND 103RD,2593,800 W 103RD STREET,07/13/2015,1,1172778.570616036,1836587.755252818,41.70702632,-87.642896007,"(41.707026319812215, -87.64289600741817)"
CALIFORNIA AND DIVERSEY,1513,2800 W DIVERSEY,07/13/2015,4,1157212.54253358,1918526.674434943,41.932205395,-87.697679244,"(41.93220539506452, -87.6976792438691)"
ROOSEVELT AND PULASKI,2314,4000 W ROOSEVELT ROAD,07/12/2015,8,1149885.032049683,1894449.464076882,41.866281003,-87.72523422,"(41.866281002664536, -87.72523421983905)"
SACRAMENTO AND CHICAGO,1814,3000 W CHICAGO AVENUE,07/12/2015,1,1156075.266375505,1905216.604770718,41.895704525,-87.702218524,"(41.895704524946225, -87.70221852353758)"
119TH AND HALSTED,2402,11900 S HALSTED,07/12/2015,4,1173094.774616191,1825911.054609338,41.677720829,-87.642051845,"(41.67772082924762, -87.64205184498218)"
IRVING PARK AND LARAMIE,1533,5200 W IRVING PARK ROA,07/13/2015,1,,,,,
CICERO AND NORTH,2034,4800 W NORTH AVENUE,02/02/2017,5,1144053.733747163,1910243.80567041,41.90973389,-87.746244973,"(41.909733890131285, -87.74624497295898)"
PULASKI AND ARMITAGE,1844,4000 W ARMITAGE AVENUE,07/12/2015,2,1149375.428872108,1913028.984273181,41.917275069,-87.726622746,"(41.91727506940875, -87.72662274644799)"
PULASKI AND FOSTER,1104,4000 W FOSTER AVE,07/12/2015,1,1148759.16134887,1934294.249006446,41.975640616,-87.728335469,"(41.975640616231914, -87.72833546926573)"
ROOSEVELT AND PULASKI,2311,1200 S PULASKI ROAD,07/12/2015,6,1149866.002247864,1894375.839200384,41.866079337,-87.725305995,"(41.86607933722178, -87.7253059948758)"
CERMAK AND PULASKI,2334,4000 W CERMAK,07/12/2015,6,1150018.476053666,1889120.238540361,41.851654369,-87.724882975,"(41.85165436867626, -87.7248829753078)"
ROOSEVELT AND KOSTNER,2323,4400 W ROOSEVELT,07/12/2015,6,1147200.963258796,1894379.538078088,41.866140868,-87.73508956,"(41.866140867641654, -87.73508956008207)"
71ST AND ASHLAND,2391,7100 S ASHLAND,07/13/2015,5,1166868.379865725,1857616.168087255,41.764859382,-87.663940176,"(41.764859382425385, -87.66394017630476)"
FULLERTON AND NARRAGANSETT,1553,6400 W FULLERTON AVENU,07/13/2015,2,1133317.594499059,1915293.661305931,41.923786189,-87.785567206,"(41.92378618871128, -87.78556720562165)"
DIVERSEY AND AUSTIN,1454,6000 W DIVERSEY AVENUE,07/13/2015,5,1135895.736169343,1918029.70673837,41.931248624,-87.776028612,"(41.931248623643455, -87.77602861172493)"
HAMLIN AND LAKE,1882,300 N HAMLIN AVENUE,07/12/2015,1,1150970.026856642,1901381.688308858,41.885282636,-87.721069539,"(41.88528263580913, -87.72106953854511)"
ELSTON AND IRVING PARK,1502,4000 N ELSTON AVENUE,07/12/2015,1,1151273.974828198,1926311.849469842,41.953687266,-87.719297882,"(41.95368726563273, -87.71929788151473)"
FULLERTON AND NARRAGANSETT,1554,6400 W FULLERTON AVENU,07/13/2015,3,1133317.594499059,1915293.661305931,41.923786189,-87.785567206,"(41.92378618871128, -87.78556720562165)"
63RD AND STATE,2712,6300 S STATE ST,07/13/2015,7,1177303.801895084,1863220.216755923,41.780008277,-87.625522512,"(41.78000827740796, -87.6255225119157)"
CALIFORNIA AND DIVERSEY,1514,2800 W DIVERSEY,07/13/2015,22,1157212.54253358,1918526.674434943,41.932205395,-87.697679244,"(41.93220539506452, -87.6976792438691)"
CENTRAL AND IRVING PARK,1182,4000 N CENTRAL AVENUE,07/13/2015,2,1138258.614129764,1926071.172884932,41.953272751,-87.767150151,"(41.95327275103541, -87.76715015131407)"
WESTERN AND DEVON,1212,6400 N WESTERN AVENUE,07/12/2015,3,1159113.585759434,1942451.622367891,41.997817807,-87.690033035,"(41.997817807026, -87.69003303469276)"
LARAMIE AND MADISON,2044,5200 W MADISON STREET,07/13/2015,17,1141706.965522802,1899567.55684314,41.880480752,-87.755130433,"(41.88048075170171, -87.75513043296509)"
WESTERN AND FOSTER,1072,5200 N WESTERN AVE,02/02/2017,1,1159372.922497116,1934478.313674003,41.975933372,-87.689299589,"(41.97593337199358, -87.6892995891816)"
VAN BUREN AND WESTERN,2052,400 S WESTERN AVENUE,07/12/2015,60,1160431.682297829,1898091.942371589,41.876064776,-87.686415631,"(41.87606477642526, -87.68641563098768)"
HALSTED AND DIVISION,1714,800 W DIVISION,07/12/2015,13,1170767.827960358,1908259.644151662,41.903745557,-87.648167011,"(41.90374555734733, -87.64816701062779)"
JEFFERY AND 95TH,2523,2000 E 95TH ST,07/13/2015,2,1191188.381103057,1842410.411853539,41.722579473,-87.575292523,"(41.722579473126416, -87.57529252250366)"
ASHLAND AND 87TH,2454,1600 W 87TH ST,07/12/2015,8,1167171.941297436,1847064.855345151,41.735898617,-87.663128781,"(41.735898617066006, -87.66312878090133)"
ROOSEVELT AND KOSTNER,2321,1200 S KOSTNER,07/12/2015,5,1147196.304001978,1894305.883269746,41.865938839,-87.735108549,"(41.8659388389088, -87.73510854901264)"
HAMLIN AND LAKE,1881,300 N HAMLIN AVENUE,07/12/2015,1,1150970.026856642,1901381.688308858,41.885282636,-87.721069539,"(41.88528263580913, -87.72106953854511)"
KEDZIE AND ARMITAGE,1834,3200 W ARMITAGE AVENUE,02/02/2017,1,1154700.851347995,1913153.252187904,41.917511023,-87.707053639,"(41.91751102291878, -87.7070536388797)"
ASHLAND AND IRVING PARK,1153,1600 W IRVING PARK ROA,02/02/2017,2,,,,,
WESTERN AND NORTH,1853,2400 W NORTH AVE,07/13/2015,1,1160100.839010995,1910612.783367238,41.910429862,-87.687284221,"(41.91042986235867, -87.68728422050837)"
ASHLAND AND DIVISION,1791,1200 N ASHLAND AVENUE,07/13/2015,6,1165466.997046718,1908083.767015974,41.903377468,-87.667643142,"(41.903377467566784, -87.66764314227497)"
ASHLAND AND 87TH,2454,1600 W 87TH ST,07/13/2015,11,1167171.941297436,1847064.855345151,41.735898617,-87.663128781,"(41.735898617066006, -87.66312878090133)"
WESTERN AND DEVON,1211,6400 N WESTERN AVENUE,07/12/2015,4,1159113.585759434,1942451.622367891,41.997817807,-87.690033035,"(41.997817807026, -87.69003303469276)"
CICERO AND NORTH,2034,4800 W NORTH AVENUE,07/12/2015,3,1144053.733747163,1910243.80567041,41.90973389,-87.746244973,"(41.909733890131285, -87.74624497295898)"
DAMEN AND 63RD,2702,6300 S DAMEN AVENUE,07/13/2015,4,1164069.407943298,1862830.277442834,41.779226921,-87.674052731,"(41.77922692069256, -87.67405273137854)"
PULASKI AND IRVING PARK,1572,4000 N PULASKI ROAD,02/02/2017,2,1148970.255325552,1926313.600468643,41.953737051,-87.727766612,"(41.95373705144353, -87.72776661179896)"
PERSHING AND WESTERN,2112,3900 S WESTERN BLVD,07/12/2015,7,1161130.992078755,1878746.226354636,41.822963628,-87.684384785,"(41.82296362788048, -87.68438478541296)"
ELSTON AND ADDISON,1403,3216 W ADDISON ST,07/12/2015,11,1154199.729816868,1923799.345386665,41.946734755,-87.708609774,"(41.946734754927796, -87.7086097735515)"
ASHLAND AND LAWRENCE,1142,4800 N ASHLAND AVENUE,07/13/2015,4,1164751.686785145,1932001.206626392,41.96902343,-87.669590434,"(41.969023429614026, -87.66959043354217)"
COLUMBUS AND ILLINOIS,1952,500 N COLUMBUS DRIVE,07/12/2015,19,1178372.808407292,1903693.06016042,41.891044569,-87.620371839,"(41.891044569124276, -87.620371839074)"
CALIFORNIA AND PETERSON,1311,6000 N CALIFORNIA AVE,05/10/2017,2,1156545.742699118,1939775.775541795,41.990527717,-87.699552084,"(41.990527717148176, -87.69955208405155)"
DAMEN AND FULLERTON,1663,2000 W FULLERTON AVE,07/12/2015,25,1162596.935552891,1915990.579747891,41.925134944,-87.677963546,"(41.92513494374925, -87.67796354553815)"
PULASKI AND PETERSON,1263,4000 W PETERSON AVENUE,07/12/2015,4,1148618.560490339,1939615.133928395,41.990244186,-87.728714391,"(41.99024418564742, -87.7287143910091)"
HAMLIN AND MADISON,1903,3800 W MADISON STREET,07/13/2015,3,1151032.709141294,1899784.033986533,41.880897273,-87.720881226,"(41.880897273491264, -87.72088122613924)"
MILWAUKEE AND MONTROSE,1362,4400 N MILWAUKEE AVEN,07/13/2015,3,1141643.943268783,1928770.256316239,41.96061723,-87.75463824,"(41.9606172296957, -87.75463824007085)"
IRVING PARK AND LARAMIE,1534,5200 W IRVING PARK ROA,07/12/2015,7,,,,,
PULASKI AND NORTH,1994,4000 W NORTH AVENUE,07/13/2015,3,1149456.2688422,1910376.774019002,41.909995582,-87.726394693,"(41.90999558160536, -87.72639469321471)"
WESTERN AND CHICAGO,1941,800 N WESTERN AVE,07/13/2015,3,1160220.967978608,1905277.507115921,41.895786955,-87.686990586,"(41.89578695485361, -87.68699058611217)"
KIMBALL AND DIVERSEY,1581,2800 N KIMBALL AVENUE,07/12/2015,5,,,,,
KEDZIE AND 31ST,2134,3200 W 31ST STREET,07/13/2015,1,1155487.128005646,1883943.061106793,41.8373395,-87.704950558,"(41.83733950029648, -87.70495055800411)"
WESTERN AND ADDISON,1562,3600 N WESTERN AVENUE,07/12/2015,10,1159695.573342728,1923871.086283556,41.94681992,-87.688406662,"(41.94681991986288, -87.68840666206194)"
DAMEN AND 63RD,2701,6300 S DAMEN AVENUE,07/13/2015,1,1164069.407943298,1862830.277442834,41.779226921,-87.674052731,"(41.77922692069256, -87.67405273137854)"
LASALLE AND KINZIE,1923,140 W KINZIE,07/12/2015,1,1175048.09765242,1903028.894760294,41.889297219,-87.632601648,"(41.88929721947309, -87.63260164817305)"
HALSTED AND FULLERTON,1701,2400 N HALSTED STREET,07/12/2015,4,1170501.602639925,1916200.061550148,41.925540315,-87.648912156,"(41.925540315431995, -87.64891215551155)"
STONEY ISLAND AND 79TH,2464,1600 E 79TH ST,07/13/2015,3,1188284.704439907,1852964.829047574,41.751611523,-87.585592284,"(41.75161152327319, -87.58559228428787)"
4700 WESTERN,2142,4700 S WESTERN AVENUE,07/12/2015,1,1161120.438879703,1873431.066474726,41.808378408,-87.684570717,"(41.808378407946726, -87.68457071689552)"
LAKE SHORE DR AND BELMONT,1413,400 W BELMONT AVE,07/13/2015,35,1172981.744869382,1921577.376128802,41.940241193,-87.639639114,"(41.94024119325571, -87.63963911427594)"
HAMLIN AND LAKE,1882,300 N HAMLIN AVENUE,07/13/2015,2,1150970.026856642,1901381.688308858,41.885282636,-87.721069539,"(41.88528263580913, -87.72106953854511)"
79TH AND KEDZIE,2443,3200 W 79TH ST,07/13/2015,5,1156402.644780165,1852104.649370984,41.749952001,-87.702448478,"(41.74995200142266, -87.70244847808695)"
VAN BUREN AND WESTERN,2054,2400 W VAN BUREN STREE,07/12/2015,6,,,,,
PULASKI AND ARCHER,2154,5000 S ARCHER AVE,07/13/2015,4,1150501.818909837,1871162.311703322,41.802365973,-87.723576766,"(41.80236597333895, -87.72357676611004)"
DAMEN AND DIVERSEY,1464,2000 W DIVERSEY PARKWAY,07/12/2015,2,1162519.714934025,1918635.417634925,41.932394164,-87.678173031,"(41.93239416403691, -87.67817303087757)"
COTTAGE GROVE AND 71ST,2571,7100 S COTTAGE GROVE,02/02/2017,1,1182746.23698699,1858088.011064538,41.765800351,-87.605729127,"(41.76580035131893, -87.6057291269901)"
WESTERN AND CERMAK,1003,2400 W CERMAK ROAD,07/12/2015,2,1160678.000607329,1889375.645335924,41.852141307,-87.685752642,"(41.85214130680468, -87.6857526415569)"
HALSTED AND MADISON,1871,1 S HALSTED STREET,07/13/2015,2,1171092.392868784,1900234.542088741,41.881717056,-87.647210539,"(41.88171705561901, -87.64721053920604)"
PULASKI AND DIVERSEY,1542,2800 N PULASKI ROAD,07/12/2015,1,1149200.724531183,1918332.222549679,41.931831026,-87.727126873,"(41.93183102561505, -87.72712687300454)"
VAN BUREN AND WESTERN,2052,400 S WESTERN AVENUE,07/13/2015,22,1160431.682297829,1898091.942371589,41.876064776,-87.686415631,"(41.87606477642526, -87.68641563098768)"
SHERIDAN AND FOSTER,1134,1000 W FOSTER AVE,07/13/2015,1,1168689.247756979,1934758.578141654,41.976505116,-87.655031882,"(41.97650511595711, -87.65503188224778)"
CANAL AND ROOSEVELT,2291,1200 S CANAL STREET,05/10/2017,5,1173268.771030949,1894952.634878732,41.867175125,-87.639375813,"(41.86717512472001, -87.63937581258092)"
CERMAK AND PULASKI,2332,2200 S PULASKI,07/13/2015,1,1150012.876838243,1889071.75851865,41.851521442,-87.724904787,"(41.85152144233116, -87.7249047867499)"
KIMBALL AND DIVERSEY,1581,2800 N KIMBALL AVENUE,07/13/2015,3,,,,,
ELSTON AND IRVING PARK,1502,4000 N ELSTON AVENUE,07/13/2015,2,1151273.974828198,1926311.849469842,41.953687266,-87.719297882,"(41.95368726563273, -87.71929788151473)"
PULASKI AND DIVISION,1801,1200 N PULASKI ROAD,07/13/2015,4,1149459.590666926,1907723.219884254,41.902713902,-87.726451457,"(41.902713901936174, -87.72645145715836)"
IRVING PARK AND CALIFORNIA,1233,2800 W IRVING PARK ROA,07/13/2015,1,,,,,
PULASKI AND ARCHER,2154,5000 S ARCHER AVE,07/12/2015,2,1150501.818909837,1871162.311703322,41.802365973,-87.723576766,"(41.80236597333895, -87.72357676611004)"
WESTERN AND CERMAK,1002,2200 S WESTERN AVENUE,07/13/2015,2,1160669.42562757,1889318.196820393,41.85198384,-87.685785704,"(41.85198383957328, -87.68578570420526)"
ROOSEVELT AND KOSTNER,2323,4400 W ROOSEVELT,02/02/2017,4,1147200.963258796,1894379.538078088,41.866140868,-87.73508956,"(41.866140867641654, -87.73508956008207)"
IRVING PARK AND LARAMIE,1533,5200 W IRVING PARK ROA,07/12/2015,2,,,,,
CENTRAL AND ADDISON,1683,5600 W ADDISON STREET,07/12/2015,2,1138349.663302502,1923416.02157061,41.945985104,-87.766879952,"(41.94598510430888, -87.76687995165918)"
FOSTER AND BROADWAY,1111,5200 N BROADWAY ST,07/13/2015,4,1167334.508577915,1934714.008346532,41.976412143,-87.660015082,"(41.97641214294823, -87.66001508205365)"
119TH AND HALSTED,2402,11900 S HALSTED,07/13/2015,3,1173094.774616191,1825911.054609338,41.677720829,-87.642051845,"(41.67772082924762, -87.64205184498218)"
CENTRAL AND FULLERTON,1442,2400 N CENTRAL AVENUE,07/12/2015,1,1138603.468418662,1915431.058212414,41.924068922,-87.766141214,"(41.92406892227644, -87.76614121413186)"
IRVING PARK AND KILPATRICK,2764,4700 W IRVING PARK ROA,07/12/2015,1,,,,,
CICERO AND ARMITAGE,2001,2000 N CICERO AVENUE,07/12/2015,5,1144031.525719004,1912881.8300295,41.916973325,-87.746260223,"(41.91697332451097, -87.74626022251057)"
IRVING PARK AND KEDZIE,1353,3200 W IRVING PARK ROAD,07/13/2015,3,1154325.140302006,1926458.463197156,41.954029047,-87.708077494,"(41.95402904691877, -87.70807749383191)"
HALSTED AND 95TH,2582,9500 S HALSTED STREET,07/13/2015,1,1172610.538363645,1841811.61926207,41.721365061,-87.643358042,"(41.72136506078306, -87.64335804234075)"
79TH AND HALSTED,2543,800 W 79TH STREET,07/13/2015,5,1172320.105719411,1852517.9814434,41.750751157,-87.644107793,"(41.75075115747316, -87.64410779300933)"
MILWAUKEE AND MONTROSE,1364,5075 W MONTROSE AVENUE,07/13/2015,1,1141716.746618898,1928736.076639057,41.960522088,-87.754371424,"(41.96052208819935, -87.75437142402293)"
ASHLAND AND 95TH,2472,9500 S ASHLAND AVENUE,07/13/2015,9,1167295.830128711,1841695.121217916,41.721160612,-87.662828139,"(41.72116061205213, -87.66282813939165)"
SACRAMENTO AND CHICAGO,1814,3000 W CHICAGO AVENUE,07/13/2015,2,1156075.266375505,1905216.604770718,41.895704525,-87.702218524,"(41.895704524946225, -87.70221852353758)"
JEFFERY AND 95TH,2522,9500 S JEFFERY AVE,07/12/2015,9,1191132.420601301,1842335.735988875,41.722375907,-87.575499903,"(41.72237590704101, -87.57549990332795)"
CERMAK AND PULASKI,2334,4000 W CERMAK,02/02/2017,5,1150018.476053666,1889120.238540361,41.851654369,-87.724882975,"(41.85165436867626, -87.7248829753078)"
LAFAYETTE AND 87TH,2502,8700 S LAFAYETTE AVEN,07/12/2015,17,1177417.493180297,1847243.988223464,41.73616511,-87.625587569,"(41.73616511008592, -87.62558756899932)"
ROOSEVELT AND HALSTED,2233,800 W ROOSEVELT ROAD,07/12/2015,7,1171199.282357741,1894968.056393724,41.867263098,-87.646972686,"(41.86726309836901, -87.64697268601648)"
KOSTNER AND NORTH,2012,4400 W GRAND AVE,07/13/2015,3,1146773.519128439,1910425.663958581,41.91018141,-87.73624887,"(41.910181409597406, -87.73624887040725)"
BELMONT AND KEDZIE,1373,3200 W BELMONT,07/13/2015,2,1154461.587940363,1921143.091003516,41.939440561,-87.707718516,"(41.93944056117365, -87.70771851630873)"
LAFAYETTE AND 87TH,2502,8700 S LAFAYETTE AVEN,07/13/2015,13,1177417.493180297,1847243.988223464,41.73616511,-87.625587569,"(41.73616511008592, -87.62558756899932)"
CALIFORNIA AND DEVON,1323,2800 W DEVON AVENUE,02/02/2017,3,1156484.528078038,1942377.980662191,41.997669523,-87.699706423,"(41.99766952286052, -87.69970642324591)"
CERMAK AND PULASKI,2332,2200 S PULASKI,07/12/2015,2,1150012.876838243,1889071.75851865,41.851521442,-87.724904787,"(41.85152144233116, -87.7249047867499)"
AUSTIN AND ADDISON,1491,3600 N AUSTIN AVENUE,07/12/2015,4,1135691.599896458,1923335.967306169,41.945813215,-87.776652162,"(41.9458132146695, -87.77665216156436)"
CICERO AND ARMITAGE,2003,4800 W ARMITAGE AVENUE,07/12/2015,1,1144054.25126508,1912907.00926109,41.917041992,-87.746176095,"(41.91704199201953, -87.74617609464687)"
KEDZIE AND ARMITAGE,1834,3200 W ARMITAGE AVENUE,07/13/2015,2,1154700.851347995,1913153.252187904,41.917511023,-87.707053639,"(41.91751102291878, -87.7070536388797)"
STATE AND 79TH,2651,7900 S STATE STREET,07/12/2015,5,1177618.166929966,1852621.870232838,41.750918138,-87.624690123,"(41.7509181383154, -87.62469012251644)"
ASHLAND AND MADISON,1911,0 N ASHLAND AVE,07/12/2015,4,,,,,
71ST AND ASHLAND,2394,1600 W 71ST,07/12/2015,4,1166890.012333149,1857674.2502247,41.765018306,-87.66385923,"(41.76501830555763, -87.66385923012646)"
79TH AND HALSTED,2543,800 W 79TH STREET,07/12/2015,4,1172320.105719411,1852517.9814434,41.750751157,-87.644107793,"(41.75075115747316, -87.64410779300933)"
WENTWORTH AND GARFIELD,2261,5500 S WENTWORTH AVEN,02/02/2017,22,,,,,
ASHLAND AND FULLERTON,1652,2400 N ASHLAND AVENUE,07/13/2015,6,1165228.073342838,1916032.319169157,41.92519389,-87.668294363,"(41.92519388981048, -87.66829436339881)"
LASALLE AND KINZIE,1921,400 N LASALLE,07/13/2015,4,1175028.579766798,1903002.552291359,41.889225372,-87.632674115,"(41.88922537162015, -87.63267411498495)"
71ST AND ASHLAND,2391,7100 S ASHLAND,07/12/2015,3,1166868.379865725,1857616.168087255,41.764859382,-87.663940176,"(41.764859382425385, -87.66394017630476)"
STONEY ISLAND AND 76TH,2632,7600 S STONY ISLAND A,07/12/2015,10,1188092.796191935,1854889.354158304,41.756897173,-87.586234285,"(41.75689717260223, -87.58623428506996)"
CORTLAND AND ASHLAND,1721,1900 N ASHLAND AVE,07/13/2015,15,1165348.084854857,1912736.454335569,41.916147281,-87.667947354,"(41.91614728095272, -87.66794735350443)"
35TH AND WESTERN,2092,3500 S WESTERN,07/13/2015,3,1160894.949857101,1881376.851112895,41.830187255,-87.685177925,"(41.83018725526863, -87.68517792510231)"
CICERO AND FULLERTON,1472,2400 N CICERO AVE,07/13/2015,3,1143961.592189569,1915545.343094087,41.92428359,-87.74645019,"(41.92428358982701, -87.74645019028947)"
MONTROSE AND WESTERN,1221,4400 N WESTERN AVENUE,07/13/2015,5,1159539.733234718,1929183.918095502,41.961401846,-87.688832623,"(41.961401846278505, -87.6888326227788)"
STONEY ISLAND AND 79TH,2464,1600 E 79TH ST,07/12/2015,5,1188284.704439907,1852964.829047574,41.751611523,-87.585592284,"(41.75161152327319, -87.58559228428787)"
CICERO AND HARRISON,2023,4800 W HARRISON STREET,07/13/2015,6,1144451.867388303,1896949.561959463,41.873245464,-87.745117179,"(41.873245464379586, -87.7451171788807)"
PETERSON AND WESTERN,1014,2400 W PETERSON,07/12/2015,12,1159214.211316277,1939825.301874586,41.99060901,-87.689735481,"(41.990609009807294, -87.68973548092968)"
BELMONT AND KEDZIE,1373,3200 W BELMONT,07/12/2015,1,1154461.587940363,1921143.091003516,41.939440561,-87.707718516,"(41.93944056117365, -87.70771851630873)"
WESTERN AND NORTH,1851,1600 N WESTERN AVE,07/13/2015,3,1160077.474351131,1910605.013316134,41.910409024,-87.687370268,"(41.91040902362901, -87.687370268401)"
ELSTON AND LAWRENCE,1284,4440 W LAWRENCE AVENUE,07/12/2015,15,1145715.061027481,1931571.0474838,41.968226398,-87.739599251,"(41.96822639754791, -87.73959925065756)"
PULASKI AND FOSTER,1102,5200 N PULASKI RD,02/02/2017,4,1148746.251286324,1934286.914361976,41.97562074,-87.728383135,"(41.97562073966174, -87.72838313514907)"
CLARK AND FULLERTON,1631,2400 N CLARK ST,07/13/2015,3,1172749.562209477,1916238.997132859,41.925597623,-87.640650973,"(41.925597623023144, -87.64065097309872)"
CICERO AND CHICAGO,1783,4800 W CHICAGO AVENUE,07/12/2015,3,1144175.291152764,1904916.255225279,41.895112219,-87.745932427,"(41.89511221857764, -87.74593242701515)"
31ST ST AND MARTIN LUTHER KING DRIVE,2123,400 E 31ST STREET,07/12/2015,2,1179437.985396417,1884565.84226022,41.838534018,-87.617046113,"(41.838534018118914, -87.61704611345726)"
CICERO AND ADDISON,1611,3600 N CICERO AVENUE,07/13/2015,3,1143698.904601495,1923517.005821035,41.946163524,-87.747215169,"(41.94616352362556, -87.74721516897007)"
CALIFORNIA AND PETERSON,1311,6000 N CALIFORNIA AVE,07/13/2015,2,1156545.742699118,1939775.775541795,41.990527717,-87.699552084,"(41.990527717148176, -87.69955208405155)"
HALSTED AND DIVISION,1714,800 W DIVISION,07/13/2015,5,1170767.827960358,1908259.644151662,41.903745557,-87.648167011,"(41.90374555734733, -87.64816701062779)"
CICERO AND CHICAGO,1783,4800 W CHICAGO AVENUE,07/13/2015,3,1144175.291152764,1904916.255225279,41.895112219,-87.745932427,"(41.89511221857764, -87.74593242701515)"
ASHLAND AND MADISON,1914,1600 W MADISON,02/02/2017,2,1165723.014733182,1900136.515489506,41.881564167,-87.666929463,"(41.8815641670199, -87.66692946294842)"
DAMEN AND 63RD,2701,6300 S DAMEN AVENUE,02/02/2017,6,1164069.407943298,1862830.277442834,41.779226921,-87.674052731,"(41.77922692069256, -87.67405273137854)"
CHICAGO AND CLARK,1963,100 W CHICAGO AVENUE,07/13/2015,7,1175374.528739575,1905745.47783364,41.896744347,-87.631321248,"(41.896744346875806, -87.63132124815151)"
MONTROSE AND WESTERN,1224,2400 W MONTROSE AVENUE,07/12/2015,3,1159562.971802959,1929191.337701253,41.961421726,-87.68874698,"(41.961421726406314, -87.68874697983858)"
CICERO AND PETERSON,1204,4800 W PETERSON AVENUE,07/12/2015,1,1143273.766829016,1939491.944645127,41.990008007,-87.748376951,"(41.99000800729908, -87.74837695118997)"
IRVING PARK AND CALIFORNIA,1234,2800 W IRVING PARK ROA,07/13/2015,4,,,,,
ELSTON AND LAWRENCE,1282,4800 N ELSTON AVENUE,07/12/2015,3,1145529.344259918,1931501.601268983,41.968039361,-87.740283894,"(41.96803936143674, -87.74028389448999)"
HALSTED AND FULLERTON,1701,2400 N HALSTED STREET,07/13/2015,4,1170501.602639925,1916200.061550148,41.925540315,-87.648912156,"(41.925540315431995, -87.64891215551155)"
KEDZIE AND 31ST,,3100 S KEDZIE AVENUE,02/02/2017,1,1155483.167539854,1883867.660503274,41.837132671,-87.704967115,"(41.837132671422296, -87.70496711478727)"
CICERO AND ARMITAGE,2001,2000 N CICERO AVENUE,02/02/2017,2,1144031.525719004,1912881.8300295,41.916973325,-87.746260223,"(41.91697332451097, -87.74626022251057)"
FOSTER AND BROADWAY,1111,5200 N BROADWAY ST,07/12/2015,12,1167334.508577915,1934714.008346532,41.976412143,-87.660015082,"(41.97641214294823, -87.66001508205365)"
CICERO AND FULLERTON,1474,4800 W FULLERTON AVE,07/13/2015,3,1143967.570794243,1915568.504954477,41.924347036,-87.74642764,"(41.924347036010694, -87.74642763965628)"
LAWRENCE AND WESTERN,1193,2400 W LAWRENCE AVENUE,07/12/2015,5,1159482.648570304,1931851.989492596,41.968724349,-87.688968727,"(41.96872434882172, -87.68896872699601)"
COLUMBUS AND ILLINOIS,1951,500 N COLUMBUS DRIVE,07/13/2015,21,1178372.808407292,1903693.06016042,41.891044569,-87.620371839,"(41.891044569124276, -87.620371839074)"
KOSTNER AND NORTH,2012,4400 W GRAND AVE,07/12/2015,6,1146773.519128439,1910425.663958581,41.91018141,-87.73624887,"(41.910181409597406, -87.73624887040725)"
WESTERN AND CHICAGO,1941,800 N WESTERN AVE,07/12/2015,3,1160220.967978608,1905277.507115921,41.895786955,-87.686990586,"(41.89578695485361, -87.68699058611217)"
CICERO AND FULLERTON,1474,4800 W FULLERTON AVE,07/12/2015,2,1143967.570794243,1915568.504954477,41.924347036,-87.74642764,"(41.924347036010694, -87.74642763965628)"
31ST ST AND MARTIN LUTHER KING DRIVE,2123,400 E 31ST STREET,07/13/2015,1,1179437.985396417,1884565.84226022,41.838534018,-87.617046113,"(41.838534018118914, -87.61704611345726)"
AUSTIN AND ADDISON,1491,3600 N AUSTIN AVENUE,07/13/2015,4,1135691.599896458,1923335.967306169,41.945813215,-87.776652162,"(41.9458132146695, -87.77665216156436)"
CICERO AND CHICAGO,1781,800 N CICERO AVENUE,07/12/2015,3,1144169.162482127,1904893.189220372,41.895049038,-87.745955516,"(41.89504903796389, -87.74595551626888)"
HARLEM AND BELMONT,1391,3200 N HARLEM AVE,07/13/2015,8,1127481.020995451,1920467.613239239,41.938084468,-87.806896749,"(41.93808446822169, -87.80689674887883)"
KEDZIE AND ARMITAGE,1834,3200 W ARMITAGE AVENUE,07/12/2015,3,1154700.851347995,1913153.252187904,41.917511023,-87.707053639,"(41.91751102291878, -87.7070536388797)"
KEDZIE AND 47TH,2104,3200 W 47TH ST,07/12/2015,1,1155815.231505056,1873336.169728074,41.808226246,-87.704031672,"(41.808226246244026, -87.70403167215984)"
WESTERN AND 71ST,2612,7100 S WESTERN AVENUE,07/12/2015,3,1161563.704681724,1857484.211306323,41.764608912,-87.683387053,"(41.76460891223613, -87.68338705328121)"
PULASKI AND IRVING PARK,1574,4000 W IRVING PARK RD,07/12/2015,14,1148988.727877253,1926320.954938409,41.953756874,-87.727698513,"(41.95375687447515, -87.72769851312907)"
SACRAMENTO AND CHICAGO,1814,3000 W CHICAGO AVENUE,01/01/2017,7,1156075.266375505,1905216.604770718,41.895704525,-87.702218524,"(41.895704524946225, -87.70221852353758)"
CLARK AND FULLERTON,1631,2400 N CLARK ST,07/12/2015,3,1172749.562209477,1916238.997132859,41.925597623,-87.640650973,"(41.925597623023144, -87.64065097309872)"
KEDZIE AND 71ST,2354,3200 W 71ST STREET,07/13/2015,3,1156246.862901455,1857404.014959868,41.764497433,-87.702877023,"(41.76449743256955, -87.70287702335861)"
LASALLE AND KINZIE,1921,400 N LASALLE,07/12/2015,3,1175028.579766798,1903002.552291359,41.889225372,-87.632674115,"(41.88922537162015, -87.63267411498495)"
IRVING PARK AND KEDZIE,1354,3200 W IRVING PARK ROAD,07/12/2015,8,1154325.140302006,1926458.463197156,41.954029047,-87.708077494,"(41.95402904691877, -87.70807749383191)"
ASHLAND AND DIVISION,1791,1200 N ASHLAND AVENUE,07/12/2015,6,1165466.997046718,1908083.767015974,41.903377468,-87.667643142,"(41.903377467566784, -87.66764314227497)"
WESTERN AND TOUHY,1252,7200 N WESTERN AVENUE,07/13/2015,1,1158975.66256211,1947754.286963361,42.012371335,-87.690393917,"(42.012371334791766, -87.69039391737863)"
79TH AND KEDZIE,2443,3200 W 79TH ST,02/02/2017,2,1156402.644780165,1852104.649370984,41.749952001,-87.702448478,"(41.74995200142266, -87.70244847808695)"
DIVISION AND DAMEN,1733,2000 W DIVISION,02/02/2017,2,1162815.710860194,1908034.672555531,41.903298793,-87.677383247,"(41.903298792681944, -87.67738324739636)"
PETERSON AND WESTERN,1014,2400 W PETERSON,07/13/2015,10,1159214.211316277,1939825.301874586,41.99060901,-87.689735481,"(41.990609009807294, -87.68973548092968)"
WESTERN AND DEVON,1212,6400 N WESTERN AVENUE,07/13/2015,1,1159113.585759434,1942451.622367891,41.997817807,-87.690033035,"(41.997817807026, -87.69003303469276)"
HOLLYWOOD AND SHERIDAN,1343,1000 W HOLLYWOOD AVE,07/12/2015,11,1168580.228926466,1938090.295189338,41.985649799,-87.655335807,"(41.98564979859328, -87.65533580655139)"
CENTRAL AND IRVING PARK,1183,5600 W IRVING PARK ROAD,07/13/2015,4,1138281.535484986,1926078.647777633,41.953292847,-87.767065708,"(41.953292847298, -87.76706570775266)"
STONY ISLAND/CORNELL AND 67TH,2731,6700 S CORNELL DRIVE,07/13/2015,6,1188316.454860734,1860851.137456735,41.77325149,-87.5852246,"(41.77325148959568, -87.58522459967712)"
HALSTED AND FULLERTON,1701,2400 N HALSTED STREET,02/02/2017,2,1170501.602639925,1916200.061550148,41.925540315,-87.648912156,"(41.925540315431995, -87.64891215551155)"
HALSTED AND NORTH,1764,800 W NORTH AVENUE,02/02/2017,1,1170700.68422007,1910913.190749698,41.91102851,-87.648335806,"(41.91102850981186, -87.64833580602037)"
HOLLYWOOD AND SHERIDAN,1344,1000 W HOLLYWOOD AVE,07/13/2015,30,1168580.228926466,1938090.295189338,41.985649799,-87.655335807,"(41.98564979859328, -87.65533580655139)"
111TH AND HALSTED,2422,11100 S HALSTED ST,07/12/2015,3,1172923.657689312,1831209.044179248,41.692263123,-87.642522688,"(41.692263123425136, -87.6425226876268)"
CHICAGO AND CLARK,1964,100 W CHICAGO AVENUE,02/02/2017,8,1175374.528739575,1905745.47783364,41.896744347,-87.631321248,"(41.896744346875806, -87.63132124815151)"
PULASKI AND ARCHER,2153,5000 S ARCHER AVE,07/12/2015,2,1150501.818909837,1871162.311703322,41.802365973,-87.723576766,"(41.80236597333895, -87.72357676611004)"
STONEY ISLAND AND 79TH,2464,1600 E 79TH ST,02/02/2017,4,1188284.704439907,1852964.829047574,41.751611523,-87.585592284,"(41.75161152327319, -87.58559228428787)"
WESTERN AND FULLERTON,1672,2400 N WESTERN AVENUE,07/12/2015,1,1159923.309342995,1915897.778561358,41.924935944,-87.687790255,"(41.92493594409127, -87.68779025471278)"
CENTRAL AND CHICAGO,1972,800 N CENTRAL AVENUE,07/12/2015,9,1138836.562608552,1904801.732832435,41.894896579,-87.765543258,"(41.89489657939746, -87.76554325845893)"
PULASKI AND CHICAGO,1983,4000 W CHICAGO AVENUE,07/12/2015,6,1149561.855939692,1905086.596446259,41.895476752,-87.72614436,"(41.89547675163723, -87.72614435991626)"
LAKE SHORE DR AND BELMONT,1412,3200 N LAKESHORE DRIV,07/13/2015,5,1173053.220555078,1921821.380831705,41.940909163,-87.63936916,"(41.94090916326764, -87.63936915995522)"
MADISON AND WESTERN,1931,1 S WESTERN AVE,07/13/2015,7,1160453.827721979,1899933.703473746,41.881118279,-87.686283339,"(41.881118278833966, -87.686283338873)"
ROOSEVELT AND HALSTED,2234,800 W ROOSEVELT ROAD,07/13/2015,25,1171199.282357741,1894968.056393724,41.867263098,-87.646972686,"(41.86726309836901, -87.64697268601648)"
PULASKI AND DIVERSEY,1543,4000 W DIVERSEY AVENUE,07/12/2015,2,1149206.496130705,1918356.569267582,41.931897723,-87.72710503,"(41.9318977231462, -87.72710503045386)"
111TH AND HALSTED,2422,11100 S HALSTED ST,07/13/2015,6,1172923.657689312,1831209.044179248,41.692263123,-87.642522688,"(41.692263123425136, -87.6425226876268)"
HAMLIN AND LAKE,1881,300 N HAMLIN AVENUE,02/02/2017,4,1150970.026856642,1901381.688308858,41.885282636,-87.721069539,"(41.88528263580913, -87.72106953854511)"
BELMONT AND KEDZIE,1372,3200 N KEDZIE AVE,07/13/2015,8,1154426.977874407,1921110.466549542,41.93935173,-87.707846594,"(41.93935173030961, -87.70784659359776)"
CENTRAL AND DIVERSEY,1644,5600 W DIVERSEY AVENUE,07/12/2015,1,1138539.758528398,1918097.096677271,41.931385977,-87.766310532,"(41.93138597683265, -87.76631053155157)"
ASHLAND AND MADISON,1914,1600 W MADISON,07/13/2015,3,1165723.014733182,1900136.515489506,41.881564167,-87.666929463,"(41.8815641670199, -87.66692946294842)"
PULASKI AND DIVERSEY,1542,2800 N PULASKI ROAD,07/13/2015,3,1149200.724531183,1918332.222549679,41.931831026,-87.727126873,"(41.93183102561505, -87.72712687300454)"
KEDZIE AND 26TH,2381,2600 S KEDZIE AVENUE,07/13/2015,2,1155404.235510285,1886524.460033054,41.844424831,-87.705185452,"(41.84442483084393, -87.70518545233183)"
PERSHING AND WESTERN,2114,2400 W PERSHING ROAD,07/13/2015,4,1160957.773623189,1878793.434193427,41.82309676,-87.685018951,"(41.82309676016606, -87.68501895061576)"
WESTERN AND TOUHY,1251,7200 N WESTERN AVENUE,07/12/2015,1,1158975.66256211,1947754.286963361,42.012371335,-87.690393917,"(42.012371334791766, -87.69039391737863)"
OGDEN AND KOSTNER,2223,4400 W OGDEN AVENUE,07/12/2015,5,1147406.592439224,1887689.099869462,41.847777523,-87.734505969,"(41.84777752280453, -87.73450596874825)"
WESTERN AND TOUHY,1251,7200 N WESTERN AVENUE,07/13/2015,4,1158975.66256211,1947754.286963361,42.012371335,-87.690393917,"(42.012371334791766, -87.69039391737863)"
ASHLAND AND LAWRENCE,1143,1600 W LAWRENCE AVENUE,07/13/2015,3,1164771.946929007,1931988.254061312,41.968987457,-87.669516307,"(41.96898745654617, -87.66951630654926)"
79TH AND KEDZIE,2443,3200 W 79TH ST,07/12/2015,3,1156402.644780165,1852104.649370984,41.749952001,-87.702448478,"(41.74995200142266, -87.70244847808695)"
KEDZIE AND 47TH,2104,3200 W 47TH ST,02/02/2017,5,1155815.231505056,1873336.169728074,41.808226246,-87.704031672,"(41.808226246244026, -87.70403167215984)"
LAKE SHORE DR AND BELMONT,1413,400 W BELMONT AVE,02/02/2017,27,1172981.744869382,1921577.376128802,41.940241193,-87.639639114,"(41.94024119325571, -87.63963911427594)"
CALIFORNIA AND DEVON,1323,2800 W DEVON AVENUE,07/12/2015,5,1156484.528078038,1942377.980662191,41.997669523,-87.699706423,"(41.99766952286052, -87.69970642324591)"
STONEY ISLAND AND 79TH,2462,7900 S STONEY ISLAND,07/13/2015,3,1188181.571068297,1852908.934789311,41.751460603,-87.585971993,"(41.75146060316686, -87.5859719929647)"
MILWAUKEE AND DEVON,1272,6400 N MILWAUKEE AVEN,07/12/2015,6,1132463.750397878,1942107.911507627,41.997382173,-87.788077674,"(41.99738217345368, -87.78807767391953)"
WESTERN AND CHICAGO,1943,2400 W CHICAGO AVE,07/13/2015,2,1160226.686812944,1905300.904544474,41.895851041,-87.686968935,"(41.895851041123755, -87.68696893468467)"
HALSTED AND NORTH,1761,1600 N HALSTED STREET,07/13/2015,3,1170678.283433825,1910880.991397547,41.910940644,-87.648419043,"(41.91094064391597, -87.64841904272998)"
CICERO AND NORTH,2033,4800 W NORTH AVENUE,07/13/2015,5,1144053.733747163,1910243.80567041,41.90973389,-87.746244973,"(41.909733890131285, -87.74624497295898)"
35TH AND WESTERN,2091,3500 S WESTERN,07/13/2015,3,1160894.949857101,1881376.851112895,41.830187255,-87.685177925,"(41.83018725526863, -87.68517792510231)"
FULLERTON AND NARRAGANSETT,1553,6400 W FULLERTON AVENU,07/12/2015,1,1133317.594499059,1915293.661305931,41.923786189,-87.785567206,"(41.92378618871128, -87.78556720562165)"
CICERO AND 47TH,2204,4800 W 47TH ST,07/13/2015,8,1145130.048925744,1873078.44198302,41.807727017,-87.743229366,"(41.80772701677172, -87.74322936566276)"
CENTRAL AND CHICAGO,1972,800 N CENTRAL AVENUE,07/13/2015,8,1138836.562608552,1904801.732832435,41.894896579,-87.765543258,"(41.89489657939746, -87.76554325845893)"
CENTRAL AND ADDISON,1683,5600 W ADDISON STREET,07/13/2015,1,1138349.663302502,1923416.02157061,41.945985104,-87.766879952,"(41.94598510430888, -87.76687995165918)"
WESTERN AND CERMAK,1003,2400 W CERMAK ROAD,07/13/2015,1,1160678.000607329,1889375.645335924,41.852141307,-87.685752642,"(41.85214130680468, -87.6857526415569)"
55TH AND WESTERN,2213,2400 W 55TH STREET,07/12/2015,8,1161277.012730599,1868185.749490228,41.793981347,-87.684141741,"(41.7939813465735, -87.68414174128355)"
ROOSEVELT AND PULASKI,2314,4000 W ROOSEVELT ROAD,07/13/2015,4,1149885.032049683,1894449.464076882,41.866281003,-87.72523422,"(41.866281002664536, -87.72523421983905)"
DIVERSEY AND AUSTIN,1453,6000 W DIVERSEY AVENUE,07/12/2015,1,1135895.736169343,1918029.70673837,41.931248624,-87.776028612,"(41.931248623643455, -87.77602861172493)"
PULASKI AND LAWRENCE,1172,4800 N PULASKI ROAD,07/12/2015,2,1148821.701520117,1931605.974570937,41.968262595,-87.728175316,"(41.968262595100775, -87.7281753157596)"
99TH AND HALSTED,2433,800 W 99TH ST,07/12/2015,12,1172710.642565684,1839246.330602143,41.714323337,-87.643066714,"(41.71432333701137, -87.64306671421937)"
WESTERN AND 71ST,2612,7100 S WESTERN AVENUE,07/13/2015,5,1161563.704681724,1857484.211306323,41.764608912,-87.683387053,"(41.76460891223613, -87.68338705328121)"
STONEY ISLAND AND 76TH,2632,7600 S STONY ISLAND A,07/13/2015,15,1188092.796191935,1854889.354158304,41.756897173,-87.586234285,"(41.75689717260223, -87.58623428506996)"
VAN BUREN AND WESTERN,2054,2400 W VAN BUREN STREE,07/13/2015,8,,,,,
DAMEN AND DIVERSEY,1462,2800 N DAMEN AVENUE,02/02/2017,7,1162490.04851994,1918611.623717091,41.932329494,-87.678282719,"(41.9323294940985, -87.67828271931386)"
ASHLAND AND IRVING PARK,1151,4000 N ASHLAND AVENUE,07/12/2015,4,1164899.463802581,1926665.661118925,41.954379326,-87.66919912,"(41.954379326212695, -87.66919911980419)"
PULASKI AND NORTH,1994,4000 W NORTH AVENUE,07/12/2015,4,1149456.2688422,1910376.774019002,41.909995582,-87.726394693,"(41.90999558160536, -87.72639469321471)"
PULASKI AND IRVING PARK,1572,4000 N PULASKI ROAD,07/13/2015,1,1148970.255325552,1926313.600468643,41.953737051,-87.727766612,"(41.95373705144353, -87.72776661179896)"
PULASKI AND ARMITAGE,1844,4000 W ARMITAGE AVENUE,07/13/2015,4,1149375.428872108,1913028.984273181,41.917275069,-87.726622746,"(41.91727506940875, -87.72662274644799)"
ASHLAND AND FULLERTON,1651,2400 N ASHLAND AVENUE,07/12/2015,21,1165228.073342838,1916032.319169157,41.92519389,-87.668294363,"(41.92519388981048, -87.66829436339881)"
WESTERN AND CERMAK,1002,2200 S WESTERN AVENUE,07/12/2015,6,1160669.42562757,1889318.196820393,41.85198384,-87.685785704,"(41.85198383957328, -87.68578570420526)"
WESTERN AND ADDISON,1563,2400 W ADDISON,07/13/2015,4,1159719.041544334,1923878.577275797,41.946839991,-87.688320193,"(41.9468399910054, -87.68832019252964)"
HARLEM AND BELMONT,1394,7200 W BELMONT AVE,07/13/2015,1,1127504.698153561,1920475.415440844,41.938105479,-87.806809552,"(41.93810547939496, -87.80680955240743)"
IRVING PARK AND NARRAGANSETT,1024,6400 W IRVING PK,07/12/2015,1,1132945.939118726,1925946.304925137,41.953024751,-87.786683238,"(41.95302475075328, -87.78668323766634)"
115TH AND HALSTED,2553,800 W 115TH STREET,02/02/2017,1,1173010.735357888,1828632.242070332,41.685190056,-87.642279564,"(41.68519005571938, -87.64227956401977)"
ADDISON AND HARLEM,1591,3600 N HARLEM AVENUE,07/13/2015,4,1127394.594070737,1923110.532422811,41.945338412,-87.807154769,"(41.94533841246591, -87.80715476912044)"
CALIFORNIA AND DIVERSEY,1514,2800 W DIVERSEY,07/12/2015,27,1157212.54253358,1918526.674434943,41.932205395,-87.697679244,"(41.93220539506452, -87.6976792438691)"
115TH AND HALSTED,2553,800 W 115TH STREET,07/13/2015,1,1173010.735357888,1828632.242070332,41.685190056,-87.642279564,"(41.68519005571938, -87.64227956401977)"
CICERO AND PETERSON,1204,4800 W PETERSON AVENUE,07/13/2015,1,1143273.766829016,1939491.944645127,41.990008007,-87.748376951,"(41.99000800729908, -87.74837695118997)"
WESTERN AND FOSTER,1074,2400 W FOSTER AVE,07/12/2015,5,1159379.402846887,1934502.712486132,41.97600019,-87.689275084,"(41.97600018976586, -87.68927508385399)"
PULASKI AND DIVISION,1802,1200 N PULASKI ROAD,07/13/2015,3,1149459.590666926,1907723.219884254,41.902713902,-87.726451457,"(41.902713901936174, -87.72645145715836)"
DIVISION AND DAMEN,1734,2000 W DIVISION,07/13/2015,2,1162815.710860194,1908034.672555531,41.903298793,-87.677383247,"(41.903298792681944, -87.67738324739636)"
PULASKI AND PETERSON,1262,6000 N PULASKI ROAD,07/13/2015,1,1148598.016685695,1939584.645960177,41.990160923,-87.728790748,"(41.99016092280557, -87.72879074759867)"
KEDZIE AND 31ST,2132,3100 S KEDZIE AVENUE,07/12/2015,5,1155483.167539854,1883867.660503274,41.837132671,-87.704967115,"(41.837132671422296, -87.70496711478727)"
111TH AND HALSTED,2424,800 W 111TH ST,07/12/2015,3,1172945.404219168,1831282.917027882,41.692465363,-87.642440901,"(41.692465363421874, -87.64244090105778)"
DIVISION AND DAMEN,1733,2000 W DIVISION,07/13/2015,3,1162815.710860194,1908034.672555531,41.903298793,-87.677383247,"(41.903298792681944, -87.67738324739636)"
ELSTON AND LAWRENCE,1284,4440 W LAWRENCE AVENUE,07/13/2015,10,1145715.061027481,1931571.0474838,41.968226398,-87.739599251,"(41.96822639754791, -87.73959925065756)"
SHERIDAN AND FOSTER,1132,5200 N SHERIDAN ROAD,07/12/2015,1,1168661.623718229,1934753.842272756,41.976492721,-87.655133605,"(41.97649272077833, -87.65513360456677)"
CENTRAL AND BELMONT,1602,3200 N CENTRAL AVENUE,02/02/2017,1,1138430.432324593,1920731.654410336,41.938617463,-87.766648297,"(41.938617463272884, -87.76664829683827)"
ASHLAND AND MADISON,1914,1600 W MADISON,07/12/2015,7,1165723.014733182,1900136.515489506,41.881564167,-87.666929463,"(41.8815641670199, -87.66692946294842)"
KEDZIE AND 63RD,2364,3200 W 63RD ST,07/13/2015,1,1156103.348831225,1862717.565210739,41.779081505,-87.703260365,"(41.77908150488341, -87.70326036544745)"
ASHLAND AND IRVING PARK,1153,1600 W IRVING PARK ROA,07/12/2015,3,,,,,
75TH AND STATE,2621,7500 S STATE STREET,07/13/2015,5,1177538.763040612,1855235.551345519,41.758092176,-87.624902228,"(41.75809217638291, -87.6249022282473)"
CICERO AND NORTH,2033,4800 W NORTH AVENUE,02/02/2017,2,1144053.733747163,1910243.80567041,41.90973389,-87.746244973,"(41.909733890131285, -87.74624497295898)"
PULASKI AND ARMITAGE,1843,4000 W ARMITAGE AVENUE,07/13/2015,2,1149375.428872108,1913028.984273181,41.917275069,-87.726622746,"(41.91727506940875, -87.72662274644799)"
99TH AND HALSTED,2433,800 W 99TH ST,07/13/2015,11,1172710.642565684,1839246.330602143,41.714323337,-87.643066714,"(41.71432333701137, -87.64306671421937)"
ASHLAND AND LAWRENCE,1143,1600 W LAWRENCE AVENUE,07/12/2015,4,1164771.946929007,1931988.254061312,41.968987457,-87.669516307,"(41.96898745654617, -87.66951630654926)"
COTTAGE GROVE AND 71ST,2572,7100 S COTTAGE GROVE,07/12/2015,3,1182746.23698699,1858088.011064538,41.765800351,-87.605729127,"(41.76580035131893, -87.6057291269901)"
CICERO AND 47TH,2204,4800 W 47TH ST,07/12/2015,10,1145130.048925744,1873078.44198302,41.807727017,-87.743229366,"(41.80772701677172, -87.74322936566276)"
ASHLAND AND MADISON,1911,0 N ASHLAND AVE,07/13/2015,1,,,,,
WENTWORTH AND GARFIELD,2261,5500 S WENTWORTH AVEN,07/12/2015,15,,,,,
FOSTER AND BROADWAY,1113,1200 W FOSTER AVE,07/13/2015,3,1167357.095930752,1934721.393266777,41.97643192,-87.659931806,"(41.97643192018459, -87.65993180604016)"
ASHLAND AND LAWRENCE,1142,4800 N ASHLAND AVENUE,07/12/2015,5,1164751.686785145,1932001.206626392,41.96902343,-87.669590434,"(41.969023429614026, -87.66959043354217)"
31ST ST AND MARTIN LUTHER KING DRIVE,2121,3100 S DR MARTIN L KING,07/12/2015,6,,,,,
CICERO AND WASHINGTON,1892,100 N CICERO AVENUE,07/12/2015,7,1144328.984091479,1900095.170838459,41.88187971,-87.745489247,"(41.88187970991601, -87.7454892473012)"
PULASKI AND DIVERSEY,1543,4000 W DIVERSEY AVENUE,07/13/2015,1,1149206.496130705,1918356.569267582,41.931897723,-87.72710503,"(41.9318977231462, -87.72710503045386)"
COTTAGE GROVE AND 71ST,2571,7100 S COTTAGE GROVE,07/13/2015,2,1182746.23698699,1858088.011064538,41.765800351,-87.605729127,"(41.76580035131893, -87.6057291269901)"
SACRAMENTO AND LAKE,1822,150 N SACRAMENTO BOUL,02/02/2017,5,1156319.560664766,1900957.489351962,41.884012178,-87.701436479,"(41.88401217771363, -87.7014364786693)"
IRVING PARK AND KILPATRICK,2764,4700 W IRVING PARK ROA,07/13/2015,5,,,,,
PULASKI AND IRVING PARK,1572,4000 N PULASKI ROAD,07/12/2015,1,1148970.255325552,1926313.600468643,41.953737051,-87.727766612,"(41.95373705144353, -87.72776661179896)"
STONY ISLAND/CORNELL AND 67TH,2721,6700 S STONY ISLAND A,07/12/2015,5,1187984.143047539,1860863.338367666,41.773292896,-87.586442368,"(41.77329289585066, -87.58644236831432)"
PERSHING AND WESTERN,2114,2400 W PERSHING ROAD,07/12/2015,8,1160957.773623189,1878793.434193427,41.82309676,-87.685018951,"(41.82309676016606, -87.68501895061576)"
KEDZIE AND 71ST,2352,7100 S KEDZIE AVENUE,07/12/2015,3,1156225.540366296,1857330.103443232,41.764295037,-87.702957162,"(41.764295036756856, -87.70295716211793)"
FOSTER AND BROADWAY,1113,1200 W FOSTER AVE,07/12/2015,2,1167357.095930752,1934721.393266777,41.97643192,-87.659931806,"(41.97643192018459, -87.65993180604016)"
CENTRAL AND CHICAGO,1973,5600 W CHICAGO AVENUE,07/13/2015,2,1138858.856732452,1904825.827586656,41.894962293,-87.765460791,"(41.89496229349977, -87.76546079122906)"
DIVISION AND DAMEN,1733,2000 W DIVISION,07/12/2015,2,1162815.710860194,1908034.672555531,41.903298793,-87.677383247,"(41.903298792681944, -87.67738324739636)"
IRVING PARK AND KEDZIE,1354,3200 W IRVING PARK ROAD,07/13/2015,7,1154325.140302006,1926458.463197156,41.954029047,-87.708077494,"(41.95402904691877, -87.70807749383191)"
STONY ISLAND/CORNELL AND 67TH,2721,6700 S STONY ISLAND A,07/13/2015,19,1187984.143047539,1860863.338367666,41.773292896,-87.586442368,"(41.77329289585066, -87.58644236831432)"
PULASKI AND FOSTER,1104,4000 W FOSTER AVE,02/02/2017,2,1148759.16134887,1934294.249006446,41.975640616,-87.728335469,"(41.975640616231914, -87.72833546926573)"
DIVERSEY AND AUSTIN,1454,6000 W DIVERSEY AVENUE,07/12/2015,1,1135895.736169343,1918029.70673837,41.931248624,-87.776028612,"(41.931248623643455, -87.77602861172493)"
LARAMIE AND MADISON,2043,5200 W MADISON STREET,07/13/2015,1,1141706.965522802,1899567.55684314,41.880480752,-87.755130433,"(41.88048075170171, -87.75513043296509)"
FULLERTON AND NARRAGANSETT,1554,6400 W FULLERTON AVENU,07/12/2015,1,1133317.594499059,1915293.661305931,41.923786189,-87.785567206,"(41.92378618871128, -87.78556720562165)"
PULASKI AND CHICAGO,1983,4000 W CHICAGO AVENUE,07/13/2015,4,1149561.855939692,1905086.596446259,41.895476752,-87.72614436,"(41.89547675163723, -87.72614435991626)"
CICERO AND 47TH,2202,4700 S CICERO AVE,07/13/2015,1,1145112.150373471,1873006.659918126,41.807530373,-87.743296821,"(41.80753037289406, -87.7432968212423)"
COLUMBUS AND ILLINOIS,1951,500 N COLUMBUS DRIVE,02/02/2017,10,1178372.808407292,1903693.06016042,41.891044569,-87.620371839,"(41.891044569124276, -87.620371839074)"
ELSTON AND ADDISON,1402,3600 N ELSTON AVE,07/13/2015,2,1154106.95251778,1923731.036211081,41.946549165,-87.708952626,"(41.94654916480637, -87.70895262603513)"
MILWAUKEE AND DEVON,1272,6400 N MILWAUKEE AVEN,07/13/2015,1,1132463.750397878,1942107.911507627,41.997382173,-87.788077674,"(41.99738217345368, -87.78807767391953)"
KEDZIE AND 63RD,2364,3200 W 63RD ST,02/02/2017,1,1156103.348831225,1862717.565210739,41.779081505,-87.703260365,"(41.77908150488341, -87.70326036544745)"
IRVING PARK AND CALIFORNIA,1234,2800 W IRVING PARK ROA,07/12/2015,21,,,,,
IRVING PARK AND KILPATRICK,2763,4700 W IRVING PARK ROA,02/02/2017,3,,,,,
WESTERN AND CHICAGO,1943,2400 W CHICAGO AVE,07/12/2015,3,1160226.686812944,1905300.904544474,41.895851041,-87.686968935,"(41.895851041123755, -87.68696893468467)"
LARAMIE AND MADISON,2044,5200 W MADISON STREET,07/12/2015,15,1141706.965522802,1899567.55684314,41.880480752,-87.755130433,"(41.88048075170171, -87.75513043296509)"
LAWRENCE AND WESTERN,1193,2400 W LAWRENCE AVENUE,07/13/2015,5,1159482.648570304,1931851.989492596,41.968724349,-87.688968727,"(41.96872434882172, -87.68896872699601)"
HARLEM AND BELMONT,1391,3200 N HARLEM AVE,07/12/2015,6,1127481.020995451,1920467.613239239,41.938084468,-87.806896749,"(41.93808446822169, -87.80689674887883)"
PULASKI AND LAWRENCE,1173,4000 W LAWRENCE AVENUE,07/13/2015,1,1148844.220085601,1931638.45430438,41.968351285,-87.728091672,"(41.96835128527914, -87.72809167198088)"
HALSTED AND FULLERTON,1704,800 W FULLERTON AVENUE,07/12/2015,3,1170525.624723311,1916208.443992778,41.925562791,-87.648823641,"(41.92556279107417, -87.64882364145232)"
HALSTED AND 95TH,2581,9500 S HALSTED STREET,07/13/2015,6,1172610.538363645,1841811.61926207,41.721365061,-87.643358042,"(41.72136506078306, -87.64335804234075)"
ELSTON AND LAWRENCE,1282,4800 N ELSTON AVENUE,07/13/2015,2,1145529.344259918,1931501.601268983,41.968039361,-87.740283894,"(41.96803936143674, -87.74028389448999)"
AUSTIN AND IRVING PARK,1161,4000 N AUSTIN AVENUE,07/12/2015,1,1135599.956110927,1926006.862619986,41.953144059,-87.776925284,"(41.95314405904539, -87.77692528423394)"
HOMAN/KIMBALL AND NORTH,1773,3400 W NORTH AVE,07/12/2015,6,1153386.578905125,1910465.87061722,41.910162847,-87.711953868,"(41.91016284680269, -87.71195386769125)"
ROOSEVELT AND KOSTNER,2323,4400 W ROOSEVELT,07/13/2015,5,1147200.963258796,1894379.538078088,41.866140868,-87.73508956,"(41.866140867641654, -87.73508956008207)"
55TH AND WESTERN,2212,5500 S WESTERN AVE,07/12/2015,5,1161269.521335262,1867963.111601251,41.793370554,-87.684175377,"(41.79337055433029, -87.6841753767592)"
DAMEN AND DIVERSEY,1464,2000 W DIVERSEY PARKWAY,07/13/2015,8,1162519.714934025,1918635.417634925,41.932394164,-87.678173031,"(41.93239416403691, -87.67817303087757)"
HALSTED AND 103RD,2593,800 W 103RD STREET,07/12/2015,3,1172778.570616036,1836587.755252818,41.70702632,-87.642896007,"(41.707026319812215, -87.64289600741817)"
SHERIDAN AND FOSTER,1132,5200 N SHERIDAN ROAD,02/02/2017,5,1168661.623718229,1934753.842272756,41.976492721,-87.655133605,"(41.97649272077833, -87.65513360456677)"
55TH AND WESTERN,2213,2400 W 55TH STREET,07/13/2015,3,1161277.012730599,1868185.749490228,41.793981347,-87.684141741,"(41.7939813465735, -87.68414174128355)"
HAMLIN AND MADISON,1901,0 N HAMLIN BOULEVARD,07/12/2015,11,,,,,
ASHLAND AND IRVING PARK,1151,4000 N ASHLAND AVENUE,07/13/2015,1,1164899.463802581,1926665.661118925,41.954379326,-87.66919912,"(41.954379326212695, -87.66919911980419)"
KOSTNER AND NORTH,2013,4400 W NORTH,07/12/2015,5,1146738.551618032,1910309.595368032,41.909863573,-87.736380296,"(41.90986357340246, -87.73638029605371)"
LAKE SHORE DR AND BELMONT,1413,400 W BELMONT AVE,07/12/2015,61,1172981.744869382,1921577.376128802,41.940241193,-87.639639114,"(41.94024119325571, -87.63963911427594)"
WESTERN AND 79TH,2481,7900 S WESTERN AVE,07/13/2015,2,1161711.516404028,1852181.685686118,41.750054934,-87.682992203,"(41.750054933649984, -87.68299220290213)"
WESTERN AND FULLERTON,1672,2400 N WESTERN AVENUE,07/13/2015,1,1159923.309342995,1915897.778561358,41.924935944,-87.687790255,"(41.92493594409127, -87.68779025471278)"
HALSTED AND NORTH,1764,800 W NORTH AVENUE,07/12/2015,1,1170700.68422007,1910913.190749698,41.91102851,-87.648335806,"(41.91102850981186, -87.64833580602037)"
MONTROSE AND WESTERN,1221,4400 N WESTERN AVENUE,07/12/2015,4,1159539.733234718,1929183.918095502,41.961401846,-87.688832623,"(41.961401846278505, -87.6888326227788)"
IRVING PARK AND KEDZIE,1353,3200 W IRVING PARK ROAD,07/12/2015,1,1154325.140302006,1926458.463197156,41.954029047,-87.708077494,"(41.95402904691877, -87.70807749383191)"
115TH AND HALSTED,2553,800 W 115TH STREET,07/12/2015,1,1173010.735357888,1828632.242070332,41.685190056,-87.642279564,"(41.68519005571938, -87.64227956401977)"
KEDZIE AND 63RD,2361,6300 S KEDZIE AVE,07/13/2015,1,1156097.505177228,1862668.051775093,41.77894575,-87.703283119,"(41.77894575017997, -87.70328311900342)"
CICERO AND WASHINGTON,1891,100 N CICERO AVENUE,07/13/2015,6,1144328.984091479,1900095.170838459,41.88187971,-87.745489247,"(41.88187970991601, -87.7454892473012)"
75TH AND STATE,2621,7500 S STATE STREET,07/12/2015,3,1177538.763040612,1855235.551345519,41.758092176,-87.624902228,"(41.75809217638291, -87.6249022282473)"
COLUMBUS AND ILLINOIS,1951,500 N COLUMBUS DRIVE,07/12/2015,15,1178372.808407292,1903693.06016042,41.891044569,-87.620371839,"(41.891044569124276, -87.620371839074)"
HAMLIN AND LAKE,1881,300 N HAMLIN AVENUE,07/13/2015,3,1150970.026856642,1901381.688308858,41.885282636,-87.721069539,"(41.88528263580913, -87.72106953854511)"
FOSTER AND NAGLE,1034,6400 W FOSTER,02/02/2017,1,1132552.893142153,1934229.875527466,41.975762574,-87.787934296,"(41.97576257447203, -87.7879342955108)"
CENTRAL AND LAKE,1743,5600 W LAKE STREET,07/13/2015,3,1138951.495695032,1902230.510465733,41.887838735,-87.765183663,"(41.887838735330206, -87.76518366338465)"
CENTRAL AND FULLERTON,1444,5600 W FULLERTON AVENU,07/13/2015,1,1138627.279189421,1915438.969256439,41.924090199,-87.76605353,"(41.92409019883488, -87.76605353016079)"
CICERO AND DIVERSEY,1694,4800 W DIVERSEY AVENUE,07/13/2015,1,1143869.848167704,1918226.043989398,41.93164142,-87.746719911,"(41.93164142040689, -87.7467199106462)"
FOSTER AND NAGLE,1031,5200 N NAGLE,07/13/2015,5,1132529.656558223,1934201.702060651,41.97568567,-87.788020406,"(41.97568566971868, -87.78802040620296)"
CICERO AND DIVERSEY,1694,4800 W DIVERSEY AVENUE,07/12/2015,1,1143869.848167704,1918226.043989398,41.93164142,-87.746719911,"(41.93164142040689, -87.7467199106462)"
WESTERN AND 79TH,2484,2400 W 79TH ST,07/13/2015,2,1161758.68085177,1852242.255513454,41.750220168,-87.682817693,"(41.75022016799851, -87.68281769253687)"
STATE AND 79TH,2654,1 E 79TH STREET,07/13/2015,21,1177680.113652821,1852598.313477786,41.750852096,-87.624463832,"(41.75085209551078, -87.62446383210285)"
KEDZIE AND 47TH,2104,3200 W 47TH ST,07/13/2015,2,1155815.231505056,1873336.169728074,41.808226246,-87.704031672,"(41.808226246244026, -87.70403167215984)"
PULASKI AND IRVING PARK,1574,4000 W IRVING PARK RD,07/13/2015,11,1148988.727877253,1926320.954938409,41.953756874,-87.727698513,"(41.95375687447515, -87.72769851312907)"
IRVING PARK AND KEDZIE,1354,3200 W IRVING PARK ROAD,02/02/2017,8,1154325.140302006,1926458.463197156,41.954029047,-87.708077494,"(41.95402904691877, -87.70807749383191)"
STONEY ISLAND AND 79TH,2462,7900 S STONEY ISLAND,07/12/2015,5,1188181.571068297,1852908.934789311,41.751460603,-87.585971993,"(41.75146060316686, -87.5859719929647)"
AUSTIN AND IRVING PARK,1161,4000 N AUSTIN AVENUE,07/13/2015,2,1135599.956110927,1926006.862619986,41.953144059,-87.776925284,"(41.95314405904539, -87.77692528423394)"
55TH AND WESTERN,2212,5500 S WESTERN AVE,07/13/2015,7,1161269.521335262,1867963.111601251,41.793370554,-87.684175377,"(41.79337055433029, -87.6841753767592)"
CENTRAL AND ADDISON,1682,3600 N CENTRAL AVENUE,07/13/2015,4,1138343.117435682,1923392.067464765,41.945919491,-87.766904594,"(41.945919490555106, -87.76690459426293)"
STONY ISLAND/CORNELL AND 67TH,2731,6700 S CORNELL DRIVE,07/12/2015,7,1188316.454860734,1860851.137456735,41.77325149,-87.5852246,"(41.77325148959568, -87.58522459967712)"
HALSTED AND MADISON,1871,1 S HALSTED STREET,07/12/2015,8,1171092.392868784,1900234.542088741,41.881717056,-87.647210539,"(41.88171705561901, -87.64721053920604)"
WESTERN AND 79TH,2481,7900 S WESTERN AVE,07/12/2015,5,1161711.516404028,1852181.685686118,41.750054934,-87.682992203,"(41.750054933649984, -87.68299220290213)"
PULASKI AND LAWRENCE,1173,4000 W LAWRENCE AVENUE,07/12/2015,2,1148844.220085601,1931638.45430438,41.968351285,-87.728091672,"(41.96835128527914, -87.72809167198088)"
CICERO AND ADDISON,1612,3600 N CICERO AVENUE,07/13/2015,5,1143698.904601495,1923517.005821035,41.946163524,-87.747215169,"(41.94616352362556, -87.74721516897007)"
IRVING PARK AND KILPATRICK,2763,4700 W IRVING PARK ROA,07/12/2015,10,,,,,
CLARK AND FULLERTON,1632,2400 N CLARK ST,07/12/2015,1,1172749.562209477,1916238.997132859,41.925597623,-87.640650973,"(41.925597623023144, -87.64065097309872)"
35TH AND WESTERN,2092,3500 S WESTERN,07/12/2015,5,1160894.949857101,1881376.851112895,41.830187255,-87.685177925,"(41.83018725526863, -87.68517792510231)"
PULASKI AND FOSTER,1102,5200 N PULASKI RD,07/13/2015,3,1148746.251286324,1934286.914361976,41.97562074,-87.728383135,"(41.97562073966174, -87.72838313514907)"
63RD AND STATE,2714,1 E 63RD ST,07/12/2015,16,1177367.518733101,1863199.17768559,41.779949105,-87.625289553,"(41.779949104569106, -87.62528955333775)"
KOSTNER AND NORTH,2013,4400 W NORTH,07/13/2015,7,1146738.551618032,1910309.595368032,41.909863573,-87.736380296,"(41.90986357340246, -87.73638029605371)"
DIVERSEY AND WESTERN,1431,2800 N WESTERN AVENUE,07/12/2015,3,1159837.205417355,1918550.506189309,41.932216988,-87.688033281,"(41.93221698794738, -87.68803328089533)"
HALSTED AND 95TH,2581,9500 S HALSTED STREET,07/12/2015,8,1172610.538363645,1841811.61926207,41.721365061,-87.643358042,"(41.72136506078306, -87.64335804234075)"
CICERO AND PETERSON,1202,6000 N CICERO AVENUE,07/13/2015,9,1143247.733553094,1939479.342905704,41.989973915,-87.748473024,"(41.98997391514614, -87.74847302426933)"
4700 WESTERN,2141,4700 S WESTERN AVENUE,07/12/2015,4,1161120.438879703,1873431.066474726,41.808378408,-87.684570717,"(41.808378407946726, -87.68457071689552)"
HALSTED AND MADISON,1872,1 N HALSTED STREET,07/12/2015,7,1171090.967986833,1900270.454015136,41.881815632,-87.647214717,"(41.88181563164203, -87.64721471704077)"
IRVING PARK AND LARAMIE,1534,5200 W IRVING PARK ROA,07/13/2015,7,,,,,
KEDZIE AND 31ST,2134,3200 W 31ST STREET,02/02/2017,6,1155487.128005646,1883943.061106793,41.8373395,-87.704950558,"(41.83733950029648, -87.70495055800411)"
LARAMIE AND MADISON,2043,5200 W MADISON STREET,07/12/2015,3,1141706.965522802,1899567.55684314,41.880480752,-87.755130433,"(41.88048075170171, -87.75513043296509)"
CICERO AND HARRISON,2023,4800 W HARRISON STREET,07/12/2015,1,1144451.867388303,1896949.561959463,41.873245464,-87.745117179,"(41.873245464379586, -87.7451171788807)"
CENTRAL AND LAKE,1743,5600 W LAKE STREET,07/12/2015,1,1138951.495695032,1902230.510465733,41.887838735,-87.765183663,"(41.887838735330206, -87.76518366338465)"
CHICAGO AND CLARK,1963,100 W CHICAGO AVENUE,07/12/2015,2,1175374.528739575,1905745.47783364,41.896744347,-87.631321248,"(41.896744346875806, -87.63132124815151)"
CALIFORNIA AND DEVON,1321,6400 N CALIFORNIA AVE,07/12/2015,5,1156461.150245401,1942370.37710537,41.997649133,-87.699792629,"(41.997649133049336, -87.69979262891378)"
HAMLIN AND MADISON,1903,3800 W MADISON STREET,07/12/2015,10,1151032.709141294,1899784.033986533,41.880897273,-87.720881226,"(41.880897273491264, -87.72088122613924)"
CANAL AND ROOSEVELT,2291,1200 S CANAL STREET,07/12/2015,4,1173268.771030949,1894952.634878732,41.867175125,-87.639375813,"(41.86717512472001, -87.63937581258092)"
75TH AND STATE,2624,1 E 75TH STREET,07/12/2015,9,1177601.72646404,1855229.486604181,41.758074111,-87.624671658,"(41.75807411097799, -87.62467165835182)"
CICERO AND ADDISON,1612,3600 N CICERO AVENUE,07/12/2015,3,1143698.904601495,1923517.005821035,41.946163524,-87.747215169,"(41.94616352362556, -87.74721516897007)"
DIVISION AND DAMEN,1734,2000 W DIVISION,07/12/2015,11,1162815.710860194,1908034.672555531,41.903298793,-87.677383247,"(41.903298792681944, -87.67738324739636)"
HOMAN/KIMBALL AND NORTH,1773,3400 W NORTH AVE,07/13/2015,8,1153386.578905125,1910465.87061722,41.910162847,-87.711953868,"(41.91016284680269, -87.71195386769125)"
CENTRAL AND DIVERSEY,1642,2800 N CENTRAL AVENUE,07/13/2015,1,1138516.407377375,1918089.499227987,41.931365552,-87.766396529,"(41.93136555236339, -87.76639652879172)"
HOLLYWOOD AND SHERIDAN,1344,1000 W HOLLYWOOD AVE,07/12/2015,17,1168580.228926466,1938090.295189338,41.985649799,-87.655335807,"(41.98564979859328, -87.65533580655139)"
CORTLAND AND ASHLAND,1721,1900 N ASHLAND AVE,07/12/2015,21,1165348.084854857,1912736.454335569,41.916147281,-87.667947354,"(41.91614728095272, -87.66794735350443)"
COLUMBUS AND ILLINOIS,1952,500 N COLUMBUS DRIVE,07/13/2015,13,1178372.808407292,1903693.06016042,41.891044569,-87.620371839,"(41.891044569124276, -87.620371839074)"
PULASKI AND FOSTER,1104,4000 W FOSTER AVE,07/13/2015,2,1148759.16134887,1934294.249006446,41.975640616,-87.728335469,"(41.975640616231914, -87.72833546926573)"
BELMONT AND KEDZIE,1372,3200 N KEDZIE AVE,07/12/2015,13,1154426.977874407,1921110.466549542,41.93935173,-87.707846594,"(41.93935173030961, -87.70784659359776)"
BROADWAY/SHERIDAN AND DEVON,1123,1200 W DEVON AVE,07/13/2015,6,1167109.644248166,1942688.147952186,41.998298228,-87.660611661,"(41.99829822771884, -87.66061166063517)"
DAMEN AND 63RD,2701,6300 S DAMEN AVENUE,07/12/2015,1,1164069.407943298,1862830.277442834,41.779226921,-87.674052731,"(41.77922692069256, -87.67405273137854)"
BROADWAY/SHERIDAN AND DEVON,1122,6400 N SHERIDAN ROAD,07/13/2015,2,1167087.151194129,1942658.704988689,41.998217921,-87.660695256,"(41.99821792053241, -87.6606952555721)"
JEFFERY AND 95TH,2522,9500 S JEFFERY AVE,07/13/2015,2,1191132.420601301,1842335.735988875,41.722375907,-87.575499903,"(41.72237590704101, -87.57549990332795)"
LAKE SHORE DR AND BELMONT,1412,3200 N LAKESHORE DRIV,07/12/2015,9,1173053.220555078,1921821.380831705,41.940909163,-87.63936916,"(41.94090916326764, -87.63936915995522)"
LARAMIE AND MADISON,2044,5200 W MADISON STREET,02/02/2017,10,1141706.965522802,1899567.55684314,41.880480752,-87.755130433,"(41.88048075170171, -87.75513043296509)"
WESTERN AND FULLERTON,1671,2400 N WESTERN AVENUE,07/12/2015,10,1159923.309342995,1915897.778561358,41.924935944,-87.687790255,"(41.92493594409127, -87.68779025471278)"
STATE AND 79TH,2651,7900 S STATE STREET,02/02/2017,7,1177618.166929966,1852621.870232838,41.750918138,-87.624690123,"(41.7509181383154, -87.62469012251644)"
FOSTER AND NAGLE,1034,6400 W FOSTER,07/13/2015,1,1132552.893142153,1934229.875527466,41.975762574,-87.787934296,"(41.97576257447203, -87.7879342955108)"
HARLEM AND BELMONT,1394,7200 W BELMONT AVE,02/02/2017,3,1127504.698153561,1920475.415440844,41.938105479,-87.806809552,"(41.93810547939496, -87.80680955240743)"
35TH AND WESTERN,2091,3500 S WESTERN,07/12/2015,5,1160894.949857101,1881376.851112895,41.830187255,-87.685177925,"(41.83018725526863, -87.68517792510231)"
HARLEM AND BELMONT,1394,7200 W BELMONT AVE,07/12/2015,3,1127504.698153561,1920475.415440844,41.938105479,-87.806809552,"(41.93810547939496, -87.80680955240743)"
119TH AND HALSTED,2404,800 W 119TH STREET,07/13/2015,2,1173111.174088158,1825985.001014405,41.677923389,-87.641989646,"(41.677923389134385, -87.64198964584013)"
