GRAND AND OAK PARK,1524,6800 W GRAND AVENUE,02/10/2015,11,1130668.89526974,1915248.469290467,41.923708193,-87.795300781,"(41.92370819286044, -87.79530078123082)"
ASHLAND AND DIVISION,1793,1600 W DIVISION STREET,03/11/2015,1,1165489.684200442,1908112.312963909,41.903455316,-87.667558994,"(41.903455316483814, -87.66755899396976)"
WESTERN AND 63RD,2371,6300 S WESTERN AVE,02/27/2015,1,1161415.712688877,1862772.38856596,41.779123484,-87.683783099,"(41.77912348383963, -87.68378309863576)"
PETERSON AND WESTERN,1011,6000 N WESTERN AVE,04/08/2015,3,1159190.625032041,1939816.75471116,41.990586042,-87.689822473,"(41.99058604241958, -87.68982247294417)"
PULASKI AND BELMONT,1383,4000 W BELMONT AVE,03/09/2017,2,1149131.866894851,1921018.50498026,41.93920375,-87.727310134,"(41.93920374986553, -87.72731013414392)"
BLUE ISLAND AND DAMEN,2281,2416 S DAMEN AVENUE,11/18/2014,3,1163378.697434511,1887916.370760201,41.848080596,-87.675881338,"(41.84808059558783, -87.67588133802435)"
WESTERN AND MARQUETTE,2674,2400 W MARQUETTE ROAD,09/15/2016,3,1161509.889315231,1860208.627404126,41.772086214,-87.683508858,"(41.772086214104526, -87.68350885781568)"
AUSTIN AND IRVING PARK,1163,6000 W IRVING PARK ROAD,12/21/2015,1,1135622.402636023,1926014.192063646,41.953163772,-87.776842593,"(41.95316377185154, -87.77684259284736)"
95TH AND STONEY ISLAND,2514,1600 E 95TH STREET,04/08/2017,6,1188537.746187743,1842339.840767953,41.722449457,-87.585003569,"(41.72244945701069, -87.58500356910938)"
95TH AND STONEY ISLAND,2513,1600 E 95TH STREET,01/22/2015,4,1188537.746187743,1842339.840767953,41.722449457,-87.585003569,"(41.72244945701069, -87.58500356910938)"
PULASKI AND FULLERTON,1484,4000 W FULLERTON AVE,05/19/2016,2,1149303.081963737,1915695.275222648,41.924593022,-87.726819268,"(41.92459302175305, -87.7268192684032)"
WESTERN AND 63RD,2371,6300 S WESTERN AVE,10/16/2016,2,1161415.712688877,1862772.38856596,41.779123484,-87.683783099,"(41.77912348383963, -87.68378309863576)"
WESTERN AND MARQUETTE,2674,2400 W MARQUETTE ROAD,03/20/2016,2,1161509.889315231,1860208.627404126,41.772086214,-87.683508858,"(41.772086214104526, -87.68350885781568)"
AUSTIN AND ADDISON,1493,6000 W ADDISON STREET,08/02/2016,1,1135698.173154422,1923360.229527805,41.945879676,-87.776627421,"(41.94587967559099, -87.77662742093737)"
ASHLAND AND DIVISION,1793,1600 W DIVISION STREET,08/23/2016,2,1165489.684200442,1908112.312963909,41.903455316,-87.667558994,"(41.903455316483814, -87.66755899396976)"
PULASKI AND 79TH,2494,4000 W 79TH STREET,08/28/2015,3,1151074.116357501,1851966.830243835,41.749679359,-87.721978345,"(41.74967935883473, -87.72197834524168)"
CICERO AND DIVERSEY,1691,2800 N CICERO AVENUE,12/27/2015,3,1143863.647574835,1918202.018463414,41.931575608,-87.746743301,"(41.93157560844622, -87.74674330113561)"
HALSTED AND DIVISION,1711,1200 N HALSTED,05/08/2017,7,1170746.639428735,1908242.256010774,41.903698308,-87.648245351,"(41.90369830765008, -87.64824535062563)"
LAWRENCE AND WESTERN,1192,4800 N WESTERN AVENUE,02/04/2017,3,1159459.622430471,1931821.342623414,41.968640727,-87.689054241,"(41.96864072747715, -87.6890542408374)"
CALIFORNIA AND DIVERSEY,1511,2800 N CALIFORNIA AVE,05/02/2016,4,1157189.355049829,1918495.644754069,41.932120719,-87.6977653,"(41.93212071910647, -87.69776530036465)"
WESTERN AND MARQUETTE,2674,2400 W MARQUETTE ROAD,07/11/2016,2,1161509.889315231,1860208.627404126,41.772086214,-87.683508858,"(41.772086214104526, -87.68350885781568)"
WESTERN AND MARQUETTE,2674,2400 W MARQUETTE ROAD,12/08/2015,3,1161509.889315231,1860208.627404126,41.772086214,-87.683508858,"(41.772086214104526, -87.68350885781568)"
KEDZIE AND 47TH,2101,4700 S KEDZIE AVE,02/26/2017,13,1155791.949302478,1873270.778481327,41.808047272,-87.704118822,"(41.80804727165029, -87.70411882229871)"
AUSTIN AND IRVING PARK,1163,6000 W IRVING PARK ROAD,03/26/2016,2,1135622.402636023,1926014.192063646,41.953163772,-87.776842593,"(41.95316377185154, -87.77684259284736)"
HALSTED AND DIVISION,1711,1200 N HALSTED,08/17/2015,10,1170746.639428735,1908242.256010774,41.903698308,-87.648245351,"(41.90369830765008, -87.64824535062563)"
HALSTED AND DIVISION,1711,1200 N HALSTED,04/27/2016,7,1170746.639428735,1908242.256010774,41.903698308,-87.648245351,"(41.90369830765008, -87.64824535062563)"
PULASKI AND 79TH,2492,7900 S PULASKI ROAD,11/24/2016,2,1151054.87395657,1851842.663854121,41.749339,-87.722052091,"(41.74933900008238, -87.72205209091501)"
87TH AND VINCENNES,2413,848 W 87TH STREET,06/17/2015,8,1172002.531006759,1847197.326168367,41.736157546,-87.6454274,"(41.73615754630335, -87.64542740049411)"
GRAND AND OAK PARK,1523,6800 W GRAND AVENUE,09/15/2015,6,1130668.89526974,1915248.469290467,41.923708193,-87.795300781,"(41.92370819286044, -87.79530078123082)"
PULASKI AND 79TH,2492,7900 S PULASKI ROAD,11/14/2014,6,1151054.87395657,1851842.663854121,41.749339,-87.722052091,"(41.74933900008238, -87.72205209091501)"
WESTERN AND MARQUETTE,2674,2400 W MARQUETTE ROAD,03/11/2015,2,1161509.889315231,1860208.627404126,41.772086214,-87.683508858,"(41.772086214104526, -87.68350885781568)"
GRAND AND OAK PARK,1523,6800 W GRAND AVENUE,12/20/2015,5,1130668.89526974,1915248.469290467,41.923708193,-87.795300781,"(41.92370819286044, -87.79530078123082)"
LAWRENCE AND CICERO,1041,4800 N CICERO AVE,12/10/2015,8,1143464.651785526,1931490.551883203,41.968048007,-87.747875985,"(41.968048007293845, -87.74787598468126)"
BLUE ISLAND AND DAMEN,2281,2416 S DAMEN AVENUE,02/24/2015,4,1163378.697434511,1887916.370760201,41.848080596,-87.675881338,"(41.84808059558783, -87.67588133802435)"
LAWRENCE AND CICERO,1041,4800 N CICERO AVE,09/29/2016,8,1143464.651785526,1931490.551883203,41.968048007,-87.747875985,"(41.968048007293845, -87.74787598468126)"
MADISON AND WESTERN,1934,2400 W MADISON,03/15/2017,1,1160384.621277157,1899988.655722373,41.881270504,-87.68653594,"(41.88127050428818, -87.68653594017124)"
PULASKI AND 79TH,2494,4000 W 79TH STREET,12/24/2015,2,1151074.116357501,1851966.830243835,41.749679359,-87.721978345,"(41.74967935883473, -87.72197834524168)"
PULASKI AND FULLERTON,1484,4000 W FULLERTON AVE,08/31/2015,1,1149303.081963737,1915695.275222648,41.924593022,-87.726819268,"(41.92459302175305, -87.7268192684032)"
AUSTIN AND ADDISON,1493,6000 W ADDISON STREET,07/02/2015,5,1135698.173154422,1923360.229527805,41.945879676,-87.776627421,"(41.94587967559099, -87.77662742093737)"
LAWRENCE AND CICERO,1042,4800 N CICERO AVENUE,05/30/2015,4,1143464.651785526,1931490.551883203,41.968048007,-87.747875985,"(41.968048007293845, -87.74787598468126)"
GRAND AND OAK PARK,1523,6800 W GRAND AVENUE,04/05/2016,1,1130668.89526974,1915248.469290467,41.923708193,-87.795300781,"(41.92370819286044, -87.79530078123082)"
PULASKI AND MONTROSE,1292,4400 N PULASKI ROAD,10/02/2014,3,1148894.146173785,1928968.481843755,41.961023721,-87.727977456,"(41.961023721270585, -87.72797745595682)"
ASHLAND AND DIVISION,1793,1600 W DIVISION STREET,11/12/2015,6,1165489.684200442,1908112.312963909,41.903455316,-87.667558994,"(41.903455316483814, -87.66755899396976)"
HALSTED AND DIVISION,1711,1200 N HALSTED,08/29/2016,8,1170746.639428735,1908242.256010774,41.903698308,-87.648245351,"(41.90369830765008, -87.64824535062563)"
MADISON AND CENTRAL,1754,5600 W MADISON STREET,11/30/2014,5,1139033.690528149,1899503.712147867,41.880354556,-87.764948136,"(41.88035455632559, -87.76494813634785)"
HALSTED AND DIVISION,1711,1200 N HALSTED,04/19/2016,8,1170746.639428735,1908242.256010774,41.903698308,-87.648245351,"(41.90369830765008, -87.64824535062563)"
MADISON AND WESTERN,1934,2400 W MADISON,07/04/2016,1,1160384.621277157,1899988.655722373,41.881270504,-87.68653594,"(41.88127050428818, -87.68653594017124)"
SACRAMENTO AND CHICAGO,1812,800 N SACRAMENTO AVEN,04/26/2017,3,1156039.008141929,1905193.084100581,41.895640714,-87.702352328,"(41.89564071387542, -87.70235232767416)"
PULASKI AND CHICAGO,1982,800 N PULASKI ROAD,09/30/2014,1,1149538.444844035,1905079.034990625,41.895456457,-87.726230541,"(41.895456456825386, -87.72623054051289)"
GRAND AND OAK PARK,1524,6800 W GRAND AVENUE,07/14/2014,3,1130668.89526974,1915248.469290467,41.923708193,-87.795300781,"(41.92370819286044, -87.79530078123082)"
LAWRENCE AND CICERO,1042,4800 N CICERO AVENUE,03/01/2015,1,1143464.651785526,1931490.551883203,41.968048007,-87.747875985,"(41.968048007293845, -87.74787598468126)"
LAWRENCE AND CICERO,1042,4800 N CICERO AVENUE,06/03/2015,6,1143464.651785526,1931490.551883203,41.968048007,-87.747875985,"(41.968048007293845, -87.74787598468126)"
GRAND AND OAK PARK,1523,6800 W GRAND AVENUE,07/20/2016,11,1130668.89526974,1915248.469290467,41.923708193,-87.795300781,"(41.92370819286044, -87.79530078123082)"
MADISON AND WESTERN,1934,2400 W MADISON,09/24/2015,2,1160384.621277157,1899988.655722373,41.881270504,-87.68653594,"(41.88127050428818, -87.68653594017124)"
LAWRENCE AND CICERO,1041,4800 N CICERO AVE,01/25/2015,4,1143464.651785526,1931490.551883203,41.968048007,-87.747875985,"(41.968048007293845, -87.74787598468126)"
AUSTIN AND IRVING PARK,1163,6000 W IRVING PARK ROAD,04/05/2017,2,1135622.402636023,1926014.192063646,41.953163772,-87.776842593,"(41.95316377185154, -87.77684259284736)"
PULASKI AND BELMONT,1383,4000 W BELMONT AVE,05/23/2015,1,1149131.866894851,1921018.50498026,41.93920375,-87.727310134,"(41.93920374986553, -87.72731013414392)"
PETERSON AND WESTERN,1011,6000 N WESTERN AVE,06/16/2015,4,1159190.625032041,1939816.75471116,41.990586042,-87.689822473,"(41.99058604241958, -87.68982247294417)"
LAWRENCE AND CICERO,1041,4800 N CICERO AVE,09/18/2014,6,1143464.651785526,1931490.551883203,41.968048007,-87.747875985,"(41.968048007293845, -87.74787598468126)"
ARCHER/NARRAGANSETT AND 55TH,2074,6400 W ARCHER AVE,12/15/2014,3,1134629.248133949,1867443.543796524,41.792455256,-87.78187685,"(41.79245525550523, -87.78187684987694)"
CICERO AND DIVERSEY,1691,2800 N CICERO AVENUE,05/08/2016,4,1143863.647574835,1918202.018463414,41.931575608,-87.746743301,"(41.93157560844622, -87.74674330113561)"
ASHLAND AND DIVISION,1793,1600 W DIVISION STREET,11/15/2016,2,1165489.684200442,1908112.312963909,41.903455316,-87.667558994,"(41.903455316483814, -87.66755899396976)"
ARCHER AND CICERO,2084,5400 S ARCHER AVE,12/14/2015,8,1145209.426392053,1869810.657411975,41.798758208,-87.743020541,"(41.798758207843264, -87.74302054146467)"
PULASKI AND MONTROSE,1292,4400 N PULASKI ROAD,01/21/2015,1,1148894.146173785,1928968.481843755,41.961023721,-87.727977456,"(41.961023721270585, -87.72797745595682)"
CALIFORNIA AND DIVERSEY,1511,2800 N CALIFORNIA AVE,08/12/2016,6,1157189.355049829,1918495.644754069,41.932120719,-87.6977653,"(41.93212071910647, -87.69776530036465)"
ARCHER AND CICERO,2084,5400 S ARCHER AVE,03/14/2017,5,1145209.426392053,1869810.657411975,41.798758208,-87.743020541,"(41.798758207843264, -87.74302054146467)"
COTTAGE GROVE AND 95TH,2602,9500 S COTTAGE GROVE,08/03/2014,3,1183531.307692447,1842122.302108743,41.721970465,-87.60334804,"(41.72197046522736, -87.60334804007711)"
CALIFORNIA AND DIVERSEY,1511,2800 N CALIFORNIA AVE,03/06/2016,3,1157189.355049829,1918495.644754069,41.932120719,-87.6977653,"(41.93212071910647, -87.69776530036465)"
AUSTIN AND ADDISON,1493,6000 W ADDISON STREET,06/07/2016,2,1135698.173154422,1923360.229527805,41.945879676,-87.776627421,"(41.94587967559099, -87.77662742093737)"
CICERO AND DIVERSEY,1691,2800 N CICERO AVENUE,03/25/2016,3,1143863.647574835,1918202.018463414,41.931575608,-87.746743301,"(41.93157560844622, -87.74674330113561)"
LAWRENCE AND CICERO,1042,4800 N CICERO AVENUE,07/30/2014,11,1143464.651785526,1931490.551883203,41.968048007,-87.747875985,"(41.968048007293845, -87.74787598468126)"
87TH AND VINCENNES,2413,848 W 87TH STREET,07/14/2014,13,1172002.531006759,1847197.326168367,41.736157546,-87.6454274,"(41.73615754630335, -87.64542740049411)"
ARCHER AND CICERO,2084,5400 S ARCHER AVE,04/04/2017,3,1145209.426392053,1869810.657411975,41.798758208,-87.743020541,"(41.798758207843264, -87.74302054146467)"
LAWRENCE AND CICERO,1042,4800 N CICERO AVENUE,08/23/2015,3,1143464.651785526,1931490.551883203,41.968048007,-87.747875985,"(41.968048007293845, -87.74787598468126)"
KIMBALL AND LINCOLN,2741,6200 N KIMBALL AVENUE,10/23/2014,2,1152543.355058345,1940954.1008022,41.993841437,-87.714242493,"(41.99384143707685, -87.71424249302686)"
PULASKI AND BELMONT,1383,4000 W BELMONT AVE,08/09/2016,1,1149131.866894851,1921018.50498026,41.93920375,-87.727310134,"(41.93920374986553, -87.72731013414392)"
GRAND AND OAK PARK,1523,6800 W GRAND AVENUE,08/03/2016,10,1130668.89526974,1915248.469290467,41.923708193,-87.795300781,"(41.92370819286044, -87.79530078123082)"
GRAND AND OAK PARK,1523,6800 W GRAND AVENUE,07/06/2016,5,1130668.89526974,1915248.469290467,41.923708193,-87.795300781,"(41.92370819286044, -87.79530078123082)"
KEDZIE AND 47TH,2101,4700 S KEDZIE AVE,03/17/2017,10,1155791.949302478,1873270.778481327,41.808047272,-87.704118822,"(41.80804727165029, -87.70411882229871)"
95TH AND STONEY ISLAND,2513,1600 E 95TH STREET,05/10/2015,4,1188537.746187743,1842339.840767953,41.722449457,-87.585003569,"(41.72244945701069, -87.58500356910938)"
SACRAMENTO AND CHICAGO,1812,800 N SACRAMENTO AVEN,05/22/2017,7,1156039.008141929,1905193.084100581,41.895640714,-87.702352328,"(41.89564071387542, -87.70235232767416)"
PULASKI AND FULLERTON,1484,4000 W FULLERTON AVE,07/10/2014,7,1149303.081963737,1915695.275222648,41.924593022,-87.726819268,"(41.92459302175305, -87.7268192684032)"
SACRAMENTO AND CHICAGO,1812,800 N SACRAMENTO AVEN,11/22/2016,8,1156039.008141929,1905193.084100581,41.895640714,-87.702352328,"(41.89564071387542, -87.70235232767416)"
LAWRENCE AND CICERO,1042,4800 N CICERO AVENUE,07/22/2015,2,1143464.651785526,1931490.551883203,41.968048007,-87.747875985,"(41.968048007293845, -87.74787598468126)"
ARCHER/NARRAGANSETT AND 55TH,2073,6400 W ARCHER AVE,12/16/2014,13,1134629.248133949,1867443.543796524,41.792455256,-87.78187685,"(41.79245525550523, -87.78187684987694)"
PULASKI AND 79TH,2492,7900 S PULASKI ROAD,01/06/2017,2,1151054.87395657,1851842.663854121,41.749339,-87.722052091,"(41.74933900008238, -87.72205209091501)"
GRAND AND OAK PARK,1523,6800 W GRAND AVENUE,04/16/2017,9,1130668.89526974,1915248.469290467,41.923708193,-87.795300781,"(41.92370819286044, -87.79530078123082)"
WESTERN AND MARQUETTE,2674,2400 W MARQUETTE ROAD,07/02/2016,3,1161509.889315231,1860208.627404126,41.772086214,-87.683508858,"(41.772086214104526, -87.68350885781568)"
GRAND AND OAK PARK,1524,6800 W GRAND AVENUE,05/12/2015,2,1130668.89526974,1915248.469290467,41.923708193,-87.795300781,"(41.92370819286044, -87.79530078123082)"
PULASKI AND FULLERTON,1484,4000 W FULLERTON AVE,10/09/2014,2,1149303.081963737,1915695.275222648,41.924593022,-87.726819268,"(41.92459302175305, -87.7268192684032)"
LAWRENCE AND WESTERN,1192,4800 N WESTERN AVENUE,01/16/2017,8,1159459.622430471,1931821.342623414,41.968640727,-87.689054241,"(41.96864072747715, -87.6890542408374)"
LAWRENCE AND WESTERN,1192,4800 N WESTERN AVENUE,07/12/2016,5,1159459.622430471,1931821.342623414,41.968640727,-87.689054241,"(41.96864072747715, -87.6890542408374)"
MADISON AND WESTERN,1934,2400 W MADISON,08/13/2014,3,1160384.621277157,1899988.655722373,41.881270504,-87.68653594,"(41.88127050428818, -87.68653594017124)"
PULASKI AND 79TH,2494,4000 W 79TH STREET,04/30/2017,1,1151074.116357501,1851966.830243835,41.749679359,-87.721978345,"(41.74967935883473, -87.72197834524168)"
GRAND AND OAK PARK,1524,6800 W GRAND AVENUE,05/09/2015,6,1130668.89526974,1915248.469290467,41.923708193,-87.795300781,"(41.92370819286044, -87.79530078123082)"
MADISON AND WESTERN,1934,2400 W MADISON,04/01/2017,1,1160384.621277157,1899988.655722373,41.881270504,-87.68653594,"(41.88127050428818, -87.68653594017124)"
MADISON AND WESTERN,1934,2400 W MADISON,11/23/2016,6,1160384.621277157,1899988.655722373,41.881270504,-87.68653594,"(41.88127050428818, -87.68653594017124)"
LAWRENCE AND CICERO,1042,4800 N CICERO AVENUE,10/27/2015,1,1143464.651785526,1931490.551883203,41.968048007,-87.747875985,"(41.968048007293845, -87.74787598468126)"
HALSTED AND 103RD,2592,10300 S HALSTED STREE,05/30/2017,2,,,,,
LAWRENCE AND CICERO,1042,4800 N CICERO AVENUE,12/31/2015,3,1143464.651785526,1931490.551883203,41.968048007,-87.747875985,"(41.968048007293845, -87.74787598468126)"
LAWRENCE AND CICERO,1041,4800 N CICERO AVE,01/19/2016,9,1143464.651785526,1931490.551883203,41.968048007,-87.747875985,"(41.968048007293845, -87.74787598468126)"
PULASKI AND FULLERTON,1481,2400 N PULASKI RD,06/08/2016,2,1149275.963864089,1915687.631931757,41.924572574,-87.726919111,"(41.92457257416937, -87.72691911144182)"
LAWRENCE AND CICERO,1042,4800 N CICERO AVENUE,04/20/2015,2,1143464.651785526,1931490.551883203,41.968048007,-87.747875985,"(41.968048007293845, -87.74787598468126)"
PULASKI AND 79TH,2492,7900 S PULASKI ROAD,08/17/2016,3,1151054.87395657,1851842.663854121,41.749339,-87.722052091,"(41.74933900008238, -87.72205209091501)"
PETERSON AND WESTERN,1011,6000 N WESTERN AVE,04/11/2015,6,1159190.625032041,1939816.75471116,41.990586042,-87.689822473,"(41.99058604241958, -87.68982247294417)"
RIDGE AND CLARK,1051,5930 N CLARK STREET,03/02/2015,4,1164554.784723473,1939388.511516442,41.98929863,-87.670104121,"(41.98929863013193, -87.67010412112992)"
RIDGE AND CLARK,1051,5930 N CLARK STREET,08/08/2014,5,1164554.784723473,1939388.511516442,41.98929863,-87.670104121,"(41.98929863013193, -87.67010412112992)"
GRAND AND OAK PARK,1523,6800 W GRAND AVENUE,07/21/2015,7,1130668.89526974,1915248.469290467,41.923708193,-87.795300781,"(41.92370819286044, -87.79530078123082)"
HALSTED AND DIVISION,1711,1200 N HALSTED,09/11/2016,6,1170746.639428735,1908242.256010774,41.903698308,-87.648245351,"(41.90369830765008, -87.64824535062563)"
PULASKI AND 63RD,2343,4000 W 63RD ST,09/01/2016,2,1150768.346768175,1862564.615405259,41.77876739,-87.722823195,"(41.778767390084305, -87.72282319530368)"
SACRAMENTO AND CHICAGO,1812,800 N SACRAMENTO AVEN,01/12/2016,9,1156039.008141929,1905193.084100581,41.895640714,-87.702352328,"(41.89564071387542, -87.70235232767416)"
WESTERN AND NORTH,1851,1600 N WESTERN AVE,05/30/2017,4,1160077.474351131,1910605.013316134,41.910409024,-87.687370268,"(41.91040902362901, -87.687370268401)"
35TH AND WESTERN,2092,3500 S WESTERN,05/30/2017,3,1160894.949857101,1881376.851112895,41.830187255,-87.685177925,"(41.83018725526863, -87.68517792510231)"
PULASKI AND 63RD,2343,4000 W 63RD ST,04/07/2015,2,1150768.346768175,1862564.615405259,41.77876739,-87.722823195,"(41.778767390084305, -87.72282319530368)"
KEDZIE AND 47TH,2101,4700 S KEDZIE AVE,07/29/2016,6,1155791.949302478,1873270.778481327,41.808047272,-87.704118822,"(41.80804727165029, -87.70411882229871)"
PULASKI AND 79TH,2494,4000 W 79TH STREET,01/08/2017,1,1151074.116357501,1851966.830243835,41.749679359,-87.721978345,"(41.74967935883473, -87.72197834524168)"
ADDISON AND HARLEM,1593,7200 W ADDISON,06/02/2016,2,1127417.488447099,1923123.407710965,41.945373358,-87.807070326,"(41.94537335809189, -87.80707032561135)"
GRAND AND OAK PARK,1524,6800 W GRAND AVENUE,04/15/2017,6,1130668.89526974,1915248.469290467,41.923708193,-87.795300781,"(41.92370819286044, -87.79530078123082)"
HALSTED AND DIVISION,1711,1200 N HALSTED,12/03/2014,5,1170746.639428735,1908242.256010774,41.903698308,-87.648245351,"(41.90369830765008, -87.64824535062563)"
PULASKI AND 79TH,2492,7900 S PULASKI ROAD,05/22/2016,15,1151054.87395657,1851842.663854121,41.749339,-87.722052091,"(41.74933900008238, -87.72205209091501)"
SACRAMENTO AND CHICAGO,1812,800 N SACRAMENTO AVEN,05/07/2017,6,1156039.008141929,1905193.084100581,41.895640714,-87.702352328,"(41.89564071387542, -87.70235232767416)"
ASHLAND AND 95TH,2472,9500 S ASHLAND AVENUE,05/29/2017,4,1167295.830128711,1841695.121217916,41.721160612,-87.662828139,"(41.72116061205213, -87.66282813939165)"
RIDGE AND CLARK,1052,5930 N CLARK STREET,05/07/2015,5,1164554.784723473,1939388.511516442,41.98929863,-87.670104121,"(41.98929863013193, -87.67010412112992)"
95TH AND STONEY ISLAND,2514,1600 E 95TH STREET,11/10/2015,7,1188537.746187743,1842339.840767953,41.722449457,-87.585003569,"(41.72244945701069, -87.58500356910938)"
SACRAMENTO AND CHICAGO,1812,800 N SACRAMENTO AVEN,02/05/2017,7,1156039.008141929,1905193.084100581,41.895640714,-87.702352328,"(41.89564071387542, -87.70235232767416)"
GRAND AND OAK PARK,1524,6800 W GRAND AVENUE,09/09/2016,5,1130668.89526974,1915248.469290467,41.923708193,-87.795300781,"(41.92370819286044, -87.79530078123082)"
CICERO AND DIVERSEY,1691,2800 N CICERO AVENUE,12/13/2016,4,1143863.647574835,1918202.018463414,41.931575608,-87.746743301,"(41.93157560844622, -87.74674330113561)"
CICERO AND DIVERSEY,1694,4800 W DIVERSEY AVENUE,05/29/2017,4,1143869.848167704,1918226.043989398,41.93164142,-87.746719911,"(41.93164142040689, -87.7467199106462)"
MADISON AND WESTERN,1934,2400 W MADISON,05/02/2015,3,1160384.621277157,1899988.655722373,41.881270504,-87.68653594,"(41.88127050428818, -87.68653594017124)"
PULASKI AND FULLERTON,1481,2400 N PULASKI RD,11/15/2015,1,1149275.963864089,1915687.631931757,41.924572574,-87.726919111,"(41.92457257416937, -87.72691911144182)"
CALIFORNIA AND DIVERSEY,1511,2800 N CALIFORNIA AVE,01/17/2015,3,1157189.355049829,1918495.644754069,41.932120719,-87.6977653,"(41.93212071910647, -87.69776530036465)"
ASHLAND AND DIVISION,1793,1600 W DIVISION STREET,04/18/2017,2,1165489.684200442,1908112.312963909,41.903455316,-87.667558994,"(41.903455316483814, -87.66755899396976)"
PETERSON AND WESTERN,1011,6000 N WESTERN AVE,01/01/2017,5,1159190.625032041,1939816.75471116,41.990586042,-87.689822473,"(41.99058604241958, -87.68982247294417)"
AUSTIN AND ADDISON,1493,6000 W ADDISON STREET,11/13/2015,3,1135698.173154422,1923360.229527805,41.945879676,-87.776627421,"(41.94587967559099, -87.77662742093737)"
MADISON AND WESTERN,1934,2400 W MADISON,10/02/2014,3,1160384.621277157,1899988.655722373,41.881270504,-87.68653594,"(41.88127050428818, -87.68653594017124)"
KEDZIE AND 47TH,2101,4700 S KEDZIE AVE,06/02/2016,1,1155791.949302478,1873270.778481327,41.808047272,-87.704118822,"(41.80804727165029, -87.70411882229871)"
HALSTED AND DIVISION,1711,1200 N HALSTED,05/05/2016,6,1170746.639428735,1908242.256010774,41.903698308,-87.648245351,"(41.90369830765008, -87.64824535062563)"
HALSTED AND DIVISION,1711,1200 N HALSTED,10/13/2014,6,1170746.639428735,1908242.256010774,41.903698308,-87.648245351,"(41.90369830765008, -87.64824535062563)"
95TH AND STONEY ISLAND,2514,1600 E 95TH STREET,05/27/2015,8,1188537.746187743,1842339.840767953,41.722449457,-87.585003569,"(41.72244945701069, -87.58500356910938)"
GRAND AND OAK PARK,1523,6800 W GRAND AVENUE,05/22/2016,5,1130668.89526974,1915248.469290467,41.923708193,-87.795300781,"(41.92370819286044, -87.79530078123082)"
PULASKI AND 79TH,2492,7900 S PULASKI ROAD,12/08/2014,3,1151054.87395657,1851842.663854121,41.749339,-87.722052091,"(41.74933900008238, -87.72205209091501)"
CICERO AND DIVERSEY,1691,2800 N CICERO AVENUE,11/25/2016,7,1143863.647574835,1918202.018463414,41.931575608,-87.746743301,"(41.93157560844622, -87.74674330113561)"
SACRAMENTO AND CHICAGO,1812,800 N SACRAMENTO AVEN,04/09/2015,7,1156039.008141929,1905193.084100581,41.895640714,-87.702352328,"(41.89564071387542, -87.70235232767416)"
ARCHER AND CICERO,2084,5400 S ARCHER AVE,03/05/2015,8,1145209.426392053,1869810.657411975,41.798758208,-87.743020541,"(41.798758207843264, -87.74302054146467)"
PULASKI AND 79TH,2492,7900 S PULASKI ROAD,02/23/2016,1,1151054.87395657,1851842.663854121,41.749339,-87.722052091,"(41.74933900008238, -87.72205209091501)"
WESTERN AND MARQUETTE,2674,2400 W MARQUETTE ROAD,12/05/2014,2,1161509.889315231,1860208.627404126,41.772086214,-87.683508858,"(41.772086214104526, -87.68350885781568)"
PULASKI AND 63RD,2343,4000 W 63RD ST,05/03/2016,1,1150768.346768175,1862564.615405259,41.77876739,-87.722823195,"(41.778767390084305, -87.72282319530368)"
PULASKI AND FULLERTON,1484,4000 W FULLERTON AVE,08/21/2016,6,1149303.081963737,1915695.275222648,41.924593022,-87.726819268,"(41.92459302175305, -87.7268192684032)"
GRAND AND OAK PARK,1524,6800 W GRAND AVENUE,05/03/2017,6,1130668.89526974,1915248.469290467,41.923708193,-87.795300781,"(41.92370819286044, -87.79530078123082)"
PULASKI AND 79TH,2494,4000 W 79TH STREET,11/14/2015,7,1151074.116357501,1851966.830243835,41.749679359,-87.721978345,"(41.74967935883473, -87.72197834524168)"
PULASKI AND FULLERTON,1481,2400 N PULASKI RD,03/28/2016,2,1149275.963864089,1915687.631931757,41.924572574,-87.726919111,"(41.92457257416937, -87.72691911144182)"
87TH AND VINCENNES,2413,848 W 87TH STREET,02/07/2016,14,1172002.531006759,1847197.326168367,41.736157546,-87.6454274,"(41.73615754630335, -87.64542740049411)"
AUSTIN AND IRVING PARK,1163,6000 W IRVING PARK ROAD,03/25/2015,3,1135622.402636023,1926014.192063646,41.953163772,-87.776842593,"(41.95316377185154, -87.77684259284736)"
AUSTIN AND ADDISON,1493,6000 W ADDISON STREET,12/16/2014,2,1135698.173154422,1923360.229527805,41.945879676,-87.776627421,"(41.94587967559099, -87.77662742093737)"
PULASKI AND MONTROSE,1292,4400 N PULASKI ROAD,10/21/2014,1,1148894.146173785,1928968.481843755,41.961023721,-87.727977456,"(41.961023721270585, -87.72797745595682)"
PULASKI AND BELMONT,1383,4000 W BELMONT AVE,07/31/2016,1,1149131.866894851,1921018.50498026,41.93920375,-87.727310134,"(41.93920374986553, -87.72731013414392)"
95TH AND STONEY ISLAND,2513,1600 E 95TH STREET,01/28/2016,2,1188537.746187743,1842339.840767953,41.722449457,-87.585003569,"(41.72244945701069, -87.58500356910938)"
ASHLAND AND DIVISION,1793,1600 W DIVISION STREET,08/29/2014,3,1165489.684200442,1908112.312963909,41.903455316,-87.667558994,"(41.903455316483814, -87.66755899396976)"
LAWRENCE AND CICERO,1041,4800 N CICERO AVE,09/10/2015,7,1143464.651785526,1931490.551883203,41.968048007,-87.747875985,"(41.968048007293845, -87.74787598468126)"
HALSTED AND DIVISION,1711,1200 N HALSTED,03/14/2017,1,1170746.639428735,1908242.256010774,41.903698308,-87.648245351,"(41.90369830765008, -87.64824535062563)"
AUSTIN AND IRVING PARK,1163,6000 W IRVING PARK ROAD,10/12/2016,8,1135622.402636023,1926014.192063646,41.953163772,-87.776842593,"(41.95316377185154, -87.77684259284736)"
HALSTED AND DIVISION,1711,1200 N HALSTED,05/25/2015,6,1170746.639428735,1908242.256010774,41.903698308,-87.648245351,"(41.90369830765008, -87.64824535062563)"
WESTERN AND MARQUETTE,2674,2400 W MARQUETTE ROAD,10/09/2014,3,1161509.889315231,1860208.627404126,41.772086214,-87.683508858,"(41.772086214104526, -87.68350885781568)"
CICERO AND DIVERSEY,1691,2800 N CICERO AVENUE,08/25/2015,2,1143863.647574835,1918202.018463414,41.931575608,-87.746743301,"(41.93157560844622, -87.74674330113561)"
ASHLAND AND DIVISION,1793,1600 W DIVISION STREET,12/23/2014,1,1165489.684200442,1908112.312963909,41.903455316,-87.667558994,"(41.903455316483814, -87.66755899396976)"
MADISON AND WESTERN,1934,2400 W MADISON,07/06/2015,3,1160384.621277157,1899988.655722373,41.881270504,-87.68653594,"(41.88127050428818, -87.68653594017124)"
95TH AND STONEY ISLAND,2513,1600 E 95TH STREET,06/10/2015,6,1188537.746187743,1842339.840767953,41.722449457,-87.585003569,"(41.72244945701069, -87.58500356910938)"
ADDISON AND HARLEM,1593,7200 W ADDISON,11/06/2014,1,1127417.488447099,1923123.407710965,41.945373358,-87.807070326,"(41.94537335809189, -87.80707032561135)"
WESTERN AND MARQUETTE,2674,2400 W MARQUETTE ROAD,08/11/2015,3,1161509.889315231,1860208.627404126,41.772086214,-87.683508858,"(41.772086214104526, -87.68350885781568)"
KEDZIE AND 47TH,2101,4700 S KEDZIE AVE,09/20/2016,9,1155791.949302478,1873270.778481327,41.808047272,-87.704118822,"(41.80804727165029, -87.70411882229871)"
ADDISON AND HARLEM,1593,7200 W ADDISON,04/13/2017,1,1127417.488447099,1923123.407710965,41.945373358,-87.807070326,"(41.94537335809189, -87.80707032561135)"
95TH AND STONEY ISLAND,2514,1600 E 95TH STREET,02/14/2017,2,1188537.746187743,1842339.840767953,41.722449457,-87.585003569,"(41.72244945701069, -87.58500356910938)"
PULASKI AND 79TH,2492,7900 S PULASKI ROAD,07/12/2016,2,1151054.87395657,1851842.663854121,41.749339,-87.722052091,"(41.74933900008238, -87.72205209091501)"
RIDGE AND CLARK,1052,5930 N CLARK STREET,11/11/2015,1,1164554.784723473,1939388.511516442,41.98929863,-87.670104121,"(41.98929863013193, -87.67010412112992)"
WENTWORTH AND GARFIELD,2261,5500 S WENTWORTH AVEN,03/17/2017,25,,,,,
HAMLIN AND LAKE,1881,300 N HAMLIN AVENUE,05/29/2017,9,1150970.026856642,1901381.688308858,41.885282636,-87.721069539,"(41.88528263580913, -87.72106953854511)"
LAWRENCE AND CICERO,1042,4800 N CICERO AVENUE,09/24/2014,11,1143464.651785526,1931490.551883203,41.968048007,-87.747875985,"(41.968048007293845, -87.74787598468126)"
GRAND AND OAK PARK,1523,6800 W GRAND AVENUE,11/18/2016,5,1130668.89526974,1915248.469290467,41.923708193,-87.795300781,"(41.92370819286044, -87.79530078123082)"
PULASKI AND FULLERTON,1481,2400 N PULASKI RD,12/10/2016,3,1149275.963864089,1915687.631931757,41.924572574,-87.726919111,"(41.92457257416937, -87.72691911144182)"
95TH AND STONEY ISLAND,2513,1600 E 95TH STREET,08/29/2015,1,1188537.746187743,1842339.840767953,41.722449457,-87.585003569,"(41.72244945701069, -87.58500356910938)"
RIDGE AND CLARK,1051,5930 N CLARK STREET,02/07/2016,5,1164554.784723473,1939388.511516442,41.98929863,-87.670104121,"(41.98929863013193, -87.67010412112992)"
LAWRENCE AND CICERO,1042,4800 N CICERO AVENUE,06/03/2016,3,1143464.651785526,1931490.551883203,41.968048007,-87.747875985,"(41.968048007293845, -87.74787598468126)"
GARFIELD AND ASHLAND,2274,1600 W GARFIELD BLVD,12/25/2014,2,1166593.072608676,1868281.842213365,41.79413322,-87.664645263,"(41.79413322022423, -87.66464526320254)"
AUSTIN AND ADDISON,1493,6000 W ADDISON STREET,02/21/2016,1,1135698.173154422,1923360.229527805,41.945879676,-87.776627421,"(41.94587967559099, -87.77662742093737)"
KEDZIE AND 71ST,2352,7100 S KEDZIE AVENUE,05/04/2017,6,1156225.540366296,1857330.103443232,41.764295037,-87.702957162,"(41.764295036756856, -87.70295716211793)"
ASHLAND AND DIVISION,1793,1600 W DIVISION STREET,09/05/2016,2,1165489.684200442,1908112.312963909,41.903455316,-87.667558994,"(41.903455316483814, -87.66755899396976)"
KEDZIE AND 47TH,2101,4700 S KEDZIE AVE,03/06/2017,8,1155791.949302478,1873270.778481327,41.808047272,-87.704118822,"(41.80804727165029, -87.70411882229871)"
CALIFORNIA AND DIVERSEY,1511,2800 N CALIFORNIA AVE,03/17/2016,9,1157189.355049829,1918495.644754069,41.932120719,-87.6977653,"(41.93212071910647, -87.69776530036465)"
95TH AND STONEY ISLAND,2513,1600 E 95TH STREET,10/21/2015,2,1188537.746187743,1842339.840767953,41.722449457,-87.585003569,"(41.72244945701069, -87.58500356910938)"
95TH AND STONEY ISLAND,2514,1600 E 95TH STREET,01/19/2017,7,1188537.746187743,1842339.840767953,41.722449457,-87.585003569,"(41.72244945701069, -87.58500356910938)"
GRAND AND OAK PARK,1524,6800 W GRAND AVENUE,10/30/2014,15,1130668.89526974,1915248.469290467,41.923708193,-87.795300781,"(41.92370819286044, -87.79530078123082)"
PULASKI AND FULLERTON,1484,4000 W FULLERTON AVE,10/02/2014,4,1149303.081963737,1915695.275222648,41.924593022,-87.726819268,"(41.92459302175305, -87.7268192684032)"
PULASKI AND 79TH,2494,4000 W 79TH STREET,08/14/2016,5,1151074.116357501,1851966.830243835,41.749679359,-87.721978345,"(41.74967935883473, -87.72197834524168)"
KEDZIE AND 47TH,2101,4700 S KEDZIE AVE,11/11/2016,9,1155791.949302478,1873270.778481327,41.808047272,-87.704118822,"(41.80804727165029, -87.70411882229871)"
GRAND AND OAK PARK,1524,6800 W GRAND AVENUE,12/26/2014,8,1130668.89526974,1915248.469290467,41.923708193,-87.795300781,"(41.92370819286044, -87.79530078123082)"
79TH AND KEDZIE,2442,7900 S KEDZIE AVE,03/19/2016,1,1156378.39667768,1852021.375281577,41.749723972,-87.702539572,"(41.749723971726056, -87.70253957167394)"
PULASKI AND 63RD,2343,4000 W 63RD ST,03/03/2015,1,1150768.346768175,1862564.615405259,41.77876739,-87.722823195,"(41.778767390084305, -87.72282319530368)"
HALSTED AND DIVISION,1711,1200 N HALSTED,01/06/2016,19,1170746.639428735,1908242.256010774,41.903698308,-87.648245351,"(41.90369830765008, -87.64824535062563)"
AUSTIN AND ADDISON,1493,6000 W ADDISON STREET,09/27/2016,2,1135698.173154422,1923360.229527805,41.945879676,-87.776627421,"(41.94587967559099, -87.77662742093737)"
GRAND AND OAK PARK,1523,6800 W GRAND AVENUE,09/02/2015,6,1130668.89526974,1915248.469290467,41.923708193,-87.795300781,"(41.92370819286044, -87.79530078123082)"
WESTERN AND 63RD,2371,6300 S WESTERN AVE,05/22/2015,2,1161415.712688877,1862772.38856596,41.779123484,-87.683783099,"(41.77912348383963, -87.68378309863576)"
PETERSON AND WESTERN,1011,6000 N WESTERN AVE,03/28/2015,3,1159190.625032041,1939816.75471116,41.990586042,-87.689822473,"(41.99058604241958, -87.68982247294417)"
PULASKI AND 79TH,2494,4000 W 79TH STREET,07/26/2014,7,1151074.116357501,1851966.830243835,41.749679359,-87.721978345,"(41.74967935883473, -87.72197834524168)"
CICERO AND DIVERSEY,1691,2800 N CICERO AVENUE,07/13/2016,6,1143863.647574835,1918202.018463414,41.931575608,-87.746743301,"(41.93157560844622, -87.74674330113561)"
87TH AND VINCENNES,2413,848 W 87TH STREET,03/02/2015,13,1172002.531006759,1847197.326168367,41.736157546,-87.6454274,"(41.73615754630335, -87.64542740049411)"
95TH AND STONEY ISLAND,2514,1600 E 95TH STREET,02/25/2015,4,1188537.746187743,1842339.840767953,41.722449457,-87.585003569,"(41.72244945701069, -87.58500356910938)"
PULASKI AND 63RD,2343,4000 W 63RD ST,05/10/2015,1,1150768.346768175,1862564.615405259,41.77876739,-87.722823195,"(41.778767390084305, -87.72282319530368)"
WESTERN AND MARQUETTE,2674,2400 W MARQUETTE ROAD,07/26/2016,2,1161509.889315231,1860208.627404126,41.772086214,-87.683508858,"(41.772086214104526, -87.68350885781568)"
PETERSON AND WESTERN,1011,6000 N WESTERN AVE,06/14/2016,3,1159190.625032041,1939816.75471116,41.990586042,-87.689822473,"(41.99058604241958, -87.68982247294417)"
PULASKI AND CHICAGO,1982,800 N PULASKI ROAD,04/01/2017,4,1149538.444844035,1905079.034990625,41.895456457,-87.726230541,"(41.895456456825386, -87.72623054051289)"
95TH AND STONEY ISLAND,2513,1600 E 95TH STREET,09/28/2014,11,1188537.746187743,1842339.840767953,41.722449457,-87.585003569,"(41.72244945701069, -87.58500356910938)"
PULASKI AND FULLERTON,1481,2400 N PULASKI RD,09/14/2014,1,1149275.963864089,1915687.631931757,41.924572574,-87.726919111,"(41.92457257416937, -87.72691911144182)"
KEDZIE AND 31ST,2134,3200 W 31ST STREET,03/17/2017,1,1155487.128005646,1883943.061106793,41.8373395,-87.704950558,"(41.83733950029648, -87.70495055800411)"
WESTERN AND MARQUETTE,2674,2400 W MARQUETTE ROAD,02/23/2016,4,1161509.889315231,1860208.627404126,41.772086214,-87.683508858,"(41.772086214104526, -87.68350885781568)"
PULASKI AND 79TH,2492,7900 S PULASKI ROAD,12/08/2015,2,1151054.87395657,1851842.663854121,41.749339,-87.722052091,"(41.74933900008238, -87.72205209091501)"
BLUE ISLAND AND DAMEN,2281,2416 S DAMEN AVENUE,10/13/2014,4,1163378.697434511,1887916.370760201,41.848080596,-87.675881338,"(41.84808059558783, -87.67588133802435)"
95TH AND STONEY ISLAND,2513,1600 E 95TH STREET,11/14/2014,15,1188537.746187743,1842339.840767953,41.722449457,-87.585003569,"(41.72244945701069, -87.58500356910938)"
AUSTIN AND IRVING PARK,1163,6000 W IRVING PARK ROAD,11/15/2014,1,1135622.402636023,1926014.192063646,41.953163772,-87.776842593,"(41.95316377185154, -87.77684259284736)"
PULASKI AND 79TH,2492,7900 S PULASKI ROAD,09/16/2014,2,1151054.87395657,1851842.663854121,41.749339,-87.722052091,"(41.74933900008238, -87.72205209091501)"
CALIFORNIA AND DIVERSEY,1511,2800 N CALIFORNIA AVE,06/08/2016,13,1157189.355049829,1918495.644754069,41.932120719,-87.6977653,"(41.93212071910647, -87.69776530036465)"
95TH AND STONEY ISLAND,2514,1600 E 95TH STREET,11/04/2016,3,1188537.746187743,1842339.840767953,41.722449457,-87.585003569,"(41.72244945701069, -87.58500356910938)"
AUSTIN AND IRVING PARK,1163,6000 W IRVING PARK ROAD,02/19/2015,1,1135622.402636023,1926014.192063646,41.953163772,-87.776842593,"(41.95316377185154, -87.77684259284736)"
MADISON AND WESTERN,1934,2400 W MADISON,01/01/2016,2,1160384.621277157,1899988.655722373,41.881270504,-87.68653594,"(41.88127050428818, -87.68653594017124)"
95TH AND STONEY ISLAND,2513,1600 E 95TH STREET,01/11/2016,2,1188537.746187743,1842339.840767953,41.722449457,-87.585003569,"(41.72244945701069, -87.58500356910938)"
SACRAMENTO AND CHICAGO,1812,800 N SACRAMENTO AVEN,08/16/2016,7,1156039.008141929,1905193.084100581,41.895640714,-87.702352328,"(41.89564071387542, -87.70235232767416)"
LAWRENCE AND CICERO,1042,4800 N CICERO AVENUE,08/26/2015,2,1143464.651785526,1931490.551883203,41.968048007,-87.747875985,"(41.968048007293845, -87.74787598468126)"
PULASKI AND FULLERTON,1481,2400 N PULASKI RD,10/25/2015,1,1149275.963864089,1915687.631931757,41.924572574,-87.726919111,"(41.92457257416937, -87.72691911144182)"
LAWRENCE AND CICERO,1042,4800 N CICERO AVENUE,08/04/2015,5,1143464.651785526,1931490.551883203,41.968048007,-87.747875985,"(41.968048007293845, -87.74787598468126)"
ASHLAND AND IRVING PARK,1153,1600 W IRVING PARK ROA,05/04/2017,3,,,,,
GRAND AND OAK PARK,1524,6800 W GRAND AVENUE,01/23/2017,5,1130668.89526974,1915248.469290467,41.923708193,-87.795300781,"(41.92370819286044, -87.79530078123082)"
KEDZIE AND 47TH,2101,4700 S KEDZIE AVE,03/12/2017,12,1155791.949302478,1873270.778481327,41.808047272,-87.704118822,"(41.80804727165029, -87.70411882229871)"
ARCHER AND CICERO,2084,5400 S ARCHER AVE,02/16/2016,4,1145209.426392053,1869810.657411975,41.798758208,-87.743020541,"(41.798758207843264, -87.74302054146467)"
PULASKI AND FULLERTON,1484,4000 W FULLERTON AVE,11/29/2015,3,1149303.081963737,1915695.275222648,41.924593022,-87.726819268,"(41.92459302175305, -87.7268192684032)"
AUSTIN AND ADDISON,1493,6000 W ADDISON STREET,02/21/2017,2,1135698.173154422,1923360.229527805,41.945879676,-87.776627421,"(41.94587967559099, -87.77662742093737)"
PULASKI AND 79TH,2494,4000 W 79TH STREET,10/03/2016,2,1151074.116357501,1851966.830243835,41.749679359,-87.721978345,"(41.74967935883473, -87.72197834524168)"
CALIFORNIA AND DIVERSEY,1511,2800 N CALIFORNIA AVE,12/11/2016,13,1157189.355049829,1918495.644754069,41.932120719,-87.6977653,"(41.93212071910647, -87.69776530036465)"
RIDGE AND CLARK,1051,5930 N CLARK STREET,04/05/2016,3,1164554.784723473,1939388.511516442,41.98929863,-87.670104121,"(41.98929863013193, -87.67010412112992)"
SACRAMENTO AND CHICAGO,1812,800 N SACRAMENTO AVEN,07/09/2015,9,1156039.008141929,1905193.084100581,41.895640714,-87.702352328,"(41.89564071387542, -87.70235232767416)"
LAWRENCE AND CICERO,1041,4800 N CICERO AVE,07/11/2016,8,1143464.651785526,1931490.551883203,41.968048007,-87.747875985,"(41.968048007293845, -87.74787598468126)"
BLUE ISLAND AND DAMEN,2281,2416 S DAMEN AVENUE,09/15/2014,5,1163378.697434511,1887916.370760201,41.848080596,-87.675881338,"(41.84808059558783, -87.67588133802435)"
PULASKI AND 79TH,2494,4000 W 79TH STREET,11/09/2014,1,1151074.116357501,1851966.830243835,41.749679359,-87.721978345,"(41.74967935883473, -87.72197834524168)"
PULASKI AND 79TH,2492,7900 S PULASKI ROAD,04/16/2017,1,1151054.87395657,1851842.663854121,41.749339,-87.722052091,"(41.74933900008238, -87.72205209091501)"
PULASKI AND FULLERTON,1481,2400 N PULASKI RD,10/26/2016,2,1149275.963864089,1915687.631931757,41.924572574,-87.726919111,"(41.92457257416937, -87.72691911144182)"
PETERSON AND WESTERN,1011,6000 N WESTERN AVE,09/01/2014,4,1159190.625032041,1939816.75471116,41.990586042,-87.689822473,"(41.99058604241958, -87.68982247294417)"
MADISON AND WESTERN,1934,2400 W MADISON,07/26/2016,2,1160384.621277157,1899988.655722373,41.881270504,-87.68653594,"(41.88127050428818, -87.68653594017124)"
AUSTIN AND IRVING PARK,1163,6000 W IRVING PARK ROAD,10/31/2015,1,1135622.402636023,1926014.192063646,41.953163772,-87.776842593,"(41.95316377185154, -87.77684259284736)"
95TH AND STONEY ISLAND,2513,1600 E 95TH STREET,08/09/2016,10,1188537.746187743,1842339.840767953,41.722449457,-87.585003569,"(41.72244945701069, -87.58500356910938)"
KIMBALL AND LINCOLN,2741,6200 N KIMBALL AVENUE,08/23/2014,1,1152543.355058345,1940954.1008022,41.993841437,-87.714242493,"(41.99384143707685, -87.71424249302686)"
PETERSON AND WESTERN,1011,6000 N WESTERN AVE,08/12/2014,4,1159190.625032041,1939816.75471116,41.990586042,-87.689822473,"(41.99058604241958, -87.68982247294417)"
LAWRENCE AND WESTERN,1192,4800 N WESTERN AVENUE,08/14/2016,2,1159459.622430471,1931821.342623414,41.968640727,-87.689054241,"(41.96864072747715, -87.6890542408374)"
PULASKI AND BELMONT,1383,4000 W BELMONT AVE,08/07/2016,3,1149131.866894851,1921018.50498026,41.93920375,-87.727310134,"(41.93920374986553, -87.72731013414392)"
SACRAMENTO AND CHICAGO,1812,800 N SACRAMENTO AVEN,05/24/2016,8,1156039.008141929,1905193.084100581,41.895640714,-87.702352328,"(41.89564071387542, -87.70235232767416)"
COTTAGE GROVE AND 95TH,2602,9500 S COTTAGE GROVE,12/12/2014,10,1183531.307692447,1842122.302108743,41.721970465,-87.60334804,"(41.72197046522736, -87.60334804007711)"
CICERO AND DIVERSEY,1691,2800 N CICERO AVENUE,03/12/2016,6,1143863.647574835,1918202.018463414,41.931575608,-87.746743301,"(41.93157560844622, -87.74674330113561)"
ADDISON AND HARLEM,1593,7200 W ADDISON,01/19/2017,1,1127417.488447099,1923123.407710965,41.945373358,-87.807070326,"(41.94537335809189, -87.80707032561135)"
95TH AND STONEY ISLAND,2514,1600 E 95TH STREET,03/26/2016,14,1188537.746187743,1842339.840767953,41.722449457,-87.585003569,"(41.72244945701069, -87.58500356910938)"
95TH AND STONEY ISLAND,2514,1600 E 95TH STREET,10/22/2015,8,1188537.746187743,1842339.840767953,41.722449457,-87.585003569,"(41.72244945701069, -87.58500356910938)"
PETERSON AND WESTERN,1011,6000 N WESTERN AVE,07/12/2015,7,1159190.625032041,1939816.75471116,41.990586042,-87.689822473,"(41.99058604241958, -87.68982247294417)"
PETERSON AND WESTERN,1011,6000 N WESTERN AVE,09/01/2015,1,1159190.625032041,1939816.75471116,41.990586042,-87.689822473,"(41.99058604241958, -87.68982247294417)"
PULASKI AND 63RD,2343,4000 W 63RD ST,12/08/2016,1,1150768.346768175,1862564.615405259,41.77876739,-87.722823195,"(41.778767390084305, -87.72282319530368)"
WESTERN AND MARQUETTE,2674,2400 W MARQUETTE ROAD,05/04/2017,2,1161509.889315231,1860208.627404126,41.772086214,-87.683508858,"(41.772086214104526, -87.68350885781568)"
SACRAMENTO AND CHICAGO,1812,800 N SACRAMENTO AVEN,05/24/2015,10,1156039.008141929,1905193.084100581,41.895640714,-87.702352328,"(41.89564071387542, -87.70235232767416)"
ARCHER/NARRAGANSETT AND 55TH,2073,6400 W ARCHER AVE,12/02/2014,13,1134629.248133949,1867443.543796524,41.792455256,-87.78187685,"(41.79245525550523, -87.78187684987694)"
LAWRENCE AND WESTERN,1192,4800 N WESTERN AVENUE,10/28/2014,2,1159459.622430471,1931821.342623414,41.968640727,-87.689054241,"(41.96864072747715, -87.6890542408374)"
LAWRENCE AND CICERO,1041,4800 N CICERO AVE,02/25/2016,4,1143464.651785526,1931490.551883203,41.968048007,-87.747875985,"(41.968048007293845, -87.74787598468126)"
LAWRENCE AND CICERO,1042,4800 N CICERO AVENUE,01/05/2015,2,1143464.651785526,1931490.551883203,41.968048007,-87.747875985,"(41.968048007293845, -87.74787598468126)"
ARCHER AND CICERO,2084,5400 S ARCHER AVE,05/10/2015,5,1145209.426392053,1869810.657411975,41.798758208,-87.743020541,"(41.798758207843264, -87.74302054146467)"
LAWRENCE AND WESTERN,1192,4800 N WESTERN AVENUE,06/06/2016,4,1159459.622430471,1931821.342623414,41.968640727,-87.689054241,"(41.96864072747715, -87.6890542408374)"
87TH AND VINCENNES,2413,848 W 87TH STREET,04/24/2017,9,1172002.531006759,1847197.326168367,41.736157546,-87.6454274,"(41.73615754630335, -87.64542740049411)"
PULASKI AND CHICAGO,1982,800 N PULASKI ROAD,01/28/2017,1,1149538.444844035,1905079.034990625,41.895456457,-87.726230541,"(41.895456456825386, -87.72623054051289)"
PETERSON AND WESTERN,1011,6000 N WESTERN AVE,08/06/2016,3,1159190.625032041,1939816.75471116,41.990586042,-87.689822473,"(41.99058604241958, -87.68982247294417)"
GRAND AND OAK PARK,1523,6800 W GRAND AVENUE,10/18/2016,8,1130668.89526974,1915248.469290467,41.923708193,-87.795300781,"(41.92370819286044, -87.79530078123082)"
RIDGE AND CLARK,1052,5930 N CLARK STREET,10/30/2016,3,1164554.784723473,1939388.511516442,41.98929863,-87.670104121,"(41.98929863013193, -87.67010412112992)"
BLUE ISLAND AND DAMEN,2281,2416 S DAMEN AVENUE,11/04/2014,2,1163378.697434511,1887916.370760201,41.848080596,-87.675881338,"(41.84808059558783, -87.67588133802435)"
PULASKI AND 79TH,2494,4000 W 79TH STREET,10/07/2016,5,1151074.116357501,1851966.830243835,41.749679359,-87.721978345,"(41.74967935883473, -87.72197834524168)"
CALIFORNIA AND DIVERSEY,1511,2800 N CALIFORNIA AVE,01/22/2015,4,1157189.355049829,1918495.644754069,41.932120719,-87.6977653,"(41.93212071910647, -87.69776530036465)"
PULASKI AND CHICAGO,1982,800 N PULASKI ROAD,09/03/2016,7,1149538.444844035,1905079.034990625,41.895456457,-87.726230541,"(41.895456456825386, -87.72623054051289)"
PETERSON AND WESTERN,1011,6000 N WESTERN AVE,08/16/2015,7,1159190.625032041,1939816.75471116,41.990586042,-87.689822473,"(41.99058604241958, -87.68982247294417)"
RIDGE AND CLARK,1052,5930 N CLARK STREET,05/22/2015,2,1164554.784723473,1939388.511516442,41.98929863,-87.670104121,"(41.98929863013193, -87.67010412112992)"
MADISON AND WESTERN,1934,2400 W MADISON,01/11/2017,1,1160384.621277157,1899988.655722373,41.881270504,-87.68653594,"(41.88127050428818, -87.68653594017124)"
ARCHER/NARRAGANSETT AND 55TH,2074,6400 W ARCHER AVE,10/19/2014,4,1134629.248133949,1867443.543796524,41.792455256,-87.78187685,"(41.79245525550523, -87.78187684987694)"
PETERSON AND WESTERN,1011,6000 N WESTERN AVE,10/12/2015,1,1159190.625032041,1939816.75471116,41.990586042,-87.689822473,"(41.99058604241958, -87.68982247294417)"
PULASKI AND 79TH,2494,4000 W 79TH STREET,12/27/2014,5,1151074.116357501,1851966.830243835,41.749679359,-87.721978345,"(41.74967935883473, -87.72197834524168)"
GRAND AND OAK PARK,1523,6800 W GRAND AVENUE,04/12/2016,4,1130668.89526974,1915248.469290467,41.923708193,-87.795300781,"(41.92370819286044, -87.79530078123082)"
GRAND AND OAK PARK,1524,6800 W GRAND AVENUE,11/09/2014,10,1130668.89526974,1915248.469290467,41.923708193,-87.795300781,"(41.92370819286044, -87.79530078123082)"
PULASKI AND 79TH,2492,7900 S PULASKI ROAD,11/06/2015,3,1151054.87395657,1851842.663854121,41.749339,-87.722052091,"(41.74933900008238, -87.72205209091501)"
LAWRENCE AND CICERO,1041,4800 N CICERO AVE,02/06/2017,4,1143464.651785526,1931490.551883203,41.968048007,-87.747875985,"(41.968048007293845, -87.74787598468126)"
CICERO AND DIVERSEY,1691,2800 N CICERO AVENUE,07/04/2016,3,1143863.647574835,1918202.018463414,41.931575608,-87.746743301,"(41.93157560844622, -87.74674330113561)"
95TH AND STONEY ISLAND,2513,1600 E 95TH STREET,12/18/2016,1,1188537.746187743,1842339.840767953,41.722449457,-87.585003569,"(41.72244945701069, -87.58500356910938)"
LAWRENCE AND CICERO,1041,4800 N CICERO AVE,10/28/2015,2,1143464.651785526,1931490.551883203,41.968048007,-87.747875985,"(41.968048007293845, -87.74787598468126)"
PULASKI AND CHICAGO,1982,800 N PULASKI ROAD,02/23/2015,2,1149538.444844035,1905079.034990625,41.895456457,-87.726230541,"(41.895456456825386, -87.72623054051289)"
PULASKI AND 63RD,2343,4000 W 63RD ST,02/02/2016,1,1150768.346768175,1862564.615405259,41.77876739,-87.722823195,"(41.778767390084305, -87.72282319530368)"
PULASKI AND 79TH,2494,4000 W 79TH STREET,09/17/2014,1,1151074.116357501,1851966.830243835,41.749679359,-87.721978345,"(41.74967935883473, -87.72197834524168)"
PULASKI AND 79TH,2494,4000 W 79TH STREET,05/26/2016,8,1151074.116357501,1851966.830243835,41.749679359,-87.721978345,"(41.74967935883473, -87.72197834524168)"
PULASKI AND 79TH,2492,7900 S PULASKI ROAD,12/25/2015,1,1151054.87395657,1851842.663854121,41.749339,-87.722052091,"(41.74933900008238, -87.72205209091501)"
RIDGE AND CLARK,1052,5930 N CLARK STREET,10/01/2016,11,1164554.784723473,1939388.511516442,41.98929863,-87.670104121,"(41.98929863013193, -87.67010412112992)"
RIDGE AND CLARK,1051,5930 N CLARK STREET,12/07/2014,10,1164554.784723473,1939388.511516442,41.98929863,-87.670104121,"(41.98929863013193, -87.67010412112992)"
RIDGE AND CLARK,1051,5930 N CLARK STREET,12/14/2014,6,1164554.784723473,1939388.511516442,41.98929863,-87.670104121,"(41.98929863013193, -87.67010412112992)"
PETERSON AND WESTERN,1011,6000 N WESTERN AVE,12/31/2016,5,1159190.625032041,1939816.75471116,41.990586042,-87.689822473,"(41.99058604241958, -87.68982247294417)"
PULASKI AND CHICAGO,1982,800 N PULASKI ROAD,06/29/2016,1,1149538.444844035,1905079.034990625,41.895456457,-87.726230541,"(41.895456456825386, -87.72623054051289)"
AUSTIN AND IRVING PARK,1163,6000 W IRVING PARK ROAD,08/27/2015,5,1135622.402636023,1926014.192063646,41.953163772,-87.776842593,"(41.95316377185154, -87.77684259284736)"
CALIFORNIA AND DIVERSEY,1511,2800 N CALIFORNIA AVE,05/22/2015,7,1157189.355049829,1918495.644754069,41.932120719,-87.6977653,"(41.93212071910647, -87.69776530036465)"
95TH AND STONEY ISLAND,2513,1600 E 95TH STREET,05/21/2017,2,1188537.746187743,1842339.840767953,41.722449457,-87.585003569,"(41.72244945701069, -87.58500356910938)"
31ST AND CALIFORNIA,2061,3100 S CALIFORNIA,09/16/2014,3,1158151.943135347,1883939.950079683,41.83727705,-87.695172247,"(41.837277050366296, -87.69517224651918)"
LAWRENCE AND CICERO,1042,4800 N CICERO AVENUE,05/22/2017,9,1143464.651785526,1931490.551883203,41.968048007,-87.747875985,"(41.968048007293845, -87.74787598468126)"
CALIFORNIA AND DIVERSEY,1511,2800 N CALIFORNIA AVE,04/11/2016,4,1157189.355049829,1918495.644754069,41.932120719,-87.6977653,"(41.93212071910647, -87.69776530036465)"
87TH AND VINCENNES,2413,848 W 87TH STREET,01/02/2016,6,1172002.531006759,1847197.326168367,41.736157546,-87.6454274,"(41.73615754630335, -87.64542740049411)"
ARCHER AND CICERO,2084,5400 S ARCHER AVE,01/01/2015,4,1145209.426392053,1869810.657411975,41.798758208,-87.743020541,"(41.798758207843264, -87.74302054146467)"
95TH AND STONEY ISLAND,2514,1600 E 95TH STREET,04/20/2015,5,1188537.746187743,1842339.840767953,41.722449457,-87.585003569,"(41.72244945701069, -87.58500356910938)"
PULASKI AND FULLERTON,1481,2400 N PULASKI RD,09/04/2016,2,1149275.963864089,1915687.631931757,41.924572574,-87.726919111,"(41.92457257416937, -87.72691911144182)"
AUSTIN AND ADDISON,1493,6000 W ADDISON STREET,10/27/2016,3,1135698.173154422,1923360.229527805,41.945879676,-87.776627421,"(41.94587967559099, -87.77662742093737)"
KEDZIE AND 47TH,2101,4700 S KEDZIE AVE,05/31/2016,7,1155791.949302478,1873270.778481327,41.808047272,-87.704118822,"(41.80804727165029, -87.70411882229871)"
95TH AND STONEY ISLAND,2514,1600 E 95TH STREET,01/24/2015,7,1188537.746187743,1842339.840767953,41.722449457,-87.585003569,"(41.72244945701069, -87.58500356910938)"
PULASKI AND 79TH,2492,7900 S PULASKI ROAD,01/25/2016,3,1151054.87395657,1851842.663854121,41.749339,-87.722052091,"(41.74933900008238, -87.72205209091501)"
ARCHER AND CICERO,2084,5400 S ARCHER AVE,05/07/2017,11,1145209.426392053,1869810.657411975,41.798758208,-87.743020541,"(41.798758207843264, -87.74302054146467)"
RIDGE AND CLARK,1052,5930 N CLARK STREET,05/23/2015,4,1164554.784723473,1939388.511516442,41.98929863,-87.670104121,"(41.98929863013193, -87.67010412112992)"
PULASKI AND 79TH,2492,7900 S PULASKI ROAD,02/04/2015,5,1151054.87395657,1851842.663854121,41.749339,-87.722052091,"(41.74933900008238, -87.72205209091501)"
SACRAMENTO AND CHICAGO,1812,800 N SACRAMENTO AVEN,04/18/2016,5,1156039.008141929,1905193.084100581,41.895640714,-87.702352328,"(41.89564071387542, -87.70235232767416)"
KEDZIE AND 47TH,2101,4700 S KEDZIE AVE,04/12/2017,6,1155791.949302478,1873270.778481327,41.808047272,-87.704118822,"(41.80804727165029, -87.70411882229871)"
KEDZIE AND 47TH,2101,4700 S KEDZIE AVE,09/21/2016,3,1155791.949302478,1873270.778481327,41.808047272,-87.704118822,"(41.80804727165029, -87.70411882229871)"
PULASKI AND CHICAGO,1982,800 N PULASKI ROAD,08/23/2015,4,1149538.444844035,1905079.034990625,41.895456457,-87.726230541,"(41.895456456825386, -87.72623054051289)"
PULASKI AND 79TH,2494,4000 W 79TH STREET,04/16/2016,2,1151074.116357501,1851966.830243835,41.749679359,-87.721978345,"(41.74967935883473, -87.72197834524168)"
WESTERN AND 63RD,2371,6300 S WESTERN AVE,08/28/2016,1,1161415.712688877,1862772.38856596,41.779123484,-87.683783099,"(41.77912348383963, -87.68378309863576)"
87TH AND VINCENNES,2413,848 W 87TH STREET,08/03/2015,7,1172002.531006759,1847197.326168367,41.736157546,-87.6454274,"(41.73615754630335, -87.64542740049411)"
ADDISON AND HARLEM,1593,7200 W ADDISON,09/21/2016,1,1127417.488447099,1923123.407710965,41.945373358,-87.807070326,"(41.94537335809189, -87.80707032561135)"
PETERSON AND WESTERN,1011,6000 N WESTERN AVE,07/06/2015,5,1159190.625032041,1939816.75471116,41.990586042,-87.689822473,"(41.99058604241958, -87.68982247294417)"
LAWRENCE AND CICERO,1042,4800 N CICERO AVENUE,12/04/2016,7,1143464.651785526,1931490.551883203,41.968048007,-87.747875985,"(41.968048007293845, -87.74787598468126)"
HALSTED AND DIVISION,1711,1200 N HALSTED,08/12/2014,26,1170746.639428735,1908242.256010774,41.903698308,-87.648245351,"(41.90369830765008, -87.64824535062563)"
PULASKI AND BELMONT,1382,3200 N PULASKI RD,05/04/2017,2,1149125.621478734,1920994.556178086,41.939138154,-87.72733371,"(41.939138153500274, -87.7273337101426)"
PETERSON AND WESTERN,1011,6000 N WESTERN AVE,02/24/2017,1,1159190.625032041,1939816.75471116,41.990586042,-87.689822473,"(41.99058604241958, -87.68982247294417)"
95TH AND STONEY ISLAND,2514,1600 E 95TH STREET,11/11/2015,4,1188537.746187743,1842339.840767953,41.722449457,-87.585003569,"(41.72244945701069, -87.58500356910938)"
PULASKI AND 79TH,2492,7900 S PULASKI ROAD,08/11/2014,7,1151054.87395657,1851842.663854121,41.749339,-87.722052091,"(41.74933900008238, -87.72205209091501)"
95TH AND STONEY ISLAND,2513,1600 E 95TH STREET,05/24/2016,10,1188537.746187743,1842339.840767953,41.722449457,-87.585003569,"(41.72244945701069, -87.58500356910938)"
ARCHER/NARRAGANSETT AND 55TH,2073,6400 W ARCHER AVE,02/23/2015,7,1134629.248133949,1867443.543796524,41.792455256,-87.78187685,"(41.79245525550523, -87.78187684987694)"
GRAND AND OAK PARK,1524,6800 W GRAND AVENUE,06/25/2016,16,1130668.89526974,1915248.469290467,41.923708193,-87.795300781,"(41.92370819286044, -87.79530078123082)"
PULASKI AND BELMONT,1383,4000 W BELMONT AVE,09/12/2016,3,1149131.866894851,1921018.50498026,41.93920375,-87.727310134,"(41.93920374986553, -87.72731013414392)"
ARCHER AND CICERO,2084,5400 S ARCHER AVE,03/16/2017,9,1145209.426392053,1869810.657411975,41.798758208,-87.743020541,"(41.798758207843264, -87.74302054146467)"
SACRAMENTO AND CHICAGO,1812,800 N SACRAMENTO AVEN,04/05/2016,8,1156039.008141929,1905193.084100581,41.895640714,-87.702352328,"(41.89564071387542, -87.70235232767416)"
AUSTIN AND ADDISON,1493,6000 W ADDISON STREET,07/29/2014,2,1135698.173154422,1923360.229527805,41.945879676,-87.776627421,"(41.94587967559099, -87.77662742093737)"
PULASKI AND BELMONT,1383,4000 W BELMONT AVE,10/31/2015,1,1149131.866894851,1921018.50498026,41.93920375,-87.727310134,"(41.93920374986553, -87.72731013414392)"
CALIFORNIA AND DIVERSEY,1511,2800 N CALIFORNIA AVE,05/10/2017,1,1157189.355049829,1918495.644754069,41.932120719,-87.6977653,"(41.93212071910647, -87.69776530036465)"
WESTERN AND 63RD,2371,6300 S WESTERN AVE,08/18/2015,1,1161415.712688877,1862772.38856596,41.779123484,-87.683783099,"(41.77912348383963, -87.68378309863576)"
LAWRENCE AND WESTERN,1192,4800 N WESTERN AVENUE,12/16/2016,5,1159459.622430471,1931821.342623414,41.968640727,-87.689054241,"(41.96864072747715, -87.6890542408374)"
RIDGE AND CLARK,1052,5930 N CLARK STREET,12/16/2016,1,1164554.784723473,1939388.511516442,41.98929863,-87.670104121,"(41.98929863013193, -87.67010412112992)"
AUSTIN AND ADDISON,1493,6000 W ADDISON STREET,09/12/2016,5,1135698.173154422,1923360.229527805,41.945879676,-87.776627421,"(41.94587967559099, -87.77662742093737)"
RIDGE AND CLARK,1052,5930 N CLARK STREET,01/03/2017,2,1164554.784723473,1939388.511516442,41.98929863,-87.670104121,"(41.98929863013193, -87.67010412112992)"
95TH AND STONEY ISLAND,2514,1600 E 95TH STREET,01/05/2015,9,1188537.746187743,1842339.840767953,41.722449457,-87.585003569,"(41.72244945701069, -87.58500356910938)"
ARCHER/NARRAGANSETT AND 55TH,2074,6400 W ARCHER AVE,08/19/2014,10,1134629.248133949,1867443.543796524,41.792455256,-87.78187685,"(41.79245525550523, -87.78187684987694)"
ELSTON AND LAWRENCE,1284,4440 W LAWRENCE AVENUE,03/17/2017,10,1145715.061027481,1931571.0474838,41.968226398,-87.739599251,"(41.96822639754791, -87.73959925065756)"
PULASKI AND FULLERTON,1481,2400 N PULASKI RD,01/20/2017,3,1149275.963864089,1915687.631931757,41.924572574,-87.726919111,"(41.92457257416937, -87.72691911144182)"
KEDZIE AND 71ST,2354,3200 W 71ST STREET,05/29/2017,2,1156246.862901455,1857404.014959868,41.764497433,-87.702877023,"(41.76449743256955, -87.70287702335861)"
AUSTIN AND IRVING PARK,1163,6000 W IRVING PARK ROAD,07/19/2015,5,1135622.402636023,1926014.192063646,41.953163772,-87.776842593,"(41.95316377185154, -87.77684259284736)"
PULASKI AND 79TH,2494,4000 W 79TH STREET,07/03/2015,3,1151074.116357501,1851966.830243835,41.749679359,-87.721978345,"(41.74967935883473, -87.72197834524168)"
31ST AND CALIFORNIA,2061,3100 S CALIFORNIA,07/09/2014,2,1158151.943135347,1883939.950079683,41.83727705,-87.695172247,"(41.837277050366296, -87.69517224651918)"
95TH AND STONEY ISLAND,2514,1600 E 95TH STREET,09/17/2015,6,1188537.746187743,1842339.840767953,41.722449457,-87.585003569,"(41.72244945701069, -87.58500356910938)"
WESTERN AND 63RD,2371,6300 S WESTERN AVE,10/19/2015,4,1161415.712688877,1862772.38856596,41.779123484,-87.683783099,"(41.77912348383963, -87.68378309863576)"
LAWRENCE AND CICERO,1042,4800 N CICERO AVENUE,09/05/2015,3,1143464.651785526,1931490.551883203,41.968048007,-87.747875985,"(41.968048007293845, -87.74787598468126)"
ARCHER/NARRAGANSETT AND 55TH,2074,6400 W ARCHER AVE,12/10/2014,7,1134629.248133949,1867443.543796524,41.792455256,-87.78187685,"(41.79245525550523, -87.78187684987694)"
PULASKI AND BELMONT,1383,4000 W BELMONT AVE,09/05/2015,1,1149131.866894851,1921018.50498026,41.93920375,-87.727310134,"(41.93920374986553, -87.72731013414392)"
LAWRENCE AND CICERO,1042,4800 N CICERO AVENUE,03/09/2015,7,1143464.651785526,1931490.551883203,41.968048007,-87.747875985,"(41.968048007293845, -87.74787598468126)"
LAWRENCE AND CICERO,1041,4800 N CICERO AVE,10/26/2015,2,1143464.651785526,1931490.551883203,41.968048007,-87.747875985,"(41.968048007293845, -87.74787598468126)"
95TH AND STONEY ISLAND,2513,1600 E 95TH STREET,08/12/2016,5,1188537.746187743,1842339.840767953,41.722449457,-87.585003569,"(41.72244945701069, -87.58500356910938)"
HALSTED AND DIVISION,1711,1200 N HALSTED,05/21/2016,16,1170746.639428735,1908242.256010774,41.903698308,-87.648245351,"(41.90369830765008, -87.64824535062563)"
STONEY ISLAND AND 79TH,2464,1600 E 79TH ST,05/09/2017,2,1188284.704439907,1852964.829047574,41.751611523,-87.585592284,"(41.75161152327319, -87.58559228428787)"
ELSTON AND ADDISON,1402,3600 N ELSTON AVE,05/09/2017,2,1154106.95251778,1923731.036211081,41.946549165,-87.708952626,"(41.94654916480637, -87.70895262603513)"
CENTRAL AND FULLERTON,1442,2400 N CENTRAL AVENUE,05/09/2017,1,1138603.468418662,1915431.058212414,41.924068922,-87.766141214,"(41.92406892227644, -87.76614121413186)"
WESTERN AND 63RD,2373,2400 W 63RD ST,05/09/2017,2,1161444.415758584,1862848.534703658,41.779331844,-87.683675761,"(41.77933184429814, -87.68367576084798)"
PULASKI AND LAWRENCE,1173,4000 W LAWRENCE AVENUE,05/09/2017,1,1148844.220085601,1931638.45430438,41.968351285,-87.728091672,"(41.96835128527914, -87.72809167198088)"
CORTLAND AND ASHLAND,1721,1900 N ASHLAND AVE,05/09/2017,13,1165348.084854857,1912736.454335569,41.916147281,-87.667947354,"(41.91614728095272, -87.66794735350443)"
ASHLAND AND 87TH,2454,1600 W 87TH ST,05/09/2017,3,1167171.941297436,1847064.855345151,41.735898617,-87.663128781,"(41.735898617066006, -87.66312878090133)"
PULASKI AND NORTH,1992,1600 N PULASKI AVENUE,03/17/2017,3,1149432.959240306,1910369.112502195,41.90997501,-87.726480523,"(41.909975010236906, -87.72648052306623)"
DAMEN AND 63RD,2702,6300 S DAMEN AVENUE,05/09/2017,2,1164069.407943298,1862830.277442834,41.779226921,-87.674052731,"(41.77922692069256, -87.67405273137854)"
LASALLE AND KINZIE,1921,400 N LASALLE,03/17/2017,5,1175028.579766798,1903002.552291359,41.889225372,-87.632674115,"(41.88922537162015, -87.63267411498495)"
LAKE SHORE DR AND BELMONT,1413,400 W BELMONT AVE,03/16/2017,50,1172981.744869382,1921577.376128802,41.940241193,-87.639639114,"(41.94024119325571, -87.63963911427594)"
PULASKI AND IRVING PARK,1574,4000 W IRVING PARK RD,03/17/2017,5,1148988.727877253,1926320.954938409,41.953756874,-87.727698513,"(41.95375687447515, -87.72769851312907)"
STONEY ISLAND AND 76TH,2632,7600 S STONY ISLAND A,05/09/2017,18,1188092.796191935,1854889.354158304,41.756897173,-87.586234285,"(41.75689717260223, -87.58623428506996)"
STONEY ISLAND AND 76TH,2632,7600 S STONY ISLAND A,03/16/2017,11,1188092.796191935,1854889.354158304,41.756897173,-87.586234285,"(41.75689717260223, -87.58623428506996)"
HALSTED AND DIVISION,1714,800 W DIVISION,03/17/2017,10,1170767.827960358,1908259.644151662,41.903745557,-87.648167011,"(41.90374555734733, -87.64816701062779)"
CICERO AND HARRISON,2022,600 S CICERO AVENUE,03/17/2017,5,1144444.97442848,1896894.622216872,41.873094833,-87.745143869,"(41.873094832519136, -87.74514386884542)"
71ST AND ASHLAND,2394,1600 W 71ST,03/17/2017,5,1166890.012333149,1857674.2502247,41.765018306,-87.66385923,"(41.76501830555763, -87.66385923012646)"
LARAMIE AND MADISON,2043,5200 W MADISON STREET,03/17/2017,6,1141706.965522802,1899567.55684314,41.880480752,-87.755130433,"(41.88048075170171, -87.75513043296509)"
71ST AND ASHLAND,2391,7100 S ASHLAND,05/09/2017,5,1166868.379865725,1857616.168087255,41.764859382,-87.663940176,"(41.764859382425385, -87.66394017630476)"
CICERO AND ADDISON,1612,3600 N CICERO AVENUE,05/09/2017,6,1143698.904601495,1923517.005821035,41.946163524,-87.747215169,"(41.94616352362556, -87.74721516897007)"
CANAL AND ROOSEVELT,2294,500 W ROOSEVELT ROAD,03/17/2017,10,1173290.72186561,1895021.166235495,41.867362693,-87.639293195,"(41.867362692616666, -87.63929319464197)"
BELMONT AND KEDZIE,1371,3200 N KEDZIE AVENUE,05/09/2017,2,1154426.977874407,1921110.466549542,41.93935173,-87.707846594,"(41.93935173030961, -87.70784659359776)"
ELSTON AND ADDISON,1402,3600 N ELSTON AVE,03/17/2017,2,1154106.95251778,1923731.036211081,41.946549165,-87.708952626,"(41.94654916480637, -87.70895262603513)"
75TH AND STATE,2621,7500 S STATE STREET,05/09/2017,17,1177538.763040612,1855235.551345519,41.758092176,-87.624902228,"(41.75809217638291, -87.6249022282473)"
IRVING PARK AND KEDZIE,1353,3200 W IRVING PARK ROAD,05/09/2017,2,1154325.140302006,1926458.463197156,41.954029047,-87.708077494,"(41.95402904691877, -87.70807749383191)"
HARLEM AND BELMONT,1391,3200 N HARLEM AVE,03/17/2017,3,1127481.020995451,1920467.613239239,41.938084468,-87.806896749,"(41.93808446822169, -87.80689674887883)"
LAKE SHORE DR AND BELMONT,1412,3200 N LAKESHORE DRIV,03/17/2017,12,1173053.220555078,1921821.380831705,41.940909163,-87.63936916,"(41.94090916326764, -87.63936915995522)"
LAWRENCE AND CICERO,1042,4800 N CICERO AVENUE,11/23/2016,7,1143464.651785526,1931490.551883203,41.968048007,-87.747875985,"(41.968048007293845, -87.74787598468126)"
CICERO AND DIVERSEY,1691,2800 N CICERO AVENUE,12/04/2016,2,1143863.647574835,1918202.018463414,41.931575608,-87.746743301,"(41.93157560844622, -87.74674330113561)"
LAWRENCE AND CICERO,1041,4800 N CICERO AVE,11/09/2015,2,1143464.651785526,1931490.551883203,41.968048007,-87.747875985,"(41.968048007293845, -87.74787598468126)"
WESTERN AND MARQUETTE,2674,2400 W MARQUETTE ROAD,10/28/2014,3,1161509.889315231,1860208.627404126,41.772086214,-87.683508858,"(41.772086214104526, -87.68350885781568)"
GRAND AND OAK PARK,1524,6800 W GRAND AVENUE,02/21/2016,10,1130668.89526974,1915248.469290467,41.923708193,-87.795300781,"(41.92370819286044, -87.79530078123082)"
KEDZIE AND 47TH,2101,4700 S KEDZIE AVE,06/20/2015,3,1155791.949302478,1873270.778481327,41.808047272,-87.704118822,"(41.80804727165029, -87.70411882229871)"
HALSTED AND DIVISION,1711,1200 N HALSTED,02/17/2016,13,1170746.639428735,1908242.256010774,41.903698308,-87.648245351,"(41.90369830765008, -87.64824535062563)"
ARCHER AND CICERO,2084,5400 S ARCHER AVE,07/29/2015,8,1145209.426392053,1869810.657411975,41.798758208,-87.743020541,"(41.798758207843264, -87.74302054146467)"
MADISON AND CENTRAL,1754,5600 W MADISON STREET,11/24/2014,2,1139033.690528149,1899503.712147867,41.880354556,-87.764948136,"(41.88035455632559, -87.76494813634785)"
RIDGE AND CLARK,1051,5930 N CLARK STREET,07/15/2015,7,1164554.784723473,1939388.511516442,41.98929863,-87.670104121,"(41.98929863013193, -87.67010412112992)"
WESTERN AND 63RD,2371,6300 S WESTERN AVE,10/06/2015,8,1161415.712688877,1862772.38856596,41.779123484,-87.683783099,"(41.77912348383963, -87.68378309863576)"
PULASKI AND FULLERTON,1484,4000 W FULLERTON AVE,10/07/2014,2,1149303.081963737,1915695.275222648,41.924593022,-87.726819268,"(41.92459302175305, -87.7268192684032)"
ASHLAND AND DIVISION,1793,1600 W DIVISION STREET,07/24/2014,2,1165489.684200442,1908112.312963909,41.903455316,-87.667558994,"(41.903455316483814, -87.66755899396976)"
PULASKI AND FULLERTON,1481,2400 N PULASKI RD,12/28/2016,3,1149275.963864089,1915687.631931757,41.924572574,-87.726919111,"(41.92457257416937, -87.72691911144182)"
PULASKI AND BELMONT,1383,4000 W BELMONT AVE,08/26/2015,2,1149131.866894851,1921018.50498026,41.93920375,-87.727310134,"(41.93920374986553, -87.72731013414392)"
ARCHER AND CICERO,2084,5400 S ARCHER AVE,11/21/2015,1,1145209.426392053,1869810.657411975,41.798758208,-87.743020541,"(41.798758207843264, -87.74302054146467)"
PULASKI AND BELMONT,1383,4000 W BELMONT AVE,04/27/2016,2,1149131.866894851,1921018.50498026,41.93920375,-87.727310134,"(41.93920374986553, -87.72731013414392)"
ARCHER AND CICERO,2084,5400 S ARCHER AVE,12/05/2014,8,1145209.426392053,1869810.657411975,41.798758208,-87.743020541,"(41.798758207843264, -87.74302054146467)"
WESTERN AND MARQUETTE,2674,2400 W MARQUETTE ROAD,10/25/2015,2,1161509.889315231,1860208.627404126,41.772086214,-87.683508858,"(41.772086214104526, -87.68350885781568)"
PULASKI AND 79TH,2494,4000 W 79TH STREET,09/23/2015,4,1151074.116357501,1851966.830243835,41.749679359,-87.721978345,"(41.74967935883473, -87.72197834524168)"
PULASKI AND FULLERTON,1484,4000 W FULLERTON AVE,07/02/2014,5,1149303.081963737,1915695.275222648,41.924593022,-87.726819268,"(41.92459302175305, -87.7268192684032)"
ARCHER AND CICERO,2084,5400 S ARCHER AVE,05/02/2015,5,1145209.426392053,1869810.657411975,41.798758208,-87.743020541,"(41.798758207843264, -87.74302054146467)"
PULASKI AND BELMONT,1383,4000 W BELMONT AVE,08/14/2014,3,1149131.866894851,1921018.50498026,41.93920375,-87.727310134,"(41.93920374986553, -87.72731013414392)"
GRAND AND OAK PARK,1524,6800 W GRAND AVENUE,10/02/2016,8,1130668.89526974,1915248.469290467,41.923708193,-87.795300781,"(41.92370819286044, -87.79530078123082)"
LAWRENCE AND CICERO,1042,4800 N CICERO AVENUE,02/23/2015,2,1143464.651785526,1931490.551883203,41.968048007,-87.747875985,"(41.968048007293845, -87.74787598468126)"
LAWRENCE AND CICERO,1042,4800 N CICERO AVENUE,06/28/2015,2,1143464.651785526,1931490.551883203,41.968048007,-87.747875985,"(41.968048007293845, -87.74787598468126)"
PETERSON AND WESTERN,1011,6000 N WESTERN AVE,05/09/2015,4,1159190.625032041,1939816.75471116,41.990586042,-87.689822473,"(41.99058604241958, -87.68982247294417)"
ASHLAND AND DIVISION,1793,1600 W DIVISION STREET,05/12/2015,2,1165489.684200442,1908112.312963909,41.903455316,-87.667558994,"(41.903455316483814, -87.66755899396976)"
GRAND AND OAK PARK,1524,6800 W GRAND AVENUE,07/27/2015,3,1130668.89526974,1915248.469290467,41.923708193,-87.795300781,"(41.92370819286044, -87.79530078123082)"
GRAND AND OAK PARK,1524,6800 W GRAND AVENUE,10/18/2015,11,1130668.89526974,1915248.469290467,41.923708193,-87.795300781,"(41.92370819286044, -87.79530078123082)"
AUSTIN AND IRVING PARK,1163,6000 W IRVING PARK ROAD,09/01/2015,1,1135622.402636023,1926014.192063646,41.953163772,-87.776842593,"(41.95316377185154, -87.77684259284736)"
PULASKI AND 79TH,2492,7900 S PULASKI ROAD,10/26/2014,1,1151054.87395657,1851842.663854121,41.749339,-87.722052091,"(41.74933900008238, -87.72205209091501)"
ARCHER AND CICERO,2084,5400 S ARCHER AVE,04/06/2016,5,1145209.426392053,1869810.657411975,41.798758208,-87.743020541,"(41.798758207843264, -87.74302054146467)"
PULASKI AND CHICAGO,1982,800 N PULASKI ROAD,01/14/2016,4,1149538.444844035,1905079.034990625,41.895456457,-87.726230541,"(41.895456456825386, -87.72623054051289)"
PULASKI AND DIVERSEY,1543,4000 W DIVERSEY AVENUE,03/17/2017,2,1149206.496130705,1918356.569267582,41.931897723,-87.72710503,"(41.9318977231462, -87.72710503045386)"
95TH AND STONEY ISLAND,2513,1600 E 95TH STREET,10/24/2016,3,1188537.746187743,1842339.840767953,41.722449457,-87.585003569,"(41.72244945701069, -87.58500356910938)"
CALIFORNIA AND DIVERSEY,1511,2800 N CALIFORNIA AVE,04/09/2015,2,1157189.355049829,1918495.644754069,41.932120719,-87.6977653,"(41.93212071910647, -87.69776530036465)"
AUSTIN AND ADDISON,1493,6000 W ADDISON STREET,03/28/2016,1,1135698.173154422,1923360.229527805,41.945879676,-87.776627421,"(41.94587967559099, -87.77662742093737)"
KEDZIE AND 47TH,2101,4700 S KEDZIE AVE,04/12/2016,1,1155791.949302478,1873270.778481327,41.808047272,-87.704118822,"(41.80804727165029, -87.70411882229871)"
MADISON AND WESTERN,1934,2400 W MADISON,09/30/2015,3,1160384.621277157,1899988.655722373,41.881270504,-87.68653594,"(41.88127050428818, -87.68653594017124)"
RIDGE AND CLARK,1052,5930 N CLARK STREET,11/28/2016,9,1164554.784723473,1939388.511516442,41.98929863,-87.670104121,"(41.98929863013193, -87.67010412112992)"
MADISON AND CENTRAL,1754,5600 W MADISON STREET,08/10/2014,1,1139033.690528149,1899503.712147867,41.880354556,-87.764948136,"(41.88035455632559, -87.76494813634785)"
PULASKI AND 79TH,2492,7900 S PULASKI ROAD,09/19/2015,7,1151054.87395657,1851842.663854121,41.749339,-87.722052091,"(41.74933900008238, -87.72205209091501)"
87TH AND VINCENNES,2413,848 W 87TH STREET,06/28/2016,12,1172002.531006759,1847197.326168367,41.736157546,-87.6454274,"(41.73615754630335, -87.64542740049411)"
95TH AND STONEY ISLAND,2514,1600 E 95TH STREET,03/06/2015,3,1188537.746187743,1842339.840767953,41.722449457,-87.585003569,"(41.72244945701069, -87.58500356910938)"
MADISON AND WESTERN,1934,2400 W MADISON,01/29/2016,1,1160384.621277157,1899988.655722373,41.881270504,-87.68653594,"(41.88127050428818, -87.68653594017124)"
RIDGE AND CLARK,1052,5930 N CLARK STREET,11/05/2014,3,1164554.784723473,1939388.511516442,41.98929863,-87.670104121,"(41.98929863013193, -87.67010412112992)"
95TH AND STONEY ISLAND,2514,1600 E 95TH STREET,04/08/2016,9,1188537.746187743,1842339.840767953,41.722449457,-87.585003569,"(41.72244945701069, -87.58500356910938)"
GRAND AND OAK PARK,1523,6800 W GRAND AVENUE,06/02/2015,3,1130668.89526974,1915248.469290467,41.923708193,-87.795300781,"(41.92370819286044, -87.79530078123082)"
AUSTIN AND IRVING PARK,1163,6000 W IRVING PARK ROAD,09/18/2016,3,1135622.402636023,1926014.192063646,41.953163772,-87.776842593,"(41.95316377185154, -87.77684259284736)"
MADISON AND WESTERN,1934,2400 W MADISON,10/14/2016,2,1160384.621277157,1899988.655722373,41.881270504,-87.68653594,"(41.88127050428818, -87.68653594017124)"
WESTERN AND 63RD,2371,6300 S WESTERN AVE,06/10/2016,1,1161415.712688877,1862772.38856596,41.779123484,-87.683783099,"(41.77912348383963, -87.68378309863576)"
RIDGE AND CLARK,1052,5930 N CLARK STREET,10/23/2016,4,1164554.784723473,1939388.511516442,41.98929863,-87.670104121,"(41.98929863013193, -87.67010412112992)"
LAWRENCE AND CICERO,1041,4800 N CICERO AVE,04/25/2017,6,1143464.651785526,1931490.551883203,41.968048007,-87.747875985,"(41.968048007293845, -87.74787598468126)"
CICERO AND ARMITAGE,2001,2000 N CICERO AVENUE,05/30/2017,2,1144031.525719004,1912881.8300295,41.916973325,-87.746260223,"(41.91697332451097, -87.74626022251057)"
LAWRENCE AND CICERO,1041,4800 N CICERO AVE,12/05/2014,7,1143464.651785526,1931490.551883203,41.968048007,-87.747875985,"(41.968048007293845, -87.74787598468126)"
RIDGE AND CLARK,1051,5930 N CLARK STREET,04/09/2017,2,1164554.784723473,1939388.511516442,41.98929863,-87.670104121,"(41.98929863013193, -87.67010412112992)"
LAWRENCE AND CICERO,1042,4800 N CICERO AVENUE,08/08/2015,1,1143464.651785526,1931490.551883203,41.968048007,-87.747875985,"(41.968048007293845, -87.74787598468126)"
GRAND AND OAK PARK,1524,6800 W GRAND AVENUE,08/20/2014,10,1130668.89526974,1915248.469290467,41.923708193,-87.795300781,"(41.92370819286044, -87.79530078123082)"
LAWRENCE AND CICERO,1042,4800 N CICERO AVENUE,12/06/2016,3,1143464.651785526,1931490.551883203,41.968048007,-87.747875985,"(41.968048007293845, -87.74787598468126)"
PULASKI AND 63RD,2343,4000 W 63RD ST,09/08/2014,5,1150768.346768175,1862564.615405259,41.77876739,-87.722823195,"(41.778767390084305, -87.72282319530368)"
KEDZIE AND 47TH,2101,4700 S KEDZIE AVE,06/17/2016,4,1155791.949302478,1873270.778481327,41.808047272,-87.704118822,"(41.80804727165029, -87.70411882229871)"
ARCHER AND CICERO,2084,5400 S ARCHER AVE,07/07/2014,4,1145209.426392053,1869810.657411975,41.798758208,-87.743020541,"(41.798758207843264, -87.74302054146467)"
GRAND AND OAK PARK,1524,6800 W GRAND AVENUE,04/30/2017,3,1130668.89526974,1915248.469290467,41.923708193,-87.795300781,"(41.92370819286044, -87.79530078123082)"
CALIFORNIA AND DIVERSEY,1511,2800 N CALIFORNIA AVE,01/19/2015,11,1157189.355049829,1918495.644754069,41.932120719,-87.6977653,"(41.93212071910647, -87.69776530036465)"
LAWRENCE AND WESTERN,1192,4800 N WESTERN AVENUE,05/29/2016,2,1159459.622430471,1931821.342623414,41.968640727,-87.689054241,"(41.96864072747715, -87.6890542408374)"
SACRAMENTO AND CHICAGO,1812,800 N SACRAMENTO AVEN,10/05/2016,3,1156039.008141929,1905193.084100581,41.895640714,-87.702352328,"(41.89564071387542, -87.70235232767416)"
LAWRENCE AND CICERO,1041,4800 N CICERO AVE,05/20/2016,2,1143464.651785526,1931490.551883203,41.968048007,-87.747875985,"(41.968048007293845, -87.74787598468126)"
HALSTED AND DIVISION,1711,1200 N HALSTED,04/01/2017,3,1170746.639428735,1908242.256010774,41.903698308,-87.648245351,"(41.90369830765008, -87.64824535062563)"
ARCHER AND CICERO,2084,5400 S ARCHER AVE,08/12/2015,5,1145209.426392053,1869810.657411975,41.798758208,-87.743020541,"(41.798758207843264, -87.74302054146467)"
AUSTIN AND IRVING PARK,1163,6000 W IRVING PARK ROAD,05/21/2016,1,1135622.402636023,1926014.192063646,41.953163772,-87.776842593,"(41.95316377185154, -87.77684259284736)"
87TH AND VINCENNES,2413,848 W 87TH STREET,06/26/2016,15,1172002.531006759,1847197.326168367,41.736157546,-87.6454274,"(41.73615754630335, -87.64542740049411)"
95TH AND STONEY ISLAND,2514,1600 E 95TH STREET,03/21/2015,6,1188537.746187743,1842339.840767953,41.722449457,-87.585003569,"(41.72244945701069, -87.58500356910938)"
ARCHER AND CICERO,2084,5400 S ARCHER AVE,09/28/2014,5,1145209.426392053,1869810.657411975,41.798758208,-87.743020541,"(41.798758207843264, -87.74302054146467)"
WESTERN AND 63RD,2371,6300 S WESTERN AVE,04/12/2017,3,1161415.712688877,1862772.38856596,41.779123484,-87.683783099,"(41.77912348383963, -87.68378309863576)"
CLARK AND FULLERTON,1631,2400 N CLARK ST,05/29/2017,2,1172749.562209477,1916238.997132859,41.925597623,-87.640650973,"(41.925597623023144, -87.64065097309872)"
MADISON AND WESTERN,1934,2400 W MADISON,01/01/2015,2,1160384.621277157,1899988.655722373,41.881270504,-87.68653594,"(41.88127050428818, -87.68653594017124)"
MADISON AND CENTRAL,1754,5600 W MADISON STREET,09/29/2014,3,1139033.690528149,1899503.712147867,41.880354556,-87.764948136,"(41.88035455632559, -87.76494813634785)"
LAWRENCE AND CICERO,1041,4800 N CICERO AVE,05/02/2015,11,1143464.651785526,1931490.551883203,41.968048007,-87.747875985,"(41.968048007293845, -87.74787598468126)"
CALIFORNIA AND DIVERSEY,1511,2800 N CALIFORNIA AVE,01/03/2017,3,1157189.355049829,1918495.644754069,41.932120719,-87.6977653,"(41.93212071910647, -87.69776530036465)"
ASHLAND AND DIVISION,1793,1600 W DIVISION STREET,09/28/2016,3,1165489.684200442,1908112.312963909,41.903455316,-87.667558994,"(41.903455316483814, -87.66755899396976)"
LAWRENCE AND CICERO,1042,4800 N CICERO AVENUE,07/01/2016,5,1143464.651785526,1931490.551883203,41.968048007,-87.747875985,"(41.968048007293845, -87.74787598468126)"
87TH AND VINCENNES,2413,848 W 87TH STREET,01/26/2017,9,1172002.531006759,1847197.326168367,41.736157546,-87.6454274,"(41.73615754630335, -87.64542740049411)"
CICERO AND DIVERSEY,1691,2800 N CICERO AVENUE,09/20/2015,3,1143863.647574835,1918202.018463414,41.931575608,-87.746743301,"(41.93157560844622, -87.74674330113561)"
95TH AND STONEY ISLAND,2514,1600 E 95TH STREET,10/04/2014,9,1188537.746187743,1842339.840767953,41.722449457,-87.585003569,"(41.72244945701069, -87.58500356910938)"
PULASKI AND FULLERTON,1484,4000 W FULLERTON AVE,10/02/2016,6,1149303.081963737,1915695.275222648,41.924593022,-87.726819268,"(41.92459302175305, -87.7268192684032)"
LAWRENCE AND WESTERN,1192,4800 N WESTERN AVENUE,06/05/2015,2,1159459.622430471,1931821.342623414,41.968640727,-87.689054241,"(41.96864072747715, -87.6890542408374)"
ARCHER/NARRAGANSETT AND 55TH,2073,6400 W ARCHER AVE,09/16/2014,9,1134629.248133949,1867443.543796524,41.792455256,-87.78187685,"(41.79245525550523, -87.78187684987694)"
LAWRENCE AND CICERO,1042,4800 N CICERO AVENUE,06/05/2015,4,1143464.651785526,1931490.551883203,41.968048007,-87.747875985,"(41.968048007293845, -87.74787598468126)"
ARCHER AND CICERO,2084,5400 S ARCHER AVE,12/09/2014,2,1145209.426392053,1869810.657411975,41.798758208,-87.743020541,"(41.798758207843264, -87.74302054146467)"
SACRAMENTO AND CHICAGO,1812,800 N SACRAMENTO AVEN,09/13/2015,6,1156039.008141929,1905193.084100581,41.895640714,-87.702352328,"(41.89564071387542, -87.70235232767416)"
RIDGE AND CLARK,1052,5930 N CLARK STREET,10/31/2014,2,1164554.784723473,1939388.511516442,41.98929863,-87.670104121,"(41.98929863013193, -87.67010412112992)"
LAWRENCE AND CICERO,1041,4800 N CICERO AVE,01/01/2017,2,1143464.651785526,1931490.551883203,41.968048007,-87.747875985,"(41.968048007293845, -87.74787598468126)"
PULASKI AND CHICAGO,1982,800 N PULASKI ROAD,08/14/2014,1,1149538.444844035,1905079.034990625,41.895456457,-87.726230541,"(41.895456456825386, -87.72623054051289)"
ARCHER/NARRAGANSETT AND 55TH,2074,6400 W ARCHER AVE,10/16/2014,7,1134629.248133949,1867443.543796524,41.792455256,-87.78187685,"(41.79245525550523, -87.78187684987694)"
WESTERN AND MARQUETTE,2674,2400 W MARQUETTE ROAD,07/25/2016,3,1161509.889315231,1860208.627404126,41.772086214,-87.683508858,"(41.772086214104526, -87.68350885781568)"
31ST AND CALIFORNIA,2061,3100 S CALIFORNIA,12/31/2014,4,1158151.943135347,1883939.950079683,41.83727705,-87.695172247,"(41.837277050366296, -87.69517224651918)"
PULASKI AND 79TH,2492,7900 S PULASKI ROAD,11/28/2016,1,1151054.87395657,1851842.663854121,41.749339,-87.722052091,"(41.74933900008238, -87.72205209091501)"
KIMBALL AND LINCOLN,2741,6200 N KIMBALL AVENUE,02/27/2015,1,1152543.355058345,1940954.1008022,41.993841437,-87.714242493,"(41.99384143707685, -87.71424249302686)"
GRAND AND OAK PARK,1523,6800 W GRAND AVENUE,11/27/2014,10,1130668.89526974,1915248.469290467,41.923708193,-87.795300781,"(41.92370819286044, -87.79530078123082)"
COTTAGE GROVE AND 95TH,2602,9500 S COTTAGE GROVE,01/31/2015,2,1183531.307692447,1842122.302108743,41.721970465,-87.60334804,"(41.72197046522736, -87.60334804007711)"
SACRAMENTO AND CHICAGO,1812,800 N SACRAMENTO AVEN,05/13/2016,6,1156039.008141929,1905193.084100581,41.895640714,-87.702352328,"(41.89564071387542, -87.70235232767416)"
LAWRENCE AND CICERO,1042,4800 N CICERO AVENUE,06/06/2015,4,1143464.651785526,1931490.551883203,41.968048007,-87.747875985,"(41.968048007293845, -87.74787598468126)"
87TH AND VINCENNES,2413,848 W 87TH STREET,07/08/2014,10,1172002.531006759,1847197.326168367,41.736157546,-87.6454274,"(41.73615754630335, -87.64542740049411)"
PETERSON AND WESTERN,1011,6000 N WESTERN AVE,02/09/2016,1,1159190.625032041,1939816.75471116,41.990586042,-87.689822473,"(41.99058604241958, -87.68982247294417)"
87TH AND VINCENNES,2413,848 W 87TH STREET,06/18/2016,15,1172002.531006759,1847197.326168367,41.736157546,-87.6454274,"(41.73615754630335, -87.64542740049411)"
GRAND AND OAK PARK,1524,6800 W GRAND AVENUE,10/07/2014,3,1130668.89526974,1915248.469290467,41.923708193,-87.795300781,"(41.92370819286044, -87.79530078123082)"
PULASKI AND 63RD,2343,4000 W 63RD ST,06/25/2016,2,1150768.346768175,1862564.615405259,41.77876739,-87.722823195,"(41.778767390084305, -87.72282319530368)"
WESTERN AND MARQUETTE,2674,2400 W MARQUETTE ROAD,01/04/2017,9,1161509.889315231,1860208.627404126,41.772086214,-87.683508858,"(41.772086214104526, -87.68350885781568)"
HALSTED AND DIVISION,1711,1200 N HALSTED,10/19/2016,13,1170746.639428735,1908242.256010774,41.903698308,-87.648245351,"(41.90369830765008, -87.64824535062563)"
ADDISON AND HARLEM,1593,7200 W ADDISON,08/24/2016,3,1127417.488447099,1923123.407710965,41.945373358,-87.807070326,"(41.94537335809189, -87.80707032561135)"
LAWRENCE AND CICERO,1042,4800 N CICERO AVENUE,03/03/2016,1,1143464.651785526,1931490.551883203,41.968048007,-87.747875985,"(41.968048007293845, -87.74787598468126)"
PULASKI AND 79TH,2494,4000 W 79TH STREET,02/26/2016,4,1151074.116357501,1851966.830243835,41.749679359,-87.721978345,"(41.74967935883473, -87.72197834524168)"
95TH AND STONEY ISLAND,2513,1600 E 95TH STREET,11/13/2015,5,1188537.746187743,1842339.840767953,41.722449457,-87.585003569,"(41.72244945701069, -87.58500356910938)"
LAWRENCE AND CICERO,1041,4800 N CICERO AVE,01/07/2016,3,1143464.651785526,1931490.551883203,41.968048007,-87.747875985,"(41.968048007293845, -87.74787598468126)"
GRAND AND OAK PARK,1524,6800 W GRAND AVENUE,01/20/2017,4,1130668.89526974,1915248.469290467,41.923708193,-87.795300781,"(41.92370819286044, -87.79530078123082)"
CALIFORNIA AND DIVERSEY,1511,2800 N CALIFORNIA AVE,03/15/2015,5,1157189.355049829,1918495.644754069,41.932120719,-87.6977653,"(41.93212071910647, -87.69776530036465)"
WESTERN AND 63RD,2371,6300 S WESTERN AVE,03/09/2016,2,1161415.712688877,1862772.38856596,41.779123484,-87.683783099,"(41.77912348383963, -87.68378309863576)"
RIDGE AND CLARK,1052,5930 N CLARK STREET,01/09/2017,4,1164554.784723473,1939388.511516442,41.98929863,-87.670104121,"(41.98929863013193, -87.67010412112992)"
ASHLAND AND DIVISION,1793,1600 W DIVISION STREET,07/07/2016,5,1165489.684200442,1908112.312963909,41.903455316,-87.667558994,"(41.903455316483814, -87.66755899396976)"
PULASKI AND FULLERTON,1481,2400 N PULASKI RD,12/13/2015,1,1149275.963864089,1915687.631931757,41.924572574,-87.726919111,"(41.92457257416937, -87.72691911144182)"
LAWRENCE AND CICERO,1041,4800 N CICERO AVE,08/31/2016,5,1143464.651785526,1931490.551883203,41.968048007,-87.747875985,"(41.968048007293845, -87.74787598468126)"
CALIFORNIA AND DIVERSEY,1511,2800 N CALIFORNIA AVE,03/20/2016,4,1157189.355049829,1918495.644754069,41.932120719,-87.6977653,"(41.93212071910647, -87.69776530036465)"
WESTERN AND 63RD,2371,6300 S WESTERN AVE,03/31/2015,3,1161415.712688877,1862772.38856596,41.779123484,-87.683783099,"(41.77912348383963, -87.68378309863576)"
AUSTIN AND ADDISON,1493,6000 W ADDISON STREET,01/01/2016,1,1135698.173154422,1923360.229527805,41.945879676,-87.776627421,"(41.94587967559099, -87.77662742093737)"
CALIFORNIA AND DIVERSEY,1511,2800 N CALIFORNIA AVE,04/21/2015,4,1157189.355049829,1918495.644754069,41.932120719,-87.6977653,"(41.93212071910647, -87.69776530036465)"
GRAND AND OAK PARK,1524,6800 W GRAND AVENUE,05/22/2016,9,1130668.89526974,1915248.469290467,41.923708193,-87.795300781,"(41.92370819286044, -87.79530078123082)"
ARCHER AND CICERO,2084,5400 S ARCHER AVE,07/18/2014,1,1145209.426392053,1869810.657411975,41.798758208,-87.743020541,"(41.798758207843264, -87.74302054146467)"
PULASKI AND BELMONT,1383,4000 W BELMONT AVE,03/14/2017,1,1149131.866894851,1921018.50498026,41.93920375,-87.727310134,"(41.93920374986553, -87.72731013414392)"
ADDISON AND HARLEM,1593,7200 W ADDISON,06/13/2016,1,1127417.488447099,1923123.407710965,41.945373358,-87.807070326,"(41.94537335809189, -87.80707032561135)"
ADDISON AND HARLEM,1593,7200 W ADDISON,10/28/2014,1,1127417.488447099,1923123.407710965,41.945373358,-87.807070326,"(41.94537335809189, -87.80707032561135)"
AUSTIN AND IRVING PARK,1163,6000 W IRVING PARK ROAD,05/03/2017,4,1135622.402636023,1926014.192063646,41.953163772,-87.776842593,"(41.95316377185154, -87.77684259284736)"
LAWRENCE AND CICERO,1041,4800 N CICERO AVE,01/14/2017,5,1143464.651785526,1931490.551883203,41.968048007,-87.747875985,"(41.968048007293845, -87.74787598468126)"
CALIFORNIA AND DIVERSEY,1511,2800 N CALIFORNIA AVE,06/24/2015,4,1157189.355049829,1918495.644754069,41.932120719,-87.6977653,"(41.93212071910647, -87.69776530036465)"
PULASKI AND FULLERTON,1481,2400 N PULASKI RD,08/06/2014,2,1149275.963864089,1915687.631931757,41.924572574,-87.726919111,"(41.92457257416937, -87.72691911144182)"
AUSTIN AND ADDISON,1493,6000 W ADDISON STREET,12/28/2016,2,1135698.173154422,1923360.229527805,41.945879676,-87.776627421,"(41.94587967559099, -87.77662742093737)"
WESTERN AND 63RD,2371,6300 S WESTERN AVE,02/17/2017,2,1161415.712688877,1862772.38856596,41.779123484,-87.683783099,"(41.77912348383963, -87.68378309863576)"
LAWRENCE AND WESTERN,1192,4800 N WESTERN AVENUE,10/24/2016,3,1159459.622430471,1931821.342623414,41.968640727,-87.689054241,"(41.96864072747715, -87.6890542408374)"
SACRAMENTO AND CHICAGO,1812,800 N SACRAMENTO AVEN,05/01/2017,8,1156039.008141929,1905193.084100581,41.895640714,-87.702352328,"(41.89564071387542, -87.70235232767416)"
95TH AND STONEY ISLAND,2514,1600 E 95TH STREET,06/18/2016,12,1188537.746187743,1842339.840767953,41.722449457,-87.585003569,"(41.72244945701069, -87.58500356910938)"
AUSTIN AND ADDISON,1493,6000 W ADDISON STREET,01/12/2016,1,1135698.173154422,1923360.229527805,41.945879676,-87.776627421,"(41.94587967559099, -87.77662742093737)"
GRAND AND OAK PARK,1523,6800 W GRAND AVENUE,11/07/2016,7,1130668.89526974,1915248.469290467,41.923708193,-87.795300781,"(41.92370819286044, -87.79530078123082)"
LAWRENCE AND WESTERN,1192,4800 N WESTERN AVENUE,02/26/2016,1,1159459.622430471,1931821.342623414,41.968640727,-87.689054241,"(41.96864072747715, -87.6890542408374)"
GRAND AND OAK PARK,1523,6800 W GRAND AVENUE,12/17/2016,8,1130668.89526974,1915248.469290467,41.923708193,-87.795300781,"(41.92370819286044, -87.79530078123082)"
GRAND AND OAK PARK,1523,6800 W GRAND AVENUE,06/24/2015,4,1130668.89526974,1915248.469290467,41.923708193,-87.795300781,"(41.92370819286044, -87.79530078123082)"
LAWRENCE AND WESTERN,1192,4800 N WESTERN AVENUE,09/29/2016,1,1159459.622430471,1931821.342623414,41.968640727,-87.689054241,"(41.96864072747715, -87.6890542408374)"
CICERO AND DIVERSEY,1691,2800 N CICERO AVENUE,08/15/2015,3,1143863.647574835,1918202.018463414,41.931575608,-87.746743301,"(41.93157560844622, -87.74674330113561)"
AUSTIN AND ADDISON,1493,6000 W ADDISON STREET,10/20/2016,2,1135698.173154422,1923360.229527805,41.945879676,-87.776627421,"(41.94587967559099, -87.77662742093737)"
LAWRENCE AND WESTERN,1192,4800 N WESTERN AVENUE,06/05/2016,1,1159459.622430471,1931821.342623414,41.968640727,-87.689054241,"(41.96864072747715, -87.6890542408374)"
LAWRENCE AND CICERO,1042,4800 N CICERO AVENUE,03/06/2016,1,1143464.651785526,1931490.551883203,41.968048007,-87.747875985,"(41.968048007293845, -87.74787598468126)"
WESTERN AND 63RD,2371,6300 S WESTERN AVE,01/20/2015,2,1161415.712688877,1862772.38856596,41.779123484,-87.683783099,"(41.77912348383963, -87.68378309863576)"
RIDGE AND CLARK,1052,5930 N CLARK STREET,09/17/2014,3,1164554.784723473,1939388.511516442,41.98929863,-87.670104121,"(41.98929863013193, -87.67010412112992)"
SACRAMENTO AND CHICAGO,1812,800 N SACRAMENTO AVEN,01/08/2016,4,1156039.008141929,1905193.084100581,41.895640714,-87.702352328,"(41.89564071387542, -87.70235232767416)"
PULASKI AND 79TH,2492,7900 S PULASKI ROAD,06/28/2016,2,1151054.87395657,1851842.663854121,41.749339,-87.722052091,"(41.74933900008238, -87.72205209091501)"
ADDISON AND HARLEM,1593,7200 W ADDISON,02/22/2015,1,1127417.488447099,1923123.407710965,41.945373358,-87.807070326,"(41.94537335809189, -87.80707032561135)"
95TH AND STONEY ISLAND,2514,1600 E 95TH STREET,09/11/2014,7,1188537.746187743,1842339.840767953,41.722449457,-87.585003569,"(41.72244945701069, -87.58500356910938)"
CICERO AND DIVERSEY,1691,2800 N CICERO AVENUE,09/13/2016,7,1143863.647574835,1918202.018463414,41.931575608,-87.746743301,"(41.93157560844622, -87.74674330113561)"
PETERSON AND WESTERN,1011,6000 N WESTERN AVE,04/14/2015,4,1159190.625032041,1939816.75471116,41.990586042,-87.689822473,"(41.99058604241958, -87.68982247294417)"
PULASKI AND 79TH,2494,4000 W 79TH STREET,02/15/2015,1,1151074.116357501,1851966.830243835,41.749679359,-87.721978345,"(41.74967935883473, -87.72197834524168)"
PULASKI AND 63RD,2343,4000 W 63RD ST,01/08/2017,1,1150768.346768175,1862564.615405259,41.77876739,-87.722823195,"(41.778767390084305, -87.72282319530368)"
CALIFORNIA AND DIVERSEY,1511,2800 N CALIFORNIA AVE,08/14/2015,5,1157189.355049829,1918495.644754069,41.932120719,-87.6977653,"(41.93212071910647, -87.69776530036465)"
RIDGE AND CLARK,1051,5930 N CLARK STREET,09/16/2015,8,1164554.784723473,1939388.511516442,41.98929863,-87.670104121,"(41.98929863013193, -87.67010412112992)"
RIDGE AND CLARK,1051,5930 N CLARK STREET,01/15/2017,6,1164554.784723473,1939388.511516442,41.98929863,-87.670104121,"(41.98929863013193, -87.67010412112992)"
RIDGE AND CLARK,1052,5930 N CLARK STREET,02/08/2015,1,1164554.784723473,1939388.511516442,41.98929863,-87.670104121,"(41.98929863013193, -87.67010412112992)"
PULASKI AND BELMONT,1383,4000 W BELMONT AVE,05/17/2016,1,1149131.866894851,1921018.50498026,41.93920375,-87.727310134,"(41.93920374986553, -87.72731013414392)"
CICERO AND DIVERSEY,1691,2800 N CICERO AVENUE,01/14/2016,4,1143863.647574835,1918202.018463414,41.931575608,-87.746743301,"(41.93157560844622, -87.74674330113561)"
SACRAMENTO AND CHICAGO,1812,800 N SACRAMENTO AVEN,08/19/2016,10,1156039.008141929,1905193.084100581,41.895640714,-87.702352328,"(41.89564071387542, -87.70235232767416)"
HALSTED AND DIVISION,1711,1200 N HALSTED,02/26/2017,2,1170746.639428735,1908242.256010774,41.903698308,-87.648245351,"(41.90369830765008, -87.64824535062563)"
HALSTED AND DIVISION,1711,1200 N HALSTED,12/19/2015,13,1170746.639428735,1908242.256010774,41.903698308,-87.648245351,"(41.90369830765008, -87.64824535062563)"
LAWRENCE AND CICERO,1041,4800 N CICERO AVE,11/01/2016,12,1143464.651785526,1931490.551883203,41.968048007,-87.747875985,"(41.968048007293845, -87.74787598468126)"
PETERSON AND WESTERN,1011,6000 N WESTERN AVE,07/08/2014,5,1159190.625032041,1939816.75471116,41.990586042,-87.689822473,"(41.99058604241958, -87.68982247294417)"
PETERSON AND WESTERN,1011,6000 N WESTERN AVE,11/13/2014,2,1159190.625032041,1939816.75471116,41.990586042,-87.689822473,"(41.99058604241958, -87.68982247294417)"
RIDGE AND CLARK,1052,5930 N CLARK STREET,04/08/2017,7,1164554.784723473,1939388.511516442,41.98929863,-87.670104121,"(41.98929863013193, -87.67010412112992)"
GRAND AND OAK PARK,1523,6800 W GRAND AVENUE,01/15/2016,9,1130668.89526974,1915248.469290467,41.923708193,-87.795300781,"(41.92370819286044, -87.79530078123082)"
SACRAMENTO AND CHICAGO,1812,800 N SACRAMENTO AVEN,07/28/2015,7,1156039.008141929,1905193.084100581,41.895640714,-87.702352328,"(41.89564071387542, -87.70235232767416)"
PULASKI AND FULLERTON,1481,2400 N PULASKI RD,04/01/2016,3,1149275.963864089,1915687.631931757,41.924572574,-87.726919111,"(41.92457257416937, -87.72691911144182)"
LAWRENCE AND CICERO,1041,4800 N CICERO AVE,03/20/2016,11,1143464.651785526,1931490.551883203,41.968048007,-87.747875985,"(41.968048007293845, -87.74787598468126)"
PULASKI AND FULLERTON,1484,4000 W FULLERTON AVE,04/11/2015,1,1149303.081963737,1915695.275222648,41.924593022,-87.726819268,"(41.92459302175305, -87.7268192684032)"
RIDGE AND CLARK,1051,5930 N CLARK STREET,06/03/2016,7,1164554.784723473,1939388.511516442,41.98929863,-87.670104121,"(41.98929863013193, -87.67010412112992)"
ASHLAND AND DIVISION,1793,1600 W DIVISION STREET,03/06/2016,3,1165489.684200442,1908112.312963909,41.903455316,-87.667558994,"(41.903455316483814, -87.66755899396976)"
ARCHER/NARRAGANSETT AND 55TH,2073,6400 W ARCHER AVE,09/25/2014,17,1134629.248133949,1867443.543796524,41.792455256,-87.78187685,"(41.79245525550523, -87.78187684987694)"
PULASKI AND DIVERSEY,1543,4000 W DIVERSEY AVENUE,05/30/2017,1,1149206.496130705,1918356.569267582,41.931897723,-87.72710503,"(41.9318977231462, -87.72710503045386)"
SACRAMENTO AND CHICAGO,1812,800 N SACRAMENTO AVEN,12/06/2016,7,1156039.008141929,1905193.084100581,41.895640714,-87.702352328,"(41.89564071387542, -87.70235232767416)"
GRAND AND OAK PARK,1523,6800 W GRAND AVENUE,07/18/2014,7,1130668.89526974,1915248.469290467,41.923708193,-87.795300781,"(41.92370819286044, -87.79530078123082)"
AUSTIN AND IRVING PARK,1163,6000 W IRVING PARK ROAD,03/19/2015,2,1135622.402636023,1926014.192063646,41.953163772,-87.776842593,"(41.95316377185154, -87.77684259284736)"
87TH AND VINCENNES,2413,848 W 87TH STREET,04/21/2017,18,1172002.531006759,1847197.326168367,41.736157546,-87.6454274,"(41.73615754630335, -87.64542740049411)"
PULASKI AND CHICAGO,1982,800 N PULASKI ROAD,02/13/2015,1,1149538.444844035,1905079.034990625,41.895456457,-87.726230541,"(41.895456456825386, -87.72623054051289)"
PULASKI AND 63RD,2343,4000 W 63RD ST,05/01/2017,2,1150768.346768175,1862564.615405259,41.77876739,-87.722823195,"(41.778767390084305, -87.72282319530368)"
AUSTIN AND ADDISON,1493,6000 W ADDISON STREET,11/12/2015,3,1135698.173154422,1923360.229527805,41.945879676,-87.776627421,"(41.94587967559099, -87.77662742093737)"
LAWRENCE AND CICERO,1042,4800 N CICERO AVENUE,10/02/2016,6,1143464.651785526,1931490.551883203,41.968048007,-87.747875985,"(41.968048007293845, -87.74787598468126)"
PULASKI AND 79TH,2494,4000 W 79TH STREET,06/11/2016,8,1151074.116357501,1851966.830243835,41.749679359,-87.721978345,"(41.74967935883473, -87.72197834524168)"
LAWRENCE AND CICERO,1042,4800 N CICERO AVENUE,08/29/2016,4,1143464.651785526,1931490.551883203,41.968048007,-87.747875985,"(41.968048007293845, -87.74787598468126)"
GRAND AND OAK PARK,1524,6800 W GRAND AVENUE,10/10/2015,15,1130668.89526974,1915248.469290467,41.923708193,-87.795300781,"(41.92370819286044, -87.79530078123082)"
PULASKI AND 63RD,2343,4000 W 63RD ST,09/10/2016,2,1150768.346768175,1862564.615405259,41.77876739,-87.722823195,"(41.778767390084305, -87.72282319530368)"
PULASKI AND 79TH,2492,7900 S PULASKI ROAD,05/16/2015,5,1151054.87395657,1851842.663854121,41.749339,-87.722052091,"(41.74933900008238, -87.72205209091501)"
PULASKI AND FULLERTON,1484,4000 W FULLERTON AVE,01/14/2017,6,1149303.081963737,1915695.275222648,41.924593022,-87.726819268,"(41.92459302175305, -87.7268192684032)"
PETERSON AND WESTERN,1011,6000 N WESTERN AVE,05/23/2017,4,1159190.625032041,1939816.75471116,41.990586042,-87.689822473,"(41.99058604241958, -87.68982247294417)"
RIDGE AND CLARK,1051,5930 N CLARK STREET,08/04/2014,7,1164554.784723473,1939388.511516442,41.98929863,-87.670104121,"(41.98929863013193, -87.67010412112992)"
95TH AND STONEY ISLAND,2513,1600 E 95TH STREET,03/02/2016,3,1188537.746187743,1842339.840767953,41.722449457,-87.585003569,"(41.72244945701069, -87.58500356910938)"
GRAND AND OAK PARK,1523,6800 W GRAND AVENUE,09/24/2016,7,1130668.89526974,1915248.469290467,41.923708193,-87.795300781,"(41.92370819286044, -87.79530078123082)"
RIDGE AND CLARK,1052,5930 N CLARK STREET,12/18/2014,2,1164554.784723473,1939388.511516442,41.98929863,-87.670104121,"(41.98929863013193, -87.67010412112992)"
CICERO AND DIVERSEY,1691,2800 N CICERO AVENUE,03/27/2015,2,1143863.647574835,1918202.018463414,41.931575608,-87.746743301,"(41.93157560844622, -87.74674330113561)"
LAWRENCE AND WESTERN,1192,4800 N WESTERN AVENUE,07/01/2016,2,1159459.622430471,1931821.342623414,41.968640727,-87.689054241,"(41.96864072747715, -87.6890542408374)"
AUSTIN AND ADDISON,1493,6000 W ADDISON STREET,11/15/2015,4,1135698.173154422,1923360.229527805,41.945879676,-87.776627421,"(41.94587967559099, -87.77662742093737)"
ASHLAND AND DIVISION,1793,1600 W DIVISION STREET,05/21/2017,3,1165489.684200442,1908112.312963909,41.903455316,-87.667558994,"(41.903455316483814, -87.66755899396976)"
PETERSON AND WESTERN,1011,6000 N WESTERN AVE,12/19/2015,4,1159190.625032041,1939816.75471116,41.990586042,-87.689822473,"(41.99058604241958, -87.68982247294417)"
LAWRENCE AND WESTERN,1192,4800 N WESTERN AVENUE,10/27/2016,3,1159459.622430471,1931821.342623414,41.968640727,-87.689054241,"(41.96864072747715, -87.6890542408374)"
PULASKI AND MONTROSE,1292,4400 N PULASKI ROAD,02/15/2015,1,1148894.146173785,1928968.481843755,41.961023721,-87.727977456,"(41.961023721270585, -87.72797745595682)"
ARCHER/NARRAGANSETT AND 55TH,2073,6400 W ARCHER AVE,09/01/2014,5,1134629.248133949,1867443.543796524,41.792455256,-87.78187685,"(41.79245525550523, -87.78187684987694)"
87TH AND VINCENNES,2413,848 W 87TH STREET,05/13/2016,21,1172002.531006759,1847197.326168367,41.736157546,-87.6454274,"(41.73615754630335, -87.64542740049411)"
ADDISON AND HARLEM,1593,7200 W ADDISON,01/09/2016,2,1127417.488447099,1923123.407710965,41.945373358,-87.807070326,"(41.94537335809189, -87.80707032561135)"
WESTERN AND MARQUETTE,2674,2400 W MARQUETTE ROAD,12/29/2016,4,1161509.889315231,1860208.627404126,41.772086214,-87.683508858,"(41.772086214104526, -87.68350885781568)"
PULASKI AND CHICAGO,1982,800 N PULASKI ROAD,01/06/2016,1,1149538.444844035,1905079.034990625,41.895456457,-87.726230541,"(41.895456456825386, -87.72623054051289)"
WESTERN AND 63RD,2371,6300 S WESTERN AVE,10/17/2015,3,1161415.712688877,1862772.38856596,41.779123484,-87.683783099,"(41.77912348383963, -87.68378309863576)"
PULASKI AND BELMONT,1383,4000 W BELMONT AVE,05/16/2017,1,1149131.866894851,1921018.50498026,41.93920375,-87.727310134,"(41.93920374986553, -87.72731013414392)"
CALIFORNIA AND DIVERSEY,1511,2800 N CALIFORNIA AVE,09/26/2014,2,1157189.355049829,1918495.644754069,41.932120719,-87.6977653,"(41.93212071910647, -87.69776530036465)"
RIDGE AND CLARK,1052,5930 N CLARK STREET,02/28/2017,6,1164554.784723473,1939388.511516442,41.98929863,-87.670104121,"(41.98929863013193, -87.67010412112992)"
WESTERN AND MARQUETTE,2674,2400 W MARQUETTE ROAD,12/10/2015,3,1161509.889315231,1860208.627404126,41.772086214,-87.683508858,"(41.772086214104526, -87.68350885781568)"
RIDGE AND CLARK,1052,5930 N CLARK STREET,12/27/2015,3,1164554.784723473,1939388.511516442,41.98929863,-87.670104121,"(41.98929863013193, -87.67010412112992)"
ARCHER/NARRAGANSETT AND 55TH,2074,6400 W ARCHER AVE,02/24/2015,1,1134629.248133949,1867443.543796524,41.792455256,-87.78187685,"(41.79245525550523, -87.78187684987694)"
PETERSON AND WESTERN,1011,6000 N WESTERN AVE,09/03/2015,5,1159190.625032041,1939816.75471116,41.990586042,-87.689822473,"(41.99058604241958, -87.68982247294417)"
CICERO AND DIVERSEY,1691,2800 N CICERO AVENUE,02/11/2017,6,1143863.647574835,1918202.018463414,41.931575608,-87.746743301,"(41.93157560844622, -87.74674330113561)"
GRAND AND OAK PARK,1524,6800 W GRAND AVENUE,05/18/2016,9,1130668.89526974,1915248.469290467,41.923708193,-87.795300781,"(41.92370819286044, -87.79530078123082)"
ADDISON AND HARLEM,1593,7200 W ADDISON,09/15/2016,1,1127417.488447099,1923123.407710965,41.945373358,-87.807070326,"(41.94537335809189, -87.80707032561135)"
RIDGE AND CLARK,1051,5930 N CLARK STREET,07/28/2016,12,1164554.784723473,1939388.511516442,41.98929863,-87.670104121,"(41.98929863013193, -87.67010412112992)"
CALIFORNIA AND DIVERSEY,1511,2800 N CALIFORNIA AVE,04/04/2015,2,1157189.355049829,1918495.644754069,41.932120719,-87.6977653,"(41.93212071910647, -87.69776530036465)"
GRAND AND OAK PARK,1524,6800 W GRAND AVENUE,08/28/2014,5,1130668.89526974,1915248.469290467,41.923708193,-87.795300781,"(41.92370819286044, -87.79530078123082)"
KEDZIE AND 47TH,2101,4700 S KEDZIE AVE,09/02/2015,1,1155791.949302478,1873270.778481327,41.808047272,-87.704118822,"(41.80804727165029, -87.70411882229871)"
87TH AND VINCENNES,2413,848 W 87TH STREET,02/03/2015,1,1172002.531006759,1847197.326168367,41.736157546,-87.6454274,"(41.73615754630335, -87.64542740049411)"
LAWRENCE AND CICERO,1042,4800 N CICERO AVENUE,02/22/2017,7,1143464.651785526,1931490.551883203,41.968048007,-87.747875985,"(41.968048007293845, -87.74787598468126)"
87TH AND VINCENNES,2413,848 W 87TH STREET,08/20/2015,9,1172002.531006759,1847197.326168367,41.736157546,-87.6454274,"(41.73615754630335, -87.64542740049411)"
GRAND AND OAK PARK,1523,6800 W GRAND AVENUE,02/15/2017,9,1130668.89526974,1915248.469290467,41.923708193,-87.795300781,"(41.92370819286044, -87.79530078123082)"
GRAND AND OAK PARK,1524,6800 W GRAND AVENUE,08/27/2014,7,1130668.89526974,1915248.469290467,41.923708193,-87.795300781,"(41.92370819286044, -87.79530078123082)"
ARCHER AND CICERO,2084,5400 S ARCHER AVE,03/12/2017,9,1145209.426392053,1869810.657411975,41.798758208,-87.743020541,"(41.798758207843264, -87.74302054146467)"
AUSTIN AND IRVING PARK,1163,6000 W IRVING PARK ROAD,04/03/2017,3,1135622.402636023,1926014.192063646,41.953163772,-87.776842593,"(41.95316377185154, -87.77684259284736)"
CALIFORNIA AND DIVERSEY,1511,2800 N CALIFORNIA AVE,04/26/2016,4,1157189.355049829,1918495.644754069,41.932120719,-87.6977653,"(41.93212071910647, -87.69776530036465)"
PULASKI AND 79TH,2494,4000 W 79TH STREET,07/25/2014,4,1151074.116357501,1851966.830243835,41.749679359,-87.721978345,"(41.74967935883473, -87.72197834524168)"
MADISON AND WESTERN,1934,2400 W MADISON,03/03/2015,1,1160384.621277157,1899988.655722373,41.881270504,-87.68653594,"(41.88127050428818, -87.68653594017124)"
95TH AND STONEY ISLAND,2514,1600 E 95TH STREET,06/17/2016,10,1188537.746187743,1842339.840767953,41.722449457,-87.585003569,"(41.72244945701069, -87.58500356910938)"
WESTERN AND MARQUETTE,2674,2400 W MARQUETTE ROAD,09/30/2014,1,1161509.889315231,1860208.627404126,41.772086214,-87.683508858,"(41.772086214104526, -87.68350885781568)"
LAWRENCE AND WESTERN,1192,4800 N WESTERN AVENUE,05/06/2017,2,1159459.622430471,1931821.342623414,41.968640727,-87.689054241,"(41.96864072747715, -87.6890542408374)"
RIDGE AND CLARK,1052,5930 N CLARK STREET,02/10/2017,11,1164554.784723473,1939388.511516442,41.98929863,-87.670104121,"(41.98929863013193, -87.67010412112992)"
87TH AND VINCENNES,2413,848 W 87TH STREET,05/02/2016,14,1172002.531006759,1847197.326168367,41.736157546,-87.6454274,"(41.73615754630335, -87.64542740049411)"
87TH AND VINCENNES,2413,848 W 87TH STREET,10/02/2016,15,1172002.531006759,1847197.326168367,41.736157546,-87.6454274,"(41.73615754630335, -87.64542740049411)"
RIDGE AND CLARK,1051,5930 N CLARK STREET,05/25/2017,2,1164554.784723473,1939388.511516442,41.98929863,-87.670104121,"(41.98929863013193, -87.67010412112992)"
ASHLAND AND DIVISION,1793,1600 W DIVISION STREET,07/30/2016,1,1165489.684200442,1908112.312963909,41.903455316,-87.667558994,"(41.903455316483814, -87.66755899396976)"
ADDISON AND HARLEM,1593,7200 W ADDISON,08/14/2015,4,1127417.488447099,1923123.407710965,41.945373358,-87.807070326,"(41.94537335809189, -87.80707032561135)"
LAWRENCE AND CICERO,1042,4800 N CICERO AVENUE,06/01/2016,4,1143464.651785526,1931490.551883203,41.968048007,-87.747875985,"(41.968048007293845, -87.74787598468126)"
GRAND AND OAK PARK,1523,6800 W GRAND AVENUE,02/23/2017,1,1130668.89526974,1915248.469290467,41.923708193,-87.795300781,"(41.92370819286044, -87.79530078123082)"
ARCHER AND CICERO,2084,5400 S ARCHER AVE,06/16/2015,7,1145209.426392053,1869810.657411975,41.798758208,-87.743020541,"(41.798758207843264, -87.74302054146467)"
PULASKI AND FULLERTON,1484,4000 W FULLERTON AVE,12/06/2016,3,1149303.081963737,1915695.275222648,41.924593022,-87.726819268,"(41.92459302175305, -87.7268192684032)"
AUSTIN AND ADDISON,1493,6000 W ADDISON STREET,06/23/2015,1,1135698.173154422,1923360.229527805,41.945879676,-87.776627421,"(41.94587967559099, -87.77662742093737)"
CALIFORNIA AND DIVERSEY,1511,2800 N CALIFORNIA AVE,12/28/2015,2,1157189.355049829,1918495.644754069,41.932120719,-87.6977653,"(41.93212071910647, -87.69776530036465)"
GRAND AND OAK PARK,1523,6800 W GRAND AVENUE,09/13/2014,9,1130668.89526974,1915248.469290467,41.923708193,-87.795300781,"(41.92370819286044, -87.79530078123082)"
CICERO AND DIVERSEY,1691,2800 N CICERO AVENUE,06/11/2016,7,1143863.647574835,1918202.018463414,41.931575608,-87.746743301,"(41.93157560844622, -87.74674330113561)"
MADISON AND CENTRAL,1754,5600 W MADISON STREET,02/10/2015,1,1139033.690528149,1899503.712147867,41.880354556,-87.764948136,"(41.88035455632559, -87.76494813634785)"
GRAND AND OAK PARK,1523,6800 W GRAND AVENUE,10/24/2015,2,1130668.89526974,1915248.469290467,41.923708193,-87.795300781,"(41.92370819286044, -87.79530078123082)"
CICERO AND DIVERSEY,1691,2800 N CICERO AVENUE,09/23/2014,1,1143863.647574835,1918202.018463414,41.931575608,-87.746743301,"(41.93157560844622, -87.74674330113561)"
CICERO AND DIVERSEY,1691,2800 N CICERO AVENUE,04/24/2016,2,1143863.647574835,1918202.018463414,41.931575608,-87.746743301,"(41.93157560844622, -87.74674330113561)"
95TH AND STONEY ISLAND,2514,1600 E 95TH STREET,12/06/2016,4,1188537.746187743,1842339.840767953,41.722449457,-87.585003569,"(41.72244945701069, -87.58500356910938)"
PULASKI AND FULLERTON,1481,2400 N PULASKI RD,11/06/2016,3,1149275.963864089,1915687.631931757,41.924572574,-87.726919111,"(41.92457257416937, -87.72691911144182)"
CICERO AND DIVERSEY,1691,2800 N CICERO AVENUE,05/22/2017,2,1143863.647574835,1918202.018463414,41.931575608,-87.746743301,"(41.93157560844622, -87.74674330113561)"
RIDGE AND CLARK,1051,5930 N CLARK STREET,06/12/2015,5,1164554.784723473,1939388.511516442,41.98929863,-87.670104121,"(41.98929863013193, -87.67010412112992)"
WESTERN AND 63RD,2371,6300 S WESTERN AVE,03/30/2017,1,1161415.712688877,1862772.38856596,41.779123484,-87.683783099,"(41.77912348383963, -87.68378309863576)"
PULASKI AND 79TH,2492,7900 S PULASKI ROAD,09/19/2014,4,1151054.87395657,1851842.663854121,41.749339,-87.722052091,"(41.74933900008238, -87.72205209091501)"
PETERSON AND WESTERN,1011,6000 N WESTERN AVE,02/22/2015,5,1159190.625032041,1939816.75471116,41.990586042,-87.689822473,"(41.99058604241958, -87.68982247294417)"
RIDGE AND CLARK,1051,5930 N CLARK STREET,03/25/2017,1,1164554.784723473,1939388.511516442,41.98929863,-87.670104121,"(41.98929863013193, -87.67010412112992)"
GRAND AND OAK PARK,1524,6800 W GRAND AVENUE,03/06/2016,4,1130668.89526974,1915248.469290467,41.923708193,-87.795300781,"(41.92370819286044, -87.79530078123082)"
PULASKI AND BELMONT,1383,4000 W BELMONT AVE,12/01/2015,1,1149131.866894851,1921018.50498026,41.93920375,-87.727310134,"(41.93920374986553, -87.72731013414392)"
AUSTIN AND IRVING PARK,1163,6000 W IRVING PARK ROAD,10/27/2014,1,1135622.402636023,1926014.192063646,41.953163772,-87.776842593,"(41.95316377185154, -87.77684259284736)"
PETERSON AND WESTERN,1011,6000 N WESTERN AVE,02/17/2016,1,1159190.625032041,1939816.75471116,41.990586042,-87.689822473,"(41.99058604241958, -87.68982247294417)"
ASHLAND AND DIVISION,1793,1600 W DIVISION STREET,11/11/2015,5,1165489.684200442,1908112.312963909,41.903455316,-87.667558994,"(41.903455316483814, -87.66755899396976)"
ARCHER AND CICERO,2084,5400 S ARCHER AVE,04/30/2016,4,1145209.426392053,1869810.657411975,41.798758208,-87.743020541,"(41.798758207843264, -87.74302054146467)"
MADISON AND CENTRAL,1754,5600 W MADISON STREET,07/09/2014,3,1139033.690528149,1899503.712147867,41.880354556,-87.764948136,"(41.88035455632559, -87.76494813634785)"
PULASKI AND FULLERTON,1484,4000 W FULLERTON AVE,07/19/2014,5,1149303.081963737,1915695.275222648,41.924593022,-87.726819268,"(41.92459302175305, -87.7268192684032)"
ARCHER AND CICERO,2084,5400 S ARCHER AVE,05/30/2017,11,1145209.426392053,1869810.657411975,41.798758208,-87.743020541,"(41.798758207843264, -87.74302054146467)"
95TH AND STONEY ISLAND,2514,1600 E 95TH STREET,10/12/2015,12,1188537.746187743,1842339.840767953,41.722449457,-87.585003569,"(41.72244945701069, -87.58500356910938)"
KEDZIE AND 47TH,2101,4700 S KEDZIE AVE,10/03/2015,3,1155791.949302478,1873270.778481327,41.808047272,-87.704118822,"(41.80804727165029, -87.70411882229871)"
SACRAMENTO AND CHICAGO,1812,800 N SACRAMENTO AVEN,09/29/2016,4,1156039.008141929,1905193.084100581,41.895640714,-87.702352328,"(41.89564071387542, -87.70235232767416)"
GRAND AND OAK PARK,1524,6800 W GRAND AVENUE,03/18/2016,1,1130668.89526974,1915248.469290467,41.923708193,-87.795300781,"(41.92370819286044, -87.79530078123082)"
95TH AND STONEY ISLAND,2514,1600 E 95TH STREET,10/09/2014,2,1188537.746187743,1842339.840767953,41.722449457,-87.585003569,"(41.72244945701069, -87.58500356910938)"
RIDGE AND CLARK,1051,5930 N CLARK STREET,09/25/2015,7,1164554.784723473,1939388.511516442,41.98929863,-87.670104121,"(41.98929863013193, -87.67010412112992)"
KEDZIE AND 47TH,2101,4700 S KEDZIE AVE,09/25/2015,1,1155791.949302478,1873270.778481327,41.808047272,-87.704118822,"(41.80804727165029, -87.70411882229871)"
RIDGE AND CLARK,1052,5930 N CLARK STREET,03/26/2017,2,1164554.784723473,1939388.511516442,41.98929863,-87.670104121,"(41.98929863013193, -87.67010412112992)"
PULASKI AND 63RD,2343,4000 W 63RD ST,08/29/2014,4,1150768.346768175,1862564.615405259,41.77876739,-87.722823195,"(41.778767390084305, -87.72282319530368)"
ADDISON AND HARLEM,1593,7200 W ADDISON,09/07/2015,1,1127417.488447099,1923123.407710965,41.945373358,-87.807070326,"(41.94537335809189, -87.80707032561135)"
PULASKI AND CHICAGO,1982,800 N PULASKI ROAD,10/06/2016,2,1149538.444844035,1905079.034990625,41.895456457,-87.726230541,"(41.895456456825386, -87.72623054051289)"
LAWRENCE AND CICERO,1042,4800 N CICERO AVENUE,08/07/2015,4,1143464.651785526,1931490.551883203,41.968048007,-87.747875985,"(41.968048007293845, -87.74787598468126)"
PULASKI AND 63RD,2343,4000 W 63RD ST,01/24/2016,6,1150768.346768175,1862564.615405259,41.77876739,-87.722823195,"(41.778767390084305, -87.72282319530368)"
RIDGE AND CLARK,1051,5930 N CLARK STREET,03/09/2017,8,1164554.784723473,1939388.511516442,41.98929863,-87.670104121,"(41.98929863013193, -87.67010412112992)"
LAWRENCE AND CICERO,1042,4800 N CICERO AVENUE,06/13/2015,5,1143464.651785526,1931490.551883203,41.968048007,-87.747875985,"(41.968048007293845, -87.74787598468126)"
SACRAMENTO AND CHICAGO,1812,800 N SACRAMENTO AVEN,01/26/2016,5,1156039.008141929,1905193.084100581,41.895640714,-87.702352328,"(41.89564071387542, -87.70235232767416)"
95TH AND STONEY ISLAND,2514,1600 E 95TH STREET,08/14/2015,11,1188537.746187743,1842339.840767953,41.722449457,-87.585003569,"(41.72244945701069, -87.58500356910938)"
PULASKI AND FULLERTON,1484,4000 W FULLERTON AVE,02/12/2016,4,1149303.081963737,1915695.275222648,41.924593022,-87.726819268,"(41.92459302175305, -87.7268192684032)"
LAWRENCE AND CICERO,1041,4800 N CICERO AVE,06/20/2015,14,1143464.651785526,1931490.551883203,41.968048007,-87.747875985,"(41.968048007293845, -87.74787598468126)"
LARAMIE AND MADISON,2043,5200 W MADISON STREET,05/29/2017,4,1141706.965522802,1899567.55684314,41.880480752,-87.755130433,"(41.88048075170171, -87.75513043296509)"
PULASKI AND 79TH,2494,4000 W 79TH STREET,08/23/2016,3,1151074.116357501,1851966.830243835,41.749679359,-87.721978345,"(41.74967935883473, -87.72197834524168)"
AUSTIN AND IRVING PARK,1163,6000 W IRVING PARK ROAD,12/18/2015,6,1135622.402636023,1926014.192063646,41.953163772,-87.776842593,"(41.95316377185154, -87.77684259284736)"
KIMBALL AND LINCOLN,2741,6200 N KIMBALL AVENUE,02/25/2015,1,1152543.355058345,1940954.1008022,41.993841437,-87.714242493,"(41.99384143707685, -87.71424249302686)"
LAWRENCE AND CICERO,1042,4800 N CICERO AVENUE,03/02/2015,3,1143464.651785526,1931490.551883203,41.968048007,-87.747875985,"(41.968048007293845, -87.74787598468126)"
MADISON AND CENTRAL,1754,5600 W MADISON STREET,11/19/2014,3,1139033.690528149,1899503.712147867,41.880354556,-87.764948136,"(41.88035455632559, -87.76494813634785)"
LAWRENCE AND CICERO,1041,4800 N CICERO AVE,04/05/2017,2,1143464.651785526,1931490.551883203,41.968048007,-87.747875985,"(41.968048007293845, -87.74787598468126)"
AUSTIN AND IRVING PARK,1163,6000 W IRVING PARK ROAD,07/20/2016,2,1135622.402636023,1926014.192063646,41.953163772,-87.776842593,"(41.95316377185154, -87.77684259284736)"
KEDZIE AND ARMITAGE,1832,2000 N KEDZIE AVENUE,05/29/2017,5,1154684.031809326,1913129.496340896,41.917446172,-87.707116072,"(41.91744617191702, -87.70711607187832)"
GRAND AND OAK PARK,1524,6800 W GRAND AVENUE,11/13/2015,7,1130668.89526974,1915248.469290467,41.923708193,-87.795300781,"(41.92370819286044, -87.79530078123082)"
PULASKI AND CHICAGO,1982,800 N PULASKI ROAD,05/14/2017,2,1149538.444844035,1905079.034990625,41.895456457,-87.726230541,"(41.895456456825386, -87.72623054051289)"
ASHLAND AND DIVISION,1793,1600 W DIVISION STREET,12/28/2016,3,1165489.684200442,1908112.312963909,41.903455316,-87.667558994,"(41.903455316483814, -87.66755899396976)"
PULASKI AND 79TH,2494,4000 W 79TH STREET,10/29/2015,1,1151074.116357501,1851966.830243835,41.749679359,-87.721978345,"(41.74967935883473, -87.72197834524168)"
ARCHER AND CICERO,2084,5400 S ARCHER AVE,03/27/2017,6,1145209.426392053,1869810.657411975,41.798758208,-87.743020541,"(41.798758207843264, -87.74302054146467)"
PULASKI AND 79TH,2494,4000 W 79TH STREET,02/11/2017,6,1151074.116357501,1851966.830243835,41.749679359,-87.721978345,"(41.74967935883473, -87.72197834524168)"
HALSTED AND DIVISION,1711,1200 N HALSTED,08/14/2015,8,1170746.639428735,1908242.256010774,41.903698308,-87.648245351,"(41.90369830765008, -87.64824535062563)"
CICERO AND DIVERSEY,1691,2800 N CICERO AVENUE,02/17/2016,4,1143863.647574835,1918202.018463414,41.931575608,-87.746743301,"(41.93157560844622, -87.74674330113561)"
ASHLAND AND DIVISION,1793,1600 W DIVISION STREET,10/18/2016,1,1165489.684200442,1908112.312963909,41.903455316,-87.667558994,"(41.903455316483814, -87.66755899396976)"
LAWRENCE AND CICERO,1041,4800 N CICERO AVE,04/24/2017,2,1143464.651785526,1931490.551883203,41.968048007,-87.747875985,"(41.968048007293845, -87.74787598468126)"
PETERSON AND WESTERN,1011,6000 N WESTERN AVE,03/24/2017,7,1159190.625032041,1939816.75471116,41.990586042,-87.689822473,"(41.99058604241958, -87.68982247294417)"
LAWRENCE AND CICERO,1042,4800 N CICERO AVENUE,07/30/2016,12,1143464.651785526,1931490.551883203,41.968048007,-87.747875985,"(41.968048007293845, -87.74787598468126)"
PULASKI AND 79TH,2494,4000 W 79TH STREET,04/08/2017,3,1151074.116357501,1851966.830243835,41.749679359,-87.721978345,"(41.74967935883473, -87.72197834524168)"
LAWRENCE AND WESTERN,1192,4800 N WESTERN AVENUE,05/23/2016,5,1159459.622430471,1931821.342623414,41.968640727,-87.689054241,"(41.96864072747715, -87.6890542408374)"
MADISON AND WESTERN,1934,2400 W MADISON,04/16/2016,4,1160384.621277157,1899988.655722373,41.881270504,-87.68653594,"(41.88127050428818, -87.68653594017124)"
WESTERN AND MARQUETTE,2674,2400 W MARQUETTE ROAD,04/24/2017,5,1161509.889315231,1860208.627404126,41.772086214,-87.683508858,"(41.772086214104526, -87.68350885781568)"
LAWRENCE AND CICERO,1041,4800 N CICERO AVE,03/12/2017,7,1143464.651785526,1931490.551883203,41.968048007,-87.747875985,"(41.968048007293845, -87.74787598468126)"
PULASKI AND 63RD,2343,4000 W 63RD ST,02/15/2017,1,1150768.346768175,1862564.615405259,41.77876739,-87.722823195,"(41.778767390084305, -87.72282319530368)"
RIDGE AND CLARK,1052,5930 N CLARK STREET,09/25/2014,5,1164554.784723473,1939388.511516442,41.98929863,-87.670104121,"(41.98929863013193, -87.67010412112992)"
ADDISON AND HARLEM,1593,7200 W ADDISON,03/21/2016,3,1127417.488447099,1923123.407710965,41.945373358,-87.807070326,"(41.94537335809189, -87.80707032561135)"
KEDZIE AND 47TH,2101,4700 S KEDZIE AVE,08/16/2016,3,1155791.949302478,1873270.778481327,41.808047272,-87.704118822,"(41.80804727165029, -87.70411882229871)"
CALIFORNIA AND DIVERSEY,1511,2800 N CALIFORNIA AVE,05/23/2017,3,1157189.355049829,1918495.644754069,41.932120719,-87.6977653,"(41.93212071910647, -87.69776530036465)"
KEDZIE AND 47TH,2101,4700 S KEDZIE AVE,03/14/2017,6,1155791.949302478,1873270.778481327,41.808047272,-87.704118822,"(41.80804727165029, -87.70411882229871)"
95TH AND STONEY ISLAND,2513,1600 E 95TH STREET,12/10/2014,8,1188537.746187743,1842339.840767953,41.722449457,-87.585003569,"(41.72244945701069, -87.58500356910938)"
PULASKI AND 79TH,2494,4000 W 79TH STREET,06/04/2015,3,1151074.116357501,1851966.830243835,41.749679359,-87.721978345,"(41.74967935883473, -87.72197834524168)"
HALSTED AND DIVISION,1711,1200 N HALSTED,02/04/2017,3,1170746.639428735,1908242.256010774,41.903698308,-87.648245351,"(41.90369830765008, -87.64824535062563)"
PULASKI AND 63RD,2343,4000 W 63RD ST,10/27/2014,4,1150768.346768175,1862564.615405259,41.77876739,-87.722823195,"(41.778767390084305, -87.72282319530368)"
HALSTED AND DIVISION,1711,1200 N HALSTED,07/15/2016,21,1170746.639428735,1908242.256010774,41.903698308,-87.648245351,"(41.90369830765008, -87.64824535062563)"
RIDGE AND CLARK,1052,5930 N CLARK STREET,07/15/2015,4,1164554.784723473,1939388.511516442,41.98929863,-87.670104121,"(41.98929863013193, -87.67010412112992)"
87TH AND VINCENNES,2413,848 W 87TH STREET,03/14/2016,2,1172002.531006759,1847197.326168367,41.736157546,-87.6454274,"(41.73615754630335, -87.64542740049411)"
PETERSON AND WESTERN,1011,6000 N WESTERN AVE,06/07/2015,4,1159190.625032041,1939816.75471116,41.990586042,-87.689822473,"(41.99058604241958, -87.68982247294417)"
ARCHER AND CICERO,2084,5400 S ARCHER AVE,08/04/2015,6,1145209.426392053,1869810.657411975,41.798758208,-87.743020541,"(41.798758207843264, -87.74302054146467)"
GARFIELD AND ASHLAND,2274,1600 W GARFIELD BLVD,01/04/2015,5,1166593.072608676,1868281.842213365,41.79413322,-87.664645263,"(41.79413322022423, -87.66464526320254)"
PULASKI AND 63RD,2343,4000 W 63RD ST,10/27/2016,3,1150768.346768175,1862564.615405259,41.77876739,-87.722823195,"(41.778767390084305, -87.72282319530368)"
PETERSON AND WESTERN,1011,6000 N WESTERN AVE,10/28/2014,2,1159190.625032041,1939816.75471116,41.990586042,-87.689822473,"(41.99058604241958, -87.68982247294417)"
GRAND AND OAK PARK,1524,6800 W GRAND AVENUE,09/10/2014,6,1130668.89526974,1915248.469290467,41.923708193,-87.795300781,"(41.92370819286044, -87.79530078123082)"
PETERSON AND WESTERN,1011,6000 N WESTERN AVE,09/29/2014,4,1159190.625032041,1939816.75471116,41.990586042,-87.689822473,"(41.99058604241958, -87.68982247294417)"
ARCHER/NARRAGANSETT AND 55TH,2073,6400 W ARCHER AVE,01/29/2015,10,1134629.248133949,1867443.543796524,41.792455256,-87.78187685,"(41.79245525550523, -87.78187684987694)"
PULASKI AND CHICAGO,1982,800 N PULASKI ROAD,10/11/2014,1,1149538.444844035,1905079.034990625,41.895456457,-87.726230541,"(41.895456456825386, -87.72623054051289)"
LAWRENCE AND CICERO,1042,4800 N CICERO AVENUE,05/09/2017,11,1143464.651785526,1931490.551883203,41.968048007,-87.747875985,"(41.968048007293845, -87.74787598468126)"
RIDGE AND CLARK,1052,5930 N CLARK STREET,05/05/2015,5,1164554.784723473,1939388.511516442,41.98929863,-87.670104121,"(41.98929863013193, -87.67010412112992)"
LAWRENCE AND WESTERN,1192,4800 N WESTERN AVENUE,08/07/2014,7,1159459.622430471,1931821.342623414,41.968640727,-87.689054241,"(41.96864072747715, -87.6890542408374)"
CALIFORNIA AND DIVERSEY,1511,2800 N CALIFORNIA AVE,01/26/2016,4,1157189.355049829,1918495.644754069,41.932120719,-87.6977653,"(41.93212071910647, -87.69776530036465)"
MADISON AND WESTERN,1934,2400 W MADISON,10/12/2016,1,1160384.621277157,1899988.655722373,41.881270504,-87.68653594,"(41.88127050428818, -87.68653594017124)"
RIDGE AND CLARK,1051,5930 N CLARK STREET,08/11/2015,10,1164554.784723473,1939388.511516442,41.98929863,-87.670104121,"(41.98929863013193, -87.67010412112992)"
GRAND AND OAK PARK,1523,6800 W GRAND AVENUE,07/06/2015,8,1130668.89526974,1915248.469290467,41.923708193,-87.795300781,"(41.92370819286044, -87.79530078123082)"
MADISON AND WESTERN,1934,2400 W MADISON,04/25/2016,2,1160384.621277157,1899988.655722373,41.881270504,-87.68653594,"(41.88127050428818, -87.68653594017124)"
WESTERN AND 63RD,2371,6300 S WESTERN AVE,05/11/2016,3,1161415.712688877,1862772.38856596,41.779123484,-87.683783099,"(41.77912348383963, -87.68378309863576)"
95TH AND STONEY ISLAND,2513,1600 E 95TH STREET,10/13/2015,3,1188537.746187743,1842339.840767953,41.722449457,-87.585003569,"(41.72244945701069, -87.58500356910938)"
LAWRENCE AND WESTERN,1192,4800 N WESTERN AVENUE,12/27/2015,2,1159459.622430471,1931821.342623414,41.968640727,-87.689054241,"(41.96864072747715, -87.6890542408374)"
PULASKI AND FULLERTON,1484,4000 W FULLERTON AVE,10/06/2016,6,1149303.081963737,1915695.275222648,41.924593022,-87.726819268,"(41.92459302175305, -87.7268192684032)"
PULASKI AND 63RD,2343,4000 W 63RD ST,09/16/2015,3,1150768.346768175,1862564.615405259,41.77876739,-87.722823195,"(41.778767390084305, -87.72282319530368)"
COTTAGE GROVE AND 95TH,2602,9500 S COTTAGE GROVE,12/02/2014,1,1183531.307692447,1842122.302108743,41.721970465,-87.60334804,"(41.72197046522736, -87.60334804007711)"
CICERO AND DIVERSEY,1691,2800 N CICERO AVENUE,07/31/2014,3,1143863.647574835,1918202.018463414,41.931575608,-87.746743301,"(41.93157560844622, -87.74674330113561)"
GRAND AND OAK PARK,1524,6800 W GRAND AVENUE,12/24/2015,10,1130668.89526974,1915248.469290467,41.923708193,-87.795300781,"(41.92370819286044, -87.79530078123082)"
GRAND AND OAK PARK,1523,6800 W GRAND AVENUE,03/27/2015,6,1130668.89526974,1915248.469290467,41.923708193,-87.795300781,"(41.92370819286044, -87.79530078123082)"
PULASKI AND FULLERTON,1481,2400 N PULASKI RD,02/06/2017,2,1149275.963864089,1915687.631931757,41.924572574,-87.726919111,"(41.92457257416937, -87.72691911144182)"
PULASKI AND 79TH,2492,7900 S PULASKI ROAD,01/06/2015,3,1151054.87395657,1851842.663854121,41.749339,-87.722052091,"(41.74933900008238, -87.72205209091501)"
ASHLAND AND DIVISION,1793,1600 W DIVISION STREET,10/25/2015,4,1165489.684200442,1908112.312963909,41.903455316,-87.667558994,"(41.903455316483814, -87.66755899396976)"
CICERO AND DIVERSEY,1691,2800 N CICERO AVENUE,10/10/2016,3,1143863.647574835,1918202.018463414,41.931575608,-87.746743301,"(41.93157560844622, -87.74674330113561)"
95TH AND STONEY ISLAND,2514,1600 E 95TH STREET,10/26/2016,8,1188537.746187743,1842339.840767953,41.722449457,-87.585003569,"(41.72244945701069, -87.58500356910938)"
PULASKI AND 79TH,2494,4000 W 79TH STREET,03/09/2015,2,1151074.116357501,1851966.830243835,41.749679359,-87.721978345,"(41.74967935883473, -87.72197834524168)"
ASHLAND AND DIVISION,1793,1600 W DIVISION STREET,07/26/2015,9,1165489.684200442,1908112.312963909,41.903455316,-87.667558994,"(41.903455316483814, -87.66755899396976)"
PULASKI AND 79TH,2494,4000 W 79TH STREET,10/29/2014,1,1151074.116357501,1851966.830243835,41.749679359,-87.721978345,"(41.74967935883473, -87.72197834524168)"
WESTERN AND MARQUETTE,2674,2400 W MARQUETTE ROAD,11/12/2015,1,1161509.889315231,1860208.627404126,41.772086214,-87.683508858,"(41.772086214104526, -87.68350885781568)"
CALIFORNIA AND DIVERSEY,1511,2800 N CALIFORNIA AVE,09/01/2014,5,1157189.355049829,1918495.644754069,41.932120719,-87.6977653,"(41.93212071910647, -87.69776530036465)"
WESTERN AND 63RD,2373,2400 W 63RD ST,05/29/2017,4,1161444.415758584,1862848.534703658,41.779331844,-87.683675761,"(41.77933184429814, -87.68367576084798)"
CICERO AND DIVERSEY,1691,2800 N CICERO AVENUE,04/23/2017,2,1143863.647574835,1918202.018463414,41.931575608,-87.746743301,"(41.93157560844622, -87.74674330113561)"
PULASKI AND 63RD,2343,4000 W 63RD ST,06/25/2015,3,1150768.346768175,1862564.615405259,41.77876739,-87.722823195,"(41.778767390084305, -87.72282319530368)"
95TH AND STONEY ISLAND,2513,1600 E 95TH STREET,03/25/2015,4,1188537.746187743,1842339.840767953,41.722449457,-87.585003569,"(41.72244945701069, -87.58500356910938)"
ASHLAND AND DIVISION,1793,1600 W DIVISION STREET,11/16/2015,2,1165489.684200442,1908112.312963909,41.903455316,-87.667558994,"(41.903455316483814, -87.66755899396976)"
GRAND AND OAK PARK,1524,6800 W GRAND AVENUE,11/16/2016,5,1130668.89526974,1915248.469290467,41.923708193,-87.795300781,"(41.92370819286044, -87.79530078123082)"
ARCHER AND CICERO,2084,5400 S ARCHER AVE,12/09/2015,5,1145209.426392053,1869810.657411975,41.798758208,-87.743020541,"(41.798758207843264, -87.74302054146467)"
PULASKI AND 79TH,2494,4000 W 79TH STREET,04/07/2017,9,1151074.116357501,1851966.830243835,41.749679359,-87.721978345,"(41.74967935883473, -87.72197834524168)"
LAWRENCE AND WESTERN,1192,4800 N WESTERN AVENUE,02/24/2016,1,1159459.622430471,1931821.342623414,41.968640727,-87.689054241,"(41.96864072747715, -87.6890542408374)"
ASHLAND AND DIVISION,1793,1600 W DIVISION STREET,02/23/2016,3,1165489.684200442,1908112.312963909,41.903455316,-87.667558994,"(41.903455316483814, -87.66755899396976)"
PULASKI AND 63RD,2343,4000 W 63RD ST,11/27/2016,1,1150768.346768175,1862564.615405259,41.77876739,-87.722823195,"(41.778767390084305, -87.72282319530368)"
PULASKI AND 79TH,2494,4000 W 79TH STREET,07/03/2014,5,1151074.116357501,1851966.830243835,41.749679359,-87.721978345,"(41.74967935883473, -87.72197834524168)"
WESTERN AND 63RD,2371,6300 S WESTERN AVE,01/04/2015,3,1161415.712688877,1862772.38856596,41.779123484,-87.683783099,"(41.77912348383963, -87.68378309863576)"
CICERO AND DIVERSEY,1691,2800 N CICERO AVENUE,03/01/2017,3,1143863.647574835,1918202.018463414,41.931575608,-87.746743301,"(41.93157560844622, -87.74674330113561)"
CALIFORNIA AND DIVERSEY,1511,2800 N CALIFORNIA AVE,04/18/2015,6,1157189.355049829,1918495.644754069,41.932120719,-87.6977653,"(41.93212071910647, -87.69776530036465)"
LAWRENCE AND CICERO,1042,4800 N CICERO AVENUE,11/24/2015,3,1143464.651785526,1931490.551883203,41.968048007,-87.747875985,"(41.968048007293845, -87.74787598468126)"
FULLERTON AND NARRAGANSETT,1553,6400 W FULLERTON AVENU,03/17/2017,3,1133317.594499059,1915293.661305931,41.923786189,-87.785567206,"(41.92378618871128, -87.78556720562165)"
31ST AND CALIFORNIA,2061,3100 S CALIFORNIA,02/16/2015,2,1158151.943135347,1883939.950079683,41.83727705,-87.695172247,"(41.837277050366296, -87.69517224651918)"
PULASKI AND 79TH,2492,7900 S PULASKI ROAD,05/30/2017,1,1151054.87395657,1851842.663854121,41.749339,-87.722052091,"(41.74933900008238, -87.72205209091501)"
PULASKI AND 63RD,2343,4000 W 63RD ST,01/21/2016,3,1150768.346768175,1862564.615405259,41.77876739,-87.722823195,"(41.778767390084305, -87.72282319530368)"
PULASKI AND 79TH,2494,4000 W 79TH STREET,08/04/2015,2,1151074.116357501,1851966.830243835,41.749679359,-87.721978345,"(41.74967935883473, -87.72197834524168)"
PETERSON AND WESTERN,1011,6000 N WESTERN AVE,10/07/2015,2,1159190.625032041,1939816.75471116,41.990586042,-87.689822473,"(41.99058604241958, -87.68982247294417)"
WESTERN AND 63RD,2371,6300 S WESTERN AVE,10/13/2015,1,1161415.712688877,1862772.38856596,41.779123484,-87.683783099,"(41.77912348383963, -87.68378309863576)"
PULASKI AND 79TH,2494,4000 W 79TH STREET,10/27/2016,6,1151074.116357501,1851966.830243835,41.749679359,-87.721978345,"(41.74967935883473, -87.72197834524168)"
LAWRENCE AND WESTERN,1192,4800 N WESTERN AVENUE,05/14/2016,3,1159459.622430471,1931821.342623414,41.968640727,-87.689054241,"(41.96864072747715, -87.6890542408374)"
95TH AND STONEY ISLAND,2513,1600 E 95TH STREET,12/04/2014,13,1188537.746187743,1842339.840767953,41.722449457,-87.585003569,"(41.72244945701069, -87.58500356910938)"
MADISON AND WESTERN,1934,2400 W MADISON,06/02/2015,2,1160384.621277157,1899988.655722373,41.881270504,-87.68653594,"(41.88127050428818, -87.68653594017124)"
ARCHER/NARRAGANSETT AND 55TH,2073,6400 W ARCHER AVE,10/25/2014,2,1134629.248133949,1867443.543796524,41.792455256,-87.78187685,"(41.79245525550523, -87.78187684987694)"
ROOSEVELT AND KOSTNER,2323,4400 W ROOSEVELT,05/29/2017,3,1147200.963258796,1894379.538078088,41.866140868,-87.73508956,"(41.866140867641654, -87.73508956008207)"
LAWRENCE AND CICERO,1042,4800 N CICERO AVENUE,03/16/2016,5,1143464.651785526,1931490.551883203,41.968048007,-87.747875985,"(41.968048007293845, -87.74787598468126)"
95TH AND STONEY ISLAND,2513,1600 E 95TH STREET,12/09/2015,5,1188537.746187743,1842339.840767953,41.722449457,-87.585003569,"(41.72244945701069, -87.58500356910938)"
HALSTED AND DIVISION,1711,1200 N HALSTED,08/02/2015,5,1170746.639428735,1908242.256010774,41.903698308,-87.648245351,"(41.90369830765008, -87.64824535062563)"
PULASKI AND BELMONT,1383,4000 W BELMONT AVE,05/18/2015,1,1149131.866894851,1921018.50498026,41.93920375,-87.727310134,"(41.93920374986553, -87.72731013414392)"
RIDGE AND CLARK,1052,5930 N CLARK STREET,10/25/2015,1,1164554.784723473,1939388.511516442,41.98929863,-87.670104121,"(41.98929863013193, -87.67010412112992)"
79TH AND KEDZIE,2442,7900 S KEDZIE AVE,02/27/2016,1,1156378.39667768,1852021.375281577,41.749723972,-87.702539572,"(41.749723971726056, -87.70253957167394)"
79TH AND KEDZIE,2442,7900 S KEDZIE AVE,12/13/2015,1,1156378.39667768,1852021.375281577,41.749723972,-87.702539572,"(41.749723971726056, -87.70253957167394)"
95TH AND STONEY ISLAND,2514,1600 E 95TH STREET,01/09/2015,1,1188537.746187743,1842339.840767953,41.722449457,-87.585003569,"(41.72244945701069, -87.58500356910938)"
MADISON AND WESTERN,1934,2400 W MADISON,07/27/2016,6,1160384.621277157,1899988.655722373,41.881270504,-87.68653594,"(41.88127050428818, -87.68653594017124)"
AUSTIN AND ADDISON,1493,6000 W ADDISON STREET,11/25/2016,1,1135698.173154422,1923360.229527805,41.945879676,-87.776627421,"(41.94587967559099, -87.77662742093737)"
PULASKI AND 63RD,2343,4000 W 63RD ST,07/03/2015,3,1150768.346768175,1862564.615405259,41.77876739,-87.722823195,"(41.778767390084305, -87.72282319530368)"
PULASKI AND CHICAGO,1982,800 N PULASKI ROAD,10/15/2015,2,1149538.444844035,1905079.034990625,41.895456457,-87.726230541,"(41.895456456825386, -87.72623054051289)"
PULASKI AND 63RD,2343,4000 W 63RD ST,11/07/2016,3,1150768.346768175,1862564.615405259,41.77876739,-87.722823195,"(41.778767390084305, -87.72282319530368)"
AUSTIN AND ADDISON,1493,6000 W ADDISON STREET,11/21/2016,2,1135698.173154422,1923360.229527805,41.945879676,-87.776627421,"(41.94587967559099, -87.77662742093737)"
LAWRENCE AND CICERO,1041,4800 N CICERO AVE,03/26/2017,8,1143464.651785526,1931490.551883203,41.968048007,-87.747875985,"(41.968048007293845, -87.74787598468126)"
RIDGE AND CLARK,1051,5930 N CLARK STREET,10/04/2015,7,1164554.784723473,1939388.511516442,41.98929863,-87.670104121,"(41.98929863013193, -87.67010412112992)"
95TH AND STONEY ISLAND,2513,1600 E 95TH STREET,04/06/2015,3,1188537.746187743,1842339.840767953,41.722449457,-87.585003569,"(41.72244945701069, -87.58500356910938)"
PULASKI AND 63RD,2343,4000 W 63RD ST,02/03/2017,2,1150768.346768175,1862564.615405259,41.77876739,-87.722823195,"(41.778767390084305, -87.72282319530368)"
87TH AND VINCENNES,2413,848 W 87TH STREET,09/03/2016,19,1172002.531006759,1847197.326168367,41.736157546,-87.6454274,"(41.73615754630335, -87.64542740049411)"
ARCHER AND CICERO,2084,5400 S ARCHER AVE,05/29/2015,10,1145209.426392053,1869810.657411975,41.798758208,-87.743020541,"(41.798758207843264, -87.74302054146467)"
GRAND AND OAK PARK,1524,6800 W GRAND AVENUE,05/16/2017,11,1130668.89526974,1915248.469290467,41.923708193,-87.795300781,"(41.92370819286044, -87.79530078123082)"
LAWRENCE AND CICERO,1041,4800 N CICERO AVE,08/09/2016,6,1143464.651785526,1931490.551883203,41.968048007,-87.747875985,"(41.968048007293845, -87.74787598468126)"
AUSTIN AND ADDISON,1493,6000 W ADDISON STREET,09/27/2015,4,1135698.173154422,1923360.229527805,41.945879676,-87.776627421,"(41.94587967559099, -87.77662742093737)"
LAWRENCE AND WESTERN,1192,4800 N WESTERN AVENUE,10/26/2016,5,1159459.622430471,1931821.342623414,41.968640727,-87.689054241,"(41.96864072747715, -87.6890542408374)"
PULASKI AND CHICAGO,1982,800 N PULASKI ROAD,10/17/2016,3,1149538.444844035,1905079.034990625,41.895456457,-87.726230541,"(41.895456456825386, -87.72623054051289)"
MADISON AND WESTERN,1934,2400 W MADISON,06/16/2016,2,1160384.621277157,1899988.655722373,41.881270504,-87.68653594,"(41.88127050428818, -87.68653594017124)"
LAWRENCE AND WESTERN,1192,4800 N WESTERN AVENUE,11/07/2014,2,1159459.622430471,1931821.342623414,41.968640727,-87.689054241,"(41.96864072747715, -87.6890542408374)"
95TH AND STONEY ISLAND,2514,1600 E 95TH STREET,12/21/2014,5,1188537.746187743,1842339.840767953,41.722449457,-87.585003569,"(41.72244945701069, -87.58500356910938)"
PULASKI AND FULLERTON,1484,4000 W FULLERTON AVE,12/27/2015,1,1149303.081963737,1915695.275222648,41.924593022,-87.726819268,"(41.92459302175305, -87.7268192684032)"
WESTERN AND 63RD,2371,6300 S WESTERN AVE,09/27/2015,4,1161415.712688877,1862772.38856596,41.779123484,-87.683783099,"(41.77912348383963, -87.68378309863576)"
MADISON AND WESTERN,1934,2400 W MADISON,01/18/2015,3,1160384.621277157,1899988.655722373,41.881270504,-87.68653594,"(41.88127050428818, -87.68653594017124)"
CICERO AND DIVERSEY,1691,2800 N CICERO AVENUE,09/19/2015,4,1143863.647574835,1918202.018463414,41.931575608,-87.746743301,"(41.93157560844622, -87.74674330113561)"
SACRAMENTO AND CHICAGO,1812,800 N SACRAMENTO AVEN,01/27/2016,6,1156039.008141929,1905193.084100581,41.895640714,-87.702352328,"(41.89564071387542, -87.70235232767416)"
PULASKI AND 63RD,2343,4000 W 63RD ST,11/02/2016,2,1150768.346768175,1862564.615405259,41.77876739,-87.722823195,"(41.778767390084305, -87.72282319530368)"
HALSTED AND DIVISION,1711,1200 N HALSTED,04/10/2015,5,1170746.639428735,1908242.256010774,41.903698308,-87.648245351,"(41.90369830765008, -87.64824535062563)"
WESTERN AND MARQUETTE,2674,2400 W MARQUETTE ROAD,06/23/2016,4,1161509.889315231,1860208.627404126,41.772086214,-87.683508858,"(41.772086214104526, -87.68350885781568)"
PETERSON AND WESTERN,1011,6000 N WESTERN AVE,01/07/2016,4,1159190.625032041,1939816.75471116,41.990586042,-87.689822473,"(41.99058604241958, -87.68982247294417)"
LAWRENCE AND CICERO,1042,4800 N CICERO AVENUE,09/12/2016,9,1143464.651785526,1931490.551883203,41.968048007,-87.747875985,"(41.968048007293845, -87.74787598468126)"
PETERSON AND WESTERN,1011,6000 N WESTERN AVE,06/30/2015,5,1159190.625032041,1939816.75471116,41.990586042,-87.689822473,"(41.99058604241958, -87.68982247294417)"
95TH AND STONEY ISLAND,2513,1600 E 95TH STREET,09/21/2014,6,1188537.746187743,1842339.840767953,41.722449457,-87.585003569,"(41.72244945701069, -87.58500356910938)"
PETERSON AND WESTERN,1011,6000 N WESTERN AVE,08/10/2016,4,1159190.625032041,1939816.75471116,41.990586042,-87.689822473,"(41.99058604241958, -87.68982247294417)"
LAWRENCE AND CICERO,1042,4800 N CICERO AVENUE,01/19/2015,2,1143464.651785526,1931490.551883203,41.968048007,-87.747875985,"(41.968048007293845, -87.74787598468126)"
95TH AND STONEY ISLAND,2514,1600 E 95TH STREET,06/26/2015,9,1188537.746187743,1842339.840767953,41.722449457,-87.585003569,"(41.72244945701069, -87.58500356910938)"
ARCHER/NARRAGANSETT AND 55TH,2074,6400 W ARCHER AVE,09/10/2014,9,1134629.248133949,1867443.543796524,41.792455256,-87.78187685,"(41.79245525550523, -87.78187684987694)"
MADISON AND CENTRAL,1754,5600 W MADISON STREET,01/18/2015,4,1139033.690528149,1899503.712147867,41.880354556,-87.764948136,"(41.88035455632559, -87.76494813634785)"
ADDISON AND HARLEM,1593,7200 W ADDISON,08/18/2015,2,1127417.488447099,1923123.407710965,41.945373358,-87.807070326,"(41.94537335809189, -87.80707032561135)"
ARCHER AND CICERO,2084,5400 S ARCHER AVE,02/19/2015,1,1145209.426392053,1869810.657411975,41.798758208,-87.743020541,"(41.798758207843264, -87.74302054146467)"
WESTERN AND MARQUETTE,2674,2400 W MARQUETTE ROAD,04/19/2016,4,1161509.889315231,1860208.627404126,41.772086214,-87.683508858,"(41.772086214104526, -87.68350885781568)"
SACRAMENTO AND CHICAGO,1812,800 N SACRAMENTO AVEN,12/03/2014,4,1156039.008141929,1905193.084100581,41.895640714,-87.702352328,"(41.89564071387542, -87.70235232767416)"
GRAND AND OAK PARK,1524,6800 W GRAND AVENUE,08/15/2014,7,1130668.89526974,1915248.469290467,41.923708193,-87.795300781,"(41.92370819286044, -87.79530078123082)"
GARFIELD AND ASHLAND,2274,1600 W GARFIELD BLVD,12/28/2014,3,1166593.072608676,1868281.842213365,41.79413322,-87.664645263,"(41.79413322022423, -87.66464526320254)"
PULASKI AND FULLERTON,1481,2400 N PULASKI RD,10/10/2016,1,1149275.963864089,1915687.631931757,41.924572574,-87.726919111,"(41.92457257416937, -87.72691911144182)"
GRAND AND OAK PARK,1524,6800 W GRAND AVENUE,08/31/2016,5,1130668.89526974,1915248.469290467,41.923708193,-87.795300781,"(41.92370819286044, -87.79530078123082)"
WESTERN AND MARQUETTE,2674,2400 W MARQUETTE ROAD,10/31/2014,1,1161509.889315231,1860208.627404126,41.772086214,-87.683508858,"(41.772086214104526, -87.68350885781568)"
WESTERN AND MARQUETTE,2674,2400 W MARQUETTE ROAD,05/13/2017,9,1161509.889315231,1860208.627404126,41.772086214,-87.683508858,"(41.772086214104526, -87.68350885781568)"
LAWRENCE AND CICERO,1042,4800 N CICERO AVENUE,10/23/2014,10,1143464.651785526,1931490.551883203,41.968048007,-87.747875985,"(41.968048007293845, -87.74787598468126)"
PULASKI AND BELMONT,1383,4000 W BELMONT AVE,02/19/2017,1,1149131.866894851,1921018.50498026,41.93920375,-87.727310134,"(41.93920374986553, -87.72731013414392)"
CALIFORNIA AND DIVERSEY,1511,2800 N CALIFORNIA AVE,03/12/2017,7,1157189.355049829,1918495.644754069,41.932120719,-87.6977653,"(41.93212071910647, -87.69776530036465)"
LAWRENCE AND CICERO,1042,4800 N CICERO AVENUE,12/14/2016,4,1143464.651785526,1931490.551883203,41.968048007,-87.747875985,"(41.968048007293845, -87.74787598468126)"
ASHLAND AND DIVISION,1793,1600 W DIVISION STREET,02/26/2016,2,1165489.684200442,1908112.312963909,41.903455316,-87.667558994,"(41.903455316483814, -87.66755899396976)"
SACRAMENTO AND CHICAGO,1812,800 N SACRAMENTO AVEN,05/21/2017,7,1156039.008141929,1905193.084100581,41.895640714,-87.702352328,"(41.89564071387542, -87.70235232767416)"
MADISON AND WESTERN,1934,2400 W MADISON,12/05/2015,1,1160384.621277157,1899988.655722373,41.881270504,-87.68653594,"(41.88127050428818, -87.68653594017124)"
AUSTIN AND IRVING PARK,1163,6000 W IRVING PARK ROAD,07/11/2015,2,1135622.402636023,1926014.192063646,41.953163772,-87.776842593,"(41.95316377185154, -87.77684259284736)"
PULASKI AND 79TH,2492,7900 S PULASKI ROAD,03/10/2017,4,1151054.87395657,1851842.663854121,41.749339,-87.722052091,"(41.74933900008238, -87.72205209091501)"
PULASKI AND BELMONT,1383,4000 W BELMONT AVE,06/10/2015,2,1149131.866894851,1921018.50498026,41.93920375,-87.727310134,"(41.93920374986553, -87.72731013414392)"
95TH AND STONEY ISLAND,2514,1600 E 95TH STREET,03/16/2016,10,1188537.746187743,1842339.840767953,41.722449457,-87.585003569,"(41.72244945701069, -87.58500356910938)"
PULASKI AND 79TH,2494,4000 W 79TH STREET,11/04/2014,1,1151074.116357501,1851966.830243835,41.749679359,-87.721978345,"(41.74967935883473, -87.72197834524168)"
SACRAMENTO AND CHICAGO,1812,800 N SACRAMENTO AVEN,01/30/2017,6,1156039.008141929,1905193.084100581,41.895640714,-87.702352328,"(41.89564071387542, -87.70235232767416)"
87TH AND VINCENNES,2413,848 W 87TH STREET,10/09/2016,11,1172002.531006759,1847197.326168367,41.736157546,-87.6454274,"(41.73615754630335, -87.64542740049411)"
PULASKI AND 79TH,2494,4000 W 79TH STREET,08/13/2016,6,1151074.116357501,1851966.830243835,41.749679359,-87.721978345,"(41.74967935883473, -87.72197834524168)"
PULASKI AND 79TH,2492,7900 S PULASKI ROAD,09/23/2014,4,1151054.87395657,1851842.663854121,41.749339,-87.722052091,"(41.74933900008238, -87.72205209091501)"
AUSTIN AND IRVING PARK,1163,6000 W IRVING PARK ROAD,09/07/2015,3,1135622.402636023,1926014.192063646,41.953163772,-87.776842593,"(41.95316377185154, -87.77684259284736)"
GRAND AND OAK PARK,1523,6800 W GRAND AVENUE,10/26/2014,6,1130668.89526974,1915248.469290467,41.923708193,-87.795300781,"(41.92370819286044, -87.79530078123082)"
PULASKI AND FULLERTON,1481,2400 N PULASKI RD,03/06/2016,1,1149275.963864089,1915687.631931757,41.924572574,-87.726919111,"(41.92457257416937, -87.72691911144182)"
RIDGE AND CLARK,1052,5930 N CLARK STREET,11/13/2014,2,1164554.784723473,1939388.511516442,41.98929863,-87.670104121,"(41.98929863013193, -87.67010412112992)"
LAWRENCE AND CICERO,1042,4800 N CICERO AVENUE,06/07/2015,1,1143464.651785526,1931490.551883203,41.968048007,-87.747875985,"(41.968048007293845, -87.74787598468126)"
ADDISON AND HARLEM,1593,7200 W ADDISON,01/09/2017,4,1127417.488447099,1923123.407710965,41.945373358,-87.807070326,"(41.94537335809189, -87.80707032561135)"
LAWRENCE AND WESTERN,1192,4800 N WESTERN AVENUE,02/07/2017,4,1159459.622430471,1931821.342623414,41.968640727,-87.689054241,"(41.96864072747715, -87.6890542408374)"
CALIFORNIA AND DIVERSEY,1511,2800 N CALIFORNIA AVE,04/20/2015,3,1157189.355049829,1918495.644754069,41.932120719,-87.6977653,"(41.93212071910647, -87.69776530036465)"
ASHLAND AND IRVING PARK,1153,1600 W IRVING PARK ROA,05/29/2017,5,,,,,
PULASKI AND CHICAGO,1982,800 N PULASKI ROAD,12/12/2014,1,1149538.444844035,1905079.034990625,41.895456457,-87.726230541,"(41.895456456825386, -87.72623054051289)"
WESTERN AND FOSTER,1074,2400 W FOSTER AVE,05/30/2017,6,1159379.402846887,1934502.712486132,41.97600019,-87.689275084,"(41.97600018976586, -87.68927508385399)"
SACRAMENTO AND CHICAGO,1812,800 N SACRAMENTO AVEN,06/10/2015,11,1156039.008141929,1905193.084100581,41.895640714,-87.702352328,"(41.89564071387542, -87.70235232767416)"
HALSTED AND DIVISION,1711,1200 N HALSTED,06/13/2016,11,1170746.639428735,1908242.256010774,41.903698308,-87.648245351,"(41.90369830765008, -87.64824535062563)"
PULASKI AND 63RD,2343,4000 W 63RD ST,08/13/2016,3,1150768.346768175,1862564.615405259,41.77876739,-87.722823195,"(41.778767390084305, -87.72282319530368)"
95TH AND STONEY ISLAND,2513,1600 E 95TH STREET,11/25/2014,8,1188537.746187743,1842339.840767953,41.722449457,-87.585003569,"(41.72244945701069, -87.58500356910938)"
95TH AND STONEY ISLAND,2514,1600 E 95TH STREET,06/04/2015,8,1188537.746187743,1842339.840767953,41.722449457,-87.585003569,"(41.72244945701069, -87.58500356910938)"
LAWRENCE AND CICERO,1042,4800 N CICERO AVENUE,03/03/2017,8,1143464.651785526,1931490.551883203,41.968048007,-87.747875985,"(41.968048007293845, -87.74787598468126)"
87TH AND VINCENNES,2413,848 W 87TH STREET,04/18/2017,15,1172002.531006759,1847197.326168367,41.736157546,-87.6454274,"(41.73615754630335, -87.64542740049411)"
AUSTIN AND ADDISON,1493,6000 W ADDISON STREET,01/20/2015,1,1135698.173154422,1923360.229527805,41.945879676,-87.776627421,"(41.94587967559099, -87.77662742093737)"
ARCHER AND CICERO,2084,5400 S ARCHER AVE,03/19/2016,3,1145209.426392053,1869810.657411975,41.798758208,-87.743020541,"(41.798758207843264, -87.74302054146467)"
SACRAMENTO AND CHICAGO,1812,800 N SACRAMENTO AVEN,11/16/2015,4,1156039.008141929,1905193.084100581,41.895640714,-87.702352328,"(41.89564071387542, -87.70235232767416)"
WESTERN AND 63RD,2371,6300 S WESTERN AVE,07/03/2016,2,1161415.712688877,1862772.38856596,41.779123484,-87.683783099,"(41.77912348383963, -87.68378309863576)"
HALSTED AND DIVISION,1711,1200 N HALSTED,09/21/2016,13,1170746.639428735,1908242.256010774,41.903698308,-87.648245351,"(41.90369830765008, -87.64824535062563)"
PULASKI AND 63RD,2343,4000 W 63RD ST,12/15/2014,1,1150768.346768175,1862564.615405259,41.77876739,-87.722823195,"(41.778767390084305, -87.72282319530368)"
LAWRENCE AND CICERO,1041,4800 N CICERO AVE,07/25/2016,9,1143464.651785526,1931490.551883203,41.968048007,-87.747875985,"(41.968048007293845, -87.74787598468126)"
95TH AND STONEY ISLAND,2513,1600 E 95TH STREET,03/04/2015,2,1188537.746187743,1842339.840767953,41.722449457,-87.585003569,"(41.72244945701069, -87.58500356910938)"
87TH AND VINCENNES,2413,848 W 87TH STREET,07/13/2015,3,1172002.531006759,1847197.326168367,41.736157546,-87.6454274,"(41.73615754630335, -87.64542740049411)"
PETERSON AND WESTERN,1011,6000 N WESTERN AVE,06/17/2016,4,1159190.625032041,1939816.75471116,41.990586042,-87.689822473,"(41.99058604241958, -87.68982247294417)"
CICERO AND DIVERSEY,1691,2800 N CICERO AVENUE,09/22/2016,3,1143863.647574835,1918202.018463414,41.931575608,-87.746743301,"(41.93157560844622, -87.74674330113561)"
LAWRENCE AND CICERO,1042,4800 N CICERO AVENUE,01/14/2017,4,1143464.651785526,1931490.551883203,41.968048007,-87.747875985,"(41.968048007293845, -87.74787598468126)"
LAWRENCE AND CICERO,1041,4800 N CICERO AVE,05/22/2016,8,1143464.651785526,1931490.551883203,41.968048007,-87.747875985,"(41.968048007293845, -87.74787598468126)"
PULASKI AND 79TH,2492,7900 S PULASKI ROAD,06/13/2015,3,1151054.87395657,1851842.663854121,41.749339,-87.722052091,"(41.74933900008238, -87.72205209091501)"
KEDZIE AND 47TH,2101,4700 S KEDZIE AVE,09/25/2016,2,1155791.949302478,1873270.778481327,41.808047272,-87.704118822,"(41.80804727165029, -87.70411882229871)"
PULASKI AND FULLERTON,1481,2400 N PULASKI RD,01/29/2017,3,1149275.963864089,1915687.631931757,41.924572574,-87.726919111,"(41.92457257416937, -87.72691911144182)"
ARCHER AND CICERO,2084,5400 S ARCHER AVE,05/11/2015,7,1145209.426392053,1869810.657411975,41.798758208,-87.743020541,"(41.798758207843264, -87.74302054146467)"
RIDGE AND CLARK,1051,5930 N CLARK STREET,05/27/2015,8,1164554.784723473,1939388.511516442,41.98929863,-87.670104121,"(41.98929863013193, -87.67010412112992)"
ADDISON AND HARLEM,1593,7200 W ADDISON,05/19/2017,1,1127417.488447099,1923123.407710965,41.945373358,-87.807070326,"(41.94537335809189, -87.80707032561135)"
PULASKI AND ARMITAGE,1844,4000 W ARMITAGE AVENUE,05/30/2017,5,1149375.428872108,1913028.984273181,41.917275069,-87.726622746,"(41.91727506940875, -87.72662274644799)"
CICERO AND DIVERSEY,1691,2800 N CICERO AVENUE,12/22/2015,2,1143863.647574835,1918202.018463414,41.931575608,-87.746743301,"(41.93157560844622, -87.74674330113561)"
HALSTED AND DIVISION,1711,1200 N HALSTED,08/26/2014,21,1170746.639428735,1908242.256010774,41.903698308,-87.648245351,"(41.90369830765008, -87.64824535062563)"
95TH AND STONEY ISLAND,2514,1600 E 95TH STREET,12/27/2016,4,1188537.746187743,1842339.840767953,41.722449457,-87.585003569,"(41.72244945701069, -87.58500356910938)"
ADDISON AND HARLEM,1593,7200 W ADDISON,03/10/2017,2,1127417.488447099,1923123.407710965,41.945373358,-87.807070326,"(41.94537335809189, -87.80707032561135)"
RIDGE AND CLARK,1052,5930 N CLARK STREET,01/30/2016,2,1164554.784723473,1939388.511516442,41.98929863,-87.670104121,"(41.98929863013193, -87.67010412112992)"
ASHLAND AND DIVISION,1793,1600 W DIVISION STREET,07/02/2015,3,1165489.684200442,1908112.312963909,41.903455316,-87.667558994,"(41.903455316483814, -87.66755899396976)"
PETERSON AND WESTERN,1011,6000 N WESTERN AVE,04/22/2017,5,1159190.625032041,1939816.75471116,41.990586042,-87.689822473,"(41.99058604241958, -87.68982247294417)"
AUSTIN AND IRVING PARK,1163,6000 W IRVING PARK ROAD,10/06/2015,1,1135622.402636023,1926014.192063646,41.953163772,-87.776842593,"(41.95316377185154, -87.77684259284736)"
PULASKI AND 79TH,2494,4000 W 79TH STREET,08/10/2016,3,1151074.116357501,1851966.830243835,41.749679359,-87.721978345,"(41.74967935883473, -87.72197834524168)"
95TH AND STONEY ISLAND,2513,1600 E 95TH STREET,04/02/2017,6,1188537.746187743,1842339.840767953,41.722449457,-87.585003569,"(41.72244945701069, -87.58500356910938)"
WESTERN AND 63RD,2371,6300 S WESTERN AVE,11/03/2014,4,1161415.712688877,1862772.38856596,41.779123484,-87.683783099,"(41.77912348383963, -87.68378309863576)"
GRAND AND OAK PARK,1524,6800 W GRAND AVENUE,02/13/2017,6,1130668.89526974,1915248.469290467,41.923708193,-87.795300781,"(41.92370819286044, -87.79530078123082)"
WESTERN AND 63RD,2371,6300 S WESTERN AVE,07/13/2015,4,1161415.712688877,1862772.38856596,41.779123484,-87.683783099,"(41.77912348383963, -87.68378309863576)"
PETERSON AND WESTERN,1011,6000 N WESTERN AVE,03/09/2016,3,1159190.625032041,1939816.75471116,41.990586042,-87.689822473,"(41.99058604241958, -87.68982247294417)"
87TH AND VINCENNES,2413,848 W 87TH STREET,02/16/2015,9,1172002.531006759,1847197.326168367,41.736157546,-87.6454274,"(41.73615754630335, -87.64542740049411)"
ASHLAND AND DIVISION,1793,1600 W DIVISION STREET,04/12/2015,2,1165489.684200442,1908112.312963909,41.903455316,-87.667558994,"(41.903455316483814, -87.66755899396976)"
95TH AND STONEY ISLAND,2514,1600 E 95TH STREET,06/27/2016,7,1188537.746187743,1842339.840767953,41.722449457,-87.585003569,"(41.72244945701069, -87.58500356910938)"
PETERSON AND WESTERN,1011,6000 N WESTERN AVE,09/16/2016,2,1159190.625032041,1939816.75471116,41.990586042,-87.689822473,"(41.99058604241958, -87.68982247294417)"
KEDZIE AND 47TH,2101,4700 S KEDZIE AVE,08/14/2015,3,1155791.949302478,1873270.778481327,41.808047272,-87.704118822,"(41.80804727165029, -87.70411882229871)"
79TH AND KEDZIE,2442,7900 S KEDZIE AVE,03/31/2017,1,1156378.39667768,1852021.375281577,41.749723972,-87.702539572,"(41.749723971726056, -87.70253957167394)"
PULASKI AND CHICAGO,1982,800 N PULASKI ROAD,08/18/2015,2,1149538.444844035,1905079.034990625,41.895456457,-87.726230541,"(41.895456456825386, -87.72623054051289)"
COTTAGE GROVE AND 95TH,2602,9500 S COTTAGE GROVE,11/15/2014,7,1183531.307692447,1842122.302108743,41.721970465,-87.60334804,"(41.72197046522736, -87.60334804007711)"
WESTERN AND MARQUETTE,2674,2400 W MARQUETTE ROAD,11/04/2016,9,1161509.889315231,1860208.627404126,41.772086214,-87.683508858,"(41.772086214104526, -87.68350885781568)"
HALSTED AND DIVISION,1711,1200 N HALSTED,10/17/2014,6,1170746.639428735,1908242.256010774,41.903698308,-87.648245351,"(41.90369830765008, -87.64824535062563)"
GRAND AND OAK PARK,1523,6800 W GRAND AVENUE,01/01/2015,4,1130668.89526974,1915248.469290467,41.923708193,-87.795300781,"(41.92370819286044, -87.79530078123082)"
GRAND AND OAK PARK,1524,6800 W GRAND AVENUE,12/28/2014,13,1130668.89526974,1915248.469290467,41.923708193,-87.795300781,"(41.92370819286044, -87.79530078123082)"
95TH AND STONEY ISLAND,2513,1600 E 95TH STREET,03/18/2015,2,1188537.746187743,1842339.840767953,41.722449457,-87.585003569,"(41.72244945701069, -87.58500356910938)"
LAWRENCE AND CICERO,1042,4800 N CICERO AVENUE,11/11/2016,4,1143464.651785526,1931490.551883203,41.968048007,-87.747875985,"(41.968048007293845, -87.74787598468126)"
95TH AND STONEY ISLAND,2513,1600 E 95TH STREET,04/17/2016,14,1188537.746187743,1842339.840767953,41.722449457,-87.585003569,"(41.72244945701069, -87.58500356910938)"
RIDGE AND CLARK,1051,5930 N CLARK STREET,11/09/2016,13,1164554.784723473,1939388.511516442,41.98929863,-87.670104121,"(41.98929863013193, -87.67010412112992)"
PULASKI AND 79TH,2492,7900 S PULASKI ROAD,10/09/2016,3,1151054.87395657,1851842.663854121,41.749339,-87.722052091,"(41.74933900008238, -87.72205209091501)"
ARCHER/NARRAGANSETT AND 55TH,2073,6400 W ARCHER AVE,08/02/2014,8,1134629.248133949,1867443.543796524,41.792455256,-87.78187685,"(41.79245525550523, -87.78187684987694)"
PULASKI AND 79TH,2494,4000 W 79TH STREET,02/12/2017,8,1151074.116357501,1851966.830243835,41.749679359,-87.721978345,"(41.74967935883473, -87.72197834524168)"
WESTERN AND 63RD,2371,6300 S WESTERN AVE,02/25/2015,1,1161415.712688877,1862772.38856596,41.779123484,-87.683783099,"(41.77912348383963, -87.68378309863576)"
PULASKI AND 63RD,2343,4000 W 63RD ST,04/08/2017,1,1150768.346768175,1862564.615405259,41.77876739,-87.722823195,"(41.778767390084305, -87.72282319530368)"
LAWRENCE AND WESTERN,1192,4800 N WESTERN AVENUE,02/27/2016,3,1159459.622430471,1931821.342623414,41.968640727,-87.689054241,"(41.96864072747715, -87.6890542408374)"
PULASKI AND FULLERTON,1481,2400 N PULASKI RD,12/30/2016,2,1149275.963864089,1915687.631931757,41.924572574,-87.726919111,"(41.92457257416937, -87.72691911144182)"
KIMBALL AND LINCOLN,2741,6200 N KIMBALL AVENUE,01/19/2015,1,1152543.355058345,1940954.1008022,41.993841437,-87.714242493,"(41.99384143707685, -87.71424249302686)"
WESTERN AND MARQUETTE,2674,2400 W MARQUETTE ROAD,05/04/2016,4,1161509.889315231,1860208.627404126,41.772086214,-87.683508858,"(41.772086214104526, -87.68350885781568)"
SACRAMENTO AND CHICAGO,1812,800 N SACRAMENTO AVEN,07/15/2015,2,1156039.008141929,1905193.084100581,41.895640714,-87.702352328,"(41.89564071387542, -87.70235232767416)"
GRAND AND OAK PARK,1523,6800 W GRAND AVENUE,07/16/2016,12,1130668.89526974,1915248.469290467,41.923708193,-87.795300781,"(41.92370819286044, -87.79530078123082)"
KIMBALL AND LINCOLN,2741,6200 N KIMBALL AVENUE,07/04/2014,2,1152543.355058345,1940954.1008022,41.993841437,-87.714242493,"(41.99384143707685, -87.71424249302686)"
95TH AND STONEY ISLAND,2514,1600 E 95TH STREET,05/21/2015,4,1188537.746187743,1842339.840767953,41.722449457,-87.585003569,"(41.72244945701069, -87.58500356910938)"
RIDGE AND CLARK,1052,5930 N CLARK STREET,03/19/2015,2,1164554.784723473,1939388.511516442,41.98929863,-87.670104121,"(41.98929863013193, -87.67010412112992)"
PULASKI AND 79TH,2492,7900 S PULASKI ROAD,06/29/2016,2,1151054.87395657,1851842.663854121,41.749339,-87.722052091,"(41.74933900008238, -87.72205209091501)"
PULASKI AND 79TH,2494,4000 W 79TH STREET,06/24/2016,3,1151074.116357501,1851966.830243835,41.749679359,-87.721978345,"(41.74967935883473, -87.72197834524168)"
AUSTIN AND ADDISON,1493,6000 W ADDISON STREET,12/09/2015,1,1135698.173154422,1923360.229527805,41.945879676,-87.776627421,"(41.94587967559099, -87.77662742093737)"
RIDGE AND CLARK,1051,5930 N CLARK STREET,11/19/2016,14,1164554.784723473,1939388.511516442,41.98929863,-87.670104121,"(41.98929863013193, -87.67010412112992)"
HALSTED AND DIVISION,1711,1200 N HALSTED,12/22/2015,8,1170746.639428735,1908242.256010774,41.903698308,-87.648245351,"(41.90369830765008, -87.64824535062563)"
CALIFORNIA AND DIVERSEY,1511,2800 N CALIFORNIA AVE,11/13/2015,4,1157189.355049829,1918495.644754069,41.932120719,-87.6977653,"(41.93212071910647, -87.69776530036465)"
PULASKI AND FULLERTON,1484,4000 W FULLERTON AVE,03/28/2017,2,1149303.081963737,1915695.275222648,41.924593022,-87.726819268,"(41.92459302175305, -87.7268192684032)"
PULASKI AND FULLERTON,1484,4000 W FULLERTON AVE,08/25/2014,2,1149303.081963737,1915695.275222648,41.924593022,-87.726819268,"(41.92459302175305, -87.7268192684032)"
GRAND AND OAK PARK,1524,6800 W GRAND AVENUE,06/13/2015,6,1130668.89526974,1915248.469290467,41.923708193,-87.795300781,"(41.92370819286044, -87.79530078123082)"
LAWRENCE AND CICERO,1041,4800 N CICERO AVE,08/23/2015,7,1143464.651785526,1931490.551883203,41.968048007,-87.747875985,"(41.968048007293845, -87.74787598468126)"
WESTERN AND 63RD,2371,6300 S WESTERN AVE,04/03/2017,2,1161415.712688877,1862772.38856596,41.779123484,-87.683783099,"(41.77912348383963, -87.68378309863576)"
LAWRENCE AND WESTERN,1192,4800 N WESTERN AVENUE,05/04/2015,4,1159459.622430471,1931821.342623414,41.968640727,-87.689054241,"(41.96864072747715, -87.6890542408374)"
PULASKI AND FULLERTON,1484,4000 W FULLERTON AVE,09/03/2016,4,1149303.081963737,1915695.275222648,41.924593022,-87.726819268,"(41.92459302175305, -87.7268192684032)"
LAWRENCE AND WESTERN,1192,4800 N WESTERN AVENUE,01/17/2016,1,1159459.622430471,1931821.342623414,41.968640727,-87.689054241,"(41.96864072747715, -87.6890542408374)"
LAWRENCE AND WESTERN,1192,4800 N WESTERN AVENUE,03/23/2017,1,1159459.622430471,1931821.342623414,41.968640727,-87.689054241,"(41.96864072747715, -87.6890542408374)"
PULASKI AND BELMONT,1383,4000 W BELMONT AVE,07/30/2015,3,1149131.866894851,1921018.50498026,41.93920375,-87.727310134,"(41.93920374986553, -87.72731013414392)"
PULASKI AND FULLERTON,1484,4000 W FULLERTON AVE,10/02/2015,5,1149303.081963737,1915695.275222648,41.924593022,-87.726819268,"(41.92459302175305, -87.7268192684032)"
AUSTIN AND IRVING PARK,1163,6000 W IRVING PARK ROAD,09/04/2014,2,1135622.402636023,1926014.192063646,41.953163772,-87.776842593,"(41.95316377185154, -87.77684259284736)"
PULASKI AND BELMONT,1383,4000 W BELMONT AVE,03/25/2016,1,1149131.866894851,1921018.50498026,41.93920375,-87.727310134,"(41.93920374986553, -87.72731013414392)"
PULASKI AND FULLERTON,1484,4000 W FULLERTON AVE,08/17/2015,6,1149303.081963737,1915695.275222648,41.924593022,-87.726819268,"(41.92459302175305, -87.7268192684032)"
ADDISON AND HARLEM,1593,7200 W ADDISON,09/01/2014,1,1127417.488447099,1923123.407710965,41.945373358,-87.807070326,"(41.94537335809189, -87.80707032561135)"
PULASKI AND FULLERTON,1484,4000 W FULLERTON AVE,11/17/2015,4,1149303.081963737,1915695.275222648,41.924593022,-87.726819268,"(41.92459302175305, -87.7268192684032)"
ADDISON AND HARLEM,1593,7200 W ADDISON,06/25/2016,2,1127417.488447099,1923123.407710965,41.945373358,-87.807070326,"(41.94537335809189, -87.80707032561135)"
HALSTED AND DIVISION,1711,1200 N HALSTED,11/17/2015,8,1170746.639428735,1908242.256010774,41.903698308,-87.648245351,"(41.90369830765008, -87.64824535062563)"
PULASKI AND FULLERTON,1484,4000 W FULLERTON AVE,05/22/2016,9,1149303.081963737,1915695.275222648,41.924593022,-87.726819268,"(41.92459302175305, -87.7268192684032)"
AUSTIN AND IRVING PARK,1163,6000 W IRVING PARK ROAD,10/01/2016,3,1135622.402636023,1926014.192063646,41.953163772,-87.776842593,"(41.95316377185154, -87.77684259284736)"
79TH AND KEDZIE,2442,7900 S KEDZIE AVE,03/19/2017,1,1156378.39667768,1852021.375281577,41.749723972,-87.702539572,"(41.749723971726056, -87.70253957167394)"
LAWRENCE AND CICERO,1042,4800 N CICERO AVENUE,09/01/2016,10,1143464.651785526,1931490.551883203,41.968048007,-87.747875985,"(41.968048007293845, -87.74787598468126)"
ARCHER AND CICERO,2084,5400 S ARCHER AVE,09/13/2015,7,1145209.426392053,1869810.657411975,41.798758208,-87.743020541,"(41.798758207843264, -87.74302054146467)"
GARFIELD AND ASHLAND,2274,1600 W GARFIELD BLVD,09/02/2014,13,1166593.072608676,1868281.842213365,41.79413322,-87.664645263,"(41.79413322022423, -87.66464526320254)"
ARCHER AND CICERO,2084,5400 S ARCHER AVE,10/23/2014,7,1145209.426392053,1869810.657411975,41.798758208,-87.743020541,"(41.798758207843264, -87.74302054146467)"
PULASKI AND BELMONT,1383,4000 W BELMONT AVE,02/11/2015,1,1149131.866894851,1921018.50498026,41.93920375,-87.727310134,"(41.93920374986553, -87.72731013414392)"
AUSTIN AND ADDISON,1493,6000 W ADDISON STREET,04/17/2016,1,1135698.173154422,1923360.229527805,41.945879676,-87.776627421,"(41.94587967559099, -87.77662742093737)"
95TH AND STONEY ISLAND,2513,1600 E 95TH STREET,11/29/2014,21,1188537.746187743,1842339.840767953,41.722449457,-87.585003569,"(41.72244945701069, -87.58500356910938)"
87TH AND VINCENNES,2413,848 W 87TH STREET,12/02/2015,2,1172002.531006759,1847197.326168367,41.736157546,-87.6454274,"(41.73615754630335, -87.64542740049411)"
LAWRENCE AND CICERO,1042,4800 N CICERO AVENUE,05/17/2017,9,1143464.651785526,1931490.551883203,41.968048007,-87.747875985,"(41.968048007293845, -87.74787598468126)"
PULASKI AND BELMONT,1383,4000 W BELMONT AVE,08/22/2015,2,1149131.866894851,1921018.50498026,41.93920375,-87.727310134,"(41.93920374986553, -87.72731013414392)"
GRAND AND OAK PARK,1524,6800 W GRAND AVENUE,07/28/2016,3,1130668.89526974,1915248.469290467,41.923708193,-87.795300781,"(41.92370819286044, -87.79530078123082)"
79TH AND KEDZIE,2442,7900 S KEDZIE AVE,12/31/2016,1,1156378.39667768,1852021.375281577,41.749723972,-87.702539572,"(41.749723971726056, -87.70253957167394)"
GRAND AND OAK PARK,1523,6800 W GRAND AVENUE,06/19/2016,5,1130668.89526974,1915248.469290467,41.923708193,-87.795300781,"(41.92370819286044, -87.79530078123082)"
LAWRENCE AND CICERO,1042,4800 N CICERO AVENUE,06/19/2016,4,1143464.651785526,1931490.551883203,41.968048007,-87.747875985,"(41.968048007293845, -87.74787598468126)"
ARCHER AND CICERO,2084,5400 S ARCHER AVE,05/02/2016,9,1145209.426392053,1869810.657411975,41.798758208,-87.743020541,"(41.798758207843264, -87.74302054146467)"
PULASKI AND 79TH,2494,4000 W 79TH STREET,07/26/2016,6,1151074.116357501,1851966.830243835,41.749679359,-87.721978345,"(41.74967935883473, -87.72197834524168)"
PULASKI AND 79TH,2494,4000 W 79TH STREET,01/12/2016,3,1151074.116357501,1851966.830243835,41.749679359,-87.721978345,"(41.74967935883473, -87.72197834524168)"
PULASKI AND 79TH,2492,7900 S PULASKI ROAD,06/04/2015,2,1151054.87395657,1851842.663854121,41.749339,-87.722052091,"(41.74933900008238, -87.72205209091501)"
PULASKI AND FULLERTON,1484,4000 W FULLERTON AVE,11/11/2015,2,1149303.081963737,1915695.275222648,41.924593022,-87.726819268,"(41.92459302175305, -87.7268192684032)"
PULASKI AND BELMONT,1383,4000 W BELMONT AVE,03/29/2016,3,1149131.866894851,1921018.50498026,41.93920375,-87.727310134,"(41.93920374986553, -87.72731013414392)"
LAWRENCE AND CICERO,1042,4800 N CICERO AVENUE,10/07/2014,10,1143464.651785526,1931490.551883203,41.968048007,-87.747875985,"(41.968048007293845, -87.74787598468126)"
ADDISON AND HARLEM,1593,7200 W ADDISON,03/27/2017,1,1127417.488447099,1923123.407710965,41.945373358,-87.807070326,"(41.94537335809189, -87.80707032561135)"
HALSTED AND DIVISION,1711,1200 N HALSTED,02/21/2017,7,1170746.639428735,1908242.256010774,41.903698308,-87.648245351,"(41.90369830765008, -87.64824535062563)"
CICERO AND DIVERSEY,1691,2800 N CICERO AVENUE,09/27/2015,3,1143863.647574835,1918202.018463414,41.931575608,-87.746743301,"(41.93157560844622, -87.74674330113561)"
PULASKI AND BELMONT,1383,4000 W BELMONT AVE,04/15/2015,1,1149131.866894851,1921018.50498026,41.93920375,-87.727310134,"(41.93920374986553, -87.72731013414392)"
87TH AND VINCENNES,2413,848 W 87TH STREET,10/18/2015,11,1172002.531006759,1847197.326168367,41.736157546,-87.6454274,"(41.73615754630335, -87.64542740049411)"
PULASKI AND FOSTER,1102,5200 N PULASKI RD,05/29/2017,2,1148746.251286324,1934286.914361976,41.97562074,-87.728383135,"(41.97562073966174, -87.72838313514907)"
AUSTIN AND IRVING PARK,1163,6000 W IRVING PARK ROAD,07/18/2014,4,1135622.402636023,1926014.192063646,41.953163772,-87.776842593,"(41.95316377185154, -87.77684259284736)"
ARCHER/NARRAGANSETT AND 55TH,2074,6400 W ARCHER AVE,01/27/2015,6,1134629.248133949,1867443.543796524,41.792455256,-87.78187685,"(41.79245525550523, -87.78187684987694)"
GRAND AND OAK PARK,1523,6800 W GRAND AVENUE,08/11/2016,10,1130668.89526974,1915248.469290467,41.923708193,-87.795300781,"(41.92370819286044, -87.79530078123082)"
AUSTIN AND ADDISON,1493,6000 W ADDISON STREET,09/30/2016,3,1135698.173154422,1923360.229527805,41.945879676,-87.776627421,"(41.94587967559099, -87.77662742093737)"
95TH AND STONEY ISLAND,2514,1600 E 95TH STREET,03/27/2017,2,1188537.746187743,1842339.840767953,41.722449457,-87.585003569,"(41.72244945701069, -87.58500356910938)"
HALSTED AND DIVISION,1711,1200 N HALSTED,09/10/2016,10,1170746.639428735,1908242.256010774,41.903698308,-87.648245351,"(41.90369830765008, -87.64824535062563)"
WESTERN AND MARQUETTE,2674,2400 W MARQUETTE ROAD,10/18/2015,2,1161509.889315231,1860208.627404126,41.772086214,-87.683508858,"(41.772086214104526, -87.68350885781568)"
LAWRENCE AND CICERO,1042,4800 N CICERO AVENUE,10/05/2016,6,1143464.651785526,1931490.551883203,41.968048007,-87.747875985,"(41.968048007293845, -87.74787598468126)"
GRAND AND OAK PARK,1524,6800 W GRAND AVENUE,03/25/2017,1,1130668.89526974,1915248.469290467,41.923708193,-87.795300781,"(41.92370819286044, -87.79530078123082)"
PULASKI AND FULLERTON,1484,4000 W FULLERTON AVE,09/11/2014,4,1149303.081963737,1915695.275222648,41.924593022,-87.726819268,"(41.92459302175305, -87.7268192684032)"
79TH AND KEDZIE,2442,7900 S KEDZIE AVE,11/08/2016,1,1156378.39667768,1852021.375281577,41.749723972,-87.702539572,"(41.749723971726056, -87.70253957167394)"
COTTAGE GROVE AND 95TH,2602,9500 S COTTAGE GROVE,08/08/2014,1,1183531.307692447,1842122.302108743,41.721970465,-87.60334804,"(41.72197046522736, -87.60334804007711)"
HALSTED AND DIVISION,1711,1200 N HALSTED,10/29/2014,2,1170746.639428735,1908242.256010774,41.903698308,-87.648245351,"(41.90369830765008, -87.64824535062563)"
95TH AND STONEY ISLAND,2514,1600 E 95TH STREET,04/23/2017,1,1188537.746187743,1842339.840767953,41.722449457,-87.585003569,"(41.72244945701069, -87.58500356910938)"
87TH AND VINCENNES,2413,848 W 87TH STREET,05/30/2016,23,1172002.531006759,1847197.326168367,41.736157546,-87.6454274,"(41.73615754630335, -87.64542740049411)"
MADISON AND WESTERN,1934,2400 W MADISON,07/02/2016,4,1160384.621277157,1899988.655722373,41.881270504,-87.68653594,"(41.88127050428818, -87.68653594017124)"
MADISON AND CENTRAL,1754,5600 W MADISON STREET,01/20/2015,1,1139033.690528149,1899503.712147867,41.880354556,-87.764948136,"(41.88035455632559, -87.76494813634785)"
PULASKI AND BELMONT,1383,4000 W BELMONT AVE,02/25/2017,2,1149131.866894851,1921018.50498026,41.93920375,-87.727310134,"(41.93920374986553, -87.72731013414392)"
PULASKI AND FULLERTON,1481,2400 N PULASKI RD,09/01/2016,2,1149275.963864089,1915687.631931757,41.924572574,-87.726919111,"(41.92457257416937, -87.72691911144182)"
31ST AND CALIFORNIA,2061,3100 S CALIFORNIA,09/30/2014,1,1158151.943135347,1883939.950079683,41.83727705,-87.695172247,"(41.837277050366296, -87.69517224651918)"
AUSTIN AND IRVING PARK,1163,6000 W IRVING PARK ROAD,08/05/2015,2,1135622.402636023,1926014.192063646,41.953163772,-87.776842593,"(41.95316377185154, -87.77684259284736)"
SACRAMENTO AND CHICAGO,1812,800 N SACRAMENTO AVEN,04/03/2017,8,1156039.008141929,1905193.084100581,41.895640714,-87.702352328,"(41.89564071387542, -87.70235232767416)"
AUSTIN AND IRVING PARK,1163,6000 W IRVING PARK ROAD,05/18/2017,2,1135622.402636023,1926014.192063646,41.953163772,-87.776842593,"(41.95316377185154, -87.77684259284736)"
GRAND AND OAK PARK,1523,6800 W GRAND AVENUE,03/21/2017,5,1130668.89526974,1915248.469290467,41.923708193,-87.795300781,"(41.92370819286044, -87.79530078123082)"
WESTERN AND MARQUETTE,2674,2400 W MARQUETTE ROAD,06/06/2015,3,1161509.889315231,1860208.627404126,41.772086214,-87.683508858,"(41.772086214104526, -87.68350885781568)"
CALIFORNIA AND DIVERSEY,1511,2800 N CALIFORNIA AVE,10/05/2014,9,1157189.355049829,1918495.644754069,41.932120719,-87.6977653,"(41.93212071910647, -87.69776530036465)"
ADDISON AND HARLEM,1593,7200 W ADDISON,03/14/2017,4,1127417.488447099,1923123.407710965,41.945373358,-87.807070326,"(41.94537335809189, -87.80707032561135)"
AUSTIN AND ADDISON,1493,6000 W ADDISON STREET,04/08/2016,2,1135698.173154422,1923360.229527805,41.945879676,-87.776627421,"(41.94587967559099, -87.77662742093737)"
PULASKI AND FULLERTON,1481,2400 N PULASKI RD,11/08/2015,2,1149275.963864089,1915687.631931757,41.924572574,-87.726919111,"(41.92457257416937, -87.72691911144182)"
GARFIELD AND ASHLAND,2274,1600 W GARFIELD BLVD,08/23/2014,2,1166593.072608676,1868281.842213365,41.79413322,-87.664645263,"(41.79413322022423, -87.66464526320254)"
ARCHER/NARRAGANSETT AND 55TH,2073,6400 W ARCHER AVE,08/26/2014,16,1134629.248133949,1867443.543796524,41.792455256,-87.78187685,"(41.79245525550523, -87.78187684987694)"
PETERSON AND WESTERN,1011,6000 N WESTERN AVE,11/20/2015,5,1159190.625032041,1939816.75471116,41.990586042,-87.689822473,"(41.99058604241958, -87.68982247294417)"
GRAND AND OAK PARK,1524,6800 W GRAND AVENUE,11/07/2015,11,1130668.89526974,1915248.469290467,41.923708193,-87.795300781,"(41.92370819286044, -87.79530078123082)"
WESTERN AND 63RD,2371,6300 S WESTERN AVE,10/01/2014,2,1161415.712688877,1862772.38856596,41.779123484,-87.683783099,"(41.77912348383963, -87.68378309863576)"
BLUE ISLAND AND DAMEN,2281,2416 S DAMEN AVENUE,01/14/2015,5,1163378.697434511,1887916.370760201,41.848080596,-87.675881338,"(41.84808059558783, -87.67588133802435)"
HALSTED AND DIVISION,1711,1200 N HALSTED,11/20/2016,6,1170746.639428735,1908242.256010774,41.903698308,-87.648245351,"(41.90369830765008, -87.64824535062563)"
PULASKI AND FULLERTON,1481,2400 N PULASKI RD,09/18/2014,4,1149275.963864089,1915687.631931757,41.924572574,-87.726919111,"(41.92457257416937, -87.72691911144182)"
ARCHER AND CICERO,2084,5400 S ARCHER AVE,04/07/2015,4,1145209.426392053,1869810.657411975,41.798758208,-87.743020541,"(41.798758207843264, -87.74302054146467)"
MADISON AND WESTERN,1934,2400 W MADISON,11/12/2016,2,1160384.621277157,1899988.655722373,41.881270504,-87.68653594,"(41.88127050428818, -87.68653594017124)"
PULASKI AND CHICAGO,1982,800 N PULASKI ROAD,03/28/2017,2,1149538.444844035,1905079.034990625,41.895456457,-87.726230541,"(41.895456456825386, -87.72623054051289)"
PULASKI AND FULLERTON,1481,2400 N PULASKI RD,07/07/2015,4,1149275.963864089,1915687.631931757,41.924572574,-87.726919111,"(41.92457257416937, -87.72691911144182)"
PULASKI AND 79TH,2492,7900 S PULASKI ROAD,01/12/2017,1,1151054.87395657,1851842.663854121,41.749339,-87.722052091,"(41.74933900008238, -87.72205209091501)"
KEDZIE AND 47TH,2101,4700 S KEDZIE AVE,05/18/2016,9,1155791.949302478,1873270.778481327,41.808047272,-87.704118822,"(41.80804727165029, -87.70411882229871)"
HALSTED AND DIVISION,1711,1200 N HALSTED,08/14/2014,26,1170746.639428735,1908242.256010774,41.903698308,-87.648245351,"(41.90369830765008, -87.64824535062563)"
GARFIELD AND ASHLAND,2274,1600 W GARFIELD BLVD,11/01/2014,6,1166593.072608676,1868281.842213365,41.79413322,-87.664645263,"(41.79413322022423, -87.66464526320254)"
ASHLAND AND DIVISION,1793,1600 W DIVISION STREET,07/05/2016,1,1165489.684200442,1908112.312963909,41.903455316,-87.667558994,"(41.903455316483814, -87.66755899396976)"
PETERSON AND WESTERN,1011,6000 N WESTERN AVE,05/01/2015,2,1159190.625032041,1939816.75471116,41.990586042,-87.689822473,"(41.99058604241958, -87.68982247294417)"
GRAND AND OAK PARK,1524,6800 W GRAND AVENUE,05/01/2015,16,1130668.89526974,1915248.469290467,41.923708193,-87.795300781,"(41.92370819286044, -87.79530078123082)"
MADISON AND WESTERN,1934,2400 W MADISON,01/25/2015,2,1160384.621277157,1899988.655722373,41.881270504,-87.68653594,"(41.88127050428818, -87.68653594017124)"
AUSTIN AND ADDISON,1493,6000 W ADDISON STREET,05/06/2015,2,1135698.173154422,1923360.229527805,41.945879676,-87.776627421,"(41.94587967559099, -87.77662742093737)"
79TH AND KEDZIE,2442,7900 S KEDZIE AVE,02/25/2016,1,1156378.39667768,1852021.375281577,41.749723972,-87.702539572,"(41.749723971726056, -87.70253957167394)"
PULASKI AND 79TH,2492,7900 S PULASKI ROAD,09/08/2016,1,1151054.87395657,1851842.663854121,41.749339,-87.722052091,"(41.74933900008238, -87.72205209091501)"
ASHLAND AND DIVISION,1793,1600 W DIVISION STREET,06/25/2015,1,1165489.684200442,1908112.312963909,41.903455316,-87.667558994,"(41.903455316483814, -87.66755899396976)"
31ST AND CALIFORNIA,2061,3100 S CALIFORNIA,07/20/2014,4,1158151.943135347,1883939.950079683,41.83727705,-87.695172247,"(41.837277050366296, -87.69517224651918)"
SACRAMENTO AND CHICAGO,1812,800 N SACRAMENTO AVEN,07/20/2014,5,1156039.008141929,1905193.084100581,41.895640714,-87.702352328,"(41.89564071387542, -87.70235232767416)"
ADDISON AND HARLEM,1593,7200 W ADDISON,01/24/2015,4,1127417.488447099,1923123.407710965,41.945373358,-87.807070326,"(41.94537335809189, -87.80707032561135)"
PULASKI AND 79TH,2494,4000 W 79TH STREET,08/20/2014,2,1151074.116357501,1851966.830243835,41.749679359,-87.721978345,"(41.74967935883473, -87.72197834524168)"
PULASKI AND FULLERTON,1484,4000 W FULLERTON AVE,07/21/2015,3,1149303.081963737,1915695.275222648,41.924593022,-87.726819268,"(41.92459302175305, -87.7268192684032)"
RIDGE AND CLARK,1052,5930 N CLARK STREET,09/11/2015,5,1164554.784723473,1939388.511516442,41.98929863,-87.670104121,"(41.98929863013193, -87.67010412112992)"
HALSTED AND DIVISION,1711,1200 N HALSTED,12/27/2014,3,1170746.639428735,1908242.256010774,41.903698308,-87.648245351,"(41.90369830765008, -87.64824535062563)"
ARCHER AND CICERO,2084,5400 S ARCHER AVE,09/09/2016,16,1145209.426392053,1869810.657411975,41.798758208,-87.743020541,"(41.798758207843264, -87.74302054146467)"
95TH AND STONEY ISLAND,2513,1600 E 95TH STREET,06/05/2015,8,1188537.746187743,1842339.840767953,41.722449457,-87.585003569,"(41.72244945701069, -87.58500356910938)"
AUSTIN AND ADDISON,1493,6000 W ADDISON STREET,02/10/2017,1,1135698.173154422,1923360.229527805,41.945879676,-87.776627421,"(41.94587967559099, -87.77662742093737)"
PULASKI AND CHICAGO,1982,800 N PULASKI ROAD,05/11/2016,1,1149538.444844035,1905079.034990625,41.895456457,-87.726230541,"(41.895456456825386, -87.72623054051289)"
RIDGE AND CLARK,1051,5930 N CLARK STREET,11/25/2016,11,1164554.784723473,1939388.511516442,41.98929863,-87.670104121,"(41.98929863013193, -87.67010412112992)"
KEDZIE AND 47TH,2101,4700 S KEDZIE AVE,10/27/2015,1,1155791.949302478,1873270.778481327,41.808047272,-87.704118822,"(41.80804727165029, -87.70411882229871)"
87TH AND VINCENNES,2413,848 W 87TH STREET,10/10/2016,8,1172002.531006759,1847197.326168367,41.736157546,-87.6454274,"(41.73615754630335, -87.64542740049411)"
87TH AND VINCENNES,2413,848 W 87TH STREET,05/01/2017,16,1172002.531006759,1847197.326168367,41.736157546,-87.6454274,"(41.73615754630335, -87.64542740049411)"
KIMBALL AND LINCOLN,2741,6200 N KIMBALL AVENUE,08/06/2014,2,1152543.355058345,1940954.1008022,41.993841437,-87.714242493,"(41.99384143707685, -87.71424249302686)"
GARFIELD AND ASHLAND,2274,1600 W GARFIELD BLVD,10/22/2014,5,1166593.072608676,1868281.842213365,41.79413322,-87.664645263,"(41.79413322022423, -87.66464526320254)"
LAWRENCE AND CICERO,1042,4800 N CICERO AVENUE,08/14/2016,11,1143464.651785526,1931490.551883203,41.968048007,-87.747875985,"(41.968048007293845, -87.74787598468126)"
CALIFORNIA AND DIVERSEY,1511,2800 N CALIFORNIA AVE,05/03/2016,8,1157189.355049829,1918495.644754069,41.932120719,-87.6977653,"(41.93212071910647, -87.69776530036465)"
WESTERN AND 63RD,2371,6300 S WESTERN AVE,02/14/2015,5,1161415.712688877,1862772.38856596,41.779123484,-87.683783099,"(41.77912348383963, -87.68378309863576)"
SACRAMENTO AND CHICAGO,1812,800 N SACRAMENTO AVEN,10/23/2016,8,1156039.008141929,1905193.084100581,41.895640714,-87.702352328,"(41.89564071387542, -87.70235232767416)"
95TH AND STONEY ISLAND,2514,1600 E 95TH STREET,02/09/2017,2,1188537.746187743,1842339.840767953,41.722449457,-87.585003569,"(41.72244945701069, -87.58500356910938)"
LAWRENCE AND WESTERN,1192,4800 N WESTERN AVENUE,04/02/2017,7,1159459.622430471,1931821.342623414,41.968640727,-87.689054241,"(41.96864072747715, -87.6890542408374)"
PULASKI AND CHICAGO,1982,800 N PULASKI ROAD,09/26/2015,6,1149538.444844035,1905079.034990625,41.895456457,-87.726230541,"(41.895456456825386, -87.72623054051289)"
ASHLAND AND DIVISION,1793,1600 W DIVISION STREET,08/16/2015,3,1165489.684200442,1908112.312963909,41.903455316,-87.667558994,"(41.903455316483814, -87.66755899396976)"
GRAND AND OAK PARK,1523,6800 W GRAND AVENUE,05/20/2015,6,1130668.89526974,1915248.469290467,41.923708193,-87.795300781,"(41.92370819286044, -87.79530078123082)"
ASHLAND AND DIVISION,1793,1600 W DIVISION STREET,11/28/2016,9,1165489.684200442,1908112.312963909,41.903455316,-87.667558994,"(41.903455316483814, -87.66755899396976)"
GRAND AND OAK PARK,1523,6800 W GRAND AVENUE,02/12/2015,5,1130668.89526974,1915248.469290467,41.923708193,-87.795300781,"(41.92370819286044, -87.79530078123082)"
SACRAMENTO AND CHICAGO,1812,800 N SACRAMENTO AVEN,02/23/2016,3,1156039.008141929,1905193.084100581,41.895640714,-87.702352328,"(41.89564071387542, -87.70235232767416)"
CICERO AND DIVERSEY,1691,2800 N CICERO AVENUE,11/13/2016,4,1143863.647574835,1918202.018463414,41.931575608,-87.746743301,"(41.93157560844622, -87.74674330113561)"
PULASKI AND 79TH,2494,4000 W 79TH STREET,01/05/2016,2,1151074.116357501,1851966.830243835,41.749679359,-87.721978345,"(41.74967935883473, -87.72197834524168)"
HALSTED AND DIVISION,1711,1200 N HALSTED,04/18/2017,6,1170746.639428735,1908242.256010774,41.903698308,-87.648245351,"(41.90369830765008, -87.64824535062563)"
ARCHER/NARRAGANSETT AND 55TH,2074,6400 W ARCHER AVE,11/19/2014,4,1134629.248133949,1867443.543796524,41.792455256,-87.78187685,"(41.79245525550523, -87.78187684987694)"
COTTAGE GROVE AND 95TH,2602,9500 S COTTAGE GROVE,02/17/2015,3,1183531.307692447,1842122.302108743,41.721970465,-87.60334804,"(41.72197046522736, -87.60334804007711)"
CALIFORNIA AND DIVERSEY,1511,2800 N CALIFORNIA AVE,12/14/2016,7,1157189.355049829,1918495.644754069,41.932120719,-87.6977653,"(41.93212071910647, -87.69776530036465)"
WESTERN AND MARQUETTE,2674,2400 W MARQUETTE ROAD,12/30/2015,3,1161509.889315231,1860208.627404126,41.772086214,-87.683508858,"(41.772086214104526, -87.68350885781568)"
GRAND AND OAK PARK,1524,6800 W GRAND AVENUE,10/09/2015,9,1130668.89526974,1915248.469290467,41.923708193,-87.795300781,"(41.92370819286044, -87.79530078123082)"
SACRAMENTO AND CHICAGO,1812,800 N SACRAMENTO AVEN,02/16/2015,1,1156039.008141929,1905193.084100581,41.895640714,-87.702352328,"(41.89564071387542, -87.70235232767416)"
WESTERN AND 63RD,2371,6300 S WESTERN AVE,07/11/2015,2,1161415.712688877,1862772.38856596,41.779123484,-87.683783099,"(41.77912348383963, -87.68378309863576)"
95TH AND STONEY ISLAND,2514,1600 E 95TH STREET,12/11/2014,8,1188537.746187743,1842339.840767953,41.722449457,-87.585003569,"(41.72244945701069, -87.58500356910938)"
87TH AND VINCENNES,2413,848 W 87TH STREET,01/16/2015,6,1172002.531006759,1847197.326168367,41.736157546,-87.6454274,"(41.73615754630335, -87.64542740049411)"
PETERSON AND WESTERN,1011,6000 N WESTERN AVE,05/10/2015,3,1159190.625032041,1939816.75471116,41.990586042,-87.689822473,"(41.99058604241958, -87.68982247294417)"
SACRAMENTO AND CHICAGO,1812,800 N SACRAMENTO AVEN,04/01/2016,4,1156039.008141929,1905193.084100581,41.895640714,-87.702352328,"(41.89564071387542, -87.70235232767416)"
KEDZIE AND 47TH,2101,4700 S KEDZIE AVE,01/20/2015,1,1155791.949302478,1873270.778481327,41.808047272,-87.704118822,"(41.80804727165029, -87.70411882229871)"
CICERO AND DIVERSEY,1691,2800 N CICERO AVENUE,08/12/2015,1,1143863.647574835,1918202.018463414,41.931575608,-87.746743301,"(41.93157560844622, -87.74674330113561)"
ARCHER AND CICERO,2084,5400 S ARCHER AVE,07/22/2014,11,1145209.426392053,1869810.657411975,41.798758208,-87.743020541,"(41.798758207843264, -87.74302054146467)"
PULASKI AND CHICAGO,1982,800 N PULASKI ROAD,03/19/2015,2,1149538.444844035,1905079.034990625,41.895456457,-87.726230541,"(41.895456456825386, -87.72623054051289)"
LAWRENCE AND CICERO,1042,4800 N CICERO AVENUE,04/27/2017,9,1143464.651785526,1931490.551883203,41.968048007,-87.747875985,"(41.968048007293845, -87.74787598468126)"
95TH AND STONEY ISLAND,2514,1600 E 95TH STREET,09/01/2014,8,1188537.746187743,1842339.840767953,41.722449457,-87.585003569,"(41.72244945701069, -87.58500356910938)"
PULASKI AND 79TH,2492,7900 S PULASKI ROAD,09/18/2014,4,1151054.87395657,1851842.663854121,41.749339,-87.722052091,"(41.74933900008238, -87.72205209091501)"
PULASKI AND FULLERTON,1481,2400 N PULASKI RD,09/05/2015,2,1149275.963864089,1915687.631931757,41.924572574,-87.726919111,"(41.92457257416937, -87.72691911144182)"
AUSTIN AND IRVING PARK,1163,6000 W IRVING PARK ROAD,11/06/2015,1,1135622.402636023,1926014.192063646,41.953163772,-87.776842593,"(41.95316377185154, -87.77684259284736)"
MADISON AND WESTERN,1934,2400 W MADISON,04/26/2015,2,1160384.621277157,1899988.655722373,41.881270504,-87.68653594,"(41.88127050428818, -87.68653594017124)"
87TH AND VINCENNES,2413,848 W 87TH STREET,08/02/2014,5,1172002.531006759,1847197.326168367,41.736157546,-87.6454274,"(41.73615754630335, -87.64542740049411)"
PULASKI AND CHICAGO,1982,800 N PULASKI ROAD,07/05/2014,2,1149538.444844035,1905079.034990625,41.895456457,-87.726230541,"(41.895456456825386, -87.72623054051289)"
PETERSON AND WESTERN,1011,6000 N WESTERN AVE,08/14/2016,7,1159190.625032041,1939816.75471116,41.990586042,-87.689822473,"(41.99058604241958, -87.68982247294417)"
87TH AND VINCENNES,2413,848 W 87TH STREET,08/04/2016,20,1172002.531006759,1847197.326168367,41.736157546,-87.6454274,"(41.73615754630335, -87.64542740049411)"
LAWRENCE AND CICERO,1042,4800 N CICERO AVENUE,02/28/2015,4,1143464.651785526,1931490.551883203,41.968048007,-87.747875985,"(41.968048007293845, -87.74787598468126)"
MADISON AND WESTERN,1934,2400 W MADISON,12/12/2014,1,1160384.621277157,1899988.655722373,41.881270504,-87.68653594,"(41.88127050428818, -87.68653594017124)"
WESTERN AND MARQUETTE,2674,2400 W MARQUETTE ROAD,02/28/2017,2,1161509.889315231,1860208.627404126,41.772086214,-87.683508858,"(41.772086214104526, -87.68350885781568)"
GRAND AND OAK PARK,1524,6800 W GRAND AVENUE,02/07/2016,10,1130668.89526974,1915248.469290467,41.923708193,-87.795300781,"(41.92370819286044, -87.79530078123082)"
LAWRENCE AND WESTERN,1192,4800 N WESTERN AVENUE,03/09/2017,7,1159459.622430471,1931821.342623414,41.968640727,-87.689054241,"(41.96864072747715, -87.6890542408374)"
SACRAMENTO AND CHICAGO,1812,800 N SACRAMENTO AVEN,05/06/2017,9,1156039.008141929,1905193.084100581,41.895640714,-87.702352328,"(41.89564071387542, -87.70235232767416)"
LAWRENCE AND WESTERN,1192,4800 N WESTERN AVENUE,06/27/2016,3,1159459.622430471,1931821.342623414,41.968640727,-87.689054241,"(41.96864072747715, -87.6890542408374)"
LAWRENCE AND CICERO,1041,4800 N CICERO AVE,08/22/2016,3,1143464.651785526,1931490.551883203,41.968048007,-87.747875985,"(41.968048007293845, -87.74787598468126)"
PULASKI AND CHICAGO,1982,800 N PULASKI ROAD,04/28/2015,1,1149538.444844035,1905079.034990625,41.895456457,-87.726230541,"(41.895456456825386, -87.72623054051289)"
PETERSON AND WESTERN,1011,6000 N WESTERN AVE,05/23/2016,5,1159190.625032041,1939816.75471116,41.990586042,-87.689822473,"(41.99058604241958, -87.68982247294417)"
WESTERN AND MARQUETTE,2674,2400 W MARQUETTE ROAD,09/07/2014,6,1161509.889315231,1860208.627404126,41.772086214,-87.683508858,"(41.772086214104526, -87.68350885781568)"
WESTERN AND 63RD,2371,6300 S WESTERN AVE,09/29/2016,5,1161415.712688877,1862772.38856596,41.779123484,-87.683783099,"(41.77912348383963, -87.68378309863576)"
CICERO AND DIVERSEY,1691,2800 N CICERO AVENUE,02/07/2016,1,1143863.647574835,1918202.018463414,41.931575608,-87.746743301,"(41.93157560844622, -87.74674330113561)"
87TH AND VINCENNES,2413,848 W 87TH STREET,02/15/2017,12,1172002.531006759,1847197.326168367,41.736157546,-87.6454274,"(41.73615754630335, -87.64542740049411)"
KEDZIE AND 47TH,2101,4700 S KEDZIE AVE,04/16/2017,15,1155791.949302478,1873270.778481327,41.808047272,-87.704118822,"(41.80804727165029, -87.70411882229871)"
ARCHER/NARRAGANSETT AND 55TH,2073,6400 W ARCHER AVE,02/16/2015,5,1134629.248133949,1867443.543796524,41.792455256,-87.78187685,"(41.79245525550523, -87.78187684987694)"
GRAND AND OAK PARK,1523,6800 W GRAND AVENUE,03/05/2015,6,1130668.89526974,1915248.469290467,41.923708193,-87.795300781,"(41.92370819286044, -87.79530078123082)"
95TH AND STONEY ISLAND,2513,1600 E 95TH STREET,02/09/2017,3,1188537.746187743,1842339.840767953,41.722449457,-87.585003569,"(41.72244945701069, -87.58500356910938)"
ASHLAND AND DIVISION,1793,1600 W DIVISION STREET,03/26/2016,5,1165489.684200442,1908112.312963909,41.903455316,-87.667558994,"(41.903455316483814, -87.66755899396976)"
AUSTIN AND ADDISON,1493,6000 W ADDISON STREET,10/22/2015,2,1135698.173154422,1923360.229527805,41.945879676,-87.776627421,"(41.94587967559099, -87.77662742093737)"
CALIFORNIA AND DIVERSEY,1511,2800 N CALIFORNIA AVE,01/15/2015,4,1157189.355049829,1918495.644754069,41.932120719,-87.6977653,"(41.93212071910647, -87.69776530036465)"
PULASKI AND 79TH,2492,7900 S PULASKI ROAD,12/19/2014,2,1151054.87395657,1851842.663854121,41.749339,-87.722052091,"(41.74933900008238, -87.72205209091501)"
87TH AND VINCENNES,2413,848 W 87TH STREET,08/29/2015,18,1172002.531006759,1847197.326168367,41.736157546,-87.6454274,"(41.73615754630335, -87.64542740049411)"
ASHLAND AND DIVISION,1793,1600 W DIVISION STREET,05/13/2017,2,1165489.684200442,1908112.312963909,41.903455316,-87.667558994,"(41.903455316483814, -87.66755899396976)"
ARCHER/NARRAGANSETT AND 55TH,2073,6400 W ARCHER AVE,01/09/2015,5,1134629.248133949,1867443.543796524,41.792455256,-87.78187685,"(41.79245525550523, -87.78187684987694)"
GRAND AND OAK PARK,1524,6800 W GRAND AVENUE,06/12/2015,7,1130668.89526974,1915248.469290467,41.923708193,-87.795300781,"(41.92370819286044, -87.79530078123082)"
AUSTIN AND ADDISON,1493,6000 W ADDISON STREET,07/17/2016,2,1135698.173154422,1923360.229527805,41.945879676,-87.776627421,"(41.94587967559099, -87.77662742093737)"
AUSTIN AND IRVING PARK,1163,6000 W IRVING PARK ROAD,01/07/2016,3,1135622.402636023,1926014.192063646,41.953163772,-87.776842593,"(41.95316377185154, -87.77684259284736)"
95TH AND STONEY ISLAND,2513,1600 E 95TH STREET,09/11/2014,15,1188537.746187743,1842339.840767953,41.722449457,-87.585003569,"(41.72244945701069, -87.58500356910938)"
ARCHER/NARRAGANSETT AND 55TH,2073,6400 W ARCHER AVE,11/29/2014,5,1134629.248133949,1867443.543796524,41.792455256,-87.78187685,"(41.79245525550523, -87.78187684987694)"
AUSTIN AND IRVING PARK,1163,6000 W IRVING PARK ROAD,09/15/2015,2,1135622.402636023,1926014.192063646,41.953163772,-87.776842593,"(41.95316377185154, -87.77684259284736)"
GRAND AND OAK PARK,1524,6800 W GRAND AVENUE,12/28/2016,3,1130668.89526974,1915248.469290467,41.923708193,-87.795300781,"(41.92370819286044, -87.79530078123082)"
GRAND AND OAK PARK,1524,6800 W GRAND AVENUE,10/28/2015,9,1130668.89526974,1915248.469290467,41.923708193,-87.795300781,"(41.92370819286044, -87.79530078123082)"
PETERSON AND WESTERN,1011,6000 N WESTERN AVE,09/22/2016,6,1159190.625032041,1939816.75471116,41.990586042,-87.689822473,"(41.99058604241958, -87.68982247294417)"
PULASKI AND 79TH,2492,7900 S PULASKI ROAD,05/29/2015,4,1151054.87395657,1851842.663854121,41.749339,-87.722052091,"(41.74933900008238, -87.72205209091501)"
PULASKI AND FULLERTON,1481,2400 N PULASKI RD,03/31/2016,2,1149275.963864089,1915687.631931757,41.924572574,-87.726919111,"(41.92457257416937, -87.72691911144182)"
95TH AND STONEY ISLAND,2513,1600 E 95TH STREET,01/22/2016,3,1188537.746187743,1842339.840767953,41.722449457,-87.585003569,"(41.72244945701069, -87.58500356910938)"
CICERO AND DIVERSEY,1691,2800 N CICERO AVENUE,03/07/2015,4,1143863.647574835,1918202.018463414,41.931575608,-87.746743301,"(41.93157560844622, -87.74674330113561)"
AUSTIN AND IRVING PARK,1163,6000 W IRVING PARK ROAD,04/04/2017,1,1135622.402636023,1926014.192063646,41.953163772,-87.776842593,"(41.95316377185154, -87.77684259284736)"
PULASKI AND 79TH,2492,7900 S PULASKI ROAD,05/15/2015,4,1151054.87395657,1851842.663854121,41.749339,-87.722052091,"(41.74933900008238, -87.72205209091501)"
PULASKI AND CHICAGO,1982,800 N PULASKI ROAD,05/22/2015,4,1149538.444844035,1905079.034990625,41.895456457,-87.726230541,"(41.895456456825386, -87.72623054051289)"
AUSTIN AND ADDISON,1493,6000 W ADDISON STREET,07/11/2014,2,1135698.173154422,1923360.229527805,41.945879676,-87.776627421,"(41.94587967559099, -87.77662742093737)"
95TH AND STONEY ISLAND,2513,1600 E 95TH STREET,07/22/2015,3,1188537.746187743,1842339.840767953,41.722449457,-87.585003569,"(41.72244945701069, -87.58500356910938)"
95TH AND STONEY ISLAND,2513,1600 E 95TH STREET,02/17/2015,2,1188537.746187743,1842339.840767953,41.722449457,-87.585003569,"(41.72244945701069, -87.58500356910938)"
AUSTIN AND ADDISON,1493,6000 W ADDISON STREET,02/27/2017,1,1135698.173154422,1923360.229527805,41.945879676,-87.776627421,"(41.94587967559099, -87.77662742093737)"
GRAND AND OAK PARK,1524,6800 W GRAND AVENUE,12/29/2014,12,1130668.89526974,1915248.469290467,41.923708193,-87.795300781,"(41.92370819286044, -87.79530078123082)"
LAWRENCE AND CICERO,1041,4800 N CICERO AVE,09/24/2014,3,1143464.651785526,1931490.551883203,41.968048007,-87.747875985,"(41.968048007293845, -87.74787598468126)"
LAWRENCE AND WESTERN,1192,4800 N WESTERN AVENUE,06/29/2015,3,1159459.622430471,1931821.342623414,41.968640727,-87.689054241,"(41.96864072747715, -87.6890542408374)"
RIDGE AND CLARK,1052,5930 N CLARK STREET,03/19/2017,6,1164554.784723473,1939388.511516442,41.98929863,-87.670104121,"(41.98929863013193, -87.67010412112992)"
SACRAMENTO AND CHICAGO,1812,800 N SACRAMENTO AVEN,08/23/2015,12,1156039.008141929,1905193.084100581,41.895640714,-87.702352328,"(41.89564071387542, -87.70235232767416)"
GRAND AND OAK PARK,1523,6800 W GRAND AVENUE,02/24/2017,3,1130668.89526974,1915248.469290467,41.923708193,-87.795300781,"(41.92370819286044, -87.79530078123082)"
GRAND AND OAK PARK,1524,6800 W GRAND AVENUE,08/20/2016,14,1130668.89526974,1915248.469290467,41.923708193,-87.795300781,"(41.92370819286044, -87.79530078123082)"
ASHLAND AND DIVISION,1793,1600 W DIVISION STREET,05/09/2017,5,1165489.684200442,1908112.312963909,41.903455316,-87.667558994,"(41.903455316483814, -87.66755899396976)"
RIDGE AND CLARK,1051,5930 N CLARK STREET,05/12/2015,7,1164554.784723473,1939388.511516442,41.98929863,-87.670104121,"(41.98929863013193, -87.67010412112992)"
LAWRENCE AND CICERO,1041,4800 N CICERO AVE,10/07/2015,4,1143464.651785526,1931490.551883203,41.968048007,-87.747875985,"(41.968048007293845, -87.74787598468126)"
GRAND AND OAK PARK,1523,6800 W GRAND AVENUE,04/05/2015,8,1130668.89526974,1915248.469290467,41.923708193,-87.795300781,"(41.92370819286044, -87.79530078123082)"
PULASKI AND 63RD,2343,4000 W 63RD ST,06/11/2016,4,1150768.346768175,1862564.615405259,41.77876739,-87.722823195,"(41.778767390084305, -87.72282319530368)"
PULASKI AND 63RD,2343,4000 W 63RD ST,03/27/2016,5,1150768.346768175,1862564.615405259,41.77876739,-87.722823195,"(41.778767390084305, -87.72282319530368)"
LAWRENCE AND CICERO,1042,4800 N CICERO AVENUE,10/14/2014,15,1143464.651785526,1931490.551883203,41.968048007,-87.747875985,"(41.968048007293845, -87.74787598468126)"
WESTERN AND 63RD,2371,6300 S WESTERN AVE,02/24/2015,1,1161415.712688877,1862772.38856596,41.779123484,-87.683783099,"(41.77912348383963, -87.68378309863576)"
87TH AND VINCENNES,2413,848 W 87TH STREET,08/13/2014,6,1172002.531006759,1847197.326168367,41.736157546,-87.6454274,"(41.73615754630335, -87.64542740049411)"
HALSTED AND DIVISION,1711,1200 N HALSTED,08/11/2015,4,1170746.639428735,1908242.256010774,41.903698308,-87.648245351,"(41.90369830765008, -87.64824535062563)"
GRAND AND OAK PARK,1523,6800 W GRAND AVENUE,05/28/2015,3,1130668.89526974,1915248.469290467,41.923708193,-87.795300781,"(41.92370819286044, -87.79530078123082)"
HALSTED AND DIVISION,1711,1200 N HALSTED,08/01/2014,20,1170746.639428735,1908242.256010774,41.903698308,-87.648245351,"(41.90369830765008, -87.64824535062563)"
LAWRENCE AND WESTERN,1192,4800 N WESTERN AVENUE,04/01/2015,1,1159459.622430471,1931821.342623414,41.968640727,-87.689054241,"(41.96864072747715, -87.6890542408374)"
AUSTIN AND IRVING PARK,1163,6000 W IRVING PARK ROAD,07/27/2014,4,1135622.402636023,1926014.192063646,41.953163772,-87.776842593,"(41.95316377185154, -87.77684259284736)"
HALSTED AND DIVISION,1711,1200 N HALSTED,02/12/2015,1,1170746.639428735,1908242.256010774,41.903698308,-87.648245351,"(41.90369830765008, -87.64824535062563)"
PETERSON AND WESTERN,1011,6000 N WESTERN AVE,09/30/2016,6,1159190.625032041,1939816.75471116,41.990586042,-87.689822473,"(41.99058604241958, -87.68982247294417)"
PULASKI AND FULLERTON,1481,2400 N PULASKI RD,05/02/2015,1,1149275.963864089,1915687.631931757,41.924572574,-87.726919111,"(41.92457257416937, -87.72691911144182)"
ARCHER/NARRAGANSETT AND 55TH,2074,6400 W ARCHER AVE,07/23/2014,6,1134629.248133949,1867443.543796524,41.792455256,-87.78187685,"(41.79245525550523, -87.78187684987694)"
CALIFORNIA AND DIVERSEY,1511,2800 N CALIFORNIA AVE,04/16/2015,2,1157189.355049829,1918495.644754069,41.932120719,-87.6977653,"(41.93212071910647, -87.69776530036465)"
PULASKI AND FULLERTON,1481,2400 N PULASKI RD,10/11/2016,3,1149275.963864089,1915687.631931757,41.924572574,-87.726919111,"(41.92457257416937, -87.72691911144182)"
MADISON AND WESTERN,1934,2400 W MADISON,10/15/2016,1,1160384.621277157,1899988.655722373,41.881270504,-87.68653594,"(41.88127050428818, -87.68653594017124)"
CALIFORNIA AND DIVERSEY,1511,2800 N CALIFORNIA AVE,02/23/2015,1,1157189.355049829,1918495.644754069,41.932120719,-87.6977653,"(41.93212071910647, -87.69776530036465)"
ASHLAND AND DIVISION,1793,1600 W DIVISION STREET,06/19/2016,4,1165489.684200442,1908112.312963909,41.903455316,-87.667558994,"(41.903455316483814, -87.66755899396976)"
GARFIELD AND ASHLAND,2274,1600 W GARFIELD BLVD,03/04/2015,4,1166593.072608676,1868281.842213365,41.79413322,-87.664645263,"(41.79413322022423, -87.66464526320254)"
SACRAMENTO AND CHICAGO,1812,800 N SACRAMENTO AVEN,01/03/2015,3,1156039.008141929,1905193.084100581,41.895640714,-87.702352328,"(41.89564071387542, -87.70235232767416)"
LAWRENCE AND CICERO,1041,4800 N CICERO AVE,07/11/2015,8,1143464.651785526,1931490.551883203,41.968048007,-87.747875985,"(41.968048007293845, -87.74787598468126)"
MADISON AND WESTERN,1934,2400 W MADISON,10/20/2014,1,1160384.621277157,1899988.655722373,41.881270504,-87.68653594,"(41.88127050428818, -87.68653594017124)"
GRAND AND OAK PARK,1524,6800 W GRAND AVENUE,05/05/2016,4,1130668.89526974,1915248.469290467,41.923708193,-87.795300781,"(41.92370819286044, -87.79530078123082)"
LAWRENCE AND CICERO,1042,4800 N CICERO AVENUE,07/17/2014,8,1143464.651785526,1931490.551883203,41.968048007,-87.747875985,"(41.968048007293845, -87.74787598468126)"
AUSTIN AND ADDISON,1493,6000 W ADDISON STREET,11/15/2016,2,1135698.173154422,1923360.229527805,41.945879676,-87.776627421,"(41.94587967559099, -87.77662742093737)"
ADDISON AND HARLEM,1593,7200 W ADDISON,04/04/2017,1,1127417.488447099,1923123.407710965,41.945373358,-87.807070326,"(41.94537335809189, -87.80707032561135)"
MADISON AND WESTERN,1934,2400 W MADISON,09/10/2015,3,1160384.621277157,1899988.655722373,41.881270504,-87.68653594,"(41.88127050428818, -87.68653594017124)"
GRAND AND OAK PARK,1524,6800 W GRAND AVENUE,08/23/2014,7,1130668.89526974,1915248.469290467,41.923708193,-87.795300781,"(41.92370819286044, -87.79530078123082)"
WESTERN AND 63RD,2371,6300 S WESTERN AVE,01/03/2017,1,1161415.712688877,1862772.38856596,41.779123484,-87.683783099,"(41.77912348383963, -87.68378309863576)"
79TH AND KEDZIE,2442,7900 S KEDZIE AVE,04/01/2015,1,1156378.39667768,1852021.375281577,41.749723972,-87.702539572,"(41.749723971726056, -87.70253957167394)"
MADISON AND WESTERN,1934,2400 W MADISON,11/06/2016,2,1160384.621277157,1899988.655722373,41.881270504,-87.68653594,"(41.88127050428818, -87.68653594017124)"
GRAND AND OAK PARK,1523,6800 W GRAND AVENUE,05/21/2015,6,1130668.89526974,1915248.469290467,41.923708193,-87.795300781,"(41.92370819286044, -87.79530078123082)"
PULASKI AND FULLERTON,1484,4000 W FULLERTON AVE,09/17/2015,3,1149303.081963737,1915695.275222648,41.924593022,-87.726819268,"(41.92459302175305, -87.7268192684032)"
LAWRENCE AND WESTERN,1192,4800 N WESTERN AVENUE,04/23/2015,4,1159459.622430471,1931821.342623414,41.968640727,-87.689054241,"(41.96864072747715, -87.6890542408374)"
PULASKI AND 63RD,2343,4000 W 63RD ST,12/27/2015,2,1150768.346768175,1862564.615405259,41.77876739,-87.722823195,"(41.778767390084305, -87.72282319530368)"
LAWRENCE AND CICERO,1041,4800 N CICERO AVE,12/16/2015,8,1143464.651785526,1931490.551883203,41.968048007,-87.747875985,"(41.968048007293845, -87.74787598468126)"
PULASKI AND FULLERTON,1481,2400 N PULASKI RD,04/15/2016,2,1149275.963864089,1915687.631931757,41.924572574,-87.726919111,"(41.92457257416937, -87.72691911144182)"
RIDGE AND CLARK,1051,5930 N CLARK STREET,01/14/2016,6,1164554.784723473,1939388.511516442,41.98929863,-87.670104121,"(41.98929863013193, -87.67010412112992)"
CALIFORNIA AND DIVERSEY,1511,2800 N CALIFORNIA AVE,03/04/2017,14,1157189.355049829,1918495.644754069,41.932120719,-87.6977653,"(41.93212071910647, -87.69776530036465)"
87TH AND VINCENNES,2413,848 W 87TH STREET,05/19/2016,16,1172002.531006759,1847197.326168367,41.736157546,-87.6454274,"(41.73615754630335, -87.64542740049411)"
KEDZIE AND 47TH,2101,4700 S KEDZIE AVE,10/11/2014,2,1155791.949302478,1873270.778481327,41.808047272,-87.704118822,"(41.80804727165029, -87.70411882229871)"
PULASKI AND FULLERTON,1484,4000 W FULLERTON AVE,03/04/2016,8,1149303.081963737,1915695.275222648,41.924593022,-87.726819268,"(41.92459302175305, -87.7268192684032)"
RIDGE AND CLARK,1051,5930 N CLARK STREET,10/19/2015,6,1164554.784723473,1939388.511516442,41.98929863,-87.670104121,"(41.98929863013193, -87.67010412112992)"
LAWRENCE AND CICERO,1042,4800 N CICERO AVENUE,12/20/2014,3,1143464.651785526,1931490.551883203,41.968048007,-87.747875985,"(41.968048007293845, -87.74787598468126)"
PULASKI AND CHICAGO,1982,800 N PULASKI ROAD,08/02/2015,3,1149538.444844035,1905079.034990625,41.895456457,-87.726230541,"(41.895456456825386, -87.72623054051289)"
PULASKI AND 79TH,2494,4000 W 79TH STREET,07/07/2014,3,1151074.116357501,1851966.830243835,41.749679359,-87.721978345,"(41.74967935883473, -87.72197834524168)"
CICERO AND DIVERSEY,1691,2800 N CICERO AVENUE,04/07/2017,2,1143863.647574835,1918202.018463414,41.931575608,-87.746743301,"(41.93157560844622, -87.74674330113561)"
SACRAMENTO AND CHICAGO,1812,800 N SACRAMENTO AVEN,05/04/2016,5,1156039.008141929,1905193.084100581,41.895640714,-87.702352328,"(41.89564071387542, -87.70235232767416)"
PETERSON AND WESTERN,1011,6000 N WESTERN AVE,01/07/2015,3,1159190.625032041,1939816.75471116,41.990586042,-87.689822473,"(41.99058604241958, -87.68982247294417)"
ARCHER/NARRAGANSETT AND 55TH,2074,6400 W ARCHER AVE,09/24/2014,4,1134629.248133949,1867443.543796524,41.792455256,-87.78187685,"(41.79245525550523, -87.78187684987694)"
WESTERN AND MARQUETTE,2674,2400 W MARQUETTE ROAD,04/30/2015,3,1161509.889315231,1860208.627404126,41.772086214,-87.683508858,"(41.772086214104526, -87.68350885781568)"
GRAND AND OAK PARK,1524,6800 W GRAND AVENUE,07/24/2015,3,1130668.89526974,1915248.469290467,41.923708193,-87.795300781,"(41.92370819286044, -87.79530078123082)"
GRAND AND OAK PARK,1524,6800 W GRAND AVENUE,12/26/2015,3,1130668.89526974,1915248.469290467,41.923708193,-87.795300781,"(41.92370819286044, -87.79530078123082)"
BLUE ISLAND AND DAMEN,2281,2416 S DAMEN AVENUE,12/04/2014,5,1163378.697434511,1887916.370760201,41.848080596,-87.675881338,"(41.84808059558783, -87.67588133802435)"
PULASKI AND CHICAGO,1982,800 N PULASKI ROAD,06/03/2016,1,1149538.444844035,1905079.034990625,41.895456457,-87.726230541,"(41.895456456825386, -87.72623054051289)"
PULASKI AND 63RD,2343,4000 W 63RD ST,12/21/2016,3,1150768.346768175,1862564.615405259,41.77876739,-87.722823195,"(41.778767390084305, -87.72282319530368)"
KEDZIE AND 47TH,2101,4700 S KEDZIE AVE,10/25/2015,1,1155791.949302478,1873270.778481327,41.808047272,-87.704118822,"(41.80804727165029, -87.70411882229871)"
ASHLAND AND DIVISION,1793,1600 W DIVISION STREET,07/07/2015,3,1165489.684200442,1908112.312963909,41.903455316,-87.667558994,"(41.903455316483814, -87.66755899396976)"
WESTERN AND MARQUETTE,2674,2400 W MARQUETTE ROAD,10/11/2014,1,1161509.889315231,1860208.627404126,41.772086214,-87.683508858,"(41.772086214104526, -87.68350885781568)"
LAWRENCE AND CICERO,1041,4800 N CICERO AVE,05/01/2015,3,1143464.651785526,1931490.551883203,41.968048007,-87.747875985,"(41.968048007293845, -87.74787598468126)"
87TH AND VINCENNES,2413,848 W 87TH STREET,07/15/2014,17,1172002.531006759,1847197.326168367,41.736157546,-87.6454274,"(41.73615754630335, -87.64542740049411)"
RIDGE AND CLARK,1052,5930 N CLARK STREET,04/07/2016,4,1164554.784723473,1939388.511516442,41.98929863,-87.670104121,"(41.98929863013193, -87.67010412112992)"
LAWRENCE AND CICERO,1042,4800 N CICERO AVENUE,07/20/2014,5,1143464.651785526,1931490.551883203,41.968048007,-87.747875985,"(41.968048007293845, -87.74787598468126)"
PULASKI AND 63RD,2343,4000 W 63RD ST,08/14/2015,4,1150768.346768175,1862564.615405259,41.77876739,-87.722823195,"(41.778767390084305, -87.72282319530368)"
AUSTIN AND IRVING PARK,1163,6000 W IRVING PARK ROAD,09/10/2014,1,1135622.402636023,1926014.192063646,41.953163772,-87.776842593,"(41.95316377185154, -87.77684259284736)"
SACRAMENTO AND CHICAGO,1812,800 N SACRAMENTO AVEN,10/04/2014,9,1156039.008141929,1905193.084100581,41.895640714,-87.702352328,"(41.89564071387542, -87.70235232767416)"
MADISON AND WESTERN,1934,2400 W MADISON,02/26/2016,2,1160384.621277157,1899988.655722373,41.881270504,-87.68653594,"(41.88127050428818, -87.68653594017124)"
CALIFORNIA AND DIVERSEY,1511,2800 N CALIFORNIA AVE,05/02/2015,5,1157189.355049829,1918495.644754069,41.932120719,-87.6977653,"(41.93212071910647, -87.69776530036465)"
SACRAMENTO AND CHICAGO,1812,800 N SACRAMENTO AVEN,04/27/2016,3,1156039.008141929,1905193.084100581,41.895640714,-87.702352328,"(41.89564071387542, -87.70235232767416)"
HALSTED AND DIVISION,1711,1200 N HALSTED,10/26/2015,14,1170746.639428735,1908242.256010774,41.903698308,-87.648245351,"(41.90369830765008, -87.64824535062563)"
95TH AND STONEY ISLAND,2513,1600 E 95TH STREET,04/09/2017,4,1188537.746187743,1842339.840767953,41.722449457,-87.585003569,"(41.72244945701069, -87.58500356910938)"
GRAND AND OAK PARK,1524,6800 W GRAND AVENUE,01/10/2017,3,1130668.89526974,1915248.469290467,41.923708193,-87.795300781,"(41.92370819286044, -87.79530078123082)"
ARCHER AND CICERO,2084,5400 S ARCHER AVE,11/29/2016,8,1145209.426392053,1869810.657411975,41.798758208,-87.743020541,"(41.798758207843264, -87.74302054146467)"
95TH AND STONEY ISLAND,2514,1600 E 95TH STREET,03/26/2017,4,1188537.746187743,1842339.840767953,41.722449457,-87.585003569,"(41.72244945701069, -87.58500356910938)"
PULASKI AND 63RD,2343,4000 W 63RD ST,12/14/2015,2,1150768.346768175,1862564.615405259,41.77876739,-87.722823195,"(41.778767390084305, -87.72282319530368)"
87TH AND VINCENNES,2413,848 W 87TH STREET,05/16/2016,14,1172002.531006759,1847197.326168367,41.736157546,-87.6454274,"(41.73615754630335, -87.64542740049411)"
AUSTIN AND ADDISON,1493,6000 W ADDISON STREET,04/23/2017,1,1135698.173154422,1923360.229527805,41.945879676,-87.776627421,"(41.94587967559099, -87.77662742093737)"
PETERSON AND WESTERN,1011,6000 N WESTERN AVE,07/22/2016,3,1159190.625032041,1939816.75471116,41.990586042,-87.689822473,"(41.99058604241958, -87.68982247294417)"
PULASKI AND 79TH,2494,4000 W 79TH STREET,03/24/2015,3,1151074.116357501,1851966.830243835,41.749679359,-87.721978345,"(41.74967935883473, -87.72197834524168)"
ADDISON AND HARLEM,1593,7200 W ADDISON,07/13/2016,1,1127417.488447099,1923123.407710965,41.945373358,-87.807070326,"(41.94537335809189, -87.80707032561135)"
KEDZIE AND 47TH,2101,4700 S KEDZIE AVE,01/16/2015,3,1155791.949302478,1873270.778481327,41.808047272,-87.704118822,"(41.80804727165029, -87.70411882229871)"
95TH AND STONEY ISLAND,2514,1600 E 95TH STREET,12/17/2016,8,1188537.746187743,1842339.840767953,41.722449457,-87.585003569,"(41.72244945701069, -87.58500356910938)"
CALIFORNIA AND DIVERSEY,1511,2800 N CALIFORNIA AVE,06/02/2016,7,1157189.355049829,1918495.644754069,41.932120719,-87.6977653,"(41.93212071910647, -87.69776530036465)"
ADDISON AND HARLEM,1593,7200 W ADDISON,07/01/2016,1,1127417.488447099,1923123.407710965,41.945373358,-87.807070326,"(41.94537335809189, -87.80707032561135)"
PULASKI AND BELMONT,1383,4000 W BELMONT AVE,03/08/2017,1,1149131.866894851,1921018.50498026,41.93920375,-87.727310134,"(41.93920374986553, -87.72731013414392)"
LAWRENCE AND CICERO,1042,4800 N CICERO AVENUE,03/18/2015,3,1143464.651785526,1931490.551883203,41.968048007,-87.747875985,"(41.968048007293845, -87.74787598468126)"
SACRAMENTO AND CHICAGO,1812,800 N SACRAMENTO AVEN,10/09/2014,9,1156039.008141929,1905193.084100581,41.895640714,-87.702352328,"(41.89564071387542, -87.70235232767416)"
95TH AND STONEY ISLAND,2514,1600 E 95TH STREET,10/01/2015,5,1188537.746187743,1842339.840767953,41.722449457,-87.585003569,"(41.72244945701069, -87.58500356910938)"
AUSTIN AND ADDISON,1493,6000 W ADDISON STREET,03/27/2015,2,1135698.173154422,1923360.229527805,41.945879676,-87.776627421,"(41.94587967559099, -87.77662742093737)"
AUSTIN AND ADDISON,1493,6000 W ADDISON STREET,04/15/2017,1,1135698.173154422,1923360.229527805,41.945879676,-87.776627421,"(41.94587967559099, -87.77662742093737)"
KEDZIE AND 47TH,2101,4700 S KEDZIE AVE,10/05/2016,13,1155791.949302478,1873270.778481327,41.808047272,-87.704118822,"(41.80804727165029, -87.70411882229871)"
LAWRENCE AND WESTERN,1192,4800 N WESTERN AVENUE,03/03/2016,1,1159459.622430471,1931821.342623414,41.968640727,-87.689054241,"(41.96864072747715, -87.6890542408374)"
95TH AND STONEY ISLAND,2513,1600 E 95TH STREET,07/21/2016,7,1188537.746187743,1842339.840767953,41.722449457,-87.585003569,"(41.72244945701069, -87.58500356910938)"
CALIFORNIA AND DIVERSEY,1511,2800 N CALIFORNIA AVE,08/23/2016,9,1157189.355049829,1918495.644754069,41.932120719,-87.6977653,"(41.93212071910647, -87.69776530036465)"
MADISON AND WESTERN,1934,2400 W MADISON,11/04/2016,3,1160384.621277157,1899988.655722373,41.881270504,-87.68653594,"(41.88127050428818, -87.68653594017124)"
PULASKI AND 63RD,2343,4000 W 63RD ST,05/31/2015,1,1150768.346768175,1862564.615405259,41.77876739,-87.722823195,"(41.778767390084305, -87.72282319530368)"
ARCHER AND CICERO,2084,5400 S ARCHER AVE,01/26/2016,7,1145209.426392053,1869810.657411975,41.798758208,-87.743020541,"(41.798758207843264, -87.74302054146467)"
SACRAMENTO AND CHICAGO,1812,800 N SACRAMENTO AVEN,06/15/2015,3,1156039.008141929,1905193.084100581,41.895640714,-87.702352328,"(41.89564071387542, -87.70235232767416)"
LAWRENCE AND CICERO,1041,4800 N CICERO AVE,09/07/2015,5,1143464.651785526,1931490.551883203,41.968048007,-87.747875985,"(41.968048007293845, -87.74787598468126)"
AUSTIN AND IRVING PARK,1163,6000 W IRVING PARK ROAD,04/11/2017,2,1135622.402636023,1926014.192063646,41.953163772,-87.776842593,"(41.95316377185154, -87.77684259284736)"
KEDZIE AND 47TH,2101,4700 S KEDZIE AVE,02/05/2017,9,1155791.949302478,1873270.778481327,41.808047272,-87.704118822,"(41.80804727165029, -87.70411882229871)"
87TH AND VINCENNES,2413,848 W 87TH STREET,11/28/2015,14,1172002.531006759,1847197.326168367,41.736157546,-87.6454274,"(41.73615754630335, -87.64542740049411)"
PULASKI AND 79TH,2494,4000 W 79TH STREET,11/07/2015,2,1151074.116357501,1851966.830243835,41.749679359,-87.721978345,"(41.74967935883473, -87.72197834524168)"
ADDISON AND HARLEM,1593,7200 W ADDISON,02/02/2016,4,1127417.488447099,1923123.407710965,41.945373358,-87.807070326,"(41.94537335809189, -87.80707032561135)"
RIDGE AND CLARK,1051,5930 N CLARK STREET,01/17/2015,4,1164554.784723473,1939388.511516442,41.98929863,-87.670104121,"(41.98929863013193, -87.67010412112992)"
WESTERN AND MARQUETTE,2674,2400 W MARQUETTE ROAD,09/02/2015,3,1161509.889315231,1860208.627404126,41.772086214,-87.683508858,"(41.772086214104526, -87.68350885781568)"
RIDGE AND CLARK,1052,5930 N CLARK STREET,11/06/2016,2,1164554.784723473,1939388.511516442,41.98929863,-87.670104121,"(41.98929863013193, -87.67010412112992)"
95TH AND STONEY ISLAND,2514,1600 E 95TH STREET,12/02/2014,5,1188537.746187743,1842339.840767953,41.722449457,-87.585003569,"(41.72244945701069, -87.58500356910938)"
PULASKI AND BELMONT,1383,4000 W BELMONT AVE,03/06/2016,1,1149131.866894851,1921018.50498026,41.93920375,-87.727310134,"(41.93920374986553, -87.72731013414392)"
PULASKI AND 79TH,2494,4000 W 79TH STREET,01/18/2015,1,1151074.116357501,1851966.830243835,41.749679359,-87.721978345,"(41.74967935883473, -87.72197834524168)"
IRVING PARK AND KILPATRICK,2763,4700 W IRVING PARK ROA,05/29/2017,3,,,,,
WESTERN AND MARQUETTE,2674,2400 W MARQUETTE ROAD,04/21/2015,2,1161509.889315231,1860208.627404126,41.772086214,-87.683508858,"(41.772086214104526, -87.68350885781568)"
PULASKI AND FULLERTON,1484,4000 W FULLERTON AVE,02/07/2016,6,1149303.081963737,1915695.275222648,41.924593022,-87.726819268,"(41.92459302175305, -87.7268192684032)"
LAWRENCE AND WESTERN,1192,4800 N WESTERN AVENUE,05/20/2017,4,1159459.622430471,1931821.342623414,41.968640727,-87.689054241,"(41.96864072747715, -87.6890542408374)"
95TH AND STONEY ISLAND,2514,1600 E 95TH STREET,03/20/2017,6,1188537.746187743,1842339.840767953,41.722449457,-87.585003569,"(41.72244945701069, -87.58500356910938)"
PULASKI AND FULLERTON,1484,4000 W FULLERTON AVE,12/28/2016,6,1149303.081963737,1915695.275222648,41.924593022,-87.726819268,"(41.92459302175305, -87.7268192684032)"
AUSTIN AND IRVING PARK,1163,6000 W IRVING PARK ROAD,04/06/2017,2,1135622.402636023,1926014.192063646,41.953163772,-87.776842593,"(41.95316377185154, -87.77684259284736)"
GRAND AND OAK PARK,1523,6800 W GRAND AVENUE,12/08/2015,8,1130668.89526974,1915248.469290467,41.923708193,-87.795300781,"(41.92370819286044, -87.79530078123082)"
79TH AND KEDZIE,2442,7900 S KEDZIE AVE,08/23/2015,1,1156378.39667768,1852021.375281577,41.749723972,-87.702539572,"(41.749723971726056, -87.70253957167394)"
LAWRENCE AND WESTERN,1192,4800 N WESTERN AVENUE,10/25/2016,1,1159459.622430471,1931821.342623414,41.968640727,-87.689054241,"(41.96864072747715, -87.6890542408374)"
PULASKI AND CHICAGO,1982,800 N PULASKI ROAD,07/03/2014,1,1149538.444844035,1905079.034990625,41.895456457,-87.726230541,"(41.895456456825386, -87.72623054051289)"
PULASKI AND 63RD,2343,4000 W 63RD ST,04/30/2017,3,1150768.346768175,1862564.615405259,41.77876739,-87.722823195,"(41.778767390084305, -87.72282319530368)"
PULASKI AND 63RD,2343,4000 W 63RD ST,11/23/2014,3,1150768.346768175,1862564.615405259,41.77876739,-87.722823195,"(41.778767390084305, -87.72282319530368)"
ARCHER/NARRAGANSETT AND 55TH,2074,6400 W ARCHER AVE,01/28/2015,4,1134629.248133949,1867443.543796524,41.792455256,-87.78187685,"(41.79245525550523, -87.78187684987694)"
ADDISON AND HARLEM,1593,7200 W ADDISON,12/26/2016,3,1127417.488447099,1923123.407710965,41.945373358,-87.807070326,"(41.94537335809189, -87.80707032561135)"
HALSTED AND DIVISION,1711,1200 N HALSTED,07/23/2015,4,1170746.639428735,1908242.256010774,41.903698308,-87.648245351,"(41.90369830765008, -87.64824535062563)"
PULASKI AND 79TH,2494,4000 W 79TH STREET,06/27/2015,4,1151074.116357501,1851966.830243835,41.749679359,-87.721978345,"(41.74967935883473, -87.72197834524168)"
PULASKI AND 63RD,2343,4000 W 63RD ST,06/13/2016,1,1150768.346768175,1862564.615405259,41.77876739,-87.722823195,"(41.778767390084305, -87.72282319530368)"
PULASKI AND BELMONT,1383,4000 W BELMONT AVE,09/30/2015,1,1149131.866894851,1921018.50498026,41.93920375,-87.727310134,"(41.93920374986553, -87.72731013414392)"
RIDGE AND CLARK,1051,5930 N CLARK STREET,02/28/2016,7,1164554.784723473,1939388.511516442,41.98929863,-87.670104121,"(41.98929863013193, -87.67010412112992)"
95TH AND STONEY ISLAND,2513,1600 E 95TH STREET,12/30/2014,13,1188537.746187743,1842339.840767953,41.722449457,-87.585003569,"(41.72244945701069, -87.58500356910938)"
PULASKI AND FULLERTON,1484,4000 W FULLERTON AVE,11/01/2015,3,1149303.081963737,1915695.275222648,41.924593022,-87.726819268,"(41.92459302175305, -87.7268192684032)"
RIDGE AND CLARK,1051,5930 N CLARK STREET,12/22/2014,3,1164554.784723473,1939388.511516442,41.98929863,-87.670104121,"(41.98929863013193, -87.67010412112992)"
AUSTIN AND ADDISON,1493,6000 W ADDISON STREET,04/05/2017,2,1135698.173154422,1923360.229527805,41.945879676,-87.776627421,"(41.94587967559099, -87.77662742093737)"
PULASKI AND BELMONT,1383,4000 W BELMONT AVE,07/04/2015,3,1149131.866894851,1921018.50498026,41.93920375,-87.727310134,"(41.93920374986553, -87.72731013414392)"
PULASKI AND FULLERTON,1484,4000 W FULLERTON AVE,11/02/2014,3,1149303.081963737,1915695.275222648,41.924593022,-87.726819268,"(41.92459302175305, -87.7268192684032)"
GRAND AND OAK PARK,1524,6800 W GRAND AVENUE,02/20/2016,8,1130668.89526974,1915248.469290467,41.923708193,-87.795300781,"(41.92370819286044, -87.79530078123082)"
GRAND AND OAK PARK,1524,6800 W GRAND AVENUE,03/23/2016,3,1130668.89526974,1915248.469290467,41.923708193,-87.795300781,"(41.92370819286044, -87.79530078123082)"
LAWRENCE AND CICERO,1041,4800 N CICERO AVE,10/17/2015,4,1143464.651785526,1931490.551883203,41.968048007,-87.747875985,"(41.968048007293845, -87.74787598468126)"
AUSTIN AND ADDISON,1493,6000 W ADDISON STREET,06/28/2015,1,1135698.173154422,1923360.229527805,41.945879676,-87.776627421,"(41.94587967559099, -87.77662742093737)"
PULASKI AND 79TH,2492,7900 S PULASKI ROAD,10/07/2015,2,1151054.87395657,1851842.663854121,41.749339,-87.722052091,"(41.74933900008238, -87.72205209091501)"
PULASKI AND CHICAGO,1982,800 N PULASKI ROAD,02/14/2017,1,1149538.444844035,1905079.034990625,41.895456457,-87.726230541,"(41.895456456825386, -87.72623054051289)"
AUSTIN AND ADDISON,1493,6000 W ADDISON STREET,10/10/2016,1,1135698.173154422,1923360.229527805,41.945879676,-87.776627421,"(41.94587967559099, -87.77662742093737)"
PULASKI AND 79TH,2494,4000 W 79TH STREET,05/05/2015,1,1151074.116357501,1851966.830243835,41.749679359,-87.721978345,"(41.74967935883473, -87.72197834524168)"
AUSTIN AND IRVING PARK,1163,6000 W IRVING PARK ROAD,07/31/2014,1,1135622.402636023,1926014.192063646,41.953163772,-87.776842593,"(41.95316377185154, -87.77684259284736)"
SACRAMENTO AND CHICAGO,1812,800 N SACRAMENTO AVEN,01/01/2017,8,1156039.008141929,1905193.084100581,41.895640714,-87.702352328,"(41.89564071387542, -87.70235232767416)"
RIDGE AND CLARK,1052,5930 N CLARK STREET,10/22/2015,1,1164554.784723473,1939388.511516442,41.98929863,-87.670104121,"(41.98929863013193, -87.67010412112992)"
LAWRENCE AND CICERO,1041,4800 N CICERO AVE,10/25/2016,7,1143464.651785526,1931490.551883203,41.968048007,-87.747875985,"(41.968048007293845, -87.74787598468126)"
GRAND AND OAK PARK,1523,6800 W GRAND AVENUE,02/26/2015,10,1130668.89526974,1915248.469290467,41.923708193,-87.795300781,"(41.92370819286044, -87.79530078123082)"
MADISON AND WESTERN,1934,2400 W MADISON,02/25/2017,4,1160384.621277157,1899988.655722373,41.881270504,-87.68653594,"(41.88127050428818, -87.68653594017124)"
ARCHER AND CICERO,2084,5400 S ARCHER AVE,02/05/2017,6,1145209.426392053,1869810.657411975,41.798758208,-87.743020541,"(41.798758207843264, -87.74302054146467)"
LAWRENCE AND CICERO,1041,4800 N CICERO AVE,10/26/2014,9,1143464.651785526,1931490.551883203,41.968048007,-87.747875985,"(41.968048007293845, -87.74787598468126)"
95TH AND STONEY ISLAND,2513,1600 E 95TH STREET,04/11/2015,4,1188537.746187743,1842339.840767953,41.722449457,-87.585003569,"(41.72244945701069, -87.58500356910938)"
MILWAUKEE AND MONTROSE,1362,4400 N MILWAUKEE AVEN,03/17/2017,5,1141643.943268783,1928770.256316239,41.96061723,-87.75463824,"(41.9606172296957, -87.75463824007085)"
ARCHER AND CICERO,2084,5400 S ARCHER AVE,07/29/2016,13,1145209.426392053,1869810.657411975,41.798758208,-87.743020541,"(41.798758207843264, -87.74302054146467)"
GRAND AND OAK PARK,1524,6800 W GRAND AVENUE,09/04/2014,5,1130668.89526974,1915248.469290467,41.923708193,-87.795300781,"(41.92370819286044, -87.79530078123082)"
CICERO AND DIVERSEY,1691,2800 N CICERO AVENUE,09/01/2014,1,1143863.647574835,1918202.018463414,41.931575608,-87.746743301,"(41.93157560844622, -87.74674330113561)"
WESTERN AND MARQUETTE,2674,2400 W MARQUETTE ROAD,02/15/2017,3,1161509.889315231,1860208.627404126,41.772086214,-87.683508858,"(41.772086214104526, -87.68350885781568)"
LAWRENCE AND WESTERN,1192,4800 N WESTERN AVENUE,01/10/2017,4,1159459.622430471,1931821.342623414,41.968640727,-87.689054241,"(41.96864072747715, -87.6890542408374)"
LAWRENCE AND CICERO,1042,4800 N CICERO AVENUE,01/18/2015,1,1143464.651785526,1931490.551883203,41.968048007,-87.747875985,"(41.968048007293845, -87.74787598468126)"
CICERO AND DIVERSEY,1691,2800 N CICERO AVENUE,09/15/2015,4,1143863.647574835,1918202.018463414,41.931575608,-87.746743301,"(41.93157560844622, -87.74674330113561)"
AUSTIN AND ADDISON,1493,6000 W ADDISON STREET,10/08/2016,1,1135698.173154422,1923360.229527805,41.945879676,-87.776627421,"(41.94587967559099, -87.77662742093737)"
PULASKI AND 79TH,2492,7900 S PULASKI ROAD,08/15/2015,4,1151054.87395657,1851842.663854121,41.749339,-87.722052091,"(41.74933900008238, -87.72205209091501)"
CALIFORNIA AND DIVERSEY,1511,2800 N CALIFORNIA AVE,02/04/2015,1,1157189.355049829,1918495.644754069,41.932120719,-87.6977653,"(41.93212071910647, -87.69776530036465)"
RIDGE AND CLARK,1051,5930 N CLARK STREET,07/09/2016,20,1164554.784723473,1939388.511516442,41.98929863,-87.670104121,"(41.98929863013193, -87.67010412112992)"
ASHLAND AND DIVISION,1793,1600 W DIVISION STREET,01/08/2017,3,1165489.684200442,1908112.312963909,41.903455316,-87.667558994,"(41.903455316483814, -87.66755899396976)"
KEDZIE AND 63RD,2361,6300 S KEDZIE AVE,03/17/2017,2,1156097.505177228,1862668.051775093,41.77894575,-87.703283119,"(41.77894575017997, -87.70328311900342)"
PULASKI AND MONTROSE,1292,4400 N PULASKI ROAD,08/30/2014,2,1148894.146173785,1928968.481843755,41.961023721,-87.727977456,"(41.961023721270585, -87.72797745595682)"
PETERSON AND WESTERN,1011,6000 N WESTERN AVE,10/08/2015,2,1159190.625032041,1939816.75471116,41.990586042,-87.689822473,"(41.99058604241958, -87.68982247294417)"
RIDGE AND CLARK,1052,5930 N CLARK STREET,04/30/2016,5,1164554.784723473,1939388.511516442,41.98929863,-87.670104121,"(41.98929863013193, -87.67010412112992)"
CALIFORNIA AND DIVERSEY,1511,2800 N CALIFORNIA AVE,09/27/2014,7,1157189.355049829,1918495.644754069,41.932120719,-87.6977653,"(41.93212071910647, -87.69776530036465)"
LAWRENCE AND WESTERN,1192,4800 N WESTERN AVENUE,05/24/2015,2,1159459.622430471,1931821.342623414,41.968640727,-87.689054241,"(41.96864072747715, -87.6890542408374)"
PULASKI AND MONTROSE,1292,4400 N PULASKI ROAD,11/27/2014,1,1148894.146173785,1928968.481843755,41.961023721,-87.727977456,"(41.961023721270585, -87.72797745595682)"
PULASKI AND 63RD,2343,4000 W 63RD ST,09/22/2014,2,1150768.346768175,1862564.615405259,41.77876739,-87.722823195,"(41.778767390084305, -87.72282319530368)"
79TH AND KEDZIE,2442,7900 S KEDZIE AVE,09/13/2014,1,1156378.39667768,1852021.375281577,41.749723972,-87.702539572,"(41.749723971726056, -87.70253957167394)"
PULASKI AND FULLERTON,1481,2400 N PULASKI RD,09/13/2014,2,1149275.963864089,1915687.631931757,41.924572574,-87.726919111,"(41.92457257416937, -87.72691911144182)"
ARCHER/NARRAGANSETT AND 55TH,2073,6400 W ARCHER AVE,10/27/2014,5,1134629.248133949,1867443.543796524,41.792455256,-87.78187685,"(41.79245525550523, -87.78187684987694)"
95TH AND STONEY ISLAND,2513,1600 E 95TH STREET,07/30/2014,12,1188537.746187743,1842339.840767953,41.722449457,-87.585003569,"(41.72244945701069, -87.58500356910938)"
MADISON AND WESTERN,1934,2400 W MADISON,09/21/2016,2,1160384.621277157,1899988.655722373,41.881270504,-87.68653594,"(41.88127050428818, -87.68653594017124)"
PULASKI AND 63RD,2343,4000 W 63RD ST,05/14/2016,2,1150768.346768175,1862564.615405259,41.77876739,-87.722823195,"(41.778767390084305, -87.72282319530368)"
GRAND AND OAK PARK,1523,6800 W GRAND AVENUE,10/25/2015,4,1130668.89526974,1915248.469290467,41.923708193,-87.795300781,"(41.92370819286044, -87.79530078123082)"
COTTAGE GROVE AND 95TH,2602,9500 S COTTAGE GROVE,10/04/2014,2,1183531.307692447,1842122.302108743,41.721970465,-87.60334804,"(41.72197046522736, -87.60334804007711)"
ASHLAND AND DIVISION,1793,1600 W DIVISION STREET,11/20/2015,1,1165489.684200442,1908112.312963909,41.903455316,-87.667558994,"(41.903455316483814, -87.66755899396976)"
WESTERN AND 63RD,2371,6300 S WESTERN AVE,10/04/2015,2,1161415.712688877,1862772.38856596,41.779123484,-87.683783099,"(41.77912348383963, -87.68378309863576)"
PULASKI AND BELMONT,1383,4000 W BELMONT AVE,03/08/2016,1,1149131.866894851,1921018.50498026,41.93920375,-87.727310134,"(41.93920374986553, -87.72731013414392)"
AUSTIN AND ADDISON,1493,6000 W ADDISON STREET,08/04/2014,1,1135698.173154422,1923360.229527805,41.945879676,-87.776627421,"(41.94587967559099, -87.77662742093737)"
PULASKI AND 63RD,2343,4000 W 63RD ST,03/15/2017,1,1150768.346768175,1862564.615405259,41.77876739,-87.722823195,"(41.778767390084305, -87.72282319530368)"
MADISON AND WESTERN,1934,2400 W MADISON,11/05/2016,2,1160384.621277157,1899988.655722373,41.881270504,-87.68653594,"(41.88127050428818, -87.68653594017124)"
87TH AND VINCENNES,2413,848 W 87TH STREET,03/28/2015,9,1172002.531006759,1847197.326168367,41.736157546,-87.6454274,"(41.73615754630335, -87.64542740049411)"
95TH AND STONEY ISLAND,2513,1600 E 95TH STREET,07/09/2014,22,1188537.746187743,1842339.840767953,41.722449457,-87.585003569,"(41.72244945701069, -87.58500356910938)"
CICERO AND ARMITAGE,2003,4800 W ARMITAGE AVENUE,03/17/2017,1,1144054.25126508,1912907.00926109,41.917041992,-87.746176095,"(41.91704199201953, -87.74617609464687)"
WESTERN AND MARQUETTE,2674,2400 W MARQUETTE ROAD,08/22/2016,1,1161509.889315231,1860208.627404126,41.772086214,-87.683508858,"(41.772086214104526, -87.68350885781568)"
ARCHER/NARRAGANSETT AND 55TH,2074,6400 W ARCHER AVE,09/17/2014,9,1134629.248133949,1867443.543796524,41.792455256,-87.78187685,"(41.79245525550523, -87.78187684987694)"
LAWRENCE AND WESTERN,1192,4800 N WESTERN AVENUE,01/04/2015,2,1159459.622430471,1931821.342623414,41.968640727,-87.689054241,"(41.96864072747715, -87.6890542408374)"
PULASKI AND 63RD,2343,4000 W 63RD ST,01/19/2016,3,1150768.346768175,1862564.615405259,41.77876739,-87.722823195,"(41.778767390084305, -87.72282319530368)"
RIDGE AND CLARK,1052,5930 N CLARK STREET,07/18/2016,8,1164554.784723473,1939388.511516442,41.98929863,-87.670104121,"(41.98929863013193, -87.67010412112992)"
PETERSON AND WESTERN,1011,6000 N WESTERN AVE,03/06/2015,5,1159190.625032041,1939816.75471116,41.990586042,-87.689822473,"(41.99058604241958, -87.68982247294417)"
95TH AND STONEY ISLAND,2514,1600 E 95TH STREET,11/23/2014,3,1188537.746187743,1842339.840767953,41.722449457,-87.585003569,"(41.72244945701069, -87.58500356910938)"
LAWRENCE AND WESTERN,1192,4800 N WESTERN AVENUE,12/31/2014,2,1159459.622430471,1931821.342623414,41.968640727,-87.689054241,"(41.96864072747715, -87.6890542408374)"
95TH AND STONEY ISLAND,2513,1600 E 95TH STREET,04/19/2017,8,1188537.746187743,1842339.840767953,41.722449457,-87.585003569,"(41.72244945701069, -87.58500356910938)"
ARCHER AND CICERO,2084,5400 S ARCHER AVE,10/11/2015,4,1145209.426392053,1869810.657411975,41.798758208,-87.743020541,"(41.798758207843264, -87.74302054146467)"
95TH AND STONEY ISLAND,2513,1600 E 95TH STREET,04/02/2015,7,1188537.746187743,1842339.840767953,41.722449457,-87.585003569,"(41.72244945701069, -87.58500356910938)"
95TH AND STONEY ISLAND,2513,1600 E 95TH STREET,10/14/2014,13,1188537.746187743,1842339.840767953,41.722449457,-87.585003569,"(41.72244945701069, -87.58500356910938)"
MADISON AND WESTERN,1934,2400 W MADISON,11/16/2014,2,1160384.621277157,1899988.655722373,41.881270504,-87.68653594,"(41.88127050428818, -87.68653594017124)"
CICERO AND DIVERSEY,1691,2800 N CICERO AVENUE,02/25/2016,1,1143863.647574835,1918202.018463414,41.931575608,-87.746743301,"(41.93157560844622, -87.74674330113561)"
KEDZIE AND 47TH,2101,4700 S KEDZIE AVE,08/10/2016,4,1155791.949302478,1873270.778481327,41.808047272,-87.704118822,"(41.80804727165029, -87.70411882229871)"
RIDGE AND CLARK,1052,5930 N CLARK STREET,09/17/2015,4,1164554.784723473,1939388.511516442,41.98929863,-87.670104121,"(41.98929863013193, -87.67010412112992)"
GRAND AND OAK PARK,1523,6800 W GRAND AVENUE,04/18/2015,7,1130668.89526974,1915248.469290467,41.923708193,-87.795300781,"(41.92370819286044, -87.79530078123082)"
PULASKI AND 63RD,2343,4000 W 63RD ST,06/02/2015,2,1150768.346768175,1862564.615405259,41.77876739,-87.722823195,"(41.778767390084305, -87.72282319530368)"
SACRAMENTO AND CHICAGO,1812,800 N SACRAMENTO AVEN,04/24/2016,4,1156039.008141929,1905193.084100581,41.895640714,-87.702352328,"(41.89564071387542, -87.70235232767416)"
MADISON AND WESTERN,1934,2400 W MADISON,10/23/2014,1,1160384.621277157,1899988.655722373,41.881270504,-87.68653594,"(41.88127050428818, -87.68653594017124)"
LAWRENCE AND CICERO,1042,4800 N CICERO AVENUE,10/30/2014,3,1143464.651785526,1931490.551883203,41.968048007,-87.747875985,"(41.968048007293845, -87.74787598468126)"
GRAND AND OAK PARK,1523,6800 W GRAND AVENUE,07/22/2014,6,1130668.89526974,1915248.469290467,41.923708193,-87.795300781,"(41.92370819286044, -87.79530078123082)"
HALSTED AND DIVISION,1711,1200 N HALSTED,10/19/2015,7,1170746.639428735,1908242.256010774,41.903698308,-87.648245351,"(41.90369830765008, -87.64824535062563)"
WESTERN AND MARQUETTE,2674,2400 W MARQUETTE ROAD,08/25/2015,5,1161509.889315231,1860208.627404126,41.772086214,-87.683508858,"(41.772086214104526, -87.68350885781568)"
CALIFORNIA AND DIVERSEY,1511,2800 N CALIFORNIA AVE,12/17/2015,3,1157189.355049829,1918495.644754069,41.932120719,-87.6977653,"(41.93212071910647, -87.69776530036465)"
MADISON AND WESTERN,1934,2400 W MADISON,05/07/2016,4,1160384.621277157,1899988.655722373,41.881270504,-87.68653594,"(41.88127050428818, -87.68653594017124)"
PULASKI AND BELMONT,1383,4000 W BELMONT AVE,04/02/2017,1,1149131.866894851,1921018.50498026,41.93920375,-87.727310134,"(41.93920374986553, -87.72731013414392)"
ARCHER AND CICERO,2084,5400 S ARCHER AVE,12/27/2015,5,1145209.426392053,1869810.657411975,41.798758208,-87.743020541,"(41.798758207843264, -87.74302054146467)"
ARCHER AND CICERO,2084,5400 S ARCHER AVE,02/24/2016,5,1145209.426392053,1869810.657411975,41.798758208,-87.743020541,"(41.798758207843264, -87.74302054146467)"
LAWRENCE AND CICERO,1042,4800 N CICERO AVENUE,01/11/2017,9,1143464.651785526,1931490.551883203,41.968048007,-87.747875985,"(41.968048007293845, -87.74787598468126)"
95TH AND STONEY ISLAND,2513,1600 E 95TH STREET,04/29/2015,1,1188537.746187743,1842339.840767953,41.722449457,-87.585003569,"(41.72244945701069, -87.58500356910938)"
95TH AND STONEY ISLAND,2513,1600 E 95TH STREET,05/12/2016,10,1188537.746187743,1842339.840767953,41.722449457,-87.585003569,"(41.72244945701069, -87.58500356910938)"
87TH AND VINCENNES,2413,848 W 87TH STREET,07/09/2016,13,1172002.531006759,1847197.326168367,41.736157546,-87.6454274,"(41.73615754630335, -87.64542740049411)"
PETERSON AND WESTERN,1011,6000 N WESTERN AVE,05/17/2016,7,1159190.625032041,1939816.75471116,41.990586042,-87.689822473,"(41.99058604241958, -87.68982247294417)"
CICERO AND DIVERSEY,1691,2800 N CICERO AVENUE,04/08/2016,6,1143863.647574835,1918202.018463414,41.931575608,-87.746743301,"(41.93157560844622, -87.74674330113561)"
95TH AND STONEY ISLAND,2514,1600 E 95TH STREET,09/21/2016,5,1188537.746187743,1842339.840767953,41.722449457,-87.585003569,"(41.72244945701069, -87.58500356910938)"
ASHLAND AND DIVISION,1793,1600 W DIVISION STREET,05/24/2015,3,1165489.684200442,1908112.312963909,41.903455316,-87.667558994,"(41.903455316483814, -87.66755899396976)"
MADISON AND WESTERN,1934,2400 W MADISON,01/10/2016,5,1160384.621277157,1899988.655722373,41.881270504,-87.68653594,"(41.88127050428818, -87.68653594017124)"
CALIFORNIA AND DIVERSEY,1511,2800 N CALIFORNIA AVE,09/30/2014,1,1157189.355049829,1918495.644754069,41.932120719,-87.6977653,"(41.93212071910647, -87.69776530036465)"
GRAND AND OAK PARK,1524,6800 W GRAND AVENUE,08/12/2014,9,1130668.89526974,1915248.469290467,41.923708193,-87.795300781,"(41.92370819286044, -87.79530078123082)"
HALSTED AND DIVISION,1711,1200 N HALSTED,09/24/2015,5,1170746.639428735,1908242.256010774,41.903698308,-87.648245351,"(41.90369830765008, -87.64824535062563)"
95TH AND STONEY ISLAND,2514,1600 E 95TH STREET,11/19/2015,4,1188537.746187743,1842339.840767953,41.722449457,-87.585003569,"(41.72244945701069, -87.58500356910938)"
AUSTIN AND ADDISON,1493,6000 W ADDISON STREET,04/11/2017,1,1135698.173154422,1923360.229527805,41.945879676,-87.776627421,"(41.94587967559099, -87.77662742093737)"
SACRAMENTO AND CHICAGO,1812,800 N SACRAMENTO AVEN,05/09/2016,8,1156039.008141929,1905193.084100581,41.895640714,-87.702352328,"(41.89564071387542, -87.70235232767416)"
79TH AND KEDZIE,2442,7900 S KEDZIE AVE,09/13/2016,1,1156378.39667768,1852021.375281577,41.749723972,-87.702539572,"(41.749723971726056, -87.70253957167394)"
87TH AND VINCENNES,2413,848 W 87TH STREET,09/16/2014,5,1172002.531006759,1847197.326168367,41.736157546,-87.6454274,"(41.73615754630335, -87.64542740049411)"
RIDGE AND CLARK,1052,5930 N CLARK STREET,03/31/2015,2,1164554.784723473,1939388.511516442,41.98929863,-87.670104121,"(41.98929863013193, -87.67010412112992)"
95TH AND STONEY ISLAND,2514,1600 E 95TH STREET,08/18/2016,11,1188537.746187743,1842339.840767953,41.722449457,-87.585003569,"(41.72244945701069, -87.58500356910938)"
AUSTIN AND IRVING PARK,1163,6000 W IRVING PARK ROAD,11/03/2015,3,1135622.402636023,1926014.192063646,41.953163772,-87.776842593,"(41.95316377185154, -87.77684259284736)"
KEDZIE AND 47TH,2101,4700 S KEDZIE AVE,04/30/2017,4,1155791.949302478,1873270.778481327,41.808047272,-87.704118822,"(41.80804727165029, -87.70411882229871)"
AUSTIN AND IRVING PARK,1163,6000 W IRVING PARK ROAD,02/07/2017,1,1135622.402636023,1926014.192063646,41.953163772,-87.776842593,"(41.95316377185154, -87.77684259284736)"
AUSTIN AND IRVING PARK,1163,6000 W IRVING PARK ROAD,02/18/2016,3,1135622.402636023,1926014.192063646,41.953163772,-87.776842593,"(41.95316377185154, -87.77684259284736)"
LAWRENCE AND WESTERN,1192,4800 N WESTERN AVENUE,10/15/2015,1,1159459.622430471,1931821.342623414,41.968640727,-87.689054241,"(41.96864072747715, -87.6890542408374)"
LAWRENCE AND CICERO,1041,4800 N CICERO AVE,09/02/2016,8,1143464.651785526,1931490.551883203,41.968048007,-87.747875985,"(41.968048007293845, -87.74787598468126)"
MADISON AND CENTRAL,1754,5600 W MADISON STREET,11/27/2014,2,1139033.690528149,1899503.712147867,41.880354556,-87.764948136,"(41.88035455632559, -87.76494813634785)"
RIDGE AND CLARK,1052,5930 N CLARK STREET,10/26/2015,2,1164554.784723473,1939388.511516442,41.98929863,-87.670104121,"(41.98929863013193, -87.67010412112992)"
87TH AND VINCENNES,2413,848 W 87TH STREET,01/12/2017,13,1172002.531006759,1847197.326168367,41.736157546,-87.6454274,"(41.73615754630335, -87.64542740049411)"
PULASKI AND 79TH,2494,4000 W 79TH STREET,01/18/2016,1,1151074.116357501,1851966.830243835,41.749679359,-87.721978345,"(41.74967935883473, -87.72197834524168)"
ASHLAND AND DIVISION,1793,1600 W DIVISION STREET,10/25/2014,3,1165489.684200442,1908112.312963909,41.903455316,-87.667558994,"(41.903455316483814, -87.66755899396976)"
ADDISON AND HARLEM,1593,7200 W ADDISON,07/26/2015,4,1127417.488447099,1923123.407710965,41.945373358,-87.807070326,"(41.94537335809189, -87.80707032561135)"
ADDISON AND HARLEM,1593,7200 W ADDISON,03/28/2017,2,1127417.488447099,1923123.407710965,41.945373358,-87.807070326,"(41.94537335809189, -87.80707032561135)"
GRAND AND OAK PARK,1523,6800 W GRAND AVENUE,01/05/2015,5,1130668.89526974,1915248.469290467,41.923708193,-87.795300781,"(41.92370819286044, -87.79530078123082)"
GRAND AND OAK PARK,1523,6800 W GRAND AVENUE,08/19/2015,6,1130668.89526974,1915248.469290467,41.923708193,-87.795300781,"(41.92370819286044, -87.79530078123082)"
ARCHER/NARRAGANSETT AND 55TH,2073,6400 W ARCHER AVE,09/02/2014,10,1134629.248133949,1867443.543796524,41.792455256,-87.78187685,"(41.79245525550523, -87.78187684987694)"
PULASKI AND 63RD,2343,4000 W 63RD ST,10/16/2015,2,1150768.346768175,1862564.615405259,41.77876739,-87.722823195,"(41.778767390084305, -87.72282319530368)"
COTTAGE GROVE AND 95TH,2602,9500 S COTTAGE GROVE,11/27/2014,6,1183531.307692447,1842122.302108743,41.721970465,-87.60334804,"(41.72197046522736, -87.60334804007711)"
CALIFORNIA AND DIVERSEY,1511,2800 N CALIFORNIA AVE,10/01/2014,5,1157189.355049829,1918495.644754069,41.932120719,-87.6977653,"(41.93212071910647, -87.69776530036465)"
SACRAMENTO AND CHICAGO,1812,800 N SACRAMENTO AVEN,01/11/2015,4,1156039.008141929,1905193.084100581,41.895640714,-87.702352328,"(41.89564071387542, -87.70235232767416)"
LAWRENCE AND CICERO,1042,4800 N CICERO AVENUE,03/02/2017,6,1143464.651785526,1931490.551883203,41.968048007,-87.747875985,"(41.968048007293845, -87.74787598468126)"
PULASKI AND 79TH,2492,7900 S PULASKI ROAD,08/07/2015,2,1151054.87395657,1851842.663854121,41.749339,-87.722052091,"(41.74933900008238, -87.72205209091501)"
WESTERN AND NORTH,1853,2400 W NORTH AVE,03/17/2017,1,1160100.839010995,1910612.783367238,41.910429862,-87.687284221,"(41.91042986235867, -87.68728422050837)"
ASHLAND AND DIVISION,1793,1600 W DIVISION STREET,01/06/2016,2,1165489.684200442,1908112.312963909,41.903455316,-87.667558994,"(41.903455316483814, -87.66755899396976)"
LAWRENCE AND WESTERN,1192,4800 N WESTERN AVENUE,12/20/2014,2,1159459.622430471,1931821.342623414,41.968640727,-87.689054241,"(41.96864072747715, -87.6890542408374)"
95TH AND STONEY ISLAND,2513,1600 E 95TH STREET,02/19/2016,6,1188537.746187743,1842339.840767953,41.722449457,-87.585003569,"(41.72244945701069, -87.58500356910938)"
CICERO AND WASHINGTON,1892,100 N CICERO AVENUE,03/17/2017,5,1144328.984091479,1900095.170838459,41.88187971,-87.745489247,"(41.88187970991601, -87.7454892473012)"
CALIFORNIA AND DIVERSEY,1511,2800 N CALIFORNIA AVE,03/30/2017,2,1157189.355049829,1918495.644754069,41.932120719,-87.6977653,"(41.93212071910647, -87.69776530036465)"
95TH AND STONEY ISLAND,2513,1600 E 95TH STREET,11/11/2014,6,1188537.746187743,1842339.840767953,41.722449457,-87.585003569,"(41.72244945701069, -87.58500356910938)"
31ST AND CALIFORNIA,2061,3100 S CALIFORNIA,10/14/2014,4,1158151.943135347,1883939.950079683,41.83727705,-87.695172247,"(41.837277050366296, -87.69517224651918)"
RIDGE AND CLARK,1051,5930 N CLARK STREET,02/12/2017,12,1164554.784723473,1939388.511516442,41.98929863,-87.670104121,"(41.98929863013193, -87.67010412112992)"
PETERSON AND WESTERN,1011,6000 N WESTERN AVE,01/24/2015,2,1159190.625032041,1939816.75471116,41.990586042,-87.689822473,"(41.99058604241958, -87.68982247294417)"
LAWRENCE AND WESTERN,1192,4800 N WESTERN AVENUE,06/26/2015,2,1159459.622430471,1931821.342623414,41.968640727,-87.689054241,"(41.96864072747715, -87.6890542408374)"
PETERSON AND WESTERN,1011,6000 N WESTERN AVE,09/26/2016,9,1159190.625032041,1939816.75471116,41.990586042,-87.689822473,"(41.99058604241958, -87.68982247294417)"
RIDGE AND CLARK,1051,5930 N CLARK STREET,03/17/2016,8,1164554.784723473,1939388.511516442,41.98929863,-87.670104121,"(41.98929863013193, -87.67010412112992)"
KEDZIE AND 47TH,2101,4700 S KEDZIE AVE,01/09/2017,5,1155791.949302478,1873270.778481327,41.808047272,-87.704118822,"(41.80804727165029, -87.70411882229871)"
PULASKI AND FULLERTON,1484,4000 W FULLERTON AVE,06/07/2016,3,1149303.081963737,1915695.275222648,41.924593022,-87.726819268,"(41.92459302175305, -87.7268192684032)"
WESTERN AND MARQUETTE,2674,2400 W MARQUETTE ROAD,12/24/2014,1,1161509.889315231,1860208.627404126,41.772086214,-87.683508858,"(41.772086214104526, -87.68350885781568)"
95TH AND STONEY ISLAND,2514,1600 E 95TH STREET,12/27/2014,1,1188537.746187743,1842339.840767953,41.722449457,-87.585003569,"(41.72244945701069, -87.58500356910938)"
31ST AND CALIFORNIA,2061,3100 S CALIFORNIA,11/02/2014,5,1158151.943135347,1883939.950079683,41.83727705,-87.695172247,"(41.837277050366296, -87.69517224651918)"
HALSTED AND DIVISION,1711,1200 N HALSTED,03/09/2015,2,1170746.639428735,1908242.256010774,41.903698308,-87.648245351,"(41.90369830765008, -87.64824535062563)"
PULASKI AND 79TH,2492,7900 S PULASKI ROAD,12/24/2015,4,1151054.87395657,1851842.663854121,41.749339,-87.722052091,"(41.74933900008238, -87.72205209091501)"
PULASKI AND MONTROSE,1292,4400 N PULASKI ROAD,10/22/2014,3,1148894.146173785,1928968.481843755,41.961023721,-87.727977456,"(41.961023721270585, -87.72797745595682)"
PETERSON AND WESTERN,1011,6000 N WESTERN AVE,10/21/2014,3,1159190.625032041,1939816.75471116,41.990586042,-87.689822473,"(41.99058604241958, -87.68982247294417)"
HALSTED AND DIVISION,1711,1200 N HALSTED,07/10/2014,39,1170746.639428735,1908242.256010774,41.903698308,-87.648245351,"(41.90369830765008, -87.64824535062563)"
PULASKI AND FULLERTON,1481,2400 N PULASKI RD,10/27/2016,1,1149275.963864089,1915687.631931757,41.924572574,-87.726919111,"(41.92457257416937, -87.72691911144182)"
31ST AND CALIFORNIA,2061,3100 S CALIFORNIA,11/29/2014,6,1158151.943135347,1883939.950079683,41.83727705,-87.695172247,"(41.837277050366296, -87.69517224651918)"
HALSTED AND DIVISION,1711,1200 N HALSTED,05/10/2015,6,1170746.639428735,1908242.256010774,41.903698308,-87.648245351,"(41.90369830765008, -87.64824535062563)"
ASHLAND AND DIVISION,1793,1600 W DIVISION STREET,01/21/2016,3,1165489.684200442,1908112.312963909,41.903455316,-87.667558994,"(41.903455316483814, -87.66755899396976)"
95TH AND STONEY ISLAND,2513,1600 E 95TH STREET,04/16/2017,1,1188537.746187743,1842339.840767953,41.722449457,-87.585003569,"(41.72244945701069, -87.58500356910938)"
RIDGE AND CLARK,1051,5930 N CLARK STREET,03/18/2016,6,1164554.784723473,1939388.511516442,41.98929863,-87.670104121,"(41.98929863013193, -87.67010412112992)"
ASHLAND AND DIVISION,1793,1600 W DIVISION STREET,10/27/2016,5,1165489.684200442,1908112.312963909,41.903455316,-87.667558994,"(41.903455316483814, -87.66755899396976)"
SACRAMENTO AND CHICAGO,1812,800 N SACRAMENTO AVEN,06/09/2016,9,1156039.008141929,1905193.084100581,41.895640714,-87.702352328,"(41.89564071387542, -87.70235232767416)"
WESTERN AND 63RD,2371,6300 S WESTERN AVE,01/30/2017,1,1161415.712688877,1862772.38856596,41.779123484,-87.683783099,"(41.77912348383963, -87.68378309863576)"
ASHLAND AND DIVISION,1793,1600 W DIVISION STREET,09/19/2014,2,1165489.684200442,1908112.312963909,41.903455316,-87.667558994,"(41.903455316483814, -87.66755899396976)"
PULASKI AND 63RD,2343,4000 W 63RD ST,06/10/2016,5,1150768.346768175,1862564.615405259,41.77876739,-87.722823195,"(41.778767390084305, -87.72282319530368)"
PETERSON AND WESTERN,1011,6000 N WESTERN AVE,12/08/2016,8,1159190.625032041,1939816.75471116,41.990586042,-87.689822473,"(41.99058604241958, -87.68982247294417)"
AUSTIN AND ADDISON,1493,6000 W ADDISON STREET,03/11/2015,2,1135698.173154422,1923360.229527805,41.945879676,-87.776627421,"(41.94587967559099, -87.77662742093737)"
LAWRENCE AND WESTERN,1192,4800 N WESTERN AVENUE,11/22/2014,3,1159459.622430471,1931821.342623414,41.968640727,-87.689054241,"(41.96864072747715, -87.6890542408374)"
HALSTED AND DIVISION,1711,1200 N HALSTED,03/11/2016,11,1170746.639428735,1908242.256010774,41.903698308,-87.648245351,"(41.90369830765008, -87.64824535062563)"
PULASKI AND BELMONT,1383,4000 W BELMONT AVE,03/22/2017,1,1149131.866894851,1921018.50498026,41.93920375,-87.727310134,"(41.93920374986553, -87.72731013414392)"
95TH AND STONEY ISLAND,2514,1600 E 95TH STREET,12/16/2015,6,1188537.746187743,1842339.840767953,41.722449457,-87.585003569,"(41.72244945701069, -87.58500356910938)"
95TH AND STONEY ISLAND,2513,1600 E 95TH STREET,08/27/2014,18,1188537.746187743,1842339.840767953,41.722449457,-87.585003569,"(41.72244945701069, -87.58500356910938)"
95TH AND STONEY ISLAND,2514,1600 E 95TH STREET,04/07/2016,11,1188537.746187743,1842339.840767953,41.722449457,-87.585003569,"(41.72244945701069, -87.58500356910938)"
LAWRENCE AND CICERO,1041,4800 N CICERO AVE,05/20/2017,8,1143464.651785526,1931490.551883203,41.968048007,-87.747875985,"(41.968048007293845, -87.74787598468126)"
CICERO AND DIVERSEY,1691,2800 N CICERO AVENUE,01/22/2017,2,1143863.647574835,1918202.018463414,41.931575608,-87.746743301,"(41.93157560844622, -87.74674330113561)"
95TH AND STONEY ISLAND,2513,1600 E 95TH STREET,03/14/2016,4,1188537.746187743,1842339.840767953,41.722449457,-87.585003569,"(41.72244945701069, -87.58500356910938)"
MADISON AND WESTERN,1934,2400 W MADISON,02/22/2017,1,1160384.621277157,1899988.655722373,41.881270504,-87.68653594,"(41.88127050428818, -87.68653594017124)"
KIMBALL AND LINCOLN,2741,6200 N KIMBALL AVENUE,01/08/2015,1,1152543.355058345,1940954.1008022,41.993841437,-87.714242493,"(41.99384143707685, -87.71424249302686)"
KEDZIE AND 47TH,2101,4700 S KEDZIE AVE,10/31/2016,2,1155791.949302478,1873270.778481327,41.808047272,-87.704118822,"(41.80804727165029, -87.70411882229871)"
87TH AND VINCENNES,2413,848 W 87TH STREET,06/24/2015,4,1172002.531006759,1847197.326168367,41.736157546,-87.6454274,"(41.73615754630335, -87.64542740049411)"
GRAND AND OAK PARK,1523,6800 W GRAND AVENUE,05/18/2017,5,1130668.89526974,1915248.469290467,41.923708193,-87.795300781,"(41.92370819286044, -87.79530078123082)"
ADDISON AND HARLEM,1593,7200 W ADDISON,04/13/2015,1,1127417.488447099,1923123.407710965,41.945373358,-87.807070326,"(41.94537335809189, -87.80707032561135)"
PULASKI AND BELMONT,1383,4000 W BELMONT AVE,06/30/2016,1,1149131.866894851,1921018.50498026,41.93920375,-87.727310134,"(41.93920374986553, -87.72731013414392)"
GRAND AND OAK PARK,1523,6800 W GRAND AVENUE,02/06/2016,7,1130668.89526974,1915248.469290467,41.923708193,-87.795300781,"(41.92370819286044, -87.79530078123082)"
CALIFORNIA AND DIVERSEY,1511,2800 N CALIFORNIA AVE,08/21/2016,5,1157189.355049829,1918495.644754069,41.932120719,-87.6977653,"(41.93212071910647, -87.69776530036465)"
LARAMIE AND FULLERTON,1424,5200 W FULLERTON AVENUE,03/17/2017,1,1141305.554932016,1915502.611239048,41.924215797,-87.756210755,"(41.92421579723144, -87.75621075458939)"
PETERSON AND WESTERN,1011,6000 N WESTERN AVE,04/17/2015,6,1159190.625032041,1939816.75471116,41.990586042,-87.689822473,"(41.99058604241958, -87.68982247294417)"
GRAND AND OAK PARK,1523,6800 W GRAND AVENUE,09/03/2016,6,1130668.89526974,1915248.469290467,41.923708193,-87.795300781,"(41.92370819286044, -87.79530078123082)"
WESTERN AND 63RD,2371,6300 S WESTERN AVE,04/02/2015,2,1161415.712688877,1862772.38856596,41.779123484,-87.683783099,"(41.77912348383963, -87.68378309863576)"
CICERO AND DIVERSEY,1691,2800 N CICERO AVENUE,08/19/2016,5,1143863.647574835,1918202.018463414,41.931575608,-87.746743301,"(41.93157560844622, -87.74674330113561)"
WESTERN AND MARQUETTE,2674,2400 W MARQUETTE ROAD,06/19/2016,14,1161509.889315231,1860208.627404126,41.772086214,-87.683508858,"(41.772086214104526, -87.68350885781568)"
87TH AND VINCENNES,2413,848 W 87TH STREET,08/31/2015,13,1172002.531006759,1847197.326168367,41.736157546,-87.6454274,"(41.73615754630335, -87.64542740049411)"
MADISON AND WESTERN,1934,2400 W MADISON,11/03/2014,4,1160384.621277157,1899988.655722373,41.881270504,-87.68653594,"(41.88127050428818, -87.68653594017124)"
PULASKI AND 79TH,2492,7900 S PULASKI ROAD,05/31/2016,4,1151054.87395657,1851842.663854121,41.749339,-87.722052091,"(41.74933900008238, -87.72205209091501)"
SACRAMENTO AND CHICAGO,1812,800 N SACRAMENTO AVEN,03/07/2016,3,1156039.008141929,1905193.084100581,41.895640714,-87.702352328,"(41.89564071387542, -87.70235232767416)"
PULASKI AND FULLERTON,1481,2400 N PULASKI RD,09/06/2014,1,1149275.963864089,1915687.631931757,41.924572574,-87.726919111,"(41.92457257416937, -87.72691911144182)"
95TH AND STONEY ISLAND,2514,1600 E 95TH STREET,08/04/2014,9,1188537.746187743,1842339.840767953,41.722449457,-87.585003569,"(41.72244945701069, -87.58500356910938)"
PULASKI AND 79TH,2492,7900 S PULASKI ROAD,05/27/2017,3,1151054.87395657,1851842.663854121,41.749339,-87.722052091,"(41.74933900008238, -87.72205209091501)"
PULASKI AND BELMONT,1383,4000 W BELMONT AVE,03/28/2016,2,1149131.866894851,1921018.50498026,41.93920375,-87.727310134,"(41.93920374986553, -87.72731013414392)"
GRAND AND OAK PARK,1524,6800 W GRAND AVENUE,12/04/2016,5,1130668.89526974,1915248.469290467,41.923708193,-87.795300781,"(41.92370819286044, -87.79530078123082)"
LAWRENCE AND WESTERN,1192,4800 N WESTERN AVENUE,06/30/2015,5,1159459.622430471,1931821.342623414,41.968640727,-87.689054241,"(41.96864072747715, -87.6890542408374)"
95TH AND STONEY ISLAND,2513,1600 E 95TH STREET,07/21/2014,15,1188537.746187743,1842339.840767953,41.722449457,-87.585003569,"(41.72244945701069, -87.58500356910938)"
HALSTED AND DIVISION,1711,1200 N HALSTED,05/05/2017,12,1170746.639428735,1908242.256010774,41.903698308,-87.648245351,"(41.90369830765008, -87.64824535062563)"
SACRAMENTO AND CHICAGO,1812,800 N SACRAMENTO AVEN,04/19/2015,6,1156039.008141929,1905193.084100581,41.895640714,-87.702352328,"(41.89564071387542, -87.70235232767416)"
PULASKI AND 79TH,2494,4000 W 79TH STREET,10/25/2014,5,1151074.116357501,1851966.830243835,41.749679359,-87.721978345,"(41.74967935883473, -87.72197834524168)"
HALSTED AND DIVISION,1711,1200 N HALSTED,04/16/2016,12,1170746.639428735,1908242.256010774,41.903698308,-87.648245351,"(41.90369830765008, -87.64824535062563)"
GRAND AND OAK PARK,1524,6800 W GRAND AVENUE,07/09/2016,9,1130668.89526974,1915248.469290467,41.923708193,-87.795300781,"(41.92370819286044, -87.79530078123082)"
WESTERN AND 63RD,2371,6300 S WESTERN AVE,09/01/2015,1,1161415.712688877,1862772.38856596,41.779123484,-87.683783099,"(41.77912348383963, -87.68378309863576)"
ARCHER/NARRAGANSETT AND 55TH,2073,6400 W ARCHER AVE,07/07/2014,2,1134629.248133949,1867443.543796524,41.792455256,-87.78187685,"(41.79245525550523, -87.78187684987694)"
PULASKI AND 79TH,2492,7900 S PULASKI ROAD,10/08/2014,5,1151054.87395657,1851842.663854121,41.749339,-87.722052091,"(41.74933900008238, -87.72205209091501)"
PULASKI AND 79TH,2492,7900 S PULASKI ROAD,01/07/2016,2,1151054.87395657,1851842.663854121,41.749339,-87.722052091,"(41.74933900008238, -87.72205209091501)"
ASHLAND AND DIVISION,1793,1600 W DIVISION STREET,04/19/2016,4,1165489.684200442,1908112.312963909,41.903455316,-87.667558994,"(41.903455316483814, -87.66755899396976)"
ARCHER AND CICERO,2084,5400 S ARCHER AVE,05/20/2016,10,1145209.426392053,1869810.657411975,41.798758208,-87.743020541,"(41.798758207843264, -87.74302054146467)"
LAWRENCE AND CICERO,1041,4800 N CICERO AVE,01/10/2015,7,1143464.651785526,1931490.551883203,41.968048007,-87.747875985,"(41.968048007293845, -87.74787598468126)"
ARCHER AND CICERO,2084,5400 S ARCHER AVE,06/30/2015,9,1145209.426392053,1869810.657411975,41.798758208,-87.743020541,"(41.798758207843264, -87.74302054146467)"
PULASKI AND FULLERTON,1481,2400 N PULASKI RD,02/26/2016,4,1149275.963864089,1915687.631931757,41.924572574,-87.726919111,"(41.92457257416937, -87.72691911144182)"
ARCHER/NARRAGANSETT AND 55TH,2074,6400 W ARCHER AVE,07/31/2014,8,1134629.248133949,1867443.543796524,41.792455256,-87.78187685,"(41.79245525550523, -87.78187684987694)"
ARCHER AND CICERO,2084,5400 S ARCHER AVE,10/19/2014,2,1145209.426392053,1869810.657411975,41.798758208,-87.743020541,"(41.798758207843264, -87.74302054146467)"
RIDGE AND CLARK,1052,5930 N CLARK STREET,09/10/2015,4,1164554.784723473,1939388.511516442,41.98929863,-87.670104121,"(41.98929863013193, -87.67010412112992)"
CICERO AND DIVERSEY,1691,2800 N CICERO AVENUE,08/29/2014,2,1143863.647574835,1918202.018463414,41.931575608,-87.746743301,"(41.93157560844622, -87.74674330113561)"
WESTERN AND 63RD,2371,6300 S WESTERN AVE,04/01/2017,2,1161415.712688877,1862772.38856596,41.779123484,-87.683783099,"(41.77912348383963, -87.68378309863576)"
LAWRENCE AND CICERO,1041,4800 N CICERO AVE,06/30/2016,5,1143464.651785526,1931490.551883203,41.968048007,-87.747875985,"(41.968048007293845, -87.74787598468126)"
WESTERN AND 63RD,2371,6300 S WESTERN AVE,12/09/2014,2,1161415.712688877,1862772.38856596,41.779123484,-87.683783099,"(41.77912348383963, -87.68378309863576)"
PULASKI AND 79TH,2492,7900 S PULASKI ROAD,07/23/2016,6,1151054.87395657,1851842.663854121,41.749339,-87.722052091,"(41.74933900008238, -87.72205209091501)"
LAWRENCE AND CICERO,1041,4800 N CICERO AVE,08/04/2015,7,1143464.651785526,1931490.551883203,41.968048007,-87.747875985,"(41.968048007293845, -87.74787598468126)"
ASHLAND AND DIVISION,1793,1600 W DIVISION STREET,12/25/2014,1,1165489.684200442,1908112.312963909,41.903455316,-87.667558994,"(41.903455316483814, -87.66755899396976)"
ADDISON AND HARLEM,1593,7200 W ADDISON,04/19/2016,1,1127417.488447099,1923123.407710965,41.945373358,-87.807070326,"(41.94537335809189, -87.80707032561135)"
HALSTED AND DIVISION,1711,1200 N HALSTED,01/07/2016,11,1170746.639428735,1908242.256010774,41.903698308,-87.648245351,"(41.90369830765008, -87.64824535062563)"
ARCHER AND CICERO,2084,5400 S ARCHER AVE,03/28/2015,2,1145209.426392053,1869810.657411975,41.798758208,-87.743020541,"(41.798758207843264, -87.74302054146467)"
AUSTIN AND ADDISON,1493,6000 W ADDISON STREET,09/21/2016,1,1135698.173154422,1923360.229527805,41.945879676,-87.776627421,"(41.94587967559099, -87.77662742093737)"
LAWRENCE AND CICERO,1042,4800 N CICERO AVENUE,11/08/2014,10,1143464.651785526,1931490.551883203,41.968048007,-87.747875985,"(41.968048007293845, -87.74787598468126)"
MADISON AND WESTERN,1934,2400 W MADISON,01/27/2016,3,1160384.621277157,1899988.655722373,41.881270504,-87.68653594,"(41.88127050428818, -87.68653594017124)"
95TH AND STONEY ISLAND,2513,1600 E 95TH STREET,02/28/2015,3,1188537.746187743,1842339.840767953,41.722449457,-87.585003569,"(41.72244945701069, -87.58500356910938)"
GRAND AND OAK PARK,1523,6800 W GRAND AVENUE,11/26/2015,5,1130668.89526974,1915248.469290467,41.923708193,-87.795300781,"(41.92370819286044, -87.79530078123082)"
RIDGE AND CLARK,1051,5930 N CLARK STREET,08/21/2014,8,1164554.784723473,1939388.511516442,41.98929863,-87.670104121,"(41.98929863013193, -87.67010412112992)"
ARCHER/NARRAGANSETT AND 55TH,2074,6400 W ARCHER AVE,07/30/2014,8,1134629.248133949,1867443.543796524,41.792455256,-87.78187685,"(41.79245525550523, -87.78187684987694)"
WESTERN AND MARQUETTE,2674,2400 W MARQUETTE ROAD,10/19/2015,2,1161509.889315231,1860208.627404126,41.772086214,-87.683508858,"(41.772086214104526, -87.68350885781568)"
PULASKI AND 79TH,2494,4000 W 79TH STREET,12/11/2014,2,1151074.116357501,1851966.830243835,41.749679359,-87.721978345,"(41.74967935883473, -87.72197834524168)"
PETERSON AND WESTERN,1011,6000 N WESTERN AVE,11/01/2015,4,1159190.625032041,1939816.75471116,41.990586042,-87.689822473,"(41.99058604241958, -87.68982247294417)"
95TH AND STONEY ISLAND,2514,1600 E 95TH STREET,07/12/2016,6,1188537.746187743,1842339.840767953,41.722449457,-87.585003569,"(41.72244945701069, -87.58500356910938)"
CICERO AND DIVERSEY,1691,2800 N CICERO AVENUE,12/18/2015,2,1143863.647574835,1918202.018463414,41.931575608,-87.746743301,"(41.93157560844622, -87.74674330113561)"
LAWRENCE AND WESTERN,1192,4800 N WESTERN AVENUE,10/01/2016,4,1159459.622430471,1931821.342623414,41.968640727,-87.689054241,"(41.96864072747715, -87.6890542408374)"
WESTERN AND MARQUETTE,2674,2400 W MARQUETTE ROAD,05/02/2015,3,1161509.889315231,1860208.627404126,41.772086214,-87.683508858,"(41.772086214104526, -87.68350885781568)"
BLUE ISLAND AND DAMEN,2281,2416 S DAMEN AVENUE,10/24/2014,1,1163378.697434511,1887916.370760201,41.848080596,-87.675881338,"(41.84808059558783, -87.67588133802435)"
95TH AND STONEY ISLAND,2514,1600 E 95TH STREET,11/08/2016,9,1188537.746187743,1842339.840767953,41.722449457,-87.585003569,"(41.72244945701069, -87.58500356910938)"
87TH AND VINCENNES,2413,848 W 87TH STREET,10/05/2016,20,1172002.531006759,1847197.326168367,41.736157546,-87.6454274,"(41.73615754630335, -87.64542740049411)"
CALIFORNIA AND DIVERSEY,1511,2800 N CALIFORNIA AVE,12/13/2014,2,1157189.355049829,1918495.644754069,41.932120719,-87.6977653,"(41.93212071910647, -87.69776530036465)"
ASHLAND AND DIVISION,1793,1600 W DIVISION STREET,09/11/2014,1,1165489.684200442,1908112.312963909,41.903455316,-87.667558994,"(41.903455316483814, -87.66755899396976)"
ARCHER AND CICERO,2084,5400 S ARCHER AVE,04/11/2015,9,1145209.426392053,1869810.657411975,41.798758208,-87.743020541,"(41.798758207843264, -87.74302054146467)"
KEDZIE AND 47TH,2101,4700 S KEDZIE AVE,04/02/2017,8,1155791.949302478,1873270.778481327,41.808047272,-87.704118822,"(41.80804727165029, -87.70411882229871)"
ARCHER AND CICERO,2084,5400 S ARCHER AVE,06/22/2015,5,1145209.426392053,1869810.657411975,41.798758208,-87.743020541,"(41.798758207843264, -87.74302054146467)"
79TH AND KEDZIE,2442,7900 S KEDZIE AVE,07/04/2015,1,1156378.39667768,1852021.375281577,41.749723972,-87.702539572,"(41.749723971726056, -87.70253957167394)"
LAWRENCE AND CICERO,1042,4800 N CICERO AVENUE,02/02/2015,3,1143464.651785526,1931490.551883203,41.968048007,-87.747875985,"(41.968048007293845, -87.74787598468126)"
PULASKI AND 79TH,2494,4000 W 79TH STREET,10/13/2016,5,1151074.116357501,1851966.830243835,41.749679359,-87.721978345,"(41.74967935883473, -87.72197834524168)"
87TH AND VINCENNES,2413,848 W 87TH STREET,11/30/2016,6,1172002.531006759,1847197.326168367,41.736157546,-87.6454274,"(41.73615754630335, -87.64542740049411)"
WESTERN AND 63RD,2371,6300 S WESTERN AVE,01/19/2016,2,1161415.712688877,1862772.38856596,41.779123484,-87.683783099,"(41.77912348383963, -87.68378309863576)"
PULASKI AND FULLERTON,1481,2400 N PULASKI RD,08/10/2014,2,1149275.963864089,1915687.631931757,41.924572574,-87.726919111,"(41.92457257416937, -87.72691911144182)"
SACRAMENTO AND CHICAGO,1812,800 N SACRAMENTO AVEN,02/04/2016,8,1156039.008141929,1905193.084100581,41.895640714,-87.702352328,"(41.89564071387542, -87.70235232767416)"
CICERO AND ARMITAGE,2001,2000 N CICERO AVENUE,05/29/2017,3,1144031.525719004,1912881.8300295,41.916973325,-87.746260223,"(41.91697332451097, -87.74626022251057)"
WESTERN AND MARQUETTE,2674,2400 W MARQUETTE ROAD,09/09/2016,2,1161509.889315231,1860208.627404126,41.772086214,-87.683508858,"(41.772086214104526, -87.68350885781568)"
PULASKI AND MONTROSE,1292,4400 N PULASKI ROAD,03/01/2015,2,1148894.146173785,1928968.481843755,41.961023721,-87.727977456,"(41.961023721270585, -87.72797745595682)"
PULASKI AND BELMONT,1383,4000 W BELMONT AVE,06/01/2016,1,1149131.866894851,1921018.50498026,41.93920375,-87.727310134,"(41.93920374986553, -87.72731013414392)"
95TH AND STONEY ISLAND,2514,1600 E 95TH STREET,07/12/2015,10,1188537.746187743,1842339.840767953,41.722449457,-87.585003569,"(41.72244945701069, -87.58500356910938)"
BLUE ISLAND AND DAMEN,2281,2416 S DAMEN AVENUE,02/11/2015,4,1163378.697434511,1887916.370760201,41.848080596,-87.675881338,"(41.84808059558783, -87.67588133802435)"
WESTERN AND 63RD,2371,6300 S WESTERN AVE,07/17/2015,2,1161415.712688877,1862772.38856596,41.779123484,-87.683783099,"(41.77912348383963, -87.68378309863576)"
87TH AND VINCENNES,2413,848 W 87TH STREET,10/18/2014,5,1172002.531006759,1847197.326168367,41.736157546,-87.6454274,"(41.73615754630335, -87.64542740049411)"
KEDZIE AND 47TH,2101,4700 S KEDZIE AVE,11/04/2015,1,1155791.949302478,1873270.778481327,41.808047272,-87.704118822,"(41.80804727165029, -87.70411882229871)"
ARCHER AND CICERO,2084,5400 S ARCHER AVE,08/24/2014,8,1145209.426392053,1869810.657411975,41.798758208,-87.743020541,"(41.798758207843264, -87.74302054146467)"
LAWRENCE AND WESTERN,1192,4800 N WESTERN AVENUE,01/16/2015,1,1159459.622430471,1931821.342623414,41.968640727,-87.689054241,"(41.96864072747715, -87.6890542408374)"
95TH AND STONEY ISLAND,2514,1600 E 95TH STREET,11/29/2016,3,1188537.746187743,1842339.840767953,41.722449457,-87.585003569,"(41.72244945701069, -87.58500356910938)"
COTTAGE GROVE AND 95TH,2602,9500 S COTTAGE GROVE,07/19/2014,5,1183531.307692447,1842122.302108743,41.721970465,-87.60334804,"(41.72197046522736, -87.60334804007711)"
PULASKI AND 63RD,2343,4000 W 63RD ST,10/21/2015,2,1150768.346768175,1862564.615405259,41.77876739,-87.722823195,"(41.778767390084305, -87.72282319530368)"
ARCHER/NARRAGANSETT AND 55TH,2074,6400 W ARCHER AVE,11/18/2014,9,1134629.248133949,1867443.543796524,41.792455256,-87.78187685,"(41.79245525550523, -87.78187684987694)"
HALSTED AND DIVISION,1711,1200 N HALSTED,08/01/2016,8,1170746.639428735,1908242.256010774,41.903698308,-87.648245351,"(41.90369830765008, -87.64824535062563)"
RIDGE AND CLARK,1051,5930 N CLARK STREET,01/21/2015,1,1164554.784723473,1939388.511516442,41.98929863,-87.670104121,"(41.98929863013193, -87.67010412112992)"
AUSTIN AND IRVING PARK,1163,6000 W IRVING PARK ROAD,07/14/2016,2,1135622.402636023,1926014.192063646,41.953163772,-87.776842593,"(41.95316377185154, -87.77684259284736)"
CENTRAL AND IRVING PARK,1183,5600 W IRVING PARK ROAD,03/16/2017,10,1138281.535484986,1926078.647777633,41.953292847,-87.767065708,"(41.953292847298, -87.76706570775266)"
87TH AND VINCENNES,2413,848 W 87TH STREET,02/13/2015,9,1172002.531006759,1847197.326168367,41.736157546,-87.6454274,"(41.73615754630335, -87.64542740049411)"
COTTAGE GROVE AND 95TH,2602,9500 S COTTAGE GROVE,10/29/2014,3,1183531.307692447,1842122.302108743,41.721970465,-87.60334804,"(41.72197046522736, -87.60334804007711)"
WESTERN AND 63RD,2371,6300 S WESTERN AVE,10/16/2015,2,1161415.712688877,1862772.38856596,41.779123484,-87.683783099,"(41.77912348383963, -87.68378309863576)"
HALSTED AND DIVISION,1711,1200 N HALSTED,02/07/2017,5,1170746.639428735,1908242.256010774,41.903698308,-87.648245351,"(41.90369830765008, -87.64824535062563)"
PULASKI AND 79TH,2492,7900 S PULASKI ROAD,10/26/2016,2,1151054.87395657,1851842.663854121,41.749339,-87.722052091,"(41.74933900008238, -87.72205209091501)"
GRAND AND OAK PARK,1523,6800 W GRAND AVENUE,06/15/2016,8,1130668.89526974,1915248.469290467,41.923708193,-87.795300781,"(41.92370819286044, -87.79530078123082)"
CICERO AND DIVERSEY,1691,2800 N CICERO AVENUE,03/02/2016,5,1143863.647574835,1918202.018463414,41.931575608,-87.746743301,"(41.93157560844622, -87.74674330113561)"
SACRAMENTO AND CHICAGO,1812,800 N SACRAMENTO AVEN,11/06/2015,10,1156039.008141929,1905193.084100581,41.895640714,-87.702352328,"(41.89564071387542, -87.70235232767416)"
PETERSON AND WESTERN,1011,6000 N WESTERN AVE,01/15/2017,3,1159190.625032041,1939816.75471116,41.990586042,-87.689822473,"(41.99058604241958, -87.68982247294417)"
AUSTIN AND IRVING PARK,1163,6000 W IRVING PARK ROAD,05/28/2016,4,1135622.402636023,1926014.192063646,41.953163772,-87.776842593,"(41.95316377185154, -87.77684259284736)"
PULASKI AND 63RD,2343,4000 W 63RD ST,11/27/2014,2,1150768.346768175,1862564.615405259,41.77876739,-87.722823195,"(41.778767390084305, -87.72282319530368)"
LAWRENCE AND CICERO,1042,4800 N CICERO AVENUE,10/19/2015,8,1143464.651785526,1931490.551883203,41.968048007,-87.747875985,"(41.968048007293845, -87.74787598468126)"
SACRAMENTO AND CHICAGO,1812,800 N SACRAMENTO AVEN,04/23/2016,8,1156039.008141929,1905193.084100581,41.895640714,-87.702352328,"(41.89564071387542, -87.70235232767416)"
PULASKI AND 79TH,2492,7900 S PULASKI ROAD,01/17/2015,1,1151054.87395657,1851842.663854121,41.749339,-87.722052091,"(41.74933900008238, -87.72205209091501)"
WESTERN AND MARQUETTE,2674,2400 W MARQUETTE ROAD,01/27/2015,2,1161509.889315231,1860208.627404126,41.772086214,-87.683508858,"(41.772086214104526, -87.68350885781568)"
RIDGE AND CLARK,1051,5930 N CLARK STREET,11/03/2015,6,1164554.784723473,1939388.511516442,41.98929863,-87.670104121,"(41.98929863013193, -87.67010412112992)"
ARCHER/NARRAGANSETT AND 55TH,2073,6400 W ARCHER AVE,09/21/2014,4,1134629.248133949,1867443.543796524,41.792455256,-87.78187685,"(41.79245525550523, -87.78187684987694)"
PULASKI AND 79TH,2494,4000 W 79TH STREET,02/26/2015,3,1151074.116357501,1851966.830243835,41.749679359,-87.721978345,"(41.74967935883473, -87.72197834524168)"
GRAND AND OAK PARK,1524,6800 W GRAND AVENUE,07/01/2014,5,1130668.89526974,1915248.469290467,41.923708193,-87.795300781,"(41.92370819286044, -87.79530078123082)"
LAWRENCE AND CICERO,1041,4800 N CICERO AVE,12/29/2015,1,1143464.651785526,1931490.551883203,41.968048007,-87.747875985,"(41.968048007293845, -87.74787598468126)"
HALSTED AND DIVISION,1711,1200 N HALSTED,03/23/2015,4,1170746.639428735,1908242.256010774,41.903698308,-87.648245351,"(41.90369830765008, -87.64824535062563)"
RIDGE AND CLARK,1052,5930 N CLARK STREET,05/17/2016,2,1164554.784723473,1939388.511516442,41.98929863,-87.670104121,"(41.98929863013193, -87.67010412112992)"
PULASKI AND 79TH,2494,4000 W 79TH STREET,06/13/2016,5,1151074.116357501,1851966.830243835,41.749679359,-87.721978345,"(41.74967935883473, -87.72197834524168)"
ARCHER/NARRAGANSETT AND 55TH,2074,6400 W ARCHER AVE,09/29/2014,5,1134629.248133949,1867443.543796524,41.792455256,-87.78187685,"(41.79245525550523, -87.78187684987694)"
87TH AND VINCENNES,2413,848 W 87TH STREET,02/20/2017,11,1172002.531006759,1847197.326168367,41.736157546,-87.6454274,"(41.73615754630335, -87.64542740049411)"
LAWRENCE AND WESTERN,1192,4800 N WESTERN AVENUE,03/01/2016,5,1159459.622430471,1931821.342623414,41.968640727,-87.689054241,"(41.96864072747715, -87.6890542408374)"
PULASKI AND 63RD,2343,4000 W 63RD ST,06/30/2016,3,1150768.346768175,1862564.615405259,41.77876739,-87.722823195,"(41.778767390084305, -87.72282319530368)"
ADDISON AND HARLEM,1593,7200 W ADDISON,05/10/2016,2,1127417.488447099,1923123.407710965,41.945373358,-87.807070326,"(41.94537335809189, -87.80707032561135)"
MADISON AND CENTRAL,1754,5600 W MADISON STREET,07/18/2014,1,1139033.690528149,1899503.712147867,41.880354556,-87.764948136,"(41.88035455632559, -87.76494813634785)"
LAWRENCE AND CICERO,1042,4800 N CICERO AVENUE,12/16/2015,6,1143464.651785526,1931490.551883203,41.968048007,-87.747875985,"(41.968048007293845, -87.74787598468126)"
WESTERN AND MARQUETTE,2674,2400 W MARQUETTE ROAD,10/28/2016,4,1161509.889315231,1860208.627404126,41.772086214,-87.683508858,"(41.772086214104526, -87.68350885781568)"
RIDGE AND CLARK,1051,5930 N CLARK STREET,07/19/2016,17,1164554.784723473,1939388.511516442,41.98929863,-87.670104121,"(41.98929863013193, -87.67010412112992)"
95TH AND STONEY ISLAND,2513,1600 E 95TH STREET,07/09/2015,4,1188537.746187743,1842339.840767953,41.722449457,-87.585003569,"(41.72244945701069, -87.58500356910938)"
RIDGE AND CLARK,1051,5930 N CLARK STREET,10/16/2015,11,1164554.784723473,1939388.511516442,41.98929863,-87.670104121,"(41.98929863013193, -87.67010412112992)"
MADISON AND CENTRAL,1754,5600 W MADISON STREET,11/10/2014,4,1139033.690528149,1899503.712147867,41.880354556,-87.764948136,"(41.88035455632559, -87.76494813634785)"
WESTERN AND 63RD,2371,6300 S WESTERN AVE,05/07/2017,3,1161415.712688877,1862772.38856596,41.779123484,-87.683783099,"(41.77912348383963, -87.68378309863576)"
GRAND AND OAK PARK,1524,6800 W GRAND AVENUE,08/07/2014,7,1130668.89526974,1915248.469290467,41.923708193,-87.795300781,"(41.92370819286044, -87.79530078123082)"
LAWRENCE AND CICERO,1042,4800 N CICERO AVENUE,02/22/2016,1,1143464.651785526,1931490.551883203,41.968048007,-87.747875985,"(41.968048007293845, -87.74787598468126)"
GRAND AND OAK PARK,1523,6800 W GRAND AVENUE,10/07/2014,9,1130668.89526974,1915248.469290467,41.923708193,-87.795300781,"(41.92370819286044, -87.79530078123082)"
GRAND AND OAK PARK,1524,6800 W GRAND AVENUE,02/07/2017,6,1130668.89526974,1915248.469290467,41.923708193,-87.795300781,"(41.92370819286044, -87.79530078123082)"
LAWRENCE AND WESTERN,1192,4800 N WESTERN AVENUE,11/06/2014,3,1159459.622430471,1931821.342623414,41.968640727,-87.689054241,"(41.96864072747715, -87.6890542408374)"
WESTERN AND 63RD,2371,6300 S WESTERN AVE,08/03/2014,4,1161415.712688877,1862772.38856596,41.779123484,-87.683783099,"(41.77912348383963, -87.68378309863576)"
CALIFORNIA AND DIVERSEY,1511,2800 N CALIFORNIA AVE,10/19/2015,5,1157189.355049829,1918495.644754069,41.932120719,-87.6977653,"(41.93212071910647, -87.69776530036465)"
79TH AND KEDZIE,2442,7900 S KEDZIE AVE,11/09/2016,2,1156378.39667768,1852021.375281577,41.749723972,-87.702539572,"(41.749723971726056, -87.70253957167394)"
AUSTIN AND IRVING PARK,1163,6000 W IRVING PARK ROAD,07/01/2014,3,1135622.402636023,1926014.192063646,41.953163772,-87.776842593,"(41.95316377185154, -87.77684259284736)"
31ST AND CALIFORNIA,2061,3100 S CALIFORNIA,09/25/2014,2,1158151.943135347,1883939.950079683,41.83727705,-87.695172247,"(41.837277050366296, -87.69517224651918)"
PULASKI AND 79TH,2492,7900 S PULASKI ROAD,08/25/2014,2,1151054.87395657,1851842.663854121,41.749339,-87.722052091,"(41.74933900008238, -87.72205209091501)"
ADDISON AND HARLEM,1593,7200 W ADDISON,05/08/2015,2,1127417.488447099,1923123.407710965,41.945373358,-87.807070326,"(41.94537335809189, -87.80707032561135)"
GRAND AND OAK PARK,1523,6800 W GRAND AVENUE,03/01/2017,5,1130668.89526974,1915248.469290467,41.923708193,-87.795300781,"(41.92370819286044, -87.79530078123082)"
LAWRENCE AND CICERO,1042,4800 N CICERO AVENUE,07/18/2016,5,1143464.651785526,1931490.551883203,41.968048007,-87.747875985,"(41.968048007293845, -87.74787598468126)"
GRAND AND OAK PARK,1524,6800 W GRAND AVENUE,06/19/2016,15,1130668.89526974,1915248.469290467,41.923708193,-87.795300781,"(41.92370819286044, -87.79530078123082)"
ASHLAND AND DIVISION,1793,1600 W DIVISION STREET,05/04/2017,1,1165489.684200442,1908112.312963909,41.903455316,-87.667558994,"(41.903455316483814, -87.66755899396976)"
LAWRENCE AND CICERO,1042,4800 N CICERO AVENUE,10/19/2014,7,1143464.651785526,1931490.551883203,41.968048007,-87.747875985,"(41.968048007293845, -87.74787598468126)"
ARCHER/NARRAGANSETT AND 55TH,2073,6400 W ARCHER AVE,02/20/2015,8,1134629.248133949,1867443.543796524,41.792455256,-87.78187685,"(41.79245525550523, -87.78187684987694)"
ARCHER AND CICERO,2084,5400 S ARCHER AVE,07/17/2016,9,1145209.426392053,1869810.657411975,41.798758208,-87.743020541,"(41.798758207843264, -87.74302054146467)"
PULASKI AND BELMONT,1383,4000 W BELMONT AVE,01/21/2015,2,1149131.866894851,1921018.50498026,41.93920375,-87.727310134,"(41.93920374986553, -87.72731013414392)"
AUSTIN AND IRVING PARK,1163,6000 W IRVING PARK ROAD,10/04/2015,2,1135622.402636023,1926014.192063646,41.953163772,-87.776842593,"(41.95316377185154, -87.77684259284736)"
SACRAMENTO AND CHICAGO,1812,800 N SACRAMENTO AVEN,07/25/2014,15,1156039.008141929,1905193.084100581,41.895640714,-87.702352328,"(41.89564071387542, -87.70235232767416)"
PULASKI AND 79TH,2492,7900 S PULASKI ROAD,08/22/2016,1,1151054.87395657,1851842.663854121,41.749339,-87.722052091,"(41.74933900008238, -87.72205209091501)"
CALIFORNIA AND DIVERSEY,1511,2800 N CALIFORNIA AVE,11/27/2016,7,1157189.355049829,1918495.644754069,41.932120719,-87.6977653,"(41.93212071910647, -87.69776530036465)"
HALSTED AND DIVISION,1711,1200 N HALSTED,06/17/2016,13,1170746.639428735,1908242.256010774,41.903698308,-87.648245351,"(41.90369830765008, -87.64824535062563)"
HALSTED AND DIVISION,1711,1200 N HALSTED,12/11/2015,10,1170746.639428735,1908242.256010774,41.903698308,-87.648245351,"(41.90369830765008, -87.64824535062563)"
PULASKI AND FULLERTON,1484,4000 W FULLERTON AVE,08/19/2014,2,1149303.081963737,1915695.275222648,41.924593022,-87.726819268,"(41.92459302175305, -87.7268192684032)"
ARCHER AND CICERO,2084,5400 S ARCHER AVE,01/27/2017,4,1145209.426392053,1869810.657411975,41.798758208,-87.743020541,"(41.798758207843264, -87.74302054146467)"
AUSTIN AND ADDISON,1493,6000 W ADDISON STREET,10/08/2014,3,1135698.173154422,1923360.229527805,41.945879676,-87.776627421,"(41.94587967559099, -87.77662742093737)"
AUSTIN AND IRVING PARK,1163,6000 W IRVING PARK ROAD,06/13/2016,3,1135622.402636023,1926014.192063646,41.953163772,-87.776842593,"(41.95316377185154, -87.77684259284736)"
LAWRENCE AND WESTERN,1192,4800 N WESTERN AVENUE,04/21/2016,2,1159459.622430471,1931821.342623414,41.968640727,-87.689054241,"(41.96864072747715, -87.6890542408374)"
AUSTIN AND ADDISON,1493,6000 W ADDISON STREET,08/03/2015,3,1135698.173154422,1923360.229527805,41.945879676,-87.776627421,"(41.94587967559099, -87.77662742093737)"
87TH AND VINCENNES,2413,848 W 87TH STREET,04/20/2017,13,1172002.531006759,1847197.326168367,41.736157546,-87.6454274,"(41.73615754630335, -87.64542740049411)"
95TH AND STONEY ISLAND,2514,1600 E 95TH STREET,12/03/2014,3,1188537.746187743,1842339.840767953,41.722449457,-87.585003569,"(41.72244945701069, -87.58500356910938)"
SACRAMENTO AND CHICAGO,1812,800 N SACRAMENTO AVEN,08/30/2014,12,1156039.008141929,1905193.084100581,41.895640714,-87.702352328,"(41.89564071387542, -87.70235232767416)"
LAWRENCE AND CICERO,1041,4800 N CICERO AVE,10/14/2015,4,1143464.651785526,1931490.551883203,41.968048007,-87.747875985,"(41.968048007293845, -87.74787598468126)"
ARCHER/NARRAGANSETT AND 55TH,2073,6400 W ARCHER AVE,11/25/2014,6,1134629.248133949,1867443.543796524,41.792455256,-87.78187685,"(41.79245525550523, -87.78187684987694)"
MADISON AND CENTRAL,1754,5600 W MADISON STREET,08/05/2014,1,1139033.690528149,1899503.712147867,41.880354556,-87.764948136,"(41.88035455632559, -87.76494813634785)"
MADISON AND WESTERN,1934,2400 W MADISON,07/29/2014,4,1160384.621277157,1899988.655722373,41.881270504,-87.68653594,"(41.88127050428818, -87.68653594017124)"
ASHLAND AND DIVISION,1793,1600 W DIVISION STREET,03/08/2017,6,1165489.684200442,1908112.312963909,41.903455316,-87.667558994,"(41.903455316483814, -87.66755899396976)"
GRAND AND OAK PARK,1523,6800 W GRAND AVENUE,11/09/2014,1,1130668.89526974,1915248.469290467,41.923708193,-87.795300781,"(41.92370819286044, -87.79530078123082)"
SACRAMENTO AND CHICAGO,1812,800 N SACRAMENTO AVEN,07/02/2015,9,1156039.008141929,1905193.084100581,41.895640714,-87.702352328,"(41.89564071387542, -87.70235232767416)"
PULASKI AND 63RD,2343,4000 W 63RD ST,07/22/2015,1,1150768.346768175,1862564.615405259,41.77876739,-87.722823195,"(41.778767390084305, -87.72282319530368)"
CALIFORNIA AND DIVERSEY,1511,2800 N CALIFORNIA AVE,01/21/2016,5,1157189.355049829,1918495.644754069,41.932120719,-87.6977653,"(41.93212071910647, -87.69776530036465)"
MADISON AND WESTERN,1934,2400 W MADISON,07/01/2016,3,1160384.621277157,1899988.655722373,41.881270504,-87.68653594,"(41.88127050428818, -87.68653594017124)"
ARCHER AND CICERO,2084,5400 S ARCHER AVE,01/23/2016,6,1145209.426392053,1869810.657411975,41.798758208,-87.743020541,"(41.798758207843264, -87.74302054146467)"
PULASKI AND FULLERTON,1481,2400 N PULASKI RD,04/11/2017,1,1149275.963864089,1915687.631931757,41.924572574,-87.726919111,"(41.92457257416937, -87.72691911144182)"
95TH AND STONEY ISLAND,2514,1600 E 95TH STREET,10/15/2015,7,1188537.746187743,1842339.840767953,41.722449457,-87.585003569,"(41.72244945701069, -87.58500356910938)"
AUSTIN AND IRVING PARK,1163,6000 W IRVING PARK ROAD,08/20/2016,6,1135622.402636023,1926014.192063646,41.953163772,-87.776842593,"(41.95316377185154, -87.77684259284736)"
95TH AND STONEY ISLAND,2513,1600 E 95TH STREET,11/12/2015,3,1188537.746187743,1842339.840767953,41.722449457,-87.585003569,"(41.72244945701069, -87.58500356910938)"
CALIFORNIA AND DIVERSEY,1511,2800 N CALIFORNIA AVE,08/08/2014,6,1157189.355049829,1918495.644754069,41.932120719,-87.6977653,"(41.93212071910647, -87.69776530036465)"
ARCHER AND CICERO,2084,5400 S ARCHER AVE,04/02/2016,3,1145209.426392053,1869810.657411975,41.798758208,-87.743020541,"(41.798758207843264, -87.74302054146467)"
PULASKI AND FULLERTON,1481,2400 N PULASKI RD,04/22/2015,1,1149275.963864089,1915687.631931757,41.924572574,-87.726919111,"(41.92457257416937, -87.72691911144182)"
SACRAMENTO AND CHICAGO,1812,800 N SACRAMENTO AVEN,08/18/2016,8,1156039.008141929,1905193.084100581,41.895640714,-87.702352328,"(41.89564071387542, -87.70235232767416)"
95TH AND STONEY ISLAND,2513,1600 E 95TH STREET,09/05/2014,17,1188537.746187743,1842339.840767953,41.722449457,-87.585003569,"(41.72244945701069, -87.58500356910938)"
RIDGE AND CLARK,1051,5930 N CLARK STREET,07/11/2016,21,1164554.784723473,1939388.511516442,41.98929863,-87.670104121,"(41.98929863013193, -87.67010412112992)"
ASHLAND AND DIVISION,1793,1600 W DIVISION STREET,04/07/2016,3,1165489.684200442,1908112.312963909,41.903455316,-87.667558994,"(41.903455316483814, -87.66755899396976)"
AUSTIN AND IRVING PARK,1163,6000 W IRVING PARK ROAD,02/13/2017,2,1135622.402636023,1926014.192063646,41.953163772,-87.776842593,"(41.95316377185154, -87.77684259284736)"
PULASKI AND CHICAGO,1982,800 N PULASKI ROAD,08/16/2016,4,1149538.444844035,1905079.034990625,41.895456457,-87.726230541,"(41.895456456825386, -87.72623054051289)"
AUSTIN AND ADDISON,1493,6000 W ADDISON STREET,01/13/2017,1,1135698.173154422,1923360.229527805,41.945879676,-87.776627421,"(41.94587967559099, -87.77662742093737)"
PULASKI AND 79TH,2492,7900 S PULASKI ROAD,01/21/2016,4,1151054.87395657,1851842.663854121,41.749339,-87.722052091,"(41.74933900008238, -87.72205209091501)"
87TH AND VINCENNES,2413,848 W 87TH STREET,05/04/2015,13,1172002.531006759,1847197.326168367,41.736157546,-87.6454274,"(41.73615754630335, -87.64542740049411)"
PULASKI AND FULLERTON,1484,4000 W FULLERTON AVE,12/19/2016,5,1149303.081963737,1915695.275222648,41.924593022,-87.726819268,"(41.92459302175305, -87.7268192684032)"
87TH AND VINCENNES,2413,848 W 87TH STREET,03/10/2016,8,1172002.531006759,1847197.326168367,41.736157546,-87.6454274,"(41.73615754630335, -87.64542740049411)"
PETERSON AND WESTERN,1011,6000 N WESTERN AVE,12/06/2014,3,1159190.625032041,1939816.75471116,41.990586042,-87.689822473,"(41.99058604241958, -87.68982247294417)"
LAWRENCE AND CICERO,1041,4800 N CICERO AVE,05/24/2016,8,1143464.651785526,1931490.551883203,41.968048007,-87.747875985,"(41.968048007293845, -87.74787598468126)"
HALSTED AND DIVISION,1711,1200 N HALSTED,12/21/2016,5,1170746.639428735,1908242.256010774,41.903698308,-87.648245351,"(41.90369830765008, -87.64824535062563)"
LAWRENCE AND WESTERN,1192,4800 N WESTERN AVENUE,02/09/2017,9,1159459.622430471,1931821.342623414,41.968640727,-87.689054241,"(41.96864072747715, -87.6890542408374)"
AUSTIN AND ADDISON,1493,6000 W ADDISON STREET,01/19/2016,1,1135698.173154422,1923360.229527805,41.945879676,-87.776627421,"(41.94587967559099, -87.77662742093737)"
WESTERN AND MARQUETTE,2674,2400 W MARQUETTE ROAD,06/19/2015,2,1161509.889315231,1860208.627404126,41.772086214,-87.683508858,"(41.772086214104526, -87.68350885781568)"
CALIFORNIA AND DIVERSEY,1511,2800 N CALIFORNIA AVE,04/26/2017,2,1157189.355049829,1918495.644754069,41.932120719,-87.6977653,"(41.93212071910647, -87.69776530036465)"
LAWRENCE AND WESTERN,1192,4800 N WESTERN AVENUE,08/10/2014,7,1159459.622430471,1931821.342623414,41.968640727,-87.689054241,"(41.96864072747715, -87.6890542408374)"
RIDGE AND CLARK,1051,5930 N CLARK STREET,03/22/2016,9,1164554.784723473,1939388.511516442,41.98929863,-87.670104121,"(41.98929863013193, -87.67010412112992)"
KEDZIE AND 47TH,2101,4700 S KEDZIE AVE,05/20/2015,5,1155791.949302478,1873270.778481327,41.808047272,-87.704118822,"(41.80804727165029, -87.70411882229871)"
87TH AND VINCENNES,2413,848 W 87TH STREET,11/23/2015,9,1172002.531006759,1847197.326168367,41.736157546,-87.6454274,"(41.73615754630335, -87.64542740049411)"
GRAND AND OAK PARK,1524,6800 W GRAND AVENUE,06/28/2016,4,1130668.89526974,1915248.469290467,41.923708193,-87.795300781,"(41.92370819286044, -87.79530078123082)"
87TH AND VINCENNES,2413,848 W 87TH STREET,02/12/2017,10,1172002.531006759,1847197.326168367,41.736157546,-87.6454274,"(41.73615754630335, -87.64542740049411)"
RIDGE AND CLARK,1051,5930 N CLARK STREET,09/16/2016,17,1164554.784723473,1939388.511516442,41.98929863,-87.670104121,"(41.98929863013193, -87.67010412112992)"
AUSTIN AND ADDISON,1493,6000 W ADDISON STREET,07/12/2015,3,1135698.173154422,1923360.229527805,41.945879676,-87.776627421,"(41.94587967559099, -87.77662742093737)"
GRAND AND OAK PARK,1524,6800 W GRAND AVENUE,05/24/2017,6,1130668.89526974,1915248.469290467,41.923708193,-87.795300781,"(41.92370819286044, -87.79530078123082)"
CALIFORNIA AND DIVERSEY,1511,2800 N CALIFORNIA AVE,12/08/2015,6,1157189.355049829,1918495.644754069,41.932120719,-87.6977653,"(41.93212071910647, -87.69776530036465)"
SACRAMENTO AND CHICAGO,1812,800 N SACRAMENTO AVEN,05/10/2017,10,1156039.008141929,1905193.084100581,41.895640714,-87.702352328,"(41.89564071387542, -87.70235232767416)"
KEDZIE AND 47TH,2101,4700 S KEDZIE AVE,01/15/2015,1,1155791.949302478,1873270.778481327,41.808047272,-87.704118822,"(41.80804727165029, -87.70411882229871)"
DIVERSEY AND AUSTIN,1453,6000 W DIVERSEY AVENUE,03/17/2017,2,1135895.736169343,1918029.70673837,41.931248624,-87.776028612,"(41.931248623643455, -87.77602861172493)"
CALIFORNIA AND DIVERSEY,1511,2800 N CALIFORNIA AVE,10/08/2015,5,1157189.355049829,1918495.644754069,41.932120719,-87.6977653,"(41.93212071910647, -87.69776530036465)"
LAWRENCE AND CICERO,1042,4800 N CICERO AVENUE,06/15/2016,10,1143464.651785526,1931490.551883203,41.968048007,-87.747875985,"(41.968048007293845, -87.74787598468126)"
LASALLE AND KINZIE,1923,140 W KINZIE,05/29/2017,1,1175048.09765242,1903028.894760294,41.889297219,-87.632601648,"(41.88929721947309, -87.63260164817305)"
AUSTIN AND IRVING PARK,1163,6000 W IRVING PARK ROAD,10/28/2014,2,1135622.402636023,1926014.192063646,41.953163772,-87.776842593,"(41.95316377185154, -87.77684259284736)"
GRAND AND OAK PARK,1524,6800 W GRAND AVENUE,05/17/2015,1,1130668.89526974,1915248.469290467,41.923708193,-87.795300781,"(41.92370819286044, -87.79530078123082)"
MADISON AND WESTERN,1934,2400 W MADISON,05/03/2015,5,1160384.621277157,1899988.655722373,41.881270504,-87.68653594,"(41.88127050428818, -87.68653594017124)"
CALIFORNIA AND DIVERSEY,1511,2800 N CALIFORNIA AVE,10/10/2015,7,1157189.355049829,1918495.644754069,41.932120719,-87.6977653,"(41.93212071910647, -87.69776530036465)"
AUSTIN AND IRVING PARK,1163,6000 W IRVING PARK ROAD,09/05/2016,3,1135622.402636023,1926014.192063646,41.953163772,-87.776842593,"(41.95316377185154, -87.77684259284736)"
LAWRENCE AND CICERO,1041,4800 N CICERO AVE,05/12/2015,12,1143464.651785526,1931490.551883203,41.968048007,-87.747875985,"(41.968048007293845, -87.74787598468126)"
LAWRENCE AND WESTERN,1192,4800 N WESTERN AVENUE,11/27/2014,1,1159459.622430471,1931821.342623414,41.968640727,-87.689054241,"(41.96864072747715, -87.6890542408374)"
WESTERN AND MARQUETTE,2674,2400 W MARQUETTE ROAD,09/20/2014,1,1161509.889315231,1860208.627404126,41.772086214,-87.683508858,"(41.772086214104526, -87.68350885781568)"
RIDGE AND CLARK,1052,5930 N CLARK STREET,04/05/2017,1,1164554.784723473,1939388.511516442,41.98929863,-87.670104121,"(41.98929863013193, -87.67010412112992)"
CALIFORNIA AND DIVERSEY,1511,2800 N CALIFORNIA AVE,01/31/2017,4,1157189.355049829,1918495.644754069,41.932120719,-87.6977653,"(41.93212071910647, -87.69776530036465)"
95TH AND STONEY ISLAND,2514,1600 E 95TH STREET,07/08/2015,12,1188537.746187743,1842339.840767953,41.722449457,-87.585003569,"(41.72244945701069, -87.58500356910938)"
ARCHER/NARRAGANSETT AND 55TH,2073,6400 W ARCHER AVE,02/27/2015,8,1134629.248133949,1867443.543796524,41.792455256,-87.78187685,"(41.79245525550523, -87.78187684987694)"
KEDZIE AND 47TH,2101,4700 S KEDZIE AVE,03/27/2017,6,1155791.949302478,1873270.778481327,41.808047272,-87.704118822,"(41.80804727165029, -87.70411882229871)"
WESTERN AND MARQUETTE,2674,2400 W MARQUETTE ROAD,05/01/2016,4,1161509.889315231,1860208.627404126,41.772086214,-87.683508858,"(41.772086214104526, -87.68350885781568)"
ASHLAND AND DIVISION,1793,1600 W DIVISION STREET,02/15/2015,3,1165489.684200442,1908112.312963909,41.903455316,-87.667558994,"(41.903455316483814, -87.66755899396976)"
ADDISON AND HARLEM,1593,7200 W ADDISON,07/05/2016,3,1127417.488447099,1923123.407710965,41.945373358,-87.807070326,"(41.94537335809189, -87.80707032561135)"
ARCHER AND CICERO,2084,5400 S ARCHER AVE,10/05/2016,12,1145209.426392053,1869810.657411975,41.798758208,-87.743020541,"(41.798758207843264, -87.74302054146467)"
PULASKI AND BELMONT,1383,4000 W BELMONT AVE,08/27/2015,3,1149131.866894851,1921018.50498026,41.93920375,-87.727310134,"(41.93920374986553, -87.72731013414392)"
95TH AND STONEY ISLAND,2514,1600 E 95TH STREET,07/01/2014,8,1188537.746187743,1842339.840767953,41.722449457,-87.585003569,"(41.72244945701069, -87.58500356910938)"
PULASKI AND 79TH,2492,7900 S PULASKI ROAD,05/24/2015,5,1151054.87395657,1851842.663854121,41.749339,-87.722052091,"(41.74933900008238, -87.72205209091501)"
CICERO AND DIVERSEY,1691,2800 N CICERO AVENUE,11/24/2015,7,1143863.647574835,1918202.018463414,41.931575608,-87.746743301,"(41.93157560844622, -87.74674330113561)"
AUSTIN AND IRVING PARK,1163,6000 W IRVING PARK ROAD,08/08/2015,2,1135622.402636023,1926014.192063646,41.953163772,-87.776842593,"(41.95316377185154, -87.77684259284736)"
AUSTIN AND IRVING PARK,1163,6000 W IRVING PARK ROAD,03/17/2016,1,1135622.402636023,1926014.192063646,41.953163772,-87.776842593,"(41.95316377185154, -87.77684259284736)"
PULASKI AND CHICAGO,1982,800 N PULASKI ROAD,07/15/2015,3,1149538.444844035,1905079.034990625,41.895456457,-87.726230541,"(41.895456456825386, -87.72623054051289)"
PETERSON AND WESTERN,1011,6000 N WESTERN AVE,11/10/2016,6,1159190.625032041,1939816.75471116,41.990586042,-87.689822473,"(41.99058604241958, -87.68982247294417)"
AUSTIN AND ADDISON,1493,6000 W ADDISON STREET,07/06/2016,3,1135698.173154422,1923360.229527805,41.945879676,-87.776627421,"(41.94587967559099, -87.77662742093737)"
CALIFORNIA AND DIVERSEY,1511,2800 N CALIFORNIA AVE,02/26/2016,3,1157189.355049829,1918495.644754069,41.932120719,-87.6977653,"(41.93212071910647, -87.69776530036465)"
CICERO AND DIVERSEY,1691,2800 N CICERO AVENUE,04/22/2016,3,1143863.647574835,1918202.018463414,41.931575608,-87.746743301,"(41.93157560844622, -87.74674330113561)"
AUSTIN AND IRVING PARK,1163,6000 W IRVING PARK ROAD,03/04/2017,3,1135622.402636023,1926014.192063646,41.953163772,-87.776842593,"(41.95316377185154, -87.77684259284736)"
ADDISON AND HARLEM,1593,7200 W ADDISON,06/14/2016,2,1127417.488447099,1923123.407710965,41.945373358,-87.807070326,"(41.94537335809189, -87.80707032561135)"
LAWRENCE AND WESTERN,1192,4800 N WESTERN AVENUE,10/08/2014,7,1159459.622430471,1931821.342623414,41.968640727,-87.689054241,"(41.96864072747715, -87.6890542408374)"
PULASKI AND FULLERTON,1481,2400 N PULASKI RD,05/04/2016,2,1149275.963864089,1915687.631931757,41.924572574,-87.726919111,"(41.92457257416937, -87.72691911144182)"
31ST AND CALIFORNIA,2061,3100 S CALIFORNIA,07/07/2014,9,1158151.943135347,1883939.950079683,41.83727705,-87.695172247,"(41.837277050366296, -87.69517224651918)"
MADISON AND WESTERN,1934,2400 W MADISON,09/09/2016,1,1160384.621277157,1899988.655722373,41.881270504,-87.68653594,"(41.88127050428818, -87.68653594017124)"
ADDISON AND HARLEM,1593,7200 W ADDISON,10/01/2016,1,1127417.488447099,1923123.407710965,41.945373358,-87.807070326,"(41.94537335809189, -87.80707032561135)"
BLUE ISLAND AND DAMEN,2281,2416 S DAMEN AVENUE,08/03/2014,4,1163378.697434511,1887916.370760201,41.848080596,-87.675881338,"(41.84808059558783, -87.67588133802435)"
PULASKI AND 79TH,2492,7900 S PULASKI ROAD,04/04/2016,4,1151054.87395657,1851842.663854121,41.749339,-87.722052091,"(41.74933900008238, -87.72205209091501)"
BLUE ISLAND AND DAMEN,2281,2416 S DAMEN AVENUE,01/16/2015,6,1163378.697434511,1887916.370760201,41.848080596,-87.675881338,"(41.84808059558783, -87.67588133802435)"
GRAND AND OAK PARK,1523,6800 W GRAND AVENUE,07/21/2014,5,1130668.89526974,1915248.469290467,41.923708193,-87.795300781,"(41.92370819286044, -87.79530078123082)"
GRAND AND OAK PARK,1523,6800 W GRAND AVENUE,08/10/2014,4,1130668.89526974,1915248.469290467,41.923708193,-87.795300781,"(41.92370819286044, -87.79530078123082)"
PULASKI AND BELMONT,1383,4000 W BELMONT AVE,08/07/2015,2,1149131.866894851,1921018.50498026,41.93920375,-87.727310134,"(41.93920374986553, -87.72731013414392)"
KEDZIE AND 47TH,2101,4700 S KEDZIE AVE,08/28/2016,8,1155791.949302478,1873270.778481327,41.808047272,-87.704118822,"(41.80804727165029, -87.70411882229871)"
LAWRENCE AND WESTERN,1192,4800 N WESTERN AVENUE,08/30/2015,6,1159459.622430471,1931821.342623414,41.968640727,-87.689054241,"(41.96864072747715, -87.6890542408374)"
PULASKI AND 79TH,2492,7900 S PULASKI ROAD,06/09/2016,3,1151054.87395657,1851842.663854121,41.749339,-87.722052091,"(41.74933900008238, -87.72205209091501)"
LAWRENCE AND CICERO,1042,4800 N CICERO AVENUE,10/23/2015,1,1143464.651785526,1931490.551883203,41.968048007,-87.747875985,"(41.968048007293845, -87.74787598468126)"
PETERSON AND WESTERN,1011,6000 N WESTERN AVE,10/07/2014,3,1159190.625032041,1939816.75471116,41.990586042,-87.689822473,"(41.99058604241958, -87.68982247294417)"
KEDZIE AND 47TH,2101,4700 S KEDZIE AVE,09/22/2015,2,1155791.949302478,1873270.778481327,41.808047272,-87.704118822,"(41.80804727165029, -87.70411882229871)"
WESTERN AND MARQUETTE,2674,2400 W MARQUETTE ROAD,02/19/2017,4,1161509.889315231,1860208.627404126,41.772086214,-87.683508858,"(41.772086214104526, -87.68350885781568)"
AUSTIN AND IRVING PARK,1163,6000 W IRVING PARK ROAD,01/23/2017,2,1135622.402636023,1926014.192063646,41.953163772,-87.776842593,"(41.95316377185154, -87.77684259284736)"
PETERSON AND WESTERN,1011,6000 N WESTERN AVE,11/23/2016,4,1159190.625032041,1939816.75471116,41.990586042,-87.689822473,"(41.99058604241958, -87.68982247294417)"
RIDGE AND CLARK,1052,5930 N CLARK STREET,05/09/2017,1,1164554.784723473,1939388.511516442,41.98929863,-87.670104121,"(41.98929863013193, -87.67010412112992)"
87TH AND VINCENNES,2413,848 W 87TH STREET,12/25/2014,5,1172002.531006759,1847197.326168367,41.736157546,-87.6454274,"(41.73615754630335, -87.64542740049411)"
SACRAMENTO AND CHICAGO,1812,800 N SACRAMENTO AVEN,08/12/2014,11,1156039.008141929,1905193.084100581,41.895640714,-87.702352328,"(41.89564071387542, -87.70235232767416)"
WESTERN AND MARQUETTE,2674,2400 W MARQUETTE ROAD,07/27/2016,5,1161509.889315231,1860208.627404126,41.772086214,-87.683508858,"(41.772086214104526, -87.68350885781568)"
LAWRENCE AND WESTERN,1192,4800 N WESTERN AVENUE,07/21/2014,1,1159459.622430471,1931821.342623414,41.968640727,-87.689054241,"(41.96864072747715, -87.6890542408374)"
RIDGE AND CLARK,1052,5930 N CLARK STREET,05/10/2017,3,1164554.784723473,1939388.511516442,41.98929863,-87.670104121,"(41.98929863013193, -87.67010412112992)"
PULASKI AND 63RD,2343,4000 W 63RD ST,02/11/2017,3,1150768.346768175,1862564.615405259,41.77876739,-87.722823195,"(41.778767390084305, -87.72282319530368)"
31ST AND CALIFORNIA,2061,3100 S CALIFORNIA,10/25/2014,8,1158151.943135347,1883939.950079683,41.83727705,-87.695172247,"(41.837277050366296, -87.69517224651918)"
LAWRENCE AND WESTERN,1192,4800 N WESTERN AVENUE,07/20/2014,3,1159459.622430471,1931821.342623414,41.968640727,-87.689054241,"(41.96864072747715, -87.6890542408374)"
CALIFORNIA AND DIVERSEY,1511,2800 N CALIFORNIA AVE,01/17/2016,6,1157189.355049829,1918495.644754069,41.932120719,-87.6977653,"(41.93212071910647, -87.69776530036465)"
87TH AND VINCENNES,2413,848 W 87TH STREET,09/21/2016,16,1172002.531006759,1847197.326168367,41.736157546,-87.6454274,"(41.73615754630335, -87.64542740049411)"
RIDGE AND CLARK,1052,5930 N CLARK STREET,08/24/2016,8,1164554.784723473,1939388.511516442,41.98929863,-87.670104121,"(41.98929863013193, -87.67010412112992)"
AUSTIN AND IRVING PARK,1163,6000 W IRVING PARK ROAD,07/16/2016,2,1135622.402636023,1926014.192063646,41.953163772,-87.776842593,"(41.95316377185154, -87.77684259284736)"
WESTERN AND MARQUETTE,2674,2400 W MARQUETTE ROAD,11/27/2014,2,1161509.889315231,1860208.627404126,41.772086214,-87.683508858,"(41.772086214104526, -87.68350885781568)"
LAWRENCE AND WESTERN,1192,4800 N WESTERN AVENUE,06/13/2016,2,1159459.622430471,1931821.342623414,41.968640727,-87.689054241,"(41.96864072747715, -87.6890542408374)"
PULASKI AND 63RD,2343,4000 W 63RD ST,08/08/2015,5,1150768.346768175,1862564.615405259,41.77876739,-87.722823195,"(41.778767390084305, -87.72282319530368)"
87TH AND VINCENNES,2413,848 W 87TH STREET,06/30/2015,8,1172002.531006759,1847197.326168367,41.736157546,-87.6454274,"(41.73615754630335, -87.64542740049411)"
HALSTED AND DIVISION,1711,1200 N HALSTED,05/03/2016,10,1170746.639428735,1908242.256010774,41.903698308,-87.648245351,"(41.90369830765008, -87.64824535062563)"
WESTERN AND MARQUETTE,2674,2400 W MARQUETTE ROAD,10/31/2015,3,1161509.889315231,1860208.627404126,41.772086214,-87.683508858,"(41.772086214104526, -87.68350885781568)"
95TH AND STONEY ISLAND,2513,1600 E 95TH STREET,03/04/2016,6,1188537.746187743,1842339.840767953,41.722449457,-87.585003569,"(41.72244945701069, -87.58500356910938)"
AUSTIN AND ADDISON,1493,6000 W ADDISON STREET,02/07/2015,3,1135698.173154422,1923360.229527805,41.945879676,-87.776627421,"(41.94587967559099, -87.77662742093737)"
79TH AND KEDZIE,2442,7900 S KEDZIE AVE,06/18/2015,2,1156378.39667768,1852021.375281577,41.749723972,-87.702539572,"(41.749723971726056, -87.70253957167394)"
87TH AND VINCENNES,2413,848 W 87TH STREET,05/04/2017,13,1172002.531006759,1847197.326168367,41.736157546,-87.6454274,"(41.73615754630335, -87.64542740049411)"
LAWRENCE AND CICERO,1042,4800 N CICERO AVENUE,01/07/2016,2,1143464.651785526,1931490.551883203,41.968048007,-87.747875985,"(41.968048007293845, -87.74787598468126)"
95TH AND STONEY ISLAND,2514,1600 E 95TH STREET,02/18/2016,6,1188537.746187743,1842339.840767953,41.722449457,-87.585003569,"(41.72244945701069, -87.58500356910938)"
LAWRENCE AND CICERO,1042,4800 N CICERO AVENUE,01/05/2016,3,1143464.651785526,1931490.551883203,41.968048007,-87.747875985,"(41.968048007293845, -87.74787598468126)"
PULASKI AND 79TH,2494,4000 W 79TH STREET,12/23/2015,2,1151074.116357501,1851966.830243835,41.749679359,-87.721978345,"(41.74967935883473, -87.72197834524168)"
95TH AND STONEY ISLAND,2513,1600 E 95TH STREET,12/22/2016,1,1188537.746187743,1842339.840767953,41.722449457,-87.585003569,"(41.72244945701069, -87.58500356910938)"
CICERO AND DIVERSEY,1691,2800 N CICERO AVENUE,11/23/2014,1,1143863.647574835,1918202.018463414,41.931575608,-87.746743301,"(41.93157560844622, -87.74674330113561)"
AUSTIN AND IRVING PARK,1163,6000 W IRVING PARK ROAD,10/15/2016,1,1135622.402636023,1926014.192063646,41.953163772,-87.776842593,"(41.95316377185154, -87.77684259284736)"
SACRAMENTO AND CHICAGO,1812,800 N SACRAMENTO AVEN,08/22/2015,6,1156039.008141929,1905193.084100581,41.895640714,-87.702352328,"(41.89564071387542, -87.70235232767416)"
87TH AND VINCENNES,2413,848 W 87TH STREET,12/26/2014,3,1172002.531006759,1847197.326168367,41.736157546,-87.6454274,"(41.73615754630335, -87.64542740049411)"
PULASKI AND 79TH,2494,4000 W 79TH STREET,04/24/2015,1,1151074.116357501,1851966.830243835,41.749679359,-87.721978345,"(41.74967935883473, -87.72197834524168)"
ADDISON AND HARLEM,1593,7200 W ADDISON,10/25/2015,4,1127417.488447099,1923123.407710965,41.945373358,-87.807070326,"(41.94537335809189, -87.80707032561135)"
95TH AND STONEY ISLAND,2514,1600 E 95TH STREET,10/18/2014,14,1188537.746187743,1842339.840767953,41.722449457,-87.585003569,"(41.72244945701069, -87.58500356910938)"
KEDZIE AND 47TH,2101,4700 S KEDZIE AVE,08/13/2016,12,1155791.949302478,1873270.778481327,41.808047272,-87.704118822,"(41.80804727165029, -87.70411882229871)"
ADDISON AND HARLEM,1593,7200 W ADDISON,01/23/2017,1,1127417.488447099,1923123.407710965,41.945373358,-87.807070326,"(41.94537335809189, -87.80707032561135)"
HALSTED AND DIVISION,1711,1200 N HALSTED,05/29/2017,5,1170746.639428735,1908242.256010774,41.903698308,-87.648245351,"(41.90369830765008, -87.64824535062563)"
PETERSON AND WESTERN,1011,6000 N WESTERN AVE,08/31/2015,4,1159190.625032041,1939816.75471116,41.990586042,-87.689822473,"(41.99058604241958, -87.68982247294417)"
SACRAMENTO AND CHICAGO,1812,800 N SACRAMENTO AVEN,11/18/2015,5,1156039.008141929,1905193.084100581,41.895640714,-87.702352328,"(41.89564071387542, -87.70235232767416)"
PULASKI AND 79TH,2492,7900 S PULASKI ROAD,09/14/2014,3,1151054.87395657,1851842.663854121,41.749339,-87.722052091,"(41.74933900008238, -87.72205209091501)"
RIDGE AND CLARK,1051,5930 N CLARK STREET,07/30/2015,9,1164554.784723473,1939388.511516442,41.98929863,-87.670104121,"(41.98929863013193, -87.67010412112992)"
GRAND AND OAK PARK,1523,6800 W GRAND AVENUE,04/09/2015,10,1130668.89526974,1915248.469290467,41.923708193,-87.795300781,"(41.92370819286044, -87.79530078123082)"
LAWRENCE AND CICERO,1042,4800 N CICERO AVENUE,02/19/2016,1,1143464.651785526,1931490.551883203,41.968048007,-87.747875985,"(41.968048007293845, -87.74787598468126)"
HALSTED AND DIVISION,1711,1200 N HALSTED,12/16/2015,9,1170746.639428735,1908242.256010774,41.903698308,-87.648245351,"(41.90369830765008, -87.64824535062563)"
PULASKI AND 63RD,2343,4000 W 63RD ST,07/08/2016,5,1150768.346768175,1862564.615405259,41.77876739,-87.722823195,"(41.778767390084305, -87.72282319530368)"
CALIFORNIA AND DIVERSEY,1511,2800 N CALIFORNIA AVE,12/31/2016,14,1157189.355049829,1918495.644754069,41.932120719,-87.6977653,"(41.93212071910647, -87.69776530036465)"
PULASKI AND 79TH,2494,4000 W 79TH STREET,07/15/2015,3,1151074.116357501,1851966.830243835,41.749679359,-87.721978345,"(41.74967935883473, -87.72197834524168)"
87TH AND VINCENNES,2413,848 W 87TH STREET,02/03/2016,8,1172002.531006759,1847197.326168367,41.736157546,-87.6454274,"(41.73615754630335, -87.64542740049411)"
ARCHER AND CICERO,2084,5400 S ARCHER AVE,10/18/2016,9,1145209.426392053,1869810.657411975,41.798758208,-87.743020541,"(41.798758207843264, -87.74302054146467)"
WESTERN AND MARQUETTE,2674,2400 W MARQUETTE ROAD,12/27/2016,3,1161509.889315231,1860208.627404126,41.772086214,-87.683508858,"(41.772086214104526, -87.68350885781568)"
PULASKI AND 79TH,2494,4000 W 79TH STREET,12/16/2016,2,1151074.116357501,1851966.830243835,41.749679359,-87.721978345,"(41.74967935883473, -87.72197834524168)"
LAWRENCE AND CICERO,1041,4800 N CICERO AVE,03/01/2017,5,1143464.651785526,1931490.551883203,41.968048007,-87.747875985,"(41.968048007293845, -87.74787598468126)"
CICERO AND DIVERSEY,1691,2800 N CICERO AVENUE,02/18/2016,4,1143863.647574835,1918202.018463414,41.931575608,-87.746743301,"(41.93157560844622, -87.74674330113561)"
PULASKI AND 79TH,2494,4000 W 79TH STREET,11/22/2016,6,1151074.116357501,1851966.830243835,41.749679359,-87.721978345,"(41.74967935883473, -87.72197834524168)"
PULASKI AND 79TH,2492,7900 S PULASKI ROAD,12/20/2015,3,1151054.87395657,1851842.663854121,41.749339,-87.722052091,"(41.74933900008238, -87.72205209091501)"
87TH AND VINCENNES,2413,848 W 87TH STREET,12/08/2016,2,1172002.531006759,1847197.326168367,41.736157546,-87.6454274,"(41.73615754630335, -87.64542740049411)"
CHICAGO AND CLARK,1964,100 W CHICAGO AVENUE,05/29/2017,7,1175374.528739575,1905745.47783364,41.896744347,-87.631321248,"(41.896744346875806, -87.63132124815151)"
WESTERN AND MARQUETTE,2674,2400 W MARQUETTE ROAD,05/29/2015,4,1161509.889315231,1860208.627404126,41.772086214,-87.683508858,"(41.772086214104526, -87.68350885781568)"
ARCHER AND CICERO,2084,5400 S ARCHER AVE,06/06/2016,6,1145209.426392053,1869810.657411975,41.798758208,-87.743020541,"(41.798758207843264, -87.74302054146467)"
LAWRENCE AND WESTERN,1192,4800 N WESTERN AVENUE,08/16/2014,1,1159459.622430471,1931821.342623414,41.968640727,-87.689054241,"(41.96864072747715, -87.6890542408374)"
SACRAMENTO AND CHICAGO,1812,800 N SACRAMENTO AVEN,02/09/2015,2,1156039.008141929,1905193.084100581,41.895640714,-87.702352328,"(41.89564071387542, -87.70235232767416)"
CALIFORNIA AND DIVERSEY,1511,2800 N CALIFORNIA AVE,05/20/2016,3,1157189.355049829,1918495.644754069,41.932120719,-87.6977653,"(41.93212071910647, -87.69776530036465)"
KEDZIE AND 47TH,2101,4700 S KEDZIE AVE,11/26/2016,3,1155791.949302478,1873270.778481327,41.808047272,-87.704118822,"(41.80804727165029, -87.70411882229871)"
RIDGE AND CLARK,1051,5930 N CLARK STREET,07/12/2016,20,1164554.784723473,1939388.511516442,41.98929863,-87.670104121,"(41.98929863013193, -87.67010412112992)"
CALIFORNIA AND DIVERSEY,1511,2800 N CALIFORNIA AVE,01/24/2016,5,1157189.355049829,1918495.644754069,41.932120719,-87.6977653,"(41.93212071910647, -87.69776530036465)"
RIDGE AND CLARK,1051,5930 N CLARK STREET,01/31/2017,6,1164554.784723473,1939388.511516442,41.98929863,-87.670104121,"(41.98929863013193, -87.67010412112992)"
KEDZIE AND 47TH,2101,4700 S KEDZIE AVE,10/27/2016,5,1155791.949302478,1873270.778481327,41.808047272,-87.704118822,"(41.80804727165029, -87.70411882229871)"
PULASKI AND CHICAGO,1982,800 N PULASKI ROAD,11/02/2016,1,1149538.444844035,1905079.034990625,41.895456457,-87.726230541,"(41.895456456825386, -87.72623054051289)"
95TH AND STONEY ISLAND,2514,1600 E 95TH STREET,04/12/2017,7,1188537.746187743,1842339.840767953,41.722449457,-87.585003569,"(41.72244945701069, -87.58500356910938)"
PULASKI AND MONTROSE,1292,4400 N PULASKI ROAD,07/09/2014,2,1148894.146173785,1928968.481843755,41.961023721,-87.727977456,"(41.961023721270585, -87.72797745595682)"
LAWRENCE AND CICERO,1042,4800 N CICERO AVENUE,11/10/2015,2,1143464.651785526,1931490.551883203,41.968048007,-87.747875985,"(41.968048007293845, -87.74787598468126)"
RIDGE AND CLARK,1051,5930 N CLARK STREET,01/03/2017,5,1164554.784723473,1939388.511516442,41.98929863,-87.670104121,"(41.98929863013193, -87.67010412112992)"
95TH AND STONEY ISLAND,2514,1600 E 95TH STREET,08/26/2014,12,1188537.746187743,1842339.840767953,41.722449457,-87.585003569,"(41.72244945701069, -87.58500356910938)"
CICERO AND DIVERSEY,1691,2800 N CICERO AVENUE,07/24/2015,5,1143863.647574835,1918202.018463414,41.931575608,-87.746743301,"(41.93157560844622, -87.74674330113561)"
PULASKI AND FULLERTON,1484,4000 W FULLERTON AVE,01/18/2017,6,1149303.081963737,1915695.275222648,41.924593022,-87.726819268,"(41.92459302175305, -87.7268192684032)"
GRAND AND OAK PARK,1524,6800 W GRAND AVENUE,10/16/2014,3,1130668.89526974,1915248.469290467,41.923708193,-87.795300781,"(41.92370819286044, -87.79530078123082)"
MADISON AND WESTERN,1934,2400 W MADISON,04/10/2016,3,1160384.621277157,1899988.655722373,41.881270504,-87.68653594,"(41.88127050428818, -87.68653594017124)"
WESTERN AND 63RD,2371,6300 S WESTERN AVE,01/27/2016,1,1161415.712688877,1862772.38856596,41.779123484,-87.683783099,"(41.77912348383963, -87.68378309863576)"
LAWRENCE AND CICERO,1042,4800 N CICERO AVENUE,06/26/2015,3,1143464.651785526,1931490.551883203,41.968048007,-87.747875985,"(41.968048007293845, -87.74787598468126)"
95TH AND STONEY ISLAND,2513,1600 E 95TH STREET,07/05/2014,11,1188537.746187743,1842339.840767953,41.722449457,-87.585003569,"(41.72244945701069, -87.58500356910938)"
79TH AND KEDZIE,2442,7900 S KEDZIE AVE,07/24/2016,1,1156378.39667768,1852021.375281577,41.749723972,-87.702539572,"(41.749723971726056, -87.70253957167394)"
MADISON AND CENTRAL,1754,5600 W MADISON STREET,12/02/2014,5,1139033.690528149,1899503.712147867,41.880354556,-87.764948136,"(41.88035455632559, -87.76494813634785)"
GRAND AND OAK PARK,1523,6800 W GRAND AVENUE,12/06/2016,3,1130668.89526974,1915248.469290467,41.923708193,-87.795300781,"(41.92370819286044, -87.79530078123082)"
KEDZIE AND 47TH,2101,4700 S KEDZIE AVE,01/01/2015,4,1155791.949302478,1873270.778481327,41.808047272,-87.704118822,"(41.80804727165029, -87.70411882229871)"
PULASKI AND 63RD,2343,4000 W 63RD ST,11/28/2015,3,1150768.346768175,1862564.615405259,41.77876739,-87.722823195,"(41.778767390084305, -87.72282319530368)"
CALIFORNIA AND DIVERSEY,1511,2800 N CALIFORNIA AVE,09/18/2016,7,1157189.355049829,1918495.644754069,41.932120719,-87.6977653,"(41.93212071910647, -87.69776530036465)"
GRAND AND OAK PARK,1523,6800 W GRAND AVENUE,11/16/2014,9,1130668.89526974,1915248.469290467,41.923708193,-87.795300781,"(41.92370819286044, -87.79530078123082)"
WESTERN AND MARQUETTE,2674,2400 W MARQUETTE ROAD,07/15/2015,4,1161509.889315231,1860208.627404126,41.772086214,-87.683508858,"(41.772086214104526, -87.68350885781568)"
GRAND AND OAK PARK,1523,6800 W GRAND AVENUE,12/15/2014,5,1130668.89526974,1915248.469290467,41.923708193,-87.795300781,"(41.92370819286044, -87.79530078123082)"
HALSTED AND DIVISION,1711,1200 N HALSTED,05/07/2017,6,1170746.639428735,1908242.256010774,41.903698308,-87.648245351,"(41.90369830765008, -87.64824535062563)"
CALIFORNIA AND DIVERSEY,1511,2800 N CALIFORNIA AVE,10/16/2016,6,1157189.355049829,1918495.644754069,41.932120719,-87.6977653,"(41.93212071910647, -87.69776530036465)"
PULASKI AND CHICAGO,1982,800 N PULASKI ROAD,09/02/2016,1,1149538.444844035,1905079.034990625,41.895456457,-87.726230541,"(41.895456456825386, -87.72623054051289)"
KIMBALL AND LINCOLN,2741,6200 N KIMBALL AVENUE,07/23/2014,4,1152543.355058345,1940954.1008022,41.993841437,-87.714242493,"(41.99384143707685, -87.71424249302686)"
95TH AND STONEY ISLAND,2513,1600 E 95TH STREET,05/17/2017,5,1188537.746187743,1842339.840767953,41.722449457,-87.585003569,"(41.72244945701069, -87.58500356910938)"
PULASKI AND 79TH,2492,7900 S PULASKI ROAD,11/14/2015,1,1151054.87395657,1851842.663854121,41.749339,-87.722052091,"(41.74933900008238, -87.72205209091501)"
LAWRENCE AND CICERO,1042,4800 N CICERO AVENUE,07/12/2014,4,1143464.651785526,1931490.551883203,41.968048007,-87.747875985,"(41.968048007293845, -87.74787598468126)"
PULASKI AND 63RD,2343,4000 W 63RD ST,01/03/2017,4,1150768.346768175,1862564.615405259,41.77876739,-87.722823195,"(41.778767390084305, -87.72282319530368)"
PULASKI AND 79TH,2492,7900 S PULASKI ROAD,03/19/2017,2,1151054.87395657,1851842.663854121,41.749339,-87.722052091,"(41.74933900008238, -87.72205209091501)"
87TH AND VINCENNES,2413,848 W 87TH STREET,01/18/2016,12,1172002.531006759,1847197.326168367,41.736157546,-87.6454274,"(41.73615754630335, -87.64542740049411)"
PULASKI AND CHICAGO,1982,800 N PULASKI ROAD,04/23/2015,1,1149538.444844035,1905079.034990625,41.895456457,-87.726230541,"(41.895456456825386, -87.72623054051289)"
LAWRENCE AND CICERO,1041,4800 N CICERO AVE,01/27/2017,4,1143464.651785526,1931490.551883203,41.968048007,-87.747875985,"(41.968048007293845, -87.74787598468126)"
95TH AND STONEY ISLAND,2513,1600 E 95TH STREET,03/29/2015,4,1188537.746187743,1842339.840767953,41.722449457,-87.585003569,"(41.72244945701069, -87.58500356910938)"
SACRAMENTO AND CHICAGO,1812,800 N SACRAMENTO AVEN,05/02/2016,6,1156039.008141929,1905193.084100581,41.895640714,-87.702352328,"(41.89564071387542, -87.70235232767416)"
LAWRENCE AND WESTERN,1192,4800 N WESTERN AVENUE,04/12/2016,3,1159459.622430471,1931821.342623414,41.968640727,-87.689054241,"(41.96864072747715, -87.6890542408374)"
GRAND AND OAK PARK,1523,6800 W GRAND AVENUE,01/30/2015,5,1130668.89526974,1915248.469290467,41.923708193,-87.795300781,"(41.92370819286044, -87.79530078123082)"
95TH AND STONEY ISLAND,2514,1600 E 95TH STREET,11/23/2015,7,1188537.746187743,1842339.840767953,41.722449457,-87.585003569,"(41.72244945701069, -87.58500356910938)"
79TH AND KEDZIE,2442,7900 S KEDZIE AVE,12/02/2014,1,1156378.39667768,1852021.375281577,41.749723972,-87.702539572,"(41.749723971726056, -87.70253957167394)"
PULASKI AND 63RD,2343,4000 W 63RD ST,06/04/2015,4,1150768.346768175,1862564.615405259,41.77876739,-87.722823195,"(41.778767390084305, -87.72282319530368)"
RIDGE AND CLARK,1052,5930 N CLARK STREET,08/16/2015,4,1164554.784723473,1939388.511516442,41.98929863,-87.670104121,"(41.98929863013193, -87.67010412112992)"
GRAND AND OAK PARK,1523,6800 W GRAND AVENUE,09/17/2015,6,1130668.89526974,1915248.469290467,41.923708193,-87.795300781,"(41.92370819286044, -87.79530078123082)"
95TH AND STONEY ISLAND,2513,1600 E 95TH STREET,08/12/2014,6,1188537.746187743,1842339.840767953,41.722449457,-87.585003569,"(41.72244945701069, -87.58500356910938)"
GRAND AND OAK PARK,1524,6800 W GRAND AVENUE,08/31/2014,3,1130668.89526974,1915248.469290467,41.923708193,-87.795300781,"(41.92370819286044, -87.79530078123082)"
CICERO AND DIVERSEY,1691,2800 N CICERO AVENUE,07/21/2014,5,1143863.647574835,1918202.018463414,41.931575608,-87.746743301,"(41.93157560844622, -87.74674330113561)"
HALSTED AND DIVISION,1711,1200 N HALSTED,10/10/2015,10,1170746.639428735,1908242.256010774,41.903698308,-87.648245351,"(41.90369830765008, -87.64824535062563)"
LAWRENCE AND WESTERN,1192,4800 N WESTERN AVENUE,09/15/2014,5,1159459.622430471,1931821.342623414,41.968640727,-87.689054241,"(41.96864072747715, -87.6890542408374)"
PULASKI AND FULLERTON,1484,4000 W FULLERTON AVE,08/03/2016,7,1149303.081963737,1915695.275222648,41.924593022,-87.726819268,"(41.92459302175305, -87.7268192684032)"
GARFIELD AND ASHLAND,2274,1600 W GARFIELD BLVD,07/27/2014,4,1166593.072608676,1868281.842213365,41.79413322,-87.664645263,"(41.79413322022423, -87.66464526320254)"
HALSTED AND DIVISION,1711,1200 N HALSTED,11/07/2016,12,1170746.639428735,1908242.256010774,41.903698308,-87.648245351,"(41.90369830765008, -87.64824535062563)"
MADISON AND WESTERN,1934,2400 W MADISON,12/27/2016,3,1160384.621277157,1899988.655722373,41.881270504,-87.68653594,"(41.88127050428818, -87.68653594017124)"
HALSTED AND DIVISION,1711,1200 N HALSTED,03/21/2015,7,1170746.639428735,1908242.256010774,41.903698308,-87.648245351,"(41.90369830765008, -87.64824535062563)"
87TH AND VINCENNES,2413,848 W 87TH STREET,10/21/2015,12,1172002.531006759,1847197.326168367,41.736157546,-87.6454274,"(41.73615754630335, -87.64542740049411)"
SACRAMENTO AND CHICAGO,1812,800 N SACRAMENTO AVEN,01/17/2016,3,1156039.008141929,1905193.084100581,41.895640714,-87.702352328,"(41.89564071387542, -87.70235232767416)"
AUSTIN AND ADDISON,1493,6000 W ADDISON STREET,03/24/2015,3,1135698.173154422,1923360.229527805,41.945879676,-87.776627421,"(41.94587967559099, -87.77662742093737)"
ASHLAND AND DIVISION,1793,1600 W DIVISION STREET,07/06/2016,6,1165489.684200442,1908112.312963909,41.903455316,-87.667558994,"(41.903455316483814, -87.66755899396976)"
LAWRENCE AND CICERO,1041,4800 N CICERO AVE,02/05/2017,3,1143464.651785526,1931490.551883203,41.968048007,-87.747875985,"(41.968048007293845, -87.74787598468126)"
WESTERN AND MARQUETTE,2674,2400 W MARQUETTE ROAD,10/10/2015,6,1161509.889315231,1860208.627404126,41.772086214,-87.683508858,"(41.772086214104526, -87.68350885781568)"
87TH AND VINCENNES,2413,848 W 87TH STREET,12/04/2015,11,1172002.531006759,1847197.326168367,41.736157546,-87.6454274,"(41.73615754630335, -87.64542740049411)"
IRVING PARK AND KEDZIE,1354,3200 W IRVING PARK ROAD,03/17/2017,3,1154325.140302006,1926458.463197156,41.954029047,-87.708077494,"(41.95402904691877, -87.70807749383191)"
RIDGE AND CLARK,1052,5930 N CLARK STREET,03/02/2017,3,1164554.784723473,1939388.511516442,41.98929863,-87.670104121,"(41.98929863013193, -87.67010412112992)"
GRAND AND OAK PARK,1523,6800 W GRAND AVENUE,03/16/2017,9,1130668.89526974,1915248.469290467,41.923708193,-87.795300781,"(41.92370819286044, -87.79530078123082)"
PULASKI AND CHICAGO,1982,800 N PULASKI ROAD,04/24/2015,2,1149538.444844035,1905079.034990625,41.895456457,-87.726230541,"(41.895456456825386, -87.72623054051289)"
MADISON AND WESTERN,1934,2400 W MADISON,08/12/2016,3,1160384.621277157,1899988.655722373,41.881270504,-87.68653594,"(41.88127050428818, -87.68653594017124)"
87TH AND VINCENNES,2413,848 W 87TH STREET,04/06/2016,14,1172002.531006759,1847197.326168367,41.736157546,-87.6454274,"(41.73615754630335, -87.64542740049411)"
GRAND AND OAK PARK,1523,6800 W GRAND AVENUE,01/03/2015,9,1130668.89526974,1915248.469290467,41.923708193,-87.795300781,"(41.92370819286044, -87.79530078123082)"
GRAND AND OAK PARK,1524,6800 W GRAND AVENUE,07/31/2014,1,1130668.89526974,1915248.469290467,41.923708193,-87.795300781,"(41.92370819286044, -87.79530078123082)"
PULASKI AND CHICAGO,1982,800 N PULASKI ROAD,06/07/2016,1,1149538.444844035,1905079.034990625,41.895456457,-87.726230541,"(41.895456456825386, -87.72623054051289)"
PULASKI AND FULLERTON,1484,4000 W FULLERTON AVE,08/14/2015,1,1149303.081963737,1915695.275222648,41.924593022,-87.726819268,"(41.92459302175305, -87.7268192684032)"
LAWRENCE AND CICERO,1041,4800 N CICERO AVE,09/25/2015,8,1143464.651785526,1931490.551883203,41.968048007,-87.747875985,"(41.968048007293845, -87.74787598468126)"
AUSTIN AND ADDISON,1493,6000 W ADDISON STREET,06/12/2015,2,1135698.173154422,1923360.229527805,41.945879676,-87.776627421,"(41.94587967559099, -87.77662742093737)"
PETERSON AND WESTERN,1011,6000 N WESTERN AVE,10/21/2016,3,1159190.625032041,1939816.75471116,41.990586042,-87.689822473,"(41.99058604241958, -87.68982247294417)"
MADISON AND WESTERN,1934,2400 W MADISON,02/01/2017,3,1160384.621277157,1899988.655722373,41.881270504,-87.68653594,"(41.88127050428818, -87.68653594017124)"
87TH AND VINCENNES,2413,848 W 87TH STREET,07/01/2015,8,1172002.531006759,1847197.326168367,41.736157546,-87.6454274,"(41.73615754630335, -87.64542740049411)"
PULASKI AND 63RD,2343,4000 W 63RD ST,09/28/2015,3,1150768.346768175,1862564.615405259,41.77876739,-87.722823195,"(41.778767390084305, -87.72282319530368)"
PULASKI AND BELMONT,1383,4000 W BELMONT AVE,08/24/2014,3,1149131.866894851,1921018.50498026,41.93920375,-87.727310134,"(41.93920374986553, -87.72731013414392)"
PULASKI AND BELMONT,1383,4000 W BELMONT AVE,03/13/2016,7,1149131.866894851,1921018.50498026,41.93920375,-87.727310134,"(41.93920374986553, -87.72731013414392)"
PULASKI AND 63RD,2343,4000 W 63RD ST,10/14/2016,3,1150768.346768175,1862564.615405259,41.77876739,-87.722823195,"(41.778767390084305, -87.72282319530368)"
ARCHER AND CICERO,2084,5400 S ARCHER AVE,04/14/2015,6,1145209.426392053,1869810.657411975,41.798758208,-87.743020541,"(41.798758207843264, -87.74302054146467)"
SACRAMENTO AND CHICAGO,1812,800 N SACRAMENTO AVEN,03/13/2015,6,1156039.008141929,1905193.084100581,41.895640714,-87.702352328,"(41.89564071387542, -87.70235232767416)"
PULASKI AND 63RD,2343,4000 W 63RD ST,04/26/2015,2,1150768.346768175,1862564.615405259,41.77876739,-87.722823195,"(41.778767390084305, -87.72282319530368)"
95TH AND STONEY ISLAND,2513,1600 E 95TH STREET,11/06/2015,5,1188537.746187743,1842339.840767953,41.722449457,-87.585003569,"(41.72244945701069, -87.58500356910938)"
PETERSON AND WESTERN,1011,6000 N WESTERN AVE,01/23/2016,5,1159190.625032041,1939816.75471116,41.990586042,-87.689822473,"(41.99058604241958, -87.68982247294417)"
CALIFORNIA AND DIVERSEY,1511,2800 N CALIFORNIA AVE,12/10/2015,2,1157189.355049829,1918495.644754069,41.932120719,-87.6977653,"(41.93212071910647, -87.69776530036465)"
CALIFORNIA AND DIVERSEY,1511,2800 N CALIFORNIA AVE,10/22/2015,5,1157189.355049829,1918495.644754069,41.932120719,-87.6977653,"(41.93212071910647, -87.69776530036465)"
RIDGE AND CLARK,1052,5930 N CLARK STREET,05/11/2017,4,1164554.784723473,1939388.511516442,41.98929863,-87.670104121,"(41.98929863013193, -87.67010412112992)"
ASHLAND AND DIVISION,1793,1600 W DIVISION STREET,10/22/2016,3,1165489.684200442,1908112.312963909,41.903455316,-87.667558994,"(41.903455316483814, -87.66755899396976)"
AUSTIN AND IRVING PARK,1163,6000 W IRVING PARK ROAD,12/04/2014,1,1135622.402636023,1926014.192063646,41.953163772,-87.776842593,"(41.95316377185154, -87.77684259284736)"
CENTRAL AND LAKE,1743,5600 W LAKE STREET,03/17/2017,3,1138951.495695032,1902230.510465733,41.887838735,-87.765183663,"(41.887838735330206, -87.76518366338465)"
CALIFORNIA AND DIVERSEY,1511,2800 N CALIFORNIA AVE,08/30/2016,4,1157189.355049829,1918495.644754069,41.932120719,-87.6977653,"(41.93212071910647, -87.69776530036465)"
SACRAMENTO AND CHICAGO,1812,800 N SACRAMENTO AVEN,11/23/2016,4,1156039.008141929,1905193.084100581,41.895640714,-87.702352328,"(41.89564071387542, -87.70235232767416)"
PULASKI AND CHICAGO,1982,800 N PULASKI ROAD,01/10/2017,3,1149538.444844035,1905079.034990625,41.895456457,-87.726230541,"(41.895456456825386, -87.72623054051289)"
31ST AND CALIFORNIA,2061,3100 S CALIFORNIA,11/04/2014,2,1158151.943135347,1883939.950079683,41.83727705,-87.695172247,"(41.837277050366296, -87.69517224651918)"
PULASKI AND FULLERTON,1481,2400 N PULASKI RD,07/06/2014,2,1149275.963864089,1915687.631931757,41.924572574,-87.726919111,"(41.92457257416937, -87.72691911144182)"
CENTRAL AND CHICAGO,1973,5600 W CHICAGO AVENUE,05/30/2017,3,1138858.856732452,1904825.827586656,41.894962293,-87.765460791,"(41.89496229349977, -87.76546079122906)"
KEDZIE AND 47TH,2101,4700 S KEDZIE AVE,11/12/2016,13,1155791.949302478,1873270.778481327,41.808047272,-87.704118822,"(41.80804727165029, -87.70411882229871)"
MADISON AND CENTRAL,1754,5600 W MADISON STREET,01/12/2015,4,1139033.690528149,1899503.712147867,41.880354556,-87.764948136,"(41.88035455632559, -87.76494813634785)"
SACRAMENTO AND CHICAGO,1812,800 N SACRAMENTO AVEN,01/19/2015,3,1156039.008141929,1905193.084100581,41.895640714,-87.702352328,"(41.89564071387542, -87.70235232767416)"
RIDGE AND CLARK,1052,5930 N CLARK STREET,12/26/2014,1,1164554.784723473,1939388.511516442,41.98929863,-87.670104121,"(41.98929863013193, -87.67010412112992)"
PULASKI AND 63RD,2343,4000 W 63RD ST,05/07/2015,1,1150768.346768175,1862564.615405259,41.77876739,-87.722823195,"(41.778767390084305, -87.72282319530368)"
RIDGE AND CLARK,1052,5930 N CLARK STREET,09/13/2014,2,1164554.784723473,1939388.511516442,41.98929863,-87.670104121,"(41.98929863013193, -87.67010412112992)"
BLUE ISLAND AND DAMEN,2281,2416 S DAMEN AVENUE,09/24/2014,5,1163378.697434511,1887916.370760201,41.848080596,-87.675881338,"(41.84808059558783, -87.67588133802435)"
RIDGE AND CLARK,1051,5930 N CLARK STREET,09/04/2016,9,1164554.784723473,1939388.511516442,41.98929863,-87.670104121,"(41.98929863013193, -87.67010412112992)"
HALSTED AND NORTH,1764,800 W NORTH AVENUE,05/30/2017,1,1170700.68422007,1910913.190749698,41.91102851,-87.648335806,"(41.91102850981186, -87.64833580602037)"
RIDGE AND CLARK,1051,5930 N CLARK STREET,06/14/2016,19,1164554.784723473,1939388.511516442,41.98929863,-87.670104121,"(41.98929863013193, -87.67010412112992)"
PULASKI AND BELMONT,1383,4000 W BELMONT AVE,10/03/2016,1,1149131.866894851,1921018.50498026,41.93920375,-87.727310134,"(41.93920374986553, -87.72731013414392)"
PULASKI AND 79TH,2494,4000 W 79TH STREET,07/24/2014,3,1151074.116357501,1851966.830243835,41.749679359,-87.721978345,"(41.74967935883473, -87.72197834524168)"
GRAND AND OAK PARK,1524,6800 W GRAND AVENUE,12/17/2014,19,1130668.89526974,1915248.469290467,41.923708193,-87.795300781,"(41.92370819286044, -87.79530078123082)"
PULASKI AND BELMONT,1383,4000 W BELMONT AVE,01/17/2016,1,1149131.866894851,1921018.50498026,41.93920375,-87.727310134,"(41.93920374986553, -87.72731013414392)"
SACRAMENTO AND CHICAGO,1812,800 N SACRAMENTO AVEN,03/19/2016,9,1156039.008141929,1905193.084100581,41.895640714,-87.702352328,"(41.89564071387542, -87.70235232767416)"
ARCHER/NARRAGANSETT AND 55TH,2073,6400 W ARCHER AVE,12/08/2014,8,1134629.248133949,1867443.543796524,41.792455256,-87.78187685,"(41.79245525550523, -87.78187684987694)"
ARCHER AND CICERO,2084,5400 S ARCHER AVE,03/23/2015,3,1145209.426392053,1869810.657411975,41.798758208,-87.743020541,"(41.798758207843264, -87.74302054146467)"
PULASKI AND MONTROSE,1292,4400 N PULASKI ROAD,09/18/2014,2,1148894.146173785,1928968.481843755,41.961023721,-87.727977456,"(41.961023721270585, -87.72797745595682)"
CICERO AND DIVERSEY,1691,2800 N CICERO AVENUE,10/22/2015,2,1143863.647574835,1918202.018463414,41.931575608,-87.746743301,"(41.93157560844622, -87.74674330113561)"
HALSTED AND DIVISION,1711,1200 N HALSTED,11/19/2014,7,1170746.639428735,1908242.256010774,41.903698308,-87.648245351,"(41.90369830765008, -87.64824535062563)"
SACRAMENTO AND CHICAGO,1812,800 N SACRAMENTO AVEN,03/20/2017,5,1156039.008141929,1905193.084100581,41.895640714,-87.702352328,"(41.89564071387542, -87.70235232767416)"
PULASKI AND CHICAGO,1982,800 N PULASKI ROAD,01/20/2016,1,1149538.444844035,1905079.034990625,41.895456457,-87.726230541,"(41.895456456825386, -87.72623054051289)"
PULASKI AND FULLERTON,1484,4000 W FULLERTON AVE,03/06/2015,4,1149303.081963737,1915695.275222648,41.924593022,-87.726819268,"(41.92459302175305, -87.7268192684032)"
AUSTIN AND IRVING PARK,1163,6000 W IRVING PARK ROAD,07/23/2016,3,1135622.402636023,1926014.192063646,41.953163772,-87.776842593,"(41.95316377185154, -87.77684259284736)"
PULASKI AND 63RD,2343,4000 W 63RD ST,04/12/2017,2,1150768.346768175,1862564.615405259,41.77876739,-87.722823195,"(41.778767390084305, -87.72282319530368)"
PULASKI AND CHICAGO,1982,800 N PULASKI ROAD,02/08/2015,3,1149538.444844035,1905079.034990625,41.895456457,-87.726230541,"(41.895456456825386, -87.72623054051289)"
LAWRENCE AND CICERO,1041,4800 N CICERO AVE,10/24/2016,10,1143464.651785526,1931490.551883203,41.968048007,-87.747875985,"(41.968048007293845, -87.74787598468126)"
GRAND AND OAK PARK,1523,6800 W GRAND AVENUE,04/13/2017,4,1130668.89526974,1915248.469290467,41.923708193,-87.795300781,"(41.92370819286044, -87.79530078123082)"
PULASKI AND 63RD,2343,4000 W 63RD ST,08/24/2015,2,1150768.346768175,1862564.615405259,41.77876739,-87.722823195,"(41.778767390084305, -87.72282319530368)"
WESTERN AND MARQUETTE,2674,2400 W MARQUETTE ROAD,02/09/2017,1,1161509.889315231,1860208.627404126,41.772086214,-87.683508858,"(41.772086214104526, -87.68350885781568)"
PETERSON AND WESTERN,1011,6000 N WESTERN AVE,05/26/2015,5,1159190.625032041,1939816.75471116,41.990586042,-87.689822473,"(41.99058604241958, -87.68982247294417)"
GRAND AND OAK PARK,1523,6800 W GRAND AVENUE,06/09/2015,7,1130668.89526974,1915248.469290467,41.923708193,-87.795300781,"(41.92370819286044, -87.79530078123082)"
PULASKI AND BELMONT,1383,4000 W BELMONT AVE,03/15/2016,1,1149131.866894851,1921018.50498026,41.93920375,-87.727310134,"(41.93920374986553, -87.72731013414392)"
PULASKI AND BELMONT,1383,4000 W BELMONT AVE,01/04/2015,1,1149131.866894851,1921018.50498026,41.93920375,-87.727310134,"(41.93920374986553, -87.72731013414392)"
GRAND AND OAK PARK,1524,6800 W GRAND AVENUE,02/28/2017,2,1130668.89526974,1915248.469290467,41.923708193,-87.795300781,"(41.92370819286044, -87.79530078123082)"
BROADWAY/SHERIDAN AND DEVON,1123,1200 W DEVON AVE,03/17/2017,4,1167109.644248166,1942688.147952186,41.998298228,-87.660611661,"(41.99829822771884, -87.66061166063517)"
PULASKI AND BELMONT,1383,4000 W BELMONT AVE,01/09/2016,1,1149131.866894851,1921018.50498026,41.93920375,-87.727310134,"(41.93920374986553, -87.72731013414392)"
PULASKI AND 63RD,2343,4000 W 63RD ST,03/26/2016,6,1150768.346768175,1862564.615405259,41.77876739,-87.722823195,"(41.778767390084305, -87.72282319530368)"
PULASKI AND 63RD,2343,4000 W 63RD ST,02/17/2017,1,1150768.346768175,1862564.615405259,41.77876739,-87.722823195,"(41.778767390084305, -87.72282319530368)"
AUSTIN AND IRVING PARK,1163,6000 W IRVING PARK ROAD,12/03/2016,2,1135622.402636023,1926014.192063646,41.953163772,-87.776842593,"(41.95316377185154, -87.77684259284736)"
CALIFORNIA AND DIVERSEY,1511,2800 N CALIFORNIA AVE,12/15/2014,2,1157189.355049829,1918495.644754069,41.932120719,-87.6977653,"(41.93212071910647, -87.69776530036465)"
RIDGE AND CLARK,1052,5930 N CLARK STREET,10/18/2014,3,1164554.784723473,1939388.511516442,41.98929863,-87.670104121,"(41.98929863013193, -87.67010412112992)"
PULASKI AND CHICAGO,1982,800 N PULASKI ROAD,10/12/2016,2,1149538.444844035,1905079.034990625,41.895456457,-87.726230541,"(41.895456456825386, -87.72623054051289)"
AUSTIN AND ADDISON,1493,6000 W ADDISON STREET,08/20/2016,4,1135698.173154422,1923360.229527805,41.945879676,-87.776627421,"(41.94587967559099, -87.77662742093737)"
KEDZIE AND 47TH,2101,4700 S KEDZIE AVE,11/06/2014,4,1155791.949302478,1873270.778481327,41.808047272,-87.704118822,"(41.80804727165029, -87.70411882229871)"
LAWRENCE AND WESTERN,1192,4800 N WESTERN AVENUE,03/20/2015,1,1159459.622430471,1931821.342623414,41.968640727,-87.689054241,"(41.96864072747715, -87.6890542408374)"
WESTERN AND 63RD,2371,6300 S WESTERN AVE,07/30/2014,7,1161415.712688877,1862772.38856596,41.779123484,-87.683783099,"(41.77912348383963, -87.68378309863576)"
AUSTIN AND ADDISON,1493,6000 W ADDISON STREET,01/09/2017,1,1135698.173154422,1923360.229527805,41.945879676,-87.776627421,"(41.94587967559099, -87.77662742093737)"
RIDGE AND CLARK,1052,5930 N CLARK STREET,06/12/2016,4,1164554.784723473,1939388.511516442,41.98929863,-87.670104121,"(41.98929863013193, -87.67010412112992)"
WESTERN AND MARQUETTE,2674,2400 W MARQUETTE ROAD,01/06/2017,6,1161509.889315231,1860208.627404126,41.772086214,-87.683508858,"(41.772086214104526, -87.68350885781568)"
PULASKI AND 79TH,2494,4000 W 79TH STREET,11/02/2014,1,1151074.116357501,1851966.830243835,41.749679359,-87.721978345,"(41.74967935883473, -87.72197834524168)"
LAWRENCE AND CICERO,1041,4800 N CICERO AVE,04/13/2016,4,1143464.651785526,1931490.551883203,41.968048007,-87.747875985,"(41.968048007293845, -87.74787598468126)"
LAWRENCE AND WESTERN,1192,4800 N WESTERN AVENUE,09/22/2014,5,1159459.622430471,1931821.342623414,41.968640727,-87.689054241,"(41.96864072747715, -87.6890542408374)"
PETERSON AND WESTERN,1011,6000 N WESTERN AVE,06/26/2016,7,1159190.625032041,1939816.75471116,41.990586042,-87.689822473,"(41.99058604241958, -87.68982247294417)"
PULASKI AND CHICAGO,1982,800 N PULASKI ROAD,09/04/2014,1,1149538.444844035,1905079.034990625,41.895456457,-87.726230541,"(41.895456456825386, -87.72623054051289)"
WESTERN AND MARQUETTE,2674,2400 W MARQUETTE ROAD,04/25/2016,5,1161509.889315231,1860208.627404126,41.772086214,-87.683508858,"(41.772086214104526, -87.68350885781568)"
WESTERN AND 63RD,2371,6300 S WESTERN AVE,07/27/2014,2,1161415.712688877,1862772.38856596,41.779123484,-87.683783099,"(41.77912348383963, -87.68378309863576)"
MADISON AND WESTERN,1934,2400 W MADISON,03/09/2017,4,1160384.621277157,1899988.655722373,41.881270504,-87.68653594,"(41.88127050428818, -87.68653594017124)"
95TH AND STONEY ISLAND,2514,1600 E 95TH STREET,04/09/2015,8,1188537.746187743,1842339.840767953,41.722449457,-87.585003569,"(41.72244945701069, -87.58500356910938)"
95TH AND STONEY ISLAND,2514,1600 E 95TH STREET,07/20/2014,10,1188537.746187743,1842339.840767953,41.722449457,-87.585003569,"(41.72244945701069, -87.58500356910938)"
ARCHER AND CICERO,2084,5400 S ARCHER AVE,07/03/2015,2,1145209.426392053,1869810.657411975,41.798758208,-87.743020541,"(41.798758207843264, -87.74302054146467)"
KEDZIE AND 47TH,2101,4700 S KEDZIE AVE,09/24/2016,6,1155791.949302478,1873270.778481327,41.808047272,-87.704118822,"(41.80804727165029, -87.70411882229871)"
95TH AND STONEY ISLAND,2514,1600 E 95TH STREET,08/27/2014,9,1188537.746187743,1842339.840767953,41.722449457,-87.585003569,"(41.72244945701069, -87.58500356910938)"
ASHLAND AND DIVISION,1793,1600 W DIVISION STREET,11/29/2015,2,1165489.684200442,1908112.312963909,41.903455316,-87.667558994,"(41.903455316483814, -87.66755899396976)"
KIMBALL AND LINCOLN,2741,6200 N KIMBALL AVENUE,02/14/2015,1,1152543.355058345,1940954.1008022,41.993841437,-87.714242493,"(41.99384143707685, -87.71424249302686)"
95TH AND STONEY ISLAND,2514,1600 E 95TH STREET,12/16/2014,4,1188537.746187743,1842339.840767953,41.722449457,-87.585003569,"(41.72244945701069, -87.58500356910938)"
COTTAGE GROVE AND 95TH,2602,9500 S COTTAGE GROVE,12/18/2014,2,1183531.307692447,1842122.302108743,41.721970465,-87.60334804,"(41.72197046522736, -87.60334804007711)"
CALIFORNIA AND DIVERSEY,1511,2800 N CALIFORNIA AVE,04/04/2016,1,1157189.355049829,1918495.644754069,41.932120719,-87.6977653,"(41.93212071910647, -87.69776530036465)"
GARFIELD AND ASHLAND,2274,1600 W GARFIELD BLVD,09/15/2014,3,1166593.072608676,1868281.842213365,41.79413322,-87.664645263,"(41.79413322022423, -87.66464526320254)"
WESTERN AND MARQUETTE,2674,2400 W MARQUETTE ROAD,04/15/2016,4,1161509.889315231,1860208.627404126,41.772086214,-87.683508858,"(41.772086214104526, -87.68350885781568)"
95TH AND STONEY ISLAND,2514,1600 E 95TH STREET,03/30/2016,7,1188537.746187743,1842339.840767953,41.722449457,-87.585003569,"(41.72244945701069, -87.58500356910938)"
87TH AND VINCENNES,2413,848 W 87TH STREET,07/15/2015,8,1172002.531006759,1847197.326168367,41.736157546,-87.6454274,"(41.73615754630335, -87.64542740049411)"
BLUE ISLAND AND DAMEN,2281,2416 S DAMEN AVENUE,09/18/2014,7,1163378.697434511,1887916.370760201,41.848080596,-87.675881338,"(41.84808059558783, -87.67588133802435)"
ASHLAND AND DIVISION,1793,1600 W DIVISION STREET,10/09/2014,3,1165489.684200442,1908112.312963909,41.903455316,-87.667558994,"(41.903455316483814, -87.66755899396976)"
PULASKI AND 79TH,2494,4000 W 79TH STREET,02/25/2015,1,1151074.116357501,1851966.830243835,41.749679359,-87.721978345,"(41.74967935883473, -87.72197834524168)"
AUSTIN AND IRVING PARK,1163,6000 W IRVING PARK ROAD,11/21/2014,3,1135622.402636023,1926014.192063646,41.953163772,-87.776842593,"(41.95316377185154, -87.77684259284736)"
AUSTIN AND IRVING PARK,1163,6000 W IRVING PARK ROAD,03/17/2015,2,1135622.402636023,1926014.192063646,41.953163772,-87.776842593,"(41.95316377185154, -87.77684259284736)"
PULASKI AND 79TH,2494,4000 W 79TH STREET,10/31/2016,6,1151074.116357501,1851966.830243835,41.749679359,-87.721978345,"(41.74967935883473, -87.72197834524168)"
PULASKI AND FULLERTON,1481,2400 N PULASKI RD,06/07/2015,1,1149275.963864089,1915687.631931757,41.924572574,-87.726919111,"(41.92457257416937, -87.72691911144182)"
RIDGE AND CLARK,1051,5930 N CLARK STREET,12/31/2016,6,1164554.784723473,1939388.511516442,41.98929863,-87.670104121,"(41.98929863013193, -87.67010412112992)"
PULASKI AND BELMONT,1383,4000 W BELMONT AVE,03/11/2017,2,1149131.866894851,1921018.50498026,41.93920375,-87.727310134,"(41.93920374986553, -87.72731013414392)"
WESTERN AND 63RD,2371,6300 S WESTERN AVE,08/14/2014,2,1161415.712688877,1862772.38856596,41.779123484,-87.683783099,"(41.77912348383963, -87.68378309863576)"
PULASKI AND FULLERTON,1484,4000 W FULLERTON AVE,01/30/2017,5,1149303.081963737,1915695.275222648,41.924593022,-87.726819268,"(41.92459302175305, -87.7268192684032)"
PULASKI AND FULLERTON,1484,4000 W FULLERTON AVE,01/28/2017,5,1149303.081963737,1915695.275222648,41.924593022,-87.726819268,"(41.92459302175305, -87.7268192684032)"
PULASKI AND FULLERTON,1481,2400 N PULASKI RD,04/14/2015,1,1149275.963864089,1915687.631931757,41.924572574,-87.726919111,"(41.92457257416937, -87.72691911144182)"
LAWRENCE AND CICERO,1041,4800 N CICERO AVE,02/15/2016,6,1143464.651785526,1931490.551883203,41.968048007,-87.747875985,"(41.968048007293845, -87.74787598468126)"
AUSTIN AND ADDISON,1493,6000 W ADDISON STREET,07/28/2016,1,1135698.173154422,1923360.229527805,41.945879676,-87.776627421,"(41.94587967559099, -87.77662742093737)"
LAWRENCE AND CICERO,1042,4800 N CICERO AVENUE,11/06/2016,3,1143464.651785526,1931490.551883203,41.968048007,-87.747875985,"(41.968048007293845, -87.74787598468126)"
LAWRENCE AND CICERO,1041,4800 N CICERO AVE,06/29/2016,9,1143464.651785526,1931490.551883203,41.968048007,-87.747875985,"(41.968048007293845, -87.74787598468126)"
LAWRENCE AND CICERO,1042,4800 N CICERO AVENUE,04/30/2015,4,1143464.651785526,1931490.551883203,41.968048007,-87.747875985,"(41.968048007293845, -87.74787598468126)"
95TH AND STONEY ISLAND,2514,1600 E 95TH STREET,09/24/2014,8,1188537.746187743,1842339.840767953,41.722449457,-87.585003569,"(41.72244945701069, -87.58500356910938)"
87TH AND VINCENNES,2413,848 W 87TH STREET,09/08/2014,6,1172002.531006759,1847197.326168367,41.736157546,-87.6454274,"(41.73615754630335, -87.64542740049411)"
BLUE ISLAND AND DAMEN,2281,2416 S DAMEN AVENUE,08/08/2014,7,1163378.697434511,1887916.370760201,41.848080596,-87.675881338,"(41.84808059558783, -87.67588133802435)"
