PULASKI AND DIVERSEY,1543,4000 W DIVERSEY AVENUE,12/17/2017,5,1149206.496130705,1918356.569267582,41.931897723,-87.72710503,"(41.9318977231462, -87.72710503045386)"
PULASKI AND 79TH,2494,4000 W 79TH STREET,12/17/2017,1,1151074.116357501,1851966.830243835,41.749679359,-87.721978345,"(41.74967935883473, -87.72197834524168)"
LARAMIE AND MADISON,2043,5200 W MADISON STREET,12/17/2017,2,1141706.965522802,1899567.55684314,41.880480752,-87.755130433,"(41.88048075170171, -87.75513043296509)"
CENTRAL AND FULLERTON,1442,2400 N CENTRAL AVENUE,12/17/2017,1,1138603.468418662,1915431.058212414,41.924068922,-87.766141214,"(41.92406892227644, -87.76614121413186)"
CORTLAND AND ASHLAND,1721,1900 N ASHLAND AVE,12/17/2017,28,1165348.084854857,1912736.454335569,41.916147281,-87.667947354,"(41.91614728095272, -87.66794735350443)"
KEDZIE AND ARMITAGE,1834,3200 W ARMITAGE AVENUE,12/17/2017,1,1154700.851347995,1913153.252187904,41.917511023,-87.707053639,"(41.91751102291878, -87.7070536388797)"
119TH AND HALSTED,2402,11900 S HALSTED,12/17/2017,11,1173094.774616191,1825911.054609338,41.677720829,-87.642051845,"(41.67772082924762, -87.64205184498218)"
HOLLYWOOD AND SHERIDAN,1344,1000 W HOLLYWOOD AVE,12/17/2017,12,1168580.228926466,1938090.295189338,41.985649799,-87.655335807,"(41.98564979859328, -87.65533580655139)"
RIDGE AND CLARK,1052,5930 N CLARK STREET,12/17/2017,2,1164554.784723473,1939388.511516442,41.98929863,-87.670104121,"(41.98929863013193, -87.67010412112992)"
HOMAN/KIMBALL AND NORTH,1771,1600 N HOMAN AVENUE,05/04/2017,2,,,,,
WESTERN AND CHICAGO,1943,2400 W CHICAGO AVE,12/17/2017,1,1160226.686812944,1905300.904544474,41.895851041,-87.686968935,"(41.895851041123755, -87.68696893468467)"
PULASKI AND NORTH,1994,4000 W NORTH AVENUE,12/17/2017,1,1149456.2688422,1910376.774019002,41.909995582,-87.726394693,"(41.90999558160536, -87.72639469321471)"
PULASKI AND 79TH,2492,7900 S PULASKI ROAD,12/17/2017,1,1151054.87395657,1851842.663854121,41.749339,-87.722052091,"(41.74933900008238, -87.72205209091501)"
KOSTNER AND NORTH,2012,4400 W GRAND AVE,12/17/2017,2,1146773.519128439,1910425.663958581,41.91018141,-87.73624887,"(41.910181409597406, -87.73624887040725)"
KEDZIE AND 26TH,2381,2600 S KEDZIE AVENUE,12/17/2017,1,1155404.235510285,1886524.460033054,41.844424831,-87.705185452,"(41.84442483084393, -87.70518545233183)"
ELSTON AND LAWRENCE,1282,4800 N ELSTON AVENUE,12/17/2017,2,1145529.344259918,1931501.601268983,41.968039361,-87.740283894,"(41.96803936143674, -87.74028389448999)"
HOMAN/KIMBALL AND NORTH,1773,3400 W NORTH AVE,12/17/2017,1,1153386.578905125,1910465.87061722,41.910162847,-87.711953868,"(41.91016284680269, -87.71195386769125)"
KEDZIE AND 47TH,2104,3200 W 47TH ST,12/17/2017,4,1155815.231505056,1873336.169728074,41.808226246,-87.704031672,"(41.808226246244026, -87.70403167215984)"
OGDEN AND KOSTNER,2222,2348 S KOSTNER AVENUE,12/17/2017,3,1147394.548182079,1887795.177782082,41.848068845,-87.734547457,"(41.8480688449598, -87.73454745748458)"
31ST ST AND MARTIN LUTHER KING DRIVE,2123,400 E 31ST STREET,12/17/2017,2,1179437.985396417,1884565.84226022,41.838534018,-87.617046113,"(41.838534018118914, -87.61704611345726)"
ASHLAND AND DIVISION,1793,1600 W DIVISION STREET,12/17/2017,4,1165489.684200442,1908112.312963909,41.903455316,-87.667558994,"(41.903455316483814, -87.66755899396976)"
HALSTED AND 95TH,2581,9500 S HALSTED STREET,12/17/2017,7,1172610.538363645,1841811.61926207,41.721365061,-87.643358042,"(41.72136506078306, -87.64335804234075)"
CANAL AND ROOSEVELT,2291,1200 S CANAL STREET,12/24/2016,7,1173268.771030949,1894952.634878732,41.867175125,-87.639375813,"(41.86717512472001, -87.63937581258092)"
STATE AND 79TH,2651,7900 S STATE STREET,12/17/2017,6,1177618.166929966,1852621.870232838,41.750918138,-87.624690123,"(41.7509181383154, -87.62469012251644)"
PULASKI AND FULLERTON,1481,2400 N PULASKI RD,12/17/2017,2,1149275.963864089,1915687.631931757,41.924572574,-87.726919111,"(41.92457257416937, -87.72691911144182)"
ELSTON AND IRVING PARK,1503,3700 W IRVING PARK ROA,12/17/2017,3,,,,,
CALIFORNIA AND DIVERSEY,1513,2800 W DIVERSEY,12/17/2017,2,1157212.54253358,1918526.674434943,41.932205395,-87.697679244,"(41.93220539506452, -87.6976792438691)"
PULASKI AND DIVISION,1802,1200 N PULASKI ROAD,12/17/2017,2,1149459.590666926,1907723.219884254,41.902713902,-87.726451457,"(41.902713901936174, -87.72645145715836)"
COTTAGE GROVE AND 71ST,2571,7100 S COTTAGE GROVE,12/17/2017,2,1182746.23698699,1858088.011064538,41.765800351,-87.605729127,"(41.76580035131893, -87.6057291269901)"
CENTRAL AND LAKE,1742,400 N CENTRAL AVENUE,12/17/2017,7,1138928.478257537,1902217.926149854,41.887804621,-87.765268498,"(41.88780462053497, -87.76526849810371)"
CICERO AND WASHINGTON,1891,100 N CICERO AVENUE,12/17/2017,5,1144328.984091479,1900095.170838459,41.88187971,-87.745489247,"(41.88187970991601, -87.7454892473012)"
PULASKI AND BELMONT,1383,4000 W BELMONT AVE,12/17/2017,1,1149131.866894851,1921018.50498026,41.93920375,-87.727310134,"(41.93920374986553, -87.72731013414392)"
IRVING PARK AND LARAMIE,1534,5200 W IRVING PARK ROA,12/17/2017,2,,,,,
CERMAK AND PULASKI,2332,2200 S PULASKI,12/17/2017,3,1150012.876838243,1889071.75851865,41.851521442,-87.724904787,"(41.85152144233116, -87.7249047867499)"
KOSTNER AND NORTH,2013,4400 W NORTH,12/17/2017,4,1146738.551618032,1910309.595368032,41.909863573,-87.736380296,"(41.90986357340246, -87.73638029605371)"
79TH AND HALSTED,2541,7900 S HALSTED STREET,12/17/2017,3,1172298.707400847,1852444.344822186,41.750549559,-87.644188368,"(41.750549559438944, -87.64418836784098)"
BROADWAY/SHERIDAN AND DEVON,1123,1200 W DEVON AVE,12/24/2016,3,1167109.644248166,1942688.147952186,41.998298228,-87.660611661,"(41.99829822771884, -87.66061166063517)"
CICERO AND NORTH,2034,4800 W NORTH AVENUE,12/17/2017,4,1144053.733747163,1910243.80567041,41.90973389,-87.746244973,"(41.909733890131285, -87.74624497295898)"
ASHLAND AND FULLERTON,1652,2400 N ASHLAND AVENUE,12/17/2017,11,1165228.073342838,1916032.319169157,41.92519389,-87.668294363,"(41.92519388981048, -87.66829436339881)"
PULASKI AND CHICAGO,1983,4000 W CHICAGO AVENUE,12/17/2017,13,1149561.855939692,1905086.596446259,41.895476752,-87.72614436,"(41.89547675163723, -87.72614435991626)"
35TH AND WESTERN,2092,3500 S WESTERN,12/17/2017,4,1160894.949857101,1881376.851112895,41.830187255,-87.685177925,"(41.83018725526863, -87.68517792510231)"
SHERIDAN AND FOSTER,1132,5200 N SHERIDAN ROAD,12/17/2017,2,1168661.623718229,1934753.842272756,41.976492721,-87.655133605,"(41.97649272077833, -87.65513360456677)"
COLUMBUS AND ILLINOIS,1952,500 N COLUMBUS DRIVE,12/17/2017,1,1178372.808407292,1903693.06016042,41.891044569,-87.620371839,"(41.891044569124276, -87.620371839074)"
WESTERN AND MARQUETTE,2672,6700 S WESTERN AVENUE,12/17/2017,4,1161488.747635042,1860134.788366884,41.771884028,-87.683588402,"(41.77188402771193, -87.68358840206334)"
LAFAYETTE AND 87TH,2502,8700 S LAFAYETTE AVEN,12/17/2017,15,1177417.493180297,1847243.988223464,41.73616511,-87.625587569,"(41.73616511008592, -87.62558756899932)"
DIVERSEY AND WESTERN,1434,2400 W DIVERSEY AVENUE,12/17/2017,3,1159859.648423836,1918576.255784305,41.932287183,-87.687950093,"(41.93228718299094, -87.6879500934122)"
ASHLAND AND IRVING PARK,1153,1600 W IRVING PARK ROA,12/17/2017,3,,,,,
PULASKI AND CHICAGO,1982,800 N PULASKI ROAD,12/17/2017,1,1149538.444844035,1905079.034990625,41.895456457,-87.726230541,"(41.895456456825386, -87.72623054051289)"
63RD AND STATE,2714,1 E 63RD ST,12/17/2017,2,1177367.518733101,1863199.17768559,41.779949105,-87.625289553,"(41.779949104569106, -87.62528955333775)"
CENTRAL AND CHICAGO,1973,5600 W CHICAGO AVENUE,12/17/2017,3,1138858.856732452,1904825.827586656,41.894962293,-87.765460791,"(41.89496229349977, -87.76546079122906)"
HALSTED AND NORTH,1764,800 W NORTH AVENUE,12/17/2017,9,1170700.68422007,1910913.190749698,41.91102851,-87.648335806,"(41.91102850981186, -87.64833580602037)"
BROADWAY/SHERIDAN AND DEVON,1123,1200 W DEVON AVE,12/17/2017,5,1167109.644248166,1942688.147952186,41.998298228,-87.660611661,"(41.99829822771884, -87.66061166063517)"
PULASKI AND 63RD,2343,4000 W 63RD ST,12/17/2017,1,1150768.346768175,1862564.615405259,41.77876739,-87.722823195,"(41.778767390084305, -87.72282319530368)"
KEDZIE AND 31ST,2132,3100 S KEDZIE AVENUE,12/25/2016,6,1155483.167539854,1883867.660503274,41.837132671,-87.704967115,"(41.837132671422296, -87.70496711478727)"
WESTERN AND FOSTER,1074,2400 W FOSTER AVE,12/17/2017,3,1159379.402846887,1934502.712486132,41.97600019,-87.689275084,"(41.97600018976586, -87.68927508385399)"
LAKE SHORE DR AND BELMONT,1413,400 W BELMONT AVE,12/17/2017,36,1172981.744869382,1921577.376128802,41.940241193,-87.639639114,"(41.94024119325571, -87.63963911427594)"
STONY ISLAND/CORNELL AND 67TH,2721,6700 S STONY ISLAND A,12/17/2017,5,1187984.143047539,1860863.338367666,41.773292896,-87.586442368,"(41.77329289585066, -87.58644236831432)"
CICERO AND PETERSON,1202,6000 N CICERO AVENUE,12/17/2017,4,1143247.733553094,1939479.342905704,41.989973915,-87.748473024,"(41.98997391514614, -87.74847302426933)"
ASHLAND AND LAWRENCE,1142,4800 N ASHLAND AVENUE,12/17/2017,2,1164751.686785145,1932001.206626392,41.96902343,-87.669590434,"(41.969023429614026, -87.66959043354217)"
55TH and PULASKI,2242,5500 S PULASKI,12/17/2017,1,1150600.072649439,1867806.44512718,41.793155061,-87.723303765,"(41.793155060731024, -87.72330376464247)"
WESTERN AND FOSTER,1072,5200 N WESTERN AVE,12/17/2017,6,1159372.922497116,1934478.313674003,41.975933372,-87.689299589,"(41.97593337199358, -87.6892995891816)"
MILWAUKEE AND DEVON,1272,6400 N MILWAUKEE AVEN,12/17/2017,3,1132463.750397878,1942107.911507627,41.997382173,-87.788077674,"(41.99738217345368, -87.78807767391953)"
SACRAMENTO AND LAKE,1822,150 N SACRAMENTO BOUL,12/17/2017,3,1156319.560664766,1900957.489351962,41.884012178,-87.701436479,"(41.88401217771363, -87.7014364786693)"
35TH AND WESTERN,2091,3500 S WESTERN,12/17/2017,1,1160894.949857101,1881376.851112895,41.830187255,-87.685177925,"(41.83018725526863, -87.68517792510231)"
IRVING PARK AND NARRAGANSETT,1024,6400 W IRVING PK,12/17/2017,10,1132945.939118726,1925946.304925137,41.953024751,-87.786683238,"(41.95302475075328, -87.78668323766634)"
STONEY ISLAND AND 79TH,2462,7900 S STONEY ISLAND,12/17/2017,2,1188181.571068297,1852908.934789311,41.751460603,-87.585971993,"(41.75146060316686, -87.5859719929647)"
FOSTER AND BROADWAY,1113,1200 W FOSTER AVE,12/17/2017,1,1167357.095930752,1934721.393266777,41.97643192,-87.659931806,"(41.97643192018459, -87.65993180604016)"
JEFFERY AND 95TH,2523,2000 E 95TH ST,12/17/2017,4,1191188.381103057,1842410.411853539,41.722579473,-87.575292523,"(41.722579473126416, -87.57529252250366)"
CICERO AND NORTH,2033,4800 W NORTH AVENUE,12/17/2017,7,1144053.733747163,1910243.80567041,41.90973389,-87.746244973,"(41.909733890131285, -87.74624497295898)"
VAN BUREN AND WESTERN,2052,400 S WESTERN AVENUE,12/17/2017,34,1160431.682297829,1898091.942371589,41.876064776,-87.686415631,"(41.87606477642526, -87.68641563098768)"
WESTERN AND CERMAK,1003,2400 W CERMAK ROAD,12/17/2017,2,1160678.000607329,1889375.645335924,41.852141307,-87.685752642,"(41.85214130680468, -87.6857526415569)"
CICERO AND CHICAGO,1783,4800 W CHICAGO AVENUE,12/17/2017,3,1144175.291152764,1904916.255225279,41.895112219,-87.745932427,"(41.89511221857764, -87.74593242701515)"
MADISON AND WESTERN,1934,2400 W MADISON,12/17/2017,3,1160384.621277157,1899988.655722373,41.881270504,-87.68653594,"(41.88127050428818, -87.68653594017124)"
PULASKI AND FOSTER,1102,5200 N PULASKI RD,12/17/2017,4,1148746.251286324,1934286.914361976,41.97562074,-87.728383135,"(41.97562073966174, -87.72838313514907)"
KIMBALL AND DIVERSEY,1583,3400 W DIVERSEY AVENUE,12/17/2017,2,1153211.149172713,1918454.477800566,41.932087747,-87.71238583,"(41.932087747378944, -87.71238582951281)"
PULASKI AND ARMITAGE,1843,4000 W ARMITAGE AVENUE,12/17/2017,4,1149375.428872108,1913028.984273181,41.917275069,-87.726622746,"(41.91727506940875, -87.72662274644799)"
CANAL AND ROOSEVELT,2291,1200 S CANAL STREET,12/17/2017,5,1173268.771030949,1894952.634878732,41.867175125,-87.639375813,"(41.86717512472001, -87.63937581258092)"
SACRAMENTO AND CHICAGO,1812,800 N SACRAMENTO AVEN,12/17/2017,2,1156039.008141929,1905193.084100581,41.895640714,-87.702352328,"(41.89564071387542, -87.70235232767416)"
BELMONT AND KEDZIE,1372,3200 N KEDZIE AVE,12/17/2017,7,1154426.977874407,1921110.466549542,41.93935173,-87.707846594,"(41.93935173030961, -87.70784659359776)"
KEDZIE AND 71ST,2352,7100 S KEDZIE AVENUE,12/17/2017,3,1156225.540366296,1857330.103443232,41.764295037,-87.702957162,"(41.764295036756856, -87.70295716211793)"
MONTROSE AND WESTERN,1221,4400 N WESTERN AVENUE,12/17/2017,5,1159539.733234718,1929183.918095502,41.961401846,-87.688832623,"(41.961401846278505, -87.6888326227788)"
CANAL AND ROOSEVELT,2294,500 W ROOSEVELT ROAD,12/17/2017,9,1173290.72186561,1895021.166235495,41.867362693,-87.639293195,"(41.867362692616666, -87.63929319464197)"
LAKE SHORE DR AND BELMONT,1412,3200 N LAKESHORE DRIV,12/17/2017,9,1173053.220555078,1921821.380831705,41.940909163,-87.63936916,"(41.94090916326764, -87.63936915995522)"
111TH AND HALSTED,2422,11100 S HALSTED ST,12/17/2017,14,1172923.657689312,1831209.044179248,41.692263123,-87.642522688,"(41.692263123425136, -87.6425226876268)"
LARAMIE AND MADISON,2044,5200 W MADISON STREET,12/24/2016,11,1141706.965522802,1899567.55684314,41.880480752,-87.755130433,"(41.88048075170171, -87.75513043296509)"
WESTERN AND 63RD,2373,2400 W 63RD ST,12/17/2017,2,1161444.415758584,1862848.534703658,41.779331844,-87.683675761,"(41.77933184429814, -87.68367576084798)"
ASHLAND AND 87TH,2454,1600 W 87TH ST,12/17/2017,7,1167171.941297436,1847064.855345151,41.735898617,-87.663128781,"(41.735898617066006, -87.66312878090133)"
MILWAUKEE AND MONTROSE,1364,5075 W MONTROSE AVENUE,12/17/2017,1,1141716.746618898,1928736.076639057,41.960522088,-87.754371424,"(41.96052208819935, -87.75437142402293)"
DIVISION AND DAMEN,1733,2000 W DIVISION,12/17/2017,2,1162815.710860194,1908034.672555531,41.903298793,-87.677383247,"(41.903298792681944, -87.67738324739636)"
CICERO AND DIVERSEY,1694,4800 W DIVERSEY AVENUE,12/17/2017,4,1143869.848167704,1918226.043989398,41.93164142,-87.746719911,"(41.93164142040689, -87.7467199106462)"
LARAMIE AND FULLERTON,1421,2400 N LARAMIE AVENUE,11/19/2016,1,1141282.877477884,1915479.163971956,41.924151874,-87.756294662,"(41.92415187425276, -87.75629466175003)"
KEDZIE AND ARMITAGE,1832,2000 N KEDZIE AVENUE,12/17/2017,5,1154684.031809326,1913129.496340896,41.917446172,-87.707116072,"(41.91744617191702, -87.70711607187832)"
CICERO AND FULLERTON,1474,4800 W FULLERTON AVE,12/17/2017,2,1143967.570794243,1915568.504954477,41.924347036,-87.74642764,"(41.924347036010694, -87.74642763965628)"
CICERO AND DIVERSEY,1691,2800 N CICERO AVENUE,12/17/2017,4,1143863.647574835,1918202.018463414,41.931575608,-87.746743301,"(41.93157560844622, -87.74674330113561)"
71ST AND ASHLAND,2394,1600 W 71ST,12/17/2017,5,1166890.012333149,1857674.2502247,41.765018306,-87.66385923,"(41.76501830555763, -87.66385923012646)"
ADDISON AND HARLEM,1593,7200 W ADDISON,12/17/2017,1,1127417.488447099,1923123.407710965,41.945373358,-87.807070326,"(41.94537335809189, -87.80707032561135)"
CENTRAL AND DIVERSEY,1644,5600 W DIVERSEY AVENUE,12/17/2017,1,1138539.758528398,1918097.096677271,41.931385977,-87.766310532,"(41.93138597683265, -87.76631053155157)"
HALSTED AND DIVISION,1714,800 W DIVISION,12/17/2017,6,1170767.827960358,1908259.644151662,41.903745557,-87.648167011,"(41.90374555734733, -87.64816701062779)"
CICERO AND PETERSON,1204,4800 W PETERSON AVENUE,12/17/2017,1,1143273.766829016,1939491.944645127,41.990008007,-87.748376951,"(41.99000800729908, -87.74837695118997)"
HALSTED AND MADISON,1871,1 S HALSTED STREET,12/17/2017,6,1171092.392868784,1900234.542088741,41.881717056,-87.647210539,"(41.88171705561901, -87.64721053920604)"
KEDZIE AND 63RD,2364,3200 W 63RD ST,05/29/2017,1,1156103.348831225,1862717.565210739,41.779081505,-87.703260365,"(41.77908150488341, -87.70326036544745)"
COLUMBUS AND ILLINOIS,1951,500 N COLUMBUS DRIVE,12/17/2017,5,1178372.808407292,1903693.06016042,41.891044569,-87.620371839,"(41.891044569124276, -87.620371839074)"
PULASKI AND LAWRENCE,1173,4000 W LAWRENCE AVENUE,12/17/2017,2,1148844.220085601,1931638.45430438,41.968351285,-87.728091672,"(41.96835128527914, -87.72809167198088)"
IRVING PARK AND CALIFORNIA,1233,2800 W IRVING PARK ROA,12/17/2017,2,,,,,
87TH AND VINCENNES,2413,848 W 87TH STREET,12/17/2017,15,1172002.531006759,1847197.326168367,41.736157546,-87.6454274,"(41.73615754630335, -87.64542740049411)"
87TH AND VINCENNES,2412,8700 S VINCENNES,12/17/2017,6,1172026.328989535,1847142.496643776,41.736006565,-87.645341819,"(41.73600656458518, -87.64534181897955)"
AUSTIN AND IRVING PARK,1163,6000 W IRVING PARK ROAD,12/17/2017,1,1135622.402636023,1926014.192063646,41.953163772,-87.776842593,"(41.95316377185154, -87.77684259284736)"
CICERO AND I55,2251,4200 S CICERO AVENUE,12/17/2017,50,1145023.742859509,1876358.276835519,41.816729387,-87.743536712,"(41.81672938674739, -87.74353671247594)"
55TH and PULASKI,2244,4000 W 55TH ST,12/17/2017,1,1150621.676903861,1867864.274865394,41.793313334,-87.723223038,"(41.79331333358753, -87.72322303812588)"
FOSTER AND NAGLE,1031,5200 N NAGLE,12/17/2017,6,1132529.656558223,1934201.702060651,41.97568567,-87.788020406,"(41.97568566971868, -87.78802040620296)"
LARAMIE AND MADISON,2044,5200 W MADISON STREET,11/19/2016,14,1141706.965522802,1899567.55684314,41.880480752,-87.755130433,"(41.88048075170171, -87.75513043296509)"
STATE AND 79TH,2654,1 E 79TH STREET,12/17/2017,28,1177680.113652821,1852598.313477786,41.750852096,-87.624463832,"(41.75085209551078, -87.62446383210285)"
ASHLAND AND DIVISION,1791,1200 N ASHLAND AVENUE,12/17/2017,7,1165466.997046718,1908083.767015974,41.903377468,-87.667643142,"(41.903377467566784, -87.66764314227497)"
55TH AND WESTERN,2213,2400 W 55TH STREET,12/17/2017,3,1161277.012730599,1868185.749490228,41.793981347,-87.684141741,"(41.7939813465735, -87.68414174128355)"
KEDZIE AND 26TH,2382,2600 S KEDZIE AVENUE,12/17/2017,3,1155404.235510285,1886524.460033054,41.844424831,-87.705185452,"(41.84442483084393, -87.70518545233183)"
FULLERTON AND NARRAGANSETT,1554,6400 W FULLERTON AVENU,12/17/2017,3,1133317.594499059,1915293.661305931,41.923786189,-87.785567206,"(41.92378618871128, -87.78556720562165)"
SACRAMENTO AND CHICAGO,1814,3000 W CHICAGO AVENUE,12/17/2017,5,1156075.266375505,1905216.604770718,41.895704525,-87.702218524,"(41.895704524946225, -87.70221852353758)"
BROADWAY/SHERIDAN AND DEVON,1122,6400 N SHERIDAN ROAD,12/17/2017,8,1167087.151194129,1942658.704988689,41.998217921,-87.660695256,"(41.99821792053241, -87.6606952555721)"
KEDZIE AND 71ST,2354,3200 W 71ST STREET,12/17/2017,3,1156246.862901455,1857404.014959868,41.764497433,-87.702877023,"(41.76449743256955, -87.70287702335861)"
WESTERN AND NORTH,1851,1600 N WESTERN AVE,12/17/2017,8,1160077.474351131,1910605.013316134,41.910409024,-87.687370268,"(41.91040902362901, -87.687370268401)"
PULASKI AND 63RD,2342,6300 S PULASKI RD,12/17/2017,5,1150746.00309079,1862516.747695325,41.778636469,-87.722906356,"(41.77863646878099, -87.72290635568541)"
CALIFORNIA AND PETERSON,1311,6000 N CALIFORNIA AVE,12/17/2017,1,1156545.742699118,1939775.775541795,41.990527717,-87.699552084,"(41.990527717148176, -87.69955208405155)"
71ST AND ASHLAND,2391,7100 S ASHLAND,12/17/2017,2,1166868.379865725,1857616.168087255,41.764859382,-87.663940176,"(41.764859382425385, -87.66394017630476)"
WESTERN AND NORTH,1853,2400 W NORTH AVE,12/17/2017,2,1160100.839010995,1910612.783367238,41.910429862,-87.687284221,"(41.91042986235867, -87.68728422050837)"
ROOSEVELT AND HALSTED,2233,800 W ROOSEVELT ROAD,12/17/2017,5,1171199.282357741,1894968.056393724,41.867263098,-87.646972686,"(41.86726309836901, -87.64697268601648)"
DIVERSEY AND WESTERN,1431,2800 N WESTERN AVENUE,12/17/2017,3,1159837.205417355,1918550.506189309,41.932216988,-87.688033281,"(41.93221698794738, -87.68803328089533)"
DAMEN AND DIVERSEY,1462,2800 N DAMEN AVENUE,12/17/2017,4,1162490.04851994,1918611.623717091,41.932329494,-87.678282719,"(41.9323294940985, -87.67828271931386)"
ARCHER AND CICERO,2081,5200 S CICERO AVE,12/17/2017,15,1145195.931989777,1869737.708306623,41.798558278,-87.743071866,"(41.798558278193305, -87.74307186616427)"
COLUMBUS AND ILLINOIS,1951,500 N COLUMBUS DRIVE,01/04/2018,14,1178372.808407292,1903693.06016042,41.891044569,-87.620371839,"(41.891044569124276, -87.620371839074)"
MILWAUKEE AND DEVON,1272,6400 N MILWAUKEE AVEN,01/04/2018,1,1132463.750397878,1942107.911507627,41.997382173,-87.788077674,"(41.99738217345368, -87.78807767391953)"
ROOSEVELT AND PULASKI,2314,4000 W ROOSEVELT ROAD,12/26/2017,14,1149885.032049683,1894449.464076882,41.866281003,-87.72523422,"(41.866281002664536, -87.72523421983905)"
JEFFERY AND 95TH,2522,9500 S JEFFERY AVE,01/04/2018,2,1191132.420601301,1842335.735988875,41.722375907,-87.575499903,"(41.72237590704101, -87.57549990332795)"
OGDEN AND KOSTNER,2223,4400 W OGDEN AVENUE,01/04/2018,9,1147406.592439224,1887689.099869462,41.847777523,-87.734505969,"(41.84777752280453, -87.73450596874825)"
WESTERN AND DEVON,1212,6400 N WESTERN AVENUE,01/04/2018,1,1159113.585759434,1942451.622367891,41.997817807,-87.690033035,"(41.997817807026, -87.69003303469276)"
DIVISION AND DAMEN,1734,2000 W DIVISION,01/04/2018,7,1162815.710860194,1908034.672555531,41.903298793,-87.677383247,"(41.903298792681944, -87.67738324739636)"
CORTLAND AND ASHLAND,1723,1600 W CORTLAND ST,01/04/2018,5,1165377.660768235,1912768.773647285,41.916235337,-87.667837772,"(41.91623533746878, -87.66783777212962)"
75TH AND STATE,2624,1 E 75TH STREET,12/31/2017,18,1177601.72646404,1855229.486604181,41.758074111,-87.624671658,"(41.75807411097799, -87.62467165835182)"
CICERO AND ADDISON,1611,3600 N CICERO AVENUE,01/04/2018,7,1143698.904601495,1923517.005821035,41.946163524,-87.747215169,"(41.94616352362556, -87.74721516897007)"
WESTERN AND FOSTER,1072,5200 N WESTERN AVE,01/04/2018,2,1159372.922497116,1934478.313674003,41.975933372,-87.689299589,"(41.97593337199358, -87.6892995891816)"
HALSTED AND 95TH,2581,9500 S HALSTED STREET,01/04/2018,4,1172610.538363645,1841811.61926207,41.721365061,-87.643358042,"(41.72136506078306, -87.64335804234075)"
WESTERN AND ADDISON,1563,2400 W ADDISON,01/04/2018,1,1159719.041544334,1923878.577275797,41.946839991,-87.688320193,"(41.9468399910054, -87.68832019252964)"
KEDZIE AND 71ST,2352,7100 S KEDZIE AVENUE,01/04/2018,1,1156225.540366296,1857330.103443232,41.764295037,-87.702957162,"(41.764295036756856, -87.70295716211793)"
HAMLIN AND MADISON,1901,0 N HAMLIN BOULEVARD,01/04/2018,2,,,,,
ASHLAND AND LAWRENCE,1142,4800 N ASHLAND AVENUE,01/04/2018,7,1164751.686785145,1932001.206626392,41.96902343,-87.669590434,"(41.969023429614026, -87.66959043354217)"
ASHLAND AND 95TH,2473,1600 W 95TH STREET,01/04/2018,5,1167323.753394196,1841755.029221382,41.721324412,-87.662724153,"(41.721324411975246, -87.66272415265087)"
PULASKI AND DIVERSEY,1543,4000 W DIVERSEY AVENUE,01/04/2018,2,1149206.496130705,1918356.569267582,41.931897723,-87.72710503,"(41.9318977231462, -87.72710503045386)"
LAWRENCE AND WESTERN,1192,4800 N WESTERN AVENUE,01/04/2018,1,1159459.622430471,1931821.342623414,41.968640727,-87.689054241,"(41.96864072747715, -87.6890542408374)"
ROOSEVELT AND HALSTED,2233,800 W ROOSEVELT ROAD,01/04/2018,4,1171199.282357741,1894968.056393724,41.867263098,-87.646972686,"(41.86726309836901, -87.64697268601648)"
CICERO AND HARRISON,2023,4800 W HARRISON STREET,01/04/2018,2,1144451.867388303,1896949.561959463,41.873245464,-87.745117179,"(41.873245464379586, -87.7451171788807)"
CICERO AND 47TH,2202,4700 S CICERO AVE,01/04/2018,1,1145112.150373471,1873006.659918126,41.807530373,-87.743296821,"(41.80753037289406, -87.7432968212423)"
HOMAN/KIMBALL AND NORTH,1773,3400 W NORTH AVE,12/27/2017,4,1153386.578905125,1910465.87061722,41.910162847,-87.711953868,"(41.91016284680269, -87.71195386769125)"
ROOSEVELT AND PULASKI,2314,4000 W ROOSEVELT ROAD,11/19/2016,5,1149885.032049683,1894449.464076882,41.866281003,-87.72523422,"(41.866281002664536, -87.72523421983905)"
COTTAGE GROVE AND 71ST,2571,7100 S COTTAGE GROVE,12/18/2017,1,1182746.23698699,1858088.011064538,41.765800351,-87.605729127,"(41.76580035131893, -87.6057291269901)"
ELSTON AND IRVING PARK,1502,4000 N ELSTON AVENUE,12/18/2017,1,1151273.974828198,1926311.849469842,41.953687266,-87.719297882,"(41.95368726563273, -87.71929788151473)"
CICERO AND HARRISON,2022,600 S CICERO AVENUE,12/18/2017,9,1144444.97442848,1896894.622216872,41.873094833,-87.745143869,"(41.873094832519136, -87.74514386884542)"
PULASKI AND FULLERTON,1484,4000 W FULLERTON AVE,12/18/2017,5,1149303.081963737,1915695.275222648,41.924593022,-87.726819268,"(41.92459302175305, -87.7268192684032)"
CLARK AND IRVING PARK,1093,1300 W IRVING PARK ROAD,05/27/2017,13,1166777.545456989,1926719.73687357,41.954487567,-87.662293496,"(41.95448756687966, -87.66229349585691)"
35TH AND WESTERN,2091,3500 S WESTERN,12/18/2017,2,1160894.949857101,1881376.851112895,41.830187255,-87.685177925,"(41.83018725526863, -87.68517792510231)"
75TH AND STATE,2621,7500 S STATE STREET,12/18/2017,9,1177538.763040612,1855235.551345519,41.758092176,-87.624902228,"(41.75809217638291, -87.6249022282473)"
VAN BUREN AND WESTERN,2054,2400 W VAN BUREN STREE,12/18/2017,10,,,,,
ADDISON AND HARLEM,1591,3600 N HARLEM AVENUE,12/18/2017,2,1127394.594070737,1923110.532422811,41.945338412,-87.807154769,"(41.94533841246591, -87.80715476912044)"
MILWAUKEE AND MONTROSE,1362,4400 N MILWAUKEE AVEN,12/18/2017,1,1141643.943268783,1928770.256316239,41.96061723,-87.75463824,"(41.9606172296957, -87.75463824007085)"
WESTERN AND FOSTER,1074,2400 W FOSTER AVE,12/18/2017,5,1159379.402846887,1934502.712486132,41.97600019,-87.689275084,"(41.97600018976586, -87.68927508385399)"
DAMEN AND DIVERSEY,1464,2000 W DIVERSEY PARKWAY,12/18/2017,3,1162519.714934025,1918635.417634925,41.932394164,-87.678173031,"(41.93239416403691, -87.67817303087757)"
ASHLAND AND LAWRENCE,1142,4800 N ASHLAND AVENUE,12/18/2017,2,1164751.686785145,1932001.206626392,41.96902343,-87.669590434,"(41.969023429614026, -87.66959043354217)"
IRVING PARK AND KILPATRICK,2764,4700 W IRVING PARK ROA,12/18/2017,1,,,,,
4700 WESTERN,2142,4700 S WESTERN AVENUE,12/18/2017,3,1161120.438879703,1873431.066474726,41.808378408,-87.684570717,"(41.808378407946726, -87.68457071689552)"
ROOSEVELT AND KOSTNER,2323,4400 W ROOSEVELT,12/18/2017,2,1147200.963258796,1894379.538078088,41.866140868,-87.73508956,"(41.866140867641654, -87.73508956008207)"
ASHLAND AND 87TH,2452,8700 S ASHLAND AVE,12/18/2017,4,1167150.470087748,1846991.212339794,41.735696989,-87.663209544,"(41.73569698863625, -87.66320954445679)"
ASHLAND AND 87TH,2454,1600 W 87TH ST,12/18/2017,2,1167171.941297436,1847064.855345151,41.735898617,-87.663128781,"(41.735898617066006, -87.66312878090133)"
LAWRENCE AND CICERO,1042,4800 N CICERO AVENUE,12/18/2017,4,1143464.651785526,1931490.551883203,41.968048007,-87.747875985,"(41.968048007293845, -87.74787598468126)"
CALIFORNIA AND DEVON,1323,2800 W DEVON AVENUE,12/18/2017,1,1156484.528078038,1942377.980662191,41.997669523,-87.699706423,"(41.99766952286052, -87.69970642324591)"
PULASKI AND 63RD,2343,4000 W 63RD ST,12/18/2017,2,1150768.346768175,1862564.615405259,41.77876739,-87.722823195,"(41.778767390084305, -87.72282319530368)"
STATE AND 79TH,2654,1 E 79TH STREET,12/18/2017,26,1177680.113652821,1852598.313477786,41.750852096,-87.624463832,"(41.75085209551078, -87.62446383210285)"
ROOSEVELT AND HALSTED,2233,800 W ROOSEVELT ROAD,12/18/2017,7,1171199.282357741,1894968.056393724,41.867263098,-87.646972686,"(41.86726309836901, -87.64697268601648)"
LAKE SHORE DR AND BELMONT,1413,400 W BELMONT AVE,12/18/2017,33,1172981.744869382,1921577.376128802,41.940241193,-87.639639114,"(41.94024119325571, -87.63963911427594)"
MONTROSE AND WESTERN,1221,4400 N WESTERN AVENUE,12/18/2017,4,1159539.733234718,1929183.918095502,41.961401846,-87.688832623,"(41.961401846278505, -87.6888326227788)"
ARCHER AND CICERO,2081,5200 S CICERO AVE,12/18/2017,15,1145195.931989777,1869737.708306623,41.798558278,-87.743071866,"(41.798558278193305, -87.74307186616427)"
SHERIDAN AND FOSTER,1134,1000 W FOSTER AVE,12/18/2017,2,1168689.247756979,1934758.578141654,41.976505116,-87.655031882,"(41.97650511595711, -87.65503188224778)"
ROOSEVELT AND HALSTED,2233,800 W ROOSEVELT ROAD,12/25/2016,1,1171199.282357741,1894968.056393724,41.867263098,-87.646972686,"(41.86726309836901, -87.64697268601648)"
71ST AND ASHLAND,2394,1600 W 71ST,12/18/2017,4,1166890.012333149,1857674.2502247,41.765018306,-87.66385923,"(41.76501830555763, -87.66385923012646)"
PULASKI AND IRVING PARK,1572,4000 N PULASKI ROAD,12/18/2017,3,1148970.255325552,1926313.600468643,41.953737051,-87.727766612,"(41.95373705144353, -87.72776661179896)"
75TH AND STATE,2624,1 E 75TH STREET,12/18/2017,10,1177601.72646404,1855229.486604181,41.758074111,-87.624671658,"(41.75807411097799, -87.62467165835182)"
87TH AND VINCENNES,2413,848 W 87TH STREET,12/18/2017,9,1172002.531006759,1847197.326168367,41.736157546,-87.6454274,"(41.73615754630335, -87.64542740049411)"
FOSTER AND NAGLE,1034,6400 W FOSTER,12/18/2017,1,1132552.893142153,1934229.875527466,41.975762574,-87.787934296,"(41.97576257447203, -87.7879342955108)"
WENTWORTH AND GARFIELD,2261,5500 S WENTWORTH AVEN,12/18/2017,25,,,,,
HALSTED AND MADISON,1872,1 N HALSTED STREET,12/18/2017,1,1171090.967986833,1900270.454015136,41.881815632,-87.647214717,"(41.88181563164203, -87.64721471704077)"
WESTERN AND TOUHY,1252,7200 N WESTERN AVENUE,11/19/2016,2,1158975.66256211,1947754.286963361,42.012371335,-87.690393917,"(42.012371334791766, -87.69039391737863)"
119TH AND HALSTED,2402,11900 S HALSTED,12/18/2017,3,1173094.774616191,1825911.054609338,41.677720829,-87.642051845,"(41.67772082924762, -87.64205184498218)"
KOSTNER AND NORTH,2012,4400 W GRAND AVE,12/18/2017,1,1146773.519128439,1910425.663958581,41.91018141,-87.73624887,"(41.910181409597406, -87.73624887040725)"
WESTERN AND CHICAGO,1941,800 N WESTERN AVE,12/18/2017,4,1160220.967978608,1905277.507115921,41.895786955,-87.686990586,"(41.89578695485361, -87.68699058611217)"
TOUHY AND OSCEOLA,1243,7432 W TOUHY AVENUE,12/18/2017,5,1125717.010560011,1947269.685461107,42.011661765,-87.812781431,"(42.01166176507329, -87.81278143114147)"
ELSTON AND LAWRENCE,1284,4440 W LAWRENCE AVENUE,12/18/2017,7,1145715.061027481,1931571.0474838,41.968226398,-87.739599251,"(41.96822639754791, -87.73959925065756)"
CICERO AND WASHINGTON,1892,100 N CICERO AVENUE,12/18/2017,9,1144328.984091479,1900095.170838459,41.88187971,-87.745489247,"(41.88187970991601, -87.7454892473012)"
CALIFORNIA AND DIVERSEY,1514,2800 W DIVERSEY,12/18/2017,21,1157212.54253358,1918526.674434943,41.932205395,-87.697679244,"(41.93220539506452, -87.6976792438691)"
LAWRENCE AND CICERO,1041,4800 N CICERO AVE,12/18/2017,11,1143464.651785526,1931490.551883203,41.968048007,-87.747875985,"(41.968048007293845, -87.74787598468126)"
LAKE SHORE DR AND BELMONT,1412,3200 N LAKESHORE DRIV,12/18/2017,11,1173053.220555078,1921821.380831705,41.940909163,-87.63936916,"(41.94090916326764, -87.63936915995522)"
SACRAMENTO AND CHICAGO,1814,3000 W CHICAGO AVENUE,12/18/2017,2,1156075.266375505,1905216.604770718,41.895704525,-87.702218524,"(41.895704524946225, -87.70221852353758)"
35TH AND WESTERN,2092,3500 S WESTERN,12/18/2017,1,1160894.949857101,1881376.851112895,41.830187255,-87.685177925,"(41.83018725526863, -87.68517792510231)"
99TH AND HALSTED,2431,9900 S HALSTED ST,12/18/2017,19,1172689.754200318,1839171.652197216,41.714118868,-87.643145408,"(41.714118868089905, -87.64314540818165)"
SACRAMENTO AND LAKE,1821,150 N SACRAMENTO BOUL,12/18/2017,1,1156319.560664766,1900957.489351962,41.884012178,-87.701436479,"(41.88401217771363, -87.7014364786693)"
PULASKI AND 63RD,2342,6300 S PULASKI RD,12/18/2017,4,1150746.00309079,1862516.747695325,41.778636469,-87.722906356,"(41.77863646878099, -87.72290635568541)"
LASALLE AND KINZIE,1923,140 W KINZIE,12/18/2017,1,1175048.09765242,1903028.894760294,41.889297219,-87.632601648,"(41.88929721947309, -87.63260164817305)"
63RD AND STATE,2712,6300 S STATE ST,12/18/2017,7,1177303.801895084,1863220.216755923,41.780008277,-87.625522512,"(41.78000827740796, -87.6255225119157)"
IRVING PARK AND NARRAGANSETT,1023,6400 W IRVING PK,12/18/2017,1,1132945.939118726,1925946.304925137,41.953024751,-87.786683238,"(41.95302475075328, -87.78668323766634)"
CENTRAL AND FULLERTON,1444,5600 W FULLERTON AVENU,12/18/2017,1,1138627.279189421,1915438.969256439,41.924090199,-87.76605353,"(41.92409019883488, -87.76605353016079)"
CICERO AND NORTH,2034,4800 W NORTH AVENUE,12/18/2017,2,1144053.733747163,1910243.80567041,41.90973389,-87.746244973,"(41.909733890131285, -87.74624497295898)"
CENTRAL AND BELMONT,1602,3200 N CENTRAL AVENUE,12/18/2017,3,1138430.432324593,1920731.654410336,41.938617463,-87.766648297,"(41.938617463272884, -87.76664829683827)"
PULASKI AND PETERSON,1263,4000 W PETERSON AVENUE,05/25/2017,6,1148618.560490339,1939615.133928395,41.990244186,-87.728714391,"(41.99024418564742, -87.7287143910091)"
CICERO AND DIVERSEY,1694,4800 W DIVERSEY AVENUE,12/18/2017,2,1143869.848167704,1918226.043989398,41.93164142,-87.746719911,"(41.93164142040689, -87.7467199106462)"
ROOSEVELT AND PULASKI,2314,4000 W ROOSEVELT ROAD,05/25/2017,7,1149885.032049683,1894449.464076882,41.866281003,-87.72523422,"(41.866281002664536, -87.72523421983905)"
WESTERN AND 63RD,2371,6300 S WESTERN AVE,12/18/2017,3,1161415.712688877,1862772.38856596,41.779123484,-87.683783099,"(41.77912348383963, -87.68378309863576)"
HOLLYWOOD AND SHERIDAN,1344,1000 W HOLLYWOOD AVE,12/18/2017,18,1168580.228926466,1938090.295189338,41.985649799,-87.655335807,"(41.98564979859328, -87.65533580655139)"
FOSTER AND NAGLE,1031,5200 N NAGLE,12/18/2017,9,1132529.656558223,1934201.702060651,41.97568567,-87.788020406,"(41.97568566971868, -87.78802040620296)"
DAMEN AND DIVERSEY,1462,2800 N DAMEN AVENUE,12/18/2017,2,1162490.04851994,1918611.623717091,41.932329494,-87.678282719,"(41.9323294940985, -87.67828271931386)"
CENTRAL AND LAKE,1742,400 N CENTRAL AVENUE,12/18/2017,6,1138928.478257537,1902217.926149854,41.887804621,-87.765268498,"(41.88780462053497, -87.76526849810371)"
DIVISION AND DAMEN,1734,2000 W DIVISION,12/18/2017,5,1162815.710860194,1908034.672555531,41.903298793,-87.677383247,"(41.903298792681944, -87.67738324739636)"
PULASKI AND CHICAGO,1982,800 N PULASKI ROAD,12/18/2017,2,1149538.444844035,1905079.034990625,41.895456457,-87.726230541,"(41.895456456825386, -87.72623054051289)"
STONEY ISLAND AND 76TH,2632,7600 S STONY ISLAND A,12/18/2017,12,1188092.796191935,1854889.354158304,41.756897173,-87.586234285,"(41.75689717260223, -87.58623428506996)"
CENTRAL AND CHICAGO,1972,800 N CENTRAL AVENUE,12/18/2017,5,1138836.562608552,1904801.732832435,41.894896579,-87.765543258,"(41.89489657939746, -87.76554325845893)"
PULASKI AND ARMITAGE,1843,4000 W ARMITAGE AVENUE,12/18/2017,3,1149375.428872108,1913028.984273181,41.917275069,-87.726622746,"(41.91727506940875, -87.72662274644799)"
LAWRENCE AND WESTERN,1193,2400 W LAWRENCE AVENUE,12/18/2017,7,1159482.648570304,1931851.989492596,41.968724349,-87.688968727,"(41.96872434882172, -87.68896872699601)"
AUSTIN AND ADDISON,1493,6000 W ADDISON STREET,12/18/2017,1,1135698.173154422,1923360.229527805,41.945879676,-87.776627421,"(41.94587967559099, -87.77662742093737)"
119TH AND HALSTED,2404,800 W 119TH STREET,12/18/2017,4,1173111.174088158,1825985.001014405,41.677923389,-87.641989646,"(41.677923389134385, -87.64198964584013)"
HOMAN/KIMBALL AND NORTH,1773,3400 W NORTH AVE,12/18/2017,5,1153386.578905125,1910465.87061722,41.910162847,-87.711953868,"(41.91016284680269, -87.71195386769125)"
DAMEN AND 63RD,2702,6300 S DAMEN AVENUE,12/18/2017,2,1164069.407943298,1862830.277442834,41.779226921,-87.674052731,"(41.77922692069256, -87.67405273137854)"
PULASKI AND DIVERSEY,1542,2800 N PULASKI ROAD,12/18/2017,2,1149200.724531183,1918332.222549679,41.931831026,-87.727126873,"(41.93183102561505, -87.72712687300454)"
IRVING PARK AND LARAMIE,1534,5200 W IRVING PARK ROA,12/18/2017,1,,,,,
FOSTER AND BROADWAY,1113,1200 W FOSTER AVE,12/18/2017,4,1167357.095930752,1934721.393266777,41.97643192,-87.659931806,"(41.97643192018459, -87.65993180604016)"
71ST AND ASHLAND,2391,7100 S ASHLAND,12/18/2017,3,1166868.379865725,1857616.168087255,41.764859382,-87.663940176,"(41.764859382425385, -87.66394017630476)"
SACRAMENTO AND CHICAGO,1812,800 N SACRAMENTO AVEN,12/18/2017,4,1156039.008141929,1905193.084100581,41.895640714,-87.702352328,"(41.89564071387542, -87.70235232767416)"
CICERO AND CHICAGO,1783,4800 W CHICAGO AVENUE,12/18/2017,5,1144175.291152764,1904916.255225279,41.895112219,-87.745932427,"(41.89511221857764, -87.74593242701515)"
CHICAGO AND CLARK,1963,100 W CHICAGO AVENUE,12/18/2017,4,1175374.528739575,1905745.47783364,41.896744347,-87.631321248,"(41.896744346875806, -87.63132124815151)"
IRVING PARK AND KEDZIE,1354,3200 W IRVING PARK ROAD,03/20/2017,3,1154325.140302006,1926458.463197156,41.954029047,-87.708077494,"(41.95402904691877, -87.70807749383191)"
PULASKI AND IRVING PARK,1574,4000 W IRVING PARK RD,12/18/2017,2,1148988.727877253,1926320.954938409,41.953756874,-87.727698513,"(41.95375687447515, -87.72769851312907)"
ASHLAND AND FULLERTON,1651,2400 N ASHLAND AVENUE,12/18/2017,8,1165228.073342838,1916032.319169157,41.92519389,-87.668294363,"(41.92519388981048, -87.66829436339881)"
CICERO AND NORTH,2033,4800 W NORTH AVENUE,12/18/2017,8,1144053.733747163,1910243.80567041,41.90973389,-87.746244973,"(41.909733890131285, -87.74624497295898)"
BROADWAY/SHERIDAN AND DEVON,1122,6400 N SHERIDAN ROAD,12/18/2017,5,1167087.151194129,1942658.704988689,41.998217921,-87.660695256,"(41.99821792053241, -87.6606952555721)"
HAMLIN AND MADISON,1901,0 N HAMLIN BOULEVARD,12/18/2017,5,,,,,
WESTERN AND DEVON,1212,6400 N WESTERN AVENUE,12/18/2017,1,1159113.585759434,1942451.622367891,41.997817807,-87.690033035,"(41.997817807026, -87.69003303469276)"
WESTERN AND FOSTER,1072,5200 N WESTERN AVE,12/18/2017,4,1159372.922497116,1934478.313674003,41.975933372,-87.689299589,"(41.97593337199358, -87.6892995891816)"
55TH AND WESTERN,2212,5500 S WESTERN AVE,12/18/2017,5,1161269.521335262,1867963.111601251,41.793370554,-87.684175377,"(41.79337055433029, -87.6841753767592)"
WESTERN AND ADDISON,1562,3600 N WESTERN AVENUE,12/18/2017,4,1159695.573342728,1923871.086283556,41.94681992,-87.688406662,"(41.94681991986288, -87.68840666206194)"
55TH AND KEDZIE,2162,5500 S KEDZIE AVENUE,12/18/2017,3,1155945.854705238,1867941.621374192,41.793420237,-87.703697508,"(41.793420236755864, -87.70369750845424)"
COTTAGE GROVE AND 71ST,2572,7100 S COTTAGE GROVE,12/18/2017,3,1182746.23698699,1858088.011064538,41.765800351,-87.605729127,"(41.76580035131893, -87.6057291269901)"
AUSTIN AND IRVING PARK,1161,4000 N AUSTIN AVENUE,12/18/2017,4,1135599.956110927,1926006.862619986,41.953144059,-87.776925284,"(41.95314405904539, -87.77692528423394)"
WESTERN AND CERMAK,1002,2200 S WESTERN AVENUE,12/18/2017,4,1160669.42562757,1889318.196820393,41.85198384,-87.685785704,"(41.85198383957328, -87.68578570420526)"
ROOSEVELT AND PULASKI,2314,4000 W ROOSEVELT ROAD,12/18/2017,2,1149885.032049683,1894449.464076882,41.866281003,-87.72523422,"(41.866281002664536, -87.72523421983905)"
CLARK AND FULLERTON,1631,2400 N CLARK ST,12/18/2017,2,1172749.562209477,1916238.997132859,41.925597623,-87.640650973,"(41.925597623023144, -87.64065097309872)"
WESTERN AND FULLERTON,1672,2400 N WESTERN AVENUE,12/18/2017,1,1159923.309342995,1915897.778561358,41.924935944,-87.687790255,"(41.92493594409127, -87.68779025471278)"
STONY ISLAND/CORNELL AND 67TH,2731,6700 S CORNELL DRIVE,12/18/2017,6,1188316.454860734,1860851.137456735,41.77325149,-87.5852246,"(41.77325148959568, -87.58522459967712)"
WESTERN AND DEVON,1211,6400 N WESTERN AVENUE,12/18/2017,1,1159113.585759434,1942451.622367891,41.997817807,-87.690033035,"(41.997817807026, -87.69003303469276)"
COLUMBUS AND ILLINOIS,1952,500 N COLUMBUS DRIVE,12/18/2017,1,1178372.808407292,1903693.06016042,41.891044569,-87.620371839,"(41.891044569124276, -87.620371839074)"
4700 WESTERN,2141,4700 S WESTERN AVENUE,12/18/2017,7,1161120.438879703,1873431.066474726,41.808378408,-87.684570717,"(41.808378407946726, -87.68457071689552)"
IRVING PARK AND CALIFORNIA,1234,2800 W IRVING PARK ROA,12/18/2017,6,,,,,
ELSTON AND ADDISON,1402,3600 N ELSTON AVE,12/18/2017,3,1154106.95251778,1923731.036211081,41.946549165,-87.708952626,"(41.94654916480637, -87.70895262603513)"
CALIFORNIA AND PETERSON,1313,2800 W PETERSON AVENUE,12/18/2017,4,1156569.515341857,1939784.830544118,41.990552082,-87.699464396,"(41.990552081681564, -87.69946439622785)"
ASHLAND AND IRVING PARK,1153,1600 W IRVING PARK ROA,12/18/2017,4,,,,,
ASHLAND AND LAWRENCE,1143,1600 W LAWRENCE AVENUE,12/18/2017,2,1164771.946929007,1931988.254061312,41.968987457,-87.669516307,"(41.96898745654617, -87.66951630654926)"
OGDEN AND KOSTNER,2223,4400 W OGDEN AVENUE,12/18/2017,8,1147406.592439224,1887689.099869462,41.847777523,-87.734505969,"(41.84777752280453, -87.73450596874825)"
IRVING PARK AND NARRAGANSETT,1024,6400 W IRVING PK,12/18/2017,6,1132945.939118726,1925946.304925137,41.953024751,-87.786683238,"(41.95302475075328, -87.78668323766634)"
HALSTED AND NORTH,1764,800 W NORTH AVENUE,12/18/2017,1,1170700.68422007,1910913.190749698,41.91102851,-87.648335806,"(41.91102850981186, -87.64833580602037)"
CENTRAL AND BELMONT,1602,3200 N CENTRAL AVENUE,03/20/2017,2,1138430.432324593,1920731.654410336,41.938617463,-87.766648297,"(41.938617463272884, -87.76664829683827)"
IRVING PARK AND CALIFORNIA,1233,2800 W IRVING PARK ROA,12/18/2017,3,,,,,
CICERO AND I55,2252,4200 S CICERO AVENUE,12/18/2017,4,1145023.742859509,1876358.276835519,41.816729387,-87.743536712,"(41.81672938674739, -87.74353671247594)"
KIMBALL AND DIVERSEY,1583,3400 W DIVERSEY AVENUE,12/18/2017,1,1153211.149172713,1918454.477800566,41.932087747,-87.71238583,"(41.932087747378944, -87.71238582951281)"
ASHLAND AND DIVISION,1791,1200 N ASHLAND AVENUE,12/18/2017,9,1165466.997046718,1908083.767015974,41.903377468,-87.667643142,"(41.903377467566784, -87.66764314227497)"
ELSTON AND ADDISON,1403,3216 W ADDISON ST,11/19/2016,12,1154199.729816868,1923799.345386665,41.946734755,-87.708609774,"(41.946734754927796, -87.7086097735515)"
CICERO AND ARMITAGE,2001,2000 N CICERO AVENUE,03/20/2017,2,1144031.525719004,1912881.8300295,41.916973325,-87.746260223,"(41.91697332451097, -87.74626022251057)"
HOLLYWOOD AND SHERIDAN,1343,1000 W HOLLYWOOD AVE,12/18/2017,3,1168580.228926466,1938090.295189338,41.985649799,-87.655335807,"(41.98564979859328, -87.65533580655139)"
CALIFORNIA AND PETERSON,1311,6000 N CALIFORNIA AVE,12/18/2017,1,1156545.742699118,1939775.775541795,41.990527717,-87.699552084,"(41.990527717148176, -87.69955208405155)"
PULASKI AND LAWRENCE,1173,4000 W LAWRENCE AVENUE,12/18/2017,1,1148844.220085601,1931638.45430438,41.968351285,-87.728091672,"(41.96835128527914, -87.72809167198088)"
HALSTED AND 95TH,2582,9500 S HALSTED STREET,12/18/2017,1,1172610.538363645,1841811.61926207,41.721365061,-87.643358042,"(41.72136506078306, -87.64335804234075)"
HALSTED AND MADISON,1871,1 S HALSTED STREET,12/18/2017,2,1171092.392868784,1900234.542088741,41.881717056,-87.647210539,"(41.88171705561901, -87.64721053920604)"
KEDZIE AND 26TH,2381,2600 S KEDZIE AVENUE,12/18/2017,3,1155404.235510285,1886524.460033054,41.844424831,-87.705185452,"(41.84442483084393, -87.70518545233183)"
HALSTED AND FULLERTON,1701,2400 N HALSTED STREET,12/18/2017,2,1170501.602639925,1916200.061550148,41.925540315,-87.648912156,"(41.925540315431995, -87.64891215551155)"
CENTRAL AND ADDISON,1682,3600 N CENTRAL AVENUE,12/18/2017,2,1138343.117435682,1923392.067464765,41.945919491,-87.766904594,"(41.945919490555106, -87.76690459426293)"
HAMLIN AND LAKE,1882,300 N HAMLIN AVENUE,12/18/2017,1,1150970.026856642,1901381.688308858,41.885282636,-87.721069539,"(41.88528263580913, -87.72106953854511)"
DIVERSEY AND WESTERN,1434,2400 W DIVERSEY AVENUE,12/18/2017,1,1159859.648423836,1918576.255784305,41.932287183,-87.687950093,"(41.93228718299094, -87.6879500934122)"
PULASKI AND ARCHER,2154,5000 S ARCHER AVE,12/18/2017,1,1150501.818909837,1871162.311703322,41.802365973,-87.723576766,"(41.80236597333895, -87.72357676611004)"
RIDGE AND CLARK,1052,5930 N CLARK STREET,12/18/2017,2,1164554.784723473,1939388.511516442,41.98929863,-87.670104121,"(41.98929863013193, -87.67010412112992)"
CENTRAL AND FULLERTON,1442,2400 N CENTRAL AVENUE,12/18/2017,2,1138603.468418662,1915431.058212414,41.924068922,-87.766141214,"(41.92406892227644, -87.76614121413186)"
55TH AND KEDZIE,2163,3200 W 55TH STREET,12/18/2017,2,1155966.956993183,1868015.593764152,41.793622803,-87.703618141,"(41.79362280329978, -87.70361814062049)"
55TH AND WESTERN,2213,2400 W 55TH STREET,12/18/2017,5,1161277.012730599,1868185.749490228,41.793981347,-87.684141741,"(41.7939813465735, -87.68414174128355)"
VAN BUREN AND WESTERN,2052,400 S WESTERN AVENUE,12/18/2017,23,1160431.682297829,1898091.942371589,41.876064776,-87.686415631,"(41.87606477642526, -87.68641563098768)"
FULLERTON AND NARRAGANSETT,1553,6400 W FULLERTON AVENU,12/18/2017,1,1133317.594499059,1915293.661305931,41.923786189,-87.785567206,"(41.92378618871128, -87.78556720562165)"
75TH AND STATE,2624,1 E 75TH STREET,03/24/2017,17,1177601.72646404,1855229.486604181,41.758074111,-87.624671658,"(41.75807411097799, -87.62467165835182)"
STONEY ISLAND AND 79TH,2461,7900 S SOUTH CHICAGO AVE,12/18/2017,1,1188274.655498937,1852865.685797892,41.751339705,-87.585632266,"(41.751339704589455, -87.58563226565187)"
ROOSEVELT AND KOSTNER,2321,1200 S KOSTNER,12/18/2017,1,1147196.304001978,1894305.883269746,41.865938839,-87.735108549,"(41.8659388389088, -87.73510854901264)"
JEFFERY AND 95TH,2522,9500 S JEFFERY AVE,12/18/2017,3,1191132.420601301,1842335.735988875,41.722375907,-87.575499903,"(41.72237590704101, -87.57549990332795)"
CERMAK AND PULASKI,2332,2200 S PULASKI,12/18/2017,3,1150012.876838243,1889071.75851865,41.851521442,-87.724904787,"(41.85152144233116, -87.7249047867499)"
ROOSEVELT AND PULASKI,2311,1200 S PULASKI ROAD,12/18/2017,1,1149866.002247864,1894375.839200384,41.866079337,-87.725305995,"(41.86607933722178, -87.7253059948758)"
WESTERN AND 63RD,2373,2400 W 63RD ST,12/18/2017,2,1161444.415758584,1862848.534703658,41.779331844,-87.683675761,"(41.77933184429814, -87.68367576084798)"
CICERO AND ADDISON,1612,3600 N CICERO AVENUE,12/18/2017,1,1143698.904601495,1923517.005821035,41.946163524,-87.747215169,"(41.94616352362556, -87.74721516897007)"
KEDZIE AND 71ST,2354,3200 W 71ST STREET,12/18/2017,3,1156246.862901455,1857404.014959868,41.764497433,-87.702877023,"(41.76449743256955, -87.70287702335861)"
ELSTON AND LAWRENCE,1282,4800 N ELSTON AVENUE,12/18/2017,3,1145529.344259918,1931501.601268983,41.968039361,-87.740283894,"(41.96803936143674, -87.74028389448999)"
CICERO AND PETERSON,1202,6000 N CICERO AVENUE,12/18/2017,3,1143247.733553094,1939479.342905704,41.989973915,-87.748473024,"(41.98997391514614, -87.74847302426933)"
KOSTNER AND NORTH,2011,1600 N KOSTNER,05/26/2017,2,1146732.108679105,1910282.120990798,41.909788304,-87.736404667,"(41.90978830394343, -87.73640466739216)"
LASALLE AND KINZIE,1921,400 N LASALLE,12/18/2017,3,1175028.579766798,1903002.552291359,41.889225372,-87.632674115,"(41.88922537162015, -87.63267411498495)"
LARAMIE AND FULLERTON,1421,2400 N LARAMIE AVENUE,12/18/2017,3,1141282.877477884,1915479.163971956,41.924151874,-87.756294662,"(41.92415187425276, -87.75629466175003)"
CANAL AND ROOSEVELT,2291,1200 S CANAL STREET,12/18/2017,11,1173268.771030949,1894952.634878732,41.867175125,-87.639375813,"(41.86717512472001, -87.63937581258092)"
KEDZIE AND ARMITAGE,1832,2000 N KEDZIE AVENUE,12/18/2017,1,1154684.031809326,1913129.496340896,41.917446172,-87.707116072,"(41.91744617191702, -87.70711607187832)"
CORTLAND AND ASHLAND,1721,1900 N ASHLAND AVE,12/18/2017,14,1165348.084854857,1912736.454335569,41.916147281,-87.667947354,"(41.91614728095272, -87.66794735350443)"
CICERO AND CHICAGO,1781,800 N CICERO AVENUE,12/18/2017,1,1144169.162482127,1904893.189220372,41.895049038,-87.745955516,"(41.89504903796389, -87.74595551626888)"
DAMEN AND 63RD,2701,6300 S DAMEN AVENUE,12/18/2017,1,1164069.407943298,1862830.277442834,41.779226921,-87.674052731,"(41.77922692069256, -87.67405273137854)"
BELMONT AND KEDZIE,1373,3200 W BELMONT,12/18/2017,1,1154461.587940363,1921143.091003516,41.939440561,-87.707718516,"(41.93944056117365, -87.70771851630873)"
CORTLAND AND ASHLAND,1723,1600 W CORTLAND ST,12/18/2017,6,1165377.660768235,1912768.773647285,41.916235337,-87.667837772,"(41.91623533746878, -87.66783777212962)"
CERMAK AND PULASKI,2334,4000 W CERMAK,12/18/2017,2,1150018.476053666,1889120.238540361,41.851654369,-87.724882975,"(41.85165436867626, -87.7248829753078)"
ELSTON AND IRVING PARK,1503,3700 W IRVING PARK ROA,12/18/2017,4,,,,,
KOSTNER AND NORTH,2011,1600 N KOSTNER,12/18/2017,2,1146732.108679105,1910282.120990798,41.909788304,-87.736404667,"(41.90978830394343, -87.73640466739216)"
CENTRAL AND IRVING PARK,1183,5600 W IRVING PARK ROAD,12/18/2017,2,1138281.535484986,1926078.647777633,41.953292847,-87.767065708,"(41.953292847298, -87.76706570775266)"
CLARK AND FULLERTON,1632,2400 N CLARK ST,05/25/2017,1,1172749.562209477,1916238.997132859,41.925597623,-87.640650973,"(41.925597623023144, -87.64065097309872)"
ASHLAND AND MADISON,1911,0 N ASHLAND AVE,12/18/2017,1,,,,,
CICERO AND WASHINGTON,1891,100 N CICERO AVENUE,12/18/2017,3,1144328.984091479,1900095.170838459,41.88187971,-87.745489247,"(41.88187970991601, -87.7454892473012)"
KEDZIE AND 26TH,2382,2600 S KEDZIE AVENUE,12/18/2017,1,1155404.235510285,1886524.460033054,41.844424831,-87.705185452,"(41.84442483084393, -87.70518545233183)"
99TH AND HALSTED,2433,800 W 99TH ST,12/18/2017,11,1172710.642565684,1839246.330602143,41.714323337,-87.643066714,"(41.71432333701137, -87.64306671421937)"
CALIFORNIA AND DIVERSEY,1514,2800 W DIVERSEY,05/27/2017,10,1157212.54253358,1918526.674434943,41.932205395,-87.697679244,"(41.93220539506452, -87.6976792438691)"
LARAMIE AND FULLERTON,1424,5200 W FULLERTON AVENUE,12/18/2017,3,1141305.554932016,1915502.611239048,41.924215797,-87.756210755,"(41.92421579723144, -87.75621075458939)"
CALIFORNIA AND DIVERSEY,1513,2800 W DIVERSEY,12/18/2017,4,1157212.54253358,1918526.674434943,41.932205395,-87.697679244,"(41.93220539506452, -87.6976792438691)"
KEDZIE AND 31ST,2132,3100 S KEDZIE AVENUE,12/18/2017,3,1155483.167539854,1883867.660503274,41.837132671,-87.704967115,"(41.837132671422296, -87.70496711478727)"
IRVING PARK AND KILPATRICK,2763,4700 W IRVING PARK ROA,12/18/2017,4,,,,,
PULASKI AND ARMITAGE,1844,4000 W ARMITAGE AVENUE,12/18/2017,2,1149375.428872108,1913028.984273181,41.917275069,-87.726622746,"(41.91727506940875, -87.72662274644799)"
ASHLAND AND 95TH,2473,1600 W 95TH STREET,12/18/2017,3,1167323.753394196,1841755.029221382,41.721324412,-87.662724153,"(41.721324411975246, -87.66272415265087)"
WESTERN AND MARQUETTE,2674,2400 W MARQUETTE ROAD,12/18/2017,1,1161509.889315231,1860208.627404126,41.772086214,-87.683508858,"(41.772086214104526, -87.68350885781568)"
CICERO AND FULLERTON,1474,4800 W FULLERTON AVE,12/18/2017,2,1143967.570794243,1915568.504954477,41.924347036,-87.74642764,"(41.924347036010694, -87.74642763965628)"
ASHLAND AND IRVING PARK,1151,4000 N ASHLAND AVENUE,12/18/2017,2,1164899.463802581,1926665.661118925,41.954379326,-87.66919912,"(41.954379326212695, -87.66919911980419)"
WESTERN AND 79TH,2481,7900 S WESTERN AVE,05/04/2017,3,1161711.516404028,1852181.685686118,41.750054934,-87.682992203,"(41.750054933649984, -87.68299220290213)"
PULASKI AND BELMONT,1382,3200 N PULASKI RD,12/18/2017,4,1149125.621478734,1920994.556178086,41.939138154,-87.72733371,"(41.939138153500274, -87.7273337101426)"
PULASKI AND NORTH,1992,1600 N PULASKI AVENUE,12/18/2017,1,1149432.959240306,1910369.112502195,41.90997501,-87.726480523,"(41.909975010236906, -87.72648052306623)"
FOSTER AND BROADWAY,1111,5200 N BROADWAY ST,12/18/2017,4,1167334.508577915,1934714.008346532,41.976412143,-87.660015082,"(41.97641214294823, -87.66001508205365)"
DIVERSEY AND AUSTIN,1453,6000 W DIVERSEY AVENUE,12/18/2017,1,1135895.736169343,1918029.70673837,41.931248624,-87.776028612,"(41.931248623643455, -87.77602861172493)"
ELSTON AND ADDISON,1403,3216 W ADDISON ST,12/18/2017,7,1154199.729816868,1923799.345386665,41.946734755,-87.708609774,"(41.946734754927796, -87.7086097735515)"
CICERO AND 47TH,2204,4800 W 47TH ST,12/18/2017,2,1145130.048925744,1873078.44198302,41.807727017,-87.743229366,"(41.80772701677172, -87.74322936566276)"
PULASKI AND 79TH,2492,7900 S PULASKI ROAD,12/18/2017,3,1151054.87395657,1851842.663854121,41.749339,-87.722052091,"(41.74933900008238, -87.72205209091501)"
DIVISION AND DAMEN,1733,2000 W DIVISION,12/18/2017,3,1162815.710860194,1908034.672555531,41.903298793,-87.677383247,"(41.903298792681944, -87.67738324739636)"
ADDISON AND HARLEM,1593,7200 W ADDISON,12/18/2017,2,1127417.488447099,1923123.407710965,41.945373358,-87.807070326,"(41.94537335809189, -87.80707032561135)"
31ST ST AND MARTIN LUTHER KING DRIVE,2123,400 E 31ST STREET,12/18/2017,5,1179437.985396417,1884565.84226022,41.838534018,-87.617046113,"(41.838534018118914, -87.61704611345726)"
LAFAYETTE AND 87TH,2503,30 W 87TH STREET,05/26/2017,9,1177407.651800237,1847320.772058312,41.736376037,-87.625621311,"(41.736376036604916, -87.62562131092602)"
CICERO AND DIVERSEY,1691,2800 N CICERO AVENUE,12/18/2017,7,1143863.647574835,1918202.018463414,41.931575608,-87.746743301,"(41.93157560844622, -87.74674330113561)"
MILWAUKEE AND MONTROSE,1364,5075 W MONTROSE AVENUE,12/18/2017,4,1141716.746618898,1928736.076639057,41.960522088,-87.754371424,"(41.96052208819935, -87.75437142402293)"
SHERIDAN AND FOSTER,1132,5200 N SHERIDAN ROAD,12/18/2017,4,1168661.623718229,1934753.842272756,41.976492721,-87.655133605,"(41.97649272077833, -87.65513360456677)"
CENTRAL AND IRVING PARK,1182,4000 N CENTRAL AVENUE,12/18/2017,1,1138258.614129764,1926071.172884932,41.953272751,-87.767150151,"(41.95327275103541, -87.76715015131407)"
HALSTED AND FULLERTON,1704,800 W FULLERTON AVENUE,12/18/2017,3,1170525.624723311,1916208.443992778,41.925562791,-87.648823641,"(41.92556279107417, -87.64882364145232)"
ASHLAND AND 95TH,2472,9500 S ASHLAND AVENUE,12/18/2017,9,1167295.830128711,1841695.121217916,41.721160612,-87.662828139,"(41.72116061205213, -87.66282813939165)"
PETERSON AND WESTERN,1011,6000 N WESTERN AVE,12/18/2017,5,1159190.625032041,1939816.75471116,41.990586042,-87.689822473,"(41.99058604241958, -87.68982247294417)"
HALSTED AND DIVISION,1714,800 W DIVISION,12/18/2017,3,1170767.827960358,1908259.644151662,41.903745557,-87.648167011,"(41.90374555734733, -87.64816701062779)"
111TH AND HALSTED,2422,11100 S HALSTED ST,12/18/2017,7,1172923.657689312,1831209.044179248,41.692263123,-87.642522688,"(41.692263123425136, -87.6425226876268)"
PULASKI AND FOSTER,1104,4000 W FOSTER AVE,12/18/2017,1,1148759.16134887,1934294.249006446,41.975640616,-87.728335469,"(41.975640616231914, -87.72833546926573)"
DIVERSEY AND WESTERN,1431,2800 N WESTERN AVENUE,12/18/2017,7,1159837.205417355,1918550.506189309,41.932216988,-87.688033281,"(41.93221698794738, -87.68803328089533)"
ROOSEVELT AND HALSTED,2233,800 W ROOSEVELT ROAD,05/28/2017,6,1171199.282357741,1894968.056393724,41.867263098,-87.646972686,"(41.86726309836901, -87.64697268601648)"
WESTERN AND NORTH,1851,1600 N WESTERN AVE,12/18/2017,5,1160077.474351131,1910605.013316134,41.910409024,-87.687370268,"(41.91040902362901, -87.687370268401)"
87TH AND VINCENNES,2412,8700 S VINCENNES,12/18/2017,7,1172026.328989535,1847142.496643776,41.736006565,-87.645341819,"(41.73600656458518, -87.64534181897955)"
DIVERSEY AND AUSTIN,1454,6000 W DIVERSEY AVENUE,12/18/2017,2,1135895.736169343,1918029.70673837,41.931248624,-87.776028612,"(41.931248623643455, -87.77602861172493)"
WESTERN AND FULLERTON,1671,2400 N WESTERN AVENUE,12/18/2017,7,1159923.309342995,1915897.778561358,41.924935944,-87.687790255,"(41.92493594409127, -87.68779025471278)"
CICERO AND PETERSON,1204,4800 W PETERSON AVENUE,12/18/2017,8,1143273.766829016,1939491.944645127,41.990008007,-87.748376951,"(41.99000800729908, -87.74837695118997)"
CLARK AND IRVING PARK,1093,1300 W IRVING PARK ROAD,12/18/2017,5,1166777.545456989,1926719.73687357,41.954487567,-87.662293496,"(41.95448756687966, -87.66229349585691)"
WESTERN AND 79TH,2481,7900 S WESTERN AVE,12/18/2017,2,1161711.516404028,1852181.685686118,41.750054934,-87.682992203,"(41.750054933649984, -87.68299220290213)"
ROOSEVELT AND HALSTED,2234,800 W ROOSEVELT ROAD,12/18/2017,20,1171199.282357741,1894968.056393724,41.867263098,-87.646972686,"(41.86726309836901, -87.64697268601648)"
PULASKI AND DIVISION,1802,1200 N PULASKI ROAD,12/18/2017,1,1149459.590666926,1907723.219884254,41.902713902,-87.726451457,"(41.902713901936174, -87.72645145715836)"
HALSTED AND DIVISION,1711,1200 N HALSTED,12/18/2017,7,1170746.639428735,1908242.256010774,41.903698308,-87.648245351,"(41.90369830765008, -87.64824535062563)"
PULASKI AND NORTH,1994,4000 W NORTH AVENUE,12/18/2017,1,1149456.2688422,1910376.774019002,41.909995582,-87.726394693,"(41.90999558160536, -87.72639469321471)"
LAWRENCE AND WESTERN,1192,4800 N WESTERN AVENUE,12/18/2017,1,1159459.622430471,1931821.342623414,41.968640727,-87.689054241,"(41.96864072747715, -87.6890542408374)"
BELMONT AND KEDZIE,1372,3200 N KEDZIE AVE,05/25/2017,18,1154426.977874407,1921110.466549542,41.93935173,-87.707846594,"(41.93935173030961, -87.70784659359776)"
LARAMIE AND MADISON,2044,5200 W MADISON STREET,05/27/2017,11,1141706.965522802,1899567.55684314,41.880480752,-87.755130433,"(41.88048075170171, -87.75513043296509)"
PULASKI AND BELMONT,1383,4000 W BELMONT AVE,12/18/2017,2,1149131.866894851,1921018.50498026,41.93920375,-87.727310134,"(41.93920374986553, -87.72731013414392)"
PULASKI AND ARCHER,2153,5000 S ARCHER AVE,12/18/2017,1,1150501.818909837,1871162.311703322,41.802365973,-87.723576766,"(41.80236597333895, -87.72357676611004)"
KEDZIE AND 71ST,2352,7100 S KEDZIE AVENUE,12/18/2017,6,1156225.540366296,1857330.103443232,41.764295037,-87.702957162,"(41.764295036756856, -87.70295716211793)"
KEDZIE AND 63RD,2364,3200 W 63RD ST,12/18/2017,2,1156103.348831225,1862717.565210739,41.779081505,-87.703260365,"(41.77908150488341, -87.70326036544745)"
AUSTIN AND ADDISON,1491,3600 N AUSTIN AVENUE,12/18/2017,3,1135691.599896458,1923335.967306169,41.945813215,-87.776652162,"(41.9458132146695, -87.77665216156436)"
CICERO AND CHICAGO,1781,800 N CICERO AVENUE,12/25/2016,5,1144169.162482127,1904893.189220372,41.895049038,-87.745955516,"(41.89504903796389, -87.74595551626888)"
KIMBALL AND DIVERSEY,1581,2800 N KIMBALL AVENUE,12/18/2017,1,,,,,
CENTRAL AND ADDISON,1683,5600 W ADDISON STREET,12/18/2017,1,1138349.663302502,1923416.02157061,41.945985104,-87.766879952,"(41.94598510430888, -87.76687995165918)"
COLUMBUS AND ILLINOIS,1951,500 N COLUMBUS DRIVE,12/18/2017,10,1178372.808407292,1903693.06016042,41.891044569,-87.620371839,"(41.891044569124276, -87.620371839074)"
111TH AND HALSTED,2424,800 W 111TH ST,03/24/2017,7,1172945.404219168,1831282.917027882,41.692465363,-87.642440901,"(41.692465363421874, -87.64244090105778)"
ASHLAND AND FULLERTON,1652,2400 N ASHLAND AVENUE,12/18/2017,4,1165228.073342838,1916032.319169157,41.92519389,-87.668294363,"(41.92519388981048, -87.66829436339881)"
HOMAN/KIMBALL AND NORTH,1771,1600 N HOMAN AVENUE,12/18/2017,2,,,,,
HARLEM AND BELMONT,1394,7200 W BELMONT AVE,12/18/2017,6,1127504.698153561,1920475.415440844,41.938105479,-87.806809552,"(41.93810547939496, -87.80680955240743)"
CENTRAL AND CHICAGO,1973,5600 W CHICAGO AVENUE,12/18/2017,3,1138858.856732452,1904825.827586656,41.894962293,-87.765460791,"(41.89496229349977, -87.76546079122906)"
FULLERTON AND NARRAGANSETT,1554,6400 W FULLERTON AVENU,12/18/2017,3,1133317.594499059,1915293.661305931,41.923786189,-87.785567206,"(41.92378618871128, -87.78556720562165)"
HALSTED AND 95TH,2581,9500 S HALSTED STREET,12/18/2017,8,1172610.538363645,1841811.61926207,41.721365061,-87.643358042,"(41.72136506078306, -87.64335804234075)"
ASHLAND AND DIVISION,1793,1600 W DIVISION STREET,12/18/2017,3,1165489.684200442,1908112.312963909,41.903455316,-87.667558994,"(41.903455316483814, -87.66755899396976)"
KOSTNER AND NORTH,2013,4400 W NORTH,12/18/2017,3,1146738.551618032,1910309.595368032,41.909863573,-87.736380296,"(41.90986357340246, -87.73638029605371)"
63RD AND STATE,2714,1 E 63RD ST,12/18/2017,7,1177367.518733101,1863199.17768559,41.779949105,-87.625289553,"(41.779949104569106, -87.62528955333775)"
PULASKI AND FOSTER,1102,5200 N PULASKI RD,12/18/2017,4,1148746.251286324,1934286.914361976,41.97562074,-87.728383135,"(41.97562073966174, -87.72838313514907)"
WESTERN AND CHICAGO,1943,2400 W CHICAGO AVE,12/18/2017,2,1160226.686812944,1905300.904544474,41.895851041,-87.686968935,"(41.895851041123755, -87.68696893468467)"
CICERO AND ADDISON,1611,3600 N CICERO AVENUE,12/18/2017,7,1143698.904601495,1923517.005821035,41.946163524,-87.747215169,"(41.94616352362556, -87.74721516897007)"
RIDGE AND CLARK,1051,5930 N CLARK STREET,12/18/2017,4,1164554.784723473,1939388.511516442,41.98929863,-87.670104121,"(41.98929863013193, -87.67010412112992)"
HALSTED AND NORTH,1761,1600 N HALSTED STREET,12/18/2017,6,1170678.283433825,1910880.991397547,41.910940644,-87.648419043,"(41.91094064391597, -87.64841904272998)"
MADISON AND WESTERN,1934,2400 W MADISON,12/18/2017,1,1160384.621277157,1899988.655722373,41.881270504,-87.68653594,"(41.88127050428818, -87.68653594017124)"
CENTRAL AND LAKE,1743,5600 W LAKE STREET,12/18/2017,7,1138951.495695032,1902230.510465733,41.887838735,-87.765183663,"(41.887838735330206, -87.76518366338465)"
WESTERN AND ADDISON,1563,2400 W ADDISON,12/18/2017,1,1159719.041544334,1923878.577275797,41.946839991,-87.688320193,"(41.9468399910054, -87.68832019252964)"
HAMLIN AND LAKE,1881,300 N HAMLIN AVENUE,12/18/2017,12,1150970.026856642,1901381.688308858,41.885282636,-87.721069539,"(41.88528263580913, -87.72106953854511)"
CHICAGO AND CLARK,1964,100 W CHICAGO AVENUE,12/18/2017,5,1175374.528739575,1905745.47783364,41.896744347,-87.631321248,"(41.896744346875806, -87.63132124815151)"
KEDZIE AND 31ST,2134,3200 W 31ST STREET,12/18/2017,1,1155487.128005646,1883943.061106793,41.8373395,-87.704950558,"(41.83733950029648, -87.70495055800411)"
CICERO AND FULLERTON,1472,2400 N CICERO AVE,12/18/2017,2,1143961.592189569,1915545.343094087,41.92428359,-87.74645019,"(41.92428358982701, -87.74645019028947)"
ASHLAND AND MADISON,1914,1600 W MADISON,12/18/2017,3,1165723.014733182,1900136.515489506,41.881564167,-87.666929463,"(41.8815641670199, -87.66692946294842)"
CLARK AND IRVING PARK,1091,4000 N CLARK STREET,12/18/2017,5,1166736.149822904,1926699.323624709,41.954432441,-87.662446259,"(41.95443244141688, -87.66244625914061)"
BROADWAY/SHERIDAN AND DEVON,1123,1200 W DEVON AVE,12/18/2017,3,1167109.644248166,1942688.147952186,41.998298228,-87.660611661,"(41.99829822771884, -87.66061166063517)"
MILWAUKEE AND DEVON,1272,6400 N MILWAUKEE AVEN,12/18/2017,8,1132463.750397878,1942107.911507627,41.997382173,-87.788077674,"(41.99738217345368, -87.78807767391953)"
OGDEN AND KOSTNER,2222,2348 S KOSTNER AVENUE,12/18/2017,5,1147394.548182079,1887795.177782082,41.848068845,-87.734547457,"(41.8480688449598, -87.73454745748458)"
LARAMIE AND MADISON,2044,5200 W MADISON STREET,12/18/2017,8,1141706.965522802,1899567.55684314,41.880480752,-87.755130433,"(41.88048075170171, -87.75513043296509)"
STONEY ISLAND AND 79TH,2462,7900 S STONEY ISLAND,12/18/2017,2,1188181.571068297,1852908.934789311,41.751460603,-87.585971993,"(41.75146060316686, -87.5859719929647)"
SACRAMENTO AND LAKE,1822,150 N SACRAMENTO BOUL,12/18/2017,3,1156319.560664766,1900957.489351962,41.884012178,-87.701436479,"(41.88401217771363, -87.7014364786693)"
CANAL AND ROOSEVELT,2294,500 W ROOSEVELT ROAD,12/18/2017,10,1173290.72186561,1895021.166235495,41.867362693,-87.639293195,"(41.867362692616666, -87.63929319464197)"
LAKE SHORE DR AND BELMONT,1413,400 W BELMONT AVE,05/26/2017,59,1172981.744869382,1921577.376128802,41.940241193,-87.639639114,"(41.94024119325571, -87.63963911427594)"
DAMEN AND 63RD,2701,6300 S DAMEN AVENUE,12/24/2016,5,1164069.407943298,1862830.277442834,41.779226921,-87.674052731,"(41.77922692069256, -87.67405273137854)"
WESTERN AND NORTH,1853,2400 W NORTH AVE,12/18/2017,1,1160100.839010995,1910612.783367238,41.910429862,-87.687284221,"(41.91042986235867, -87.68728422050837)"
WESTERN AND ADDISON,1562,3600 N WESTERN AVENUE,11/19/2016,3,1159695.573342728,1923871.086283556,41.94681992,-87.688406662,"(41.94681991986288, -87.68840666206194)"
ARCHER AND CICERO,2084,5400 S ARCHER AVE,12/18/2017,4,1145209.426392053,1869810.657411975,41.798758208,-87.743020541,"(41.798758207843264, -87.74302054146467)"
KEDZIE AND 47TH,2104,3200 W 47TH ST,12/18/2017,4,1155815.231505056,1873336.169728074,41.808226246,-87.704031672,"(41.808226246244026, -87.70403167215984)"
LARAMIE AND MADISON,2043,5200 W MADISON STREET,12/18/2017,1,1141706.965522802,1899567.55684314,41.880480752,-87.755130433,"(41.88048075170171, -87.75513043296509)"
79TH AND KEDZIE,2443,3200 W 79TH ST,12/18/2017,3,1156402.644780165,1852104.649370984,41.749952001,-87.702448478,"(41.74995200142266, -87.70244847808695)"
HARLEM AND BELMONT,1391,3200 N HARLEM AVE,12/18/2017,1,1127481.020995451,1920467.613239239,41.938084468,-87.806896749,"(41.93808446822169, -87.80689674887883)"
63RD AND STATE,2712,6300 S STATE ST,12/24/2016,3,1177303.801895084,1863220.216755923,41.780008277,-87.625522512,"(41.78000827740796, -87.6255225119157)"
55TH and PULASKI,2244,4000 W 55TH ST,12/18/2017,3,1150621.676903861,1867864.274865394,41.793313334,-87.723223038,"(41.79331333358753, -87.72322303812588)"
STATE AND 79TH,2651,7900 S STATE STREET,12/18/2017,5,1177618.166929966,1852621.870232838,41.750918138,-87.624690123,"(41.7509181383154, -87.62469012251644)"
WESTERN AND TOUHY,1252,7200 N WESTERN AVENUE,12/18/2017,3,1158975.66256211,1947754.286963361,42.012371335,-87.690393917,"(42.012371334791766, -87.69039391737863)"
CICERO AND I55,2251,4200 S CICERO AVENUE,12/18/2017,69,1145023.742859509,1876358.276835519,41.816729387,-87.743536712,"(41.81672938674739, -87.74353671247594)"
CICERO AND PETERSON,1202,6000 N CICERO AVENUE,04/18/2017,3,1143247.733553094,1939479.342905704,41.989973915,-87.748473024,"(41.98997391514614, -87.74847302426933)"
MILWAUKEE AND DEVON,1274,6400 W DEVON AVENUE,12/18/2017,7,1132590.619798275,1942138.532048656,41.997463981,-87.787610243,"(41.99746398102873, -87.78761024341388)"
KEDZIE AND ARMITAGE,1832,2000 N KEDZIE AVENUE,03/24/2017,3,1154684.031809326,1913129.496340896,41.917446172,-87.707116072,"(41.91744617191702, -87.70711607187832)"
79TH AND HALSTED,2541,7900 S HALSTED STREET,12/18/2017,1,1172298.707400847,1852444.344822186,41.750549559,-87.644188368,"(41.750549559438944, -87.64418836784098)"
CENTRAL AND BELMONT,1604,5600 W BELMONT AVENUE,12/18/2017,1,1138453.617438343,1920755.972768412,41.938683775,-87.766562494,"(41.93868377475747, -87.76656249384537)"
WESTERN AND MARQUETTE,2672,6700 S WESTERN AVENUE,12/18/2017,8,1161488.747635042,1860134.788366884,41.771884028,-87.683588402,"(41.77188402771193, -87.68358840206334)"
LAFAYETTE AND 87TH,2502,8700 S LAFAYETTE AVEN,12/18/2017,10,1177417.493180297,1847243.988223464,41.73616511,-87.625587569,"(41.73616511008592, -87.62558756899932)"
ARCHER AND CICERO,2084,5400 S ARCHER AVE,01/04/2018,1,1145209.426392053,1869810.657411975,41.798758208,-87.743020541,"(41.798758207843264, -87.74302054146467)"
BROADWAY/SHERIDAN AND DEVON,1123,1200 W DEVON AVE,01/04/2018,1,1167109.644248166,1942688.147952186,41.998298228,-87.660611661,"(41.99829822771884, -87.66061166063517)"
HAMLIN AND MADISON,1903,3800 W MADISON STREET,01/04/2018,5,1151032.709141294,1899784.033986533,41.880897273,-87.720881226,"(41.880897273491264, -87.72088122613924)"
LARAMIE AND FULLERTON,1421,2400 N LARAMIE AVENUE,01/04/2018,1,1141282.877477884,1915479.163971956,41.924151874,-87.756294662,"(41.92415187425276, -87.75629466175003)"
KEDZIE AND 26TH,2382,2600 S KEDZIE AVENUE,12/25/2016,1,1155404.235510285,1886524.460033054,41.844424831,-87.705185452,"(41.84442483084393, -87.70518545233183)"
CLARK AND IRVING PARK,1091,4000 N CLARK STREET,01/04/2018,1,1166736.149822904,1926699.323624709,41.954432441,-87.662446259,"(41.95443244141688, -87.66244625914061)"
DIVISION AND DAMEN,1733,2000 W DIVISION,12/29/2017,8,1162815.710860194,1908034.672555531,41.903298793,-87.677383247,"(41.903298792681944, -87.67738324739636)"
PULASKI AND ARCHER,2154,5000 S ARCHER AVE,12/19/2017,3,1150501.818909837,1871162.311703322,41.802365973,-87.723576766,"(41.80236597333895, -87.72357676611004)"
WESTERN AND TOUHY,1251,7200 N WESTERN AVENUE,12/19/2017,1,1158975.66256211,1947754.286963361,42.012371335,-87.690393917,"(42.012371334791766, -87.69039391737863)"
HOMAN/KIMBALL AND NORTH,1771,1600 N HOMAN AVENUE,12/19/2017,4,,,,,
CHICAGO AND CLARK,1964,100 W CHICAGO AVENUE,12/19/2017,6,1175374.528739575,1905745.47783364,41.896744347,-87.631321248,"(41.896744346875806, -87.63132124815151)"
MADISON AND WESTERN,1934,2400 W MADISON,12/19/2017,2,1160384.621277157,1899988.655722373,41.881270504,-87.68653594,"(41.88127050428818, -87.68653594017124)"
WENTWORTH AND GARFIELD,2264,200 W GARFIELD BLVD,12/19/2017,3,1175889.574397302,1868551.750512227,41.794670385,-87.630547476,"(41.79467038468937, -87.63054747605638)"
PULASKI AND 63RD,2342,6300 S PULASKI RD,12/19/2017,2,1150746.00309079,1862516.747695325,41.778636469,-87.722906356,"(41.77863646878099, -87.72290635568541)"
DAMEN AND DIVERSEY,1462,2800 N DAMEN AVENUE,12/24/2016,5,1162490.04851994,1918611.623717091,41.932329494,-87.678282719,"(41.9323294940985, -87.67828271931386)"
WESTERN AND FOSTER,1074,2400 W FOSTER AVE,12/19/2017,4,1159379.402846887,1934502.712486132,41.97600019,-87.689275084,"(41.97600018976586, -87.68927508385399)"
119TH AND HALSTED,2404,800 W 119TH STREET,12/19/2017,2,1173111.174088158,1825985.001014405,41.677923389,-87.641989646,"(41.677923389134385, -87.64198964584013)"
KOSTNER AND NORTH,2011,1600 N KOSTNER,12/19/2017,4,1146732.108679105,1910282.120990798,41.909788304,-87.736404667,"(41.90978830394343, -87.73640466739216)"
CICERO AND DIVERSEY,1691,2800 N CICERO AVENUE,12/19/2017,3,1143863.647574835,1918202.018463414,41.931575608,-87.746743301,"(41.93157560844622, -87.74674330113561)"
KIMBALL AND DIVERSEY,1583,3400 W DIVERSEY AVENUE,12/19/2017,2,1153211.149172713,1918454.477800566,41.932087747,-87.71238583,"(41.932087747378944, -87.71238582951281)"
IRVING PARK AND KILPATRICK,2764,4700 W IRVING PARK ROA,05/26/2017,2,,,,,
CANAL AND ROOSEVELT,2291,1200 S CANAL STREET,12/19/2017,4,1173268.771030949,1894952.634878732,41.867175125,-87.639375813,"(41.86717512472001, -87.63937581258092)"
WESTERN AND NORTH,1851,1600 N WESTERN AVE,12/19/2017,8,1160077.474351131,1910605.013316134,41.910409024,-87.687370268,"(41.91040902362901, -87.687370268401)"
LAWRENCE AND CICERO,1041,4800 N CICERO AVE,12/19/2017,6,1143464.651785526,1931490.551883203,41.968048007,-87.747875985,"(41.968048007293845, -87.74787598468126)"
111TH AND HALSTED,2424,800 W 111TH ST,05/27/2017,7,1172945.404219168,1831282.917027882,41.692465363,-87.642440901,"(41.692465363421874, -87.64244090105778)"
87TH AND VINCENNES,2412,8700 S VINCENNES,05/29/2017,4,1172026.328989535,1847142.496643776,41.736006565,-87.645341819,"(41.73600656458518, -87.64534181897955)"
KEDZIE AND ARMITAGE,1832,2000 N KEDZIE AVENUE,12/19/2017,6,1154684.031809326,1913129.496340896,41.917446172,-87.707116072,"(41.91744617191702, -87.70711607187832)"
LAFAYETTE AND 87TH,2503,30 W 87TH STREET,12/19/2017,9,1177407.651800237,1847320.772058312,41.736376037,-87.625621311,"(41.736376036604916, -87.62562131092602)"
LAFAYETTE AND 87TH,2502,8700 S LAFAYETTE AVEN,12/19/2017,11,1177417.493180297,1847243.988223464,41.73616511,-87.625587569,"(41.73616511008592, -87.62558756899932)"
BELMONT AND KEDZIE,1373,3200 W BELMONT,05/27/2017,3,1154461.587940363,1921143.091003516,41.939440561,-87.707718516,"(41.93944056117365, -87.70771851630873)"
MONTROSE AND WESTERN,1221,4400 N WESTERN AVENUE,12/19/2017,3,1159539.733234718,1929183.918095502,41.961401846,-87.688832623,"(41.961401846278505, -87.6888326227788)"
4700 WESTERN,2142,4700 S WESTERN AVENUE,12/19/2017,5,1161120.438879703,1873431.066474726,41.808378408,-87.684570717,"(41.808378407946726, -87.68457071689552)"
79TH AND HALSTED,2543,800 W 79TH STREET,12/19/2017,1,1172320.105719411,1852517.9814434,41.750751157,-87.644107793,"(41.75075115747316, -87.64410779300933)"
STONEY ISLAND AND 76TH,2631,7600 S STONY ISLAND A,12/19/2017,17,1188092.796191935,1854889.354158304,41.756897173,-87.586234285,"(41.75689717260223, -87.58623428506996)"
PULASKI AND BELMONT,1383,4000 W BELMONT AVE,12/19/2017,1,1149131.866894851,1921018.50498026,41.93920375,-87.727310134,"(41.93920374986553, -87.72731013414392)"
DAMEN AND 63RD,2702,6300 S DAMEN AVENUE,12/19/2017,3,1164069.407943298,1862830.277442834,41.779226921,-87.674052731,"(41.77922692069256, -87.67405273137854)"
MILWAUKEE AND MONTROSE,1364,5075 W MONTROSE AVENUE,12/19/2017,1,1141716.746618898,1928736.076639057,41.960522088,-87.754371424,"(41.96052208819935, -87.75437142402293)"
CICERO AND NORTH,2034,4800 W NORTH AVENUE,12/19/2017,3,1144053.733747163,1910243.80567041,41.90973389,-87.746244973,"(41.909733890131285, -87.74624497295898)"
55TH AND WESTERN,2212,5500 S WESTERN AVE,12/19/2017,3,1161269.521335262,1867963.111601251,41.793370554,-87.684175377,"(41.79337055433029, -87.6841753767592)"
HALSTED AND MADISON,1871,1 S HALSTED STREET,12/19/2017,2,1171092.392868784,1900234.542088741,41.881717056,-87.647210539,"(41.88171705561901, -87.64721053920604)"
KEDZIE AND 26TH,2381,2600 S KEDZIE AVENUE,12/19/2017,2,1155404.235510285,1886524.460033054,41.844424831,-87.705185452,"(41.84442483084393, -87.70518545233183)"
LAWRENCE AND CICERO,1042,4800 N CICERO AVENUE,12/19/2017,7,1143464.651785526,1931490.551883203,41.968048007,-87.747875985,"(41.968048007293845, -87.74787598468126)"
PULASKI AND ARCHER,2153,5000 S ARCHER AVE,12/19/2017,4,1150501.818909837,1871162.311703322,41.802365973,-87.723576766,"(41.80236597333895, -87.72357676611004)"
ELSTON AND LAWRENCE,1282,4800 N ELSTON AVENUE,12/19/2017,4,1145529.344259918,1931501.601268983,41.968039361,-87.740283894,"(41.96803936143674, -87.74028389448999)"
75TH AND STATE,2624,1 E 75TH STREET,12/19/2017,6,1177601.72646404,1855229.486604181,41.758074111,-87.624671658,"(41.75807411097799, -87.62467165835182)"
BELMONT AND KEDZIE,1372,3200 N KEDZIE AVE,05/26/2017,9,1154426.977874407,1921110.466549542,41.93935173,-87.707846594,"(41.93935173030961, -87.70784659359776)"
WENTWORTH AND GARFIELD,2261,5500 S WENTWORTH AVEN,12/19/2017,21,,,,,
STONEY ISLAND AND 79TH,2462,7900 S STONEY ISLAND,12/19/2017,2,1188181.571068297,1852908.934789311,41.751460603,-87.585971993,"(41.75146060316686, -87.5859719929647)"
AUSTIN AND ADDISON,1491,3600 N AUSTIN AVENUE,12/19/2017,6,1135691.599896458,1923335.967306169,41.945813215,-87.776652162,"(41.9458132146695, -87.77665216156436)"
VAN BUREN AND WESTERN,2054,2400 W VAN BUREN STREE,05/27/2017,15,,,,,
SACRAMENTO AND CHICAGO,1814,3000 W CHICAGO AVENUE,12/19/2017,1,1156075.266375505,1905216.604770718,41.895704525,-87.702218524,"(41.895704524946225, -87.70221852353758)"
COLUMBUS AND ILLINOIS,1952,500 N COLUMBUS DRIVE,12/19/2017,2,1178372.808407292,1903693.06016042,41.891044569,-87.620371839,"(41.891044569124276, -87.620371839074)"
HALSTED AND FULLERTON,1704,800 W FULLERTON AVENUE,12/19/2017,7,1170525.624723311,1916208.443992778,41.925562791,-87.648823641,"(41.92556279107417, -87.64882364145232)"
KIMBALL AND DIVERSEY,1583,3400 W DIVERSEY AVENUE,05/04/2017,3,1153211.149172713,1918454.477800566,41.932087747,-87.71238583,"(41.932087747378944, -87.71238582951281)"
BELMONT AND KEDZIE,1373,3200 W BELMONT,12/19/2017,2,1154461.587940363,1921143.091003516,41.939440561,-87.707718516,"(41.93944056117365, -87.70771851630873)"
WESTERN AND CERMAK,1003,2400 W CERMAK ROAD,12/19/2017,1,1160678.000607329,1889375.645335924,41.852141307,-87.685752642,"(41.85214130680468, -87.6857526415569)"
CICERO AND NORTH,2033,4800 W NORTH AVENUE,12/19/2017,5,1144053.733747163,1910243.80567041,41.90973389,-87.746244973,"(41.909733890131285, -87.74624497295898)"
RIDGE AND CLARK,1052,5930 N CLARK STREET,12/19/2017,2,1164554.784723473,1939388.511516442,41.98929863,-87.670104121,"(41.98929863013193, -87.67010412112992)"
FULLERTON AND NARRAGANSETT,1553,6400 W FULLERTON AVENU,12/19/2017,1,1133317.594499059,1915293.661305931,41.923786189,-87.785567206,"(41.92378618871128, -87.78556720562165)"
CICERO AND WASHINGTON,1891,100 N CICERO AVENUE,12/24/2016,9,1144328.984091479,1900095.170838459,41.88187971,-87.745489247,"(41.88187970991601, -87.7454892473012)"
CICERO AND FULLERTON,1472,2400 N CICERO AVE,12/19/2017,2,1143961.592189569,1915545.343094087,41.92428359,-87.74645019,"(41.92428358982701, -87.74645019028947)"
CENTRAL AND FULLERTON,1442,2400 N CENTRAL AVENUE,12/19/2017,2,1138603.468418662,1915431.058212414,41.924068922,-87.766141214,"(41.92406892227644, -87.76614121413186)"
4700 WESTERN,2141,4700 S WESTERN AVENUE,12/19/2017,5,1161120.438879703,1873431.066474726,41.808378408,-87.684570717,"(41.808378407946726, -87.68457071689552)"
KOSTNER AND NORTH,2013,4400 W NORTH,04/18/2017,8,1146738.551618032,1910309.595368032,41.909863573,-87.736380296,"(41.90986357340246, -87.73638029605371)"
HAMLIN AND LAKE,1882,300 N HAMLIN AVENUE,12/19/2017,1,1150970.026856642,1901381.688308858,41.885282636,-87.721069539,"(41.88528263580913, -87.72106953854511)"
WESTERN AND 63RD,2371,6300 S WESTERN AVE,12/19/2017,1,1161415.712688877,1862772.38856596,41.779123484,-87.683783099,"(41.77912348383963, -87.68378309863576)"
PULASKI AND DIVISION,1802,1200 N PULASKI ROAD,12/19/2017,2,1149459.590666926,1907723.219884254,41.902713902,-87.726451457,"(41.902713901936174, -87.72645145715836)"
99TH AND HALSTED,2433,800 W 99TH ST,12/19/2017,11,1172710.642565684,1839246.330602143,41.714323337,-87.643066714,"(41.71432333701137, -87.64306671421937)"
IRVING PARK AND NARRAGANSETT,1023,6400 W IRVING PK,12/19/2017,2,1132945.939118726,1925946.304925137,41.953024751,-87.786683238,"(41.95302475075328, -87.78668323766634)"
ASHLAND AND LAWRENCE,1142,4800 N ASHLAND AVENUE,12/19/2017,5,1164751.686785145,1932001.206626392,41.96902343,-87.669590434,"(41.969023429614026, -87.66959043354217)"
LAWRENCE AND WESTERN,1192,4800 N WESTERN AVENUE,12/19/2017,2,1159459.622430471,1931821.342623414,41.968640727,-87.689054241,"(41.96864072747715, -87.6890542408374)"
WESTERN AND MARQUETTE,2674,2400 W MARQUETTE ROAD,12/19/2017,3,1161509.889315231,1860208.627404126,41.772086214,-87.683508858,"(41.772086214104526, -87.68350885781568)"
35TH AND WESTERN,2092,3500 S WESTERN,12/19/2017,1,1160894.949857101,1881376.851112895,41.830187255,-87.685177925,"(41.83018725526863, -87.68517792510231)"
71ST AND ASHLAND,2391,7100 S ASHLAND,12/19/2017,4,1166868.379865725,1857616.168087255,41.764859382,-87.663940176,"(41.764859382425385, -87.66394017630476)"
HOLLYWOOD AND SHERIDAN,1343,1000 W HOLLYWOOD AVE,12/19/2017,5,1168580.228926466,1938090.295189338,41.985649799,-87.655335807,"(41.98564979859328, -87.65533580655139)"
CALIFORNIA AND DEVON,1321,6400 N CALIFORNIA AVE,12/19/2017,2,1156461.150245401,1942370.37710537,41.997649133,-87.699792629,"(41.997649133049336, -87.69979262891378)"
CENTRAL AND ADDISON,1682,3600 N CENTRAL AVENUE,12/19/2017,3,1138343.117435682,1923392.067464765,41.945919491,-87.766904594,"(41.945919490555106, -87.76690459426293)"
ELSTON AND LAWRENCE,1284,4440 W LAWRENCE AVENUE,12/19/2017,3,1145715.061027481,1931571.0474838,41.968226398,-87.739599251,"(41.96822639754791, -87.73959925065756)"
ASHLAND AND DIVISION,1793,1600 W DIVISION STREET,12/19/2017,1,1165489.684200442,1908112.312963909,41.903455316,-87.667558994,"(41.903455316483814, -87.66755899396976)"
KEDZIE AND 47TH,2101,4700 S KEDZIE AVE,12/19/2017,3,1155791.949302478,1873270.778481327,41.808047272,-87.704118822,"(41.80804727165029, -87.70411882229871)"
CICERO AND CHICAGO,1783,4800 W CHICAGO AVENUE,12/19/2017,1,1144175.291152764,1904916.255225279,41.895112219,-87.745932427,"(41.89511221857764, -87.74593242701515)"
KOSTNER AND NORTH,2013,4400 W NORTH,12/19/2017,3,1146738.551618032,1910309.595368032,41.909863573,-87.736380296,"(41.90986357340246, -87.73638029605371)"
PULASKI AND FOSTER,1104,4000 W FOSTER AVE,12/19/2017,2,1148759.16134887,1934294.249006446,41.975640616,-87.728335469,"(41.975640616231914, -87.72833546926573)"
CLARK AND IRVING PARK,1093,1300 W IRVING PARK ROAD,12/19/2017,7,1166777.545456989,1926719.73687357,41.954487567,-87.662293496,"(41.95448756687966, -87.66229349585691)"
55TH AND KEDZIE,2162,5500 S KEDZIE AVENUE,12/19/2017,1,1155945.854705238,1867941.621374192,41.793420237,-87.703697508,"(41.793420236755864, -87.70369750845424)"
PULASKI AND DIVERSEY,1543,4000 W DIVERSEY AVENUE,12/19/2017,2,1149206.496130705,1918356.569267582,41.931897723,-87.72710503,"(41.9318977231462, -87.72710503045386)"
CENTRAL AND IRVING PARK,1183,5600 W IRVING PARK ROAD,12/19/2017,2,1138281.535484986,1926078.647777633,41.953292847,-87.767065708,"(41.953292847298, -87.76706570775266)"
DIVERSEY AND WESTERN,1431,2800 N WESTERN AVENUE,12/19/2017,6,1159837.205417355,1918550.506189309,41.932216988,-87.688033281,"(41.93221698794738, -87.68803328089533)"
31ST ST AND MARTIN LUTHER KING DRIVE,2123,400 E 31ST STREET,12/19/2017,4,1179437.985396417,1884565.84226022,41.838534018,-87.617046113,"(41.838534018118914, -87.61704611345726)"
PULASKI AND LAWRENCE,1172,4800 N PULASKI ROAD,12/19/2017,1,1148821.701520117,1931605.974570937,41.968262595,-87.728175316,"(41.968262595100775, -87.7281753157596)"
HOLLYWOOD AND SHERIDAN,1344,1000 W HOLLYWOOD AVE,12/19/2017,15,1168580.228926466,1938090.295189338,41.985649799,-87.655335807,"(41.98564979859328, -87.65533580655139)"
ASHLAND AND LAWRENCE,1143,1600 W LAWRENCE AVENUE,12/19/2017,5,1164771.946929007,1931988.254061312,41.968987457,-87.669516307,"(41.96898745654617, -87.66951630654926)"
CLARK AND IRVING PARK,1091,4000 N CLARK STREET,12/19/2017,1,1166736.149822904,1926699.323624709,41.954432441,-87.662446259,"(41.95443244141688, -87.66244625914061)"
CICERO AND FULLERTON,1474,4800 W FULLERTON AVE,12/19/2017,1,1143967.570794243,1915568.504954477,41.924347036,-87.74642764,"(41.924347036010694, -87.74642763965628)"
ROOSEVELT AND HALSTED,2234,800 W ROOSEVELT ROAD,12/14/2016,12,1171199.282357741,1894968.056393724,41.867263098,-87.646972686,"(41.86726309836901, -87.64697268601648)"
ASHLAND AND 95TH,2472,9500 S ASHLAND AVENUE,04/18/2017,7,1167295.830128711,1841695.121217916,41.721160612,-87.662828139,"(41.72116061205213, -87.66282813939165)"
ELSTON AND IRVING PARK,1502,4000 N ELSTON AVENUE,12/19/2017,1,1151273.974828198,1926311.849469842,41.953687266,-87.719297882,"(41.95368726563273, -87.71929788151473)"
CANAL AND ROOSEVELT,2291,1200 S CANAL STREET,05/04/2017,14,1173268.771030949,1894952.634878732,41.867175125,-87.639375813,"(41.86717512472001, -87.63937581258092)"
PULASKI AND ARCHER,2153,5000 S ARCHER AVE,05/26/2017,5,1150501.818909837,1871162.311703322,41.802365973,-87.723576766,"(41.80236597333895, -87.72357676611004)"
CICERO AND PETERSON,1202,6000 N CICERO AVENUE,12/19/2017,3,1143247.733553094,1939479.342905704,41.989973915,-87.748473024,"(41.98997391514614, -87.74847302426933)"
71ST AND ASHLAND,2394,1600 W 71ST,12/19/2017,3,1166890.012333149,1857674.2502247,41.765018306,-87.66385923,"(41.76501830555763, -87.66385923012646)"
AUSTIN AND ADDISON,1493,6000 W ADDISON STREET,12/19/2017,2,1135698.173154422,1923360.229527805,41.945879676,-87.776627421,"(41.94587967559099, -87.77662742093737)"
CICERO AND NORTH,2033,4800 W NORTH AVENUE,05/28/2017,2,1144053.733747163,1910243.80567041,41.90973389,-87.746244973,"(41.909733890131285, -87.74624497295898)"
HALSTED AND NORTH,1764,800 W NORTH AVENUE,12/19/2017,3,1170700.68422007,1910913.190749698,41.91102851,-87.648335806,"(41.91102850981186, -87.64833580602037)"
WESTERN AND FULLERTON,1672,2400 N WESTERN AVENUE,12/19/2017,1,1159923.309342995,1915897.778561358,41.924935944,-87.687790255,"(41.92493594409127, -87.68779025471278)"
CALIFORNIA AND DIVERSEY,1514,2800 W DIVERSEY,12/19/2017,27,1157212.54253358,1918526.674434943,41.932205395,-87.697679244,"(41.93220539506452, -87.6976792438691)"
ROOSEVELT AND KOSTNER,2323,4400 W ROOSEVELT,12/19/2017,4,1147200.963258796,1894379.538078088,41.866140868,-87.73508956,"(41.866140867641654, -87.73508956008207)"
ADDISON AND HARLEM,1591,3600 N HARLEM AVENUE,12/19/2017,3,1127394.594070737,1923110.532422811,41.945338412,-87.807154769,"(41.94533841246591, -87.80715476912044)"
CICERO AND 47TH,2202,4700 S CICERO AVE,11/19/2016,1,1145112.150373471,1873006.659918126,41.807530373,-87.743296821,"(41.80753037289406, -87.7432968212423)"
CICERO AND ADDISON,1611,3600 N CICERO AVENUE,12/19/2017,3,1143698.904601495,1923517.005821035,41.946163524,-87.747215169,"(41.94616352362556, -87.74721516897007)"
CALIFORNIA AND PETERSON,1313,2800 W PETERSON AVENUE,12/19/2017,6,1156569.515341857,1939784.830544118,41.990552082,-87.699464396,"(41.990552081681564, -87.69946439622785)"
KOSTNER AND NORTH,2012,4400 W GRAND AVE,12/19/2017,1,1146773.519128439,1910425.663958581,41.91018141,-87.73624887,"(41.910181409597406, -87.73624887040725)"
119TH AND HALSTED,2402,11900 S HALSTED,12/19/2017,5,1173094.774616191,1825911.054609338,41.677720829,-87.642051845,"(41.67772082924762, -87.64205184498218)"
55TH AND WESTERN,2213,2400 W 55TH STREET,12/24/2016,6,1161277.012730599,1868185.749490228,41.793981347,-87.684141741,"(41.7939813465735, -87.68414174128355)"
CICERO AND ARMITAGE,2001,2000 N CICERO AVENUE,12/19/2017,4,1144031.525719004,1912881.8300295,41.916973325,-87.746260223,"(41.91697332451097, -87.74626022251057)"
CICERO AND CHICAGO,1781,800 N CICERO AVENUE,12/19/2017,5,1144169.162482127,1904893.189220372,41.895049038,-87.745955516,"(41.89504903796389, -87.74595551626888)"
PULASKI AND FULLERTON,1484,4000 W FULLERTON AVE,12/19/2017,3,1149303.081963737,1915695.275222648,41.924593022,-87.726819268,"(41.92459302175305, -87.7268192684032)"
OGDEN AND KOSTNER,2223,4400 W OGDEN AVENUE,12/19/2017,7,1147406.592439224,1887689.099869462,41.847777523,-87.734505969,"(41.84777752280453, -87.73450596874825)"
WESTERN AND CERMAK,1002,2200 S WESTERN AVENUE,12/19/2017,4,1160669.42562757,1889318.196820393,41.85198384,-87.685785704,"(41.85198383957328, -87.68578570420526)"
HALSTED AND FULLERTON,1701,2400 N HALSTED STREET,12/19/2017,3,1170501.602639925,1916200.061550148,41.925540315,-87.648912156,"(41.925540315431995, -87.64891215551155)"
STONY ISLAND/CORNELL AND 67TH,2721,6700 S STONY ISLAND A,12/19/2017,3,1187984.143047539,1860863.338367666,41.773292896,-87.586442368,"(41.77329289585066, -87.58644236831432)"
HALSTED AND DIVISION,1711,1200 N HALSTED,12/19/2017,5,1170746.639428735,1908242.256010774,41.903698308,-87.648245351,"(41.90369830765008, -87.64824535062563)"
HALSTED AND 95TH,2581,9500 S HALSTED STREET,12/19/2017,6,1172610.538363645,1841811.61926207,41.721365061,-87.643358042,"(41.72136506078306, -87.64335804234075)"
63RD AND STATE,2712,6300 S STATE ST,12/19/2017,5,1177303.801895084,1863220.216755923,41.780008277,-87.625522512,"(41.78000827740796, -87.6255225119157)"
MILWAUKEE AND DEVON,1274,6400 W DEVON AVENUE,12/19/2017,3,1132590.619798275,1942138.532048656,41.997463981,-87.787610243,"(41.99746398102873, -87.78761024341388)"
DIVISION AND DAMEN,1733,2000 W DIVISION,12/19/2017,6,1162815.710860194,1908034.672555531,41.903298793,-87.677383247,"(41.903298792681944, -87.67738324739636)"
ASHLAND AND 87TH,2454,1600 W 87TH ST,12/19/2017,6,1167171.941297436,1847064.855345151,41.735898617,-87.663128781,"(41.735898617066006, -87.66312878090133)"
PULASKI AND PETERSON,1263,4000 W PETERSON AVENUE,05/27/2017,10,1148618.560490339,1939615.133928395,41.990244186,-87.728714391,"(41.99024418564742, -87.7287143910091)"
DAMEN AND 63RD,2701,6300 S DAMEN AVENUE,12/19/2017,4,1164069.407943298,1862830.277442834,41.779226921,-87.674052731,"(41.77922692069256, -87.67405273137854)"
FOSTER AND NAGLE,1031,5200 N NAGLE,12/19/2017,10,1132529.656558223,1934201.702060651,41.97568567,-87.788020406,"(41.97568566971868, -87.78802040620296)"
63RD AND STATE,2714,1 E 63RD ST,12/19/2017,3,1177367.518733101,1863199.17768559,41.779949105,-87.625289553,"(41.779949104569106, -87.62528955333775)"
PETERSON AND WESTERN,1011,6000 N WESTERN AVE,12/19/2017,6,1159190.625032041,1939816.75471116,41.990586042,-87.689822473,"(41.99058604241958, -87.68982247294417)"
HARLEM AND BELMONT,1394,7200 W BELMONT AVE,12/19/2017,2,1127504.698153561,1920475.415440844,41.938105479,-87.806809552,"(41.93810547939496, -87.80680955240743)"
LARAMIE AND FULLERTON,1421,2400 N LARAMIE AVENUE,12/19/2017,1,1141282.877477884,1915479.163971956,41.924151874,-87.756294662,"(41.92415187425276, -87.75629466175003)"
99TH AND HALSTED,2431,9900 S HALSTED ST,03/24/2017,22,1172689.754200318,1839171.652197216,41.714118868,-87.643145408,"(41.714118868089905, -87.64314540818165)"
SACRAMENTO AND CHICAGO,1812,800 N SACRAMENTO AVEN,12/19/2017,3,1156039.008141929,1905193.084100581,41.895640714,-87.702352328,"(41.89564071387542, -87.70235232767416)"
CALIFORNIA AND DEVON,1323,2800 W DEVON AVENUE,12/19/2017,1,1156484.528078038,1942377.980662191,41.997669523,-87.699706423,"(41.99766952286052, -87.69970642324591)"
LARAMIE AND MADISON,2044,5200 W MADISON STREET,12/19/2017,5,1141706.965522802,1899567.55684314,41.880480752,-87.755130433,"(41.88048075170171, -87.75513043296509)"
JEFFERY AND 95TH,2523,2000 E 95TH ST,12/19/2017,1,1191188.381103057,1842410.411853539,41.722579473,-87.575292523,"(41.722579473126416, -87.57529252250366)"
CORTLAND AND ASHLAND,1721,1900 N ASHLAND AVE,12/19/2017,23,1165348.084854857,1912736.454335569,41.916147281,-87.667947354,"(41.91614728095272, -87.66794735350443)"
ASHLAND AND 95TH,2472,9500 S ASHLAND AVENUE,12/19/2017,7,1167295.830128711,1841695.121217916,41.721160612,-87.662828139,"(41.72116061205213, -87.66282813939165)"
79TH AND HALSTED,2541,7900 S HALSTED STREET,12/19/2017,2,1172298.707400847,1852444.344822186,41.750549559,-87.644188368,"(41.750549559438944, -87.64418836784098)"
CANAL AND ROOSEVELT,2294,500 W ROOSEVELT ROAD,12/19/2017,5,1173290.72186561,1895021.166235495,41.867362693,-87.639293195,"(41.867362692616666, -87.63929319464197)"
COTTAGE GROVE AND 71ST,2572,7100 S COTTAGE GROVE,12/19/2017,5,1182746.23698699,1858088.011064538,41.765800351,-87.605729127,"(41.76580035131893, -87.6057291269901)"
DAMEN AND DIVERSEY,1464,2000 W DIVERSEY PARKWAY,12/19/2017,1,1162519.714934025,1918635.417634925,41.932394164,-87.678173031,"(41.93239416403691, -87.67817303087757)"
SACRAMENTO AND CHICAGO,1814,3000 W CHICAGO AVENUE,05/27/2017,2,1156075.266375505,1905216.604770718,41.895704525,-87.702218524,"(41.895704524946225, -87.70221852353758)"
CICERO AND 47TH,2204,4800 W 47TH ST,12/19/2017,2,1145130.048925744,1873078.44198302,41.807727017,-87.743229366,"(41.80772701677172, -87.74322936566276)"
HOMAN/KIMBALL AND NORTH,1773,3400 W NORTH AVE,12/19/2017,4,1153386.578905125,1910465.87061722,41.910162847,-87.711953868,"(41.91016284680269, -87.71195386769125)"
SHERIDAN AND FOSTER,1132,5200 N SHERIDAN ROAD,12/19/2017,2,1168661.623718229,1934753.842272756,41.976492721,-87.655133605,"(41.97649272077833, -87.65513360456677)"
111TH AND HALSTED,2422,11100 S HALSTED ST,12/19/2017,7,1172923.657689312,1831209.044179248,41.692263123,-87.642522688,"(41.692263123425136, -87.6425226876268)"
TOUHY AND OSCEOLA,1244,7432 W TOUHY AVENUE,05/25/2017,1,1125717.010560011,1947269.685461107,42.011661765,-87.812781431,"(42.01166176507329, -87.81278143114147)"
LARAMIE AND MADISON,2044,5200 W MADISON STREET,03/24/2017,14,1141706.965522802,1899567.55684314,41.880480752,-87.755130433,"(41.88048075170171, -87.75513043296509)"
WESTERN AND TOUHY,1252,7200 N WESTERN AVENUE,12/19/2017,1,1158975.66256211,1947754.286963361,42.012371335,-87.690393917,"(42.012371334791766, -87.69039391737863)"
CENTRAL AND DIVERSEY,1644,5600 W DIVERSEY AVENUE,12/19/2017,1,1138539.758528398,1918097.096677271,41.931385977,-87.766310532,"(41.93138597683265, -87.76631053155157)"
CLARK AND FULLERTON,1632,2400 N CLARK ST,12/19/2017,2,1172749.562209477,1916238.997132859,41.925597623,-87.640650973,"(41.925597623023144, -87.64065097309872)"
CICERO AND WASHINGTON,1892,100 N CICERO AVENUE,12/19/2017,4,1144328.984091479,1900095.170838459,41.88187971,-87.745489247,"(41.88187970991601, -87.7454892473012)"
KEDZIE AND 47TH,2104,3200 W 47TH ST,12/19/2017,2,1155815.231505056,1873336.169728074,41.808226246,-87.704031672,"(41.808226246244026, -87.70403167215984)"
PULASKI AND BELMONT,1382,3200 N PULASKI RD,12/19/2017,1,1149125.621478734,1920994.556178086,41.939138154,-87.72733371,"(41.939138153500274, -87.7273337101426)"
ASHLAND AND FULLERTON,1652,2400 N ASHLAND AVENUE,12/19/2017,5,1165228.073342838,1916032.319169157,41.92519389,-87.668294363,"(41.92519388981048, -87.66829436339881)"
DIVISION AND DAMEN,1734,2000 W DIVISION,12/19/2017,6,1162815.710860194,1908034.672555531,41.903298793,-87.677383247,"(41.903298792681944, -87.67738324739636)"
HAMLIN AND LAKE,1881,300 N HAMLIN AVENUE,12/19/2017,7,1150970.026856642,1901381.688308858,41.885282636,-87.721069539,"(41.88528263580913, -87.72106953854511)"
DAMEN AND FULLERTON,1663,2000 W FULLERTON AVE,12/19/2017,1,1162596.935552891,1915990.579747891,41.925134944,-87.677963546,"(41.92513494374925, -87.67796354553815)"
WESTERN AND 79TH,2481,7900 S WESTERN AVE,12/19/2017,3,1161711.516404028,1852181.685686118,41.750054934,-87.682992203,"(41.750054933649984, -87.68299220290213)"
LAWRENCE AND WESTERN,1193,2400 W LAWRENCE AVENUE,12/19/2017,4,1159482.648570304,1931851.989492596,41.968724349,-87.688968727,"(41.96872434882172, -87.68896872699601)"
LAKE SHORE DR AND BELMONT,1413,400 W BELMONT AVE,12/19/2017,34,1172981.744869382,1921577.376128802,41.940241193,-87.639639114,"(41.94024119325571, -87.63963911427594)"
ASHLAND AND MADISON,1911,0 N ASHLAND AVE,12/19/2017,6,,,,,
PULASKI AND FOSTER,1102,5200 N PULASKI RD,12/19/2017,4,1148746.251286324,1934286.914361976,41.97562074,-87.728383135,"(41.97562073966174, -87.72838313514907)"
KEDZIE AND 71ST,2352,7100 S KEDZIE AVENUE,12/19/2017,4,1156225.540366296,1857330.103443232,41.764295037,-87.702957162,"(41.764295036756856, -87.70295716211793)"
31ST ST AND MARTIN LUTHER KING DRIVE,2123,400 E 31ST STREET,05/25/2017,9,1179437.985396417,1884565.84226022,41.838534018,-87.617046113,"(41.838534018118914, -87.61704611345726)"
IRVING PARK AND NARRAGANSETT,1024,6400 W IRVING PK,12/19/2017,5,1132945.939118726,1925946.304925137,41.953024751,-87.786683238,"(41.95302475075328, -87.78668323766634)"
PULASKI AND IRVING PARK,1574,4000 W IRVING PARK RD,12/19/2017,4,1148988.727877253,1926320.954938409,41.953756874,-87.727698513,"(41.95375687447515, -87.72769851312907)"
CENTRAL AND LAKE,1743,5600 W LAKE STREET,12/19/2017,4,1138951.495695032,1902230.510465733,41.887838735,-87.765183663,"(41.887838735330206, -87.76518366338465)"
OGDEN AND KOSTNER,2222,2348 S KOSTNER AVENUE,12/19/2017,9,1147394.548182079,1887795.177782082,41.848068845,-87.734547457,"(41.8480688449598, -87.73454745748458)"
CERMAK AND PULASKI,2334,4000 W CERMAK,12/19/2017,2,1150018.476053666,1889120.238540361,41.851654369,-87.724882975,"(41.85165436867626, -87.7248829753078)"
CALIFORNIA AND DIVERSEY,1511,2800 N CALIFORNIA AVE,12/19/2017,4,1157189.355049829,1918495.644754069,41.932120719,-87.6977653,"(41.93212071910647, -87.69776530036465)"
STONEY ISLAND AND 79TH,2464,1600 E 79TH ST,12/19/2017,2,1188284.704439907,1852964.829047574,41.751611523,-87.585592284,"(41.75161152327319, -87.58559228428787)"
CICERO AND I55,2251,4200 S CICERO AVENUE,12/19/2017,64,1145023.742859509,1876358.276835519,41.816729387,-87.743536712,"(41.81672938674739, -87.74353671247594)"
PULASKI AND DIVISION,1801,1200 N PULASKI ROAD,12/19/2017,1,1149459.590666926,1907723.219884254,41.902713902,-87.726451457,"(41.902713901936174, -87.72645145715836)"
LAKE SHORE DR AND BELMONT,1412,3200 N LAKESHORE DRIV,12/19/2017,13,1173053.220555078,1921821.380831705,41.940909163,-87.63936916,"(41.94090916326764, -87.63936915995522)"
99TH AND HALSTED,2431,9900 S HALSTED ST,12/19/2017,17,1172689.754200318,1839171.652197216,41.714118868,-87.643145408,"(41.714118868089905, -87.64314540818165)"
WESTERN AND MARQUETTE,2672,6700 S WESTERN AVENUE,12/19/2017,7,1161488.747635042,1860134.788366884,41.771884028,-87.683588402,"(41.77188402771193, -87.68358840206334)"
PULASKI AND IRVING PARK,1572,4000 N PULASKI ROAD,12/19/2017,4,1148970.255325552,1926313.600468643,41.953737051,-87.727766612,"(41.95373705144353, -87.72776661179896)"
MONTROSE AND WESTERN,1224,2400 W MONTROSE AVENUE,12/19/2017,1,1159562.971802959,1929191.337701253,41.961421726,-87.68874698,"(41.961421726406314, -87.68874697983858)"
ASHLAND AND FULLERTON,1651,2400 N ASHLAND AVENUE,12/19/2017,5,1165228.073342838,1916032.319169157,41.92519389,-87.668294363,"(41.92519388981048, -87.66829436339881)"
COTTAGE GROVE AND 71ST,2571,7100 S COTTAGE GROVE,12/19/2017,1,1182746.23698699,1858088.011064538,41.765800351,-87.605729127,"(41.76580035131893, -87.6057291269901)"
MONTROSE AND WESTERN,1224,2400 W MONTROSE AVENUE,03/24/2017,2,1159562.971802959,1929191.337701253,41.961421726,-87.68874698,"(41.961421726406314, -87.68874697983858)"
CENTRAL AND LAKE,1742,400 N CENTRAL AVENUE,12/19/2017,1,1138928.478257537,1902217.926149854,41.887804621,-87.765268498,"(41.88780462053497, -87.76526849810371)"
75TH AND STATE,2624,1 E 75TH STREET,04/18/2017,14,1177601.72646404,1855229.486604181,41.758074111,-87.624671658,"(41.75807411097799, -87.62467165835182)"
ROOSEVELT AND HALSTED,2234,800 W ROOSEVELT ROAD,12/19/2017,16,1171199.282357741,1894968.056393724,41.867263098,-87.646972686,"(41.86726309836901, -87.64697268601648)"
ASHLAND AND IRVING PARK,1151,4000 N ASHLAND AVENUE,12/19/2017,1,1164899.463802581,1926665.661118925,41.954379326,-87.66919912,"(41.954379326212695, -87.66919911980419)"
VAN BUREN AND WESTERN,2054,2400 W VAN BUREN STREE,12/19/2017,7,,,,,
DIVERSEY AND AUSTIN,1454,6000 W DIVERSEY AVENUE,12/19/2017,4,1135895.736169343,1918029.70673837,41.931248624,-87.776028612,"(41.931248623643455, -87.77602861172493)"
PULASKI AND LAWRENCE,1173,4000 W LAWRENCE AVENUE,12/19/2017,2,1148844.220085601,1931638.45430438,41.968351285,-87.728091672,"(41.96835128527914, -87.72809167198088)"
ROOSEVELT AND PULASKI,2311,1200 S PULASKI ROAD,12/25/2016,2,1149866.002247864,1894375.839200384,41.866079337,-87.725305995,"(41.86607933722178, -87.7253059948758)"
CICERO AND WASHINGTON,1891,100 N CICERO AVENUE,12/19/2017,11,1144328.984091479,1900095.170838459,41.88187971,-87.745489247,"(41.88187970991601, -87.7454892473012)"
IRVING PARK AND NARRAGANSETT,1023,6400 W IRVING PK,05/25/2017,4,1132945.939118726,1925946.304925137,41.953024751,-87.786683238,"(41.95302475075328, -87.78668323766634)"
KIMBALL AND DIVERSEY,1581,2800 N KIMBALL AVENUE,12/19/2017,3,,,,,
HAMLIN AND MADISON,1901,0 N HAMLIN BOULEVARD,12/19/2017,2,,,,,
DIVERSEY AND WESTERN,1434,2400 W DIVERSEY AVENUE,12/19/2017,3,1159859.648423836,1918576.255784305,41.932287183,-87.687950093,"(41.93228718299094, -87.6879500934122)"
ARCHER AND CICERO,2084,5400 S ARCHER AVE,12/19/2017,3,1145209.426392053,1869810.657411975,41.798758208,-87.743020541,"(41.798758207843264, -87.74302054146467)"
FULLERTON AND NARRAGANSETT,1554,6400 W FULLERTON AVENU,12/19/2017,2,1133317.594499059,1915293.661305931,41.923786189,-87.785567206,"(41.92378618871128, -87.78556720562165)"
TOUHY AND OSCEOLA,1244,7432 W TOUHY AVENUE,12/19/2017,1,1125717.010560011,1947269.685461107,42.011661765,-87.812781431,"(42.01166176507329, -87.81278143114147)"
CICERO AND ADDISON,1612,3600 N CICERO AVENUE,12/19/2017,5,1143698.904601495,1923517.005821035,41.946163524,-87.747215169,"(41.94616352362556, -87.74721516897007)"
CHICAGO AND CLARK,1963,100 W CHICAGO AVENUE,12/19/2017,2,1175374.528739575,1905745.47783364,41.896744347,-87.631321248,"(41.896744346875806, -87.63132124815151)"
CLARK AND FULLERTON,1631,2400 N CLARK ST,12/19/2017,2,1172749.562209477,1916238.997132859,41.925597623,-87.640650973,"(41.925597623023144, -87.64065097309872)"
ELSTON AND IRVING PARK,1503,3700 W IRVING PARK ROA,12/19/2017,9,,,,,
IRVING PARK AND KILPATRICK,2763,4700 W IRVING PARK ROA,12/19/2017,3,,,,,
CICERO AND HARRISON,2023,4800 W HARRISON STREET,12/19/2017,1,1144451.867388303,1896949.561959463,41.873245464,-87.745117179,"(41.873245464379586, -87.7451171788807)"
CICERO AND DIVERSEY,1694,4800 W DIVERSEY AVENUE,12/19/2017,2,1143869.848167704,1918226.043989398,41.93164142,-87.746719911,"(41.93164142040689, -87.7467199106462)"
CERMAK AND PULASKI,2332,2200 S PULASKI,12/19/2017,5,1150012.876838243,1889071.75851865,41.851521442,-87.724904787,"(41.85152144233116, -87.7249047867499)"
CORTLAND AND ASHLAND,1723,1600 W CORTLAND ST,12/19/2017,4,1165377.660768235,1912768.773647285,41.916235337,-87.667837772,"(41.91623533746878, -87.66783777212962)"
CICERO AND HARRISON,2022,600 S CICERO AVENUE,12/19/2017,8,1144444.97442848,1896894.622216872,41.873094833,-87.745143869,"(41.873094832519136, -87.74514386884542)"
87TH AND VINCENNES,2413,848 W 87TH STREET,12/19/2017,8,1172002.531006759,1847197.326168367,41.736157546,-87.6454274,"(41.73615754630335, -87.64542740049411)"
HALSTED AND 103RD,2593,800 W 103RD STREET,05/26/2017,3,1172778.570616036,1836587.755252818,41.70702632,-87.642896007,"(41.707026319812215, -87.64289600741817)"
ROOSEVELT AND HALSTED,2233,800 W ROOSEVELT ROAD,12/19/2017,7,1171199.282357741,1894968.056393724,41.867263098,-87.646972686,"(41.86726309836901, -87.64697268601648)"
55TH AND WESTERN,2213,2400 W 55TH STREET,12/19/2017,5,1161277.012730599,1868185.749490228,41.793981347,-87.684141741,"(41.7939813465735, -87.68414174128355)"
ASHLAND AND IRVING PARK,1153,1600 W IRVING PARK ROA,12/19/2017,1,,,,,
IRVING PARK AND KILPATRICK,2764,4700 W IRVING PARK ROA,12/19/2017,1,,,,,
LASALLE AND KINZIE,1921,400 N LASALLE,12/19/2017,9,1175028.579766798,1903002.552291359,41.889225372,-87.632674115,"(41.88922537162015, -87.63267411498495)"
WESTERN AND CHICAGO,1941,800 N WESTERN AVE,12/19/2017,1,1160220.967978608,1905277.507115921,41.895786955,-87.686990586,"(41.89578695485361, -87.68699058611217)"
87TH AND VINCENNES,2412,8700 S VINCENNES,12/19/2017,12,1172026.328989535,1847142.496643776,41.736006565,-87.645341819,"(41.73600656458518, -87.64534181897955)"
PULASKI AND ARMITAGE,1843,4000 W ARMITAGE AVENUE,12/19/2017,2,1149375.428872108,1913028.984273181,41.917275069,-87.726622746,"(41.91727506940875, -87.72662274644799)"
SACRAMENTO AND LAKE,1822,150 N SACRAMENTO BOUL,12/19/2017,2,1156319.560664766,1900957.489351962,41.884012178,-87.701436479,"(41.88401217771363, -87.7014364786693)"
KEDZIE AND 71ST,2354,3200 W 71ST STREET,12/19/2017,2,1156246.862901455,1857404.014959868,41.764497433,-87.702877023,"(41.76449743256955, -87.70287702335861)"
HALSTED AND MADISON,1872,1 N HALSTED STREET,12/19/2017,4,1171090.967986833,1900270.454015136,41.881815632,-87.647214717,"(41.88181563164203, -87.64721471704077)"
ASHLAND AND 87TH,2452,8700 S ASHLAND AVE,12/19/2017,3,1167150.470087748,1846991.212339794,41.735696989,-87.663209544,"(41.73569698863625, -87.66320954445679)"
MILWAUKEE AND DEVON,1272,6400 N MILWAUKEE AVEN,12/19/2017,2,1132463.750397878,1942107.911507627,41.997382173,-87.788077674,"(41.99738217345368, -87.78807767391953)"
PULASKI AND CHICAGO,1982,800 N PULASKI ROAD,12/19/2017,1,1149538.444844035,1905079.034990625,41.895456457,-87.726230541,"(41.895456456825386, -87.72623054051289)"
KEDZIE AND ARMITAGE,1832,2000 N KEDZIE AVENUE,11/19/2016,6,1154684.031809326,1913129.496340896,41.917446172,-87.707116072,"(41.91744617191702, -87.70711607187832)"
PULASKI AND NORTH,1994,4000 W NORTH AVENUE,12/19/2017,3,1149456.2688422,1910376.774019002,41.909995582,-87.726394693,"(41.90999558160536, -87.72639469321471)"
DIVERSEY AND AUSTIN,1453,6000 W DIVERSEY AVENUE,12/19/2017,1,1135895.736169343,1918029.70673837,41.931248624,-87.776028612,"(41.931248623643455, -87.77602861172493)"
IRVING PARK AND LARAMIE,1533,5200 W IRVING PARK ROA,12/19/2017,3,,,,,
CENTRAL AND CHICAGO,1973,5600 W CHICAGO AVENUE,12/24/2016,4,1138858.856732452,1904825.827586656,41.894962293,-87.765460791,"(41.89496229349977, -87.76546079122906)"
STATE AND 79TH,2654,1 E 79TH STREET,12/19/2017,19,1177680.113652821,1852598.313477786,41.750852096,-87.624463832,"(41.75085209551078, -87.62446383210285)"
STATE AND 79TH,2651,7900 S STATE STREET,12/19/2017,2,1177618.166929966,1852621.870232838,41.750918138,-87.624690123,"(41.7509181383154, -87.62469012251644)"
PULASKI AND FULLERTON,1481,2400 N PULASKI RD,12/19/2017,1,1149275.963864089,1915687.631931757,41.924572574,-87.726919111,"(41.92457257416937, -87.72691911144182)"
CALIFORNIA AND DIVERSEY,1513,2800 W DIVERSEY,12/19/2017,2,1157212.54253358,1918526.674434943,41.932205395,-87.697679244,"(41.93220539506452, -87.6976792438691)"
AUSTIN AND IRVING PARK,1161,4000 N AUSTIN AVENUE,04/18/2017,2,1135599.956110927,1926006.862619986,41.953144059,-87.776925284,"(41.95314405904539, -87.77692528423394)"
HALSTED AND 95TH,2582,9500 S HALSTED STREET,12/19/2017,7,1172610.538363645,1841811.61926207,41.721365061,-87.643358042,"(41.72136506078306, -87.64335804234075)"
FOSTER AND BROADWAY,1111,5200 N BROADWAY ST,12/19/2017,2,1167334.508577915,1934714.008346532,41.976412143,-87.660015082,"(41.97641214294823, -87.66001508205365)"
55TH and PULASKI,2244,4000 W 55TH ST,12/19/2017,1,1150621.676903861,1867864.274865394,41.793313334,-87.723223038,"(41.79331333358753, -87.72322303812588)"
ELSTON AND ADDISON,1402,3600 N ELSTON AVE,12/19/2017,2,1154106.95251778,1923731.036211081,41.946549165,-87.708952626,"(41.94654916480637, -87.70895262603513)"
CENTRAL AND CHICAGO,1972,800 N CENTRAL AVENUE,12/19/2017,4,1138836.562608552,1904801.732832435,41.894896579,-87.765543258,"(41.89489657939746, -87.76554325845893)"
JEFFERY AND 95TH,2522,9500 S JEFFERY AVE,12/19/2017,4,1191132.420601301,1842335.735988875,41.722375907,-87.575499903,"(41.72237590704101, -87.57549990332795)"
PETERSON AND WESTERN,1014,2400 W PETERSON,12/19/2017,6,1159214.211316277,1939825.301874586,41.99060901,-87.689735481,"(41.990609009807294, -87.68973548092968)"
ASHLAND AND 95TH,2473,1600 W 95TH STREET,12/19/2017,2,1167323.753394196,1841755.029221382,41.721324412,-87.662724153,"(41.721324411975246, -87.66272415265087)"
35TH AND WESTERN,2091,3500 S WESTERN,12/19/2017,2,1160894.949857101,1881376.851112895,41.830187255,-87.685177925,"(41.83018725526863, -87.68517792510231)"
55TH AND KEDZIE,2163,3200 W 55TH STREET,12/19/2017,3,1155966.956993183,1868015.593764152,41.793622803,-87.703618141,"(41.79362280329978, -87.70361814062049)"
79TH AND KEDZIE,2443,3200 W 79TH ST,12/19/2017,3,1156402.644780165,1852104.649370984,41.749952001,-87.702448478,"(41.74995200142266, -87.70244847808695)"
STONY ISLAND/CORNELL AND 67TH,2731,6700 S CORNELL DRIVE,12/19/2017,10,1188316.454860734,1860851.137456735,41.77325149,-87.5852246,"(41.77325148959568, -87.58522459967712)"
LARAMIE AND MADISON,2043,5200 W MADISON STREET,12/19/2017,4,1141706.965522802,1899567.55684314,41.880480752,-87.755130433,"(41.88048075170171, -87.75513043296509)"
BELMONT AND KEDZIE,1372,3200 N KEDZIE AVE,12/19/2017,7,1154426.977874407,1921110.466549542,41.93935173,-87.707846594,"(41.93935173030961, -87.70784659359776)"
ELSTON AND ADDISON,1403,3216 W ADDISON ST,12/19/2017,5,1154199.729816868,1923799.345386665,41.946734755,-87.708609774,"(41.946734754927796, -87.7086097735515)"
AUSTIN AND IRVING PARK,1161,4000 N AUSTIN AVENUE,12/19/2017,3,1135599.956110927,1926006.862619986,41.953144059,-87.776925284,"(41.95314405904539, -87.77692528423394)"
RIDGE AND CLARK,1051,5930 N CLARK STREET,12/19/2017,1,1164554.784723473,1939388.511516442,41.98929863,-87.670104121,"(41.98929863013193, -87.67010412112992)"
HALSTED AND NORTH,1761,1600 N HALSTED STREET,12/19/2017,2,1170678.283433825,1910880.991397547,41.910940644,-87.648419043,"(41.91094064391597, -87.64841904272998)"
KEDZIE AND 26TH,2382,2600 S KEDZIE AVENUE,12/19/2017,2,1155404.235510285,1886524.460033054,41.844424831,-87.705185452,"(41.84442483084393, -87.70518545233183)"
ROOSEVELT AND PULASKI,2311,1200 S PULASKI ROAD,12/19/2017,3,1149866.002247864,1894375.839200384,41.866079337,-87.725305995,"(41.86607933722178, -87.7253059948758)"
CALIFORNIA AND PETERSON,1311,6000 N CALIFORNIA AVE,12/19/2017,1,1156545.742699118,1939775.775541795,41.990527717,-87.699552084,"(41.990527717148176, -87.69955208405155)"
VAN BUREN AND WESTERN,2052,400 S WESTERN AVENUE,12/19/2017,24,1160431.682297829,1898091.942371589,41.876064776,-87.686415631,"(41.87606477642526, -87.68641563098768)"
HALSTED AND DIVISION,1714,800 W DIVISION,12/19/2017,4,1170767.827960358,1908259.644151662,41.903745557,-87.648167011,"(41.90374555734733, -87.64816701062779)"
ROOSEVELT AND KOSTNER,2321,1200 S KOSTNER,12/19/2017,1,1147196.304001978,1894305.883269746,41.865938839,-87.735108549,"(41.8659388389088, -87.73510854901264)"
COLUMBUS AND ILLINOIS,1951,500 N COLUMBUS DRIVE,12/19/2017,4,1178372.808407292,1903693.06016042,41.891044569,-87.620371839,"(41.891044569124276, -87.620371839074)"
DAMEN AND DIVERSEY,1462,2800 N DAMEN AVENUE,12/19/2017,2,1162490.04851994,1918611.623717091,41.932329494,-87.678282719,"(41.9323294940985, -87.67828271931386)"
WESTERN AND 63RD,2373,2400 W 63RD ST,12/19/2017,1,1161444.415758584,1862848.534703658,41.779331844,-87.683675761,"(41.77933184429814, -87.68367576084798)"
PULASKI AND 79TH,2492,7900 S PULASKI ROAD,12/19/2017,1,1151054.87395657,1851842.663854121,41.749339,-87.722052091,"(41.74933900008238, -87.72205209091501)"
CENTRAL AND FULLERTON,1444,5600 W FULLERTON AVENU,12/19/2017,1,1138627.279189421,1915438.969256439,41.924090199,-87.76605353,"(41.92409019883488, -87.76605353016079)"
FOSTER AND BROADWAY,1113,1200 W FOSTER AVE,12/19/2017,5,1167357.095930752,1934721.393266777,41.97643192,-87.659931806,"(41.97643192018459, -87.65993180604016)"
WESTERN AND FULLERTON,1671,2400 N WESTERN AVENUE,12/19/2017,6,1159923.309342995,1915897.778561358,41.924935944,-87.687790255,"(41.92493594409127, -87.68779025471278)"
FOSTER AND BROADWAY,1113,1200 W FOSTER AVE,05/04/2017,3,1167357.095930752,1934721.393266777,41.97643192,-87.659931806,"(41.97643192018459, -87.65993180604016)"
CENTRAL AND IRVING PARK,1182,4000 N CENTRAL AVENUE,12/19/2017,3,1138258.614129764,1926071.172884932,41.953272751,-87.767150151,"(41.95327275103541, -87.76715015131407)"
PULASKI AND DIVERSEY,1542,2800 N PULASKI ROAD,12/19/2017,1,1149200.724531183,1918332.222549679,41.931831026,-87.727126873,"(41.93183102561505, -87.72712687300454)"
75TH AND STATE,2621,7500 S STATE STREET,12/19/2017,9,1177538.763040612,1855235.551345519,41.758092176,-87.624902228,"(41.75809217638291, -87.6249022282473)"
ADDISON AND HARLEM,1593,7200 W ADDISON,12/19/2017,1,1127417.488447099,1923123.407710965,41.945373358,-87.807070326,"(41.94537335809189, -87.80707032561135)"
PULASKI AND NORTH,1992,1600 N PULASKI AVENUE,12/19/2017,3,1149432.959240306,1910369.112502195,41.90997501,-87.726480523,"(41.909975010236906, -87.72648052306623)"
KEDZIE AND 31ST,2132,3100 S KEDZIE AVENUE,12/19/2017,7,1155483.167539854,1883867.660503274,41.837132671,-87.704967115,"(41.837132671422296, -87.70496711478727)"
111TH AND HALSTED,2424,800 W 111TH ST,12/19/2017,3,1172945.404219168,1831282.917027882,41.692465363,-87.642440901,"(41.692465363421874, -87.64244090105778)"
CENTRAL AND BELMONT,1604,5600 W BELMONT AVENUE,12/19/2017,1,1138453.617438343,1920755.972768412,41.938683775,-87.766562494,"(41.93868377475747, -87.76656249384537)"
ARCHER AND CICERO,2081,5200 S CICERO AVE,12/19/2017,9,1145195.931989777,1869737.708306623,41.798558278,-87.743071866,"(41.798558278193305, -87.74307186616427)"
WESTERN AND CHICAGO,1943,2400 W CHICAGO AVE,12/19/2017,4,1160226.686812944,1905300.904544474,41.895851041,-87.686968935,"(41.895851041123755, -87.68696893468467)"
ASHLAND AND DIVISION,1791,1200 N ASHLAND AVENUE,12/19/2017,1,1165466.997046718,1908083.767015974,41.903377468,-87.667643142,"(41.903377467566784, -87.66764314227497)"
IRVING PARK AND CALIFORNIA,1233,2800 W IRVING PARK ROA,12/19/2017,3,,,,,
KEDZIE AND 31ST,2134,3200 W 31ST STREET,12/19/2017,3,1155487.128005646,1883943.061106793,41.8373395,-87.704950558,"(41.83733950029648, -87.70495055800411)"
ROOSEVELT AND PULASKI,2314,4000 W ROOSEVELT ROAD,12/19/2017,8,1149885.032049683,1894449.464076882,41.866281003,-87.72523422,"(41.866281002664536, -87.72523421983905)"
PULASKI AND ARMITAGE,1844,4000 W ARMITAGE AVENUE,12/19/2017,2,1149375.428872108,1913028.984273181,41.917275069,-87.726622746,"(41.91727506940875, -87.72662274644799)"
IRVING PARK AND KILPATRICK,2764,4700 W IRVING PARK ROA,05/25/2017,2,,,,,
HAMLIN AND MADISON,1903,3800 W MADISON STREET,12/19/2017,2,1151032.709141294,1899784.033986533,41.880897273,-87.720881226,"(41.880897273491264, -87.72088122613924)"
HARLEM AND BELMONT,1391,3200 N HARLEM AVE,12/19/2017,6,1127481.020995451,1920467.613239239,41.938084468,-87.806896749,"(41.93808446822169, -87.80689674887883)"
IRVING PARK AND CALIFORNIA,1234,2800 W IRVING PARK ROA,12/19/2017,5,,,,,
CICERO AND ARMITAGE,2003,4800 W ARMITAGE AVENUE,12/19/2017,2,1144054.25126508,1912907.00926109,41.917041992,-87.746176095,"(41.91704199201953, -87.74617609464687)"
PULASKI AND 79TH,2494,4000 W 79TH STREET,12/19/2017,1,1151074.116357501,1851966.830243835,41.749679359,-87.721978345,"(41.74967935883473, -87.72197834524168)"
LARAMIE AND MADISON,2044,5200 W MADISON STREET,01/04/2018,9,1141706.965522802,1899567.55684314,41.880480752,-87.755130433,"(41.88048075170171, -87.75513043296509)"
HALSTED AND MADISON,1871,1 S HALSTED STREET,01/04/2018,5,1171092.392868784,1900234.542088741,41.881717056,-87.647210539,"(41.88171705561901, -87.64721053920604)"
HALSTED AND NORTH,1764,800 W NORTH AVENUE,01/04/2018,3,1170700.68422007,1910913.190749698,41.91102851,-87.648335806,"(41.91102850981186, -87.64833580602037)"
75TH AND STATE,2624,1 E 75TH STREET,01/04/2018,15,1177601.72646404,1855229.486604181,41.758074111,-87.624671658,"(41.75807411097799, -87.62467165835182)"
LARAMIE AND MADISON,2043,5200 W MADISON STREET,01/04/2018,1,1141706.965522802,1899567.55684314,41.880480752,-87.755130433,"(41.88048075170171, -87.75513043296509)"
CANAL AND ROOSEVELT,2294,500 W ROOSEVELT ROAD,12/30/2017,7,1173290.72186561,1895021.166235495,41.867362693,-87.639293195,"(41.867362692616666, -87.63929319464197)"
ASHLAND AND MADISON,1911,0 N ASHLAND AVE,01/04/2018,1,,,,,
LAFAYETTE AND 87TH,2503,30 W 87TH STREET,12/28/2017,16,1177407.651800237,1847320.772058312,41.736376037,-87.625621311,"(41.736376036604916, -87.62562131092602)"
WESTERN AND MARQUETTE,2674,2400 W MARQUETTE ROAD,01/04/2018,4,1161509.889315231,1860208.627404126,41.772086214,-87.683508858,"(41.772086214104526, -87.68350885781568)"
79TH AND HALSTED,2541,7900 S HALSTED STREET,01/04/2018,4,1172298.707400847,1852444.344822186,41.750549559,-87.644188368,"(41.750549559438944, -87.64418836784098)"
DAMEN AND DIVERSEY,1462,2800 N DAMEN AVENUE,01/04/2018,1,1162490.04851994,1918611.623717091,41.932329494,-87.678282719,"(41.9323294940985, -87.67828271931386)"
CLARK AND FULLERTON,1632,2400 N CLARK ST,01/04/2018,1,1172749.562209477,1916238.997132859,41.925597623,-87.640650973,"(41.925597623023144, -87.64065097309872)"
PULASKI AND FULLERTON,1481,2400 N PULASKI RD,01/04/2018,2,1149275.963864089,1915687.631931757,41.924572574,-87.726919111,"(41.92457257416937, -87.72691911144182)"
71ST AND ASHLAND,2394,1600 W 71ST,01/04/2018,6,1166890.012333149,1857674.2502247,41.765018306,-87.66385923,"(41.76501830555763, -87.66385923012646)"
CALIFORNIA AND DIVERSEY,1511,2800 N CALIFORNIA AVE,01/04/2018,4,1157189.355049829,1918495.644754069,41.932120719,-87.6977653,"(41.93212071910647, -87.69776530036465)"
87TH AND VINCENNES,2412,8700 S VINCENNES,01/04/2018,9,1172026.328989535,1847142.496643776,41.736006565,-87.645341819,"(41.73600656458518, -87.64534181897955)"
ASHLAND AND DIVISION,1793,1600 W DIVISION STREET,01/04/2018,3,1165489.684200442,1908112.312963909,41.903455316,-87.667558994,"(41.903455316483814, -87.66755899396976)"
HALSTED AND MADISON,1872,1 N HALSTED STREET,01/04/2018,3,1171090.967986833,1900270.454015136,41.881815632,-87.647214717,"(41.88181563164203, -87.64721471704077)"
HOMAN/KIMBALL AND NORTH,1773,3400 W NORTH AVE,01/04/2018,9,1153386.578905125,1910465.87061722,41.910162847,-87.711953868,"(41.91016284680269, -87.71195386769125)"
75TH AND STATE,2621,7500 S STATE STREET,12/31/2017,17,1177538.763040612,1855235.551345519,41.758092176,-87.624902228,"(41.75809217638291, -87.6249022282473)"
LAKE SHORE DR AND BELMONT,1412,3200 N LAKESHORE DRIV,01/04/2018,8,1173053.220555078,1921821.380831705,41.940909163,-87.63936916,"(41.94090916326764, -87.63936915995522)"
PULASKI AND FOSTER,1102,5200 N PULASKI RD,01/04/2018,1,1148746.251286324,1934286.914361976,41.97562074,-87.728383135,"(41.97562073966174, -87.72838313514907)"
LASALLE AND KINZIE,1923,140 W KINZIE,01/04/2018,3,1175048.09765242,1903028.894760294,41.889297219,-87.632601648,"(41.88929721947309, -87.63260164817305)"
CLARK AND IRVING PARK,1093,1300 W IRVING PARK ROAD,01/04/2018,7,1166777.545456989,1926719.73687357,41.954487567,-87.662293496,"(41.95448756687966, -87.66229349585691)"
CICERO AND ADDISON,1612,3600 N CICERO AVENUE,01/04/2018,4,1143698.904601495,1923517.005821035,41.946163524,-87.747215169,"(41.94616352362556, -87.74721516897007)"
WENTWORTH AND GARFIELD,2264,200 W GARFIELD BLVD,12/20/2017,6,1175889.574397302,1868551.750512227,41.794670385,-87.630547476,"(41.79467038468937, -87.63054747605638)"
HALSTED AND FULLERTON,1701,2400 N HALSTED STREET,12/20/2017,1,1170501.602639925,1916200.061550148,41.925540315,-87.648912156,"(41.925540315431995, -87.64891215551155)"
CICERO AND ARMITAGE,2001,2000 N CICERO AVENUE,12/20/2017,4,1144031.525719004,1912881.8300295,41.916973325,-87.746260223,"(41.91697332451097, -87.74626022251057)"
LAKE SHORE DR AND BELMONT,1413,400 W BELMONT AVE,12/20/2017,38,1172981.744869382,1921577.376128802,41.940241193,-87.639639114,"(41.94024119325571, -87.63963911427594)"
PULASKI AND 63RD,2343,4000 W 63RD ST,12/20/2017,1,1150768.346768175,1862564.615405259,41.77876739,-87.722823195,"(41.778767390084305, -87.72282319530368)"
LASALLE AND KINZIE,1921,400 N LASALLE,12/25/2016,2,1175028.579766798,1903002.552291359,41.889225372,-87.632674115,"(41.88922537162015, -87.63267411498495)"
JEFFERY AND 95TH,2522,9500 S JEFFERY AVE,12/20/2017,2,1191132.420601301,1842335.735988875,41.722375907,-87.575499903,"(41.72237590704101, -87.57549990332795)"
HALSTED AND 95TH,2581,9500 S HALSTED STREET,12/20/2017,1,1172610.538363645,1841811.61926207,41.721365061,-87.643358042,"(41.72136506078306, -87.64335804234075)"
HALSTED AND DIVISION,1714,800 W DIVISION,12/20/2017,9,1170767.827960358,1908259.644151662,41.903745557,-87.648167011,"(41.90374555734733, -87.64816701062779)"
LAWRENCE AND WESTERN,1192,4800 N WESTERN AVENUE,12/20/2017,2,1159459.622430471,1931821.342623414,41.968640727,-87.689054241,"(41.96864072747715, -87.6890542408374)"
KEDZIE AND ARMITAGE,1832,2000 N KEDZIE AVENUE,12/20/2017,6,1154684.031809326,1913129.496340896,41.917446172,-87.707116072,"(41.91744617191702, -87.70711607187832)"
ASHLAND AND 87TH,2452,8700 S ASHLAND AVE,12/20/2017,6,1167150.470087748,1846991.212339794,41.735696989,-87.663209544,"(41.73569698863625, -87.66320954445679)"
CALIFORNIA AND DIVERSEY,1511,2800 N CALIFORNIA AVE,12/20/2017,5,1157189.355049829,1918495.644754069,41.932120719,-87.6977653,"(41.93212071910647, -87.69776530036465)"
LASALLE AND KINZIE,1921,400 N LASALLE,12/20/2017,6,1175028.579766798,1903002.552291359,41.889225372,-87.632674115,"(41.88922537162015, -87.63267411498495)"
HALSTED AND FULLERTON,1704,800 W FULLERTON AVENUE,12/20/2017,3,1170525.624723311,1916208.443992778,41.925562791,-87.648823641,"(41.92556279107417, -87.64882364145232)"
FOSTER AND NAGLE,1034,6400 W FOSTER,12/20/2017,1,1132552.893142153,1934229.875527466,41.975762574,-87.787934296,"(41.97576257447203, -87.7879342955108)"
WESTERN AND ADDISON,1562,3600 N WESTERN AVENUE,12/20/2017,2,1159695.573342728,1923871.086283556,41.94681992,-87.688406662,"(41.94681991986288, -87.68840666206194)"
WESTERN AND FULLERTON,1671,2400 N WESTERN AVENUE,12/20/2017,7,1159923.309342995,1915897.778561358,41.924935944,-87.687790255,"(41.92493594409127, -87.68779025471278)"
MONTROSE AND WESTERN,1224,2400 W MONTROSE AVENUE,12/20/2017,2,1159562.971802959,1929191.337701253,41.961421726,-87.68874698,"(41.961421726406314, -87.68874697983858)"
CERMAK AND PULASKI,2334,4000 W CERMAK,12/20/2017,3,1150018.476053666,1889120.238540361,41.851654369,-87.724882975,"(41.85165436867626, -87.7248829753078)"
LAWRENCE AND CICERO,1041,4800 N CICERO AVE,12/20/2017,5,1143464.651785526,1931490.551883203,41.968048007,-87.747875985,"(41.968048007293845, -87.74787598468126)"
ELSTON AND IRVING PARK,1503,3700 W IRVING PARK ROA,12/20/2017,7,,,,,
STONEY ISLAND AND 76TH,2631,7600 S STONY ISLAND A,12/20/2017,22,1188092.796191935,1854889.354158304,41.756897173,-87.586234285,"(41.75689717260223, -87.58623428506996)"
DAMEN AND 63RD,2701,6300 S DAMEN AVENUE,12/20/2017,2,1164069.407943298,1862830.277442834,41.779226921,-87.674052731,"(41.77922692069256, -87.67405273137854)"
AUSTIN AND ADDISON,1491,3600 N AUSTIN AVENUE,12/20/2017,6,1135691.599896458,1923335.967306169,41.945813215,-87.776652162,"(41.9458132146695, -87.77665216156436)"
JEFFERY AND 95TH,2523,2000 E 95TH ST,12/20/2017,1,1191188.381103057,1842410.411853539,41.722579473,-87.575292523,"(41.722579473126416, -87.57529252250366)"
CANAL AND ROOSEVELT,2291,1200 S CANAL STREET,12/20/2017,7,1173268.771030949,1894952.634878732,41.867175125,-87.639375813,"(41.86717512472001, -87.63937581258092)"
119TH AND HALSTED,2402,11900 S HALSTED,12/20/2017,7,1173094.774616191,1825911.054609338,41.677720829,-87.642051845,"(41.67772082924762, -87.64205184498218)"
CHICAGO AND CLARK,1964,100 W CHICAGO AVENUE,12/20/2017,8,1175374.528739575,1905745.47783364,41.896744347,-87.631321248,"(41.896744346875806, -87.63132124815151)"
4700 WESTERN,2142,4700 S WESTERN AVENUE,12/20/2017,2,1161120.438879703,1873431.066474726,41.808378408,-87.684570717,"(41.808378407946726, -87.68457071689552)"
87TH AND VINCENNES,2413,848 W 87TH STREET,12/20/2017,10,1172002.531006759,1847197.326168367,41.736157546,-87.6454274,"(41.73615754630335, -87.64542740049411)"
CALIFORNIA AND DIVERSEY,1513,2800 W DIVERSEY,12/20/2017,1,1157212.54253358,1918526.674434943,41.932205395,-87.697679244,"(41.93220539506452, -87.6976792438691)"
CENTRAL AND BELMONT,1604,5600 W BELMONT AVENUE,12/20/2017,3,1138453.617438343,1920755.972768412,41.938683775,-87.766562494,"(41.93868377475747, -87.76656249384537)"
CICERO AND WASHINGTON,1891,100 N CICERO AVENUE,12/20/2017,8,1144328.984091479,1900095.170838459,41.88187971,-87.745489247,"(41.88187970991601, -87.7454892473012)"
DAMEN AND DIVERSEY,1464,2000 W DIVERSEY PARKWAY,12/20/2017,1,1162519.714934025,1918635.417634925,41.932394164,-87.678173031,"(41.93239416403691, -87.67817303087757)"
ASHLAND AND MADISON,1914,1600 W MADISON,05/25/2017,6,1165723.014733182,1900136.515489506,41.881564167,-87.666929463,"(41.8815641670199, -87.66692946294842)"
WESTERN AND TOUHY,1252,7200 N WESTERN AVENUE,05/26/2017,3,1158975.66256211,1947754.286963361,42.012371335,-87.690393917,"(42.012371334791766, -87.69039391737863)"
STATE AND 79TH,2654,1 E 79TH STREET,12/20/2017,24,1177680.113652821,1852598.313477786,41.750852096,-87.624463832,"(41.75085209551078, -87.62446383210285)"
STONY ISLAND/CORNELL AND 67TH,2731,6700 S CORNELL DRIVE,12/20/2017,8,1188316.454860734,1860851.137456735,41.77325149,-87.5852246,"(41.77325148959568, -87.58522459967712)"
ADDISON AND HARLEM,1593,7200 W ADDISON,12/20/2017,2,1127417.488447099,1923123.407710965,41.945373358,-87.807070326,"(41.94537335809189, -87.80707032561135)"
FOSTER AND BROADWAY,1111,5200 N BROADWAY ST,12/20/2017,4,1167334.508577915,1934714.008346532,41.976412143,-87.660015082,"(41.97641214294823, -87.66001508205365)"
35TH AND WESTERN,2092,3500 S WESTERN,12/20/2017,1,1160894.949857101,1881376.851112895,41.830187255,-87.685177925,"(41.83018725526863, -87.68517792510231)"
PULASKI AND 79TH,2494,4000 W 79TH STREET,12/20/2017,2,1151074.116357501,1851966.830243835,41.749679359,-87.721978345,"(41.74967935883473, -87.72197834524168)"
HAMLIN AND MADISON,1903,3800 W MADISON STREET,12/20/2017,4,1151032.709141294,1899784.033986533,41.880897273,-87.720881226,"(41.880897273491264, -87.72088122613924)"
PULASKI AND LAWRENCE,1172,4800 N PULASKI ROAD,12/20/2017,2,1148821.701520117,1931605.974570937,41.968262595,-87.728175316,"(41.968262595100775, -87.7281753157596)"
LASALLE AND KINZIE,1923,140 W KINZIE,12/20/2017,2,1175048.09765242,1903028.894760294,41.889297219,-87.632601648,"(41.88929721947309, -87.63260164817305)"
KOSTNER AND NORTH,2013,4400 W NORTH,12/20/2017,5,1146738.551618032,1910309.595368032,41.909863573,-87.736380296,"(41.90986357340246, -87.73638029605371)"
MILWAUKEE AND DEVON,1272,6400 N MILWAUKEE AVEN,12/20/2017,4,1132463.750397878,1942107.911507627,41.997382173,-87.788077674,"(41.99738217345368, -87.78807767391953)"
DAMEN AND DIVERSEY,1462,2800 N DAMEN AVENUE,12/20/2017,7,1162490.04851994,1918611.623717091,41.932329494,-87.678282719,"(41.9323294940985, -87.67828271931386)"
CICERO AND ADDISON,1611,3600 N CICERO AVENUE,12/20/2017,5,1143698.904601495,1923517.005821035,41.946163524,-87.747215169,"(41.94616352362556, -87.74721516897007)"
HALSTED AND NORTH,1761,1600 N HALSTED STREET,12/20/2017,6,1170678.283433825,1910880.991397547,41.910940644,-87.648419043,"(41.91094064391597, -87.64841904272998)"
CICERO AND ARMITAGE,2001,2000 N CICERO AVENUE,05/25/2017,4,1144031.525719004,1912881.8300295,41.916973325,-87.746260223,"(41.91697332451097, -87.74626022251057)"
CENTRAL AND BELMONT,1602,3200 N CENTRAL AVENUE,12/20/2017,1,1138430.432324593,1920731.654410336,41.938617463,-87.766648297,"(41.938617463272884, -87.76664829683827)"
PULASKI AND IRVING PARK,1574,4000 W IRVING PARK RD,12/20/2017,6,1148988.727877253,1926320.954938409,41.953756874,-87.727698513,"(41.95375687447515, -87.72769851312907)"
ELSTON AND LAWRENCE,1282,4800 N ELSTON AVENUE,12/20/2017,1,1145529.344259918,1931501.601268983,41.968039361,-87.740283894,"(41.96803936143674, -87.74028389448999)"
HALSTED AND 95TH,2582,9500 S HALSTED STREET,12/20/2017,2,1172610.538363645,1841811.61926207,41.721365061,-87.643358042,"(41.72136506078306, -87.64335804234075)"
PULASKI AND FOSTER,1102,5200 N PULASKI RD,05/04/2017,3,1148746.251286324,1934286.914361976,41.97562074,-87.728383135,"(41.97562073966174, -87.72838313514907)"
71ST AND ASHLAND,2391,7100 S ASHLAND,12/20/2017,3,1166868.379865725,1857616.168087255,41.764859382,-87.663940176,"(41.764859382425385, -87.66394017630476)"
PULASKI AND ARCHER,2153,5000 S ARCHER AVE,12/20/2017,5,1150501.818909837,1871162.311703322,41.802365973,-87.723576766,"(41.80236597333895, -87.72357676611004)"
111TH AND HALSTED,2424,800 W 111TH ST,12/20/2017,2,1172945.404219168,1831282.917027882,41.692465363,-87.642440901,"(41.692465363421874, -87.64244090105778)"
HAMLIN AND LAKE,1882,300 N HAMLIN AVENUE,12/20/2017,3,1150970.026856642,1901381.688308858,41.885282636,-87.721069539,"(41.88528263580913, -87.72106953854511)"
ASHLAND AND MADISON,1914,1600 W MADISON,12/20/2017,3,1165723.014733182,1900136.515489506,41.881564167,-87.666929463,"(41.8815641670199, -87.66692946294842)"
SACRAMENTO AND LAKE,1822,150 N SACRAMENTO BOUL,12/20/2017,2,1156319.560664766,1900957.489351962,41.884012178,-87.701436479,"(41.88401217771363, -87.7014364786693)"
PULASKI AND CHICAGO,1982,800 N PULASKI ROAD,12/20/2017,1,1149538.444844035,1905079.034990625,41.895456457,-87.726230541,"(41.895456456825386, -87.72623054051289)"
ASHLAND AND MADISON,1911,0 N ASHLAND AVE,12/20/2017,5,,,,,
PULASKI AND DIVISION,1801,1200 N PULASKI ROAD,12/20/2017,4,1149459.590666926,1907723.219884254,41.902713902,-87.726451457,"(41.902713901936174, -87.72645145715836)"
CENTRAL AND LAKE,1743,5600 W LAKE STREET,12/20/2017,1,1138951.495695032,1902230.510465733,41.887838735,-87.765183663,"(41.887838735330206, -87.76518366338465)"
SACRAMENTO AND CHICAGO,1812,800 N SACRAMENTO AVEN,12/20/2017,3,1156039.008141929,1905193.084100581,41.895640714,-87.702352328,"(41.89564071387542, -87.70235232767416)"
CICERO AND CHICAGO,1783,4800 W CHICAGO AVENUE,12/20/2017,3,1144175.291152764,1904916.255225279,41.895112219,-87.745932427,"(41.89511221857764, -87.74593242701515)"
FOSTER AND NAGLE,1031,5200 N NAGLE,12/20/2017,5,1132529.656558223,1934201.702060651,41.97568567,-87.788020406,"(41.97568566971868, -87.78802040620296)"
79TH AND HALSTED,2543,800 W 79TH STREET,12/20/2017,2,1172320.105719411,1852517.9814434,41.750751157,-87.644107793,"(41.75075115747316, -87.64410779300933)"
ELSTON AND LAWRENCE,1284,4440 W LAWRENCE AVENUE,12/20/2017,5,1145715.061027481,1931571.0474838,41.968226398,-87.739599251,"(41.96822639754791, -87.73959925065756)"
HALSTED AND MADISON,1872,1 N HALSTED STREET,12/20/2017,2,1171090.967986833,1900270.454015136,41.881815632,-87.647214717,"(41.88181563164203, -87.64721471704077)"
ASHLAND AND IRVING PARK,1153,1600 W IRVING PARK ROA,12/20/2017,3,,,,,
HALSTED AND DIVISION,1711,1200 N HALSTED,12/20/2017,7,1170746.639428735,1908242.256010774,41.903698308,-87.648245351,"(41.90369830765008, -87.64824535062563)"
MONTROSE AND WESTERN,1221,4400 N WESTERN AVENUE,12/20/2017,3,1159539.733234718,1929183.918095502,41.961401846,-87.688832623,"(41.961401846278505, -87.6888326227788)"
WESTERN AND TOUHY,1251,7200 N WESTERN AVENUE,12/20/2017,2,1158975.66256211,1947754.286963361,42.012371335,-87.690393917,"(42.012371334791766, -87.69039391737863)"
WENTWORTH AND GARFIELD,2261,5500 S WENTWORTH AVEN,12/20/2017,11,,,,,
ROOSEVELT AND KOSTNER,2321,1200 S KOSTNER,05/25/2017,2,1147196.304001978,1894305.883269746,41.865938839,-87.735108549,"(41.8659388389088, -87.73510854901264)"
99TH AND HALSTED,2431,9900 S HALSTED ST,12/20/2017,23,1172689.754200318,1839171.652197216,41.714118868,-87.643145408,"(41.714118868089905, -87.64314540818165)"
DIVISION AND DAMEN,1734,2000 W DIVISION,12/20/2017,6,1162815.710860194,1908034.672555531,41.903298793,-87.677383247,"(41.903298792681944, -87.67738324739636)"
IRVING PARK AND NARRAGANSETT,1024,6400 W IRVING PK,05/26/2017,4,1132945.939118726,1925946.304925137,41.953024751,-87.786683238,"(41.95302475075328, -87.78668323766634)"
4700 WESTERN,2141,4700 S WESTERN AVENUE,12/20/2017,7,1161120.438879703,1873431.066474726,41.808378408,-87.684570717,"(41.808378407946726, -87.68457071689552)"
MADISON AND WESTERN,1931,1 S WESTERN AVE,12/20/2017,2,1160453.827721979,1899933.703473746,41.881118279,-87.686283339,"(41.881118278833966, -87.686283338873)"
CICERO AND CHICAGO,1781,800 N CICERO AVENUE,05/26/2017,1,1144169.162482127,1904893.189220372,41.895049038,-87.745955516,"(41.89504903796389, -87.74595551626888)"
CLARK AND FULLERTON,1631,2400 N CLARK ST,12/20/2017,3,1172749.562209477,1916238.997132859,41.925597623,-87.640650973,"(41.925597623023144, -87.64065097309872)"
STONEY ISLAND AND 79TH,2462,7900 S STONEY ISLAND,12/20/2017,1,1188181.571068297,1852908.934789311,41.751460603,-87.585971993,"(41.75146060316686, -87.5859719929647)"
PULASKI AND BELMONT,1382,3200 N PULASKI RD,12/20/2017,5,1149125.621478734,1920994.556178086,41.939138154,-87.72733371,"(41.939138153500274, -87.7273337101426)"
DIVERSEY AND WESTERN,1431,2800 N WESTERN AVENUE,12/20/2017,1,1159837.205417355,1918550.506189309,41.932216988,-87.688033281,"(41.93221698794738, -87.68803328089533)"
BELMONT AND KEDZIE,1371,3200 N KEDZIE AVENUE,12/20/2017,1,1154426.977874407,1921110.466549542,41.93935173,-87.707846594,"(41.93935173030961, -87.70784659359776)"
PETERSON AND WESTERN,1011,6000 N WESTERN AVE,12/20/2017,2,1159190.625032041,1939816.75471116,41.990586042,-87.689822473,"(41.99058604241958, -87.68982247294417)"
WESTERN AND 63RD,2373,2400 W 63RD ST,12/20/2017,3,1161444.415758584,1862848.534703658,41.779331844,-87.683675761,"(41.77933184429814, -87.68367576084798)"
CENTRAL AND DIVERSEY,1644,5600 W DIVERSEY AVENUE,12/20/2017,1,1138539.758528398,1918097.096677271,41.931385977,-87.766310532,"(41.93138597683265, -87.76631053155157)"
ASHLAND AND FULLERTON,1651,2400 N ASHLAND AVENUE,12/20/2017,3,1165228.073342838,1916032.319169157,41.92519389,-87.668294363,"(41.92519388981048, -87.66829436339881)"
63RD AND STATE,2714,1 E 63RD ST,12/20/2017,7,1177367.518733101,1863199.17768559,41.779949105,-87.625289553,"(41.779949104569106, -87.62528955333775)"
KOSTNER AND NORTH,2012,4400 W GRAND AVE,12/20/2017,2,1146773.519128439,1910425.663958581,41.91018141,-87.73624887,"(41.910181409597406, -87.73624887040725)"
CENTRAL AND CHICAGO,1972,800 N CENTRAL AVENUE,12/20/2017,2,1138836.562608552,1904801.732832435,41.894896579,-87.765543258,"(41.89489657939746, -87.76554325845893)"
HOLLYWOOD AND SHERIDAN,1344,1000 W HOLLYWOOD AVE,12/20/2017,26,1168580.228926466,1938090.295189338,41.985649799,-87.655335807,"(41.98564979859328, -87.65533580655139)"
HARLEM AND BELMONT,1391,3200 N HARLEM AVE,12/20/2017,3,1127481.020995451,1920467.613239239,41.938084468,-87.806896749,"(41.93808446822169, -87.80689674887883)"
55TH and PULASKI,2242,5500 S PULASKI,12/20/2017,1,1150600.072649439,1867806.44512718,41.793155061,-87.723303765,"(41.793155060731024, -87.72330376464247)"
OGDEN AND KOSTNER,2222,2348 S KOSTNER AVENUE,03/20/2017,5,1147394.548182079,1887795.177782082,41.848068845,-87.734547457,"(41.8480688449598, -87.73454745748458)"
CICERO AND DIVERSEY,1691,2800 N CICERO AVENUE,12/20/2017,4,1143863.647574835,1918202.018463414,41.931575608,-87.746743301,"(41.93157560844622, -87.74674330113561)"
HALSTED AND NORTH,1764,800 W NORTH AVENUE,12/20/2017,3,1170700.68422007,1910913.190749698,41.91102851,-87.648335806,"(41.91102850981186, -87.64833580602037)"
ROOSEVELT AND KOSTNER,2323,4400 W ROOSEVELT,12/20/2017,3,1147200.963258796,1894379.538078088,41.866140868,-87.73508956,"(41.866140867641654, -87.73508956008207)"
DAMEN AND FULLERTON,1663,2000 W FULLERTON AVE,12/20/2017,1,1162596.935552891,1915990.579747891,41.925134944,-87.677963546,"(41.92513494374925, -87.67796354553815)"
CENTRAL AND ADDISON,1682,3600 N CENTRAL AVENUE,12/20/2017,2,1138343.117435682,1923392.067464765,41.945919491,-87.766904594,"(41.945919490555106, -87.76690459426293)"
KEDZIE AND 63RD,2364,3200 W 63RD ST,12/20/2017,3,1156103.348831225,1862717.565210739,41.779081505,-87.703260365,"(41.77908150488341, -87.70326036544745)"
WESTERN AND CHICAGO,1943,2400 W CHICAGO AVE,12/20/2017,2,1160226.686812944,1905300.904544474,41.895851041,-87.686968935,"(41.895851041123755, -87.68696893468467)"
WESTERN AND CHICAGO,1941,800 N WESTERN AVE,12/20/2017,4,1160220.967978608,1905277.507115921,41.895786955,-87.686990586,"(41.89578695485361, -87.68699058611217)"
PULASKI AND ARMITAGE,1843,4000 W ARMITAGE AVENUE,12/20/2017,3,1149375.428872108,1913028.984273181,41.917275069,-87.726622746,"(41.91727506940875, -87.72662274644799)"
HARLEM AND BELMONT,1394,7200 W BELMONT AVE,12/20/2017,2,1127504.698153561,1920475.415440844,41.938105479,-87.806809552,"(41.93810547939496, -87.80680955240743)"
PULASKI AND FULLERTON,1484,4000 W FULLERTON AVE,12/20/2017,3,1149303.081963737,1915695.275222648,41.924593022,-87.726819268,"(41.92459302175305, -87.7268192684032)"
ROOSEVELT AND PULASKI,2314,4000 W ROOSEVELT ROAD,12/20/2017,6,1149885.032049683,1894449.464076882,41.866281003,-87.72523422,"(41.866281002664536, -87.72523421983905)"
CICERO AND PETERSON,1202,6000 N CICERO AVENUE,12/20/2017,1,1143247.733553094,1939479.342905704,41.989973915,-87.748473024,"(41.98997391514614, -87.74847302426933)"
CICERO AND ADDISON,1612,3600 N CICERO AVENUE,12/20/2017,7,1143698.904601495,1923517.005821035,41.946163524,-87.747215169,"(41.94616352362556, -87.74721516897007)"
WESTERN AND NORTH,1853,2400 W NORTH AVE,12/20/2017,3,1160100.839010995,1910612.783367238,41.910429862,-87.687284221,"(41.91042986235867, -87.68728422050837)"
PULASKI AND 79TH,2492,7900 S PULASKI ROAD,12/20/2017,1,1151054.87395657,1851842.663854121,41.749339,-87.722052091,"(41.74933900008238, -87.72205209091501)"
HOLLYWOOD AND SHERIDAN,1343,1000 W HOLLYWOOD AVE,12/20/2017,3,1168580.228926466,1938090.295189338,41.985649799,-87.655335807,"(41.98564979859328, -87.65533580655139)"
DIVERSEY AND WESTERN,1434,2400 W DIVERSEY AVENUE,12/20/2017,1,1159859.648423836,1918576.255784305,41.932287183,-87.687950093,"(41.93228718299094, -87.6879500934122)"
PULASKI AND 63RD,2342,6300 S PULASKI RD,12/20/2017,10,1150746.00309079,1862516.747695325,41.778636469,-87.722906356,"(41.77863646878099, -87.72290635568541)"
ELSTON AND IRVING PARK,1502,4000 N ELSTON AVENUE,12/20/2017,1,1151273.974828198,1926311.849469842,41.953687266,-87.719297882,"(41.95368726563273, -87.71929788151473)"
IRVING PARK AND NARRAGANSETT,1024,6400 W IRVING PK,12/20/2017,2,1132945.939118726,1925946.304925137,41.953024751,-87.786683238,"(41.95302475075328, -87.78668323766634)"
75TH AND STATE,2624,1 E 75TH STREET,12/25/2016,9,1177601.72646404,1855229.486604181,41.758074111,-87.624671658,"(41.75807411097799, -87.62467165835182)"
CICERO AND WASHINGTON,1892,100 N CICERO AVENUE,12/20/2017,3,1144328.984091479,1900095.170838459,41.88187971,-87.745489247,"(41.88187970991601, -87.7454892473012)"
LAWRENCE AND WESTERN,1193,2400 W LAWRENCE AVENUE,12/20/2017,4,1159482.648570304,1931851.989492596,41.968724349,-87.688968727,"(41.96872434882172, -87.68896872699601)"
CENTRAL AND FULLERTON,1444,5600 W FULLERTON AVENU,12/20/2017,1,1138627.279189421,1915438.969256439,41.924090199,-87.76605353,"(41.92409019883488, -87.76605353016079)"
PULASKI AND FOSTER,1104,4000 W FOSTER AVE,12/20/2017,1,1148759.16134887,1934294.249006446,41.975640616,-87.728335469,"(41.975640616231914, -87.72833546926573)"
OGDEN AND KOSTNER,2223,4400 W OGDEN AVENUE,12/20/2017,5,1147406.592439224,1887689.099869462,41.847777523,-87.734505969,"(41.84777752280453, -87.73450596874825)"
55TH AND KEDZIE,2163,3200 W 55TH STREET,12/20/2017,1,1155966.956993183,1868015.593764152,41.793622803,-87.703618141,"(41.79362280329978, -87.70361814062049)"
FOSTER AND BROADWAY,1113,1200 W FOSTER AVE,12/20/2017,5,1167357.095930752,1934721.393266777,41.97643192,-87.659931806,"(41.97643192018459, -87.65993180604016)"
63RD AND STATE,2712,6300 S STATE ST,12/20/2017,4,1177303.801895084,1863220.216755923,41.780008277,-87.625522512,"(41.78000827740796, -87.6255225119157)"
STONEY ISLAND AND 76TH,2632,7600 S STONY ISLAND A,12/20/2017,8,1188092.796191935,1854889.354158304,41.756897173,-87.586234285,"(41.75689717260223, -87.58623428506996)"
SHERIDAN AND FOSTER,1134,1000 W FOSTER AVE,05/29/2017,1,1168689.247756979,1934758.578141654,41.976505116,-87.655031882,"(41.97650511595711, -87.65503188224778)"
79TH AND HALSTED,2541,7900 S HALSTED STREET,12/20/2017,6,1172298.707400847,1852444.344822186,41.750549559,-87.644188368,"(41.750549559438944, -87.64418836784098)"
WESTERN AND 79TH,2481,7900 S WESTERN AVE,12/20/2017,3,1161711.516404028,1852181.685686118,41.750054934,-87.682992203,"(41.750054933649984, -87.68299220290213)"
VAN BUREN AND WESTERN,2054,2400 W VAN BUREN STREE,12/20/2017,7,,,,,
AUSTIN AND IRVING PARK,1163,6000 W IRVING PARK ROAD,12/20/2017,3,1135622.402636023,1926014.192063646,41.953163772,-87.776842593,"(41.95316377185154, -87.77684259284736)"
119TH AND HALSTED,2404,800 W 119TH STREET,12/20/2017,2,1173111.174088158,1825985.001014405,41.677923389,-87.641989646,"(41.677923389134385, -87.64198964584013)"
CERMAK AND PULASKI,2332,2200 S PULASKI,12/20/2017,3,1150012.876838243,1889071.75851865,41.851521442,-87.724904787,"(41.85152144233116, -87.7249047867499)"
HOMAN/KIMBALL AND NORTH,1773,3400 W NORTH AVE,12/20/2017,5,1153386.578905125,1910465.87061722,41.910162847,-87.711953868,"(41.91016284680269, -87.71195386769125)"
KEDZIE AND 26TH,2382,2600 S KEDZIE AVENUE,12/20/2017,2,1155404.235510285,1886524.460033054,41.844424831,-87.705185452,"(41.84442483084393, -87.70518545233183)"
KOSTNER AND NORTH,2011,1600 N KOSTNER,12/20/2017,1,1146732.108679105,1910282.120990798,41.909788304,-87.736404667,"(41.90978830394343, -87.73640466739216)"
COTTAGE GROVE AND 71ST,2572,7100 S COTTAGE GROVE,12/20/2017,3,1182746.23698699,1858088.011064538,41.765800351,-87.605729127,"(41.76580035131893, -87.6057291269901)"
WESTERN AND MARQUETTE,2674,2400 W MARQUETTE ROAD,12/20/2017,1,1161509.889315231,1860208.627404126,41.772086214,-87.683508858,"(41.772086214104526, -87.68350885781568)"
BELMONT AND KEDZIE,1372,3200 N KEDZIE AVE,12/20/2017,15,1154426.977874407,1921110.466549542,41.93935173,-87.707846594,"(41.93935173030961, -87.70784659359776)"
ASHLAND AND LAWRENCE,1142,4800 N ASHLAND AVENUE,12/20/2017,3,1164751.686785145,1932001.206626392,41.96902343,-87.669590434,"(41.969023429614026, -87.66959043354217)"
MILWAUKEE AND DEVON,1274,6400 W DEVON AVENUE,12/20/2017,2,1132590.619798275,1942138.532048656,41.997463981,-87.787610243,"(41.99746398102873, -87.78761024341388)"
TOUHY AND OSCEOLA,1244,7432 W TOUHY AVENUE,12/20/2017,1,1125717.010560011,1947269.685461107,42.011661765,-87.812781431,"(42.01166176507329, -87.81278143114147)"
RIDGE AND CLARK,1052,5930 N CLARK STREET,12/20/2017,1,1164554.784723473,1939388.511516442,41.98929863,-87.670104121,"(41.98929863013193, -87.67010412112992)"
DAMEN AND 63RD,2702,6300 S DAMEN AVENUE,12/20/2017,5,1164069.407943298,1862830.277442834,41.779226921,-87.674052731,"(41.77922692069256, -87.67405273137854)"
ROOSEVELT AND HALSTED,2233,800 W ROOSEVELT ROAD,12/20/2017,9,1171199.282357741,1894968.056393724,41.867263098,-87.646972686,"(41.86726309836901, -87.64697268601648)"
CENTRAL AND IRVING PARK,1183,5600 W IRVING PARK ROAD,12/20/2017,3,1138281.535484986,1926078.647777633,41.953292847,-87.767065708,"(41.953292847298, -87.76706570775266)"
CORTLAND AND ASHLAND,1723,1600 W CORTLAND ST,12/20/2017,2,1165377.660768235,1912768.773647285,41.916235337,-87.667837772,"(41.91623533746878, -87.66783777212962)"
CENTRAL AND DIVERSEY,1642,2800 N CENTRAL AVENUE,12/20/2017,2,1138516.407377375,1918089.499227987,41.931365552,-87.766396529,"(41.93136555236339, -87.76639652879172)"
ROOSEVELT AND PULASKI,2311,1200 S PULASKI ROAD,12/20/2017,3,1149866.002247864,1894375.839200384,41.866079337,-87.725305995,"(41.86607933722178, -87.7253059948758)"
KEDZIE AND 31ST,2132,3100 S KEDZIE AVENUE,12/20/2017,11,1155483.167539854,1883867.660503274,41.837132671,-87.704967115,"(41.837132671422296, -87.70496711478727)"
ROOSEVELT AND HALSTED,2234,800 W ROOSEVELT ROAD,12/20/2017,14,1171199.282357741,1894968.056393724,41.867263098,-87.646972686,"(41.86726309836901, -87.64697268601648)"
DIVISION AND DAMEN,1733,2000 W DIVISION,12/20/2017,2,1162815.710860194,1908034.672555531,41.903298793,-87.677383247,"(41.903298792681944, -87.67738324739636)"
PULASKI AND NORTH,1992,1600 N PULASKI AVENUE,12/20/2017,3,1149432.959240306,1910369.112502195,41.90997501,-87.726480523,"(41.909975010236906, -87.72648052306623)"
ASHLAND AND 95TH,2472,9500 S ASHLAND AVENUE,12/20/2017,3,1167295.830128711,1841695.121217916,41.721160612,-87.662828139,"(41.72116061205213, -87.66282813939165)"
HOMAN/KIMBALL AND NORTH,1771,1600 N HOMAN AVENUE,12/15/2017,3,,,,,
CICERO AND DIVERSEY,1694,4800 W DIVERSEY AVENUE,12/20/2017,2,1143869.848167704,1918226.043989398,41.93164142,-87.746719911,"(41.93164142040689, -87.7467199106462)"
31ST ST AND MARTIN LUTHER KING DRIVE,2121,3100 S DR MARTIN L KING,12/20/2017,7,,,,,
KEDZIE AND ARMITAGE,1834,3200 W ARMITAGE AVENUE,12/20/2017,3,1154700.851347995,1913153.252187904,41.917511023,-87.707053639,"(41.91751102291878, -87.7070536388797)"
CANAL AND ROOSEVELT,2294,500 W ROOSEVELT ROAD,12/20/2017,8,1173290.72186561,1895021.166235495,41.867362693,-87.639293195,"(41.867362692616666, -87.63929319464197)"
CICERO AND I55,2251,4200 S CICERO AVENUE,12/20/2017,61,1145023.742859509,1876358.276835519,41.816729387,-87.743536712,"(41.81672938674739, -87.74353671247594)"
WESTERN AND TOUHY,1252,7200 N WESTERN AVENUE,12/20/2017,2,1158975.66256211,1947754.286963361,42.012371335,-87.690393917,"(42.012371334791766, -87.69039391737863)"
LAFAYETTE AND 87TH,2502,8700 S LAFAYETTE AVEN,12/20/2017,16,1177417.493180297,1847243.988223464,41.73616511,-87.625587569,"(41.73616511008592, -87.62558756899932)"
WESTERN AND CERMAK,1003,2400 W CERMAK ROAD,12/20/2017,1,1160678.000607329,1889375.645335924,41.852141307,-87.685752642,"(41.85214130680468, -87.6857526415569)"
ARCHER AND CICERO,2081,5200 S CICERO AVE,12/20/2017,20,1145195.931989777,1869737.708306623,41.798558278,-87.743071866,"(41.798558278193305, -87.74307186616427)"
ASHLAND AND FULLERTON,1652,2400 N ASHLAND AVENUE,12/20/2017,5,1165228.073342838,1916032.319169157,41.92519389,-87.668294363,"(41.92519388981048, -87.66829436339881)"
CICERO AND PETERSON,1204,4800 W PETERSON AVENUE,12/20/2017,1,1143273.766829016,1939491.944645127,41.990008007,-87.748376951,"(41.99000800729908, -87.74837695118997)"
PULASKI AND ARMITAGE,1844,4000 W ARMITAGE AVENUE,12/20/2017,3,1149375.428872108,1913028.984273181,41.917275069,-87.726622746,"(41.91727506940875, -87.72662274644799)"
CENTRAL AND IRVING PARK,1182,4000 N CENTRAL AVENUE,12/20/2017,2,1138258.614129764,1926071.172884932,41.953272751,-87.767150151,"(41.95327275103541, -87.76715015131407)"
CICERO AND NORTH,2034,4800 W NORTH AVENUE,12/20/2017,2,1144053.733747163,1910243.80567041,41.90973389,-87.746244973,"(41.909733890131285, -87.74624497295898)"
31ST ST AND MARTIN LUTHER KING DRIVE,2123,400 E 31ST STREET,12/20/2017,2,1179437.985396417,1884565.84226022,41.838534018,-87.617046113,"(41.838534018118914, -87.61704611345726)"
CENTRAL AND LAKE,1742,400 N CENTRAL AVENUE,12/20/2017,5,1138928.478257537,1902217.926149854,41.887804621,-87.765268498,"(41.88780462053497, -87.76526849810371)"
STONEY ISLAND AND 79TH,2464,1600 E 79TH ST,12/20/2017,3,1188284.704439907,1852964.829047574,41.751611523,-87.585592284,"(41.75161152327319, -87.58559228428787)"
COLUMBUS AND ILLINOIS,1951,500 N COLUMBUS DRIVE,12/20/2017,10,1178372.808407292,1903693.06016042,41.891044569,-87.620371839,"(41.891044569124276, -87.620371839074)"
KEDZIE AND 71ST,2354,3200 W 71ST STREET,12/20/2017,1,1156246.862901455,1857404.014959868,41.764497433,-87.702877023,"(41.76449743256955, -87.70287702335861)"
79TH AND KEDZIE,2443,3200 W 79TH ST,12/20/2017,2,1156402.644780165,1852104.649370984,41.749952001,-87.702448478,"(41.74995200142266, -87.70244847808695)"
ASHLAND AND 87TH,2454,1600 W 87TH ST,12/20/2017,2,1167171.941297436,1847064.855345151,41.735898617,-87.663128781,"(41.735898617066006, -87.66312878090133)"
AUSTIN AND ADDISON,1493,6000 W ADDISON STREET,12/20/2017,1,1135698.173154422,1923360.229527805,41.945879676,-87.776627421,"(41.94587967559099, -87.77662742093737)"
STATE AND 79TH,2651,7900 S STATE STREET,12/20/2017,10,1177618.166929966,1852621.870232838,41.750918138,-87.624690123,"(41.7509181383154, -87.62469012251644)"
71ST AND ASHLAND,2394,1600 W 71ST,12/20/2017,5,1166890.012333149,1857674.2502247,41.765018306,-87.66385923,"(41.76501830555763, -87.66385923012646)"
PULASKI AND IRVING PARK,1572,4000 N PULASKI ROAD,05/28/2017,2,1148970.255325552,1926313.600468643,41.953737051,-87.727766612,"(41.95373705144353, -87.72776661179896)"
COLUMBUS AND ILLINOIS,1952,500 N COLUMBUS DRIVE,12/20/2017,3,1178372.808407292,1903693.06016042,41.891044569,-87.620371839,"(41.891044569124276, -87.620371839074)"
PULASKI AND ARCHER,2154,5000 S ARCHER AVE,12/20/2017,5,1150501.818909837,1871162.311703322,41.802365973,-87.723576766,"(41.80236597333895, -87.72357676611004)"
WESTERN AND 63RD,2371,6300 S WESTERN AVE,12/20/2017,3,1161415.712688877,1862772.38856596,41.779123484,-87.683783099,"(41.77912348383963, -87.68378309863576)"
PETERSON AND WESTERN,1014,2400 W PETERSON,12/20/2017,6,1159214.211316277,1939825.301874586,41.99060901,-87.689735481,"(41.990609009807294, -87.68973548092968)"
55TH AND WESTERN,2213,2400 W 55TH STREET,12/20/2017,4,1161277.012730599,1868185.749490228,41.793981347,-87.684141741,"(41.7939813465735, -87.68414174128355)"
WESTERN AND NORTH,1851,1600 N WESTERN AVE,12/20/2017,7,1160077.474351131,1910605.013316134,41.910409024,-87.687370268,"(41.91040902362901, -87.687370268401)"
WESTERN AND MARQUETTE,2672,6700 S WESTERN AVENUE,12/20/2017,5,1161488.747635042,1860134.788366884,41.771884028,-87.683588402,"(41.77188402771193, -87.68358840206334)"
35TH AND WESTERN,2091,3500 S WESTERN,12/20/2017,1,1160894.949857101,1881376.851112895,41.830187255,-87.685177925,"(41.83018725526863, -87.68517792510231)"
75TH AND STATE,2624,1 E 75TH STREET,12/20/2017,13,1177601.72646404,1855229.486604181,41.758074111,-87.624671658,"(41.75807411097799, -87.62467165835182)"
ELSTON AND ADDISON,1402,3600 N ELSTON AVE,12/20/2017,8,1154106.95251778,1923731.036211081,41.946549165,-87.708952626,"(41.94654916480637, -87.70895262603513)"
WESTERN AND FULLERTON,1672,2400 N WESTERN AVENUE,12/20/2017,4,1159923.309342995,1915897.778561358,41.924935944,-87.687790255,"(41.92493594409127, -87.68779025471278)"
KEDZIE AND 71ST,2352,7100 S KEDZIE AVENUE,12/20/2017,4,1156225.540366296,1857330.103443232,41.764295037,-87.702957162,"(41.764295036756856, -87.70295716211793)"
CALIFORNIA AND PETERSON,1313,2800 W PETERSON AVENUE,12/20/2017,6,1156569.515341857,1939784.830544118,41.990552082,-87.699464396,"(41.990552081681564, -87.69946439622785)"
IRVING PARK AND CALIFORNIA,1233,2800 W IRVING PARK ROA,12/20/2017,4,,,,,
LARAMIE AND MADISON,2044,5200 W MADISON STREET,12/20/2017,16,1141706.965522802,1899567.55684314,41.880480752,-87.755130433,"(41.88048075170171, -87.75513043296509)"
PULASKI AND FOSTER,1102,5200 N PULASKI RD,12/20/2017,4,1148746.251286324,1934286.914361976,41.97562074,-87.728383135,"(41.97562073966174, -87.72838313514907)"
55TH and PULASKI,2244,4000 W 55TH ST,12/20/2017,5,1150621.676903861,1867864.274865394,41.793313334,-87.723223038,"(41.79331333358753, -87.72322303812588)"
LAWRENCE AND CICERO,1042,4800 N CICERO AVENUE,12/20/2017,5,1143464.651785526,1931490.551883203,41.968048007,-87.747875985,"(41.968048007293845, -87.74787598468126)"
55TH AND WESTERN,2212,5500 S WESTERN AVE,12/20/2017,1,1161269.521335262,1867963.111601251,41.793370554,-87.684175377,"(41.79337055433029, -87.6841753767592)"
ASHLAND AND LAWRENCE,1143,1600 W LAWRENCE AVENUE,12/20/2017,2,1164771.946929007,1931988.254061312,41.968987457,-87.669516307,"(41.96898745654617, -87.66951630654926)"
ELSTON AND ADDISON,1403,3216 W ADDISON ST,12/20/2017,3,1154199.729816868,1923799.345386665,41.946734755,-87.708609774,"(41.946734754927796, -87.7086097735515)"
CICERO AND I55,2252,4200 S CICERO AVENUE,12/20/2017,7,1145023.742859509,1876358.276835519,41.816729387,-87.743536712,"(41.81672938674739, -87.74353671247594)"
BELMONT AND KEDZIE,1372,3200 N KEDZIE AVE,12/18/2017,11,1154426.977874407,1921110.466549542,41.93935173,-87.707846594,"(41.93935173030961, -87.70784659359776)"
KEDZIE AND 26TH,2381,2600 S KEDZIE AVENUE,12/20/2017,5,1155404.235510285,1886524.460033054,41.844424831,-87.705185452,"(41.84442483084393, -87.70518545233183)"
CICERO AND CHICAGO,1781,800 N CICERO AVENUE,12/20/2017,3,1144169.162482127,1904893.189220372,41.895049038,-87.745955516,"(41.89504903796389, -87.74595551626888)"
ASHLAND AND IRVING PARK,1151,4000 N ASHLAND AVENUE,12/20/2017,3,1164899.463802581,1926665.661118925,41.954379326,-87.66919912,"(41.954379326212695, -87.66919911980419)"
CICERO AND 47TH,2204,4800 W 47TH ST,03/20/2017,5,1145130.048925744,1873078.44198302,41.807727017,-87.743229366,"(41.80772701677172, -87.74322936566276)"
PULASKI AND LAWRENCE,1173,4000 W LAWRENCE AVENUE,12/20/2017,1,1148844.220085601,1931638.45430438,41.968351285,-87.728091672,"(41.96835128527914, -87.72809167198088)"
CICERO AND HARRISON,2022,600 S CICERO AVENUE,12/20/2017,5,1144444.97442848,1896894.622216872,41.873094833,-87.745143869,"(41.873094832519136, -87.74514386884542)"
DAMEN AND 63RD,2701,6300 S DAMEN AVENUE,04/18/2017,4,1164069.407943298,1862830.277442834,41.779226921,-87.674052731,"(41.77922692069256, -87.67405273137854)"
AUSTIN AND IRVING PARK,1161,4000 N AUSTIN AVENUE,12/20/2017,2,1135599.956110927,1926006.862619986,41.953144059,-87.776925284,"(41.95314405904539, -87.77692528423394)"
KIMBALL AND DIVERSEY,1581,2800 N KIMBALL AVENUE,12/20/2017,2,,,,,
CALIFORNIA AND DIVERSEY,1513,2800 W DIVERSEY,11/19/2016,6,1157212.54253358,1918526.674434943,41.932205395,-87.697679244,"(41.93220539506452, -87.6976792438691)"
SACRAMENTO AND CHICAGO,1814,3000 W CHICAGO AVENUE,12/20/2017,4,1156075.266375505,1905216.604770718,41.895704525,-87.702218524,"(41.895704524946225, -87.70221852353758)"
TOUHY AND OSCEOLA,1243,7432 W TOUHY AVENUE,12/20/2017,3,1125717.010560011,1947269.685461107,42.011661765,-87.812781431,"(42.01166176507329, -87.81278143114147)"
ASHLAND AND 95TH,2473,1600 W 95TH STREET,12/20/2017,2,1167323.753394196,1841755.029221382,41.721324412,-87.662724153,"(41.721324411975246, -87.66272415265087)"
PULASKI AND BELMONT,1383,4000 W BELMONT AVE,12/20/2017,2,1149131.866894851,1921018.50498026,41.93920375,-87.727310134,"(41.93920374986553, -87.72731013414392)"
COTTAGE GROVE AND 71ST,2571,7100 S COTTAGE GROVE,12/20/2017,2,1182746.23698699,1858088.011064538,41.765800351,-87.605729127,"(41.76580035131893, -87.6057291269901)"
55TH AND KEDZIE,2162,5500 S KEDZIE AVENUE,03/20/2017,1,1155945.854705238,1867941.621374192,41.793420237,-87.703697508,"(41.793420236755864, -87.70369750845424)"
111TH AND HALSTED,2422,11100 S HALSTED ST,12/20/2017,9,1172923.657689312,1831209.044179248,41.692263123,-87.642522688,"(41.692263123425136, -87.6425226876268)"
SHERIDAN AND FOSTER,1134,1000 W FOSTER AVE,12/20/2017,3,1168689.247756979,1934758.578141654,41.976505116,-87.655031882,"(41.97650511595711, -87.65503188224778)"
VAN BUREN AND WESTERN,2052,400 S WESTERN AVENUE,12/20/2017,18,1160431.682297829,1898091.942371589,41.876064776,-87.686415631,"(41.87606477642526, -87.68641563098768)"
WESTERN AND CERMAK,1003,2400 W CERMAK ROAD,11/19/2016,1,1160678.000607329,1889375.645335924,41.852141307,-87.685752642,"(41.85214130680468, -87.6857526415569)"
ARCHER AND CICERO,2084,5400 S ARCHER AVE,12/20/2017,4,1145209.426392053,1869810.657411975,41.798758208,-87.743020541,"(41.798758207843264, -87.74302054146467)"
87TH AND VINCENNES,2412,8700 S VINCENNES,12/20/2017,8,1172026.328989535,1847142.496643776,41.736006565,-87.645341819,"(41.73600656458518, -87.64534181897955)"
IRVING PARK AND KILPATRICK,2763,4700 W IRVING PARK ROA,12/20/2017,5,,,,,
IRVING PARK AND KILPATRICK,2764,4700 W IRVING PARK ROA,12/20/2017,1,,,,,
CICERO AND NORTH,2033,4800 W NORTH AVENUE,03/20/2017,5,1144053.733747163,1910243.80567041,41.90973389,-87.746244973,"(41.909733890131285, -87.74624497295898)"
CICERO AND 47TH,2204,4800 W 47TH ST,12/20/2017,7,1145130.048925744,1873078.44198302,41.807727017,-87.743229366,"(41.80772701677172, -87.74322936566276)"
CICERO AND NORTH,2033,4800 W NORTH AVENUE,12/20/2017,3,1144053.733747163,1910243.80567041,41.90973389,-87.746244973,"(41.909733890131285, -87.74624497295898)"
OGDEN AND KOSTNER,2222,2348 S KOSTNER AVENUE,12/20/2017,3,1147394.548182079,1887795.177782082,41.848068845,-87.734547457,"(41.8480688449598, -87.73454745748458)"
RIDGE AND CLARK,1051,5930 N CLARK STREET,12/20/2017,4,1164554.784723473,1939388.511516442,41.98929863,-87.670104121,"(41.98929863013193, -87.67010412112992)"
CORTLAND AND ASHLAND,1721,1900 N ASHLAND AVE,12/20/2017,26,1165348.084854857,1912736.454335569,41.916147281,-87.667947354,"(41.91614728095272, -87.66794735350443)"
CALIFORNIA AND DIVERSEY,1514,2800 W DIVERSEY,12/20/2017,8,1157212.54253358,1918526.674434943,41.932205395,-87.697679244,"(41.93220539506452, -87.6976792438691)"
99TH AND HALSTED,2433,800 W 99TH ST,12/20/2017,10,1172710.642565684,1839246.330602143,41.714323337,-87.643066714,"(41.71432333701137, -87.64306671421937)"
FOSTER AND NORTHWEST HIGHWAY,3003,5616 W FOSTER AVE,12/20/2017,3,1137626.093281239,1934273.239128334,41.97579142,-87.769276893,"(41.975791419680704, -87.76927689293382)"
HAMLIN AND LAKE,1881,300 N HAMLIN AVENUE,12/20/2017,9,1150970.026856642,1901381.688308858,41.885282636,-87.721069539,"(41.88528263580913, -87.72106953854511)"
CHICAGO AND CLARK,1963,100 W CHICAGO AVENUE,12/20/2017,4,1175374.528739575,1905745.47783364,41.896744347,-87.631321248,"(41.896744346875806, -87.63132124815151)"
FULLERTON AND NARRAGANSETT,1553,6400 W FULLERTON AVENU,12/20/2017,1,1133317.594499059,1915293.661305931,41.923786189,-87.785567206,"(41.92378618871128, -87.78556720562165)"
HAMLIN AND MADISON,1901,0 N HAMLIN BOULEVARD,12/20/2017,5,,,,,
WESTERN AND FOSTER,1072,5200 N WESTERN AVE,12/20/2017,8,1159372.922497116,1934478.313674003,41.975933372,-87.689299589,"(41.97593337199358, -87.6892995891816)"
CALIFORNIA AND DEVON,1323,2800 W DEVON AVENUE,12/20/2017,1,1156484.528078038,1942377.980662191,41.997669523,-87.699706423,"(41.99766952286052, -87.69970642324591)"
MILWAUKEE AND MONTROSE,1364,5075 W MONTROSE AVENUE,12/20/2017,3,1141716.746618898,1928736.076639057,41.960522088,-87.754371424,"(41.96052208819935, -87.75437142402293)"
KIMBALL AND DIVERSEY,1583,3400 W DIVERSEY AVENUE,12/20/2017,2,1153211.149172713,1918454.477800566,41.932087747,-87.71238583,"(41.932087747378944, -87.71238582951281)"
75TH AND STATE,2621,7500 S STATE STREET,12/20/2017,2,1177538.763040612,1855235.551345519,41.758092176,-87.624902228,"(41.75809217638291, -87.6249022282473)"
HOMAN/KIMBALL AND NORTH,1771,1600 N HOMAN AVENUE,12/20/2017,1,,,,,
CICERO AND FULLERTON,1474,4800 W FULLERTON AVE,12/20/2017,1,1143967.570794243,1915568.504954477,41.924347036,-87.74642764,"(41.924347036010694, -87.74642763965628)"
CLARK AND FULLERTON,1632,2400 N CLARK ST,12/20/2017,1,1172749.562209477,1916238.997132859,41.925597623,-87.640650973,"(41.925597623023144, -87.64065097309872)"
STONEY ISLAND AND 79TH,2461,7900 S SOUTH CHICAGO AVE,12/20/2017,1,1188274.655498937,1852865.685797892,41.751339705,-87.585632266,"(41.751339704589455, -87.58563226565187)"
CICERO AND WASHINGTON,1891,100 N CICERO AVENUE,05/25/2017,11,1144328.984091479,1900095.170838459,41.88187971,-87.745489247,"(41.88187970991601, -87.7454892473012)"
ASHLAND AND DIVISION,1791,1200 N ASHLAND AVENUE,12/20/2017,11,1165466.997046718,1908083.767015974,41.903377468,-87.667643142,"(41.903377467566784, -87.66764314227497)"
PULASKI AND DIVISION,1802,1200 N PULASKI ROAD,12/20/2017,1,1149459.590666926,1907723.219884254,41.902713902,-87.726451457,"(41.902713901936174, -87.72645145715836)"
IRVING PARK AND LARAMIE,1534,5200 W IRVING PARK ROA,12/20/2017,2,,,,,
CENTRAL AND ADDISON,1683,5600 W ADDISON STREET,12/20/2017,2,1138349.663302502,1923416.02157061,41.945985104,-87.766879952,"(41.94598510430888, -87.76687995165918)"
FULLERTON AND NARRAGANSETT,1554,6400 W FULLERTON AVENU,12/20/2017,1,1133317.594499059,1915293.661305931,41.923786189,-87.785567206,"(41.92378618871128, -87.78556720562165)"
LAKE SHORE DR AND BELMONT,1412,3200 N LAKESHORE DRIV,12/20/2017,3,1173053.220555078,1921821.380831705,41.940909163,-87.63936916,"(41.94090916326764, -87.63936915995522)"
ROOSEVELT AND KOSTNER,2321,1200 S KOSTNER,12/20/2017,3,1147196.304001978,1894305.883269746,41.865938839,-87.735108549,"(41.8659388389088, -87.73510854901264)"
STONY ISLAND/CORNELL AND 67TH,2721,6700 S STONY ISLAND A,12/20/2017,4,1187984.143047539,1860863.338367666,41.773292896,-87.586442368,"(41.77329289585066, -87.58644236831432)"
NORTHWEST HIGHWAY AND FOSTER,3002,5200 N NORTHWEST HWY,12/20/2017,3,1137806.147689466,1934042.034460217,41.975153719,-87.76862036,"(41.975153718866956, -87.76862036015007)"
CLARK AND IRVING PARK,1093,1300 W IRVING PARK ROAD,12/20/2017,2,1166777.545456989,1926719.73687357,41.954487567,-87.662293496,"(41.95448756687966, -87.66229349585691)"
CICERO AND HARRISON,2023,4800 W HARRISON STREET,12/20/2017,2,1144451.867388303,1896949.561959463,41.873245464,-87.745117179,"(41.873245464379586, -87.7451171788807)"
KEDZIE AND 47TH,2101,4700 S KEDZIE AVE,12/20/2017,2,1155791.949302478,1873270.778481327,41.808047272,-87.704118822,"(41.80804727165029, -87.70411882229871)"
ASHLAND AND IRVING PARK,1151,4000 N ASHLAND AVENUE,12/25/2016,1,1164899.463802581,1926665.661118925,41.954379326,-87.66919912,"(41.954379326212695, -87.66919911980419)"
WESTERN AND FOSTER,1074,2400 W FOSTER AVE,12/20/2017,5,1159379.402846887,1934502.712486132,41.97600019,-87.689275084,"(41.97600018976586, -87.68927508385399)"
BROADWAY/SHERIDAN AND DEVON,1123,1200 W DEVON AVE,12/20/2017,2,1167109.644248166,1942688.147952186,41.998298228,-87.660611661,"(41.99829822771884, -87.66061166063517)"
PULASKI AND CHICAGO,1983,4000 W CHICAGO AVENUE,01/04/2018,1,1149561.855939692,1905086.596446259,41.895476752,-87.72614436,"(41.89547675163723, -87.72614435991626)"
FOSTER AND BROADWAY,1111,5200 N BROADWAY ST,01/04/2018,3,1167334.508577915,1934714.008346532,41.976412143,-87.660015082,"(41.97641214294823, -87.66001508205365)"
CANAL AND ROOSEVELT,2291,1200 S CANAL STREET,01/04/2018,2,1173268.771030949,1894952.634878732,41.867175125,-87.639375813,"(41.86717512472001, -87.63937581258092)"
KEDZIE AND 71ST,2354,3200 W 71ST STREET,01/04/2018,3,1156246.862901455,1857404.014959868,41.764497433,-87.702877023,"(41.76449743256955, -87.70287702335861)"
ROOSEVELT AND PULASKI,2314,4000 W ROOSEVELT ROAD,01/04/2018,8,1149885.032049683,1894449.464076882,41.866281003,-87.72523422,"(41.866281002664536, -87.72523421983905)"
DIVERSEY AND WESTERN,1431,2800 N WESTERN AVENUE,01/04/2018,1,1159837.205417355,1918550.506189309,41.932216988,-87.688033281,"(41.93221698794738, -87.68803328089533)"
CICERO AND HARRISON,2022,600 S CICERO AVENUE,11/19/2016,6,1144444.97442848,1896894.622216872,41.873094833,-87.745143869,"(41.873094832519136, -87.74514386884542)"
CENTRAL AND LAKE,1742,400 N CENTRAL AVENUE,01/04/2018,1,1138928.478257537,1902217.926149854,41.887804621,-87.765268498,"(41.88780462053497, -87.76526849810371)"
PULASKI AND ARCHER,2154,5000 S ARCHER AVE,12/27/2017,3,1150501.818909837,1871162.311703322,41.802365973,-87.723576766,"(41.80236597333895, -87.72357676611004)"
63RD AND STATE,2714,1 E 63RD ST,01/04/2018,3,1177367.518733101,1863199.17768559,41.779949105,-87.625289553,"(41.779949104569106, -87.62528955333775)"
CORTLAND AND ASHLAND,1721,1900 N ASHLAND AVE,01/01/2018,21,1165348.084854857,1912736.454335569,41.916147281,-87.667947354,"(41.91614728095272, -87.66794735350443)"
AUSTIN AND IRVING PARK,1163,6000 W IRVING PARK ROAD,01/04/2018,1,1135622.402636023,1926014.192063646,41.953163772,-87.776842593,"(41.95316377185154, -87.77684259284736)"
PULASKI AND NORTH,1992,1600 N PULASKI AVENUE,01/04/2018,1,1149432.959240306,1910369.112502195,41.90997501,-87.726480523,"(41.909975010236906, -87.72648052306623)"
CERMAK AND PULASKI,2332,2200 S PULASKI,01/04/2018,3,1150012.876838243,1889071.75851865,41.851521442,-87.724904787,"(41.85152144233116, -87.7249047867499)"
PULASKI AND DIVISION,1801,1200 N PULASKI ROAD,01/04/2018,4,1149459.590666926,1907723.219884254,41.902713902,-87.726451457,"(41.902713901936174, -87.72645145715836)"
HAMLIN AND LAKE,1882,300 N HAMLIN AVENUE,12/30/2017,4,1150970.026856642,1901381.688308858,41.885282636,-87.721069539,"(41.88528263580913, -87.72106953854511)"
PULASKI AND BELMONT,1382,3200 N PULASKI RD,01/04/2018,2,1149125.621478734,1920994.556178086,41.939138154,-87.72733371,"(41.939138153500274, -87.7273337101426)"
HALSTED AND DIVISION,1714,800 W DIVISION,12/21/2017,2,1170767.827960358,1908259.644151662,41.903745557,-87.648167011,"(41.90374555734733, -87.64816701062779)"
DAMEN AND 63RD,2701,6300 S DAMEN AVENUE,12/21/2017,3,1164069.407943298,1862830.277442834,41.779226921,-87.674052731,"(41.77922692069256, -87.67405273137854)"
CENTRAL AND ADDISON,1682,3600 N CENTRAL AVENUE,12/21/2017,1,1138343.117435682,1923392.067464765,41.945919491,-87.766904594,"(41.945919490555106, -87.76690459426293)"
79TH AND KEDZIE,2443,3200 W 79TH ST,12/21/2017,4,1156402.644780165,1852104.649370984,41.749952001,-87.702448478,"(41.74995200142266, -87.70244847808695)"
CLARK AND FULLERTON,1632,2400 N CLARK ST,12/21/2017,1,1172749.562209477,1916238.997132859,41.925597623,-87.640650973,"(41.925597623023144, -87.64065097309872)"
BELMONT AND KEDZIE,1372,3200 N KEDZIE AVE,12/21/2017,3,1154426.977874407,1921110.466549542,41.93935173,-87.707846594,"(41.93935173030961, -87.70784659359776)"
CICERO AND HARRISON,2023,4800 W HARRISON STREET,12/24/2016,1,1144451.867388303,1896949.561959463,41.873245464,-87.745117179,"(41.873245464379586, -87.7451171788807)"
ASHLAND AND 95TH,2473,1600 W 95TH STREET,12/21/2017,2,1167323.753394196,1841755.029221382,41.721324412,-87.662724153,"(41.721324411975246, -87.66272415265087)"
75TH AND STATE,2621,7500 S STATE STREET,12/21/2017,12,1177538.763040612,1855235.551345519,41.758092176,-87.624902228,"(41.75809217638291, -87.6249022282473)"
WESTERN AND FULLERTON,1672,2400 N WESTERN AVENUE,12/21/2017,1,1159923.309342995,1915897.778561358,41.924935944,-87.687790255,"(41.92493594409127, -87.68779025471278)"
HAMLIN AND MADISON,1903,3800 W MADISON STREET,12/21/2017,2,1151032.709141294,1899784.033986533,41.880897273,-87.720881226,"(41.880897273491264, -87.72088122613924)"
PULASKI AND IRVING PARK,1574,4000 W IRVING PARK RD,12/21/2017,4,1148988.727877253,1926320.954938409,41.953756874,-87.727698513,"(41.95375687447515, -87.72769851312907)"
63RD AND STATE,2712,6300 S STATE ST,12/21/2017,6,1177303.801895084,1863220.216755923,41.780008277,-87.625522512,"(41.78000827740796, -87.6255225119157)"
PULASKI AND BELMONT,1383,4000 W BELMONT AVE,12/21/2017,2,1149131.866894851,1921018.50498026,41.93920375,-87.727310134,"(41.93920374986553, -87.72731013414392)"
AUSTIN AND ADDISON,1491,3600 N AUSTIN AVENUE,12/21/2017,1,1135691.599896458,1923335.967306169,41.945813215,-87.776652162,"(41.9458132146695, -87.77665216156436)"
35TH AND WESTERN,2091,3500 S WESTERN,12/21/2017,1,1160894.949857101,1881376.851112895,41.830187255,-87.685177925,"(41.83018725526863, -87.68517792510231)"
ELSTON AND LAWRENCE,1284,4440 W LAWRENCE AVENUE,12/21/2017,5,1145715.061027481,1931571.0474838,41.968226398,-87.739599251,"(41.96822639754791, -87.73959925065756)"
STATE AND 79TH,2651,7900 S STATE STREET,12/21/2017,7,1177618.166929966,1852621.870232838,41.750918138,-87.624690123,"(41.7509181383154, -87.62469012251644)"
111TH AND HALSTED,2422,11100 S HALSTED ST,12/21/2017,14,1172923.657689312,1831209.044179248,41.692263123,-87.642522688,"(41.692263123425136, -87.6425226876268)"
PULASKI AND IRVING PARK,1572,4000 N PULASKI ROAD,12/21/2017,1,1148970.255325552,1926313.600468643,41.953737051,-87.727766612,"(41.95373705144353, -87.72776661179896)"
BELMONT AND KEDZIE,1371,3200 N KEDZIE AVENUE,12/21/2017,1,1154426.977874407,1921110.466549542,41.93935173,-87.707846594,"(41.93935173030961, -87.70784659359776)"
WESTERN AND DEVON,1211,6400 N WESTERN AVENUE,12/25/2016,1,1159113.585759434,1942451.622367891,41.997817807,-87.690033035,"(41.997817807026, -87.69003303469276)"
PULASKI AND BELMONT,1382,3200 N PULASKI RD,12/21/2017,3,1149125.621478734,1920994.556178086,41.939138154,-87.72733371,"(41.939138153500274, -87.7273337101426)"
WENTWORTH AND GARFIELD,2264,200 W GARFIELD BLVD,12/21/2017,6,1175889.574397302,1868551.750512227,41.794670385,-87.630547476,"(41.79467038468937, -87.63054747605638)"
WESTERN AND TOUHY,1252,7200 N WESTERN AVENUE,12/21/2017,1,1158975.66256211,1947754.286963361,42.012371335,-87.690393917,"(42.012371334791766, -87.69039391737863)"
ROOSEVELT AND HALSTED,2234,800 W ROOSEVELT ROAD,12/21/2017,8,1171199.282357741,1894968.056393724,41.867263098,-87.646972686,"(41.86726309836901, -87.64697268601648)"
87TH AND VINCENNES,2412,8700 S VINCENNES,12/21/2017,9,1172026.328989535,1847142.496643776,41.736006565,-87.645341819,"(41.73600656458518, -87.64534181897955)"
CICERO AND HARRISON,2023,4800 W HARRISON STREET,12/21/2017,1,1144451.867388303,1896949.561959463,41.873245464,-87.745117179,"(41.873245464379586, -87.7451171788807)"
MILWAUKEE AND MONTROSE,1362,4400 N MILWAUKEE AVEN,11/19/2016,4,1141643.943268783,1928770.256316239,41.96061723,-87.75463824,"(41.9606172296957, -87.75463824007085)"
LAWRENCE AND CICERO,1042,4800 N CICERO AVENUE,12/21/2017,4,1143464.651785526,1931490.551883203,41.968048007,-87.747875985,"(41.968048007293845, -87.74787598468126)"
63RD AND STATE,2714,1 E 63RD ST,12/21/2017,7,1177367.518733101,1863199.17768559,41.779949105,-87.625289553,"(41.779949104569106, -87.62528955333775)"
CICERO AND DIVERSEY,1694,4800 W DIVERSEY AVENUE,12/21/2017,3,1143869.848167704,1918226.043989398,41.93164142,-87.746719911,"(41.93164142040689, -87.7467199106462)"
KEDZIE AND ARMITAGE,1834,3200 W ARMITAGE AVENUE,12/21/2017,4,1154700.851347995,1913153.252187904,41.917511023,-87.707053639,"(41.91751102291878, -87.7070536388797)"
ELSTON AND ADDISON,1403,3216 W ADDISON ST,12/21/2017,3,1154199.729816868,1923799.345386665,41.946734755,-87.708609774,"(41.946734754927796, -87.7086097735515)"
ELSTON AND LAWRENCE,1282,4800 N ELSTON AVENUE,12/21/2017,2,1145529.344259918,1931501.601268983,41.968039361,-87.740283894,"(41.96803936143674, -87.74028389448999)"
CENTRAL AND LAKE,1742,400 N CENTRAL AVENUE,12/25/2016,10,1138928.478257537,1902217.926149854,41.887804621,-87.765268498,"(41.88780462053497, -87.76526849810371)"
ASHLAND AND IRVING PARK,1151,4000 N ASHLAND AVENUE,12/21/2017,1,1164899.463802581,1926665.661118925,41.954379326,-87.66919912,"(41.954379326212695, -87.66919911980419)"
PULASKI AND ARMITAGE,1844,4000 W ARMITAGE AVENUE,12/21/2017,3,1149375.428872108,1913028.984273181,41.917275069,-87.726622746,"(41.91727506940875, -87.72662274644799)"
CICERO AND ARMITAGE,2001,2000 N CICERO AVENUE,12/21/2017,2,1144031.525719004,1912881.8300295,41.916973325,-87.746260223,"(41.91697332451097, -87.74626022251057)"
4700 WESTERN,2141,4700 S WESTERN AVENUE,12/21/2017,5,1161120.438879703,1873431.066474726,41.808378408,-87.684570717,"(41.808378407946726, -87.68457071689552)"
ROOSEVELT AND HALSTED,2233,800 W ROOSEVELT ROAD,12/21/2017,9,1171199.282357741,1894968.056393724,41.867263098,-87.646972686,"(41.86726309836901, -87.64697268601648)"
LARAMIE AND FULLERTON,1424,5200 W FULLERTON AVENUE,12/21/2017,1,1141305.554932016,1915502.611239048,41.924215797,-87.756210755,"(41.92421579723144, -87.75621075458939)"
63RD AND STATE,2712,6300 S STATE ST,04/18/2017,4,1177303.801895084,1863220.216755923,41.780008277,-87.625522512,"(41.78000827740796, -87.6255225119157)"
KEDZIE AND 31ST,2132,3100 S KEDZIE AVENUE,12/21/2017,2,1155483.167539854,1883867.660503274,41.837132671,-87.704967115,"(41.837132671422296, -87.70496711478727)"
WESTERN AND FULLERTON,1671,2400 N WESTERN AVENUE,12/21/2017,16,1159923.309342995,1915897.778561358,41.924935944,-87.687790255,"(41.92493594409127, -87.68779025471278)"
KEDZIE AND 71ST,2354,3200 W 71ST STREET,12/21/2017,2,1156246.862901455,1857404.014959868,41.764497433,-87.702877023,"(41.76449743256955, -87.70287702335861)"
LAKE SHORE DR AND BELMONT,1412,3200 N LAKESHORE DRIV,12/21/2017,4,1173053.220555078,1921821.380831705,41.940909163,-87.63936916,"(41.94090916326764, -87.63936915995522)"
KOSTNER AND NORTH,2011,1600 N KOSTNER,12/21/2017,1,1146732.108679105,1910282.120990798,41.909788304,-87.736404667,"(41.90978830394343, -87.73640466739216)"
WESTERN AND 63RD,2373,2400 W 63RD ST,12/21/2017,3,1161444.415758584,1862848.534703658,41.779331844,-87.683675761,"(41.77933184429814, -87.68367576084798)"
HAMLIN AND LAKE,1882,300 N HAMLIN AVENUE,12/21/2017,3,1150970.026856642,1901381.688308858,41.885282636,-87.721069539,"(41.88528263580913, -87.72106953854511)"
ASHLAND AND 95TH,2472,9500 S ASHLAND AVENUE,12/21/2017,7,1167295.830128711,1841695.121217916,41.721160612,-87.662828139,"(41.72116061205213, -87.66282813939165)"
ASHLAND AND DIVISION,1791,1200 N ASHLAND AVENUE,12/21/2017,12,1165466.997046718,1908083.767015974,41.903377468,-87.667643142,"(41.903377467566784, -87.66764314227497)"
WESTERN AND FOSTER,1072,5200 N WESTERN AVE,12/21/2017,6,1159372.922497116,1934478.313674003,41.975933372,-87.689299589,"(41.97593337199358, -87.6892995891816)"
HARLEM AND BELMONT,1391,3200 N HARLEM AVE,12/21/2017,4,1127481.020995451,1920467.613239239,41.938084468,-87.806896749,"(41.93808446822169, -87.80689674887883)"
CENTRAL AND DIVERSEY,1644,5600 W DIVERSEY AVENUE,12/21/2017,1,1138539.758528398,1918097.096677271,41.931385977,-87.766310532,"(41.93138597683265, -87.76631053155157)"
HALSTED AND FULLERTON,1701,2400 N HALSTED STREET,12/21/2017,6,1170501.602639925,1916200.061550148,41.925540315,-87.648912156,"(41.925540315431995, -87.64891215551155)"
PULASKI AND 79TH,2494,4000 W 79TH STREET,12/21/2017,4,1151074.116357501,1851966.830243835,41.749679359,-87.721978345,"(41.74967935883473, -87.72197834524168)"
KOSTNER AND NORTH,2013,4400 W NORTH,12/21/2017,3,1146738.551618032,1910309.595368032,41.909863573,-87.736380296,"(41.90986357340246, -87.73638029605371)"
CENTRAL AND IRVING PARK,1183,5600 W IRVING PARK ROAD,12/21/2017,4,1138281.535484986,1926078.647777633,41.953292847,-87.767065708,"(41.953292847298, -87.76706570775266)"
STONY ISLAND/CORNELL AND 67TH,2721,6700 S STONY ISLAND A,12/21/2017,5,1187984.143047539,1860863.338367666,41.773292896,-87.586442368,"(41.77329289585066, -87.58644236831432)"
BROADWAY/SHERIDAN AND DEVON,1123,1200 W DEVON AVE,12/21/2017,2,1167109.644248166,1942688.147952186,41.998298228,-87.660611661,"(41.99829822771884, -87.66061166063517)"
STONEY ISLAND AND 79TH,2461,7900 S SOUTH CHICAGO AVE,12/21/2017,1,1188274.655498937,1852865.685797892,41.751339705,-87.585632266,"(41.751339704589455, -87.58563226565187)"
PULASKI AND 63RD,2342,6300 S PULASKI RD,12/21/2017,4,1150746.00309079,1862516.747695325,41.778636469,-87.722906356,"(41.77863646878099, -87.72290635568541)"
HAMLIN AND MADISON,1901,0 N HAMLIN BOULEVARD,12/21/2017,4,,,,,
ROOSEVELT AND PULASKI,2311,1200 S PULASKI ROAD,12/21/2017,2,1149866.002247864,1894375.839200384,41.866079337,-87.725305995,"(41.86607933722178, -87.7253059948758)"
LAWRENCE AND WESTERN,1193,2400 W LAWRENCE AVENUE,12/21/2017,3,1159482.648570304,1931851.989492596,41.968724349,-87.688968727,"(41.96872434882172, -87.68896872699601)"
LAWRENCE AND WESTERN,1192,4800 N WESTERN AVENUE,12/21/2017,2,1159459.622430471,1931821.342623414,41.968640727,-87.689054241,"(41.96864072747715, -87.6890542408374)"
ASHLAND AND MADISON,1911,0 N ASHLAND AVE,12/21/2017,3,,,,,
4700 WESTERN,2142,4700 S WESTERN AVENUE,12/21/2017,2,1161120.438879703,1873431.066474726,41.808378408,-87.684570717,"(41.808378407946726, -87.68457071689552)"
HALSTED AND DIVISION,1711,1200 N HALSTED,12/21/2017,7,1170746.639428735,1908242.256010774,41.903698308,-87.648245351,"(41.90369830765008, -87.64824535062563)"
PULASKI AND ARCHER,2154,5000 S ARCHER AVE,12/21/2017,1,1150501.818909837,1871162.311703322,41.802365973,-87.723576766,"(41.80236597333895, -87.72357676611004)"
ASHLAND AND MADISON,1914,1600 W MADISON,05/26/2017,6,1165723.014733182,1900136.515489506,41.881564167,-87.666929463,"(41.8815641670199, -87.66692946294842)"
55TH AND KEDZIE,2163,3200 W 55TH STREET,12/21/2017,2,1155966.956993183,1868015.593764152,41.793622803,-87.703618141,"(41.79362280329978, -87.70361814062049)"
CENTRAL AND BELMONT,1602,3200 N CENTRAL AVENUE,12/21/2017,1,1138430.432324593,1920731.654410336,41.938617463,-87.766648297,"(41.938617463272884, -87.76664829683827)"
CICERO AND I55,2251,4200 S CICERO AVENUE,12/21/2017,50,1145023.742859509,1876358.276835519,41.816729387,-87.743536712,"(41.81672938674739, -87.74353671247594)"
HALSTED AND 95TH,2582,9500 S HALSTED STREET,12/21/2017,3,1172610.538363645,1841811.61926207,41.721365061,-87.643358042,"(41.72136506078306, -87.64335804234075)"
IRVING PARK AND LARAMIE,1533,5200 W IRVING PARK ROA,12/21/2017,3,,,,,
NORTHWEST HIGHWAY AND FOSTER,3002,5200 N NORTHWEST HWY,12/21/2017,2,1137806.147689466,1934042.034460217,41.975153719,-87.76862036,"(41.975153718866956, -87.76862036015007)"
PULASKI AND DIVERSEY,1543,4000 W DIVERSEY AVENUE,12/21/2017,1,1149206.496130705,1918356.569267582,41.931897723,-87.72710503,"(41.9318977231462, -87.72710503045386)"
KEDZIE AND 47TH,2104,3200 W 47TH ST,12/21/2017,5,1155815.231505056,1873336.169728074,41.808226246,-87.704031672,"(41.808226246244026, -87.70403167215984)"
CICERO AND ADDISON,1611,3600 N CICERO AVENUE,12/21/2017,2,1143698.904601495,1923517.005821035,41.946163524,-87.747215169,"(41.94616352362556, -87.74721516897007)"
HOMAN/KIMBALL AND NORTH,1771,1600 N HOMAN AVENUE,12/21/2017,1,,,,,
PULASKI AND DIVISION,1802,1200 N PULASKI ROAD,12/21/2017,3,1149459.590666926,1907723.219884254,41.902713902,-87.726451457,"(41.902713901936174, -87.72645145715836)"
ARCHER AND CICERO,2081,5200 S CICERO AVE,12/21/2017,16,1145195.931989777,1869737.708306623,41.798558278,-87.743071866,"(41.798558278193305, -87.74307186616427)"
LAFAYETTE AND 87TH,2503,30 W 87TH STREET,12/21/2017,14,1177407.651800237,1847320.772058312,41.736376037,-87.625621311,"(41.736376036604916, -87.62562131092602)"
ASHLAND AND MADISON,1914,1600 W MADISON,12/21/2017,9,1165723.014733182,1900136.515489506,41.881564167,-87.666929463,"(41.8815641670199, -87.66692946294842)"
WENTWORTH AND GARFIELD,2261,5500 S WENTWORTH AVEN,12/21/2017,23,,,,,
CORTLAND AND ASHLAND,1721,1900 N ASHLAND AVE,12/21/2017,17,1165348.084854857,1912736.454335569,41.916147281,-87.667947354,"(41.91614728095272, -87.66794735350443)"
CHICAGO AND CLARK,1964,100 W CHICAGO AVENUE,12/21/2017,7,1175374.528739575,1905745.47783364,41.896744347,-87.631321248,"(41.896744346875806, -87.63132124815151)"
CICERO AND ADDISON,1612,3600 N CICERO AVENUE,12/21/2017,6,1143698.904601495,1923517.005821035,41.946163524,-87.747215169,"(41.94616352362556, -87.74721516897007)"
CICERO AND CHICAGO,1783,4800 W CHICAGO AVENUE,12/21/2017,2,1144175.291152764,1904916.255225279,41.895112219,-87.745932427,"(41.89511221857764, -87.74593242701515)"
WESTERN AND CERMAK,1003,2400 W CERMAK ROAD,12/21/2017,1,1160678.000607329,1889375.645335924,41.852141307,-87.685752642,"(41.85214130680468, -87.6857526415569)"
HALSTED AND NORTH,1764,800 W NORTH AVENUE,12/21/2017,3,1170700.68422007,1910913.190749698,41.91102851,-87.648335806,"(41.91102850981186, -87.64833580602037)"
CICERO AND 47TH,2204,4800 W 47TH ST,12/21/2017,6,1145130.048925744,1873078.44198302,41.807727017,-87.743229366,"(41.80772701677172, -87.74322936566276)"
JEFFERY AND 95TH,2522,9500 S JEFFERY AVE,12/21/2017,2,1191132.420601301,1842335.735988875,41.722375907,-87.575499903,"(41.72237590704101, -87.57549990332795)"
CICERO AND HARRISON,2022,600 S CICERO AVENUE,12/21/2017,5,1144444.97442848,1896894.622216872,41.873094833,-87.745143869,"(41.873094832519136, -87.74514386884542)"
IRVING PARK AND NARRAGANSETT,1023,6400 W IRVING PK,12/21/2017,2,1132945.939118726,1925946.304925137,41.953024751,-87.786683238,"(41.95302475075328, -87.78668323766634)"
MILWAUKEE AND CENTRAL,3022,5232 N MILWAUKEE AVE,12/21/2017,8,1138074.161743901,1934115.431678809,41.975350275,-87.767632985,"(41.97535027477604, -87.76763298459159)"
IRVING PARK AND CALIFORNIA,1234,2800 W IRVING PARK ROA,12/21/2017,1,,,,,
MILWAUKEE AND MONTROSE,1364,5075 W MONTROSE AVENUE,12/21/2017,3,1141716.746618898,1928736.076639057,41.960522088,-87.754371424,"(41.96052208819935, -87.75437142402293)"
IRVING PARK AND NARRAGANSETT,1024,6400 W IRVING PK,12/21/2017,1,1132945.939118726,1925946.304925137,41.953024751,-87.786683238,"(41.95302475075328, -87.78668323766634)"
KIMBALL AND DIVERSEY,1583,3400 W DIVERSEY AVENUE,12/21/2017,1,1153211.149172713,1918454.477800566,41.932087747,-87.71238583,"(41.932087747378944, -87.71238582951281)"
CANAL AND ROOSEVELT,2294,500 W ROOSEVELT ROAD,12/21/2017,8,1173290.72186561,1895021.166235495,41.867362693,-87.639293195,"(41.867362692616666, -87.63929319464197)"
PETERSON AND WESTERN,1014,2400 W PETERSON,12/21/2017,6,1159214.211316277,1939825.301874586,41.99060901,-87.689735481,"(41.990609009807294, -87.68973548092968)"
SACRAMENTO AND LAKE,1822,150 N SACRAMENTO BOUL,12/21/2017,3,1156319.560664766,1900957.489351962,41.884012178,-87.701436479,"(41.88401217771363, -87.7014364786693)"
71ST AND ASHLAND,2391,7100 S ASHLAND,12/21/2017,3,1166868.379865725,1857616.168087255,41.764859382,-87.663940176,"(41.764859382425385, -87.66394017630476)"
55TH and PULASKI,2244,4000 W 55TH ST,12/21/2017,1,1150621.676903861,1867864.274865394,41.793313334,-87.723223038,"(41.79331333358753, -87.72322303812588)"
STONEY ISLAND AND 79TH,2464,1600 E 79TH ST,12/21/2017,1,1188284.704439907,1852964.829047574,41.751611523,-87.585592284,"(41.75161152327319, -87.58559228428787)"
TOUHY AND OSCEOLA,1243,7432 W TOUHY AVENUE,12/21/2017,2,1125717.010560011,1947269.685461107,42.011661765,-87.812781431,"(42.01166176507329, -87.81278143114147)"
COTTAGE GROVE AND 71ST,2571,7100 S COTTAGE GROVE,12/21/2017,4,1182746.23698699,1858088.011064538,41.765800351,-87.605729127,"(41.76580035131893, -87.6057291269901)"
OGDEN AND KOSTNER,2222,2348 S KOSTNER AVENUE,12/21/2017,9,1147394.548182079,1887795.177782082,41.848068845,-87.734547457,"(41.8480688449598, -87.73454745748458)"
WESTERN AND MARQUETTE,2674,2400 W MARQUETTE ROAD,12/21/2017,4,1161509.889315231,1860208.627404126,41.772086214,-87.683508858,"(41.772086214104526, -87.68350885781568)"
MILWAUKEE AND DEVON,1272,6400 N MILWAUKEE AVEN,12/21/2017,2,1132463.750397878,1942107.911507627,41.997382173,-87.788077674,"(41.99738217345368, -87.78807767391953)"
CALIFORNIA AND DIVERSEY,1514,2800 W DIVERSEY,12/21/2017,13,1157212.54253358,1918526.674434943,41.932205395,-87.697679244,"(41.93220539506452, -87.6976792438691)"
HOLLYWOOD AND SHERIDAN,1343,1000 W HOLLYWOOD AVE,12/21/2017,3,1168580.228926466,1938090.295189338,41.985649799,-87.655335807,"(41.98564979859328, -87.65533580655139)"
FOSTER AND NAGLE,1034,6400 W FOSTER,12/21/2017,1,1132552.893142153,1934229.875527466,41.975762574,-87.787934296,"(41.97576257447203, -87.7879342955108)"
SHERIDAN AND FOSTER,1134,1000 W FOSTER AVE,12/21/2017,2,1168689.247756979,1934758.578141654,41.976505116,-87.655031882,"(41.97650511595711, -87.65503188224778)"
99TH AND HALSTED,2431,9900 S HALSTED ST,12/21/2017,17,1172689.754200318,1839171.652197216,41.714118868,-87.643145408,"(41.714118868089905, -87.64314540818165)"
CHICAGO AND CLARK,1963,100 W CHICAGO AVENUE,12/21/2017,2,1175374.528739575,1905745.47783364,41.896744347,-87.631321248,"(41.896744346875806, -87.63132124815151)"
FOSTER AND NORTHWEST HIGHWAY,3003,5616 W FOSTER AVE,12/21/2017,6,1137626.093281239,1934273.239128334,41.97579142,-87.769276893,"(41.975791419680704, -87.76927689293382)"
WESTERN AND 79TH,2481,7900 S WESTERN AVE,12/21/2017,3,1161711.516404028,1852181.685686118,41.750054934,-87.682992203,"(41.750054933649984, -87.68299220290213)"
LARAMIE AND MADISON,2043,5200 W MADISON STREET,12/21/2017,2,1141706.965522802,1899567.55684314,41.880480752,-87.755130433,"(41.88048075170171, -87.75513043296509)"
FOSTER AND BROADWAY,1111,5200 N BROADWAY ST,12/21/2017,4,1167334.508577915,1934714.008346532,41.976412143,-87.660015082,"(41.97641214294823, -87.66001508205365)"
IRVING PARK AND CALIFORNIA,1233,2800 W IRVING PARK ROA,12/21/2017,5,,,,,
35TH AND WESTERN,2092,3500 S WESTERN,12/21/2017,1,1160894.949857101,1881376.851112895,41.830187255,-87.685177925,"(41.83018725526863, -87.68517792510231)"
WESTERN AND 63RD,2371,6300 S WESTERN AVE,12/21/2017,1,1161415.712688877,1862772.38856596,41.779123484,-87.683783099,"(41.77912348383963, -87.68378309863576)"
KEDZIE AND 26TH,2381,2600 S KEDZIE AVENUE,12/21/2017,1,1155404.235510285,1886524.460033054,41.844424831,-87.705185452,"(41.84442483084393, -87.70518545233183)"
ASHLAND AND FULLERTON,1651,2400 N ASHLAND AVENUE,12/21/2017,12,1165228.073342838,1916032.319169157,41.92519389,-87.668294363,"(41.92519388981048, -87.66829436339881)"
TOUHY AND OSCEOLA,1244,7432 W TOUHY AVENUE,12/21/2017,1,1125717.010560011,1947269.685461107,42.011661765,-87.812781431,"(42.01166176507329, -87.81278143114147)"
ADDISON AND HARLEM,1591,3600 N HARLEM AVENUE,12/21/2017,5,1127394.594070737,1923110.532422811,41.945338412,-87.807154769,"(41.94533841246591, -87.80715476912044)"
CICERO AND I55,2252,4200 S CICERO AVENUE,12/21/2017,3,1145023.742859509,1876358.276835519,41.816729387,-87.743536712,"(41.81672938674739, -87.74353671247594)"
KEDZIE AND 26TH,2382,2600 S KEDZIE AVENUE,12/21/2017,1,1155404.235510285,1886524.460033054,41.844424831,-87.705185452,"(41.84442483084393, -87.70518545233183)"
COLUMBUS AND ILLINOIS,1951,500 N COLUMBUS DRIVE,12/21/2017,10,1178372.808407292,1903693.06016042,41.891044569,-87.620371839,"(41.891044569124276, -87.620371839074)"
STONEY ISLAND AND 76TH,2631,7600 S STONY ISLAND A,12/21/2017,14,1188092.796191935,1854889.354158304,41.756897173,-87.586234285,"(41.75689717260223, -87.58623428506996)"
CICERO AND ARMITAGE,2003,4800 W ARMITAGE AVENUE,12/21/2017,1,1144054.25126508,1912907.00926109,41.917041992,-87.746176095,"(41.91704199201953, -87.74617609464687)"
WESTERN AND DEVON,1211,6400 N WESTERN AVENUE,12/21/2017,1,1159113.585759434,1942451.622367891,41.997817807,-87.690033035,"(41.997817807026, -87.69003303469276)"
PULASKI AND 79TH,2492,7900 S PULASKI ROAD,12/21/2017,2,1151054.87395657,1851842.663854121,41.749339,-87.722052091,"(41.74933900008238, -87.72205209091501)"
ASHLAND AND DIVISION,1793,1600 W DIVISION STREET,12/21/2017,2,1165489.684200442,1908112.312963909,41.903455316,-87.667558994,"(41.903455316483814, -87.66755899396976)"
MADISON AND WESTERN,1934,2400 W MADISON,12/21/2017,3,1160384.621277157,1899988.655722373,41.881270504,-87.68653594,"(41.88127050428818, -87.68653594017124)"
DIVERSEY AND WESTERN,1431,2800 N WESTERN AVENUE,12/21/2017,2,1159837.205417355,1918550.506189309,41.932216988,-87.688033281,"(41.93221698794738, -87.68803328089533)"
CORTLAND AND ASHLAND,1723,1600 W CORTLAND ST,12/21/2017,8,1165377.660768235,1912768.773647285,41.916235337,-87.667837772,"(41.91623533746878, -87.66783777212962)"
SHERIDAN AND FOSTER,1132,5200 N SHERIDAN ROAD,12/21/2017,1,1168661.623718229,1934753.842272756,41.976492721,-87.655133605,"(41.97649272077833, -87.65513360456677)"
CERMAK AND PULASKI,2332,2200 S PULASKI,12/21/2017,3,1150012.876838243,1889071.75851865,41.851521442,-87.724904787,"(41.85152144233116, -87.7249047867499)"
PULASKI AND FOSTER,1104,4000 W FOSTER AVE,12/21/2017,8,1148759.16134887,1934294.249006446,41.975640616,-87.728335469,"(41.975640616231914, -87.72833546926573)"
WESTERN AND NORTH,1851,1600 N WESTERN AVE,12/21/2017,1,1160077.474351131,1910605.013316134,41.910409024,-87.687370268,"(41.91040902362901, -87.687370268401)"
LASALLE AND KINZIE,1921,400 N LASALLE,12/21/2017,5,1175028.579766798,1903002.552291359,41.889225372,-87.632674115,"(41.88922537162015, -87.63267411498495)"
CENTRAL AND CHICAGO,1973,5600 W CHICAGO AVENUE,12/21/2017,1,1138858.856732452,1904825.827586656,41.894962293,-87.765460791,"(41.89496229349977, -87.76546079122906)"
HAMLIN AND LAKE,1881,300 N HAMLIN AVENUE,12/21/2017,7,1150970.026856642,1901381.688308858,41.885282636,-87.721069539,"(41.88528263580913, -87.72106953854511)"
79TH AND HALSTED,2543,800 W 79TH STREET,12/21/2017,3,1172320.105719411,1852517.9814434,41.750751157,-87.644107793,"(41.75075115747316, -87.64410779300933)"
CICERO AND WASHINGTON,1892,100 N CICERO AVENUE,12/21/2017,5,1144328.984091479,1900095.170838459,41.88187971,-87.745489247,"(41.88187970991601, -87.7454892473012)"
COLUMBUS AND ILLINOIS,1952,500 N COLUMBUS DRIVE,12/21/2017,3,1178372.808407292,1903693.06016042,41.891044569,-87.620371839,"(41.891044569124276, -87.620371839074)"
KIMBALL AND DIVERSEY,1581,2800 N KIMBALL AVENUE,04/18/2017,1,,,,,
DAMEN AND DIVERSEY,1462,2800 N DAMEN AVENUE,12/21/2017,5,1162490.04851994,1918611.623717091,41.932329494,-87.678282719,"(41.9323294940985, -87.67828271931386)"
KEDZIE AND 31ST,2134,3200 W 31ST STREET,12/21/2017,3,1155487.128005646,1883943.061106793,41.8373395,-87.704950558,"(41.83733950029648, -87.70495055800411)"
PULASKI AND DIVISION,1801,1200 N PULASKI ROAD,12/21/2017,3,1149459.590666926,1907723.219884254,41.902713902,-87.726451457,"(41.902713901936174, -87.72645145715836)"
ASHLAND AND 87TH,2454,1600 W 87TH ST,05/26/2017,3,1167171.941297436,1847064.855345151,41.735898617,-87.663128781,"(41.735898617066006, -87.66312878090133)"
VAN BUREN AND WESTERN,2052,400 S WESTERN AVENUE,12/21/2017,21,1160431.682297829,1898091.942371589,41.876064776,-87.686415631,"(41.87606477642526, -87.68641563098768)"
WESTERN AND FOSTER,1074,2400 W FOSTER AVE,12/21/2017,4,1159379.402846887,1934502.712486132,41.97600019,-87.689275084,"(41.97600018976586, -87.68927508385399)"
PULASKI AND FOSTER,1102,5200 N PULASKI RD,12/21/2017,2,1148746.251286324,1934286.914361976,41.97562074,-87.728383135,"(41.97562073966174, -87.72838313514907)"
CALIFORNIA AND DEVON,1321,6400 N CALIFORNIA AVE,12/21/2017,1,1156461.150245401,1942370.37710537,41.997649133,-87.699792629,"(41.997649133049336, -87.69979262891378)"
CERMAK AND PULASKI,2334,4000 W CERMAK,04/13/2017,7,1150018.476053666,1889120.238540361,41.851654369,-87.724882975,"(41.85165436867626, -87.7248829753078)"
99TH AND HALSTED,2433,800 W 99TH ST,12/21/2017,16,1172710.642565684,1839246.330602143,41.714323337,-87.643066714,"(41.71432333701137, -87.64306671421937)"
ASHLAND AND IRVING PARK,1153,1600 W IRVING PARK ROA,12/21/2017,1,,,,,
MADISON AND WESTERN,1931,1 S WESTERN AVE,12/21/2017,5,1160453.827721979,1899933.703473746,41.881118279,-87.686283339,"(41.881118278833966, -87.686283338873)"
CENTRAL AND LAKE,1742,400 N CENTRAL AVENUE,12/21/2017,2,1138928.478257537,1902217.926149854,41.887804621,-87.765268498,"(41.88780462053497, -87.76526849810371)"
KEDZIE AND 47TH,2101,4700 S KEDZIE AVE,12/21/2017,2,1155791.949302478,1873270.778481327,41.808047272,-87.704118822,"(41.80804727165029, -87.70411882229871)"
AUSTIN AND ADDISON,1493,6000 W ADDISON STREET,12/21/2017,3,1135698.173154422,1923360.229527805,41.945879676,-87.776627421,"(41.94587967559099, -87.77662742093737)"
AUSTIN AND ADDISON,1491,3600 N AUSTIN AVENUE,05/26/2017,4,1135691.599896458,1923335.967306169,41.945813215,-87.776652162,"(41.9458132146695, -87.77665216156436)"
ADDISON AND HARLEM,1593,7200 W ADDISON,12/21/2017,1,1127417.488447099,1923123.407710965,41.945373358,-87.807070326,"(41.94537335809189, -87.80707032561135)"
31ST ST AND MARTIN LUTHER KING DRIVE,2123,400 E 31ST STREET,12/21/2017,1,1179437.985396417,1884565.84226022,41.838534018,-87.617046113,"(41.838534018118914, -87.61704611345726)"
ROOSEVELT AND PULASKI,2314,4000 W ROOSEVELT ROAD,12/21/2017,10,1149885.032049683,1894449.464076882,41.866281003,-87.72523422,"(41.866281002664536, -87.72523421983905)"
55TH AND KEDZIE,2162,5500 S KEDZIE AVENUE,12/21/2017,1,1155945.854705238,1867941.621374192,41.793420237,-87.703697508,"(41.793420236755864, -87.70369750845424)"
75TH AND STATE,2624,1 E 75TH STREET,12/21/2017,20,1177601.72646404,1855229.486604181,41.758074111,-87.624671658,"(41.75807411097799, -87.62467165835182)"
CICERO AND PETERSON,1202,6000 N CICERO AVENUE,12/21/2017,3,1143247.733553094,1939479.342905704,41.989973915,-87.748473024,"(41.98997391514614, -87.74847302426933)"
CICERO AND CHICAGO,1781,800 N CICERO AVENUE,12/21/2017,4,1144169.162482127,1904893.189220372,41.895049038,-87.745955516,"(41.89504903796389, -87.74595551626888)"
WESTERN AND CERMAK,1002,2200 S WESTERN AVENUE,05/26/2017,5,1160669.42562757,1889318.196820393,41.85198384,-87.685785704,"(41.85198383957328, -87.68578570420526)"
CANAL AND ROOSEVELT,2291,1200 S CANAL STREET,12/21/2017,5,1173268.771030949,1894952.634878732,41.867175125,-87.639375813,"(41.86717512472001, -87.63937581258092)"
KEDZIE AND 71ST,2352,7100 S KEDZIE AVENUE,12/21/2017,3,1156225.540366296,1857330.103443232,41.764295037,-87.702957162,"(41.764295036756856, -87.70295716211793)"
PULASKI AND LAWRENCE,1173,4000 W LAWRENCE AVENUE,12/21/2017,1,1148844.220085601,1931638.45430438,41.968351285,-87.728091672,"(41.96835128527914, -87.72809167198088)"
IRVING PARK AND NARRAGANSETT,1023,6400 W IRVING PK,05/27/2017,2,1132945.939118726,1925946.304925137,41.953024751,-87.786683238,"(41.95302475075328, -87.78668323766634)"
LASALLE AND KINZIE,1923,140 W KINZIE,12/21/2017,2,1175048.09765242,1903028.894760294,41.889297219,-87.632601648,"(41.88929721947309, -87.63260164817305)"
VAN BUREN AND WESTERN,2054,2400 W VAN BUREN STREE,12/21/2017,4,,,,,
MONTROSE AND WESTERN,1221,4400 N WESTERN AVENUE,12/21/2017,1,1159539.733234718,1929183.918095502,41.961401846,-87.688832623,"(41.961401846278505, -87.6888326227788)"
ROOSEVELT AND KOSTNER,2323,4400 W ROOSEVELT,12/21/2017,6,1147200.963258796,1894379.538078088,41.866140868,-87.73508956,"(41.866140867641654, -87.73508956008207)"
111TH AND HALSTED,2424,800 W 111TH ST,12/21/2017,3,1172945.404219168,1831282.917027882,41.692465363,-87.642440901,"(41.692465363421874, -87.64244090105778)"
CICERO AND 47TH,2202,4700 S CICERO AVE,12/21/2017,2,1145112.150373471,1873006.659918126,41.807530373,-87.743296821,"(41.80753037289406, -87.7432968212423)"
PULASKI AND ARMITAGE,1844,4000 W ARMITAGE AVENUE,03/20/2017,3,1149375.428872108,1913028.984273181,41.917275069,-87.726622746,"(41.91727506940875, -87.72662274644799)"
OGDEN AND KOSTNER,2223,4400 W OGDEN AVENUE,12/21/2017,10,1147406.592439224,1887689.099869462,41.847777523,-87.734505969,"(41.84777752280453, -87.73450596874825)"
HALSTED AND 95TH,2581,9500 S HALSTED STREET,12/21/2017,6,1172610.538363645,1841811.61926207,41.721365061,-87.643358042,"(41.72136506078306, -87.64335804234075)"
PETERSON AND WESTERN,1011,6000 N WESTERN AVE,12/21/2017,1,1159190.625032041,1939816.75471116,41.990586042,-87.689822473,"(41.99058604241958, -87.68982247294417)"
CICERO AND DIVERSEY,1691,2800 N CICERO AVENUE,12/21/2017,4,1143863.647574835,1918202.018463414,41.931575608,-87.746743301,"(41.93157560844622, -87.74674330113561)"
LAFAYETTE AND 87TH,2502,8700 S LAFAYETTE AVEN,12/21/2017,13,1177417.493180297,1847243.988223464,41.73616511,-87.625587569,"(41.73616511008592, -87.62558756899932)"
KOSTNER AND NORTH,2012,4400 W GRAND AVE,12/21/2017,2,1146773.519128439,1910425.663958581,41.91018141,-87.73624887,"(41.910181409597406, -87.73624887040725)"
CERMAK AND PULASKI,2334,4000 W CERMAK,12/21/2017,7,1150018.476053666,1889120.238540361,41.851654369,-87.724882975,"(41.85165436867626, -87.7248829753078)"
ROOSEVELT AND KOSTNER,2321,1200 S KOSTNER,12/21/2017,2,1147196.304001978,1894305.883269746,41.865938839,-87.735108549,"(41.8659388389088, -87.73510854901264)"
SACRAMENTO AND CHICAGO,1814,3000 W CHICAGO AVENUE,12/21/2017,1,1156075.266375505,1905216.604770718,41.895704525,-87.702218524,"(41.895704524946225, -87.70221852353758)"
STATE AND 79TH,2654,1 E 79TH STREET,12/21/2017,29,1177680.113652821,1852598.313477786,41.750852096,-87.624463832,"(41.75085209551078, -87.62446383210285)"
WESTERN AND 79TH,2484,2400 W 79TH ST,12/21/2017,1,1161758.68085177,1852242.255513454,41.750220168,-87.682817693,"(41.75022016799851, -87.68281769253687)"
ASHLAND AND LAWRENCE,1142,4800 N ASHLAND AVENUE,12/21/2017,2,1164751.686785145,1932001.206626392,41.96902343,-87.669590434,"(41.969023429614026, -87.66959043354217)"
MILWAUKEE AND DEVON,1272,6400 N MILWAUKEE AVEN,11/19/2016,2,1132463.750397878,1942107.911507627,41.997382173,-87.788077674,"(41.99738217345368, -87.78807767391953)"
IRVING PARK AND KILPATRICK,2763,4700 W IRVING PARK ROA,12/21/2017,5,,,,,
WESTERN AND FULLERTON,1672,2400 N WESTERN AVENUE,05/29/2017,1,1159923.309342995,1915897.778561358,41.924935944,-87.687790255,"(41.92493594409127, -87.68779025471278)"
55TH and PULASKI,2242,5500 S PULASKI,12/21/2017,2,1150600.072649439,1867806.44512718,41.793155061,-87.723303765,"(41.793155060731024, -87.72330376464247)"
FOSTER AND NAGLE,1031,5200 N NAGLE,12/21/2017,5,1132529.656558223,1934201.702060651,41.97568567,-87.788020406,"(41.97568566971868, -87.78802040620296)"
CENTRAL AND LAKE,1743,5600 W LAKE STREET,12/21/2017,1,1138951.495695032,1902230.510465733,41.887838735,-87.765183663,"(41.887838735330206, -87.76518366338465)"
PULASKI AND BELMONT,1382,3200 N PULASKI RD,11/19/2016,2,1149125.621478734,1920994.556178086,41.939138154,-87.72733371,"(41.939138153500274, -87.7273337101426)"
DIVERSEY AND WESTERN,1434,2400 W DIVERSEY AVENUE,12/21/2017,1,1159859.648423836,1918576.255784305,41.932287183,-87.687950093,"(41.93228718299094, -87.6879500934122)"
AUSTIN AND IRVING PARK,1161,4000 N AUSTIN AVENUE,12/21/2017,7,1135599.956110927,1926006.862619986,41.953144059,-87.776925284,"(41.95314405904539, -87.77692528423394)"
STONY ISLAND/CORNELL AND 67TH,2731,6700 S CORNELL DRIVE,12/21/2017,6,1188316.454860734,1860851.137456735,41.77325149,-87.5852246,"(41.77325148959568, -87.58522459967712)"
PULASKI AND 63RD,2343,4000 W 63RD ST,12/21/2017,1,1150768.346768175,1862564.615405259,41.77876739,-87.722823195,"(41.778767390084305, -87.72282319530368)"
87TH AND VINCENNES,2413,848 W 87TH STREET,12/21/2017,7,1172002.531006759,1847197.326168367,41.736157546,-87.6454274,"(41.73615754630335, -87.64542740049411)"
119TH AND HALSTED,2402,11900 S HALSTED,12/21/2017,3,1173094.774616191,1825911.054609338,41.677720829,-87.642051845,"(41.67772082924762, -87.64205184498218)"
PULASKI AND FOSTER,1102,5200 N PULASKI RD,05/26/2017,6,1148746.251286324,1934286.914361976,41.97562074,-87.728383135,"(41.97562073966174, -87.72838313514907)"
HALSTED AND FULLERTON,1704,800 W FULLERTON AVENUE,12/21/2017,2,1170525.624723311,1916208.443992778,41.925562791,-87.648823641,"(41.92556279107417, -87.64882364145232)"
FOSTER AND BROADWAY,1113,1200 W FOSTER AVE,12/21/2017,1,1167357.095930752,1934721.393266777,41.97643192,-87.659931806,"(41.97643192018459, -87.65993180604016)"
HARLEM AND BELMONT,1394,7200 W BELMONT AVE,12/21/2017,5,1127504.698153561,1920475.415440844,41.938105479,-87.806809552,"(41.93810547939496, -87.80680955240743)"
119TH AND HALSTED,2404,800 W 119TH STREET,12/21/2017,3,1173111.174088158,1825985.001014405,41.677923389,-87.641989646,"(41.677923389134385, -87.64198964584013)"
HALSTED AND MADISON,1872,1 N HALSTED STREET,12/21/2017,3,1171090.967986833,1900270.454015136,41.881815632,-87.647214717,"(41.88181563164203, -87.64721471704077)"
BELMONT AND KEDZIE,1373,3200 W BELMONT,12/21/2017,2,1154461.587940363,1921143.091003516,41.939440561,-87.707718516,"(41.93944056117365, -87.70771851630873)"
PULASKI AND CHICAGO,1982,800 N PULASKI ROAD,12/21/2017,2,1149538.444844035,1905079.034990625,41.895456457,-87.726230541,"(41.895456456825386, -87.72623054051289)"
IRVING PARK AND KILPATRICK,2764,4700 W IRVING PARK ROA,12/21/2017,2,,,,,
STONEY ISLAND AND 79TH,2462,7900 S STONEY ISLAND,12/21/2017,1,1188181.571068297,1852908.934789311,41.751460603,-87.585971993,"(41.75146060316686, -87.5859719929647)"
FULLERTON AND NARRAGANSETT,1554,6400 W FULLERTON AVENU,12/21/2017,4,1133317.594499059,1915293.661305931,41.923786189,-87.785567206,"(41.92378618871128, -87.78556720562165)"
WESTERN AND DEVON,1212,6400 N WESTERN AVENUE,12/21/2017,1,1159113.585759434,1942451.622367891,41.997817807,-87.690033035,"(41.997817807026, -87.69003303469276)"
CALIFORNIA AND DEVON,1323,2800 W DEVON AVENUE,12/21/2017,2,1156484.528078038,1942377.980662191,41.997669523,-87.699706423,"(41.99766952286052, -87.69970642324591)"
CICERO AND FULLERTON,1472,2400 N CICERO AVE,12/21/2017,2,1143961.592189569,1915545.343094087,41.92428359,-87.74645019,"(41.92428358982701, -87.74645019028947)"
ROOSEVELT AND KOSTNER,2321,1200 S KOSTNER,05/04/2017,2,1147196.304001978,1894305.883269746,41.865938839,-87.735108549,"(41.8659388389088, -87.73510854901264)"
PULASKI AND ARMITAGE,1843,4000 W ARMITAGE AVENUE,12/21/2017,4,1149375.428872108,1913028.984273181,41.917275069,-87.726622746,"(41.91727506940875, -87.72662274644799)"
ASHLAND AND FULLERTON,1652,2400 N ASHLAND AVENUE,12/21/2017,8,1165228.073342838,1916032.319169157,41.92519389,-87.668294363,"(41.92519388981048, -87.66829436339881)"
DIVISION AND DAMEN,1733,2000 W DIVISION,12/21/2017,3,1162815.710860194,1908034.672555531,41.903298793,-87.677383247,"(41.903298792681944, -87.67738324739636)"
PULASKI AND FULLERTON,1481,2400 N PULASKI RD,12/21/2017,2,1149275.963864089,1915687.631931757,41.924572574,-87.726919111,"(41.92457257416937, -87.72691911144182)"
FULLERTON AND NARRAGANSETT,1553,6400 W FULLERTON AVENU,12/21/2017,2,1133317.594499059,1915293.661305931,41.923786189,-87.785567206,"(41.92378618871128, -87.78556720562165)"
WESTERN AND NORTH,1853,2400 W NORTH AVE,12/21/2017,2,1160100.839010995,1910612.783367238,41.910429862,-87.687284221,"(41.91042986235867, -87.68728422050837)"
SACRAMENTO AND LAKE,1821,150 N SACRAMENTO BOUL,12/21/2017,1,1156319.560664766,1900957.489351962,41.884012178,-87.701436479,"(41.88401217771363, -87.7014364786693)"
WESTERN AND CERMAK,1003,2400 W CERMAK ROAD,03/24/2017,2,1160678.000607329,1889375.645335924,41.852141307,-87.685752642,"(41.85214130680468, -87.6857526415569)"
CALIFORNIA AND PETERSON,1313,2800 W PETERSON AVENUE,12/21/2017,6,1156569.515341857,1939784.830544118,41.990552082,-87.699464396,"(41.990552081681564, -87.69946439622785)"
LARAMIE AND MADISON,2044,5200 W MADISON STREET,12/21/2017,10,1141706.965522802,1899567.55684314,41.880480752,-87.755130433,"(41.88048075170171, -87.75513043296509)"
BELMONT AND KEDZIE,1372,3200 N KEDZIE AVE,03/24/2017,16,1154426.977874407,1921110.466549542,41.93935173,-87.707846594,"(41.93935173030961, -87.70784659359776)"
ASHLAND AND LAWRENCE,1143,1600 W LAWRENCE AVENUE,12/21/2017,2,1164771.946929007,1931988.254061312,41.968987457,-87.669516307,"(41.96898745654617, -87.66951630654926)"
IRVING PARK AND LARAMIE,1534,5200 W IRVING PARK ROA,12/21/2017,1,,,,,
WESTERN AND MARQUETTE,2672,6700 S WESTERN AVENUE,12/21/2017,7,1161488.747635042,1860134.788366884,41.771884028,-87.683588402,"(41.77188402771193, -87.68358840206334)"
ASHLAND AND 87TH,2452,8700 S ASHLAND AVE,12/21/2017,3,1167150.470087748,1846991.212339794,41.735696989,-87.663209544,"(41.73569698863625, -87.66320954445679)"
HALSTED AND NORTH,1761,1600 N HALSTED STREET,12/21/2017,3,1170678.283433825,1910880.991397547,41.910940644,-87.648419043,"(41.91094064391597, -87.64841904272998)"
PULASKI AND FULLERTON,1484,4000 W FULLERTON AVE,12/21/2017,3,1149303.081963737,1915695.275222648,41.924593022,-87.726819268,"(41.92459302175305, -87.7268192684032)"
HALSTED AND MADISON,1871,1 S HALSTED STREET,12/21/2017,3,1171092.392868784,1900234.542088741,41.881717056,-87.647210539,"(41.88171705561901, -87.64721053920604)"
71ST AND ASHLAND,2394,1600 W 71ST,12/21/2017,8,1166890.012333149,1857674.2502247,41.765018306,-87.66385923,"(41.76501830555763, -87.66385923012646)"
STONEY ISLAND AND 76TH,2632,7600 S STONY ISLAND A,12/21/2017,12,1188092.796191935,1854889.354158304,41.756897173,-87.586234285,"(41.75689717260223, -87.58623428506996)"
COTTAGE GROVE AND 71ST,2572,7100 S COTTAGE GROVE,12/21/2017,6,1182746.23698699,1858088.011064538,41.765800351,-87.605729127,"(41.76580035131893, -87.6057291269901)"
DIVISION AND DAMEN,1734,2000 W DIVISION,12/21/2017,6,1162815.710860194,1908034.672555531,41.903298793,-87.677383247,"(41.903298792681944, -87.67738324739636)"
DAMEN AND DIVERSEY,1464,2000 W DIVERSEY PARKWAY,12/21/2017,1,1162519.714934025,1918635.417634925,41.932394164,-87.678173031,"(41.93239416403691, -87.67817303087757)"
RIDGE AND CLARK,1052,5930 N CLARK STREET,12/21/2017,2,1164554.784723473,1939388.511516442,41.98929863,-87.670104121,"(41.98929863013193, -87.67010412112992)"
115TH AND HALSTED,2553,800 W 115TH STREET,12/25/2016,6,1173010.735357888,1828632.242070332,41.685190056,-87.642279564,"(41.68519005571938, -87.64227956401977)"
CENTRAL AND FULLERTON,1444,5600 W FULLERTON AVENU,12/21/2017,2,1138627.279189421,1915438.969256439,41.924090199,-87.76605353,"(41.92409019883488, -87.76605353016079)"
DAMEN AND 63RD,2702,6300 S DAMEN AVENUE,12/21/2017,3,1164069.407943298,1862830.277442834,41.779226921,-87.674052731,"(41.77922692069256, -87.67405273137854)"
CICERO AND WASHINGTON,1891,100 N CICERO AVENUE,12/21/2017,6,1144328.984091479,1900095.170838459,41.88187971,-87.745489247,"(41.88187970991601, -87.7454892473012)"
31ST ST AND MARTIN LUTHER KING DRIVE,2121,3100 S DR MARTIN L KING,12/21/2017,8,,,,,
HOMAN/KIMBALL AND NORTH,1773,3400 W NORTH AVE,12/21/2017,2,1153386.578905125,1910465.87061722,41.910162847,-87.711953868,"(41.91016284680269, -87.71195386769125)"
ASHLAND AND 87TH,2454,1600 W 87TH ST,12/21/2017,2,1167171.941297436,1847064.855345151,41.735898617,-87.663128781,"(41.735898617066006, -87.66312878090133)"
CLARK AND FULLERTON,1631,2400 N CLARK ST,12/21/2017,1,1172749.562209477,1916238.997132859,41.925597623,-87.640650973,"(41.925597623023144, -87.64065097309872)"
CENTRAL AND ADDISON,1683,5600 W ADDISON STREET,12/21/2017,4,1138349.663302502,1923416.02157061,41.945985104,-87.766879952,"(41.94598510430888, -87.76687995165918)"
LAWRENCE AND CICERO,1041,4800 N CICERO AVE,12/21/2017,4,1143464.651785526,1931490.551883203,41.968048007,-87.747875985,"(41.968048007293845, -87.74787598468126)"
ELSTON AND ADDISON,1402,3600 N ELSTON AVE,12/21/2017,1,1154106.95251778,1923731.036211081,41.946549165,-87.708952626,"(41.94654916480637, -87.70895262603513)"
SACRAMENTO AND CHICAGO,1812,800 N SACRAMENTO AVEN,12/21/2017,3,1156039.008141929,1905193.084100581,41.895640714,-87.702352328,"(41.89564071387542, -87.70235232767416)"
CICERO AND NORTH,2034,4800 W NORTH AVENUE,12/21/2017,1,1144053.733747163,1910243.80567041,41.90973389,-87.746244973,"(41.909733890131285, -87.74624497295898)"
PULASKI AND LAWRENCE,1172,4800 N PULASKI ROAD,12/21/2017,3,1148821.701520117,1931605.974570937,41.968262595,-87.728175316,"(41.968262595100775, -87.7281753157596)"
HOLLYWOOD AND SHERIDAN,1344,1000 W HOLLYWOOD AVE,12/21/2017,14,1168580.228926466,1938090.295189338,41.985649799,-87.655335807,"(41.98564979859328, -87.65533580655139)"
WESTERN AND ADDISON,1563,2400 W ADDISON,12/21/2017,3,1159719.041544334,1923878.577275797,41.946839991,-87.688320193,"(41.9468399910054, -87.68832019252964)"
79TH AND HALSTED,2541,7900 S HALSTED STREET,12/21/2017,5,1172298.707400847,1852444.344822186,41.750549559,-87.644188368,"(41.750549559438944, -87.64418836784098)"
ARCHER AND CICERO,2084,5400 S ARCHER AVE,12/21/2017,6,1145209.426392053,1869810.657411975,41.798758208,-87.743020541,"(41.798758207843264, -87.74302054146467)"
DIVERSEY AND AUSTIN,1454,6000 W DIVERSEY AVENUE,12/21/2017,2,1135895.736169343,1918029.70673837,41.931248624,-87.776028612,"(41.931248623643455, -87.77602861172493)"
CALIFORNIA AND DIVERSEY,1511,2800 N CALIFORNIA AVE,12/21/2017,7,1157189.355049829,1918495.644754069,41.932120719,-87.6977653,"(41.93212071910647, -87.69776530036465)"
KEDZIE AND ARMITAGE,1832,2000 N KEDZIE AVENUE,12/21/2017,3,1154684.031809326,1913129.496340896,41.917446172,-87.707116072,"(41.91744617191702, -87.70711607187832)"
CENTRAL AND CHICAGO,1972,800 N CENTRAL AVENUE,12/21/2017,3,1138836.562608552,1904801.732832435,41.894896579,-87.765543258,"(41.89489657939746, -87.76554325845893)"
LAKE SHORE DR AND BELMONT,1413,400 W BELMONT AVE,12/21/2017,36,1172981.744869382,1921577.376128802,41.940241193,-87.639639114,"(41.94024119325571, -87.63963911427594)"
55TH AND WESTERN,2213,2400 W 55TH STREET,12/21/2017,3,1161277.012730599,1868185.749490228,41.793981347,-87.684141741,"(41.7939813465735, -87.68414174128355)"
CICERO AND NORTH,2033,4800 W NORTH AVENUE,12/21/2017,2,1144053.733747163,1910243.80567041,41.90973389,-87.746244973,"(41.909733890131285, -87.74624497295898)"
KEDZIE AND 71ST,2354,3200 W 71ST STREET,12/27/2017,2,1156246.862901455,1857404.014959868,41.764497433,-87.702877023,"(41.76449743256955, -87.70287702335861)"
79TH AND KEDZIE,2443,3200 W 79TH ST,01/04/2018,5,1156402.644780165,1852104.649370984,41.749952001,-87.702448478,"(41.74995200142266, -87.70244847808695)"
LAFAYETTE AND 87TH,2502,8700 S LAFAYETTE AVEN,05/28/2017,12,1177417.493180297,1847243.988223464,41.73616511,-87.625587569,"(41.73616511008592, -87.62558756899932)"
STONY ISLAND/CORNELL AND 67TH,2731,6700 S CORNELL DRIVE,01/04/2018,8,1188316.454860734,1860851.137456735,41.77325149,-87.5852246,"(41.77325148959568, -87.58522459967712)"
CERMAK AND PULASKI,2334,4000 W CERMAK,01/04/2018,6,1150018.476053666,1889120.238540361,41.851654369,-87.724882975,"(41.85165436867626, -87.7248829753078)"
WESTERN AND 63RD,2373,2400 W 63RD ST,12/27/2017,4,1161444.415758584,1862848.534703658,41.779331844,-87.683675761,"(41.77933184429814, -87.68367576084798)"
CERMAK AND PULASKI,2334,4000 W CERMAK,04/14/2017,5,1150018.476053666,1889120.238540361,41.851654369,-87.724882975,"(41.85165436867626, -87.7248829753078)"
MONTROSE AND WESTERN,1224,2400 W MONTROSE AVENUE,01/04/2018,1,1159562.971802959,1929191.337701253,41.961421726,-87.68874698,"(41.961421726406314, -87.68874697983858)"
STATE AND 79TH,2651,7900 S STATE STREET,01/04/2018,9,1177618.166929966,1852621.870232838,41.750918138,-87.624690123,"(41.7509181383154, -87.62469012251644)"
ROOSEVELT AND PULASKI,2311,1200 S PULASKI ROAD,12/29/2017,1,1149866.002247864,1894375.839200384,41.866079337,-87.725305995,"(41.86607933722178, -87.7253059948758)"
ELSTON AND LAWRENCE,1284,4440 W LAWRENCE AVENUE,01/04/2018,2,1145715.061027481,1931571.0474838,41.968226398,-87.739599251,"(41.96822639754791, -87.73959925065756)"
KEDZIE AND 63RD,2364,3200 W 63RD ST,01/04/2018,3,1156103.348831225,1862717.565210739,41.779081505,-87.703260365,"(41.77908150488341, -87.70326036544745)"
ELSTON AND ADDISON,1403,3216 W ADDISON ST,01/04/2018,9,1154199.729816868,1923799.345386665,41.946734755,-87.708609774,"(41.946734754927796, -87.7086097735515)"
KEDZIE AND ARMITAGE,1832,2000 N KEDZIE AVENUE,01/04/2018,13,1154684.031809326,1913129.496340896,41.917446172,-87.707116072,"(41.91744617191702, -87.70711607187832)"
MILWAUKEE AND CENTRAL,3022,5232 N MILWAUKEE AVE,12/01/2017,8,1138074.161743901,1934115.431678809,41.975350275,-87.767632985,"(41.97535027477604, -87.76763298459159)"
STONEY ISLAND AND 76TH,2632,7600 S STONY ISLAND A,12/19/2017,15,1188092.796191935,1854889.354158304,41.756897173,-87.586234285,"(41.75689717260223, -87.58623428506996)"
WESTERN AND ADDISON,1562,3600 N WESTERN AVENUE,12/22/2017,2,1159695.573342728,1923871.086283556,41.94681992,-87.688406662,"(41.94681991986288, -87.68840666206194)"
DAMEN AND DIVERSEY,1464,2000 W DIVERSEY PARKWAY,12/22/2017,3,1162519.714934025,1918635.417634925,41.932394164,-87.678173031,"(41.93239416403691, -87.67817303087757)"
CENTRAL AND MILWAUKEE,3032,5232 N CENTRAL AVE,11/08/2017,3,1137802.482559734,1934544.360556488,41.976532211,-87.768621661,"(41.976532211352456, -87.76862166095856)"
STONEY ISLAND AND 76TH,2631,7600 S STONY ISLAND A,12/18/2017,22,1188092.796191935,1854889.354158304,41.756897173,-87.586234285,"(41.75689717260223, -87.58623428506996)"
MILWAUKEE AND CENTRAL,3022,5232 N MILWAUKEE AVE,11/03/2017,12,1138074.161743901,1934115.431678809,41.975350275,-87.767632985,"(41.97535027477604, -87.76763298459159)"
KEDZIE AND 26TH,2381,2600 S KEDZIE AVENUE,12/16/2017,3,1155404.235510285,1886524.460033054,41.844424831,-87.705185452,"(41.84442483084393, -87.70518545233183)"
ASHLAND AND DIVISION,1791,1200 N ASHLAND AVENUE,12/22/2017,9,1165466.997046718,1908083.767015974,41.903377468,-87.667643142,"(41.903377467566784, -87.66764314227497)"
PULASKI AND DIVERSEY,1542,2800 N PULASKI ROAD,12/22/2017,2,1149200.724531183,1918332.222549679,41.931831026,-87.727126873,"(41.93183102561505, -87.72712687300454)"
CENTRAL AND MILWAUKEE,3032,5232 N CENTRAL AVE,11/06/2017,2,1137802.482559734,1934544.360556488,41.976532211,-87.768621661,"(41.976532211352456, -87.76862166095856)"
CENTRAL AND ADDISON,1682,3600 N CENTRAL AVENUE,12/22/2017,4,1138343.117435682,1923392.067464765,41.945919491,-87.766904594,"(41.945919490555106, -87.76690459426293)"
87TH AND VINCENNES,2412,8700 S VINCENNES,12/22/2017,9,1172026.328989535,1847142.496643776,41.736006565,-87.645341819,"(41.73600656458518, -87.64534181897955)"
MILWAUKEE AND CENTRAL,3022,5232 N MILWAUKEE AVE,11/05/2017,12,1138074.161743901,1934115.431678809,41.975350275,-87.767632985,"(41.97535027477604, -87.76763298459159)"
MILWAUKEE AND CENTRAL,3022,5232 N MILWAUKEE AVE,11/02/2017,3,1138074.161743901,1934115.431678809,41.975350275,-87.767632985,"(41.97535027477604, -87.76763298459159)"
NORTHWEST HIGHWAY AND FOSTER,3002,5200 N NORTHWEST HWY,11/11/2017,3,1137806.147689466,1934042.034460217,41.975153719,-87.76862036,"(41.975153718866956, -87.76862036015007)"
WESTERN AND NORTH,1851,1600 N WESTERN AVE,12/22/2017,4,1160077.474351131,1910605.013316134,41.910409024,-87.687370268,"(41.91040902362901, -87.687370268401)"
ASHLAND AND DIVISION,1793,1600 W DIVISION STREET,12/22/2017,1,1165489.684200442,1908112.312963909,41.903455316,-87.667558994,"(41.903455316483814, -87.66755899396976)"
MILWAUKEE AND CENTRAL,3022,5232 N MILWAUKEE AVE,12/20/2017,8,1138074.161743901,1934115.431678809,41.975350275,-87.767632985,"(41.97535027477604, -87.76763298459159)"
VAN BUREN AND WESTERN,2052,400 S WESTERN AVENUE,12/22/2017,25,1160431.682297829,1898091.942371589,41.876064776,-87.686415631,"(41.87606477642526, -87.68641563098768)"
CENTRAL AND MILWAUKEE,3032,5232 N CENTRAL AVE,12/14/2017,1,1137802.482559734,1934544.360556488,41.976532211,-87.768621661,"(41.976532211352456, -87.76862166095856)"
OGDEN AND KOSTNER,2223,4400 W OGDEN AVENUE,12/22/2017,3,1147406.592439224,1887689.099869462,41.847777523,-87.734505969,"(41.84777752280453, -87.73450596874825)"
STONY ISLAND/CORNELL AND 67TH,2721,6700 S STONY ISLAND A,12/22/2017,7,1187984.143047539,1860863.338367666,41.773292896,-87.586442368,"(41.77329289585066, -87.58644236831432)"
OGDEN AND KOSTNER,2222,2348 S KOSTNER AVENUE,12/22/2017,6,1147394.548182079,1887795.177782082,41.848068845,-87.734547457,"(41.8480688449598, -87.73454745748458)"
CENTRAL AND BELMONT,1604,5600 W BELMONT AVENUE,12/22/2017,1,1138453.617438343,1920755.972768412,41.938683775,-87.766562494,"(41.93868377475747, -87.76656249384537)"
63RD AND STATE,2712,6300 S STATE ST,12/22/2017,4,1177303.801895084,1863220.216755923,41.780008277,-87.625522512,"(41.78000827740796, -87.6255225119157)"
CENTRAL AND MILWAUKEE,3032,5232 N CENTRAL AVE,11/30/2017,4,1137802.482559734,1934544.360556488,41.976532211,-87.768621661,"(41.976532211352456, -87.76862166095856)"
CENTRAL AND LAKE,1742,400 N CENTRAL AVENUE,12/22/2017,1,1138928.478257537,1902217.926149854,41.887804621,-87.765268498,"(41.88780462053497, -87.76526849810371)"
HALSTED AND FULLERTON,1704,800 W FULLERTON AVENUE,12/25/2016,2,1170525.624723311,1916208.443992778,41.925562791,-87.648823641,"(41.92556279107417, -87.64882364145232)"
FOSTER AND NORTHWEST HIGHWAY,3003,5616 W FOSTER AVE,11/08/2017,9,1137626.093281239,1934273.239128334,41.97579142,-87.769276893,"(41.975791419680704, -87.76927689293382)"
SACRAMENTO AND LAKE,1821,150 N SACRAMENTO BOUL,12/22/2017,1,1156319.560664766,1900957.489351962,41.884012178,-87.701436479,"(41.88401217771363, -87.7014364786693)"
WESTERN AND MARQUETTE,2674,2400 W MARQUETTE ROAD,12/22/2017,2,1161509.889315231,1860208.627404126,41.772086214,-87.683508858,"(41.772086214104526, -87.68350885781568)"
ASHLAND AND LAWRENCE,1143,1600 W LAWRENCE AVENUE,12/22/2017,4,1164771.946929007,1931988.254061312,41.968987457,-87.669516307,"(41.96898745654617, -87.66951630654926)"
ELSTON AND ADDISON,1403,3216 W ADDISON ST,12/22/2017,3,1154199.729816868,1923799.345386665,41.946734755,-87.708609774,"(41.946734754927796, -87.7086097735515)"
WESTERN AND CHICAGO,1941,800 N WESTERN AVE,12/22/2017,1,1160220.967978608,1905277.507115921,41.895786955,-87.686990586,"(41.89578695485361, -87.68699058611217)"
MILWAUKEE AND MONTROSE,1364,5075 W MONTROSE AVENUE,12/25/2016,3,1141716.746618898,1928736.076639057,41.960522088,-87.754371424,"(41.96052208819935, -87.75437142402293)"
VAN BUREN AND WESTERN,2054,2400 W VAN BUREN STREE,05/04/2017,19,,,,,
75TH AND STATE,2621,7500 S STATE STREET,12/08/2017,11,1177538.763040612,1855235.551345519,41.758092176,-87.624902228,"(41.75809217638291, -87.6249022282473)"
MILWAUKEE AND CENTRAL,3022,5232 N MILWAUKEE AVE,12/15/2017,3,1138074.161743901,1934115.431678809,41.975350275,-87.767632985,"(41.97535027477604, -87.76763298459159)"
CENTRAL AND MILWAUKEE,3032,5232 N CENTRAL AVE,11/29/2017,1,1137802.482559734,1934544.360556488,41.976532211,-87.768621661,"(41.976532211352456, -87.76862166095856)"
IRVING PARK AND NARRAGANSETT,1023,6400 W IRVING PK,12/22/2017,1,1132945.939118726,1925946.304925137,41.953024751,-87.786683238,"(41.95302475075328, -87.78668323766634)"
LASALLE AND KINZIE,1921,400 N LASALLE,12/22/2017,6,1175028.579766798,1903002.552291359,41.889225372,-87.632674115,"(41.88922537162015, -87.63267411498495)"
55TH AND KEDZIE,2163,3200 W 55TH STREET,12/22/2017,2,1155966.956993183,1868015.593764152,41.793622803,-87.703618141,"(41.79362280329978, -87.70361814062049)"
ELSTON AND LAWRENCE,1282,4800 N ELSTON AVENUE,12/22/2017,2,1145529.344259918,1931501.601268983,41.968039361,-87.740283894,"(41.96803936143674, -87.74028389448999)"
IRVING PARK AND LARAMIE,1534,5200 W IRVING PARK ROA,12/22/2017,2,,,,,
FOSTER AND NORTHWEST HIGHWAY,3003,5616 W FOSTER AVE,11/10/2017,6,1137626.093281239,1934273.239128334,41.97579142,-87.769276893,"(41.975791419680704, -87.76927689293382)"
SACRAMENTO AND CHICAGO,1814,3000 W CHICAGO AVENUE,12/22/2017,5,1156075.266375505,1905216.604770718,41.895704525,-87.702218524,"(41.895704524946225, -87.70221852353758)"
CICERO AND I55,2251,4200 S CICERO AVENUE,12/22/2017,59,1145023.742859509,1876358.276835519,41.816729387,-87.743536712,"(41.81672938674739, -87.74353671247594)"
CENTRAL AND BELMONT,1602,3200 N CENTRAL AVENUE,12/22/2017,1,1138430.432324593,1920731.654410336,41.938617463,-87.766648297,"(41.938617463272884, -87.76664829683827)"
FOSTER AND NORTHWEST HIGHWAY,3003,5616 W FOSTER AVE,11/12/2017,3,1137626.093281239,1934273.239128334,41.97579142,-87.769276893,"(41.975791419680704, -87.76927689293382)"
LAWRENCE AND CICERO,1041,4800 N CICERO AVE,12/22/2017,6,1143464.651785526,1931490.551883203,41.968048007,-87.747875985,"(41.968048007293845, -87.74787598468126)"
AUSTIN AND ADDISON,1491,3600 N AUSTIN AVENUE,12/22/2017,3,1135691.599896458,1923335.967306169,41.945813215,-87.776652162,"(41.9458132146695, -87.77665216156436)"
ROOSEVELT AND KOSTNER,2323,4400 W ROOSEVELT,12/22/2017,3,1147200.963258796,1894379.538078088,41.866140868,-87.73508956,"(41.866140867641654, -87.73508956008207)"
ROOSEVELT AND KOSTNER,2321,1200 S KOSTNER,12/22/2017,1,1147196.304001978,1894305.883269746,41.865938839,-87.735108549,"(41.8659388389088, -87.73510854901264)"
MADISON AND WESTERN,1931,1 S WESTERN AVE,12/22/2017,1,1160453.827721979,1899933.703473746,41.881118279,-87.686283339,"(41.881118278833966, -87.686283338873)"
WESTERN AND FOSTER,1072,5200 N WESTERN AVE,12/22/2017,4,1159372.922497116,1934478.313674003,41.975933372,-87.689299589,"(41.97593337199358, -87.6892995891816)"
KIMBALL AND DIVERSEY,1583,3400 W DIVERSEY AVENUE,05/26/2017,7,1153211.149172713,1918454.477800566,41.932087747,-87.71238583,"(41.932087747378944, -87.71238582951281)"
CICERO AND HARRISON,2022,600 S CICERO AVENUE,12/22/2017,9,1144444.97442848,1896894.622216872,41.873094833,-87.745143869,"(41.873094832519136, -87.74514386884542)"
PULASKI AND ARMITAGE,1844,4000 W ARMITAGE AVENUE,12/22/2017,3,1149375.428872108,1913028.984273181,41.917275069,-87.726622746,"(41.91727506940875, -87.72662274644799)"
55TH AND WESTERN,2213,2400 W 55TH STREET,05/29/2017,2,1161277.012730599,1868185.749490228,41.793981347,-87.684141741,"(41.7939813465735, -87.68414174128355)"
FOSTER AND NORTHWEST HIGHWAY,3003,5616 W FOSTER AVE,11/18/2017,5,1137626.093281239,1934273.239128334,41.97579142,-87.769276893,"(41.975791419680704, -87.76927689293382)"
AUSTIN AND ADDISON,1491,3600 N AUSTIN AVENUE,05/28/2017,5,1135691.599896458,1923335.967306169,41.945813215,-87.776652162,"(41.9458132146695, -87.77665216156436)"
71ST AND ASHLAND,2391,7100 S ASHLAND,12/22/2017,1,1166868.379865725,1857616.168087255,41.764859382,-87.663940176,"(41.764859382425385, -87.66394017630476)"
NORTHWEST HIGHWAY AND FOSTER,3002,5200 N NORTHWEST HWY,11/04/2017,1,1137806.147689466,1934042.034460217,41.975153719,-87.76862036,"(41.975153718866956, -87.76862036015007)"
CENTRAL AND MILWAUKEE,3032,5232 N CENTRAL AVE,11/13/2017,3,1137802.482559734,1934544.360556488,41.976532211,-87.768621661,"(41.976532211352456, -87.76862166095856)"
HARLEM AND BELMONT,1394,7200 W BELMONT AVE,05/28/2017,4,1127504.698153561,1920475.415440844,41.938105479,-87.806809552,"(41.93810547939496, -87.80680955240743)"
55TH and PULASKI,2244,4000 W 55TH ST,12/22/2017,1,1150621.676903861,1867864.274865394,41.793313334,-87.723223038,"(41.79331333358753, -87.72322303812588)"
MILWAUKEE AND CENTRAL,3022,5232 N MILWAUKEE AVE,11/09/2017,10,1138074.161743901,1934115.431678809,41.975350275,-87.767632985,"(41.97535027477604, -87.76763298459159)"
CICERO AND WASHINGTON,1892,100 N CICERO AVENUE,11/19/2016,5,1144328.984091479,1900095.170838459,41.88187971,-87.745489247,"(41.88187970991601, -87.7454892473012)"
CENTRAL AND MILWAUKEE,3032,5232 N CENTRAL AVE,12/17/2017,1,1137802.482559734,1934544.360556488,41.976532211,-87.768621661,"(41.976532211352456, -87.76862166095856)"
CENTRAL AND MILWAUKEE,3032,5232 N CENTRAL AVE,12/15/2017,1,1137802.482559734,1934544.360556488,41.976532211,-87.768621661,"(41.976532211352456, -87.76862166095856)"
PETERSON AND WESTERN,1014,2400 W PETERSON,12/22/2017,7,1159214.211316277,1939825.301874586,41.99060901,-87.689735481,"(41.990609009807294, -87.68973548092968)"
35TH AND WESTERN,2092,3500 S WESTERN,12/22/2017,8,1160894.949857101,1881376.851112895,41.830187255,-87.685177925,"(41.83018725526863, -87.68517792510231)"
CICERO AND ARMITAGE,2003,4800 W ARMITAGE AVENUE,12/22/2017,1,1144054.25126508,1912907.00926109,41.917041992,-87.746176095,"(41.91704199201953, -87.74617609464687)"
31ST ST AND MARTIN LUTHER KING DRIVE,2123,400 E 31ST STREET,12/22/2017,2,1179437.985396417,1884565.84226022,41.838534018,-87.617046113,"(41.838534018118914, -87.61704611345726)"
75TH AND STATE,2621,7500 S STATE STREET,12/22/2017,8,1177538.763040612,1855235.551345519,41.758092176,-87.624902228,"(41.75809217638291, -87.6249022282473)"
ASHLAND AND IRVING PARK,1153,1600 W IRVING PARK ROA,12/22/2017,2,,,,,
CICERO AND HARRISON,2023,4800 W HARRISON STREET,12/22/2017,1,1144451.867388303,1896949.561959463,41.873245464,-87.745117179,"(41.873245464379586, -87.7451171788807)"
79TH AND KEDZIE,2443,3200 W 79TH ST,12/22/2017,8,1156402.644780165,1852104.649370984,41.749952001,-87.702448478,"(41.74995200142266, -87.70244847808695)"
NORTHWEST HIGHWAY AND FOSTER,3002,5200 N NORTHWEST HWY,12/08/2017,1,1137806.147689466,1934042.034460217,41.975153719,-87.76862036,"(41.975153718866956, -87.76862036015007)"
CHICAGO AND CLARK,1964,100 W CHICAGO AVENUE,12/22/2017,1,1175374.528739575,1905745.47783364,41.896744347,-87.631321248,"(41.896744346875806, -87.63132124815151)"
NORTHWEST HIGHWAY AND FOSTER,3002,5200 N NORTHWEST HWY,12/01/2017,1,1137806.147689466,1934042.034460217,41.975153719,-87.76862036,"(41.975153718866956, -87.76862036015007)"
CENTRAL AND MILWAUKEE,3032,5232 N CENTRAL AVE,12/12/2017,2,1137802.482559734,1934544.360556488,41.976532211,-87.768621661,"(41.976532211352456, -87.76862166095856)"
CANAL AND ROOSEVELT,2291,1200 S CANAL STREET,12/12/2017,9,1173268.771030949,1894952.634878732,41.867175125,-87.639375813,"(41.86717512472001, -87.63937581258092)"
FOSTER AND NORTHWEST HIGHWAY,3003,5616 W FOSTER AVE,11/11/2017,7,1137626.093281239,1934273.239128334,41.97579142,-87.769276893,"(41.975791419680704, -87.76927689293382)"
CORTLAND AND ASHLAND,1723,1600 W CORTLAND ST,11/19/2016,3,1165377.660768235,1912768.773647285,41.916235337,-87.667837772,"(41.91623533746878, -87.66783777212962)"
STONEY ISLAND AND 79TH,2462,7900 S STONEY ISLAND,12/22/2017,2,1188181.571068297,1852908.934789311,41.751460603,-87.585971993,"(41.75146060316686, -87.5859719929647)"
119TH AND HALSTED,2402,11900 S HALSTED,12/22/2017,5,1173094.774616191,1825911.054609338,41.677720829,-87.642051845,"(41.67772082924762, -87.64205184498218)"
FOSTER AND NORTHWEST HIGHWAY,3003,5616 W FOSTER AVE,12/17/2017,2,1137626.093281239,1934273.239128334,41.97579142,-87.769276893,"(41.975791419680704, -87.76927689293382)"
PULASKI AND ARMITAGE,1843,4000 W ARMITAGE AVENUE,12/22/2017,1,1149375.428872108,1913028.984273181,41.917275069,-87.726622746,"(41.91727506940875, -87.72662274644799)"
CENTRAL AND MILWAUKEE,3032,5232 N CENTRAL AVE,11/20/2017,2,1137802.482559734,1934544.360556488,41.976532211,-87.768621661,"(41.976532211352456, -87.76862166095856)"
LAWRENCE AND CICERO,1042,4800 N CICERO AVENUE,12/11/2017,5,1143464.651785526,1931490.551883203,41.968048007,-87.747875985,"(41.968048007293845, -87.74787598468126)"
DAMEN AND DIVERSEY,1462,2800 N DAMEN AVENUE,05/04/2017,8,1162490.04851994,1918611.623717091,41.932329494,-87.678282719,"(41.9323294940985, -87.67828271931386)"
PULASKI AND 63RD,2343,4000 W 63RD ST,12/22/2017,2,1150768.346768175,1862564.615405259,41.77876739,-87.722823195,"(41.778767390084305, -87.72282319530368)"
NORTHWEST HIGHWAY AND FOSTER,3002,5200 N NORTHWEST HWY,12/15/2017,3,1137806.147689466,1934042.034460217,41.975153719,-87.76862036,"(41.975153718866956, -87.76862036015007)"
STATE AND 79TH,2651,7900 S STATE STREET,12/22/2017,8,1177618.166929966,1852621.870232838,41.750918138,-87.624690123,"(41.7509181383154, -87.62469012251644)"
PULASKI AND FOSTER,1104,4000 W FOSTER AVE,12/22/2017,2,1148759.16134887,1934294.249006446,41.975640616,-87.728335469,"(41.975640616231914, -87.72833546926573)"
CENTRAL AND MILWAUKEE,3032,5232 N CENTRAL AVE,12/08/2017,3,1137802.482559734,1934544.360556488,41.976532211,-87.768621661,"(41.976532211352456, -87.76862166095856)"
PULASKI AND ARCHER,2154,5000 S ARCHER AVE,12/22/2017,2,1150501.818909837,1871162.311703322,41.802365973,-87.723576766,"(41.80236597333895, -87.72357676611004)"
CENTRAL AND IRVING PARK,1183,5600 W IRVING PARK ROAD,12/22/2017,2,1138281.535484986,1926078.647777633,41.953292847,-87.767065708,"(41.953292847298, -87.76706570775266)"
WESTERN AND CERMAK,1003,2400 W CERMAK ROAD,12/22/2017,1,1160678.000607329,1889375.645335924,41.852141307,-87.685752642,"(41.85214130680468, -87.6857526415569)"
PULASKI AND 79TH,2494,4000 W 79TH STREET,12/14/2017,3,1151074.116357501,1851966.830243835,41.749679359,-87.721978345,"(41.74967935883473, -87.72197834524168)"
DIVERSEY AND AUSTIN,1453,6000 W DIVERSEY AVENUE,12/22/2017,1,1135895.736169343,1918029.70673837,41.931248624,-87.776028612,"(41.931248623643455, -87.77602861172493)"
MILWAUKEE AND CENTRAL,3022,5232 N MILWAUKEE AVE,11/06/2017,8,1138074.161743901,1934115.431678809,41.975350275,-87.767632985,"(41.97535027477604, -87.76763298459159)"
WESTERN AND 71ST,2612,7100 S WESTERN AVENUE,04/18/2017,4,1161563.704681724,1857484.211306323,41.764608912,-87.683387053,"(41.76460891223613, -87.68338705328121)"
CENTRAL AND LAKE,1742,400 N CENTRAL AVENUE,05/04/2017,6,1138928.478257537,1902217.926149854,41.887804621,-87.765268498,"(41.88780462053497, -87.76526849810371)"
FULLERTON AND NARRAGANSETT,1554,6400 W FULLERTON AVENU,12/22/2017,6,1133317.594499059,1915293.661305931,41.923786189,-87.785567206,"(41.92378618871128, -87.78556720562165)"
HOLLYWOOD AND SHERIDAN,1344,1000 W HOLLYWOOD AVE,12/22/2017,20,1168580.228926466,1938090.295189338,41.985649799,-87.655335807,"(41.98564979859328, -87.65533580655139)"
CALIFORNIA AND PETERSON,1313,2800 W PETERSON AVENUE,12/22/2017,7,1156569.515341857,1939784.830544118,41.990552082,-87.699464396,"(41.990552081681564, -87.69946439622785)"
COTTAGE GROVE AND 71ST,2572,7100 S COTTAGE GROVE,12/22/2017,3,1182746.23698699,1858088.011064538,41.765800351,-87.605729127,"(41.76580035131893, -87.6057291269901)"
CALIFORNIA AND DIVERSEY,1514,2800 W DIVERSEY,12/22/2017,17,1157212.54253358,1918526.674434943,41.932205395,-87.697679244,"(41.93220539506452, -87.6976792438691)"
CERMAK AND PULASKI,2332,2200 S PULASKI,12/22/2017,5,1150012.876838243,1889071.75851865,41.851521442,-87.724904787,"(41.85152144233116, -87.7249047867499)"
FOSTER AND NORTHWEST HIGHWAY,3003,5616 W FOSTER AVE,11/25/2017,6,1137626.093281239,1934273.239128334,41.97579142,-87.769276893,"(41.975791419680704, -87.76927689293382)"
MILWAUKEE AND CENTRAL,3022,5232 N MILWAUKEE AVE,11/21/2017,5,1138074.161743901,1934115.431678809,41.975350275,-87.767632985,"(41.97535027477604, -87.76763298459159)"
FOSTER AND NORTHWEST HIGHWAY,3003,5616 W FOSTER AVE,11/09/2017,7,1137626.093281239,1934273.239128334,41.97579142,-87.769276893,"(41.975791419680704, -87.76927689293382)"
NORTHWEST HIGHWAY AND FOSTER,3002,5200 N NORTHWEST HWY,12/16/2017,2,1137806.147689466,1934042.034460217,41.975153719,-87.76862036,"(41.975153718866956, -87.76862036015007)"
MILWAUKEE AND CENTRAL,3022,5232 N MILWAUKEE AVE,11/22/2017,11,1138074.161743901,1934115.431678809,41.975350275,-87.767632985,"(41.97535027477604, -87.76763298459159)"
NORTHWEST HIGHWAY AND FOSTER,3002,5200 N NORTHWEST HWY,11/16/2017,1,1137806.147689466,1934042.034460217,41.975153719,-87.76862036,"(41.975153718866956, -87.76862036015007)"
CALIFORNIA AND DIVERSEY,1513,2800 W DIVERSEY,12/22/2017,2,1157212.54253358,1918526.674434943,41.932205395,-87.697679244,"(41.93220539506452, -87.6976792438691)"
CICERO AND I55,2251,4200 S CICERO AVENUE,12/16/2017,51,1145023.742859509,1876358.276835519,41.816729387,-87.743536712,"(41.81672938674739, -87.74353671247594)"
FOSTER AND NORTHWEST HIGHWAY,3003,5616 W FOSTER AVE,11/26/2017,1,1137626.093281239,1934273.239128334,41.97579142,-87.769276893,"(41.975791419680704, -87.76927689293382)"
KEDZIE AND 31ST,2134,3200 W 31ST STREET,12/22/2017,4,1155487.128005646,1883943.061106793,41.8373395,-87.704950558,"(41.83733950029648, -87.70495055800411)"
KOSTNER AND NORTH,2012,4400 W GRAND AVE,12/22/2017,3,1146773.519128439,1910425.663958581,41.91018141,-87.73624887,"(41.910181409597406, -87.73624887040725)"
PULASKI AND FOSTER,1102,5200 N PULASKI RD,12/22/2017,3,1148746.251286324,1934286.914361976,41.97562074,-87.728383135,"(41.97562073966174, -87.72838313514907)"
CENTRAL AND MILWAUKEE,3032,5232 N CENTRAL AVE,11/09/2017,4,1137802.482559734,1934544.360556488,41.976532211,-87.768621661,"(41.976532211352456, -87.76862166095856)"
35TH AND WESTERN,2091,3500 S WESTERN,12/22/2017,2,1160894.949857101,1881376.851112895,41.830187255,-87.685177925,"(41.83018725526863, -87.68517792510231)"
WESTERN AND 79TH,2481,7900 S WESTERN AVE,12/22/2017,5,1161711.516404028,1852181.685686118,41.750054934,-87.682992203,"(41.750054933649984, -87.68299220290213)"
WESTERN AND FULLERTON,1672,2400 N WESTERN AVENUE,12/22/2017,1,1159923.309342995,1915897.778561358,41.924935944,-87.687790255,"(41.92493594409127, -87.68779025471278)"
IRVING PARK AND NARRAGANSETT,1024,6400 W IRVING PK,12/22/2017,4,1132945.939118726,1925946.304925137,41.953024751,-87.786683238,"(41.95302475075328, -87.78668323766634)"
MILWAUKEE AND CENTRAL,3022,5232 N MILWAUKEE AVE,12/08/2017,4,1138074.161743901,1934115.431678809,41.975350275,-87.767632985,"(41.97535027477604, -87.76763298459159)"
CENTRAL AND MILWAUKEE,3032,5232 N CENTRAL AVE,11/23/2017,2,1137802.482559734,1934544.360556488,41.976532211,-87.768621661,"(41.976532211352456, -87.76862166095856)"
NORTHWEST HIGHWAY AND FOSTER,3002,5200 N NORTHWEST HWY,12/14/2017,3,1137806.147689466,1934042.034460217,41.975153719,-87.76862036,"(41.975153718866956, -87.76862036015007)"
CICERO AND 47TH,2204,4800 W 47TH ST,12/22/2017,4,1145130.048925744,1873078.44198302,41.807727017,-87.743229366,"(41.80772701677172, -87.74322936566276)"
FOSTER AND NORTHWEST HIGHWAY,3003,5616 W FOSTER AVE,11/21/2017,4,1137626.093281239,1934273.239128334,41.97579142,-87.769276893,"(41.975791419680704, -87.76927689293382)"
FULLERTON AND NARRAGANSETT,1553,6400 W FULLERTON AVENU,12/22/2017,3,1133317.594499059,1915293.661305931,41.923786189,-87.785567206,"(41.92378618871128, -87.78556720562165)"
KEDZIE AND ARMITAGE,1832,2000 N KEDZIE AVENUE,05/27/2017,3,1154684.031809326,1913129.496340896,41.917446172,-87.707116072,"(41.91744617191702, -87.70711607187832)"
DAMEN AND 63RD,2701,6300 S DAMEN AVENUE,12/22/2017,1,1164069.407943298,1862830.277442834,41.779226921,-87.674052731,"(41.77922692069256, -87.67405273137854)"
STONEY ISLAND AND 79TH,2464,1600 E 79TH ST,12/22/2017,1,1188284.704439907,1852964.829047574,41.751611523,-87.585592284,"(41.75161152327319, -87.58559228428787)"
55TH AND WESTERN,2212,5500 S WESTERN AVE,12/22/2017,3,1161269.521335262,1867963.111601251,41.793370554,-87.684175377,"(41.79337055433029, -87.6841753767592)"
LAFAYETTE AND 87TH,2503,30 W 87TH STREET,12/20/2017,23,1177407.651800237,1847320.772058312,41.736376037,-87.625621311,"(41.736376036604916, -87.62562131092602)"
CENTRAL AND MILWAUKEE,3032,5232 N CENTRAL AVE,12/16/2017,2,1137802.482559734,1934544.360556488,41.976532211,-87.768621661,"(41.976532211352456, -87.76862166095856)"
NORTHWEST HIGHWAY AND FOSTER,3002,5200 N NORTHWEST HWY,11/08/2017,3,1137806.147689466,1934042.034460217,41.975153719,-87.76862036,"(41.975153718866956, -87.76862036015007)"
WESTERN AND DEVON,1211,6400 N WESTERN AVENUE,12/22/2017,4,1159113.585759434,1942451.622367891,41.997817807,-87.690033035,"(41.997817807026, -87.69003303469276)"
CALIFORNIA AND DIVERSEY,1514,2800 W DIVERSEY,12/08/2017,22,1157212.54253358,1918526.674434943,41.932205395,-87.697679244,"(41.93220539506452, -87.6976792438691)"
CENTRAL AND MILWAUKEE,3032,5232 N CENTRAL AVE,11/10/2017,2,1137802.482559734,1934544.360556488,41.976532211,-87.768621661,"(41.976532211352456, -87.76862166095856)"
CLARK AND FULLERTON,1631,2400 N CLARK ST,12/22/2017,3,1172749.562209477,1916238.997132859,41.925597623,-87.640650973,"(41.925597623023144, -87.64065097309872)"
LASALLE AND KINZIE,1923,140 W KINZIE,12/22/2017,1,1175048.09765242,1903028.894760294,41.889297219,-87.632601648,"(41.88929721947309, -87.63260164817305)"
MILWAUKEE AND CENTRAL,3022,5232 N MILWAUKEE AVE,12/07/2017,3,1138074.161743901,1934115.431678809,41.975350275,-87.767632985,"(41.97535027477604, -87.76763298459159)"
MILWAUKEE AND CENTRAL,3022,5232 N MILWAUKEE AVE,11/29/2017,11,1138074.161743901,1934115.431678809,41.975350275,-87.767632985,"(41.97535027477604, -87.76763298459159)"
79TH AND HALSTED,2541,7900 S HALSTED STREET,12/22/2017,2,1172298.707400847,1852444.344822186,41.750549559,-87.644188368,"(41.750549559438944, -87.64418836784098)"
CICERO AND I55,2252,4200 S CICERO AVENUE,12/19/2017,7,1145023.742859509,1876358.276835519,41.816729387,-87.743536712,"(41.81672938674739, -87.74353671247594)"
ARCHER AND CICERO,2081,5200 S CICERO AVE,12/22/2017,17,1145195.931989777,1869737.708306623,41.798558278,-87.743071866,"(41.798558278193305, -87.74307186616427)"
JEFFERY AND 95TH,2523,2000 E 95TH ST,12/22/2017,3,1191188.381103057,1842410.411853539,41.722579473,-87.575292523,"(41.722579473126416, -87.57529252250366)"
ELSTON AND LAWRENCE,1282,4800 N ELSTON AVENUE,12/25/2016,1,1145529.344259918,1931501.601268983,41.968039361,-87.740283894,"(41.96803936143674, -87.74028389448999)"
PULASKI AND IRVING PARK,1574,4000 W IRVING PARK RD,03/24/2017,5,1148988.727877253,1926320.954938409,41.953756874,-87.727698513,"(41.95375687447515, -87.72769851312907)"
CENTRAL AND MILWAUKEE,3032,5232 N CENTRAL AVE,11/19/2017,2,1137802.482559734,1934544.360556488,41.976532211,-87.768621661,"(41.976532211352456, -87.76862166095856)"
LAFAYETTE AND 87TH,2502,8700 S LAFAYETTE AVEN,12/22/2017,14,1177417.493180297,1847243.988223464,41.73616511,-87.625587569,"(41.73616511008592, -87.62558756899932)"
MILWAUKEE AND CENTRAL,3022,5232 N MILWAUKEE AVE,11/24/2017,6,1138074.161743901,1934115.431678809,41.975350275,-87.767632985,"(41.97535027477604, -87.76763298459159)"
CANAL AND ROOSEVELT,2294,500 W ROOSEVELT ROAD,12/22/2017,11,1173290.72186561,1895021.166235495,41.867362693,-87.639293195,"(41.867362692616666, -87.63929319464197)"
CICERO AND WASHINGTON,1891,100 N CICERO AVENUE,12/22/2017,5,1144328.984091479,1900095.170838459,41.88187971,-87.745489247,"(41.88187970991601, -87.7454892473012)"
WESTERN AND TOUHY,1251,7200 N WESTERN AVENUE,12/22/2017,1,1158975.66256211,1947754.286963361,42.012371335,-87.690393917,"(42.012371334791766, -87.69039391737863)"
NORTHWEST HIGHWAY AND FOSTER,3002,5200 N NORTHWEST HWY,11/29/2017,7,1137806.147689466,1934042.034460217,41.975153719,-87.76862036,"(41.975153718866956, -87.76862036015007)"
NORTHWEST HIGHWAY AND FOSTER,3002,5200 N NORTHWEST HWY,11/22/2017,3,1137806.147689466,1934042.034460217,41.975153719,-87.76862036,"(41.975153718866956, -87.76862036015007)"
MILWAUKEE AND CENTRAL,3022,5232 N MILWAUKEE AVE,12/04/2017,2,1138074.161743901,1934115.431678809,41.975350275,-87.767632985,"(41.97535027477604, -87.76763298459159)"
55TH AND WESTERN,2213,2400 W 55TH STREET,12/22/2017,3,1161277.012730599,1868185.749490228,41.793981347,-87.684141741,"(41.7939813465735, -87.68414174128355)"
ROOSEVELT AND HALSTED,2233,800 W ROOSEVELT ROAD,12/22/2017,7,1171199.282357741,1894968.056393724,41.867263098,-87.646972686,"(41.86726309836901, -87.64697268601648)"
FOSTER AND NORTHWEST HIGHWAY,3003,5616 W FOSTER AVE,11/01/2017,6,1137626.093281239,1934273.239128334,41.97579142,-87.769276893,"(41.975791419680704, -87.76927689293382)"
HALSTED AND MADISON,1872,1 N HALSTED STREET,12/22/2017,2,1171090.967986833,1900270.454015136,41.881815632,-87.647214717,"(41.88181563164203, -87.64721471704077)"
VAN BUREN AND WESTERN,2054,2400 W VAN BUREN STREE,12/22/2017,8,,,,,
CICERO AND ARMITAGE,2003,4800 W ARMITAGE AVENUE,05/28/2017,3,1144054.25126508,1912907.00926109,41.917041992,-87.746176095,"(41.91704199201953, -87.74617609464687)"
LAKE SHORE DR AND BELMONT,1412,3200 N LAKESHORE DRIV,12/22/2017,4,1173053.220555078,1921821.380831705,41.940909163,-87.63936916,"(41.94090916326764, -87.63936915995522)"
HOMAN/KIMBALL AND NORTH,1773,3400 W NORTH AVE,12/22/2017,7,1153386.578905125,1910465.87061722,41.910162847,-87.711953868,"(41.91016284680269, -87.71195386769125)"
HALSTED AND 103RD,2593,800 W 103RD STREET,05/04/2017,2,1172778.570616036,1836587.755252818,41.70702632,-87.642896007,"(41.707026319812215, -87.64289600741817)"
KOSTNER AND NORTH,2013,4400 W NORTH,12/22/2017,4,1146738.551618032,1910309.595368032,41.909863573,-87.736380296,"(41.90986357340246, -87.73638029605371)"
LARAMIE AND MADISON,2043,5200 W MADISON STREET,12/22/2017,2,1141706.965522802,1899567.55684314,41.880480752,-87.755130433,"(41.88048075170171, -87.75513043296509)"
MILWAUKEE AND CENTRAL,3022,5232 N MILWAUKEE AVE,11/23/2017,9,1138074.161743901,1934115.431678809,41.975350275,-87.767632985,"(41.97535027477604, -87.76763298459159)"
WESTERN AND ADDISON,1563,2400 W ADDISON,12/22/2017,1,1159719.041544334,1923878.577275797,41.946839991,-87.688320193,"(41.9468399910054, -87.68832019252964)"
HOMAN/KIMBALL AND NORTH,1771,1600 N HOMAN AVENUE,03/24/2017,2,,,,,
CICERO AND ADDISON,1612,3600 N CICERO AVENUE,12/22/2017,3,1143698.904601495,1923517.005821035,41.946163524,-87.747215169,"(41.94616352362556, -87.74721516897007)"
MILWAUKEE AND CENTRAL,3022,5232 N MILWAUKEE AVE,11/12/2017,10,1138074.161743901,1934115.431678809,41.975350275,-87.767632985,"(41.97535027477604, -87.76763298459159)"
MILWAUKEE AND CENTRAL,3022,5232 N MILWAUKEE AVE,11/08/2017,7,1138074.161743901,1934115.431678809,41.975350275,-87.767632985,"(41.97535027477604, -87.76763298459159)"
31ST ST AND MARTIN LUTHER KING DRIVE,2121,3100 S DR MARTIN L KING,12/22/2017,7,,,,,
HALSTED AND FULLERTON,1704,800 W FULLERTON AVENUE,12/22/2017,4,1170525.624723311,1916208.443992778,41.925562791,-87.648823641,"(41.92556279107417, -87.64882364145232)"
MILWAUKEE AND CENTRAL,3022,5232 N MILWAUKEE AVE,12/10/2017,5,1138074.161743901,1934115.431678809,41.975350275,-87.767632985,"(41.97535027477604, -87.76763298459159)"
LAWRENCE AND WESTERN,1193,2400 W LAWRENCE AVENUE,12/22/2017,2,1159482.648570304,1931851.989492596,41.968724349,-87.688968727,"(41.96872434882172, -87.68896872699601)"
CICERO AND PETERSON,1202,6000 N CICERO AVENUE,12/25/2016,1,1143247.733553094,1939479.342905704,41.989973915,-87.748473024,"(41.98997391514614, -87.74847302426933)"
CHICAGO AND CLARK,1963,100 W CHICAGO AVENUE,12/22/2017,4,1175374.528739575,1905745.47783364,41.896744347,-87.631321248,"(41.896744346875806, -87.63132124815151)"
FOSTER AND NORTHWEST HIGHWAY,3003,5616 W FOSTER AVE,11/19/2017,9,1137626.093281239,1934273.239128334,41.97579142,-87.769276893,"(41.975791419680704, -87.76927689293382)"
AUSTIN AND IRVING PARK,1161,4000 N AUSTIN AVENUE,12/22/2017,3,1135599.956110927,1926006.862619986,41.953144059,-87.776925284,"(41.95314405904539, -87.77692528423394)"
IRVING PARK AND CALIFORNIA,1233,2800 W IRVING PARK ROA,12/22/2017,3,,,,,
CICERO AND DIVERSEY,1694,4800 W DIVERSEY AVENUE,12/22/2017,1,1143869.848167704,1918226.043989398,41.93164142,-87.746719911,"(41.93164142040689, -87.7467199106462)"
FOSTER AND NORTHWEST HIGHWAY,3003,5616 W FOSTER AVE,12/01/2017,5,1137626.093281239,1934273.239128334,41.97579142,-87.769276893,"(41.975791419680704, -87.76927689293382)"
CENTRAL AND MILWAUKEE,3032,5232 N CENTRAL AVE,11/12/2017,1,1137802.482559734,1934544.360556488,41.976532211,-87.768621661,"(41.976532211352456, -87.76862166095856)"
MILWAUKEE AND CENTRAL,3022,5232 N MILWAUKEE AVE,11/04/2017,3,1138074.161743901,1934115.431678809,41.975350275,-87.767632985,"(41.97535027477604, -87.76763298459159)"
CENTRAL AND MILWAUKEE,3032,5232 N CENTRAL AVE,12/22/2017,1,1137802.482559734,1934544.360556488,41.976532211,-87.768621661,"(41.976532211352456, -87.76862166095856)"
NORTHWEST HIGHWAY AND FOSTER,3002,5200 N NORTHWEST HWY,11/07/2017,5,1137806.147689466,1934042.034460217,41.975153719,-87.76862036,"(41.975153718866956, -87.76862036015007)"
PULASKI AND DIVISION,1801,1200 N PULASKI ROAD,12/22/2017,3,1149459.590666926,1907723.219884254,41.902713902,-87.726451457,"(41.902713901936174, -87.72645145715836)"
STONEY ISLAND AND 79TH,2461,7900 S SOUTH CHICAGO AVE,12/22/2017,1,1188274.655498937,1852865.685797892,41.751339705,-87.585632266,"(41.751339704589455, -87.58563226565187)"
KEDZIE AND 47TH,2104,3200 W 47TH ST,05/26/2017,3,1155815.231505056,1873336.169728074,41.808226246,-87.704031672,"(41.808226246244026, -87.70403167215984)"
DIVERSEY AND WESTERN,1434,2400 W DIVERSEY AVENUE,12/22/2017,1,1159859.648423836,1918576.255784305,41.932287183,-87.687950093,"(41.93228718299094, -87.6879500934122)"
RIDGE AND CLARK,1052,5930 N CLARK STREET,12/22/2017,1,1164554.784723473,1939388.511516442,41.98929863,-87.670104121,"(41.98929863013193, -87.67010412112992)"
COLUMBUS AND ILLINOIS,1951,500 N COLUMBUS DRIVE,12/22/2017,9,1178372.808407292,1903693.06016042,41.891044569,-87.620371839,"(41.891044569124276, -87.620371839074)"
FOSTER AND NORTHWEST HIGHWAY,3003,5616 W FOSTER AVE,11/22/2017,1,1137626.093281239,1934273.239128334,41.97579142,-87.769276893,"(41.975791419680704, -87.76927689293382)"
STONEY ISLAND AND 76TH,2631,7600 S STONY ISLAND A,12/16/2017,19,1188092.796191935,1854889.354158304,41.756897173,-87.586234285,"(41.75689717260223, -87.58623428506996)"
MILWAUKEE AND CENTRAL,3022,5232 N MILWAUKEE AVE,11/19/2017,8,1138074.161743901,1934115.431678809,41.975350275,-87.767632985,"(41.97535027477604, -87.76763298459159)"
HAMLIN AND LAKE,1881,300 N HAMLIN AVENUE,12/22/2017,12,1150970.026856642,1901381.688308858,41.885282636,-87.721069539,"(41.88528263580913, -87.72106953854511)"
CENTRAL AND MILWAUKEE,3032,5232 N CENTRAL AVE,11/18/2017,2,1137802.482559734,1934544.360556488,41.976532211,-87.768621661,"(41.976532211352456, -87.76862166095856)"
WESTERN AND DEVON,1212,6400 N WESTERN AVENUE,12/22/2017,2,1159113.585759434,1942451.622367891,41.997817807,-87.690033035,"(41.997817807026, -87.69003303469276)"
MILWAUKEE AND CENTRAL,3022,5232 N MILWAUKEE AVE,12/12/2017,6,1138074.161743901,1934115.431678809,41.975350275,-87.767632985,"(41.97535027477604, -87.76763298459159)"
DAMEN AND DIVERSEY,1462,2800 N DAMEN AVENUE,12/22/2017,1,1162490.04851994,1918611.623717091,41.932329494,-87.678282719,"(41.9323294940985, -87.67828271931386)"
PULASKI AND IRVING PARK,1574,4000 W IRVING PARK RD,12/22/2017,5,1148988.727877253,1926320.954938409,41.953756874,-87.727698513,"(41.95375687447515, -87.72769851312907)"
NORTHWEST HIGHWAY AND FOSTER,3002,5200 N NORTHWEST HWY,11/30/2017,5,1137806.147689466,1934042.034460217,41.975153719,-87.76862036,"(41.975153718866956, -87.76862036015007)"
CICERO AND NORTH,2034,4800 W NORTH AVENUE,12/22/2017,2,1144053.733747163,1910243.80567041,41.90973389,-87.746244973,"(41.909733890131285, -87.74624497295898)"
ASHLAND AND 95TH,2472,9500 S ASHLAND AVENUE,03/24/2017,4,1167295.830128711,1841695.121217916,41.721160612,-87.662828139,"(41.72116061205213, -87.66282813939165)"
CENTRAL AND IRVING PARK,1182,4000 N CENTRAL AVENUE,12/22/2017,1,1138258.614129764,1926071.172884932,41.953272751,-87.767150151,"(41.95327275103541, -87.76715015131407)"
KEDZIE AND 31ST,2132,3100 S KEDZIE AVENUE,12/22/2017,4,1155483.167539854,1883867.660503274,41.837132671,-87.704967115,"(41.837132671422296, -87.70496711478727)"
DIVERSEY AND WESTERN,1431,2800 N WESTERN AVENUE,12/22/2017,2,1159837.205417355,1918550.506189309,41.932216988,-87.688033281,"(41.93221698794738, -87.68803328089533)"
NORTHWEST HIGHWAY AND FOSTER,3002,5200 N NORTHWEST HWY,11/02/2017,2,1137806.147689466,1934042.034460217,41.975153719,-87.76862036,"(41.975153718866956, -87.76862036015007)"
CICERO AND WASHINGTON,1892,100 N CICERO AVENUE,12/22/2017,9,1144328.984091479,1900095.170838459,41.88187971,-87.745489247,"(41.88187970991601, -87.7454892473012)"
NORTHWEST HIGHWAY AND FOSTER,3002,5200 N NORTHWEST HWY,12/19/2017,6,1137806.147689466,1934042.034460217,41.975153719,-87.76862036,"(41.975153718866956, -87.76862036015007)"
JEFFERY AND 95TH,2522,9500 S JEFFERY AVE,12/22/2017,3,1191132.420601301,1842335.735988875,41.722375907,-87.575499903,"(41.72237590704101, -87.57549990332795)"
HALSTED AND DIVISION,1711,1200 N HALSTED,12/22/2017,7,1170746.639428735,1908242.256010774,41.903698308,-87.648245351,"(41.90369830765008, -87.64824535062563)"
CENTRAL AND MILWAUKEE,3032,5232 N CENTRAL AVE,12/10/2017,1,1137802.482559734,1934544.360556488,41.976532211,-87.768621661,"(41.976532211352456, -87.76862166095856)"
CENTRAL AND MILWAUKEE,3032,5232 N CENTRAL AVE,11/24/2017,1,1137802.482559734,1934544.360556488,41.976532211,-87.768621661,"(41.976532211352456, -87.76862166095856)"
FOSTER AND NORTHWEST HIGHWAY,3003,5616 W FOSTER AVE,11/03/2017,7,1137626.093281239,1934273.239128334,41.97579142,-87.769276893,"(41.975791419680704, -87.76927689293382)"
PULASKI AND FULLERTON,1481,2400 N PULASKI RD,12/22/2017,2,1149275.963864089,1915687.631931757,41.924572574,-87.726919111,"(41.92457257416937, -87.72691911144182)"
ADDISON AND HARLEM,1593,7200 W ADDISON,12/22/2017,1,1127417.488447099,1923123.407710965,41.945373358,-87.807070326,"(41.94537335809189, -87.80707032561135)"
HALSTED AND NORTH,1761,1600 N HALSTED STREET,12/22/2017,2,1170678.283433825,1910880.991397547,41.910940644,-87.648419043,"(41.91094064391597, -87.64841904272998)"
MILWAUKEE AND CENTRAL,3022,5232 N MILWAUKEE AVE,12/11/2017,4,1138074.161743901,1934115.431678809,41.975350275,-87.767632985,"(41.97535027477604, -87.76763298459159)"
CICERO AND FULLERTON,1474,4800 W FULLERTON AVE,12/22/2017,1,1143967.570794243,1915568.504954477,41.924347036,-87.74642764,"(41.924347036010694, -87.74642763965628)"
31ST ST AND MARTIN LUTHER KING DRIVE,2121,3100 S DR MARTIN L KING,12/19/2017,8,,,,,
CALIFORNIA AND DIVERSEY,1511,2800 N CALIFORNIA AVE,12/18/2017,8,1157189.355049829,1918495.644754069,41.932120719,-87.6977653,"(41.93212071910647, -87.69776530036465)"
HALSTED AND NORTH,1764,800 W NORTH AVENUE,05/26/2017,2,1170700.68422007,1910913.190749698,41.91102851,-87.648335806,"(41.91102850981186, -87.64833580602037)"
CENTRAL AND MILWAUKEE,3032,5232 N CENTRAL AVE,11/02/2017,3,1137802.482559734,1934544.360556488,41.976532211,-87.768621661,"(41.976532211352456, -87.76862166095856)"
MILWAUKEE AND CENTRAL,3022,5232 N MILWAUKEE AVE,11/13/2017,9,1138074.161743901,1934115.431678809,41.975350275,-87.767632985,"(41.97535027477604, -87.76763298459159)"
FOSTER AND NORTHWEST HIGHWAY,3003,5616 W FOSTER AVE,12/15/2017,2,1137626.093281239,1934273.239128334,41.97579142,-87.769276893,"(41.975791419680704, -87.76927689293382)"
MILWAUKEE AND CENTRAL,3022,5232 N MILWAUKEE AVE,12/16/2017,1,1138074.161743901,1934115.431678809,41.975350275,-87.767632985,"(41.97535027477604, -87.76763298459159)"
MILWAUKEE AND MONTROSE,1362,4400 N MILWAUKEE AVEN,12/22/2017,1,1141643.943268783,1928770.256316239,41.96061723,-87.75463824,"(41.9606172296957, -87.75463824007085)"
WENTWORTH AND GARFIELD,2264,200 W GARFIELD BLVD,12/18/2017,12,1175889.574397302,1868551.750512227,41.794670385,-87.630547476,"(41.79467038468937, -87.63054747605638)"
ROOSEVELT AND HALSTED,2234,800 W ROOSEVELT ROAD,12/22/2017,6,1171199.282357741,1894968.056393724,41.867263098,-87.646972686,"(41.86726309836901, -87.64697268601648)"
HALSTED AND NORTH,1764,800 W NORTH AVENUE,12/22/2017,3,1170700.68422007,1910913.190749698,41.91102851,-87.648335806,"(41.91102850981186, -87.64833580602037)"
ARCHER AND CICERO,2084,5400 S ARCHER AVE,12/22/2017,13,1145209.426392053,1869810.657411975,41.798758208,-87.743020541,"(41.798758207843264, -87.74302054146467)"
ARCHER AND CICERO,2084,5400 S ARCHER AVE,12/11/2017,7,1145209.426392053,1869810.657411975,41.798758208,-87.743020541,"(41.798758207843264, -87.74302054146467)"
CERMAK AND PULASKI,2334,4000 W CERMAK,12/22/2017,9,1150018.476053666,1889120.238540361,41.851654369,-87.724882975,"(41.85165436867626, -87.7248829753078)"
TOUHY AND OSCEOLA,1244,7432 W TOUHY AVENUE,11/19/2016,1,1125717.010560011,1947269.685461107,42.011661765,-87.812781431,"(42.01166176507329, -87.81278143114147)"
FOSTER AND NORTHWEST HIGHWAY,3003,5616 W FOSTER AVE,11/13/2017,6,1137626.093281239,1934273.239128334,41.97579142,-87.769276893,"(41.975791419680704, -87.76927689293382)"
MILWAUKEE AND CENTRAL,3022,5232 N MILWAUKEE AVE,11/10/2017,6,1138074.161743901,1934115.431678809,41.975350275,-87.767632985,"(41.97535027477604, -87.76763298459159)"
75TH AND STATE,2621,7500 S STATE STREET,12/09/2017,13,1177538.763040612,1855235.551345519,41.758092176,-87.624902228,"(41.75809217638291, -87.6249022282473)"
FOSTER AND NORTHWEST HIGHWAY,3003,5616 W FOSTER AVE,12/06/2017,1,1137626.093281239,1934273.239128334,41.97579142,-87.769276893,"(41.975791419680704, -87.76927689293382)"
ASHLAND AND 87TH,2452,8700 S ASHLAND AVE,12/17/2017,5,1167150.470087748,1846991.212339794,41.735696989,-87.663209544,"(41.73569698863625, -87.66320954445679)"
COLUMBUS AND ILLINOIS,1952,500 N COLUMBUS DRIVE,12/22/2017,3,1178372.808407292,1903693.06016042,41.891044569,-87.620371839,"(41.891044569124276, -87.620371839074)"
WESTERN AND MARQUETTE,2672,6700 S WESTERN AVENUE,12/22/2017,2,1161488.747635042,1860134.788366884,41.771884028,-87.683588402,"(41.77188402771193, -87.68358840206334)"
75TH AND STATE,2624,1 E 75TH STREET,12/22/2017,17,1177601.72646404,1855229.486604181,41.758074111,-87.624671658,"(41.75807411097799, -87.62467165835182)"
MILWAUKEE AND DEVON,1272,6400 N MILWAUKEE AVEN,12/22/2017,3,1132463.750397878,1942107.911507627,41.997382173,-87.788077674,"(41.99738217345368, -87.78807767391953)"
CENTRAL AND FULLERTON,1444,5600 W FULLERTON AVENU,12/22/2017,1,1138627.279189421,1915438.969256439,41.924090199,-87.76605353,"(41.92409019883488, -87.76605353016079)"
111TH AND HALSTED,2424,800 W 111TH ST,12/22/2017,2,1172945.404219168,1831282.917027882,41.692465363,-87.642440901,"(41.692465363421874, -87.64244090105778)"
MILWAUKEE AND CENTRAL,3022,5232 N MILWAUKEE AVE,12/22/2017,12,1138074.161743901,1934115.431678809,41.975350275,-87.767632985,"(41.97535027477604, -87.76763298459159)"
FOSTER AND NORTHWEST HIGHWAY,3003,5616 W FOSTER AVE,12/13/2017,5,1137626.093281239,1934273.239128334,41.97579142,-87.769276893,"(41.975791419680704, -87.76927689293382)"
CLARK AND IRVING PARK,1093,1300 W IRVING PARK ROAD,05/25/2017,5,1166777.545456989,1926719.73687357,41.954487567,-87.662293496,"(41.95448756687966, -87.66229349585691)"
CENTRAL AND MILWAUKEE,3032,5232 N CENTRAL AVE,11/15/2017,1,1137802.482559734,1934544.360556488,41.976532211,-87.768621661,"(41.976532211352456, -87.76862166095856)"
NORTHWEST HIGHWAY AND FOSTER,3002,5200 N NORTHWEST HWY,11/01/2017,5,1137806.147689466,1934042.034460217,41.975153719,-87.76862036,"(41.975153718866956, -87.76862036015007)"
CENTRAL AND MILWAUKEE,3032,5232 N CENTRAL AVE,11/07/2017,1,1137802.482559734,1934544.360556488,41.976532211,-87.768621661,"(41.976532211352456, -87.76862166095856)"
ELSTON AND LAWRENCE,1284,4440 W LAWRENCE AVENUE,12/22/2017,5,1145715.061027481,1931571.0474838,41.968226398,-87.739599251,"(41.96822639754791, -87.73959925065756)"
MILWAUKEE AND CENTRAL,3022,5232 N MILWAUKEE AVE,11/11/2017,13,1138074.161743901,1934115.431678809,41.975350275,-87.767632985,"(41.97535027477604, -87.76763298459159)"
CALIFORNIA AND DEVON,1321,6400 N CALIFORNIA AVE,12/22/2017,2,1156461.150245401,1942370.37710537,41.997649133,-87.699792629,"(41.997649133049336, -87.69979262891378)"
ELSTON AND IRVING PARK,1503,3700 W IRVING PARK ROA,12/22/2017,7,,,,,
ASHLAND AND IRVING PARK,1151,4000 N ASHLAND AVENUE,05/25/2017,2,1164899.463802581,1926665.661118925,41.954379326,-87.66919912,"(41.954379326212695, -87.66919911980419)"
NORTHWEST HIGHWAY AND FOSTER,3002,5200 N NORTHWEST HWY,11/12/2017,3,1137806.147689466,1934042.034460217,41.975153719,-87.76862036,"(41.975153718866956, -87.76862036015007)"
PULASKI AND BELMONT,1382,3200 N PULASKI RD,12/22/2017,1,1149125.621478734,1920994.556178086,41.939138154,-87.72733371,"(41.939138153500274, -87.7273337101426)"
ASHLAND AND 95TH,2473,1600 W 95TH STREET,12/22/2017,3,1167323.753394196,1841755.029221382,41.721324412,-87.662724153,"(41.721324411975246, -87.66272415265087)"
WESTERN AND CHICAGO,1943,2400 W CHICAGO AVE,12/22/2017,1,1160226.686812944,1905300.904544474,41.895851041,-87.686968935,"(41.895851041123755, -87.68696893468467)"
WESTERN AND FOSTER,1074,2400 W FOSTER AVE,12/22/2017,7,1159379.402846887,1934502.712486132,41.97600019,-87.689275084,"(41.97600018976586, -87.68927508385399)"
TOUHY AND OSCEOLA,1244,7432 W TOUHY AVENUE,12/22/2017,2,1125717.010560011,1947269.685461107,42.011661765,-87.812781431,"(42.01166176507329, -87.81278143114147)"
MADISON AND WESTERN,1934,2400 W MADISON,12/22/2017,4,1160384.621277157,1899988.655722373,41.881270504,-87.68653594,"(41.88127050428818, -87.68653594017124)"
IRVING PARK AND LARAMIE,1534,5200 W IRVING PARK ROA,05/28/2017,2,,,,,
NORTHWEST HIGHWAY AND FOSTER,3002,5200 N NORTHWEST HWY,11/15/2017,3,1137806.147689466,1934042.034460217,41.975153719,-87.76862036,"(41.975153718866956, -87.76862036015007)"
CICERO AND ADDISON,1611,3600 N CICERO AVENUE,12/11/2017,10,1143698.904601495,1923517.005821035,41.946163524,-87.747215169,"(41.94616352362556, -87.74721516897007)"
CICERO AND 47TH,2202,4700 S CICERO AVE,12/22/2017,1,1145112.150373471,1873006.659918126,41.807530373,-87.743296821,"(41.80753037289406, -87.7432968212423)"
CENTRAL AND MILWAUKEE,3032,5232 N CENTRAL AVE,12/04/2017,1,1137802.482559734,1934544.360556488,41.976532211,-87.768621661,"(41.976532211352456, -87.76862166095856)"
ASHLAND AND LAWRENCE,1142,4800 N ASHLAND AVENUE,12/22/2017,8,1164751.686785145,1932001.206626392,41.96902343,-87.669590434,"(41.969023429614026, -87.66959043354217)"
IRVING PARK AND NARRAGANSETT,1024,6400 W IRVING PK,05/27/2017,3,1132945.939118726,1925946.304925137,41.953024751,-87.786683238,"(41.95302475075328, -87.78668323766634)"
WENTWORTH AND GARFIELD,2264,200 W GARFIELD BLVD,12/17/2017,6,1175889.574397302,1868551.750512227,41.794670385,-87.630547476,"(41.79467038468937, -87.63054747605638)"
CENTRAL AND MILWAUKEE,3032,5232 N CENTRAL AVE,12/06/2017,1,1137802.482559734,1934544.360556488,41.976532211,-87.768621661,"(41.976532211352456, -87.76862166095856)"
HARLEM AND BELMONT,1391,3200 N HARLEM AVE,12/22/2017,2,1127481.020995451,1920467.613239239,41.938084468,-87.806896749,"(41.93808446822169, -87.80689674887883)"
WENTWORTH AND GARFIELD,2261,5500 S WENTWORTH AVEN,12/17/2017,21,,,,,
DAMEN AND 63RD,2702,6300 S DAMEN AVENUE,12/22/2017,2,1164069.407943298,1862830.277442834,41.779226921,-87.674052731,"(41.77922692069256, -87.67405273137854)"
31ST ST AND MARTIN LUTHER KING DRIVE,2121,3100 S DR MARTIN L KING,12/18/2017,8,,,,,
ASHLAND AND 87TH,2454,1600 W 87TH ST,12/22/2017,2,1167171.941297436,1847064.855345151,41.735898617,-87.663128781,"(41.735898617066006, -87.66312878090133)"
AUSTIN AND ADDISON,1493,6000 W ADDISON STREET,12/22/2017,2,1135698.173154422,1923360.229527805,41.945879676,-87.776627421,"(41.94587967559099, -87.77662742093737)"
MILWAUKEE AND CENTRAL,3022,5232 N MILWAUKEE AVE,11/17/2017,5,1138074.161743901,1934115.431678809,41.975350275,-87.767632985,"(41.97535027477604, -87.76763298459159)"
STONY ISLAND/CORNELL AND 67TH,2731,6700 S CORNELL DRIVE,12/08/2017,7,1188316.454860734,1860851.137456735,41.77325149,-87.5852246,"(41.77325148959568, -87.58522459967712)"
CICERO AND PETERSON,1202,6000 N CICERO AVENUE,12/22/2017,6,1143247.733553094,1939479.342905704,41.989973915,-87.748473024,"(41.98997391514614, -87.74847302426933)"
HALSTED AND DIVISION,1714,800 W DIVISION,12/22/2017,1,1170767.827960358,1908259.644151662,41.903745557,-87.648167011,"(41.90374555734733, -87.64816701062779)"
CENTRAL AND MILWAUKEE,3032,5232 N CENTRAL AVE,11/01/2017,1,1137802.482559734,1934544.360556488,41.976532211,-87.768621661,"(41.976532211352456, -87.76862166095856)"
CICERO AND PETERSON,1204,4800 W PETERSON AVENUE,12/22/2017,3,1143273.766829016,1939491.944645127,41.990008007,-87.748376951,"(41.99000800729908, -87.74837695118997)"
MONTROSE AND WESTERN,1221,4400 N WESTERN AVENUE,12/22/2017,8,1159539.733234718,1929183.918095502,41.961401846,-87.688832623,"(41.961401846278505, -87.6888326227788)"
CENTRAL AND MILWAUKEE,3032,5232 N CENTRAL AVE,11/28/2017,1,1137802.482559734,1934544.360556488,41.976532211,-87.768621661,"(41.976532211352456, -87.76862166095856)"
NORTHWEST HIGHWAY AND FOSTER,3002,5200 N NORTHWEST HWY,12/18/2017,2,1137806.147689466,1934042.034460217,41.975153719,-87.76862036,"(41.975153718866956, -87.76862036015007)"
CENTRAL AND MILWAUKEE,3032,5232 N CENTRAL AVE,11/11/2017,3,1137802.482559734,1934544.360556488,41.976532211,-87.768621661,"(41.976532211352456, -87.76862166095856)"
87TH AND VINCENNES,2413,848 W 87TH STREET,12/22/2017,13,1172002.531006759,1847197.326168367,41.736157546,-87.6454274,"(41.73615754630335, -87.64542740049411)"
HOLLYWOOD AND SHERIDAN,1343,1000 W HOLLYWOOD AVE,12/22/2017,4,1168580.228926466,1938090.295189338,41.985649799,-87.655335807,"(41.98564979859328, -87.65533580655139)"
SHERIDAN AND FOSTER,1132,5200 N SHERIDAN ROAD,12/22/2017,1,1168661.623718229,1934753.842272756,41.976492721,-87.655133605,"(41.97649272077833, -87.65513360456677)"
LARAMIE AND MADISON,2044,5200 W MADISON STREET,12/22/2017,12,1141706.965522802,1899567.55684314,41.880480752,-87.755130433,"(41.88048075170171, -87.75513043296509)"
CENTRAL AND MILWAUKEE,3032,5232 N CENTRAL AVE,12/01/2017,3,1137802.482559734,1934544.360556488,41.976532211,-87.768621661,"(41.976532211352456, -87.76862166095856)"
HAMLIN AND MADISON,1903,3800 W MADISON STREET,12/22/2017,4,1151032.709141294,1899784.033986533,41.880897273,-87.720881226,"(41.880897273491264, -87.72088122613924)"
CENTRAL AND CHICAGO,1972,800 N CENTRAL AVENUE,12/22/2017,6,1138836.562608552,1904801.732832435,41.894896579,-87.765543258,"(41.89489657939746, -87.76554325845893)"
FOSTER AND NORTHWEST HIGHWAY,3003,5616 W FOSTER AVE,12/14/2017,1,1137626.093281239,1934273.239128334,41.97579142,-87.769276893,"(41.975791419680704, -87.76927689293382)"
IRVING PARK AND LARAMIE,1533,5200 W IRVING PARK ROA,12/22/2017,1,,,,,
COTTAGE GROVE AND 71ST,2571,7100 S COTTAGE GROVE,12/22/2017,4,1182746.23698699,1858088.011064538,41.765800351,-87.605729127,"(41.76580035131893, -87.6057291269901)"
KIMBALL AND DIVERSEY,1583,3400 W DIVERSEY AVENUE,12/25/2016,3,1153211.149172713,1918454.477800566,41.932087747,-87.71238583,"(41.932087747378944, -87.71238582951281)"
KEDZIE AND 31ST,2132,3100 S KEDZIE AVENUE,11/19/2016,5,1155483.167539854,1883867.660503274,41.837132671,-87.704967115,"(41.837132671422296, -87.70496711478727)"
CICERO AND ADDISON,1611,3600 N CICERO AVENUE,12/22/2017,7,1143698.904601495,1923517.005821035,41.946163524,-87.747215169,"(41.94616352362556, -87.74721516897007)"
LAWRENCE AND CICERO,1041,4800 N CICERO AVE,12/08/2017,5,1143464.651785526,1931490.551883203,41.968048007,-87.747875985,"(41.968048007293845, -87.74787598468126)"
ASHLAND AND DIVISION,1793,1600 W DIVISION STREET,12/20/2017,4,1165489.684200442,1908112.312963909,41.903455316,-87.667558994,"(41.903455316483814, -87.66755899396976)"
WENTWORTH AND GARFIELD,2261,5500 S WENTWORTH AVEN,12/22/2017,30,,,,,
ASHLAND AND MADISON,1914,1600 W MADISON,12/22/2017,4,1165723.014733182,1900136.515489506,41.881564167,-87.666929463,"(41.8815641670199, -87.66692946294842)"
FOSTER AND NORTHWEST HIGHWAY,3003,5616 W FOSTER AVE,11/24/2017,6,1137626.093281239,1934273.239128334,41.97579142,-87.769276893,"(41.975791419680704, -87.76927689293382)"
NORTHWEST HIGHWAY AND FOSTER,3002,5200 N NORTHWEST HWY,11/28/2017,9,1137806.147689466,1934042.034460217,41.975153719,-87.76862036,"(41.975153718866956, -87.76862036015007)"
MILWAUKEE AND CENTRAL,3022,5232 N MILWAUKEE AVE,11/28/2017,12,1138074.161743901,1934115.431678809,41.975350275,-87.767632985,"(41.97535027477604, -87.76763298459159)"
ELSTON AND IRVING PARK,1502,4000 N ELSTON AVENUE,12/22/2017,1,1151273.974828198,1926311.849469842,41.953687266,-87.719297882,"(41.95368726563273, -87.71929788151473)"
LAWRENCE AND CICERO,1042,4800 N CICERO AVENUE,12/22/2017,8,1143464.651785526,1931490.551883203,41.968048007,-87.747875985,"(41.968048007293845, -87.74787598468126)"
MILWAUKEE AND CENTRAL,3022,5232 N MILWAUKEE AVE,11/20/2017,8,1138074.161743901,1934115.431678809,41.975350275,-87.767632985,"(41.97535027477604, -87.76763298459159)"
MILWAUKEE AND CENTRAL,3022,5232 N MILWAUKEE AVE,11/14/2017,11,1138074.161743901,1934115.431678809,41.975350275,-87.767632985,"(41.97535027477604, -87.76763298459159)"
NORTHWEST HIGHWAY AND FOSTER,3002,5200 N NORTHWEST HWY,12/22/2017,3,1137806.147689466,1934042.034460217,41.975153719,-87.76862036,"(41.975153718866956, -87.76862036015007)"
FOSTER AND NORTHWEST HIGHWAY,3003,5616 W FOSTER AVE,12/07/2017,2,1137626.093281239,1934273.239128334,41.97579142,-87.769276893,"(41.975791419680704, -87.76927689293382)"
NORTHWEST HIGHWAY AND FOSTER,3002,5200 N NORTHWEST HWY,12/17/2017,1,1137806.147689466,1934042.034460217,41.975153719,-87.76862036,"(41.975153718866956, -87.76862036015007)"
FOSTER AND NORTHWEST HIGHWAY,3003,5616 W FOSTER AVE,11/23/2017,5,1137626.093281239,1934273.239128334,41.97579142,-87.769276893,"(41.975791419680704, -87.76927689293382)"
NORTHWEST HIGHWAY AND FOSTER,3002,5200 N NORTHWEST HWY,11/20/2017,5,1137806.147689466,1934042.034460217,41.975153719,-87.76862036,"(41.975153718866956, -87.76862036015007)"
SACRAMENTO AND CHICAGO,1812,800 N SACRAMENTO AVEN,12/22/2017,8,1156039.008141929,1905193.084100581,41.895640714,-87.702352328,"(41.89564071387542, -87.70235232767416)"
111TH AND HALSTED,2422,11100 S HALSTED ST,12/22/2017,14,1172923.657689312,1831209.044179248,41.692263123,-87.642522688,"(41.692263123425136, -87.6425226876268)"
ROOSEVELT AND HALSTED,2234,800 W ROOSEVELT ROAD,03/24/2017,8,1171199.282357741,1894968.056393724,41.867263098,-87.646972686,"(41.86726309836901, -87.64697268601648)"
KEDZIE AND ARMITAGE,1832,2000 N KEDZIE AVENUE,12/22/2017,5,1154684.031809326,1913129.496340896,41.917446172,-87.707116072,"(41.91744617191702, -87.70711607187832)"
FOSTER AND NORTHWEST HIGHWAY,3003,5616 W FOSTER AVE,12/04/2017,1,1137626.093281239,1934273.239128334,41.97579142,-87.769276893,"(41.975791419680704, -87.76927689293382)"
FOSTER AND NORTHWEST HIGHWAY,3003,5616 W FOSTER AVE,12/11/2017,2,1137626.093281239,1934273.239128334,41.97579142,-87.769276893,"(41.975791419680704, -87.76927689293382)"
PULASKI AND NORTH,1994,4000 W NORTH AVENUE,12/22/2017,4,1149456.2688422,1910376.774019002,41.909995582,-87.726394693,"(41.90999558160536, -87.72639469321471)"
ASHLAND AND IRVING PARK,1151,4000 N ASHLAND AVENUE,12/22/2017,2,1164899.463802581,1926665.661118925,41.954379326,-87.66919912,"(41.954379326212695, -87.66919911980419)"
MILWAUKEE AND CENTRAL,3022,5232 N MILWAUKEE AVE,12/14/2017,3,1138074.161743901,1934115.431678809,41.975350275,-87.767632985,"(41.97535027477604, -87.76763298459159)"
FOSTER AND NORTHWEST HIGHWAY,3003,5616 W FOSTER AVE,11/28/2017,2,1137626.093281239,1934273.239128334,41.97579142,-87.769276893,"(41.975791419680704, -87.76927689293382)"
PULASKI AND IRVING PARK,1574,4000 W IRVING PARK RD,12/24/2016,9,1148988.727877253,1926320.954938409,41.953756874,-87.727698513,"(41.95375687447515, -87.72769851312907)"
FOSTER AND NORTHWEST HIGHWAY,3003,5616 W FOSTER AVE,11/04/2017,4,1137626.093281239,1934273.239128334,41.97579142,-87.769276893,"(41.975791419680704, -87.76927689293382)"
PULASKI AND FULLERTON,1484,4000 W FULLERTON AVE,12/22/2017,2,1149303.081963737,1915695.275222648,41.924593022,-87.726819268,"(41.92459302175305, -87.7268192684032)"
4700 WESTERN,2142,4700 S WESTERN AVENUE,12/22/2017,3,1161120.438879703,1873431.066474726,41.808378408,-87.684570717,"(41.808378407946726, -87.68457071689552)"
PULASKI AND LAWRENCE,1173,4000 W LAWRENCE AVENUE,12/22/2017,1,1148844.220085601,1931638.45430438,41.968351285,-87.728091672,"(41.96835128527914, -87.72809167198088)"
MILWAUKEE AND MONTROSE,1364,5075 W MONTROSE AVENUE,12/22/2017,2,1141716.746618898,1928736.076639057,41.960522088,-87.754371424,"(41.96052208819935, -87.75437142402293)"
MILWAUKEE AND CENTRAL,3022,5232 N MILWAUKEE AVE,11/25/2017,13,1138074.161743901,1934115.431678809,41.975350275,-87.767632985,"(41.97535027477604, -87.76763298459159)"
CICERO AND 47TH,2202,4700 S CICERO AVE,12/25/2016,1,1145112.150373471,1873006.659918126,41.807530373,-87.743296821,"(41.80753037289406, -87.7432968212423)"
119TH AND HALSTED,2404,800 W 119TH STREET,12/22/2017,3,1173111.174088158,1825985.001014405,41.677923389,-87.641989646,"(41.677923389134385, -87.64198964584013)"
ADDISON AND HARLEM,1591,3600 N HARLEM AVENUE,12/24/2016,4,1127394.594070737,1923110.532422811,41.945338412,-87.807154769,"(41.94533841246591, -87.80715476912044)"
KIMBALL AND DIVERSEY,1583,3400 W DIVERSEY AVENUE,12/22/2017,1,1153211.149172713,1918454.477800566,41.932087747,-87.71238583,"(41.932087747378944, -87.71238582951281)"
MILWAUKEE AND CENTRAL,3022,5232 N MILWAUKEE AVE,11/01/2017,8,1138074.161743901,1934115.431678809,41.975350275,-87.767632985,"(41.97535027477604, -87.76763298459159)"
KEDZIE AND 26TH,2382,2600 S KEDZIE AVENUE,12/22/2017,2,1155404.235510285,1886524.460033054,41.844424831,-87.705185452,"(41.84442483084393, -87.70518545233183)"
MILWAUKEE AND DEVON,1274,6400 W DEVON AVENUE,12/22/2017,6,1132590.619798275,1942138.532048656,41.997463981,-87.787610243,"(41.99746398102873, -87.78761024341388)"
MILWAUKEE AND CENTRAL,3022,5232 N MILWAUKEE AVE,12/02/2017,3,1138074.161743901,1934115.431678809,41.975350275,-87.767632985,"(41.97535027477604, -87.76763298459159)"
STONEY ISLAND AND 76TH,2632,7600 S STONY ISLAND A,12/22/2017,18,1188092.796191935,1854889.354158304,41.756897173,-87.586234285,"(41.75689717260223, -87.58623428506996)"
CENTRAL AND MILWAUKEE,3032,5232 N CENTRAL AVE,11/17/2017,2,1137802.482559734,1934544.360556488,41.976532211,-87.768621661,"(41.976532211352456, -87.76862166095856)"
ADDISON AND HARLEM,1591,3600 N HARLEM AVENUE,12/22/2017,1,1127394.594070737,1923110.532422811,41.945338412,-87.807154769,"(41.94533841246591, -87.80715476912044)"
DAMEN AND DIVERSEY,1462,2800 N DAMEN AVENUE,05/26/2017,5,1162490.04851994,1918611.623717091,41.932329494,-87.678282719,"(41.9323294940985, -87.67828271931386)"
BELMONT AND KEDZIE,1372,3200 N KEDZIE AVE,12/22/2017,9,1154426.977874407,1921110.466549542,41.93935173,-87.707846594,"(41.93935173030961, -87.70784659359776)"
99TH AND HALSTED,2431,9900 S HALSTED ST,12/22/2017,22,1172689.754200318,1839171.652197216,41.714118868,-87.643145408,"(41.714118868089905, -87.64314540818165)"
KEDZIE AND 26TH,2381,2600 S KEDZIE AVENUE,12/22/2017,3,1155404.235510285,1886524.460033054,41.844424831,-87.705185452,"(41.84442483084393, -87.70518545233183)"
KEDZIE AND 71ST,2354,3200 W 71ST STREET,12/22/2017,5,1156246.862901455,1857404.014959868,41.764497433,-87.702877023,"(41.76449743256955, -87.70287702335861)"
CENTRAL AND MILWAUKEE,3032,5232 N CENTRAL AVE,11/16/2017,5,1137802.482559734,1934544.360556488,41.976532211,-87.768621661,"(41.976532211352456, -87.76862166095856)"
IRVING PARK AND KILPATRICK,2763,4700 W IRVING PARK ROA,12/22/2017,2,,,,,
DIVISION AND DAMEN,1734,2000 W DIVISION,12/22/2017,7,1162815.710860194,1908034.672555531,41.903298793,-87.677383247,"(41.903298792681944, -87.67738324739636)"
HOMAN/KIMBALL AND NORTH,1771,1600 N HOMAN AVENUE,12/22/2017,2,,,,,
FOSTER AND BROADWAY,1113,1200 W FOSTER AVE,12/22/2017,2,1167357.095930752,1934721.393266777,41.97643192,-87.659931806,"(41.97643192018459, -87.65993180604016)"
PETERSON AND WESTERN,1014,2400 W PETERSON,12/18/2017,6,1159214.211316277,1939825.301874586,41.99060901,-87.689735481,"(41.990609009807294, -87.68973548092968)"
MILWAUKEE AND CENTRAL,3022,5232 N MILWAUKEE AVE,12/05/2017,1,1138074.161743901,1934115.431678809,41.975350275,-87.767632985,"(41.97535027477604, -87.76763298459159)"
NORTHWEST HIGHWAY AND FOSTER,3002,5200 N NORTHWEST HWY,12/13/2017,2,1137806.147689466,1934042.034460217,41.975153719,-87.76862036,"(41.975153718866956, -87.76862036015007)"
ASHLAND AND 95TH,2472,9500 S ASHLAND AVENUE,12/22/2017,7,1167295.830128711,1841695.121217916,41.721160612,-87.662828139,"(41.72116061205213, -87.66282813939165)"
NORTHWEST HIGHWAY AND FOSTER,3002,5200 N NORTHWEST HWY,11/14/2017,4,1137806.147689466,1934042.034460217,41.975153719,-87.76862036,"(41.975153718866956, -87.76862036015007)"
63RD AND STATE,2714,1 E 63RD ST,12/22/2017,8,1177367.518733101,1863199.17768559,41.779949105,-87.625289553,"(41.779949104569106, -87.62528955333775)"
CORTLAND AND ASHLAND,1721,1900 N ASHLAND AVE,12/22/2017,16,1165348.084854857,1912736.454335569,41.916147281,-87.667947354,"(41.91614728095272, -87.66794735350443)"
FOSTER AND NORTHWEST HIGHWAY,3003,5616 W FOSTER AVE,12/08/2017,3,1137626.093281239,1934273.239128334,41.97579142,-87.769276893,"(41.975791419680704, -87.76927689293382)"
WESTERN AND FULLERTON,1671,2400 N WESTERN AVENUE,12/22/2017,10,1159923.309342995,1915897.778561358,41.924935944,-87.687790255,"(41.92493594409127, -87.68779025471278)"
CICERO AND NORTH,2033,4800 W NORTH AVENUE,12/22/2017,8,1144053.733747163,1910243.80567041,41.90973389,-87.746244973,"(41.909733890131285, -87.74624497295898)"
KEDZIE AND 71ST,2352,7100 S KEDZIE AVENUE,12/22/2017,4,1156225.540366296,1857330.103443232,41.764295037,-87.702957162,"(41.764295036756856, -87.70295716211793)"
LAFAYETTE AND 87TH,2503,30 W 87TH STREET,12/22/2017,12,1177407.651800237,1847320.772058312,41.736376037,-87.625621311,"(41.736376036604916, -87.62562131092602)"
MILWAUKEE AND CENTRAL,3022,5232 N MILWAUKEE AVE,12/13/2017,3,1138074.161743901,1934115.431678809,41.975350275,-87.767632985,"(41.97535027477604, -87.76763298459159)"
NORTHWEST HIGHWAY AND FOSTER,3002,5200 N NORTHWEST HWY,12/10/2017,1,1137806.147689466,1934042.034460217,41.975153719,-87.76862036,"(41.975153718866956, -87.76862036015007)"
CALIFORNIA AND DIVERSEY,1511,2800 N CALIFORNIA AVE,12/22/2017,3,1157189.355049829,1918495.644754069,41.932120719,-87.6977653,"(41.93212071910647, -87.69776530036465)"
ASHLAND AND DIVISION,1791,1200 N ASHLAND AVENUE,12/15/2017,11,1165466.997046718,1908083.767015974,41.903377468,-87.667643142,"(41.903377467566784, -87.66764314227497)"
SACRAMENTO AND LAKE,1822,150 N SACRAMENTO BOUL,12/22/2017,2,1156319.560664766,1900957.489351962,41.884012178,-87.701436479,"(41.88401217771363, -87.7014364786693)"
4700 WESTERN,2141,4700 S WESTERN AVENUE,12/22/2017,6,1161120.438879703,1873431.066474726,41.808378408,-87.684570717,"(41.808378407946726, -87.68457071689552)"
NORTHWEST HIGHWAY AND FOSTER,3002,5200 N NORTHWEST HWY,11/21/2017,5,1137806.147689466,1934042.034460217,41.975153719,-87.76862036,"(41.975153718866956, -87.76862036015007)"
STONEY ISLAND AND 76TH,2631,7600 S STONY ISLAND A,12/22/2017,20,1188092.796191935,1854889.354158304,41.756897173,-87.586234285,"(41.75689717260223, -87.58623428506996)"
MILWAUKEE AND CENTRAL,3022,5232 N MILWAUKEE AVE,11/07/2017,6,1138074.161743901,1934115.431678809,41.975350275,-87.767632985,"(41.97535027477604, -87.76763298459159)"
PULASKI AND 63RD,2342,6300 S PULASKI RD,12/22/2017,5,1150746.00309079,1862516.747695325,41.778636469,-87.722906356,"(41.77863646878099, -87.72290635568541)"
NORTHWEST HIGHWAY AND FOSTER,3002,5200 N NORTHWEST HWY,11/23/2017,1,1137806.147689466,1934042.034460217,41.975153719,-87.76862036,"(41.975153718866956, -87.76862036015007)"
PULASKI AND IRVING PARK,1572,4000 N PULASKI ROAD,12/22/2017,4,1148970.255325552,1926313.600468643,41.953737051,-87.727766612,"(41.95373705144353, -87.72776661179896)"
WESTERN AND 63RD,2373,2400 W 63RD ST,12/22/2017,1,1161444.415758584,1862848.534703658,41.779331844,-87.683675761,"(41.77933184429814, -87.68367576084798)"
71ST AND ASHLAND,2394,1600 W 71ST,12/22/2017,7,1166890.012333149,1857674.2502247,41.765018306,-87.66385923,"(41.76501830555763, -87.66385923012646)"
75TH AND STATE,2621,7500 S STATE STREET,12/14/2017,15,1177538.763040612,1855235.551345519,41.758092176,-87.624902228,"(41.75809217638291, -87.6249022282473)"
PULASKI AND 79TH,2492,7900 S PULASKI ROAD,12/22/2017,5,1151054.87395657,1851842.663854121,41.749339,-87.722052091,"(41.74933900008238, -87.72205209091501)"
FOSTER AND NORTHWEST HIGHWAY,3003,5616 W FOSTER AVE,11/17/2017,3,1137626.093281239,1934273.239128334,41.97579142,-87.769276893,"(41.975791419680704, -87.76927689293382)"
CENTRAL AND MILWAUKEE,3032,5232 N CENTRAL AVE,11/05/2017,2,1137802.482559734,1934544.360556488,41.976532211,-87.768621661,"(41.976532211352456, -87.76862166095856)"
NORTHWEST HIGHWAY AND FOSTER,3002,5200 N NORTHWEST HWY,11/25/2017,1,1137806.147689466,1934042.034460217,41.975153719,-87.76862036,"(41.975153718866956, -87.76862036015007)"
CICERO AND I55,2252,4200 S CICERO AVENUE,12/22/2017,10,1145023.742859509,1876358.276835519,41.816729387,-87.743536712,"(41.81672938674739, -87.74353671247594)"
BELMONT AND KEDZIE,1371,3200 N KEDZIE AVENUE,12/22/2017,2,1154426.977874407,1921110.466549542,41.93935173,-87.707846594,"(41.93935173030961, -87.70784659359776)"
FOSTER AND NAGLE,1031,5200 N NAGLE,04/18/2017,4,1132529.656558223,1934201.702060651,41.97568567,-87.788020406,"(41.97568566971868, -87.78802040620296)"
FOSTER AND BROADWAY,1111,5200 N BROADWAY ST,12/22/2017,2,1167334.508577915,1934714.008346532,41.976412143,-87.660015082,"(41.97641214294823, -87.66001508205365)"
FOSTER AND NORTHWEST HIGHWAY,3003,5616 W FOSTER AVE,11/02/2017,4,1137626.093281239,1934273.239128334,41.97579142,-87.769276893,"(41.975791419680704, -87.76927689293382)"
CICERO AND DIVERSEY,1691,2800 N CICERO AVENUE,12/22/2017,7,1143863.647574835,1918202.018463414,41.931575608,-87.746743301,"(41.93157560844622, -87.74674330113561)"
CENTRAL AND LAKE,1743,5600 W LAKE STREET,12/22/2017,1,1138951.495695032,1902230.510465733,41.887838735,-87.765183663,"(41.887838735330206, -87.76518366338465)"
ASHLAND AND FULLERTON,1651,2400 N ASHLAND AVENUE,12/22/2017,4,1165228.073342838,1916032.319169157,41.92519389,-87.668294363,"(41.92519388981048, -87.66829436339881)"
FOSTER AND NORTHWEST HIGHWAY,3003,5616 W FOSTER AVE,11/06/2017,2,1137626.093281239,1934273.239128334,41.97579142,-87.769276893,"(41.975791419680704, -87.76927689293382)"
WESTERN AND NORTH,1853,2400 W NORTH AVE,12/22/2017,1,1160100.839010995,1910612.783367238,41.910429862,-87.687284221,"(41.91042986235867, -87.68728422050837)"
55TH AND KEDZIE,2162,5500 S KEDZIE AVENUE,12/22/2017,2,1155945.854705238,1867941.621374192,41.793420237,-87.703697508,"(41.793420236755864, -87.70369750845424)"
HAMLIN AND MADISON,1901,0 N HAMLIN BOULEVARD,12/22/2017,4,,,,,
ASHLAND AND MADISON,1914,1600 W MADISON,12/19/2017,4,1165723.014733182,1900136.515489506,41.881564167,-87.666929463,"(41.8815641670199, -87.66692946294842)"
MILWAUKEE AND CENTRAL,3022,5232 N MILWAUKEE AVE,12/03/2017,4,1138074.161743901,1934115.431678809,41.975350275,-87.767632985,"(41.97535027477604, -87.76763298459159)"
DAMEN AND 63RD,2702,6300 S DAMEN AVENUE,12/24/2016,4,1164069.407943298,1862830.277442834,41.779226921,-87.674052731,"(41.77922692069256, -87.67405273137854)"
MILWAUKEE AND CENTRAL,3022,5232 N MILWAUKEE AVE,12/06/2017,5,1138074.161743901,1934115.431678809,41.975350275,-87.767632985,"(41.97535027477604, -87.76763298459159)"
WESTERN AND FOSTER,1072,5200 N WESTERN AVE,12/19/2017,9,1159372.922497116,1934478.313674003,41.975933372,-87.689299589,"(41.97593337199358, -87.6892995891816)"
FOSTER AND NAGLE,1031,5200 N NAGLE,12/22/2017,6,1132529.656558223,1934201.702060651,41.97568567,-87.788020406,"(41.97568566971868, -87.78802040620296)"
ASHLAND AND 87TH,2452,8700 S ASHLAND AVE,12/22/2017,1,1167150.470087748,1846991.212339794,41.735696989,-87.663209544,"(41.73569698863625, -87.66320954445679)"
MILWAUKEE AND CENTRAL,3022,5232 N MILWAUKEE AVE,11/15/2017,7,1138074.161743901,1934115.431678809,41.975350275,-87.767632985,"(41.97535027477604, -87.76763298459159)"
FOSTER AND NORTHWEST HIGHWAY,3003,5616 W FOSTER AVE,12/03/2017,2,1137626.093281239,1934273.239128334,41.97579142,-87.769276893,"(41.975791419680704, -87.76927689293382)"
CENTRAL AND MILWAUKEE,3032,5232 N CENTRAL AVE,11/22/2017,4,1137802.482559734,1934544.360556488,41.976532211,-87.768621661,"(41.976532211352456, -87.76862166095856)"
DIVISION AND DAMEN,1733,2000 W DIVISION,12/22/2017,3,1162815.710860194,1908034.672555531,41.903298793,-87.677383247,"(41.903298792681944, -87.67738324739636)"
MILWAUKEE AND CENTRAL,3022,5232 N MILWAUKEE AVE,11/26/2017,8,1138074.161743901,1934115.431678809,41.975350275,-87.767632985,"(41.97535027477604, -87.76763298459159)"
LAFAYETTE AND 87TH,2502,8700 S LAFAYETTE AVEN,12/14/2017,21,1177417.493180297,1847243.988223464,41.73616511,-87.625587569,"(41.73616511008592, -87.62558756899932)"
BROADWAY/SHERIDAN AND DEVON,1123,1200 W DEVON AVE,12/22/2017,4,1167109.644248166,1942688.147952186,41.998298228,-87.660611661,"(41.99829822771884, -87.66061166063517)"
IRVING PARK AND KILPATRICK,2764,4700 W IRVING PARK ROA,03/24/2017,2,,,,,
FOSTER AND NORTHWEST HIGHWAY,3003,5616 W FOSTER AVE,11/29/2017,4,1137626.093281239,1934273.239128334,41.97579142,-87.769276893,"(41.975791419680704, -87.76927689293382)"
PULASKI AND DIVERSEY,1543,4000 W DIVERSEY AVENUE,12/22/2017,4,1149206.496130705,1918356.569267582,41.931897723,-87.72710503,"(41.9318977231462, -87.72710503045386)"
CENTRAL AND MILWAUKEE,3032,5232 N CENTRAL AVE,12/02/2017,1,1137802.482559734,1934544.360556488,41.976532211,-87.768621661,"(41.976532211352456, -87.76862166095856)"
RIDGE AND CLARK,1051,5930 N CLARK STREET,12/22/2017,2,1164554.784723473,1939388.511516442,41.98929863,-87.670104121,"(41.98929863013193, -87.67010412112992)"
ELSTON AND ADDISON,1402,3600 N ELSTON AVE,12/22/2017,1,1154106.95251778,1923731.036211081,41.946549165,-87.708952626,"(41.94654916480637, -87.70895262603513)"
CICERO AND CHICAGO,1781,800 N CICERO AVENUE,12/22/2017,4,1144169.162482127,1904893.189220372,41.895049038,-87.745955516,"(41.89504903796389, -87.74595551626888)"
FOSTER AND NORTHWEST HIGHWAY,3003,5616 W FOSTER AVE,11/14/2017,8,1137626.093281239,1934273.239128334,41.97579142,-87.769276893,"(41.975791419680704, -87.76927689293382)"
IRVING PARK AND KILPATRICK,2764,4700 W IRVING PARK ROA,12/22/2017,1,,,,,
NORTHWEST HIGHWAY AND FOSTER,3002,5200 N NORTHWEST HWY,11/26/2017,4,1137806.147689466,1934042.034460217,41.975153719,-87.76862036,"(41.975153718866956, -87.76862036015007)"
CENTRAL AND ADDISON,1683,5600 W ADDISON STREET,12/22/2017,2,1138349.663302502,1923416.02157061,41.945985104,-87.766879952,"(41.94598510430888, -87.76687995165918)"
CENTRAL AND MILWAUKEE,3032,5232 N CENTRAL AVE,11/27/2017,4,1137802.482559734,1934544.360556488,41.976532211,-87.768621661,"(41.976532211352456, -87.76862166095856)"
DIVERSEY AND AUSTIN,1454,6000 W DIVERSEY AVENUE,12/22/2017,4,1135895.736169343,1918029.70673837,41.931248624,-87.776028612,"(41.931248623643455, -87.77602861172493)"
LARAMIE AND FULLERTON,1424,5200 W FULLERTON AVENUE,12/22/2017,3,1141305.554932016,1915502.611239048,41.924215797,-87.756210755,"(41.92421579723144, -87.75621075458939)"
NORTHWEST HIGHWAY AND FOSTER,3002,5200 N NORTHWEST HWY,11/06/2017,3,1137806.147689466,1934042.034460217,41.975153719,-87.76862036,"(41.975153718866956, -87.76862036015007)"
FOSTER AND NORTHWEST HIGHWAY,3003,5616 W FOSTER AVE,11/30/2017,5,1137626.093281239,1934273.239128334,41.97579142,-87.769276893,"(41.975791419680704, -87.76927689293382)"
MILWAUKEE AND CENTRAL,3022,5232 N MILWAUKEE AVE,12/09/2017,4,1138074.161743901,1934115.431678809,41.975350275,-87.767632985,"(41.97535027477604, -87.76763298459159)"
CENTRAL AND MILWAUKEE,3032,5232 N CENTRAL AVE,12/11/2017,1,1137802.482559734,1934544.360556488,41.976532211,-87.768621661,"(41.976532211352456, -87.76862166095856)"
CENTRAL AND MILWAUKEE,3032,5232 N CENTRAL AVE,11/21/2017,2,1137802.482559734,1934544.360556488,41.976532211,-87.768621661,"(41.976532211352456, -87.76862166095856)"
PETERSON AND WESTERN,1011,6000 N WESTERN AVE,12/22/2017,3,1159190.625032041,1939816.75471116,41.990586042,-87.689822473,"(41.99058604241958, -87.68982247294417)"
WENTWORTH AND GARFIELD,2264,200 W GARFIELD BLVD,12/11/2017,8,1175889.574397302,1868551.750512227,41.794670385,-87.630547476,"(41.79467038468937, -87.63054747605638)"
HALSTED AND FULLERTON,1701,2400 N HALSTED STREET,12/22/2017,3,1170501.602639925,1916200.061550148,41.925540315,-87.648912156,"(41.925540315431995, -87.64891215551155)"
COLUMBUS AND ILLINOIS,1951,500 N COLUMBUS DRIVE,12/22/2016,31,1178372.808407292,1903693.06016042,41.891044569,-87.620371839,"(41.891044569124276, -87.620371839074)"
FOSTER AND NORTHWEST HIGHWAY,3003,5616 W FOSTER AVE,11/15/2017,4,1137626.093281239,1934273.239128334,41.97579142,-87.769276893,"(41.975791419680704, -87.76927689293382)"
CENTRAL AND MILWAUKEE,3032,5232 N CENTRAL AVE,11/25/2017,2,1137802.482559734,1934544.360556488,41.976532211,-87.768621661,"(41.976532211352456, -87.76862166095856)"
PULASKI AND ARCHER,2153,5000 S ARCHER AVE,12/22/2017,1,1150501.818909837,1871162.311703322,41.802365973,-87.723576766,"(41.80236597333895, -87.72357676611004)"
FOSTER AND NORTHWEST HIGHWAY,3003,5616 W FOSTER AVE,11/16/2017,5,1137626.093281239,1934273.239128334,41.97579142,-87.769276893,"(41.975791419680704, -87.76927689293382)"
CALIFORNIA AND DIVERSEY,1514,2800 W DIVERSEY,04/18/2017,16,1157212.54253358,1918526.674434943,41.932205395,-87.697679244,"(41.93220539506452, -87.6976792438691)"
FOSTER AND NORTHWEST HIGHWAY,3003,5616 W FOSTER AVE,12/05/2017,3,1137626.093281239,1934273.239128334,41.97579142,-87.769276893,"(41.975791419680704, -87.76927689293382)"
FOSTER AND NORTHWEST HIGHWAY,3003,5616 W FOSTER AVE,12/02/2017,1,1137626.093281239,1934273.239128334,41.97579142,-87.769276893,"(41.975791419680704, -87.76927689293382)"
CENTRAL AND MILWAUKEE,3032,5232 N CENTRAL AVE,11/04/2017,3,1137802.482559734,1934544.360556488,41.976532211,-87.768621661,"(41.976532211352456, -87.76862166095856)"
NORTHWEST HIGHWAY AND FOSTER,3002,5200 N NORTHWEST HWY,11/19/2017,3,1137806.147689466,1934042.034460217,41.975153719,-87.76862036,"(41.975153718866956, -87.76862036015007)"
79TH AND HALSTED,2543,800 W 79TH STREET,12/22/2017,3,1172320.105719411,1852517.9814434,41.750751157,-87.644107793,"(41.75075115747316, -87.64410779300933)"
WENTWORTH AND GARFIELD,2264,200 W GARFIELD BLVD,12/22/2017,2,1175889.574397302,1868551.750512227,41.794670385,-87.630547476,"(41.79467038468937, -87.63054747605638)"
STONY ISLAND/CORNELL AND 67TH,2731,6700 S CORNELL DRIVE,12/22/2017,9,1188316.454860734,1860851.137456735,41.77325149,-87.5852246,"(41.77325148959568, -87.58522459967712)"
PULASKI AND DIVISION,1802,1200 N PULASKI ROAD,12/22/2017,8,1149459.590666926,1907723.219884254,41.902713902,-87.726451457,"(41.902713901936174, -87.72645145715836)"
NORTHWEST HIGHWAY AND FOSTER,3002,5200 N NORTHWEST HWY,11/03/2017,2,1137806.147689466,1934042.034460217,41.975153719,-87.76862036,"(41.975153718866956, -87.76862036015007)"
MILWAUKEE AND CENTRAL,3022,5232 N MILWAUKEE AVE,12/17/2017,3,1138074.161743901,1934115.431678809,41.975350275,-87.767632985,"(41.97535027477604, -87.76763298459159)"
KEDZIE AND 63RD,2361,6300 S KEDZIE AVE,12/22/2017,2,1156097.505177228,1862668.051775093,41.77894575,-87.703283119,"(41.77894575017997, -87.70328311900342)"
ROOSEVELT AND PULASKI,2314,4000 W ROOSEVELT ROAD,12/22/2017,9,1149885.032049683,1894449.464076882,41.866281003,-87.72523422,"(41.866281002664536, -87.72523421983905)"
FOSTER AND NORTHWEST HIGHWAY,3003,5616 W FOSTER AVE,11/07/2017,5,1137626.093281239,1934273.239128334,41.97579142,-87.769276893,"(41.975791419680704, -87.76927689293382)"
MILWAUKEE AND CENTRAL,3022,5232 N MILWAUKEE AVE,11/16/2017,10,1138074.161743901,1934115.431678809,41.975350275,-87.767632985,"(41.97535027477604, -87.76763298459159)"
ROOSEVELT AND PULASKI,2311,1200 S PULASKI ROAD,12/22/2017,2,1149866.002247864,1894375.839200384,41.866079337,-87.725305995,"(41.86607933722178, -87.7253059948758)"
BELMONT AND KEDZIE,1373,3200 W BELMONT,12/22/2017,1,1154461.587940363,1921143.091003516,41.939440561,-87.707718516,"(41.93944056117365, -87.70771851630873)"
HALSTED AND 95TH,2581,9500 S HALSTED STREET,12/22/2017,12,1172610.538363645,1841811.61926207,41.721365061,-87.643358042,"(41.72136506078306, -87.64335804234075)"
FOSTER AND NORTHWEST HIGHWAY,3003,5616 W FOSTER AVE,11/20/2017,4,1137626.093281239,1934273.239128334,41.97579142,-87.769276893,"(41.975791419680704, -87.76927689293382)"
PULASKI AND BELMONT,1383,4000 W BELMONT AVE,12/22/2017,1,1149131.866894851,1921018.50498026,41.93920375,-87.727310134,"(41.93920374986553, -87.72731013414392)"
STATE AND 79TH,2654,1 E 79TH STREET,12/22/2017,27,1177680.113652821,1852598.313477786,41.750852096,-87.624463832,"(41.75085209551078, -87.62446383210285)"
TOUHY AND OSCEOLA,1243,7432 W TOUHY AVENUE,12/22/2017,5,1125717.010560011,1947269.685461107,42.011661765,-87.812781431,"(42.01166176507329, -87.81278143114147)"
99TH AND HALSTED,2433,800 W 99TH ST,12/22/2017,15,1172710.642565684,1839246.330602143,41.714323337,-87.643066714,"(41.71432333701137, -87.64306671421937)"
CANAL AND ROOSEVELT,2291,1200 S CANAL STREET,12/22/2017,10,1173268.771030949,1894952.634878732,41.867175125,-87.639375813,"(41.86717512472001, -87.63937581258092)"
KEDZIE AND 63RD,2364,3200 W 63RD ST,12/22/2017,5,1156103.348831225,1862717.565210739,41.779081505,-87.703260365,"(41.77908150488341, -87.70326036544745)"
ASHLAND AND MADISON,1911,0 N ASHLAND AVE,12/22/2017,4,,,,,
CICERO AND FULLERTON,1472,2400 N CICERO AVE,12/22/2017,3,1143961.592189569,1915545.343094087,41.92428359,-87.74645019,"(41.92428358982701, -87.74645019028947)"
KEDZIE AND ARMITAGE,1834,3200 W ARMITAGE AVENUE,12/22/2017,1,1154700.851347995,1913153.252187904,41.917511023,-87.707053639,"(41.91751102291878, -87.7070536388797)"
IRVING PARK AND CALIFORNIA,1234,2800 W IRVING PARK ROA,12/22/2017,6,,,,,
KOSTNER AND NORTH,2011,1600 N KOSTNER,12/22/2017,2,1146732.108679105,1910282.120990798,41.909788304,-87.736404667,"(41.90978830394343, -87.73640466739216)"
ASHLAND AND 95TH,2472,9500 S ASHLAND AVENUE,12/12/2017,5,1167295.830128711,1841695.121217916,41.721160612,-87.662828139,"(41.72116061205213, -87.66282813939165)"
NORTHWEST HIGHWAY AND FOSTER,3002,5200 N NORTHWEST HWY,12/12/2017,1,1137806.147689466,1934042.034460217,41.975153719,-87.76862036,"(41.975153718866956, -87.76862036015007)"
ASHLAND AND FULLERTON,1652,2400 N ASHLAND AVENUE,12/22/2017,6,1165228.073342838,1916032.319169157,41.92519389,-87.668294363,"(41.92519388981048, -87.66829436339881)"
FOSTER AND NORTHWEST HIGHWAY,3003,5616 W FOSTER AVE,11/05/2017,1,1137626.093281239,1934273.239128334,41.97579142,-87.769276893,"(41.975791419680704, -87.76927689293382)"
LAWRENCE AND WESTERN,1192,4800 N WESTERN AVENUE,12/22/2017,3,1159459.622430471,1931821.342623414,41.968640727,-87.689054241,"(41.96864072747715, -87.6890542408374)"
CANAL AND ROOSEVELT,2294,500 W ROOSEVELT ROAD,05/28/2017,11,1173290.72186561,1895021.166235495,41.867362693,-87.639293195,"(41.867362692616666, -87.63929319464197)"
55TH AND WESTERN,2212,5500 S WESTERN AVE,12/25/2016,3,1161269.521335262,1867963.111601251,41.793370554,-87.684175377,"(41.79337055433029, -87.6841753767592)"
WESTERN AND CERMAK,1002,2200 S WESTERN AVENUE,12/21/2017,7,1160669.42562757,1889318.196820393,41.85198384,-87.685785704,"(41.85198383957328, -87.68578570420526)"
CORTLAND AND ASHLAND,1723,1600 W CORTLAND ST,12/22/2017,2,1165377.660768235,1912768.773647285,41.916235337,-87.667837772,"(41.91623533746878, -87.66783777212962)"
LAKE SHORE DR AND BELMONT,1413,400 W BELMONT AVE,12/22/2017,49,1172981.744869382,1921577.376128802,41.940241193,-87.639639114,"(41.94024119325571, -87.63963911427594)"
HALSTED AND MADISON,1871,1 S HALSTED STREET,12/22/2017,5,1171092.392868784,1900234.542088741,41.881717056,-87.647210539,"(41.88171705561901, -87.64721053920604)"
NORTHWEST HIGHWAY AND FOSTER,3002,5200 N NORTHWEST HWY,11/17/2017,2,1137806.147689466,1934042.034460217,41.975153719,-87.76862036,"(41.975153718866956, -87.76862036015007)"
FOSTER AND NORTHWEST HIGHWAY,3003,5616 W FOSTER AVE,12/22/2017,6,1137626.093281239,1934273.239128334,41.97579142,-87.769276893,"(41.975791419680704, -87.76927689293382)"
MILWAUKEE AND CENTRAL,3022,5232 N MILWAUKEE AVE,11/30/2017,7,1138074.161743901,1934115.431678809,41.975350275,-87.767632985,"(41.97535027477604, -87.76763298459159)"
NORTHWEST HIGHWAY AND FOSTER,3002,5200 N NORTHWEST HWY,11/05/2017,1,1137806.147689466,1934042.034460217,41.975153719,-87.76862036,"(41.975153718866956, -87.76862036015007)"
PETERSON AND WESTERN,1011,6000 N WESTERN AVE,01/04/2018,1,1159190.625032041,1939816.75471116,41.990586042,-87.689822473,"(41.99058604241958, -87.68982247294417)"
CALIFORNIA AND DIVERSEY,1513,2800 W DIVERSEY,01/04/2018,1,1157212.54253358,1918526.674434943,41.932205395,-87.697679244,"(41.93220539506452, -87.6976792438691)"
KEDZIE AND 31ST,2134,3200 W 31ST STREET,01/04/2018,2,1155487.128005646,1883943.061106793,41.8373395,-87.704950558,"(41.83733950029648, -87.70495055800411)"
SACRAMENTO AND CHICAGO,1812,800 N SACRAMENTO AVEN,01/04/2018,2,1156039.008141929,1905193.084100581,41.895640714,-87.702352328,"(41.89564071387542, -87.70235232767416)"
CENTRAL AND IRVING PARK,1182,4000 N CENTRAL AVENUE,01/04/2018,1,1138258.614129764,1926071.172884932,41.953272751,-87.767150151,"(41.95327275103541, -87.76715015131407)"
CICERO AND PETERSON,1202,6000 N CICERO AVENUE,12/24/2016,3,1143247.733553094,1939479.342905704,41.989973915,-87.748473024,"(41.98997391514614, -87.74847302426933)"
CICERO AND DIVERSEY,1694,4800 W DIVERSEY AVENUE,01/04/2018,2,1143869.848167704,1918226.043989398,41.93164142,-87.746719911,"(41.93164142040689, -87.7467199106462)"
LAFAYETTE AND 87TH,2502,8700 S LAFAYETTE AVEN,12/30/2017,10,1177417.493180297,1847243.988223464,41.73616511,-87.625587569,"(41.73616511008592, -87.62558756899932)"
PULASKI AND LAWRENCE,1172,4800 N PULASKI ROAD,01/04/2018,1,1148821.701520117,1931605.974570937,41.968262595,-87.728175316,"(41.968262595100775, -87.7281753157596)"
HOLLYWOOD AND SHERIDAN,1344,1000 W HOLLYWOOD AVE,12/30/2017,16,1168580.228926466,1938090.295189338,41.985649799,-87.655335807,"(41.98564979859328, -87.65533580655139)"
31ST ST AND MARTIN LUTHER KING DRIVE,2123,400 E 31ST STREET,01/04/2018,2,1179437.985396417,1884565.84226022,41.838534018,-87.617046113,"(41.838534018118914, -87.61704611345726)"
IRVING PARK AND NARRAGANSETT,1024,6400 W IRVING PK,01/04/2018,4,1132945.939118726,1925946.304925137,41.953024751,-87.786683238,"(41.95302475075328, -87.78668323766634)"
LAFAYETTE AND 87TH,2502,8700 S LAFAYETTE AVEN,01/04/2018,12,1177417.493180297,1847243.988223464,41.73616511,-87.625587569,"(41.73616511008592, -87.62558756899932)"
IRVING PARK AND NARRAGANSETT,1024,6400 W IRVING PK,04/18/2017,2,1132945.939118726,1925946.304925137,41.953024751,-87.786683238,"(41.95302475075328, -87.78668323766634)"
DIVERSEY AND WESTERN,1434,2400 W DIVERSEY AVENUE,01/04/2018,1,1159859.648423836,1918576.255784305,41.932287183,-87.687950093,"(41.93228718299094, -87.6879500934122)"
WENTWORTH AND GARFIELD,2261,5500 S WENTWORTH AVEN,01/04/2018,12,,,,,
STATE AND 79TH,2654,1 E 79TH STREET,01/04/2018,28,1177680.113652821,1852598.313477786,41.750852096,-87.624463832,"(41.75085209551078, -87.62446383210285)"
ELSTON AND IRVING PARK,1502,4000 N ELSTON AVENUE,01/04/2018,3,1151273.974828198,1926311.849469842,41.953687266,-87.719297882,"(41.95368726563273, -87.71929788151473)"
LAWRENCE AND WESTERN,1193,2400 W LAWRENCE AVENUE,01/04/2018,4,1159482.648570304,1931851.989492596,41.968724349,-87.688968727,"(41.96872434882172, -87.68896872699601)"
VAN BUREN AND WESTERN,2052,400 S WESTERN AVENUE,12/31/2017,45,1160431.682297829,1898091.942371589,41.876064776,-87.686415631,"(41.87606477642526, -87.68641563098768)"
KEDZIE AND 31ST,2132,3100 S KEDZIE AVENUE,03/24/2017,5,1155483.167539854,1883867.660503274,41.837132671,-87.704967115,"(41.837132671422296, -87.70496711478727)"
31ST ST AND MARTIN LUTHER KING DRIVE,2121,3100 S DR MARTIN L KING,01/04/2018,3,,,,,
MILWAUKEE AND CENTRAL,3022,5232 N MILWAUKEE AVE,12/18/2017,4,1138074.161743901,1934115.431678809,41.975350275,-87.767632985,"(41.97535027477604, -87.76763298459159)"
119TH AND HALSTED,2404,800 W 119TH STREET,12/23/2017,2,1173111.174088158,1825985.001014405,41.677923389,-87.641989646,"(41.677923389134385, -87.64198964584013)"
SACRAMENTO AND CHICAGO,1814,3000 W CHICAGO AVENUE,12/23/2017,4,1156075.266375505,1905216.604770718,41.895704525,-87.702218524,"(41.895704524946225, -87.70221852353758)"
OGDEN AND KOSTNER,2222,2348 S KOSTNER AVENUE,12/23/2017,5,1147394.548182079,1887795.177782082,41.848068845,-87.734547457,"(41.8480688449598, -87.73454745748458)"
PULASKI AND ARMITAGE,1844,4000 W ARMITAGE AVENUE,12/23/2017,4,1149375.428872108,1913028.984273181,41.917275069,-87.726622746,"(41.91727506940875, -87.72662274644799)"
71ST AND ASHLAND,2394,1600 W 71ST,12/23/2017,9,1166890.012333149,1857674.2502247,41.765018306,-87.66385923,"(41.76501830555763, -87.66385923012646)"
CENTRAL AND MILWAUKEE,3032,5232 N CENTRAL AVE,12/23/2017,5,1137802.482559734,1934544.360556488,41.976532211,-87.768621661,"(41.976532211352456, -87.76862166095856)"
119TH AND HALSTED,2402,11900 S HALSTED,12/23/2017,9,1173094.774616191,1825911.054609338,41.677720829,-87.642051845,"(41.67772082924762, -87.64205184498218)"
31ST ST AND MARTIN LUTHER KING DRIVE,2121,3100 S DR MARTIN L KING,12/23/2017,8,,,,,
ELSTON AND ADDISON,1402,3600 N ELSTON AVE,12/23/2017,1,1154106.95251778,1923731.036211081,41.946549165,-87.708952626,"(41.94654916480637, -87.70895262603513)"
55TH AND WESTERN,2213,2400 W 55TH STREET,12/23/2017,3,1161277.012730599,1868185.749490228,41.793981347,-87.684141741,"(41.7939813465735, -87.68414174128355)"
CALIFORNIA AND DIVERSEY,1513,2800 W DIVERSEY,12/23/2017,1,1157212.54253358,1918526.674434943,41.932205395,-87.697679244,"(41.93220539506452, -87.6976792438691)"
PULASKI AND DIVISION,1802,1200 N PULASKI ROAD,12/23/2017,4,1149459.590666926,1907723.219884254,41.902713902,-87.726451457,"(41.902713901936174, -87.72645145715836)"
KEDZIE AND 26TH,2381,2600 S KEDZIE AVENUE,12/23/2017,1,1155404.235510285,1886524.460033054,41.844424831,-87.705185452,"(41.84442483084393, -87.70518545233183)"
WESTERN AND ADDISON,1563,2400 W ADDISON,12/23/2017,2,1159719.041544334,1923878.577275797,41.946839991,-87.688320193,"(41.9468399910054, -87.68832019252964)"
COTTAGE GROVE AND 71ST,2571,7100 S COTTAGE GROVE,12/23/2017,4,1182746.23698699,1858088.011064538,41.765800351,-87.605729127,"(41.76580035131893, -87.6057291269901)"
STONEY ISLAND AND 79TH,2464,1600 E 79TH ST,12/23/2017,2,1188284.704439907,1852964.829047574,41.751611523,-87.585592284,"(41.75161152327319, -87.58559228428787)"
ASHLAND AND DIVISION,1791,1200 N ASHLAND AVENUE,12/23/2017,11,1165466.997046718,1908083.767015974,41.903377468,-87.667643142,"(41.903377467566784, -87.66764314227497)"
HALSTED AND 95TH,2581,9500 S HALSTED STREET,05/26/2017,4,1172610.538363645,1841811.61926207,41.721365061,-87.643358042,"(41.72136506078306, -87.64335804234075)"
SHERIDAN AND FOSTER,1134,1000 W FOSTER AVE,12/23/2017,1,1168689.247756979,1934758.578141654,41.976505116,-87.655031882,"(41.97650511595711, -87.65503188224778)"
HALSTED AND MADISON,1872,1 N HALSTED STREET,12/23/2017,3,1171090.967986833,1900270.454015136,41.881815632,-87.647214717,"(41.88181563164203, -87.64721471704077)"
WESTERN AND NORTH,1851,1600 N WESTERN AVE,12/25/2016,3,1160077.474351131,1910605.013316134,41.910409024,-87.687370268,"(41.91040902362901, -87.687370268401)"
LAKE SHORE DR AND BELMONT,1412,3200 N LAKESHORE DRIV,12/23/2017,20,1173053.220555078,1921821.380831705,41.940909163,-87.63936916,"(41.94090916326764, -87.63936915995522)"
55TH and PULASKI,2242,5500 S PULASKI,03/20/2017,1,1150600.072649439,1867806.44512718,41.793155061,-87.723303765,"(41.793155060731024, -87.72330376464247)"
PULASKI AND BELMONT,1382,3200 N PULASKI RD,12/23/2017,4,1149125.621478734,1920994.556178086,41.939138154,-87.72733371,"(41.939138153500274, -87.7273337101426)"
WESTERN AND ADDISON,1562,3600 N WESTERN AVENUE,12/23/2017,1,1159695.573342728,1923871.086283556,41.94681992,-87.688406662,"(41.94681991986288, -87.68840666206194)"
CICERO AND ARMITAGE,2001,2000 N CICERO AVENUE,12/23/2017,3,1144031.525719004,1912881.8300295,41.916973325,-87.746260223,"(41.91697332451097, -87.74626022251057)"
STONY ISLAND/CORNELL AND 67TH,2721,6700 S STONY ISLAND A,12/23/2017,3,1187984.143047539,1860863.338367666,41.773292896,-87.586442368,"(41.77329289585066, -87.58644236831432)"
55TH AND KEDZIE,2162,5500 S KEDZIE AVENUE,12/23/2017,1,1155945.854705238,1867941.621374192,41.793420237,-87.703697508,"(41.793420236755864, -87.70369750845424)"
PETERSON AND WESTERN,1014,2400 W PETERSON,12/23/2017,7,1159214.211316277,1939825.301874586,41.99060901,-87.689735481,"(41.990609009807294, -87.68973548092968)"
WESTERN AND 79TH,2481,7900 S WESTERN AVE,12/23/2017,1,1161711.516404028,1852181.685686118,41.750054934,-87.682992203,"(41.750054933649984, -87.68299220290213)"
SACRAMENTO AND CHICAGO,1812,800 N SACRAMENTO AVEN,12/23/2017,2,1156039.008141929,1905193.084100581,41.895640714,-87.702352328,"(41.89564071387542, -87.70235232767416)"
63RD AND STATE,2714,1 E 63RD ST,12/23/2017,2,1177367.518733101,1863199.17768559,41.779949105,-87.625289553,"(41.779949104569106, -87.62528955333775)"
ELSTON AND ADDISON,1403,3216 W ADDISON ST,12/23/2017,5,1154199.729816868,1923799.345386665,41.946734755,-87.708609774,"(41.946734754927796, -87.7086097735515)"
ASHLAND AND LAWRENCE,1143,1600 W LAWRENCE AVENUE,12/23/2017,2,1164771.946929007,1931988.254061312,41.968987457,-87.669516307,"(41.96898745654617, -87.66951630654926)"
ELSTON AND IRVING PARK,1503,3700 W IRVING PARK ROA,12/23/2017,9,,,,,
LAWRENCE AND CICERO,1041,4800 N CICERO AVE,12/23/2017,12,1143464.651785526,1931490.551883203,41.968048007,-87.747875985,"(41.968048007293845, -87.74787598468126)"
CENTRAL AND LAKE,1743,5600 W LAKE STREET,12/23/2017,4,1138951.495695032,1902230.510465733,41.887838735,-87.765183663,"(41.887838735330206, -87.76518366338465)"
ELSTON AND LAWRENCE,1282,4800 N ELSTON AVENUE,12/23/2017,5,1145529.344259918,1931501.601268983,41.968039361,-87.740283894,"(41.96803936143674, -87.74028389448999)"
ROOSEVELT AND KOSTNER,2323,4400 W ROOSEVELT,12/23/2017,4,1147200.963258796,1894379.538078088,41.866140868,-87.73508956,"(41.866140867641654, -87.73508956008207)"
KEDZIE AND 47TH,2104,3200 W 47TH ST,12/23/2017,3,1155815.231505056,1873336.169728074,41.808226246,-87.704031672,"(41.808226246244026, -87.70403167215984)"
WESTERN AND FOSTER,1074,2400 W FOSTER AVE,12/23/2017,5,1159379.402846887,1934502.712486132,41.97600019,-87.689275084,"(41.97600018976586, -87.68927508385399)"
CICERO AND ARMITAGE,2003,4800 W ARMITAGE AVENUE,12/23/2017,1,1144054.25126508,1912907.00926109,41.917041992,-87.746176095,"(41.91704199201953, -87.74617609464687)"
NORTHWEST HIGHWAY AND FOSTER,3002,5200 N NORTHWEST HWY,12/23/2017,1,1137806.147689466,1934042.034460217,41.975153719,-87.76862036,"(41.975153718866956, -87.76862036015007)"
35TH AND WESTERN,2092,3500 S WESTERN,12/23/2017,5,1160894.949857101,1881376.851112895,41.830187255,-87.685177925,"(41.83018725526863, -87.68517792510231)"
WESTERN AND CERMAK,1003,2400 W CERMAK ROAD,12/23/2017,1,1160678.000607329,1889375.645335924,41.852141307,-87.685752642,"(41.85214130680468, -87.6857526415569)"
31ST ST AND MARTIN LUTHER KING DRIVE,2123,400 E 31ST STREET,12/23/2017,10,1179437.985396417,1884565.84226022,41.838534018,-87.617046113,"(41.838534018118914, -87.61704611345726)"
ARCHER AND CICERO,2081,5200 S CICERO AVE,12/23/2017,25,1145195.931989777,1869737.708306623,41.798558278,-87.743071866,"(41.798558278193305, -87.74307186616427)"
LAWRENCE AND WESTERN,1193,2400 W LAWRENCE AVENUE,12/23/2017,3,1159482.648570304,1931851.989492596,41.968724349,-87.688968727,"(41.96872434882172, -87.68896872699601)"
DIVISION AND DAMEN,1734,2000 W DIVISION,12/23/2017,7,1162815.710860194,1908034.672555531,41.903298793,-87.677383247,"(41.903298792681944, -87.67738324739636)"
PULASKI AND ARCHER,2154,5000 S ARCHER AVE,12/23/2017,2,1150501.818909837,1871162.311703322,41.802365973,-87.723576766,"(41.80236597333895, -87.72357676611004)"
WESTERN AND 63RD,2373,2400 W 63RD ST,12/23/2017,1,1161444.415758584,1862848.534703658,41.779331844,-87.683675761,"(41.77933184429814, -87.68367576084798)"
LAKE SHORE DR AND BELMONT,1413,400 W BELMONT AVE,12/23/2017,36,1172981.744869382,1921577.376128802,41.940241193,-87.639639114,"(41.94024119325571, -87.63963911427594)"
MONTROSE AND WESTERN,1224,2400 W MONTROSE AVENUE,11/19/2016,2,1159562.971802959,1929191.337701253,41.961421726,-87.68874698,"(41.961421726406314, -87.68874697983858)"
CENTRAL AND MILWAUKEE,3032,5232 N CENTRAL AVE,12/18/2017,4,1137802.482559734,1934544.360556488,41.976532211,-87.768621661,"(41.976532211352456, -87.76862166095856)"
ASHLAND AND FULLERTON,1652,2400 N ASHLAND AVENUE,12/23/2017,4,1165228.073342838,1916032.319169157,41.92519389,-87.668294363,"(41.92519388981048, -87.66829436339881)"
CICERO AND ADDISON,1612,3600 N CICERO AVENUE,12/23/2017,5,1143698.904601495,1923517.005821035,41.946163524,-87.747215169,"(41.94616352362556, -87.74721516897007)"
DIVERSEY AND WESTERN,1431,2800 N WESTERN AVENUE,12/23/2017,1,1159837.205417355,1918550.506189309,41.932216988,-87.688033281,"(41.93221698794738, -87.68803328089533)"
MILWAUKEE AND DEVON,1272,6400 N MILWAUKEE AVEN,05/25/2017,1,1132463.750397878,1942107.911507627,41.997382173,-87.788077674,"(41.99738217345368, -87.78807767391953)"
HAMLIN AND MADISON,1903,3800 W MADISON STREET,12/23/2017,15,1151032.709141294,1899784.033986533,41.880897273,-87.720881226,"(41.880897273491264, -87.72088122613924)"
71ST AND ASHLAND,2391,7100 S ASHLAND,12/23/2017,2,1166868.379865725,1857616.168087255,41.764859382,-87.663940176,"(41.764859382425385, -87.66394017630476)"
PULASKI AND CHICAGO,1983,4000 W CHICAGO AVENUE,12/23/2017,6,1149561.855939692,1905086.596446259,41.895476752,-87.72614436,"(41.89547675163723, -87.72614435991626)"
IRVING PARK AND KILPATRICK,2764,4700 W IRVING PARK ROA,12/23/2017,2,,,,,
SACRAMENTO AND LAKE,1821,150 N SACRAMENTO BOUL,12/23/2017,1,1156319.560664766,1900957.489351962,41.884012178,-87.701436479,"(41.88401217771363, -87.7014364786693)"
55TH and PULASKI,2244,4000 W 55TH ST,12/23/2017,4,1150621.676903861,1867864.274865394,41.793313334,-87.723223038,"(41.79331333358753, -87.72322303812588)"
PULASKI AND FOSTER,1104,4000 W FOSTER AVE,12/23/2017,7,1148759.16134887,1934294.249006446,41.975640616,-87.728335469,"(41.975640616231914, -87.72833546926573)"
DIVERSEY AND WESTERN,1434,2400 W DIVERSEY AVENUE,12/23/2017,1,1159859.648423836,1918576.255784305,41.932287183,-87.687950093,"(41.93228718299094, -87.6879500934122)"
IRVING PARK AND NARRAGANSETT,1023,6400 W IRVING PK,12/23/2017,4,1132945.939118726,1925946.304925137,41.953024751,-87.786683238,"(41.95302475075328, -87.78668323766634)"
PULASKI AND 63RD,2342,6300 S PULASKI RD,12/23/2017,5,1150746.00309079,1862516.747695325,41.778636469,-87.722906356,"(41.77863646878099, -87.72290635568541)"
PULASKI AND FULLERTON,1484,4000 W FULLERTON AVE,12/23/2017,2,1149303.081963737,1915695.275222648,41.924593022,-87.726819268,"(41.92459302175305, -87.7268192684032)"
PULASKI AND IRVING PARK,1574,4000 W IRVING PARK RD,12/23/2017,9,1148988.727877253,1926320.954938409,41.953756874,-87.727698513,"(41.95375687447515, -87.72769851312907)"
TOUHY AND OSCEOLA,1243,7432 W TOUHY AVENUE,12/23/2017,4,1125717.010560011,1947269.685461107,42.011661765,-87.812781431,"(42.01166176507329, -87.81278143114147)"
LAWRENCE AND CICERO,1042,4800 N CICERO AVENUE,12/23/2017,3,1143464.651785526,1931490.551883203,41.968048007,-87.747875985,"(41.968048007293845, -87.74787598468126)"
CALIFORNIA AND PETERSON,1311,6000 N CALIFORNIA AVE,12/23/2017,2,1156545.742699118,1939775.775541795,41.990527717,-87.699552084,"(41.990527717148176, -87.69955208405155)"
CENTRAL AND IRVING PARK,1183,5600 W IRVING PARK ROAD,12/23/2017,7,1138281.535484986,1926078.647777633,41.953292847,-87.767065708,"(41.953292847298, -87.76706570775266)"
WESTERN AND DEVON,1211,6400 N WESTERN AVENUE,12/23/2017,2,1159113.585759434,1942451.622367891,41.997817807,-87.690033035,"(41.997817807026, -87.69003303469276)"
CENTRAL AND BELMONT,1602,3200 N CENTRAL AVENUE,12/23/2017,3,1138430.432324593,1920731.654410336,41.938617463,-87.766648297,"(41.938617463272884, -87.76664829683827)"
KIMBALL AND DIVERSEY,1581,2800 N KIMBALL AVENUE,12/23/2017,5,,,,,
KOSTNER AND NORTH,2013,4400 W NORTH,12/23/2017,6,1146738.551618032,1910309.595368032,41.909863573,-87.736380296,"(41.90986357340246, -87.73638029605371)"
CICERO AND CHICAGO,1781,800 N CICERO AVENUE,12/23/2017,10,1144169.162482127,1904893.189220372,41.895049038,-87.745955516,"(41.89504903796389, -87.74595551626888)"
KEDZIE AND ARMITAGE,1834,3200 W ARMITAGE AVENUE,12/23/2017,1,1154700.851347995,1913153.252187904,41.917511023,-87.707053639,"(41.91751102291878, -87.7070536388797)"
LAWRENCE AND WESTERN,1192,4800 N WESTERN AVENUE,12/23/2017,2,1159459.622430471,1931821.342623414,41.968640727,-87.689054241,"(41.96864072747715, -87.6890542408374)"
LARAMIE AND MADISON,2044,5200 W MADISON STREET,12/23/2017,14,1141706.965522802,1899567.55684314,41.880480752,-87.755130433,"(41.88048075170171, -87.75513043296509)"
IRVING PARK AND NARRAGANSETT,1024,6400 W IRVING PK,12/23/2017,3,1132945.939118726,1925946.304925137,41.953024751,-87.786683238,"(41.95302475075328, -87.78668323766634)"
CICERO AND FULLERTON,1472,2400 N CICERO AVE,12/23/2017,3,1143961.592189569,1915545.343094087,41.92428359,-87.74645019,"(41.92428358982701, -87.74645019028947)"
DAMEN AND 63RD,2702,6300 S DAMEN AVENUE,12/23/2017,4,1164069.407943298,1862830.277442834,41.779226921,-87.674052731,"(41.77922692069256, -87.67405273137854)"
DAMEN AND 63RD,2701,6300 S DAMEN AVENUE,12/23/2017,3,1164069.407943298,1862830.277442834,41.779226921,-87.674052731,"(41.77922692069256, -87.67405273137854)"
HAMLIN AND MADISON,1901,0 N HAMLIN BOULEVARD,12/23/2017,6,,,,,
ARCHER AND CICERO,2084,5400 S ARCHER AVE,12/23/2017,12,1145209.426392053,1869810.657411975,41.798758208,-87.743020541,"(41.798758207843264, -87.74302054146467)"
WESTERN AND MARQUETTE,2672,6700 S WESTERN AVENUE,12/23/2017,15,1161488.747635042,1860134.788366884,41.771884028,-87.683588402,"(41.77188402771193, -87.68358840206334)"
ROOSEVELT AND HALSTED,2234,800 W ROOSEVELT ROAD,12/23/2017,10,1171199.282357741,1894968.056393724,41.867263098,-87.646972686,"(41.86726309836901, -87.64697268601648)"
CERMAK AND PULASKI,2332,2200 S PULASKI,12/23/2017,5,1150012.876838243,1889071.75851865,41.851521442,-87.724904787,"(41.85152144233116, -87.7249047867499)"
111TH AND HALSTED,2422,11100 S HALSTED ST,12/23/2017,11,1172923.657689312,1831209.044179248,41.692263123,-87.642522688,"(41.692263123425136, -87.6425226876268)"
ROOSEVELT AND PULASKI,2311,1200 S PULASKI ROAD,12/23/2017,3,1149866.002247864,1894375.839200384,41.866079337,-87.725305995,"(41.86607933722178, -87.7253059948758)"
CALIFORNIA AND DEVON,1321,6400 N CALIFORNIA AVE,12/23/2017,2,1156461.150245401,1942370.37710537,41.997649133,-87.699792629,"(41.997649133049336, -87.69979262891378)"
DIVISION AND DAMEN,1733,2000 W DIVISION,12/23/2017,5,1162815.710860194,1908034.672555531,41.903298793,-87.677383247,"(41.903298792681944, -87.67738324739636)"
119TH AND HALSTED,2404,800 W 119TH STREET,05/27/2017,6,1173111.174088158,1825985.001014405,41.677923389,-87.641989646,"(41.677923389134385, -87.64198964584013)"
CALIFORNIA AND DIVERSEY,1514,2800 W DIVERSEY,12/23/2017,20,1157212.54253358,1918526.674434943,41.932205395,-87.697679244,"(41.93220539506452, -87.6976792438691)"
CENTRAL AND LAKE,1742,400 N CENTRAL AVENUE,12/23/2017,3,1138928.478257537,1902217.926149854,41.887804621,-87.765268498,"(41.88780462053497, -87.76526849810371)"
CICERO AND DIVERSEY,1694,4800 W DIVERSEY AVENUE,12/23/2017,1,1143869.848167704,1918226.043989398,41.93164142,-87.746719911,"(41.93164142040689, -87.7467199106462)"
ROOSEVELT AND KOSTNER,2321,1200 S KOSTNER,12/23/2017,7,1147196.304001978,1894305.883269746,41.865938839,-87.735108549,"(41.8659388389088, -87.73510854901264)"
CENTRAL AND IRVING PARK,1182,4000 N CENTRAL AVENUE,12/23/2017,3,1138258.614129764,1926071.172884932,41.953272751,-87.767150151,"(41.95327275103541, -87.76715015131407)"
79TH AND KEDZIE,2443,3200 W 79TH ST,12/23/2017,5,1156402.644780165,1852104.649370984,41.749952001,-87.702448478,"(41.74995200142266, -87.70244847808695)"
OGDEN AND KOSTNER,2223,4400 W OGDEN AVENUE,12/23/2017,9,1147406.592439224,1887689.099869462,41.847777523,-87.734505969,"(41.84777752280453, -87.73450596874825)"
PULASKI AND DIVERSEY,1543,4000 W DIVERSEY AVENUE,12/23/2017,3,1149206.496130705,1918356.569267582,41.931897723,-87.72710503,"(41.9318977231462, -87.72710503045386)"
CICERO AND I55,2252,4200 S CICERO AVENUE,12/23/2017,11,1145023.742859509,1876358.276835519,41.816729387,-87.743536712,"(41.81672938674739, -87.74353671247594)"
IRVING PARK AND CALIFORNIA,1234,2800 W IRVING PARK ROA,12/23/2017,3,,,,,
MILWAUKEE AND MONTROSE,1364,5075 W MONTROSE AVENUE,12/23/2017,3,1141716.746618898,1928736.076639057,41.960522088,-87.754371424,"(41.96052208819935, -87.75437142402293)"
KOSTNER AND NORTH,2012,4400 W GRAND AVE,12/23/2017,4,1146773.519128439,1910425.663958581,41.91018141,-87.73624887,"(41.910181409597406, -87.73624887040725)"
LAFAYETTE AND 87TH,2502,8700 S LAFAYETTE AVEN,12/23/2017,26,1177417.493180297,1847243.988223464,41.73616511,-87.625587569,"(41.73616511008592, -87.62558756899932)"
KEDZIE AND 63RD,2361,6300 S KEDZIE AVE,12/23/2017,3,1156097.505177228,1862668.051775093,41.77894575,-87.703283119,"(41.77894575017997, -87.70328311900342)"
MILWAUKEE AND DEVON,1272,6400 N MILWAUKEE AVEN,12/23/2017,3,1132463.750397878,1942107.911507627,41.997382173,-87.788077674,"(41.99738217345368, -87.78807767391953)"
CORTLAND AND ASHLAND,1721,1900 N ASHLAND AVE,12/23/2017,21,1165348.084854857,1912736.454335569,41.916147281,-87.667947354,"(41.91614728095272, -87.66794735350443)"
ASHLAND AND 87TH,2452,8700 S ASHLAND AVE,12/23/2017,1,1167150.470087748,1846991.212339794,41.735696989,-87.663209544,"(41.73569698863625, -87.66320954445679)"
79TH AND HALSTED,2541,7900 S HALSTED STREET,12/23/2017,4,1172298.707400847,1852444.344822186,41.750549559,-87.644188368,"(41.750549559438944, -87.64418836784098)"
MILWAUKEE AND CENTRAL,3022,5232 N MILWAUKEE AVE,12/23/2017,17,1138074.161743901,1934115.431678809,41.975350275,-87.767632985,"(41.97535027477604, -87.76763298459159)"
PULASKI AND CHICAGO,1982,800 N PULASKI ROAD,12/23/2017,3,1149538.444844035,1905079.034990625,41.895456457,-87.726230541,"(41.895456456825386, -87.72623054051289)"
DIVERSEY AND AUSTIN,1454,6000 W DIVERSEY AVENUE,12/23/2017,5,1135895.736169343,1918029.70673837,41.931248624,-87.776028612,"(41.931248623643455, -87.77602861172493)"
FOSTER AND NORTHWEST HIGHWAY,3003,5616 W FOSTER AVE,12/23/2017,6,1137626.093281239,1934273.239128334,41.97579142,-87.769276893,"(41.975791419680704, -87.76927689293382)"
WESTERN AND CHICAGO,1941,800 N WESTERN AVE,12/23/2017,1,1160220.967978608,1905277.507115921,41.895786955,-87.686990586,"(41.89578695485361, -87.68699058611217)"
CICERO AND WASHINGTON,1892,100 N CICERO AVENUE,12/23/2017,8,1144328.984091479,1900095.170838459,41.88187971,-87.745489247,"(41.88187970991601, -87.7454892473012)"
COLUMBUS AND ILLINOIS,1951,500 N COLUMBUS DRIVE,12/23/2017,13,1178372.808407292,1903693.06016042,41.891044569,-87.620371839,"(41.891044569124276, -87.620371839074)"
FOSTER AND NAGLE,1031,5200 N NAGLE,12/23/2017,4,1132529.656558223,1934201.702060651,41.97568567,-87.788020406,"(41.97568566971868, -87.78802040620296)"
HALSTED AND FULLERTON,1704,800 W FULLERTON AVENUE,05/25/2017,5,1170525.624723311,1916208.443992778,41.925562791,-87.648823641,"(41.92556279107417, -87.64882364145232)"
PULASKI AND LAWRENCE,1172,4800 N PULASKI ROAD,12/23/2017,1,1148821.701520117,1931605.974570937,41.968262595,-87.728175316,"(41.968262595100775, -87.7281753157596)"
FOSTER AND BROADWAY,1111,5200 N BROADWAY ST,12/23/2017,6,1167334.508577915,1934714.008346532,41.976412143,-87.660015082,"(41.97641214294823, -87.66001508205365)"
PULASKI AND 79TH,2492,7900 S PULASKI ROAD,12/23/2017,3,1151054.87395657,1851842.663854121,41.749339,-87.722052091,"(41.74933900008238, -87.72205209091501)"
AUSTIN AND IRVING PARK,1163,6000 W IRVING PARK ROAD,12/23/2017,1,1135622.402636023,1926014.192063646,41.953163772,-87.776842593,"(41.95316377185154, -87.77684259284736)"
CICERO AND WASHINGTON,1891,100 N CICERO AVENUE,12/23/2017,1,1144328.984091479,1900095.170838459,41.88187971,-87.745489247,"(41.88187970991601, -87.7454892473012)"
PETERSON AND WESTERN,1011,6000 N WESTERN AVE,12/23/2017,4,1159190.625032041,1939816.75471116,41.990586042,-87.689822473,"(41.99058604241958, -87.68982247294417)"
79TH AND HALSTED,2543,800 W 79TH STREET,12/23/2017,1,1172320.105719411,1852517.9814434,41.750751157,-87.644107793,"(41.75075115747316, -87.64410779300933)"
MILWAUKEE AND CENTRAL,3022,5232 N MILWAUKEE AVE,12/19/2017,7,1138074.161743901,1934115.431678809,41.975350275,-87.767632985,"(41.97535027477604, -87.76763298459159)"
CICERO AND CHICAGO,1783,4800 W CHICAGO AVENUE,12/23/2017,1,1144175.291152764,1904916.255225279,41.895112219,-87.745932427,"(41.89511221857764, -87.74593242701515)"
WESTERN AND NORTH,1853,2400 W NORTH AVE,12/23/2017,2,1160100.839010995,1910612.783367238,41.910429862,-87.687284221,"(41.91042986235867, -87.68728422050837)"
AUSTIN AND IRVING PARK,1161,4000 N AUSTIN AVENUE,12/23/2017,10,1135599.956110927,1926006.862619986,41.953144059,-87.776925284,"(41.95314405904539, -87.77692528423394)"
87TH AND VINCENNES,2412,8700 S VINCENNES,12/23/2017,14,1172026.328989535,1847142.496643776,41.736006565,-87.645341819,"(41.73600656458518, -87.64534181897955)"
4700 WESTERN,2141,4700 S WESTERN AVENUE,12/23/2017,12,1161120.438879703,1873431.066474726,41.808378408,-87.684570717,"(41.808378407946726, -87.68457071689552)"
CHICAGO AND CLARK,1963,100 W CHICAGO AVENUE,12/23/2017,7,1175374.528739575,1905745.47783364,41.896744347,-87.631321248,"(41.896744346875806, -87.63132124815151)"
CICERO AND 47TH,2202,4700 S CICERO AVE,12/23/2017,1,1145112.150373471,1873006.659918126,41.807530373,-87.743296821,"(41.80753037289406, -87.7432968212423)"
ASHLAND AND FULLERTON,1651,2400 N ASHLAND AVENUE,12/23/2017,6,1165228.073342838,1916032.319169157,41.92519389,-87.668294363,"(41.92519388981048, -87.66829436339881)"
DAMEN AND DIVERSEY,1462,2800 N DAMEN AVENUE,12/23/2017,2,1162490.04851994,1918611.623717091,41.932329494,-87.678282719,"(41.9323294940985, -87.67828271931386)"
HALSTED AND MADISON,1872,1 N HALSTED STREET,04/18/2017,3,1171090.967986833,1900270.454015136,41.881815632,-87.647214717,"(41.88181563164203, -87.64721471704077)"
PULASKI AND IRVING PARK,1572,4000 N PULASKI ROAD,12/23/2017,1,1148970.255325552,1926313.600468643,41.953737051,-87.727766612,"(41.95373705144353, -87.72776661179896)"
PULASKI AND DIVERSEY,1542,2800 N PULASKI ROAD,12/23/2017,1,1149200.724531183,1918332.222549679,41.931831026,-87.727126873,"(41.93183102561505, -87.72712687300454)"
HALSTED AND DIVISION,1714,800 W DIVISION,12/23/2017,7,1170767.827960358,1908259.644151662,41.903745557,-87.648167011,"(41.90374555734733, -87.64816701062779)"
IRVING PARK AND LARAMIE,1534,5200 W IRVING PARK ROA,12/23/2017,2,,,,,
CENTRAL AND ADDISON,1682,3600 N CENTRAL AVENUE,12/23/2017,2,1138343.117435682,1923392.067464765,41.945919491,-87.766904594,"(41.945919490555106, -87.76690459426293)"
DAMEN AND DIVERSEY,1464,2000 W DIVERSEY PARKWAY,12/23/2017,3,1162519.714934025,1918635.417634925,41.932394164,-87.678173031,"(41.93239416403691, -87.67817303087757)"
PULASKI AND DIVISION,1801,1200 N PULASKI ROAD,12/23/2017,2,1149459.590666926,1907723.219884254,41.902713902,-87.726451457,"(41.902713901936174, -87.72645145715836)"
TOUHY AND OSCEOLA,1244,7432 W TOUHY AVENUE,12/23/2017,3,1125717.010560011,1947269.685461107,42.011661765,-87.812781431,"(42.01166176507329, -87.81278143114147)"
CALIFORNIA AND PETERSON,1313,2800 W PETERSON AVENUE,12/23/2017,4,1156569.515341857,1939784.830544118,41.990552082,-87.699464396,"(41.990552081681564, -87.69946439622785)"
KEDZIE AND ARMITAGE,1832,2000 N KEDZIE AVENUE,12/23/2017,2,1154684.031809326,1913129.496340896,41.917446172,-87.707116072,"(41.91744617191702, -87.70711607187832)"
HOLLYWOOD AND SHERIDAN,1343,1000 W HOLLYWOOD AVE,12/23/2017,4,1168580.228926466,1938090.295189338,41.985649799,-87.655335807,"(41.98564979859328, -87.65533580655139)"
AUSTIN AND ADDISON,1491,3600 N AUSTIN AVENUE,12/23/2017,4,1135691.599896458,1923335.967306169,41.945813215,-87.776652162,"(41.9458132146695, -87.77665216156436)"
FOSTER AND NORTHWEST HIGHWAY,3003,5616 W FOSTER AVE,12/19/2017,5,1137626.093281239,1934273.239128334,41.97579142,-87.769276893,"(41.975791419680704, -87.76927689293382)"
ADDISON AND HARLEM,1593,7200 W ADDISON,12/23/2017,2,1127417.488447099,1923123.407710965,41.945373358,-87.807070326,"(41.94537335809189, -87.80707032561135)"
CHICAGO AND CLARK,1964,100 W CHICAGO AVENUE,12/23/2017,4,1175374.528739575,1905745.47783364,41.896744347,-87.631321248,"(41.896744346875806, -87.63132124815151)"
SHERIDAN AND FOSTER,1132,5200 N SHERIDAN ROAD,12/23/2017,2,1168661.623718229,1934753.842272756,41.976492721,-87.655133605,"(41.97649272077833, -87.65513360456677)"
COTTAGE GROVE AND 71ST,2572,7100 S COTTAGE GROVE,12/23/2017,2,1182746.23698699,1858088.011064538,41.765800351,-87.605729127,"(41.76580035131893, -87.6057291269901)"
KEDZIE AND 71ST,2352,7100 S KEDZIE AVENUE,12/23/2017,3,1156225.540366296,1857330.103443232,41.764295037,-87.702957162,"(41.764295036756856, -87.70295716211793)"
HALSTED AND FULLERTON,1701,2400 N HALSTED STREET,12/23/2017,2,1170501.602639925,1916200.061550148,41.925540315,-87.648912156,"(41.925540315431995, -87.64891215551155)"
55TH AND KEDZIE,2163,3200 W 55TH STREET,12/23/2017,2,1155966.956993183,1868015.593764152,41.793622803,-87.703618141,"(41.79362280329978, -87.70361814062049)"
DIVERSEY AND AUSTIN,1453,6000 W DIVERSEY AVENUE,12/23/2017,1,1135895.736169343,1918029.70673837,41.931248624,-87.776028612,"(41.931248623643455, -87.77602861172493)"
KEDZIE AND 71ST,2354,3200 W 71ST STREET,12/23/2017,2,1156246.862901455,1857404.014959868,41.764497433,-87.702877023,"(41.76449743256955, -87.70287702335861)"
