KEDZIE AND ARMITAGE,1832,2000 N KEDZIE AVENUE,07/16/2017,3,1154684.031809326,1913129.496340896,41.917446172,-87.707116072,"(41.91744617191702, -87.70711607187832)"
LAWRENCE AND CICERO,1041,4800 N CICERO AVE,07/16/2017,8,1143464.651785526,1931490.551883203,41.968048007,-87.747875985,"(41.968048007293845, -87.74787598468126)"
ASHLAND AND LAWRENCE,1142,4800 N ASHLAND AVENUE,07/16/2017,5,1164751.686785145,1932001.206626392,41.96902343,-87.669590434,"(41.969023429614026, -87.66959043354217)"
CICERO AND WASHINGTON,1891,100 N CICERO AVENUE,07/16/2017,8,1144328.984091479,1900095.170838459,41.88187971,-87.745489247,"(41.88187970991601, -87.7454892473012)"
CERMAK AND PULASKI,2332,2200 S PULASKI,07/16/2017,4,1150012.876838243,1889071.75851865,41.851521442,-87.724904787,"(41.85152144233116, -87.7249047867499)"
ELSTON AND LAWRENCE,1282,4800 N ELSTON AVENUE,07/16/2017,2,1145529.344259918,1931501.601268983,41.968039361,-87.740283894,"(41.96803936143674, -87.74028389448999)"
HALSTED AND 95TH,2581,9500 S HALSTED STREET,03/02/2017,8,1172610.538363645,1841811.61926207,41.721365061,-87.643358042,"(41.72136506078306, -87.64335804234075)"
PULASKI AND LAWRENCE,1172,4800 N PULASKI ROAD,07/16/2017,1,1148821.701520117,1931605.974570937,41.968262595,-87.728175316,"(41.968262595100775, -87.7281753157596)"
CLARK AND IRVING PARK,1091,4000 N CLARK STREET,07/16/2017,4,1166736.149822904,1926699.323624709,41.954432441,-87.662446259,"(41.95443244141688, -87.66244625914061)"
KEDZIE AND 26TH,2382,2600 S KEDZIE AVENUE,07/16/2017,4,1155404.235510285,1886524.460033054,41.844424831,-87.705185452,"(41.84442483084393, -87.70518545233183)"
PULASKI AND CHICAGO,1983,4000 W CHICAGO AVENUE,07/16/2017,4,1149561.855939692,1905086.596446259,41.895476752,-87.72614436,"(41.89547675163723, -87.72614435991626)"
KEDZIE AND 47TH,2101,4700 S KEDZIE AVE,07/16/2017,6,1155791.949302478,1873270.778481327,41.808047272,-87.704118822,"(41.80804727165029, -87.70411882229871)"
IRVING PARK AND CALIFORNIA,1234,2800 W IRVING PARK ROA,03/02/2017,8,,,,,
IRVING PARK AND CALIFORNIA,1234,2800 W IRVING PARK ROA,07/16/2017,6,,,,,
4700 WESTERN,2141,4700 S WESTERN AVENUE,07/16/2017,5,1161120.438879703,1873431.066474726,41.808378408,-87.684570717,"(41.808378407946726, -87.68457071689552)"
WENTWORTH AND GARFIELD,2261,5500 S WENTWORTH AVEN,07/16/2017,10,,,,,
ELSTON AND ADDISON,1402,3600 N ELSTON AVE,07/16/2017,2,1154106.95251778,1923731.036211081,41.946549165,-87.708952626,"(41.94654916480637, -87.70895262603513)"
TOUHY AND OSCEOLA,1243,7432 W TOUHY AVENUE,07/16/2017,1,1125717.010560011,1947269.685461107,42.011661765,-87.812781431,"(42.01166176507329, -87.81278143114147)"
COLUMBUS AND ILLINOIS,1952,500 N COLUMBUS DRIVE,07/16/2017,5,1178372.808407292,1903693.06016042,41.891044569,-87.620371839,"(41.891044569124276, -87.620371839074)"
55TH and PULASKI,2244,4000 W 55TH ST,07/16/2017,1,1150621.676903861,1867864.274865394,41.793313334,-87.723223038,"(41.79331333358753, -87.72322303812588)"
MADISON AND WESTERN,1931,1 S WESTERN AVE,07/16/2017,1,1160453.827721979,1899933.703473746,41.881118279,-87.686283339,"(41.881118278833966, -87.686283338873)"
CICERO AND I55,2252,4200 S CICERO AVENUE,07/16/2017,5,1145023.742859509,1876358.276835519,41.816729387,-87.743536712,"(41.81672938674739, -87.74353671247594)"
CALIFORNIA AND DIVERSEY,1511,2800 N CALIFORNIA AVE,07/16/2017,5,1157189.355049829,1918495.644754069,41.932120719,-87.6977653,"(41.93212071910647, -87.69776530036465)"
LAKE SHORE DR AND BELMONT,1412,3200 N LAKESHORE DRIV,07/16/2017,11,1173053.220555078,1921821.380831705,41.940909163,-87.63936916,"(41.94090916326764, -87.63936915995522)"
MILWAUKEE AND MONTROSE,1362,4400 N MILWAUKEE AVEN,07/16/2017,1,1141643.943268783,1928770.256316239,41.96061723,-87.75463824,"(41.9606172296957, -87.75463824007085)"
ASHLAND AND IRVING PARK,1151,4000 N ASHLAND AVENUE,07/16/2017,2,1164899.463802581,1926665.661118925,41.954379326,-87.66919912,"(41.954379326212695, -87.66919911980419)"
KEDZIE AND 26TH,2381,2600 S KEDZIE AVENUE,05/08/2017,3,1155404.235510285,1886524.460033054,41.844424831,-87.705185452,"(41.84442483084393, -87.70518545233183)"
CENTRAL AND LAKE,1742,400 N CENTRAL AVENUE,07/16/2017,4,1138928.478257537,1902217.926149854,41.887804621,-87.765268498,"(41.88780462053497, -87.76526849810371)"
HAMLIN AND MADISON,1901,0 N HAMLIN BOULEVARD,07/16/2017,8,,,,,
HALSTED AND MADISON,1872,1 N HALSTED STREET,07/16/2017,6,1171090.967986833,1900270.454015136,41.881815632,-87.647214717,"(41.88181563164203, -87.64721471704077)"
IRVING PARK AND NARRAGANSETT,1023,6400 W IRVING PK,07/16/2017,2,1132945.939118726,1925946.304925137,41.953024751,-87.786683238,"(41.95302475075328, -87.78668323766634)"
CENTRAL AND CHICAGO,1972,800 N CENTRAL AVENUE,07/16/2017,3,1138836.562608552,1904801.732832435,41.894896579,-87.765543258,"(41.89489657939746, -87.76554325845893)"
AUSTIN AND IRVING PARK,1163,6000 W IRVING PARK ROAD,07/16/2017,4,1135622.402636023,1926014.192063646,41.953163772,-87.776842593,"(41.95316377185154, -87.77684259284736)"
FOSTER AND NAGLE,1031,5200 N NAGLE,07/16/2017,6,1132529.656558223,1934201.702060651,41.97568567,-87.788020406,"(41.97568566971868, -87.78802040620296)"
HALSTED AND FULLERTON,1701,2400 N HALSTED STREET,07/16/2017,3,1170501.602639925,1916200.061550148,41.925540315,-87.648912156,"(41.925540315431995, -87.64891215551155)"
PULASKI AND ARMITAGE,1843,4000 W ARMITAGE AVENUE,07/16/2017,3,1149375.428872108,1913028.984273181,41.917275069,-87.726622746,"(41.91727506940875, -87.72662274644799)"
ASHLAND AND LAWRENCE,1143,1600 W LAWRENCE AVENUE,07/16/2017,2,1164771.946929007,1931988.254061312,41.968987457,-87.669516307,"(41.96898745654617, -87.66951630654926)"
CICERO AND FULLERTON,1472,2400 N CICERO AVE,07/16/2017,4,1143961.592189569,1915545.343094087,41.92428359,-87.74645019,"(41.92428358982701, -87.74645019028947)"
KEDZIE AND 71ST,2352,7100 S KEDZIE AVENUE,07/16/2017,2,1156225.540366296,1857330.103443232,41.764295037,-87.702957162,"(41.764295036756856, -87.70295716211793)"
IRVING PARK AND CALIFORNIA,1233,2800 W IRVING PARK ROA,07/16/2017,3,,,,,
MADISON AND WESTERN,1934,2400 W MADISON,07/16/2017,3,1160384.621277157,1899988.655722373,41.881270504,-87.68653594,"(41.88127050428818, -87.68653594017124)"
RIDGE AND CLARK,1051,5930 N CLARK STREET,07/16/2017,1,1164554.784723473,1939388.511516442,41.98929863,-87.670104121,"(41.98929863013193, -87.67010412112992)"
HARLEM AND BELMONT,1391,3200 N HARLEM AVE,07/16/2017,5,1127481.020995451,1920467.613239239,41.938084468,-87.806896749,"(41.93808446822169, -87.80689674887883)"
LAKE SHORE DR AND BELMONT,1413,400 W BELMONT AVE,07/16/2017,58,1172981.744869382,1921577.376128802,41.940241193,-87.639639114,"(41.94024119325571, -87.63963911427594)"
MILWAUKEE AND DEVON,1274,6400 W DEVON AVENUE,07/16/2017,4,1132590.619798275,1942138.532048656,41.997463981,-87.787610243,"(41.99746398102873, -87.78761024341388)"
CLARK AND IRVING PARK,1093,1300 W IRVING PARK ROAD,07/16/2017,2,1166777.545456989,1926719.73687357,41.954487567,-87.662293496,"(41.95448756687966, -87.66229349585691)"
CICERO AND FULLERTON,1474,4800 W FULLERTON AVE,07/16/2017,4,1143967.570794243,1915568.504954477,41.924347036,-87.74642764,"(41.924347036010694, -87.74642763965628)"
HALSTED AND DIVISION,1714,800 W DIVISION,07/16/2017,3,1170767.827960358,1908259.644151662,41.903745557,-87.648167011,"(41.90374555734733, -87.64816701062779)"
STATE AND 79TH,2654,1 E 79TH STREET,03/31/2017,34,1177680.113652821,1852598.313477786,41.750852096,-87.624463832,"(41.75085209551078, -87.62446383210285)"
BELMONT AND KEDZIE,1373,3200 W BELMONT,07/16/2017,4,1154461.587940363,1921143.091003516,41.939440561,-87.707718516,"(41.93944056117365, -87.70771851630873)"
RIDGE AND CLARK,1052,5930 N CLARK STREET,07/16/2017,5,1164554.784723473,1939388.511516442,41.98929863,-87.670104121,"(41.98929863013193, -87.67010412112992)"
HALSTED AND DIVISION,1711,1200 N HALSTED,07/16/2017,10,1170746.639428735,1908242.256010774,41.903698308,-87.648245351,"(41.90369830765008, -87.64824535062563)"
LASALLE AND KINZIE,1923,140 W KINZIE,07/16/2017,3,1175048.09765242,1903028.894760294,41.889297219,-87.632601648,"(41.88929721947309, -87.63260164817305)"
LAWRENCE AND CICERO,1042,4800 N CICERO AVENUE,07/16/2017,6,1143464.651785526,1931490.551883203,41.968048007,-87.747875985,"(41.968048007293845, -87.74787598468126)"
COLUMBUS AND ILLINOIS,1951,500 N COLUMBUS DRIVE,07/16/2017,7,1178372.808407292,1903693.06016042,41.891044569,-87.620371839,"(41.891044569124276, -87.620371839074)"
CANAL AND ROOSEVELT,2291,1200 S CANAL STREET,07/16/2017,9,1173268.771030949,1894952.634878732,41.867175125,-87.639375813,"(41.86717512472001, -87.63937581258092)"
ARCHER AND CICERO,2081,5200 S CICERO AVE,07/16/2017,40,1145195.931989777,1869737.708306623,41.798558278,-87.743071866,"(41.798558278193305, -87.74307186616427)"
87TH AND VINCENNES,2412,8700 S VINCENNES,07/16/2017,19,1172026.328989535,1847142.496643776,41.736006565,-87.645341819,"(41.73600656458518, -87.64534181897955)"
KOSTNER AND NORTH,2012,4400 W GRAND AVE,07/16/2017,6,1146773.519128439,1910425.663958581,41.91018141,-87.73624887,"(41.910181409597406, -87.73624887040725)"
CICERO AND ARMITAGE,2001,2000 N CICERO AVENUE,07/16/2017,3,1144031.525719004,1912881.8300295,41.916973325,-87.746260223,"(41.91697332451097, -87.74626022251057)"
PULASKI AND DIVERSEY,1542,2800 N PULASKI ROAD,07/16/2017,4,1149200.724531183,1918332.222549679,41.931831026,-87.727126873,"(41.93183102561505, -87.72712687300454)"
WENTWORTH AND GARFIELD,2261,5500 S WENTWORTH AVEN,11/16/2016,21,,,,,
SACRAMENTO AND LAKE,1821,150 N SACRAMENTO BOUL,07/16/2017,3,1156319.560664766,1900957.489351962,41.884012178,-87.701436479,"(41.88401217771363, -87.7014364786693)"
CICERO AND CHICAGO,1781,800 N CICERO AVENUE,07/16/2017,5,1144169.162482127,1904893.189220372,41.895049038,-87.745955516,"(41.89504903796389, -87.74595551626888)"
FOSTER AND BROADWAY,1111,5200 N BROADWAY ST,07/16/2017,5,1167334.508577915,1934714.008346532,41.976412143,-87.660015082,"(41.97641214294823, -87.66001508205365)"
KEDZIE AND 31ST,,3200 W 31ST STREET,07/16/2017,1,1155487.128005646,1883943.061106793,41.8373395,-87.704950558,"(41.83733950029648, -87.70495055800411)"
ASHLAND AND FULLERTON,1651,2400 N ASHLAND AVENUE,07/16/2017,9,1165228.073342838,1916032.319169157,41.92519389,-87.668294363,"(41.92519388981048, -87.66829436339881)"
WESTERN AND MARQUETTE,2672,6700 S WESTERN AVENUE,07/16/2017,4,1161488.747635042,1860134.788366884,41.771884028,-87.683588402,"(41.77188402771193, -87.68358840206334)"
LARAMIE AND FULLERTON,1424,5200 W FULLERTON AVENUE,07/16/2017,1,1141305.554932016,1915502.611239048,41.924215797,-87.756210755,"(41.92421579723144, -87.75621075458939)"
LARAMIE AND MADISON,2043,5200 W MADISON STREET,07/16/2017,3,1141706.965522802,1899567.55684314,41.880480752,-87.755130433,"(41.88048075170171, -87.75513043296509)"
KIMBALL AND DIVERSEY,1581,2800 N KIMBALL AVENUE,07/16/2017,2,,,,,
79TH AND HALSTED,2543,800 W 79TH STREET,07/16/2017,2,1172320.105719411,1852517.9814434,41.750751157,-87.644107793,"(41.75075115747316, -87.64410779300933)"
MONTROSE AND WESTERN,1221,4400 N WESTERN AVENUE,07/16/2017,11,1159539.733234718,1929183.918095502,41.961401846,-87.688832623,"(41.961401846278505, -87.6888326227788)"
CENTRAL AND ADDISON,1682,3600 N CENTRAL AVENUE,07/16/2017,4,1138343.117435682,1923392.067464765,41.945919491,-87.766904594,"(41.945919490555106, -87.76690459426293)"
PULASKI AND 63RD,2342,6300 S PULASKI RD,07/16/2017,3,1150746.00309079,1862516.747695325,41.778636469,-87.722906356,"(41.77863646878099, -87.72290635568541)"
WESTERN AND FULLERTON,1671,2400 N WESTERN AVENUE,07/16/2017,23,1159923.309342995,1915897.778561358,41.924935944,-87.687790255,"(41.92493594409127, -87.68779025471278)"
AUSTIN AND ADDISON,1493,6000 W ADDISON STREET,07/16/2017,1,1135698.173154422,1923360.229527805,41.945879676,-87.776627421,"(41.94587967559099, -87.77662742093737)"
CICERO AND NORTH,2033,4800 W NORTH AVENUE,07/16/2017,9,1144053.733747163,1910243.80567041,41.90973389,-87.746244973,"(41.909733890131285, -87.74624497295898)"
KEDZIE AND 31ST,2134,3200 W 31ST STREET,07/16/2017,4,1155487.128005646,1883943.061106793,41.8373395,-87.704950558,"(41.83733950029648, -87.70495055800411)"
WENTWORTH AND GARFIELD,2261,5500 S WENTWORTH AVEN,03/31/2017,9,,,,,
VAN BUREN AND WESTERN,2052,400 S WESTERN AVENUE,07/16/2017,41,1160431.682297829,1898091.942371589,41.876064776,-87.686415631,"(41.87606477642526, -87.68641563098768)"
75TH AND STATE,2624,1 E 75TH STREET,07/16/2017,17,1177601.72646404,1855229.486604181,41.758074111,-87.624671658,"(41.75807411097799, -87.62467165835182)"
119TH AND HALSTED,2402,11900 S HALSTED,07/16/2017,7,1173094.774616191,1825911.054609338,41.677720829,-87.642051845,"(41.67772082924762, -87.64205184498218)"
CLARK AND FULLERTON,1631,2400 N CLARK ST,07/16/2017,3,1172749.562209477,1916238.997132859,41.925597623,-87.640650973,"(41.925597623023144, -87.64065097309872)"
55TH AND WESTERN,2212,5500 S WESTERN AVE,07/16/2017,7,1161269.521335262,1867963.111601251,41.793370554,-87.684175377,"(41.79337055433029, -87.6841753767592)"
ASHLAND AND FULLERTON,1652,2400 N ASHLAND AVENUE,07/16/2017,7,1165228.073342838,1916032.319169157,41.92519389,-87.668294363,"(41.92519388981048, -87.66829436339881)"
CALIFORNIA AND DEVON,1321,6400 N CALIFORNIA AVE,07/16/2017,3,1156461.150245401,1942370.37710537,41.997649133,-87.699792629,"(41.997649133049336, -87.69979262891378)"
ASHLAND AND 87TH,2454,1600 W 87TH ST,07/16/2017,14,1167171.941297436,1847064.855345151,41.735898617,-87.663128781,"(41.735898617066006, -87.66312878090133)"
HALSTED AND NORTH,1764,800 W NORTH AVENUE,07/16/2017,10,1170700.68422007,1910913.190749698,41.91102851,-87.648335806,"(41.91102850981186, -87.64833580602037)"
35TH AND WESTERN,2092,3500 S WESTERN,07/16/2017,9,1160894.949857101,1881376.851112895,41.830187255,-87.685177925,"(41.83018725526863, -87.68517792510231)"
WESTERN AND NORTH,1851,1600 N WESTERN AVE,07/16/2017,3,1160077.474351131,1910605.013316134,41.910409024,-87.687370268,"(41.91040902362901, -87.687370268401)"
COTTAGE GROVE AND 71ST,2572,7100 S COTTAGE GROVE,07/16/2017,1,1182746.23698699,1858088.011064538,41.765800351,-87.605729127,"(41.76580035131893, -87.6057291269901)"
99TH AND HALSTED,2433,800 W 99TH ST,07/16/2017,23,1172710.642565684,1839246.330602143,41.714323337,-87.643066714,"(41.71432333701137, -87.64306671421937)"
IRVING PARK AND LARAMIE,1533,5200 W IRVING PARK ROA,07/16/2017,5,,,,,
75TH AND STATE,2621,7500 S STATE STREET,07/16/2017,11,1177538.763040612,1855235.551345519,41.758092176,-87.624902228,"(41.75809217638291, -87.6249022282473)"
LAWRENCE AND WESTERN,1192,4800 N WESTERN AVENUE,07/16/2017,2,1159459.622430471,1931821.342623414,41.968640727,-87.689054241,"(41.96864072747715, -87.6890542408374)"
PULASKI AND ARCHER,2153,5000 S ARCHER AVE,07/16/2017,2,1150501.818909837,1871162.311703322,41.802365973,-87.723576766,"(41.80236597333895, -87.72357676611004)"
PULASKI AND FOSTER,1104,4000 W FOSTER AVE,07/16/2017,3,1148759.16134887,1934294.249006446,41.975640616,-87.728335469,"(41.975640616231914, -87.72833546926573)"
CENTRAL AND IRVING PARK,1182,4000 N CENTRAL AVENUE,07/16/2017,3,1138258.614129764,1926071.172884932,41.953272751,-87.767150151,"(41.95327275103541, -87.76715015131407)"
STONEY ISLAND AND 79TH,2464,1600 E 79TH ST,07/16/2017,3,1188284.704439907,1852964.829047574,41.751611523,-87.585592284,"(41.75161152327319, -87.58559228428787)"
CICERO AND NORTH,2034,4800 W NORTH AVENUE,07/16/2017,5,1144053.733747163,1910243.80567041,41.90973389,-87.746244973,"(41.909733890131285, -87.74624497295898)"
HALSTED AND 95TH,2582,9500 S HALSTED STREET,07/16/2017,4,1172610.538363645,1841811.61926207,41.721365061,-87.643358042,"(41.72136506078306, -87.64335804234075)"
CENTRAL AND FULLERTON,1444,5600 W FULLERTON AVENU,03/18/2017,2,1138627.279189421,1915438.969256439,41.924090199,-87.76605353,"(41.92409019883488, -87.76605353016079)"
HOLLYWOOD AND SHERIDAN,1344,1000 W HOLLYWOOD AVE,07/16/2017,1,1168580.228926466,1938090.295189338,41.985649799,-87.655335807,"(41.98564979859328, -87.65533580655139)"
WESTERN AND DEVON,1211,6400 N WESTERN AVENUE,07/16/2017,2,1159113.585759434,1942451.622367891,41.997817807,-87.690033035,"(41.997817807026, -87.69003303469276)"
JEFFERY AND 95TH,2522,9500 S JEFFERY AVE,07/16/2017,1,1191132.420601301,1842335.735988875,41.722375907,-87.575499903,"(41.72237590704101, -87.57549990332795)"
ROOSEVELT AND HALSTED,2233,800 W ROOSEVELT ROAD,07/16/2017,10,1171199.282357741,1894968.056393724,41.867263098,-87.646972686,"(41.86726309836901, -87.64697268601648)"
CERMAK AND PULASKI,2334,4000 W CERMAK,07/16/2017,4,1150018.476053666,1889120.238540361,41.851654369,-87.724882975,"(41.85165436867626, -87.7248829753078)"
HALSTED AND 95TH,2581,9500 S HALSTED STREET,07/16/2017,9,1172610.538363645,1841811.61926207,41.721365061,-87.643358042,"(41.72136506078306, -87.64335804234075)"
DAMEN AND DIVERSEY,1462,2800 N DAMEN AVENUE,07/16/2017,2,1162490.04851994,1918611.623717091,41.932329494,-87.678282719,"(41.9323294940985, -87.67828271931386)"
FULLERTON AND NARRAGANSETT,1553,6400 W FULLERTON AVENU,07/16/2017,1,1133317.594499059,1915293.661305931,41.923786189,-87.785567206,"(41.92378618871128, -87.78556720562165)"
PULASKI AND ARCHER,2154,5000 S ARCHER AVE,07/16/2017,2,1150501.818909837,1871162.311703322,41.802365973,-87.723576766,"(41.80236597333895, -87.72357676611004)"
CICERO AND HARRISON,2022,600 S CICERO AVENUE,07/16/2017,3,1144444.97442848,1896894.622216872,41.873094833,-87.745143869,"(41.873094832519136, -87.74514386884542)"
WESTERN AND FULLERTON,1671,2400 N WESTERN AVENUE,03/02/2017,14,1159923.309342995,1915897.778561358,41.924935944,-87.687790255,"(41.92493594409127, -87.68779025471278)"
HALSTED AND NORTH,1761,1600 N HALSTED STREET,07/16/2017,5,1170678.283433825,1910880.991397547,41.910940644,-87.648419043,"(41.91094064391597, -87.64841904272998)"
4700 WESTERN,2142,4700 S WESTERN AVENUE,12/28/2017,2,1161120.438879703,1873431.066474726,41.808378408,-87.684570717,"(41.808378407946726, -87.68457071689552)"
KIMBALL AND DIVERSEY,1583,3400 W DIVERSEY AVENUE,12/28/2017,2,1153211.149172713,1918454.477800566,41.932087747,-87.71238583,"(41.932087747378944, -87.71238582951281)"
DIVERSEY AND WESTERN,1431,2800 N WESTERN AVENUE,12/28/2017,3,1159837.205417355,1918550.506189309,41.932216988,-87.688033281,"(41.93221698794738, -87.68803328089533)"
HOMAN/KIMBALL AND NORTH,1771,1600 N HOMAN AVENUE,12/28/2017,3,,,,,
ASHLAND AND IRVING PARK,1153,1600 W IRVING PARK ROA,12/28/2017,2,,,,,
WESTERN AND ADDISON,1562,3600 N WESTERN AVENUE,12/28/2017,2,1159695.573342728,1923871.086283556,41.94681992,-87.688406662,"(41.94681991986288, -87.68840666206194)"
79TH AND HALSTED,2541,7900 S HALSTED STREET,12/28/2017,1,1172298.707400847,1852444.344822186,41.750549559,-87.644188368,"(41.750549559438944, -87.64418836784098)"
FULLERTON AND NARRAGANSETT,1554,6400 W FULLERTON AVENU,12/28/2017,5,1133317.594499059,1915293.661305931,41.923786189,-87.785567206,"(41.92378618871128, -87.78556720562165)"
ARCHER AND CICERO,2081,5200 S CICERO AVE,12/28/2017,6,1145195.931989777,1869737.708306623,41.798558278,-87.743071866,"(41.798558278193305, -87.74307186616427)"
HALSTED AND 95TH,2581,9500 S HALSTED STREET,12/28/2017,9,1172610.538363645,1841811.61926207,41.721365061,-87.643358042,"(41.72136506078306, -87.64335804234075)"
PULASKI AND BELMONT,1382,3200 N PULASKI RD,12/28/2017,1,1149125.621478734,1920994.556178086,41.939138154,-87.72733371,"(41.939138153500274, -87.7273337101426)"
CERMAK AND PULASKI,2332,2200 S PULASKI,12/28/2017,2,1150012.876838243,1889071.75851865,41.851521442,-87.724904787,"(41.85152144233116, -87.7249047867499)"
LASALLE AND KINZIE,1921,400 N LASALLE,12/28/2017,4,1175028.579766798,1903002.552291359,41.889225372,-87.632674115,"(41.88922537162015, -87.63267411498495)"
ASHLAND AND MADISON,1911,0 N ASHLAND AVE,12/28/2017,5,,,,,
HALSTED AND DIVISION,1711,1200 N HALSTED,12/28/2017,1,1170746.639428735,1908242.256010774,41.903698308,-87.648245351,"(41.90369830765008, -87.64824535062563)"
CICERO AND HARRISON,2023,4800 W HARRISON STREET,12/28/2017,1,1144451.867388303,1896949.561959463,41.873245464,-87.745117179,"(41.873245464379586, -87.7451171788807)"
HAMLIN AND MADISON,1903,3800 W MADISON STREET,12/28/2017,5,1151032.709141294,1899784.033986533,41.880897273,-87.720881226,"(41.880897273491264, -87.72088122613924)"
CICERO AND ARMITAGE,2003,4800 W ARMITAGE AVENUE,12/28/2017,1,1144054.25126508,1912907.00926109,41.917041992,-87.746176095,"(41.91704199201953, -87.74617609464687)"
KEDZIE AND 63RD,2361,6300 S KEDZIE AVE,12/28/2017,1,1156097.505177228,1862668.051775093,41.77894575,-87.703283119,"(41.77894575017997, -87.70328311900342)"
CLARK AND FULLERTON,1631,2400 N CLARK ST,07/17/2017,4,1172749.562209477,1916238.997132859,41.925597623,-87.640650973,"(41.925597623023144, -87.64065097309872)"
JEFFERY AND 95TH,2522,9500 S JEFFERY AVE,07/17/2017,5,1191132.420601301,1842335.735988875,41.722375907,-87.575499903,"(41.72237590704101, -87.57549990332795)"
KEDZIE AND 47TH,2101,4700 S KEDZIE AVE,07/17/2017,2,1155791.949302478,1873270.778481327,41.808047272,-87.704118822,"(41.80804727165029, -87.70411882229871)"
DAMEN AND 63RD,2702,6300 S DAMEN AVENUE,07/17/2017,3,1164069.407943298,1862830.277442834,41.779226921,-87.674052731,"(41.77922692069256, -87.67405273137854)"
CENTRAL AND FULLERTON,1444,5600 W FULLERTON AVENU,07/17/2017,3,1138627.279189421,1915438.969256439,41.924090199,-87.76605353,"(41.92409019883488, -87.76605353016079)"
ELSTON AND ADDISON,1402,3600 N ELSTON AVE,07/17/2017,3,1154106.95251778,1923731.036211081,41.946549165,-87.708952626,"(41.94654916480637, -87.70895262603513)"
DIVISION AND DAMEN,1734,2000 W DIVISION,07/17/2017,6,1162815.710860194,1908034.672555531,41.903298793,-87.677383247,"(41.903298792681944, -87.67738324739636)"
MONTROSE AND WESTERN,1221,4400 N WESTERN AVENUE,07/17/2017,4,1159539.733234718,1929183.918095502,41.961401846,-87.688832623,"(41.961401846278505, -87.6888326227788)"
87TH AND VINCENNES,2413,848 W 87TH STREET,07/17/2017,9,1172002.531006759,1847197.326168367,41.736157546,-87.6454274,"(41.73615754630335, -87.64542740049411)"
KEDZIE AND ARMITAGE,1832,2000 N KEDZIE AVENUE,07/17/2017,3,1154684.031809326,1913129.496340896,41.917446172,-87.707116072,"(41.91744617191702, -87.70711607187832)"
PULASKI AND IRVING PARK,1574,4000 W IRVING PARK RD,07/17/2017,15,1148988.727877253,1926320.954938409,41.953756874,-87.727698513,"(41.95375687447515, -87.72769851312907)"
KEDZIE AND 26TH,2381,2600 S KEDZIE AVENUE,07/17/2017,2,1155404.235510285,1886524.460033054,41.844424831,-87.705185452,"(41.84442483084393, -87.70518545233183)"
ASHLAND AND 95TH,2473,1600 W 95TH STREET,07/17/2017,6,1167323.753394196,1841755.029221382,41.721324412,-87.662724153,"(41.721324411975246, -87.66272415265087)"
PULASKI AND 63RD,2343,4000 W 63RD ST,07/17/2017,2,1150768.346768175,1862564.615405259,41.77876739,-87.722823195,"(41.778767390084305, -87.72282319530368)"
KEDZIE AND 63RD,2364,3200 W 63RD ST,07/17/2017,1,1156103.348831225,1862717.565210739,41.779081505,-87.703260365,"(41.77908150488341, -87.70326036544745)"
LARAMIE AND FULLERTON,1424,5200 W FULLERTON AVENUE,07/17/2017,1,1141305.554932016,1915502.611239048,41.924215797,-87.756210755,"(41.92421579723144, -87.75621075458939)"
63RD AND STATE,2714,1 E 63RD ST,07/17/2017,8,1177367.518733101,1863199.17768559,41.779949105,-87.625289553,"(41.779949104569106, -87.62528955333775)"
DIVERSEY AND AUSTIN,1454,6000 W DIVERSEY AVENUE,07/17/2017,3,1135895.736169343,1918029.70673837,41.931248624,-87.776028612,"(41.931248623643455, -87.77602861172493)"
PULASKI AND DIVERSEY,1542,2800 N PULASKI ROAD,07/17/2017,3,1149200.724531183,1918332.222549679,41.931831026,-87.727126873,"(41.93183102561505, -87.72712687300454)"
119TH AND HALSTED,2402,11900 S HALSTED,07/17/2017,8,1173094.774616191,1825911.054609338,41.677720829,-87.642051845,"(41.67772082924762, -87.64205184498218)"
CICERO AND I55,2251,4200 S CICERO AVENUE,07/17/2017,77,1145023.742859509,1876358.276835519,41.816729387,-87.743536712,"(41.81672938674739, -87.74353671247594)"
AUSTIN AND ADDISON,1493,6000 W ADDISON STREET,07/17/2017,3,1135698.173154422,1923360.229527805,41.945879676,-87.776627421,"(41.94587967559099, -87.77662742093737)"
MILWAUKEE AND DEVON,1272,6400 N MILWAUKEE AVEN,07/17/2017,1,1132463.750397878,1942107.911507627,41.997382173,-87.788077674,"(41.99738217345368, -87.78807767391953)"
CHICAGO AND CLARK,1963,100 W CHICAGO AVENUE,07/17/2017,10,1175374.528739575,1905745.47783364,41.896744347,-87.631321248,"(41.896744346875806, -87.63132124815151)"
KIMBALL AND DIVERSEY,1581,2800 N KIMBALL AVENUE,07/17/2017,3,,,,,
55TH AND WESTERN,2212,5500 S WESTERN AVE,07/17/2017,4,1161269.521335262,1867963.111601251,41.793370554,-87.684175377,"(41.79337055433029, -87.6841753767592)"
HOMAN/KIMBALL AND NORTH,1773,3400 W NORTH AVE,07/17/2017,11,1153386.578905125,1910465.87061722,41.910162847,-87.711953868,"(41.91016284680269, -87.71195386769125)"
ARCHER AND CICERO,2081,5200 S CICERO AVE,07/17/2017,21,1145195.931989777,1869737.708306623,41.798558278,-87.743071866,"(41.798558278193305, -87.74307186616427)"
CENTRAL AND ADDISON,1683,5600 W ADDISON STREET,07/17/2017,2,1138349.663302502,1923416.02157061,41.945985104,-87.766879952,"(41.94598510430888, -87.76687995165918)"
ASHLAND AND LAWRENCE,1142,4800 N ASHLAND AVENUE,07/17/2017,1,1164751.686785145,1932001.206626392,41.96902343,-87.669590434,"(41.969023429614026, -87.66959043354217)"
RIDGE AND CLARK,1052,5930 N CLARK STREET,07/17/2017,3,1164554.784723473,1939388.511516442,41.98929863,-87.670104121,"(41.98929863013193, -87.67010412112992)"
PULASKI AND NORTH,1992,1600 N PULASKI AVENUE,07/17/2017,4,1149432.959240306,1910369.112502195,41.90997501,-87.726480523,"(41.909975010236906, -87.72648052306623)"
LASALLE AND KINZIE,1921,400 N LASALLE,07/17/2017,3,1175028.579766798,1903002.552291359,41.889225372,-87.632674115,"(41.88922537162015, -87.63267411498495)"
COLUMBUS AND ILLINOIS,1951,500 N COLUMBUS DRIVE,07/17/2017,7,1178372.808407292,1903693.06016042,41.891044569,-87.620371839,"(41.891044569124276, -87.620371839074)"
WENTWORTH AND GARFIELD,2261,5500 S WENTWORTH AVEN,07/17/2017,12,,,,,
ELSTON AND IRVING PARK,1502,4000 N ELSTON AVENUE,07/17/2017,2,1151273.974828198,1926311.849469842,41.953687266,-87.719297882,"(41.95368726563273, -87.71929788151473)"
WESTERN AND FOSTER,1072,5200 N WESTERN AVE,07/17/2017,3,1159372.922497116,1934478.313674003,41.975933372,-87.689299589,"(41.97593337199358, -87.6892995891816)"
WESTERN AND CERMAK,1002,2200 S WESTERN AVENUE,07/17/2017,2,1160669.42562757,1889318.196820393,41.85198384,-87.685785704,"(41.85198383957328, -87.68578570420526)"
ROOSEVELT AND KOSTNER,2323,4400 W ROOSEVELT,07/17/2017,6,1147200.963258796,1894379.538078088,41.866140868,-87.73508956,"(41.866140867641654, -87.73508956008207)"
KEDZIE AND 71ST,2352,7100 S KEDZIE AVENUE,07/17/2017,1,1156225.540366296,1857330.103443232,41.764295037,-87.702957162,"(41.764295036756856, -87.70295716211793)"
LAWRENCE AND WESTERN,1193,2400 W LAWRENCE AVENUE,07/17/2017,2,1159482.648570304,1931851.989492596,41.968724349,-87.688968727,"(41.96872434882172, -87.68896872699601)"
CHICAGO AND CLARK,1964,100 W CHICAGO AVENUE,07/17/2017,7,1175374.528739575,1905745.47783364,41.896744347,-87.631321248,"(41.896744346875806, -87.63132124815151)"
FULLERTON AND NARRAGANSETT,1553,6400 W FULLERTON AVENU,07/17/2017,2,1133317.594499059,1915293.661305931,41.923786189,-87.785567206,"(41.92378618871128, -87.78556720562165)"
CENTRAL AND LAKE,1742,400 N CENTRAL AVENUE,04/20/2017,2,1138928.478257537,1902217.926149854,41.887804621,-87.765268498,"(41.88780462053497, -87.76526849810371)"
HALSTED AND FULLERTON,1704,800 W FULLERTON AVENUE,07/17/2017,3,1170525.624723311,1916208.443992778,41.925562791,-87.648823641,"(41.92556279107417, -87.64882364145232)"
PULASKI AND DIVISION,1801,1200 N PULASKI ROAD,07/17/2017,6,1149459.590666926,1907723.219884254,41.902713902,-87.726451457,"(41.902713901936174, -87.72645145715836)"
TOUHY AND OSCEOLA,1243,7432 W TOUHY AVENUE,07/17/2017,1,1125717.010560011,1947269.685461107,42.011661765,-87.812781431,"(42.01166176507329, -87.81278143114147)"
PULASKI AND DIVERSEY,1543,4000 W DIVERSEY AVENUE,07/17/2017,4,1149206.496130705,1918356.569267582,41.931897723,-87.72710503,"(41.9318977231462, -87.72710503045386)"
ROOSEVELT AND HALSTED,2233,800 W ROOSEVELT ROAD,07/17/2017,7,1171199.282357741,1894968.056393724,41.867263098,-87.646972686,"(41.86726309836901, -87.64697268601648)"
LAWRENCE AND CICERO,1042,4800 N CICERO AVENUE,07/17/2017,7,1143464.651785526,1931490.551883203,41.968048007,-87.747875985,"(41.968048007293845, -87.74787598468126)"
BELMONT AND KEDZIE,1371,3200 N KEDZIE AVENUE,07/17/2017,3,1154426.977874407,1921110.466549542,41.93935173,-87.707846594,"(41.93935173030961, -87.70784659359776)"
CICERO AND ARMITAGE,2003,4800 W ARMITAGE AVENUE,07/17/2017,1,1144054.25126508,1912907.00926109,41.917041992,-87.746176095,"(41.91704199201953, -87.74617609464687)"
CICERO AND 47TH,2204,4800 W 47TH ST,07/17/2017,7,1145130.048925744,1873078.44198302,41.807727017,-87.743229366,"(41.80772701677172, -87.74322936566276)"
WESTERN AND CERMAK,1003,2400 W CERMAK ROAD,07/17/2017,1,1160678.000607329,1889375.645335924,41.852141307,-87.685752642,"(41.85214130680468, -87.6857526415569)"
87TH AND VINCENNES,2412,8700 S VINCENNES,07/17/2017,6,1172026.328989535,1847142.496643776,41.736006565,-87.645341819,"(41.73600656458518, -87.64534181897955)"
ADDISON AND HARLEM,1593,7200 W ADDISON,07/17/2017,1,1127417.488447099,1923123.407710965,41.945373358,-87.807070326,"(41.94537335809189, -87.80707032561135)"
HOLLYWOOD AND SHERIDAN,1344,1000 W HOLLYWOOD AVE,07/17/2017,6,1168580.228926466,1938090.295189338,41.985649799,-87.655335807,"(41.98564979859328, -87.65533580655139)"
CORTLAND AND ASHLAND,1723,1600 W CORTLAND ST,07/17/2017,5,1165377.660768235,1912768.773647285,41.916235337,-87.667837772,"(41.91623533746878, -87.66783777212962)"
119TH AND HALSTED,2404,800 W 119TH STREET,03/18/2017,2,1173111.174088158,1825985.001014405,41.677923389,-87.641989646,"(41.677923389134385, -87.64198964584013)"
WESTERN AND FOSTER,1074,2400 W FOSTER AVE,07/17/2017,10,1159379.402846887,1934502.712486132,41.97600019,-87.689275084,"(41.97600018976586, -87.68927508385399)"
CICERO AND ADDISON,1612,3600 N CICERO AVENUE,07/17/2017,4,1143698.904601495,1923517.005821035,41.946163524,-87.747215169,"(41.94616352362556, -87.74721516897007)"
HAMLIN AND MADISON,1901,0 N HAMLIN BOULEVARD,11/16/2016,3,,,,,
SHERIDAN AND FOSTER,1134,1000 W FOSTER AVE,07/17/2017,3,1168689.247756979,1934758.578141654,41.976505116,-87.655031882,"(41.97650511595711, -87.65503188224778)"
CORTLAND AND ASHLAND,1721,1900 N ASHLAND AVE,07/17/2017,34,1165348.084854857,1912736.454335569,41.916147281,-87.667947354,"(41.91614728095272, -87.66794735350443)"
71ST AND ASHLAND,2391,7100 S ASHLAND,07/17/2017,7,1166868.379865725,1857616.168087255,41.764859382,-87.663940176,"(41.764859382425385, -87.66394017630476)"
HALSTED AND NORTH,1761,1600 N HALSTED STREET,07/17/2017,5,1170678.283433825,1910880.991397547,41.910940644,-87.648419043,"(41.91094064391597, -87.64841904272998)"
KEDZIE AND 31ST,2134,3200 W 31ST STREET,07/17/2017,2,1155487.128005646,1883943.061106793,41.8373395,-87.704950558,"(41.83733950029648, -87.70495055800411)"
ASHLAND AND DIVISION,1791,1200 N ASHLAND AVENUE,07/17/2017,8,1165466.997046718,1908083.767015974,41.903377468,-87.667643142,"(41.903377467566784, -87.66764314227497)"
PULASKI AND ARMITAGE,1843,4000 W ARMITAGE AVENUE,07/17/2017,2,1149375.428872108,1913028.984273181,41.917275069,-87.726622746,"(41.91727506940875, -87.72662274644799)"
31ST ST AND MARTIN LUTHER KING DRIVE,2123,400 E 31ST STREET,07/17/2017,8,1179437.985396417,1884565.84226022,41.838534018,-87.617046113,"(41.838534018118914, -87.61704611345726)"
ELSTON AND LAWRENCE,1284,4440 W LAWRENCE AVENUE,07/17/2017,10,1145715.061027481,1931571.0474838,41.968226398,-87.739599251,"(41.96822639754791, -87.73959925065756)"
WESTERN AND TOUHY,1252,7200 N WESTERN AVENUE,07/17/2017,4,1158975.66256211,1947754.286963361,42.012371335,-87.690393917,"(42.012371334791766, -87.69039391737863)"
CERMAK AND PULASKI,2334,4000 W CERMAK,07/17/2017,9,1150018.476053666,1889120.238540361,41.851654369,-87.724882975,"(41.85165436867626, -87.7248829753078)"
CANAL AND ROOSEVELT,2294,500 W ROOSEVELT ROAD,07/17/2017,17,1173290.72186561,1895021.166235495,41.867362693,-87.639293195,"(41.867362692616666, -87.63929319464197)"
FULLERTON AND NARRAGANSETT,1554,6400 W FULLERTON AVENU,07/17/2017,5,1133317.594499059,1915293.661305931,41.923786189,-87.785567206,"(41.92378618871128, -87.78556720562165)"
PULASKI AND BELMONT,1382,3200 N PULASKI RD,07/17/2017,1,1149125.621478734,1920994.556178086,41.939138154,-87.72733371,"(41.939138153500274, -87.7273337101426)"
CENTRAL AND ADDISON,1682,3600 N CENTRAL AVENUE,07/17/2017,3,1138343.117435682,1923392.067464765,41.945919491,-87.766904594,"(41.945919490555106, -87.76690459426293)"
OGDEN AND KOSTNER,2222,2348 S KOSTNER AVENUE,07/17/2017,4,1147394.548182079,1887795.177782082,41.848068845,-87.734547457,"(41.8480688449598, -87.73454745748458)"
CICERO AND DIVERSEY,1691,2800 N CICERO AVENUE,07/17/2017,4,1143863.647574835,1918202.018463414,41.931575608,-87.746743301,"(41.93157560844622, -87.74674330113561)"
WESTERN AND DEVON,1211,6400 N WESTERN AVENUE,07/17/2017,1,1159113.585759434,1942451.622367891,41.997817807,-87.690033035,"(41.997817807026, -87.69003303469276)"
LASALLE AND KINZIE,1923,140 W KINZIE,11/16/2016,1,1175048.09765242,1903028.894760294,41.889297219,-87.632601648,"(41.88929721947309, -87.63260164817305)"
WESTERN AND NORTH,1851,1600 N WESTERN AVE,07/17/2017,7,1160077.474351131,1910605.013316134,41.910409024,-87.687370268,"(41.91040902362901, -87.687370268401)"
CALIFORNIA AND DEVON,1323,2800 W DEVON AVENUE,07/17/2017,2,1156484.528078038,1942377.980662191,41.997669523,-87.699706423,"(41.99766952286052, -87.69970642324591)"
HALSTED AND 95TH,2582,9500 S HALSTED STREET,07/17/2017,1,1172610.538363645,1841811.61926207,41.721365061,-87.643358042,"(41.72136506078306, -87.64335804234075)"
CICERO AND HARRISON,2023,4800 W HARRISON STREET,07/17/2017,4,1144451.867388303,1896949.561959463,41.873245464,-87.745117179,"(41.873245464379586, -87.7451171788807)"
BELMONT AND KEDZIE,1372,3200 N KEDZIE AVE,07/17/2017,17,1154426.977874407,1921110.466549542,41.93935173,-87.707846594,"(41.93935173030961, -87.70784659359776)"
AUSTIN AND ADDISON,1491,3600 N AUSTIN AVENUE,07/17/2017,2,1135691.599896458,1923335.967306169,41.945813215,-87.776652162,"(41.9458132146695, -87.77665216156436)"
LAWRENCE AND WESTERN,1192,4800 N WESTERN AVENUE,07/17/2017,3,1159459.622430471,1931821.342623414,41.968640727,-87.689054241,"(41.96864072747715, -87.6890542408374)"
ROOSEVELT AND KOSTNER,2321,1200 S KOSTNER,07/17/2017,1,1147196.304001978,1894305.883269746,41.865938839,-87.735108549,"(41.8659388389088, -87.73510854901264)"
COLUMBUS AND ILLINOIS,1952,500 N COLUMBUS DRIVE,07/17/2017,13,1178372.808407292,1903693.06016042,41.891044569,-87.620371839,"(41.891044569124276, -87.620371839074)"
ASHLAND AND FULLERTON,1651,2400 N ASHLAND AVENUE,07/17/2017,9,1165228.073342838,1916032.319169157,41.92519389,-87.668294363,"(41.92519388981048, -87.66829436339881)"
BELMONT AND KEDZIE,1373,3200 W BELMONT,07/17/2017,2,1154461.587940363,1921143.091003516,41.939440561,-87.707718516,"(41.93944056117365, -87.70771851630873)"
ELSTON AND ADDISON,1403,3216 W ADDISON ST,07/17/2017,9,1154199.729816868,1923799.345386665,41.946734755,-87.708609774,"(41.946734754927796, -87.7086097735515)"
KEDZIE AND 71ST,2354,3200 W 71ST STREET,07/17/2017,3,1156246.862901455,1857404.014959868,41.764497433,-87.702877023,"(41.76449743256955, -87.70287702335861)"
79TH AND HALSTED,2543,800 W 79TH STREET,07/17/2017,4,1172320.105719411,1852517.9814434,41.750751157,-87.644107793,"(41.75075115747316, -87.64410779300933)"
WESTERN AND MARQUETTE,2672,6700 S WESTERN AVENUE,07/17/2017,5,1161488.747635042,1860134.788366884,41.771884028,-87.683588402,"(41.77188402771193, -87.68358840206334)"
MILWAUKEE AND DEVON,1274,6400 W DEVON AVENUE,07/17/2017,3,1132590.619798275,1942138.532048656,41.997463981,-87.787610243,"(41.99746398102873, -87.78761024341388)"
WESTERN AND TOUHY,1251,7200 N WESTERN AVENUE,07/17/2017,3,1158975.66256211,1947754.286963361,42.012371335,-87.690393917,"(42.012371334791766, -87.69039391737863)"
CICERO AND FULLERTON,1474,4800 W FULLERTON AVE,07/17/2017,3,1143967.570794243,1915568.504954477,41.924347036,-87.74642764,"(41.924347036010694, -87.74642763965628)"
HARLEM AND BELMONT,1394,7200 W BELMONT AVE,07/17/2017,5,1127504.698153561,1920475.415440844,41.938105479,-87.806809552,"(41.93810547939496, -87.80680955240743)"
IRVING PARK AND CALIFORNIA,1234,2800 W IRVING PARK ROA,07/17/2017,17,,,,,
IRVING PARK AND LARAMIE,1533,5200 W IRVING PARK ROA,07/17/2017,4,,,,,
AUSTIN AND IRVING PARK,1161,4000 N AUSTIN AVENUE,07/17/2017,6,1135599.956110927,1926006.862619986,41.953144059,-87.776925284,"(41.95314405904539, -87.77692528423394)"
CICERO AND NORTH,2033,4800 W NORTH AVENUE,07/17/2017,6,1144053.733747163,1910243.80567041,41.90973389,-87.746244973,"(41.909733890131285, -87.74624497295898)"
CALIFORNIA AND PETERSON,1311,6000 N CALIFORNIA AVE,07/17/2017,2,1156545.742699118,1939775.775541795,41.990527717,-87.699552084,"(41.990527717148176, -87.69955208405155)"
CLARK AND IRVING PARK,1093,1300 W IRVING PARK ROAD,07/17/2017,3,1166777.545456989,1926719.73687357,41.954487567,-87.662293496,"(41.95448756687966, -87.66229349585691)"
115TH AND HALSTED,2553,800 W 115TH STREET,07/17/2017,4,1173010.735357888,1828632.242070332,41.685190056,-87.642279564,"(41.68519005571938, -87.64227956401977)"
CLARK AND IRVING PARK,1091,4000 N CLARK STREET,07/17/2017,2,1166736.149822904,1926699.323624709,41.954432441,-87.662446259,"(41.95443244141688, -87.66244625914061)"
CICERO AND PETERSON,1204,4800 W PETERSON AVENUE,07/17/2017,1,1143273.766829016,1939491.944645127,41.990008007,-87.748376951,"(41.99000800729908, -87.74837695118997)"
STONEY ISLAND AND 79TH,2464,1600 E 79TH ST,07/17/2017,1,1188284.704439907,1852964.829047574,41.751611523,-87.585592284,"(41.75161152327319, -87.58559228428787)"
CICERO AND I55,2252,4200 S CICERO AVENUE,07/17/2017,6,1145023.742859509,1876358.276835519,41.816729387,-87.743536712,"(41.81672938674739, -87.74353671247594)"
IRVING PARK AND CALIFORNIA,1233,2800 W IRVING PARK ROA,07/17/2017,4,,,,,
ASHLAND AND 95TH,2472,9500 S ASHLAND AVENUE,07/17/2017,7,1167295.830128711,1841695.121217916,41.721160612,-87.662828139,"(41.72116061205213, -87.66282813939165)"
PULASKI AND LAWRENCE,1172,4800 N PULASKI ROAD,07/17/2017,1,1148821.701520117,1931605.974570937,41.968262595,-87.728175316,"(41.968262595100775, -87.7281753157596)"
CICERO AND NORTH,2034,4800 W NORTH AVENUE,07/17/2017,2,1144053.733747163,1910243.80567041,41.90973389,-87.746244973,"(41.909733890131285, -87.74624497295898)"
STONY ISLAND/CORNELL AND 67TH,2721,6700 S STONY ISLAND A,03/18/2017,7,1187984.143047539,1860863.338367666,41.773292896,-87.586442368,"(41.77329289585066, -87.58644236831432)"
CICERO AND WASHINGTON,1892,100 N CICERO AVENUE,07/17/2017,9,1144328.984091479,1900095.170838459,41.88187971,-87.745489247,"(41.88187970991601, -87.7454892473012)"
LAFAYETTE AND 87TH,2502,8700 S LAFAYETTE AVEN,07/17/2017,18,1177417.493180297,1847243.988223464,41.73616511,-87.625587569,"(41.73616511008592, -87.62558756899932)"
WESTERN AND CHICAGO,1943,2400 W CHICAGO AVE,07/17/2017,2,1160226.686812944,1905300.904544474,41.895851041,-87.686968935,"(41.895851041123755, -87.68696893468467)"
LARAMIE AND MADISON,2044,5200 W MADISON STREET,07/17/2017,13,1141706.965522802,1899567.55684314,41.880480752,-87.755130433,"(41.88048075170171, -87.75513043296509)"
111TH AND HALSTED,2422,11100 S HALSTED ST,07/17/2017,3,1172923.657689312,1831209.044179248,41.692263123,-87.642522688,"(41.692263123425136, -87.6425226876268)"
CENTRAL AND LAKE,1742,400 N CENTRAL AVENUE,07/17/2017,7,1138928.478257537,1902217.926149854,41.887804621,-87.765268498,"(41.88780462053497, -87.76526849810371)"
CICERO AND 47TH,2202,4700 S CICERO AVE,07/17/2017,1,1145112.150373471,1873006.659918126,41.807530373,-87.743296821,"(41.80753037289406, -87.7432968212423)"
CICERO AND CHICAGO,1783,4800 W CHICAGO AVENUE,07/17/2017,1,1144175.291152764,1904916.255225279,41.895112219,-87.745932427,"(41.89511221857764, -87.74593242701515)"
CERMAK AND PULASKI,2332,2200 S PULASKI,07/17/2017,3,1150012.876838243,1889071.75851865,41.851521442,-87.724904787,"(41.85152144233116, -87.7249047867499)"
PULASKI AND DIVISION,1802,1200 N PULASKI ROAD,07/17/2017,10,1149459.590666926,1907723.219884254,41.902713902,-87.726451457,"(41.902713901936174, -87.72645145715836)"
CENTRAL AND FULLERTON,1442,2400 N CENTRAL AVENUE,07/17/2017,2,1138603.468418662,1915431.058212414,41.924068922,-87.766141214,"(41.92406892227644, -87.76614121413186)"
MILWAUKEE AND MONTROSE,1364,5075 W MONTROSE AVENUE,07/17/2017,6,1141716.746618898,1928736.076639057,41.960522088,-87.754371424,"(41.96052208819935, -87.75437142402293)"
PULASKI AND IRVING PARK,1572,4000 N PULASKI ROAD,07/17/2017,4,1148970.255325552,1926313.600468643,41.953737051,-87.727766612,"(41.95373705144353, -87.72776661179896)"
WESTERN AND 79TH,2481,7900 S WESTERN AVE,07/17/2017,2,1161711.516404028,1852181.685686118,41.750054934,-87.682992203,"(41.750054933649984, -87.68299220290213)"
IRVING PARK AND NARRAGANSETT,1023,6400 W IRVING PK,07/17/2017,1,1132945.939118726,1925946.304925137,41.953024751,-87.786683238,"(41.95302475075328, -87.78668323766634)"
STONEY ISLAND AND 76TH,2631,7600 S STONY ISLAND A,07/17/2017,25,1188092.796191935,1854889.354158304,41.756897173,-87.586234285,"(41.75689717260223, -87.58623428506996)"
WESTERN AND CHICAGO,1941,800 N WESTERN AVE,07/17/2017,9,1160220.967978608,1905277.507115921,41.895786955,-87.686990586,"(41.89578695485361, -87.68699058611217)"
KEDZIE AND 31ST,2132,3100 S KEDZIE AVENUE,07/17/2017,3,1155483.167539854,1883867.660503274,41.837132671,-87.704967115,"(41.837132671422296, -87.70496711478727)"
HALSTED AND 103RD,2592,10300 S HALSTED STREE,07/17/2017,10,,,,,
71ST AND ASHLAND,2394,1600 W 71ST,07/17/2017,4,1166890.012333149,1857674.2502247,41.765018306,-87.66385923,"(41.76501830555763, -87.66385923012646)"
CENTRAL AND IRVING PARK,1182,4000 N CENTRAL AVENUE,07/17/2017,2,1138258.614129764,1926071.172884932,41.953272751,-87.767150151,"(41.95327275103541, -87.76715015131407)"
LAWRENCE AND CICERO,1041,4800 N CICERO AVE,07/17/2017,1,1143464.651785526,1931490.551883203,41.968048007,-87.747875985,"(41.968048007293845, -87.74787598468126)"
HOMAN/KIMBALL AND NORTH,1771,1600 N HOMAN AVENUE,07/17/2017,2,,,,,
CENTRAL AND LAKE,1743,5600 W LAKE STREET,07/17/2017,5,1138951.495695032,1902230.510465733,41.887838735,-87.765183663,"(41.887838735330206, -87.76518366338465)"
PULASKI AND 63RD,2342,6300 S PULASKI RD,07/17/2017,5,1150746.00309079,1862516.747695325,41.778636469,-87.722906356,"(41.77863646878099, -87.72290635568541)"
CICERO AND 47TH,2202,4700 S CICERO AVE,04/20/2017,1,1145112.150373471,1873006.659918126,41.807530373,-87.743296821,"(41.80753037289406, -87.7432968212423)"
79TH AND HALSTED,2541,7900 S HALSTED STREET,07/17/2017,1,1172298.707400847,1852444.344822186,41.750549559,-87.644188368,"(41.750549559438944, -87.64418836784098)"
LAKE SHORE DR AND BELMONT,1413,400 W BELMONT AVE,07/17/2017,70,1172981.744869382,1921577.376128802,41.940241193,-87.639639114,"(41.94024119325571, -87.63963911427594)"
PULASKI AND FOSTER,1104,4000 W FOSTER AVE,11/23/2016,3,1148759.16134887,1934294.249006446,41.975640616,-87.728335469,"(41.975640616231914, -87.72833546926573)"
HALSTED AND 95TH,2581,9500 S HALSTED STREET,07/17/2017,10,1172610.538363645,1841811.61926207,41.721365061,-87.643358042,"(41.72136506078306, -87.64335804234075)"
CENTRAL AND IRVING PARK,1183,5600 W IRVING PARK ROAD,07/17/2017,1,1138281.535484986,1926078.647777633,41.953292847,-87.767065708,"(41.953292847298, -87.76706570775266)"
55TH and PULASKI,2242,5500 S PULASKI,07/17/2017,3,1150600.072649439,1867806.44512718,41.793155061,-87.723303765,"(41.793155060731024, -87.72330376464247)"
BROADWAY/SHERIDAN AND DEVON,1122,6400 N SHERIDAN ROAD,07/17/2017,7,1167087.151194129,1942658.704988689,41.998217921,-87.660695256,"(41.99821792053241, -87.6606952555721)"
FOSTER AND BROADWAY,1111,5200 N BROADWAY ST,07/17/2017,8,1167334.508577915,1934714.008346532,41.976412143,-87.660015082,"(41.97641214294823, -87.66001508205365)"
ASHLAND AND 87TH,2454,1600 W 87TH ST,07/17/2017,3,1167171.941297436,1847064.855345151,41.735898617,-87.663128781,"(41.735898617066006, -87.66312878090133)"
ASHLAND AND IRVING PARK,1151,4000 N ASHLAND AVENUE,07/17/2017,3,1164899.463802581,1926665.661118925,41.954379326,-87.66919912,"(41.954379326212695, -87.66919911980419)"
HAMLIN AND LAKE,1882,300 N HAMLIN AVENUE,07/17/2017,4,1150970.026856642,1901381.688308858,41.885282636,-87.721069539,"(41.88528263580913, -87.72106953854511)"
AUSTIN AND IRVING PARK,1163,6000 W IRVING PARK ROAD,07/17/2017,5,1135622.402636023,1926014.192063646,41.953163772,-87.776842593,"(41.95316377185154, -87.77684259284736)"
HARLEM AND BELMONT,1391,3200 N HARLEM AVE,07/17/2017,3,1127481.020995451,1920467.613239239,41.938084468,-87.806896749,"(41.93808446822169, -87.80689674887883)"
STONY ISLAND/CORNELL AND 67TH,2731,6700 S CORNELL DRIVE,07/17/2017,18,1188316.454860734,1860851.137456735,41.77325149,-87.5852246,"(41.77325148959568, -87.58522459967712)"
119TH AND HALSTED,2404,800 W 119TH STREET,07/17/2017,1,1173111.174088158,1825985.001014405,41.677923389,-87.641989646,"(41.677923389134385, -87.64198964584013)"
KIMBALL AND DIVERSEY,1583,3400 W DIVERSEY AVENUE,07/17/2017,5,1153211.149172713,1918454.477800566,41.932087747,-87.71238583,"(41.932087747378944, -87.71238582951281)"
55TH AND KEDZIE,2162,5500 S KEDZIE AVENUE,07/17/2017,3,1155945.854705238,1867941.621374192,41.793420237,-87.703697508,"(41.793420236755864, -87.70369750845424)"
SACRAMENTO AND CHICAGO,1814,3000 W CHICAGO AVENUE,07/17/2017,11,1156075.266375505,1905216.604770718,41.895704525,-87.702218524,"(41.895704524946225, -87.70221852353758)"
IRVING PARK AND KILPATRICK,2764,4700 W IRVING PARK ROA,07/17/2017,5,,,,,
LARAMIE AND MADISON,2043,5200 W MADISON STREET,07/17/2017,3,1141706.965522802,1899567.55684314,41.880480752,-87.755130433,"(41.88048075170171, -87.75513043296509)"
VAN BUREN AND WESTERN,2052,400 S WESTERN AVENUE,07/17/2017,26,1160431.682297829,1898091.942371589,41.876064776,-87.686415631,"(41.87606477642526, -87.68641563098768)"
ASHLAND AND MADISON,1911,0 N ASHLAND AVE,07/17/2017,4,,,,,
DAMEN AND DIVERSEY,1464,2000 W DIVERSEY PARKWAY,07/17/2017,4,1162519.714934025,1918635.417634925,41.932394164,-87.678173031,"(41.93239416403691, -87.67817303087757)"
KOSTNER AND NORTH,2012,4400 W GRAND AVE,07/17/2017,7,1146773.519128439,1910425.663958581,41.91018141,-87.73624887,"(41.910181409597406, -87.73624887040725)"
WESTERN AND NORTH,1853,2400 W NORTH AVE,07/17/2017,3,1160100.839010995,1910612.783367238,41.910429862,-87.687284221,"(41.91042986235867, -87.68728422050837)"
PULASKI AND CHICAGO,1983,4000 W CHICAGO AVENUE,07/17/2017,3,1149561.855939692,1905086.596446259,41.895476752,-87.72614436,"(41.89547675163723, -87.72614435991626)"
COTTAGE GROVE AND 71ST,2571,7100 S COTTAGE GROVE,07/17/2017,2,1182746.23698699,1858088.011064538,41.765800351,-87.605729127,"(41.76580035131893, -87.6057291269901)"
99TH AND HALSTED,2431,9900 S HALSTED ST,07/17/2017,15,1172689.754200318,1839171.652197216,41.714118868,-87.643145408,"(41.714118868089905, -87.64314540818165)"
4700 WESTERN,2142,4700 S WESTERN AVENUE,07/17/2017,1,1161120.438879703,1873431.066474726,41.808378408,-87.684570717,"(41.808378407946726, -87.68457071689552)"
HALSTED AND MADISON,1872,1 N HALSTED STREET,07/17/2017,1,1171090.967986833,1900270.454015136,41.881815632,-87.647214717,"(41.88181563164203, -87.64721471704077)"
MADISON AND WESTERN,1931,1 S WESTERN AVE,07/17/2017,2,1160453.827721979,1899933.703473746,41.881118279,-87.686283339,"(41.881118278833966, -87.686283338873)"
DAMEN AND DIVERSEY,1462,2800 N DAMEN AVENUE,07/17/2017,2,1162490.04851994,1918611.623717091,41.932329494,-87.678282719,"(41.9323294940985, -87.67828271931386)"
PULASKI AND FULLERTON,1481,2400 N PULASKI RD,07/17/2017,3,1149275.963864089,1915687.631931757,41.924572574,-87.726919111,"(41.92457257416937, -87.72691911144182)"
LAFAYETTE AND 87TH,2503,30 W 87TH STREET,07/17/2017,8,1177407.651800237,1847320.772058312,41.736376037,-87.625621311,"(41.736376036604916, -87.62562131092602)"
FOSTER AND BROADWAY,1111,5200 N BROADWAY ST,11/16/2016,1,1167334.508577915,1934714.008346532,41.976412143,-87.660015082,"(41.97641214294823, -87.66001508205365)"
115TH AND HALSTED,2552,11500 S HALSTED STREE,07/17/2017,3,,,,,
CICERO AND CHICAGO,1781,800 N CICERO AVENUE,07/17/2017,2,1144169.162482127,1904893.189220372,41.895049038,-87.745955516,"(41.89504903796389, -87.74595551626888)"
ASHLAND AND IRVING PARK,1153,1600 W IRVING PARK ROA,07/17/2017,2,,,,,
WESTERN AND FULLERTON,1671,2400 N WESTERN AVENUE,07/17/2017,11,1159923.309342995,1915897.778561358,41.924935944,-87.687790255,"(41.92493594409127, -87.68779025471278)"
PULASKI AND FULLERTON,1484,4000 W FULLERTON AVE,07/17/2017,4,1149303.081963737,1915695.275222648,41.924593022,-87.726819268,"(41.92459302175305, -87.7268192684032)"
ADDISON AND HARLEM,1591,3600 N HARLEM AVENUE,07/17/2017,1,1127394.594070737,1923110.532422811,41.945338412,-87.807154769,"(41.94533841246591, -87.80715476912044)"
CICERO AND PETERSON,1202,6000 N CICERO AVENUE,07/17/2017,3,1143247.733553094,1939479.342905704,41.989973915,-87.748473024,"(41.98997391514614, -87.74847302426933)"
DAMEN AND DIVERSEY,1464,2000 W DIVERSEY PARKWAY,11/16/2016,7,1162519.714934025,1918635.417634925,41.932394164,-87.678173031,"(41.93239416403691, -87.67817303087757)"
75TH AND STATE,2621,7500 S STATE STREET,07/17/2017,11,1177538.763040612,1855235.551345519,41.758092176,-87.624902228,"(41.75809217638291, -87.6249022282473)"
PULASKI AND LAWRENCE,1173,4000 W LAWRENCE AVENUE,07/17/2017,2,1148844.220085601,1931638.45430438,41.968351285,-87.728091672,"(41.96835128527914, -87.72809167198088)"
HAMLIN AND MADISON,1903,3800 W MADISON STREET,07/17/2017,6,1151032.709141294,1899784.033986533,41.880897273,-87.720881226,"(41.880897273491264, -87.72088122613924)"
ROOSEVELT AND HALSTED,2234,800 W ROOSEVELT ROAD,07/17/2017,16,1171199.282357741,1894968.056393724,41.867263098,-87.646972686,"(41.86726309836901, -87.64697268601648)"
4700 WESTERN,2141,4700 S WESTERN AVENUE,07/17/2017,9,1161120.438879703,1873431.066474726,41.808378408,-87.684570717,"(41.808378407946726, -87.68457071689552)"
STATE AND 79TH,2654,1 E 79TH STREET,07/17/2017,41,1177680.113652821,1852598.313477786,41.750852096,-87.624463832,"(41.75085209551078, -87.62446383210285)"
PULASKI AND FOSTER,1102,5200 N PULASKI RD,07/17/2017,2,1148746.251286324,1934286.914361976,41.97562074,-87.728383135,"(41.97562073966174, -87.72838313514907)"
SACRAMENTO AND LAKE,1822,150 N SACRAMENTO BOUL,07/17/2017,1,1156319.560664766,1900957.489351962,41.884012178,-87.701436479,"(41.88401217771363, -87.7014364786693)"
35TH AND WESTERN,2092,3500 S WESTERN,07/17/2017,3,1160894.949857101,1881376.851112895,41.830187255,-87.685177925,"(41.83018725526863, -87.68517792510231)"
CICERO AND HARRISON,2022,600 S CICERO AVENUE,07/17/2017,2,1144444.97442848,1896894.622216872,41.873094833,-87.745143869,"(41.873094832519136, -87.74514386884542)"
WESTERN AND MARQUETTE,2674,2400 W MARQUETTE ROAD,07/17/2017,1,1161509.889315231,1860208.627404126,41.772086214,-87.683508858,"(41.772086214104526, -87.68350885781568)"
OGDEN AND KOSTNER,2223,4400 W OGDEN AVENUE,07/17/2017,11,1147406.592439224,1887689.099869462,41.847777523,-87.734505969,"(41.84777752280453, -87.73450596874825)"
FOSTER AND NAGLE,1034,6400 W FOSTER,07/17/2017,2,1132552.893142153,1934229.875527466,41.975762574,-87.787934296,"(41.97576257447203, -87.7879342955108)"
LAKE SHORE DR AND BELMONT,1412,3200 N LAKESHORE DRIV,07/17/2017,5,1173053.220555078,1921821.380831705,41.940909163,-87.63936916,"(41.94090916326764, -87.63936915995522)"
CANAL AND ROOSEVELT,2291,1200 S CANAL STREET,07/17/2017,8,1173268.771030949,1894952.634878732,41.867175125,-87.639375813,"(41.86717512472001, -87.63937581258092)"
HALSTED AND DIVISION,1714,800 W DIVISION,07/17/2017,5,1170767.827960358,1908259.644151662,41.903745557,-87.648167011,"(41.90374555734733, -87.64816701062779)"
DIVISION AND DAMEN,1733,2000 W DIVISION,07/17/2017,7,1162815.710860194,1908034.672555531,41.903298793,-87.677383247,"(41.903298792681944, -87.67738324739636)"
PETERSON AND WESTERN,1014,2400 W PETERSON,07/17/2017,13,1159214.211316277,1939825.301874586,41.99060901,-87.689735481,"(41.990609009807294, -87.68973548092968)"
IRVING PARK AND KILPATRICK,2763,4700 W IRVING PARK ROA,07/17/2017,4,,,,,
75TH AND STATE,2624,1 E 75TH STREET,07/17/2017,9,1177601.72646404,1855229.486604181,41.758074111,-87.624671658,"(41.75807411097799, -87.62467165835182)"
HALSTED AND FULLERTON,1701,2400 N HALSTED STREET,07/17/2017,4,1170501.602639925,1916200.061550148,41.925540315,-87.648912156,"(41.925540315431995, -87.64891215551155)"
IRVING PARK AND LARAMIE,1534,5200 W IRVING PARK ROA,07/17/2017,1,,,,,
TOUHY AND OSCEOLA,1244,7432 W TOUHY AVENUE,07/17/2017,1,1125717.010560011,1947269.685461107,42.011661765,-87.812781431,"(42.01166176507329, -87.81278143114147)"
PULASKI AND NORTH,1994,4000 W NORTH AVENUE,07/17/2017,3,1149456.2688422,1910376.774019002,41.909995582,-87.726394693,"(41.90999558160536, -87.72639469321471)"
KEDZIE AND 47TH,2104,3200 W 47TH ST,07/17/2017,4,1155815.231505056,1873336.169728074,41.808226246,-87.704031672,"(41.808226246244026, -87.70403167215984)"
PULASKI AND ARMITAGE,1844,4000 W ARMITAGE AVENUE,07/17/2017,3,1149375.428872108,1913028.984273181,41.917275069,-87.726622746,"(41.91727506940875, -87.72662274644799)"
DAMEN AND 63RD,2701,6300 S DAMEN AVENUE,07/17/2017,2,1164069.407943298,1862830.277442834,41.779226921,-87.674052731,"(41.77922692069256, -87.67405273137854)"
HAMLIN AND LAKE,1881,300 N HAMLIN AVENUE,07/17/2017,12,1150970.026856642,1901381.688308858,41.885282636,-87.721069539,"(41.88528263580913, -87.72106953854511)"
31ST ST AND MARTIN LUTHER KING DRIVE,2121,3100 S DR MARTIN L KING,07/17/2017,14,,,,,
PULASKI AND CHICAGO,1982,800 N PULASKI ROAD,07/17/2017,1,1149538.444844035,1905079.034990625,41.895456457,-87.726230541,"(41.895456456825386, -87.72623054051289)"
55TH AND WESTERN,2213,2400 W 55TH STREET,07/17/2017,5,1161277.012730599,1868185.749490228,41.793981347,-87.684141741,"(41.7939813465735, -87.68414174128355)"
IRVING PARK AND KILPATRICK,2763,4700 W IRVING PARK ROA,03/18/2017,4,,,,,
STONEY ISLAND AND 76TH,2632,7600 S STONY ISLAND A,07/17/2017,24,1188092.796191935,1854889.354158304,41.756897173,-87.586234285,"(41.75689717260223, -87.58623428506996)"
WESTERN AND FULLERTON,1672,2400 N WESTERN AVENUE,07/17/2017,1,1159923.309342995,1915897.778561358,41.924935944,-87.687790255,"(41.92493594409127, -87.68779025471278)"
SACRAMENTO AND CHICAGO,1812,800 N SACRAMENTO AVEN,07/17/2017,3,1156039.008141929,1905193.084100581,41.895640714,-87.702352328,"(41.89564071387542, -87.70235232767416)"
DIVERSEY AND AUSTIN,1453,6000 W DIVERSEY AVENUE,07/17/2017,1,1135895.736169343,1918029.70673837,41.931248624,-87.776028612,"(41.931248623643455, -87.77602861172493)"
99TH AND HALSTED,2433,800 W 99TH ST,07/17/2017,16,1172710.642565684,1839246.330602143,41.714323337,-87.643066714,"(41.71432333701137, -87.64306671421937)"
PULASKI AND FOSTER,1104,4000 W FOSTER AVE,07/17/2017,10,1148759.16134887,1934294.249006446,41.975640616,-87.728335469,"(41.975640616231914, -87.72833546926573)"
ROOSEVELT AND PULASKI,2314,4000 W ROOSEVELT ROAD,07/17/2017,1,1149885.032049683,1894449.464076882,41.866281003,-87.72523422,"(41.866281002664536, -87.72523421983905)"
STONY ISLAND/CORNELL AND 67TH,2721,6700 S STONY ISLAND A,07/17/2017,4,1187984.143047539,1860863.338367666,41.773292896,-87.586442368,"(41.77329289585066, -87.58644236831432)"
ASHLAND AND MADISON,1911,0 N ASHLAND AVE,03/18/2017,4,,,,,
ELSTON AND IRVING PARK,1503,3700 W IRVING PARK ROA,07/17/2017,5,,,,,
79TH AND KEDZIE,2443,3200 W 79TH ST,07/17/2017,3,1156402.644780165,1852104.649370984,41.749952001,-87.702448478,"(41.74995200142266, -87.70244847808695)"
BROADWAY/SHERIDAN AND DEVON,1123,1200 W DEVON AVE,07/17/2017,6,1167109.644248166,1942688.147952186,41.998298228,-87.660611661,"(41.99829822771884, -87.66061166063517)"
ASHLAND AND LAWRENCE,1143,1600 W LAWRENCE AVENUE,07/17/2017,12,1164771.946929007,1931988.254061312,41.968987457,-87.669516307,"(41.96898745654617, -87.66951630654926)"
CALIFORNIA AND DIVERSEY,1513,2800 W DIVERSEY,07/17/2017,1,1157212.54253358,1918526.674434943,41.932205395,-87.697679244,"(41.93220539506452, -87.6976792438691)"
CENTRAL AND BELMONT,1604,5600 W BELMONT AVENUE,07/17/2017,2,1138453.617438343,1920755.972768412,41.938683775,-87.766562494,"(41.93868377475747, -87.76656249384537)"
CENTRAL AND CHICAGO,1972,800 N CENTRAL AVENUE,07/17/2017,3,1138836.562608552,1904801.732832435,41.894896579,-87.765543258,"(41.89489657939746, -87.76554325845893)"
CICERO AND WASHINGTON,1891,100 N CICERO AVENUE,07/17/2017,12,1144328.984091479,1900095.170838459,41.88187971,-87.745489247,"(41.88187970991601, -87.7454892473012)"
VAN BUREN AND WESTERN,2054,2400 W VAN BUREN STREE,07/17/2017,9,,,,,
WESTERN AND 63RD,2373,2400 W 63RD ST,07/17/2017,3,1161444.415758584,1862848.534703658,41.779331844,-87.683675761,"(41.77933184429814, -87.68367576084798)"
KEDZIE AND ARMITAGE,1834,3200 W ARMITAGE AVENUE,07/17/2017,1,1154700.851347995,1913153.252187904,41.917511023,-87.707053639,"(41.91751102291878, -87.7070536388797)"
HALSTED AND DIVISION,1711,1200 N HALSTED,07/17/2017,7,1170746.639428735,1908242.256010774,41.903698308,-87.648245351,"(41.90369830765008, -87.64824535062563)"
CLARK AND FULLERTON,1632,2400 N CLARK ST,07/17/2017,2,1172749.562209477,1916238.997132859,41.925597623,-87.640650973,"(41.925597623023144, -87.64065097309872)"
WENTWORTH AND GARFIELD,2264,200 W GARFIELD BLVD,07/17/2017,9,1175889.574397302,1868551.750512227,41.794670385,-87.630547476,"(41.79467038468937, -87.63054747605638)"
63RD AND STATE,2712,6300 S STATE ST,07/17/2017,4,1177303.801895084,1863220.216755923,41.780008277,-87.625522512,"(41.78000827740796, -87.6255225119157)"
FOSTER AND NAGLE,1031,5200 N NAGLE,07/17/2017,10,1132529.656558223,1934201.702060651,41.97568567,-87.788020406,"(41.97568566971868, -87.78802040620296)"
CALIFORNIA AND DIVERSEY,1514,2800 W DIVERSEY,07/17/2017,23,1157212.54253358,1918526.674434943,41.932205395,-87.697679244,"(41.93220539506452, -87.6976792438691)"
ARCHER AND CICERO,2084,5400 S ARCHER AVE,07/17/2017,8,1145209.426392053,1869810.657411975,41.798758208,-87.743020541,"(41.798758207843264, -87.74302054146467)"
CALIFORNIA AND DIVERSEY,1511,2800 N CALIFORNIA AVE,07/17/2017,3,1157189.355049829,1918495.644754069,41.932120719,-87.6977653,"(41.93212071910647, -87.69776530036465)"
FOSTER AND BROADWAY,1113,1200 W FOSTER AVE,07/17/2017,2,1167357.095930752,1934721.393266777,41.97643192,-87.659931806,"(41.97643192018459, -87.65993180604016)"
CALIFORNIA AND PETERSON,1313,2800 W PETERSON AVENUE,07/17/2017,3,1156569.515341857,1939784.830544118,41.990552082,-87.699464396,"(41.990552081681564, -87.69946439622785)"
WESTERN AND 63RD,2371,6300 S WESTERN AVE,07/17/2017,1,1161415.712688877,1862772.38856596,41.779123484,-87.683783099,"(41.77912348383963, -87.68378309863576)"
HAMLIN AND MADISON,1901,0 N HAMLIN BOULEVARD,07/17/2017,3,,,,,
55TH AND KEDZIE,2163,3200 W 55TH STREET,07/17/2017,1,1155966.956993183,1868015.593764152,41.793622803,-87.703618141,"(41.79362280329978, -87.70361814062049)"
ELSTON AND LAWRENCE,1282,4800 N ELSTON AVENUE,07/17/2017,3,1145529.344259918,1931501.601268983,41.968039361,-87.740283894,"(41.96803936143674, -87.74028389448999)"
KEDZIE AND 26TH,2382,2600 S KEDZIE AVENUE,07/17/2017,2,1155404.235510285,1886524.460033054,41.844424831,-87.705185452,"(41.84442483084393, -87.70518545233183)"
PULASKI AND ARCHER,2153,5000 S ARCHER AVE,07/17/2017,2,1150501.818909837,1871162.311703322,41.802365973,-87.723576766,"(41.80236597333895, -87.72357676611004)"
HOLLYWOOD AND SHERIDAN,1343,1000 W HOLLYWOOD AVE,07/17/2017,2,1168580.228926466,1938090.295189338,41.985649799,-87.655335807,"(41.98564979859328, -87.65533580655139)"
PETERSON AND WESTERN,1011,6000 N WESTERN AVE,07/17/2017,5,1159190.625032041,1939816.75471116,41.990586042,-87.689822473,"(41.99058604241958, -87.68982247294417)"
ASHLAND AND FULLERTON,1652,2400 N ASHLAND AVENUE,07/17/2017,10,1165228.073342838,1916032.319169157,41.92519389,-87.668294363,"(41.92519388981048, -87.66829436339881)"
CICERO AND DIVERSEY,1694,4800 W DIVERSEY AVENUE,07/17/2017,1,1143869.848167704,1918226.043989398,41.93164142,-87.746719911,"(41.93164142040689, -87.7467199106462)"
ASHLAND AND DIVISION,1793,1600 W DIVISION STREET,07/17/2017,2,1165489.684200442,1908112.312963909,41.903455316,-87.667558994,"(41.903455316483814, -87.66755899396976)"
SACRAMENTO AND LAKE,1821,150 N SACRAMENTO BOUL,07/17/2017,9,1156319.560664766,1900957.489351962,41.884012178,-87.701436479,"(41.88401217771363, -87.7014364786693)"
CICERO AND FULLERTON,1472,2400 N CICERO AVE,07/17/2017,3,1143961.592189569,1915545.343094087,41.92428359,-87.74645019,"(41.92428358982701, -87.74645019028947)"
WESTERN AND DEVON,1212,6400 N WESTERN AVENUE,07/17/2017,2,1159113.585759434,1942451.622367891,41.997817807,-87.690033035,"(41.997817807026, -87.69003303469276)"
HALSTED AND NORTH,1764,800 W NORTH AVENUE,07/17/2017,6,1170700.68422007,1910913.190749698,41.91102851,-87.648335806,"(41.91102850981186, -87.64833580602037)"
CENTRAL AND CHICAGO,1972,800 N CENTRAL AVENUE,12/28/2017,3,1138836.562608552,1904801.732832435,41.894896579,-87.765543258,"(41.89489657939746, -87.76554325845893)"
ROOSEVELT AND KOSTNER,2321,1200 S KOSTNER,12/28/2017,1,1147196.304001978,1894305.883269746,41.865938839,-87.735108549,"(41.8659388389088, -87.73510854901264)"
79TH AND HALSTED,2543,800 W 79TH STREET,07/18/2017,2,1172320.105719411,1852517.9814434,41.750751157,-87.644107793,"(41.75075115747316, -87.64410779300933)"
ROOSEVELT AND KOSTNER,2323,4400 W ROOSEVELT,07/18/2017,5,1147200.963258796,1894379.538078088,41.866140868,-87.73508956,"(41.866140867641654, -87.73508956008207)"
DIVISION AND DAMEN,1734,2000 W DIVISION,07/18/2017,5,1162815.710860194,1908034.672555531,41.903298793,-87.677383247,"(41.903298792681944, -87.67738324739636)"
ASHLAND AND 87TH,2452,8700 S ASHLAND AVE,07/18/2017,5,1167150.470087748,1846991.212339794,41.735696989,-87.663209544,"(41.73569698863625, -87.66320954445679)"
IRVING PARK AND KILPATRICK,2764,4700 W IRVING PARK ROA,07/18/2017,1,,,,,
WESTERN AND FULLERTON,1672,2400 N WESTERN AVENUE,07/18/2017,2,1159923.309342995,1915897.778561358,41.924935944,-87.687790255,"(41.92493594409127, -87.68779025471278)"
115TH AND HALSTED,2553,800 W 115TH STREET,07/18/2017,2,1173010.735357888,1828632.242070332,41.685190056,-87.642279564,"(41.68519005571938, -87.64227956401977)"
ADDISON AND HARLEM,1591,3600 N HARLEM AVENUE,07/18/2017,5,1127394.594070737,1923110.532422811,41.945338412,-87.807154769,"(41.94533841246591, -87.80715476912044)"
PULASKI AND DIVERSEY,1542,2800 N PULASKI ROAD,07/18/2017,6,1149200.724531183,1918332.222549679,41.931831026,-87.727126873,"(41.93183102561505, -87.72712687300454)"
DAMEN AND DIVERSEY,1464,2000 W DIVERSEY PARKWAY,07/18/2017,5,1162519.714934025,1918635.417634925,41.932394164,-87.678173031,"(41.93239416403691, -87.67817303087757)"
55TH and PULASKI,2242,5500 S PULASKI,07/18/2017,6,1150600.072649439,1867806.44512718,41.793155061,-87.723303765,"(41.793155060731024, -87.72330376464247)"
PULASKI AND NORTH,1994,4000 W NORTH AVENUE,07/18/2017,2,1149456.2688422,1910376.774019002,41.909995582,-87.726394693,"(41.90999558160536, -87.72639469321471)"
SACRAMENTO AND CHICAGO,1814,3000 W CHICAGO AVENUE,07/18/2017,14,1156075.266375505,1905216.604770718,41.895704525,-87.702218524,"(41.895704524946225, -87.70221852353758)"
CALIFORNIA AND DEVON,1321,6400 N CALIFORNIA AVE,07/18/2017,3,1156461.150245401,1942370.37710537,41.997649133,-87.699792629,"(41.997649133049336, -87.69979262891378)"
CANAL AND ROOSEVELT,2294,500 W ROOSEVELT ROAD,07/18/2017,11,1173290.72186561,1895021.166235495,41.867362693,-87.639293195,"(41.867362692616666, -87.63929319464197)"
KEDZIE AND 26TH,2381,2600 S KEDZIE AVENUE,07/18/2017,4,1155404.235510285,1886524.460033054,41.844424831,-87.705185452,"(41.84442483084393, -87.70518545233183)"
LAFAYETTE AND 87TH,2502,8700 S LAFAYETTE AVEN,07/18/2017,17,1177417.493180297,1847243.988223464,41.73616511,-87.625587569,"(41.73616511008592, -87.62558756899932)"
IRVING PARK AND KILPATRICK,2763,4700 W IRVING PARK ROA,07/18/2017,8,,,,,
ASHLAND AND MADISON,1911,0 N ASHLAND AVE,07/18/2017,11,,,,,
MILWAUKEE AND DEVON,1274,6400 W DEVON AVENUE,07/18/2017,1,1132590.619798275,1942138.532048656,41.997463981,-87.787610243,"(41.99746398102873, -87.78761024341388)"
CICERO AND PETERSON,1202,6000 N CICERO AVENUE,07/18/2017,3,1143247.733553094,1939479.342905704,41.989973915,-87.748473024,"(41.98997391514614, -87.74847302426933)"
DAMEN AND DIVERSEY,1462,2800 N DAMEN AVENUE,07/18/2017,3,1162490.04851994,1918611.623717091,41.932329494,-87.678282719,"(41.9323294940985, -87.67828271931386)"
CENTRAL AND LAKE,1742,400 N CENTRAL AVENUE,07/18/2017,1,1138928.478257537,1902217.926149854,41.887804621,-87.765268498,"(41.88780462053497, -87.76526849810371)"
ELSTON AND IRVING PARK,1503,3700 W IRVING PARK ROA,07/18/2017,9,,,,,
PULASKI AND IRVING PARK,1572,4000 N PULASKI ROAD,07/18/2017,3,1148970.255325552,1926313.600468643,41.953737051,-87.727766612,"(41.95373705144353, -87.72776661179896)"
CERMAK AND PULASKI,2332,2200 S PULASKI,07/18/2017,4,1150012.876838243,1889071.75851865,41.851521442,-87.724904787,"(41.85152144233116, -87.7249047867499)"
KEDZIE AND 71ST,2352,7100 S KEDZIE AVENUE,07/18/2017,3,1156225.540366296,1857330.103443232,41.764295037,-87.702957162,"(41.764295036756856, -87.70295716211793)"
HALSTED AND FULLERTON,1704,800 W FULLERTON AVENUE,07/18/2017,1,1170525.624723311,1916208.443992778,41.925562791,-87.648823641,"(41.92556279107417, -87.64882364145232)"
HARLEM AND BELMONT,1394,7200 W BELMONT AVE,07/18/2017,3,1127504.698153561,1920475.415440844,41.938105479,-87.806809552,"(41.93810547939496, -87.80680955240743)"
AUSTIN AND IRVING PARK,1163,6000 W IRVING PARK ROAD,07/18/2017,4,1135622.402636023,1926014.192063646,41.953163772,-87.776842593,"(41.95316377185154, -87.77684259284736)"
TOUHY AND OSCEOLA,1243,7432 W TOUHY AVENUE,07/18/2017,1,1125717.010560011,1947269.685461107,42.011661765,-87.812781431,"(42.01166176507329, -87.81278143114147)"
CICERO AND HARRISON,2022,600 S CICERO AVENUE,07/18/2017,6,1144444.97442848,1896894.622216872,41.873094833,-87.745143869,"(41.873094832519136, -87.74514386884542)"
ASHLAND AND 95TH,2473,1600 W 95TH STREET,07/18/2017,5,1167323.753394196,1841755.029221382,41.721324412,-87.662724153,"(41.721324411975246, -87.66272415265087)"
CENTRAL AND ADDISON,1683,5600 W ADDISON STREET,07/18/2017,3,1138349.663302502,1923416.02157061,41.945985104,-87.766879952,"(41.94598510430888, -87.76687995165918)"
87TH AND VINCENNES,2412,8700 S VINCENNES,07/18/2017,10,1172026.328989535,1847142.496643776,41.736006565,-87.645341819,"(41.73600656458518, -87.64534181897955)"
111TH AND HALSTED,2422,11100 S HALSTED ST,07/18/2017,7,1172923.657689312,1831209.044179248,41.692263123,-87.642522688,"(41.692263123425136, -87.6425226876268)"
FULLERTON AND NARRAGANSETT,1554,6400 W FULLERTON AVENU,07/18/2017,3,1133317.594499059,1915293.661305931,41.923786189,-87.785567206,"(41.92378618871128, -87.78556720562165)"
PULASKI AND CHICAGO,1983,4000 W CHICAGO AVENUE,07/18/2017,5,1149561.855939692,1905086.596446259,41.895476752,-87.72614436,"(41.89547675163723, -87.72614435991626)"
HOMAN/KIMBALL AND NORTH,1771,1600 N HOMAN AVENUE,07/18/2017,1,,,,,
ASHLAND AND IRVING PARK,1153,1600 W IRVING PARK ROA,07/18/2017,6,,,,,
115TH AND HALSTED,2552,11500 S HALSTED STREE,07/18/2017,5,,,,,
HAMLIN AND LAKE,1881,300 N HAMLIN AVENUE,07/18/2017,6,1150970.026856642,1901381.688308858,41.885282636,-87.721069539,"(41.88528263580913, -87.72106953854511)"
55TH AND KEDZIE,2163,3200 W 55TH STREET,07/18/2017,6,1155966.956993183,1868015.593764152,41.793622803,-87.703618141,"(41.79362280329978, -87.70361814062049)"
ROOSEVELT AND KOSTNER,2321,1200 S KOSTNER,07/18/2017,6,1147196.304001978,1894305.883269746,41.865938839,-87.735108549,"(41.8659388389088, -87.73510854901264)"
ELSTON AND IRVING PARK,1502,4000 N ELSTON AVENUE,07/18/2017,2,1151273.974828198,1926311.849469842,41.953687266,-87.719297882,"(41.95368726563273, -87.71929788151473)"
PULASKI AND ARCHER,2153,5000 S ARCHER AVE,07/18/2017,1,1150501.818909837,1871162.311703322,41.802365973,-87.723576766,"(41.80236597333895, -87.72357676611004)"
STONEY ISLAND AND 79TH,2464,1600 E 79TH ST,07/18/2017,3,1188284.704439907,1852964.829047574,41.751611523,-87.585592284,"(41.75161152327319, -87.58559228428787)"
ASHLAND AND DIVISION,1793,1600 W DIVISION STREET,07/18/2017,1,1165489.684200442,1908112.312963909,41.903455316,-87.667558994,"(41.903455316483814, -87.66755899396976)"
CICERO AND DIVERSEY,1691,2800 N CICERO AVENUE,07/18/2017,5,1143863.647574835,1918202.018463414,41.931575608,-87.746743301,"(41.93157560844622, -87.74674330113561)"
LAWRENCE AND CICERO,1041,4800 N CICERO AVE,07/18/2017,10,1143464.651785526,1931490.551883203,41.968048007,-87.747875985,"(41.968048007293845, -87.74787598468126)"
55TH AND WESTERN,2213,2400 W 55TH STREET,07/18/2017,4,1161277.012730599,1868185.749490228,41.793981347,-87.684141741,"(41.7939813465735, -87.68414174128355)"
LARAMIE AND MADISON,2044,5200 W MADISON STREET,07/18/2017,16,1141706.965522802,1899567.55684314,41.880480752,-87.755130433,"(41.88048075170171, -87.75513043296509)"
ROOSEVELT AND HALSTED,2234,800 W ROOSEVELT ROAD,07/18/2017,19,1171199.282357741,1894968.056393724,41.867263098,-87.646972686,"(41.86726309836901, -87.64697268601648)"
PULASKI AND NORTH,1992,1600 N PULASKI AVENUE,07/18/2017,4,1149432.959240306,1910369.112502195,41.90997501,-87.726480523,"(41.909975010236906, -87.72648052306623)"
KEDZIE AND ARMITAGE,1834,3200 W ARMITAGE AVENUE,07/18/2017,3,1154700.851347995,1913153.252187904,41.917511023,-87.707053639,"(41.91751102291878, -87.7070536388797)"
STONEY ISLAND AND 76TH,2632,7600 S STONY ISLAND A,07/18/2017,18,1188092.796191935,1854889.354158304,41.756897173,-87.586234285,"(41.75689717260223, -87.58623428506996)"
35TH AND WESTERN,2092,3500 S WESTERN,07/18/2017,6,1160894.949857101,1881376.851112895,41.830187255,-87.685177925,"(41.83018725526863, -87.68517792510231)"
FOSTER AND NAGLE,1031,5200 N NAGLE,07/18/2017,6,1132529.656558223,1934201.702060651,41.97568567,-87.788020406,"(41.97568566971868, -87.78802040620296)"
HALSTED AND 95TH,2581,9500 S HALSTED STREET,07/18/2017,3,1172610.538363645,1841811.61926207,41.721365061,-87.643358042,"(41.72136506078306, -87.64335804234075)"
IRVING PARK AND CALIFORNIA,1234,2800 W IRVING PARK ROA,07/18/2017,16,,,,,
PULASKI AND DIVERSEY,1543,4000 W DIVERSEY AVENUE,07/18/2017,4,1149206.496130705,1918356.569267582,41.931897723,-87.72710503,"(41.9318977231462, -87.72710503045386)"
KEDZIE AND 26TH,2382,2600 S KEDZIE AVENUE,07/18/2017,1,1155404.235510285,1886524.460033054,41.844424831,-87.705185452,"(41.84442483084393, -87.70518545233183)"
COLUMBUS AND ILLINOIS,1951,500 N COLUMBUS DRIVE,07/18/2017,7,1178372.808407292,1903693.06016042,41.891044569,-87.620371839,"(41.891044569124276, -87.620371839074)"
BELMONT AND KEDZIE,1371,3200 N KEDZIE AVENUE,07/18/2017,1,1154426.977874407,1921110.466549542,41.93935173,-87.707846594,"(41.93935173030961, -87.70784659359776)"
WESTERN AND CHICAGO,1941,800 N WESTERN AVE,07/18/2017,3,1160220.967978608,1905277.507115921,41.895786955,-87.686990586,"(41.89578695485361, -87.68699058611217)"
PULASKI AND FOSTER,1104,4000 W FOSTER AVE,07/18/2017,4,1148759.16134887,1934294.249006446,41.975640616,-87.728335469,"(41.975640616231914, -87.72833546926573)"
CICERO AND FULLERTON,1474,4800 W FULLERTON AVE,07/18/2017,3,1143967.570794243,1915568.504954477,41.924347036,-87.74642764,"(41.924347036010694, -87.74642763965628)"
STONEY ISLAND AND 76TH,2631,7600 S STONY ISLAND A,07/18/2017,21,1188092.796191935,1854889.354158304,41.756897173,-87.586234285,"(41.75689717260223, -87.58623428506996)"
75TH AND STATE,2624,1 E 75TH STREET,07/18/2017,15,1177601.72646404,1855229.486604181,41.758074111,-87.624671658,"(41.75807411097799, -87.62467165835182)"
STATE AND 79TH,2651,7900 S STATE STREET,07/18/2017,6,1177618.166929966,1852621.870232838,41.750918138,-87.624690123,"(41.7509181383154, -87.62469012251644)"
79TH AND KEDZIE,2443,3200 W 79TH ST,07/18/2017,4,1156402.644780165,1852104.649370984,41.749952001,-87.702448478,"(41.74995200142266, -87.70244847808695)"
BROADWAY/SHERIDAN AND DEVON,1122,6400 N SHERIDAN ROAD,07/18/2017,11,1167087.151194129,1942658.704988689,41.998217921,-87.660695256,"(41.99821792053241, -87.6606952555721)"
HALSTED AND 103RD,2592,10300 S HALSTED STREE,07/18/2017,6,,,,,
LARAMIE AND FULLERTON,1424,5200 W FULLERTON AVENUE,07/18/2017,5,1141305.554932016,1915502.611239048,41.924215797,-87.756210755,"(41.92421579723144, -87.75621075458939)"
HALSTED AND NORTH,1761,1600 N HALSTED STREET,07/18/2017,5,1170678.283433825,1910880.991397547,41.910940644,-87.648419043,"(41.91094064391597, -87.64841904272998)"
WESTERN AND 71ST,2612,7100 S WESTERN AVENUE,03/31/2017,2,1161563.704681724,1857484.211306323,41.764608912,-87.683387053,"(41.76460891223613, -87.68338705328121)"
PERSHING AND WESTERN,2112,3900 S WESTERN BLVD,11/22/2016,5,1161130.992078755,1878746.226354636,41.822963628,-87.684384785,"(41.82296362788048, -87.68438478541296)"
HAMLIN AND LAKE,1882,300 N HAMLIN AVENUE,07/18/2017,2,1150970.026856642,1901381.688308858,41.885282636,-87.721069539,"(41.88528263580913, -87.72106953854511)"
DAMEN AND 63RD,2702,6300 S DAMEN AVENUE,07/18/2017,7,1164069.407943298,1862830.277442834,41.779226921,-87.674052731,"(41.77922692069256, -87.67405273137854)"
4700 WESTERN,2142,4700 S WESTERN AVENUE,11/22/2016,2,1161120.438879703,1873431.066474726,41.808378408,-87.684570717,"(41.808378407946726, -87.68457071689552)"
COTTAGE GROVE AND 71ST,2572,7100 S COTTAGE GROVE,07/18/2017,2,1182746.23698699,1858088.011064538,41.765800351,-87.605729127,"(41.76580035131893, -87.6057291269901)"
FOSTER AND BROADWAY,1113,1200 W FOSTER AVE,07/18/2017,5,1167357.095930752,1934721.393266777,41.97643192,-87.659931806,"(41.97643192018459, -87.65993180604016)"
MADISON AND WESTERN,1931,1 S WESTERN AVE,07/18/2017,1,1160453.827721979,1899933.703473746,41.881118279,-87.686283339,"(41.881118278833966, -87.686283338873)"
WESTERN AND CERMAK,1002,2200 S WESTERN AVENUE,07/18/2017,12,1160669.42562757,1889318.196820393,41.85198384,-87.685785704,"(41.85198383957328, -87.68578570420526)"
CALIFORNIA AND PETERSON,1311,6000 N CALIFORNIA AVE,07/18/2017,1,1156545.742699118,1939775.775541795,41.990527717,-87.699552084,"(41.990527717148176, -87.69955208405155)"
CICERO AND ARMITAGE,2003,4800 W ARMITAGE AVENUE,04/20/2017,1,1144054.25126508,1912907.00926109,41.917041992,-87.746176095,"(41.91704199201953, -87.74617609464687)"
87TH AND VINCENNES,2413,848 W 87TH STREET,07/18/2017,8,1172002.531006759,1847197.326168367,41.736157546,-87.6454274,"(41.73615754630335, -87.64542740049411)"
4700 WESTERN,2141,4700 S WESTERN AVENUE,07/18/2017,3,1161120.438879703,1873431.066474726,41.808378408,-87.684570717,"(41.808378407946726, -87.68457071689552)"
WESTERN AND MARQUETTE,2672,6700 S WESTERN AVENUE,07/18/2017,6,1161488.747635042,1860134.788366884,41.771884028,-87.683588402,"(41.77188402771193, -87.68358840206334)"
CENTRAL AND IRVING PARK,1182,4000 N CENTRAL AVENUE,07/18/2017,1,1138258.614129764,1926071.172884932,41.953272751,-87.767150151,"(41.95327275103541, -87.76715015131407)"
KOSTNER AND NORTH,2011,1600 N KOSTNER,07/18/2017,2,1146732.108679105,1910282.120990798,41.909788304,-87.736404667,"(41.90978830394343, -87.73640466739216)"
IRVING PARK AND LARAMIE,1533,5200 W IRVING PARK ROA,07/18/2017,5,,,,,
HAMLIN AND MADISON,1903,3800 W MADISON STREET,07/18/2017,12,1151032.709141294,1899784.033986533,41.880897273,-87.720881226,"(41.880897273491264, -87.72088122613924)"
VAN BUREN AND WESTERN,2052,400 S WESTERN AVENUE,07/18/2017,2,1160431.682297829,1898091.942371589,41.876064776,-87.686415631,"(41.87606477642526, -87.68641563098768)"
ROOSEVELT AND PULASKI,2314,4000 W ROOSEVELT ROAD,07/18/2017,4,1149885.032049683,1894449.464076882,41.866281003,-87.72523422,"(41.866281002664536, -87.72523421983905)"
CALIFORNIA AND PETERSON,1313,2800 W PETERSON AVENUE,07/18/2017,5,1156569.515341857,1939784.830544118,41.990552082,-87.699464396,"(41.990552081681564, -87.69946439622785)"
WESTERN AND FOSTER,1072,5200 N WESTERN AVE,03/18/2017,3,1159372.922497116,1934478.313674003,41.975933372,-87.689299589,"(41.97593337199358, -87.6892995891816)"
BELMONT AND KEDZIE,1373,3200 W BELMONT,07/18/2017,1,1154461.587940363,1921143.091003516,41.939440561,-87.707718516,"(41.93944056117365, -87.70771851630873)"
111TH AND HALSTED,2424,800 W 111TH ST,07/18/2017,2,1172945.404219168,1831282.917027882,41.692465363,-87.642440901,"(41.692465363421874, -87.64244090105778)"
ROOSEVELT AND PULASKI,2311,1200 S PULASKI ROAD,04/20/2017,4,1149866.002247864,1894375.839200384,41.866079337,-87.725305995,"(41.86607933722178, -87.7253059948758)"
HAMLIN AND MADISON,1901,0 N HAMLIN BOULEVARD,07/18/2017,5,,,,,
CANAL AND ROOSEVELT,2291,1200 S CANAL STREET,07/18/2017,7,1173268.771030949,1894952.634878732,41.867175125,-87.639375813,"(41.86717512472001, -87.63937581258092)"
KEDZIE AND ARMITAGE,1832,2000 N KEDZIE AVENUE,07/18/2017,5,1154684.031809326,1913129.496340896,41.917446172,-87.707116072,"(41.91744617191702, -87.70711607187832)"
KEDZIE AND 71ST,2354,3200 W 71ST STREET,07/18/2017,4,1156246.862901455,1857404.014959868,41.764497433,-87.702877023,"(41.76449743256955, -87.70287702335861)"
KEDZIE AND 47TH,2104,3200 W 47TH ST,07/18/2017,3,1155815.231505056,1873336.169728074,41.808226246,-87.704031672,"(41.808226246244026, -87.70403167215984)"
CICERO AND CHICAGO,1783,4800 W CHICAGO AVENUE,07/18/2017,2,1144175.291152764,1904916.255225279,41.895112219,-87.745932427,"(41.89511221857764, -87.74593242701515)"
CENTRAL AND IRVING PARK,1183,5600 W IRVING PARK ROAD,07/18/2017,3,1138281.535484986,1926078.647777633,41.953292847,-87.767065708,"(41.953292847298, -87.76706570775266)"
PULASKI AND DIVISION,1802,1200 N PULASKI ROAD,07/18/2017,8,1149459.590666926,1907723.219884254,41.902713902,-87.726451457,"(41.902713901936174, -87.72645145715836)"
PULASKI AND FOSTER,1102,5200 N PULASKI RD,07/18/2017,1,1148746.251286324,1934286.914361976,41.97562074,-87.728383135,"(41.97562073966174, -87.72838313514907)"
ELSTON AND LAWRENCE,1284,4440 W LAWRENCE AVENUE,07/18/2017,4,1145715.061027481,1931571.0474838,41.968226398,-87.739599251,"(41.96822639754791, -87.73959925065756)"
HOMAN/KIMBALL AND NORTH,1773,3400 W NORTH AVE,07/18/2017,10,1153386.578905125,1910465.87061722,41.910162847,-87.711953868,"(41.91016284680269, -87.71195386769125)"
HALSTED AND 95TH,2582,9500 S HALSTED STREET,07/18/2017,4,1172610.538363645,1841811.61926207,41.721365061,-87.643358042,"(41.72136506078306, -87.64335804234075)"
CLARK AND FULLERTON,1632,2400 N CLARK ST,07/18/2017,1,1172749.562209477,1916238.997132859,41.925597623,-87.640650973,"(41.925597623023144, -87.64065097309872)"
WESTERN AND NORTH,1851,1600 N WESTERN AVE,07/18/2017,3,1160077.474351131,1910605.013316134,41.910409024,-87.687370268,"(41.91040902362901, -87.687370268401)"
KIMBALL AND DIVERSEY,1581,2800 N KIMBALL AVENUE,07/18/2017,3,,,,,
DIVERSEY AND AUSTIN,1454,6000 W DIVERSEY AVENUE,07/18/2017,2,1135895.736169343,1918029.70673837,41.931248624,-87.776028612,"(41.931248623643455, -87.77602861172493)"
CICERO AND WASHINGTON,1891,100 N CICERO AVENUE,07/18/2017,10,1144328.984091479,1900095.170838459,41.88187971,-87.745489247,"(41.88187970991601, -87.7454892473012)"
CENTRAL AND CHICAGO,1972,800 N CENTRAL AVENUE,07/18/2017,5,1138836.562608552,1904801.732832435,41.894896579,-87.765543258,"(41.89489657939746, -87.76554325845893)"
BROADWAY/SHERIDAN AND DEVON,1123,1200 W DEVON AVE,07/18/2017,4,1167109.644248166,1942688.147952186,41.998298228,-87.660611661,"(41.99829822771884, -87.66061166063517)"
PULASKI AND 63RD,2342,6300 S PULASKI RD,07/18/2017,3,1150746.00309079,1862516.747695325,41.778636469,-87.722906356,"(41.77863646878099, -87.72290635568541)"
MILWAUKEE AND MONTROSE,1364,5075 W MONTROSE AVENUE,07/18/2017,5,1141716.746618898,1928736.076639057,41.960522088,-87.754371424,"(41.96052208819935, -87.75437142402293)"
MILWAUKEE AND DEVON,1272,6400 N MILWAUKEE AVEN,07/18/2017,1,1132463.750397878,1942107.911507627,41.997382173,-87.788077674,"(41.99738217345368, -87.78807767391953)"
ASHLAND AND MADISON,1914,1600 W MADISON,07/18/2017,1,1165723.014733182,1900136.515489506,41.881564167,-87.666929463,"(41.8815641670199, -87.66692946294842)"
CICERO AND ARMITAGE,2001,2000 N CICERO AVENUE,07/18/2017,3,1144031.525719004,1912881.8300295,41.916973325,-87.746260223,"(41.91697332451097, -87.74626022251057)"
WESTERN AND 79TH,2481,7900 S WESTERN AVE,07/18/2017,6,1161711.516404028,1852181.685686118,41.750054934,-87.682992203,"(41.750054933649984, -87.68299220290213)"
HALSTED AND DIVISION,1711,1200 N HALSTED,07/18/2017,4,1170746.639428735,1908242.256010774,41.903698308,-87.648245351,"(41.90369830765008, -87.64824535062563)"
PULASKI AND BELMONT,1383,4000 W BELMONT AVE,07/18/2017,1,1149131.866894851,1921018.50498026,41.93920375,-87.727310134,"(41.93920374986553, -87.72731013414392)"
ASHLAND AND DIVISION,1791,1200 N ASHLAND AVENUE,07/18/2017,9,1165466.997046718,1908083.767015974,41.903377468,-87.667643142,"(41.903377467566784, -87.66764314227497)"
ROOSEVELT AND PULASKI,2311,1200 S PULASKI ROAD,07/18/2017,1,1149866.002247864,1894375.839200384,41.866079337,-87.725305995,"(41.86607933722178, -87.7253059948758)"
WESTERN AND TOUHY,1252,7200 N WESTERN AVENUE,07/18/2017,3,1158975.66256211,1947754.286963361,42.012371335,-87.690393917,"(42.012371334791766, -87.69039391737863)"
119TH AND HALSTED,2404,800 W 119TH STREET,07/18/2017,2,1173111.174088158,1825985.001014405,41.677923389,-87.641989646,"(41.677923389134385, -87.64198964584013)"
LAFAYETTE AND 87TH,2503,30 W 87TH STREET,07/18/2017,13,1177407.651800237,1847320.772058312,41.736376037,-87.625621311,"(41.736376036604916, -87.62562131092602)"
CLARK AND IRVING PARK,1091,4000 N CLARK STREET,11/22/2016,2,1166736.149822904,1926699.323624709,41.954432441,-87.662446259,"(41.95443244141688, -87.66244625914061)"
ELSTON AND ADDISON,1403,3216 W ADDISON ST,07/18/2017,8,1154199.729816868,1923799.345386665,41.946734755,-87.708609774,"(41.946734754927796, -87.7086097735515)"
KEDZIE AND 63RD,2364,3200 W 63RD ST,07/18/2017,3,1156103.348831225,1862717.565210739,41.779081505,-87.703260365,"(41.77908150488341, -87.70326036544745)"
COLUMBUS AND ILLINOIS,1952,500 N COLUMBUS DRIVE,07/18/2017,6,1178372.808407292,1903693.06016042,41.891044569,-87.620371839,"(41.891044569124276, -87.620371839074)"
LAWRENCE AND WESTERN,1192,4800 N WESTERN AVENUE,07/18/2017,2,1159459.622430471,1931821.342623414,41.968640727,-87.689054241,"(41.96864072747715, -87.6890542408374)"
PULASKI AND ARMITAGE,1844,4000 W ARMITAGE AVENUE,07/18/2017,3,1149375.428872108,1913028.984273181,41.917275069,-87.726622746,"(41.91727506940875, -87.72662274644799)"
FOSTER AND NAGLE,1034,6400 W FOSTER,07/18/2017,1,1132552.893142153,1934229.875527466,41.975762574,-87.787934296,"(41.97576257447203, -87.7879342955108)"
PULASKI AND BELMONT,1382,3200 N PULASKI RD,07/18/2017,3,1149125.621478734,1920994.556178086,41.939138154,-87.72733371,"(41.939138153500274, -87.7273337101426)"
DAMEN AND 63RD,2701,6300 S DAMEN AVENUE,07/18/2017,1,1164069.407943298,1862830.277442834,41.779226921,-87.674052731,"(41.77922692069256, -87.67405273137854)"
SACRAMENTO AND LAKE,1822,150 N SACRAMENTO BOUL,07/18/2017,2,1156319.560664766,1900957.489351962,41.884012178,-87.701436479,"(41.88401217771363, -87.7014364786693)"
CLARK AND FULLERTON,1631,2400 N CLARK ST,07/18/2017,4,1172749.562209477,1916238.997132859,41.925597623,-87.640650973,"(41.925597623023144, -87.64065097309872)"
CORTLAND AND ASHLAND,1723,1600 W CORTLAND ST,07/18/2017,6,1165377.660768235,1912768.773647285,41.916235337,-87.667837772,"(41.91623533746878, -87.66783777212962)"
PETERSON AND WESTERN,1014,2400 W PETERSON,07/18/2017,10,1159214.211316277,1939825.301874586,41.99060901,-87.689735481,"(41.990609009807294, -87.68973548092968)"
MONTROSE AND WESTERN,1221,4400 N WESTERN AVENUE,07/18/2017,9,1159539.733234718,1929183.918095502,41.961401846,-87.688832623,"(41.961401846278505, -87.6888326227788)"
WESTERN AND 63RD,2371,6300 S WESTERN AVE,07/18/2017,1,1161415.712688877,1862772.38856596,41.779123484,-87.683783099,"(41.77912348383963, -87.68378309863576)"
PETERSON AND WESTERN,1011,6000 N WESTERN AVE,07/18/2017,3,1159190.625032041,1939816.75471116,41.990586042,-87.689822473,"(41.99058604241958, -87.68982247294417)"
PULASKI AND ARMITAGE,1843,4000 W ARMITAGE AVENUE,07/18/2017,2,1149375.428872108,1913028.984273181,41.917275069,-87.726622746,"(41.91727506940875, -87.72662274644799)"
HOLLYWOOD AND SHERIDAN,1343,1000 W HOLLYWOOD AVE,07/18/2017,2,1168580.228926466,1938090.295189338,41.985649799,-87.655335807,"(41.98564979859328, -87.65533580655139)"
71ST AND ASHLAND,2394,1600 W 71ST,07/18/2017,5,1166890.012333149,1857674.2502247,41.765018306,-87.66385923,"(41.76501830555763, -87.66385923012646)"
AUSTIN AND ADDISON,1491,3600 N AUSTIN AVENUE,07/18/2017,6,1135691.599896458,1923335.967306169,41.945813215,-87.776652162,"(41.9458132146695, -87.77665216156436)"
AUSTIN AND IRVING PARK,1161,4000 N AUSTIN AVENUE,07/18/2017,3,1135599.956110927,1926006.862619986,41.953144059,-87.776925284,"(41.95314405904539, -87.77692528423394)"
CICERO AND ADDISON,1612,3600 N CICERO AVENUE,07/18/2017,6,1143698.904601495,1923517.005821035,41.946163524,-87.747215169,"(41.94616352362556, -87.74721516897007)"
CORTLAND AND ASHLAND,1721,1900 N ASHLAND AVE,07/18/2017,21,1165348.084854857,1912736.454335569,41.916147281,-87.667947354,"(41.91614728095272, -87.66794735350443)"
HALSTED AND NORTH,1764,800 W NORTH AVENUE,07/18/2017,2,1170700.68422007,1910913.190749698,41.91102851,-87.648335806,"(41.91102850981186, -87.64833580602037)"
OGDEN AND KOSTNER,2223,4400 W OGDEN AVENUE,07/18/2017,12,1147406.592439224,1887689.099869462,41.847777523,-87.734505969,"(41.84777752280453, -87.73450596874825)"
KOSTNER AND NORTH,2013,4400 W NORTH,07/18/2017,2,1146738.551618032,1910309.595368032,41.909863573,-87.736380296,"(41.90986357340246, -87.73638029605371)"
LASALLE AND KINZIE,1921,400 N LASALLE,07/18/2017,5,1175028.579766798,1903002.552291359,41.889225372,-87.632674115,"(41.88922537162015, -87.63267411498495)"
WESTERN AND NORTH,1853,2400 W NORTH AVE,07/18/2017,2,1160100.839010995,1910612.783367238,41.910429862,-87.687284221,"(41.91042986235867, -87.68728422050837)"
LAWRENCE AND WESTERN,1193,2400 W LAWRENCE AVENUE,07/18/2017,4,1159482.648570304,1931851.989492596,41.968724349,-87.688968727,"(41.96872434882172, -87.68896872699601)"
IRVING PARK AND NARRAGANSETT,1023,6400 W IRVING PK,07/18/2017,1,1132945.939118726,1925946.304925137,41.953024751,-87.786683238,"(41.95302475075328, -87.78668323766634)"
KEDZIE AND 31ST,2134,3200 W 31ST STREET,07/18/2017,4,1155487.128005646,1883943.061106793,41.8373395,-87.704950558,"(41.83733950029648, -87.70495055800411)"
STATE AND 79TH,2654,1 E 79TH STREET,07/18/2017,26,1177680.113652821,1852598.313477786,41.750852096,-87.624463832,"(41.75085209551078, -87.62446383210285)"
CENTRAL AND FULLERTON,1444,5600 W FULLERTON AVENU,07/18/2017,2,1138627.279189421,1915438.969256439,41.924090199,-87.76605353,"(41.92409019883488, -87.76605353016079)"
LAKE SHORE DR AND BELMONT,1412,3200 N LAKESHORE DRIV,07/18/2017,7,1173053.220555078,1921821.380831705,41.940909163,-87.63936916,"(41.94090916326764, -87.63936915995522)"
CHICAGO AND CLARK,1963,100 W CHICAGO AVENUE,07/18/2017,10,1175374.528739575,1905745.47783364,41.896744347,-87.631321248,"(41.896744346875806, -87.63132124815151)"
KEDZIE AND 47TH,2101,4700 S KEDZIE AVE,07/18/2017,1,1155791.949302478,1873270.778481327,41.808047272,-87.704118822,"(41.80804727165029, -87.70411882229871)"
CICERO AND WASHINGTON,1892,100 N CICERO AVENUE,07/18/2017,3,1144328.984091479,1900095.170838459,41.88187971,-87.745489247,"(41.88187970991601, -87.7454892473012)"
SACRAMENTO AND LAKE,1821,150 N SACRAMENTO BOUL,07/18/2017,3,1156319.560664766,1900957.489351962,41.884012178,-87.701436479,"(41.88401217771363, -87.7014364786693)"
CICERO AND NORTH,2034,4800 W NORTH AVENUE,07/18/2017,2,1144053.733747163,1910243.80567041,41.90973389,-87.746244973,"(41.909733890131285, -87.74624497295898)"
HALSTED AND MADISON,1872,1 N HALSTED STREET,07/18/2017,1,1171090.967986833,1900270.454015136,41.881815632,-87.647214717,"(41.88181563164203, -87.64721471704077)"
IRVING PARK AND CALIFORNIA,1233,2800 W IRVING PARK ROA,07/18/2017,4,,,,,
BELMONT AND KEDZIE,1372,3200 N KEDZIE AVE,07/18/2017,20,1154426.977874407,1921110.466549542,41.93935173,-87.707846594,"(41.93935173030961, -87.70784659359776)"
PULASKI AND IRVING PARK,1574,4000 W IRVING PARK RD,07/18/2017,7,1148988.727877253,1926320.954938409,41.953756874,-87.727698513,"(41.95375687447515, -87.72769851312907)"
HALSTED AND FULLERTON,1701,2400 N HALSTED STREET,07/18/2017,3,1170501.602639925,1916200.061550148,41.925540315,-87.648912156,"(41.925540315431995, -87.64891215551155)"
CENTRAL AND BELMONT,1602,3200 N CENTRAL AVENUE,07/18/2017,2,1138430.432324593,1920731.654410336,41.938617463,-87.766648297,"(41.938617463272884, -87.76664829683827)"
31ST ST AND MARTIN LUTHER KING DRIVE,2121,3100 S DR MARTIN L KING,07/18/2017,6,,,,,
CICERO AND I55,2252,4200 S CICERO AVENUE,07/18/2017,3,1145023.742859509,1876358.276835519,41.816729387,-87.743536712,"(41.81672938674739, -87.74353671247594)"
DIVISION AND DAMEN,1733,2000 W DIVISION,07/18/2017,8,1162815.710860194,1908034.672555531,41.903298793,-87.677383247,"(41.903298792681944, -87.67738324739636)"
VAN BUREN AND WESTERN,2054,2400 W VAN BUREN STREE,07/18/2017,15,,,,,
4700 WESTERN,2142,4700 S WESTERN AVENUE,07/18/2017,2,1161120.438879703,1873431.066474726,41.808378408,-87.684570717,"(41.808378407946726, -87.68457071689552)"
SHERIDAN AND FOSTER,1132,5200 N SHERIDAN ROAD,07/18/2017,2,1168661.623718229,1934753.842272756,41.976492721,-87.655133605,"(41.97649272077833, -87.65513360456677)"
MADISON AND WESTERN,1934,2400 W MADISON,07/18/2017,3,1160384.621277157,1899988.655722373,41.881270504,-87.68653594,"(41.88127050428818, -87.68653594017124)"
119TH AND HALSTED,2402,11900 S HALSTED,07/18/2017,8,1173094.774616191,1825911.054609338,41.677720829,-87.642051845,"(41.67772082924762, -87.64205184498218)"
OGDEN AND KOSTNER,2222,2348 S KOSTNER AVENUE,07/18/2017,6,1147394.548182079,1887795.177782082,41.848068845,-87.734547457,"(41.8480688449598, -87.73454745748458)"
ASHLAND AND FULLERTON,1651,2400 N ASHLAND AVENUE,07/18/2017,13,1165228.073342838,1916032.319169157,41.92519389,-87.668294363,"(41.92519388981048, -87.66829436339881)"
KOSTNER AND NORTH,2012,4400 W GRAND AVE,07/18/2017,4,1146773.519128439,1910425.663958581,41.91018141,-87.73624887,"(41.910181409597406, -87.73624887040725)"
AUSTIN AND ADDISON,1491,3600 N AUSTIN AVENUE,11/16/2016,2,1135691.599896458,1923335.967306169,41.945813215,-87.776652162,"(41.9458132146695, -87.77665216156436)"
TOUHY AND OSCEOLA,1244,7432 W TOUHY AVENUE,07/18/2017,2,1125717.010560011,1947269.685461107,42.011661765,-87.812781431,"(42.01166176507329, -87.81278143114147)"
ELSTON AND ADDISON,1402,3600 N ELSTON AVE,07/18/2017,2,1154106.95251778,1923731.036211081,41.946549165,-87.708952626,"(41.94654916480637, -87.70895262603513)"
WESTERN AND FULLERTON,1671,2400 N WESTERN AVENUE,07/18/2017,12,1159923.309342995,1915897.778561358,41.924935944,-87.687790255,"(41.92493594409127, -87.68779025471278)"
63RD AND STATE,2712,6300 S STATE ST,07/18/2017,6,1177303.801895084,1863220.216755923,41.780008277,-87.625522512,"(41.78000827740796, -87.6255225119157)"
CLARK AND IRVING PARK,1091,4000 N CLARK STREET,07/18/2017,2,1166736.149822904,1926699.323624709,41.954432441,-87.662446259,"(41.95443244141688, -87.66244625914061)"
LARAMIE AND MADISON,2043,5200 W MADISON STREET,07/18/2017,3,1141706.965522802,1899567.55684314,41.880480752,-87.755130433,"(41.88048075170171, -87.75513043296509)"
MILWAUKEE AND MONTROSE,1362,4400 N MILWAUKEE AVEN,07/18/2017,4,1141643.943268783,1928770.256316239,41.96061723,-87.75463824,"(41.9606172296957, -87.75463824007085)"
FOSTER AND NAGLE,1031,5200 N NAGLE,11/23/2016,13,1132529.656558223,1934201.702060651,41.97568567,-87.788020406,"(41.97568566971868, -87.78802040620296)"
CHICAGO AND CLARK,1964,100 W CHICAGO AVENUE,07/18/2017,3,1175374.528739575,1905745.47783364,41.896744347,-87.631321248,"(41.896744346875806, -87.63132124815151)"
WESTERN AND CHICAGO,1943,2400 W CHICAGO AVE,07/18/2017,1,1160226.686812944,1905300.904544474,41.895851041,-87.686968935,"(41.895851041123755, -87.68696893468467)"
35TH AND WESTERN,2091,3500 S WESTERN,07/18/2017,3,1160894.949857101,1881376.851112895,41.830187255,-87.685177925,"(41.83018725526863, -87.68517792510231)"
CALIFORNIA AND DIVERSEY,1514,2800 W DIVERSEY,07/18/2017,17,1157212.54253358,1918526.674434943,41.932205395,-87.697679244,"(41.93220539506452, -87.6976792438691)"
KIMBALL AND DIVERSEY,1583,3400 W DIVERSEY AVENUE,07/18/2017,3,1153211.149172713,1918454.477800566,41.932087747,-87.71238583,"(41.932087747378944, -87.71238582951281)"
PULASKI AND DIVISION,1801,1200 N PULASKI ROAD,07/18/2017,3,1149459.590666926,1907723.219884254,41.902713902,-87.726451457,"(41.902713901936174, -87.72645145715836)"
LAKE SHORE DR AND BELMONT,1413,400 W BELMONT AVE,07/18/2017,41,1172981.744869382,1921577.376128802,41.940241193,-87.639639114,"(41.94024119325571, -87.63963911427594)"
PULASKI AND FULLERTON,1484,4000 W FULLERTON AVE,07/18/2017,6,1149303.081963737,1915695.275222648,41.924593022,-87.726819268,"(41.92459302175305, -87.7268192684032)"
HALSTED AND DIVISION,1714,800 W DIVISION,07/18/2017,7,1170767.827960358,1908259.644151662,41.903745557,-87.648167011,"(41.90374555734733, -87.64816701062779)"
CALIFORNIA AND DIVERSEY,1513,2800 W DIVERSEY,07/18/2017,4,1157212.54253358,1918526.674434943,41.932205395,-87.697679244,"(41.93220539506452, -87.6976792438691)"
DAMEN AND DIVERSEY,1462,2800 N DAMEN AVENUE,11/16/2016,3,1162490.04851994,1918611.623717091,41.932329494,-87.678282719,"(41.9323294940985, -87.67828271931386)"
RIDGE AND CLARK,1051,5930 N CLARK STREET,07/18/2017,1,1164554.784723473,1939388.511516442,41.98929863,-87.670104121,"(41.98929863013193, -87.67010412112992)"
OGDEN AND KOSTNER,2222,2348 S KOSTNER AVENUE,11/23/2016,15,1147394.548182079,1887795.177782082,41.848068845,-87.734547457,"(41.8480688449598, -87.73454745748458)"
SACRAMENTO AND CHICAGO,1812,800 N SACRAMENTO AVEN,07/18/2017,6,1156039.008141929,1905193.084100581,41.895640714,-87.702352328,"(41.89564071387542, -87.70235232767416)"
PULASKI AND 63RD,2343,4000 W 63RD ST,07/18/2017,3,1150768.346768175,1862564.615405259,41.77876739,-87.722823195,"(41.778767390084305, -87.72282319530368)"
ASHLAND AND LAWRENCE,1142,4800 N ASHLAND AVENUE,07/18/2017,4,1164751.686785145,1932001.206626392,41.96902343,-87.669590434,"(41.969023429614026, -87.66959043354217)"
55TH AND WESTERN,2212,5500 S WESTERN AVE,07/18/2017,4,1161269.521335262,1867963.111601251,41.793370554,-87.684175377,"(41.79337055433029, -87.6841753767592)"
PULASKI AND ARCHER,2154,5000 S ARCHER AVE,07/18/2017,1,1150501.818909837,1871162.311703322,41.802365973,-87.723576766,"(41.80236597333895, -87.72357676611004)"
KEDZIE AND 31ST,2132,3100 S KEDZIE AVENUE,07/18/2017,6,1155483.167539854,1883867.660503274,41.837132671,-87.704967115,"(41.837132671422296, -87.70496711478727)"
ASHLAND AND FULLERTON,1652,2400 N ASHLAND AVENUE,07/18/2017,12,1165228.073342838,1916032.319169157,41.92519389,-87.668294363,"(41.92519388981048, -87.66829436339881)"
HARLEM AND BELMONT,1391,3200 N HARLEM AVE,07/18/2017,5,1127481.020995451,1920467.613239239,41.938084468,-87.806896749,"(41.93808446822169, -87.80689674887883)"
CENTRAL AND CHICAGO,1973,5600 W CHICAGO AVENUE,07/18/2017,1,1138858.856732452,1904825.827586656,41.894962293,-87.765460791,"(41.89496229349977, -87.76546079122906)"
75TH AND STATE,2621,7500 S STATE STREET,07/18/2017,15,1177538.763040612,1855235.551345519,41.758092176,-87.624902228,"(41.75809217638291, -87.6249022282473)"
CALIFORNIA AND DIVERSEY,1511,2800 N CALIFORNIA AVE,07/18/2017,5,1157189.355049829,1918495.644754069,41.932120719,-87.6977653,"(41.93212071910647, -87.69776530036465)"
99TH AND HALSTED,2433,800 W 99TH ST,07/18/2017,15,1172710.642565684,1839246.330602143,41.714323337,-87.643066714,"(41.71432333701137, -87.64306671421937)"
55TH and PULASKI,2244,4000 W 55TH ST,07/18/2017,5,1150621.676903861,1867864.274865394,41.793313334,-87.723223038,"(41.79331333358753, -87.72322303812588)"
ASHLAND AND LAWRENCE,1143,1600 W LAWRENCE AVENUE,07/18/2017,7,1164771.946929007,1931988.254061312,41.968987457,-87.669516307,"(41.96898745654617, -87.66951630654926)"
99TH AND HALSTED,2431,9900 S HALSTED ST,07/18/2017,14,1172689.754200318,1839171.652197216,41.714118868,-87.643145408,"(41.714118868089905, -87.64314540818165)"
ROOSEVELT AND HALSTED,2233,800 W ROOSEVELT ROAD,07/18/2017,21,1171199.282357741,1894968.056393724,41.867263098,-87.646972686,"(41.86726309836901, -87.64697268601648)"
31ST ST AND MARTIN LUTHER KING DRIVE,2123,400 E 31ST STREET,07/18/2017,1,1179437.985396417,1884565.84226022,41.838534018,-87.617046113,"(41.838534018118914, -87.61704611345726)"
PULASKI AND NORTH,1992,1600 N PULASKI AVENUE,05/08/2017,1,1149432.959240306,1910369.112502195,41.90997501,-87.726480523,"(41.909975010236906, -87.72648052306623)"
WENTWORTH AND GARFIELD,2264,200 W GARFIELD BLVD,07/18/2017,6,1175889.574397302,1868551.750512227,41.794670385,-87.630547476,"(41.79467038468937, -87.63054747605638)"
HOLLYWOOD AND SHERIDAN,1344,1000 W HOLLYWOOD AVE,07/18/2017,10,1168580.228926466,1938090.295189338,41.985649799,-87.655335807,"(41.98564979859328, -87.65533580655139)"
71ST AND ASHLAND,2391,7100 S ASHLAND,07/18/2017,8,1166868.379865725,1857616.168087255,41.764859382,-87.663940176,"(41.764859382425385, -87.66394017630476)"
DAMEN AND 63RD,2701,6300 S DAMEN AVENUE,03/18/2017,3,1164069.407943298,1862830.277442834,41.779226921,-87.674052731,"(41.77922692069256, -87.67405273137854)"
63RD AND STATE,2714,1 E 63RD ST,07/18/2017,10,1177367.518733101,1863199.17768559,41.779949105,-87.625289553,"(41.779949104569106, -87.62528955333775)"
CLARK AND IRVING PARK,1093,1300 W IRVING PARK ROAD,07/18/2017,6,1166777.545456989,1926719.73687357,41.954487567,-87.662293496,"(41.95448756687966, -87.66229349585691)"
FULLERTON AND NARRAGANSETT,1553,6400 W FULLERTON AVENU,07/18/2017,1,1133317.594499059,1915293.661305931,41.923786189,-87.785567206,"(41.92378618871128, -87.78556720562165)"
LASALLE AND KINZIE,1921,400 N LASALLE,03/02/2017,5,1175028.579766798,1903002.552291359,41.889225372,-87.632674115,"(41.88922537162015, -87.63267411498495)"
WESTERN AND MARQUETTE,2674,2400 W MARQUETTE ROAD,07/18/2017,1,1161509.889315231,1860208.627404126,41.772086214,-87.683508858,"(41.772086214104526, -87.68350885781568)"
HOMAN/KIMBALL AND NORTH,1773,3400 W NORTH AVE,04/20/2017,9,1153386.578905125,1910465.87061722,41.910162847,-87.711953868,"(41.91016284680269, -87.71195386769125)"
ADDISON AND HARLEM,1593,7200 W ADDISON,07/18/2017,1,1127417.488447099,1923123.407710965,41.945373358,-87.807070326,"(41.94537335809189, -87.80707032561135)"
WESTERN AND CERMAK,1003,2400 W CERMAK ROAD,07/18/2017,2,1160678.000607329,1889375.645335924,41.852141307,-87.685752642,"(41.85214130680468, -87.6857526415569)"
CICERO AND NORTH,2033,4800 W NORTH AVENUE,07/18/2017,5,1144053.733747163,1910243.80567041,41.90973389,-87.746244973,"(41.909733890131285, -87.74624497295898)"
WESTERN AND DEVON,1212,6400 N WESTERN AVENUE,07/18/2017,4,1159113.585759434,1942451.622367891,41.997817807,-87.690033035,"(41.997817807026, -87.69003303469276)"
CALIFORNIA AND DEVON,1323,2800 W DEVON AVENUE,07/18/2017,6,1156484.528078038,1942377.980662191,41.997669523,-87.699706423,"(41.99766952286052, -87.69970642324591)"
STONY ISLAND/CORNELL AND 67TH,2721,6700 S STONY ISLAND A,07/18/2017,8,1187984.143047539,1860863.338367666,41.773292896,-87.586442368,"(41.77329289585066, -87.58644236831432)"
IRVING PARK AND LARAMIE,1534,5200 W IRVING PARK ROA,07/18/2017,1,,,,,
ARCHER AND CICERO,2081,5200 S CICERO AVE,07/18/2017,18,1145195.931989777,1869737.708306623,41.798558278,-87.743071866,"(41.798558278193305, -87.74307186616427)"
CERMAK AND PULASKI,2334,4000 W CERMAK,07/18/2017,8,1150018.476053666,1889120.238540361,41.851654369,-87.724882975,"(41.85165436867626, -87.7248829753078)"
79TH AND HALSTED,2541,7900 S HALSTED STREET,07/18/2017,6,1172298.707400847,1852444.344822186,41.750549559,-87.644188368,"(41.750549559438944, -87.64418836784098)"
PULASKI AND FOSTER,1102,5200 N PULASKI RD,05/08/2017,2,1148746.251286324,1934286.914361976,41.97562074,-87.728383135,"(41.97562073966174, -87.72838313514907)"
COTTAGE GROVE AND 71ST,2571,7100 S COTTAGE GROVE,07/18/2017,1,1182746.23698699,1858088.011064538,41.765800351,-87.605729127,"(41.76580035131893, -87.6057291269901)"
WESTERN AND DEVON,1211,6400 N WESTERN AVENUE,07/18/2017,1,1159113.585759434,1942451.622367891,41.997817807,-87.690033035,"(41.997817807026, -87.69003303469276)"
CICERO AND FULLERTON,1472,2400 N CICERO AVE,07/18/2017,2,1143961.592189569,1915545.343094087,41.92428359,-87.74645019,"(41.92428358982701, -87.74645019028947)"
LAWRENCE AND CICERO,1042,4800 N CICERO AVENUE,07/18/2017,6,1143464.651785526,1931490.551883203,41.968048007,-87.747875985,"(41.968048007293845, -87.74787598468126)"
PULASKI AND FULLERTON,1481,2400 N PULASKI RD,07/18/2017,2,1149275.963864089,1915687.631931757,41.924572574,-87.726919111,"(41.92457257416937, -87.72691911144182)"
MONTROSE AND WESTERN,1224,2400 W MONTROSE AVENUE,07/18/2017,2,1159562.971802959,1929191.337701253,41.961421726,-87.68874698,"(41.961421726406314, -87.68874697983858)"
IRVING PARK AND NARRAGANSETT,1024,6400 W IRVING PK,07/18/2017,1,1132945.939118726,1925946.304925137,41.953024751,-87.786683238,"(41.95302475075328, -87.78668323766634)"
KEDZIE AND 71ST,2354,3200 W 71ST STREET,03/31/2017,1,1156246.862901455,1857404.014959868,41.764497433,-87.702877023,"(41.76449743256955, -87.70287702335861)"
ASHLAND AND 95TH,2472,9500 S ASHLAND AVENUE,07/18/2017,4,1167295.830128711,1841695.121217916,41.721160612,-87.662828139,"(41.72116061205213, -87.66282813939165)"
FOSTER AND BROADWAY,1111,5200 N BROADWAY ST,07/18/2017,7,1167334.508577915,1934714.008346532,41.976412143,-87.660015082,"(41.97641214294823, -87.66001508205365)"
CICERO AND DIVERSEY,1694,4800 W DIVERSEY AVENUE,07/18/2017,1,1143869.848167704,1918226.043989398,41.93164142,-87.746719911,"(41.93164142040689, -87.7467199106462)"
CENTRAL AND LAKE,1743,5600 W LAKE STREET,07/18/2017,6,1138951.495695032,1902230.510465733,41.887838735,-87.765183663,"(41.887838735330206, -87.76518366338465)"
ASHLAND AND FULLERTON,1652,2400 N ASHLAND AVENUE,11/23/2016,7,1165228.073342838,1916032.319169157,41.92519389,-87.668294363,"(41.92519388981048, -87.66829436339881)"
KEDZIE AND 26TH,2382,2600 S KEDZIE AVENUE,11/16/2016,1,1155404.235510285,1886524.460033054,41.844424831,-87.705185452,"(41.84442483084393, -87.70518545233183)"
ARCHER AND CICERO,2084,5400 S ARCHER AVE,07/18/2017,14,1145209.426392053,1869810.657411975,41.798758208,-87.743020541,"(41.798758207843264, -87.74302054146467)"
JEFFERY AND 95TH,2523,2000 E 95TH ST,07/18/2017,5,1191188.381103057,1842410.411853539,41.722579473,-87.575292523,"(41.722579473126416, -87.57529252250366)"
CICERO AND 47TH,2204,4800 W 47TH ST,07/18/2017,7,1145130.048925744,1873078.44198302,41.807727017,-87.743229366,"(41.80772701677172, -87.74322936566276)"
LARAMIE AND FULLERTON,1421,2400 N LARAMIE AVENUE,07/18/2017,1,1141282.877477884,1915479.163971956,41.924151874,-87.756294662,"(41.92415187425276, -87.75629466175003)"
AUSTIN AND ADDISON,1493,6000 W ADDISON STREET,07/18/2017,3,1135698.173154422,1923360.229527805,41.945879676,-87.776627421,"(41.94587967559099, -87.77662742093737)"
ASHLAND AND 87TH,2454,1600 W 87TH ST,07/18/2017,7,1167171.941297436,1847064.855345151,41.735898617,-87.663128781,"(41.735898617066006, -87.66312878090133)"
ROOSEVELT AND HALSTED,2234,800 W ROOSEVELT ROAD,12/28/2017,8,1171199.282357741,1894968.056393724,41.867263098,-87.646972686,"(41.86726309836901, -87.64697268601648)"
WESTERN AND FOSTER,1072,5200 N WESTERN AVE,12/28/2017,3,1159372.922497116,1934478.313674003,41.975933372,-87.689299589,"(41.97593337199358, -87.6892995891816)"
CALIFORNIA AND DIVERSEY,1514,2800 W DIVERSEY,12/28/2017,28,1157212.54253358,1918526.674434943,41.932205395,-87.697679244,"(41.93220539506452, -87.6976792438691)"
PULASKI AND DIVISION,1802,1200 N PULASKI ROAD,12/28/2017,4,1149459.590666926,1907723.219884254,41.902713902,-87.726451457,"(41.902713901936174, -87.72645145715836)"
CENTRAL AND DIVERSEY,1642,2800 N CENTRAL AVENUE,12/28/2017,2,1138516.407377375,1918089.499227987,41.931365552,-87.766396529,"(41.93136555236339, -87.76639652879172)"
PULASKI AND ARCHER,2153,5000 S ARCHER AVE,12/28/2017,1,1150501.818909837,1871162.311703322,41.802365973,-87.723576766,"(41.80236597333895, -87.72357676611004)"
MILWAUKEE AND MONTROSE,1362,4400 N MILWAUKEE AVEN,12/28/2017,1,1141643.943268783,1928770.256316239,41.96061723,-87.75463824,"(41.9606172296957, -87.75463824007085)"
SHERIDAN AND FOSTER,1132,5200 N SHERIDAN ROAD,12/28/2017,2,1168661.623718229,1934753.842272756,41.976492721,-87.655133605,"(41.97649272077833, -87.65513360456677)"
LARAMIE AND MADISON,2044,5200 W MADISON STREET,12/28/2017,7,1141706.965522802,1899567.55684314,41.880480752,-87.755130433,"(41.88048075170171, -87.75513043296509)"
HOLLYWOOD AND SHERIDAN,1343,1000 W HOLLYWOOD AVE,12/28/2017,4,1168580.228926466,1938090.295189338,41.985649799,-87.655335807,"(41.98564979859328, -87.65533580655139)"
BELMONT AND KEDZIE,1372,3200 N KEDZIE AVE,12/28/2017,8,1154426.977874407,1921110.466549542,41.93935173,-87.707846594,"(41.93935173030961, -87.70784659359776)"
CICERO AND NORTH,2034,4800 W NORTH AVENUE,12/28/2017,5,1144053.733747163,1910243.80567041,41.90973389,-87.746244973,"(41.909733890131285, -87.74624497295898)"
PULASKI AND CHICAGO,1983,4000 W CHICAGO AVENUE,12/28/2017,3,1149561.855939692,1905086.596446259,41.895476752,-87.72614436,"(41.89547675163723, -87.72614435991626)"
31ST ST AND MARTIN LUTHER KING DRIVE,2123,400 E 31ST STREET,12/28/2017,2,1179437.985396417,1884565.84226022,41.838534018,-87.617046113,"(41.838534018118914, -87.61704611345726)"
KEDZIE AND 47TH,2101,4700 S KEDZIE AVE,12/28/2017,5,1155791.949302478,1873270.778481327,41.808047272,-87.704118822,"(41.80804727165029, -87.70411882229871)"
31ST ST AND MARTIN LUTHER KING DRIVE,2121,3100 S DR MARTIN L KING,12/28/2017,5,,,,,
IRVING PARK AND NARRAGANSETT,1023,6400 W IRVING PK,12/28/2017,1,1132945.939118726,1925946.304925137,41.953024751,-87.786683238,"(41.95302475075328, -87.78668323766634)"
HALSTED AND MADISON,1872,1 N HALSTED STREET,12/28/2017,7,1171090.967986833,1900270.454015136,41.881815632,-87.647214717,"(41.88181563164203, -87.64721471704077)"
JEFFERY AND 95TH,2522,9500 S JEFFERY AVE,12/28/2017,1,1191132.420601301,1842335.735988875,41.722375907,-87.575499903,"(41.72237590704101, -87.57549990332795)"
CICERO AND FULLERTON,1472,2400 N CICERO AVE,12/28/2017,1,1143961.592189569,1915545.343094087,41.92428359,-87.74645019,"(41.92428358982701, -87.74645019028947)"
87TH AND VINCENNES,2412,8700 S VINCENNES,07/19/2017,9,1172026.328989535,1847142.496643776,41.736006565,-87.645341819,"(41.73600656458518, -87.64534181897955)"
STONY ISLAND/CORNELL AND 67TH,2721,6700 S STONY ISLAND A,07/19/2017,3,1187984.143047539,1860863.338367666,41.773292896,-87.586442368,"(41.77329289585066, -87.58644236831432)"
HALSTED AND 95TH,2581,9500 S HALSTED STREET,07/19/2017,12,1172610.538363645,1841811.61926207,41.721365061,-87.643358042,"(41.72136506078306, -87.64335804234075)"
CICERO AND NORTH,2033,4800 W NORTH AVENUE,07/19/2017,8,1144053.733747163,1910243.80567041,41.90973389,-87.746244973,"(41.909733890131285, -87.74624497295898)"
MONTROSE AND WESTERN,1221,4400 N WESTERN AVENUE,07/19/2017,1,1159539.733234718,1929183.918095502,41.961401846,-87.688832623,"(41.961401846278505, -87.6888326227788)"
CENTRAL AND ADDISON,1682,3600 N CENTRAL AVENUE,07/19/2017,7,1138343.117435682,1923392.067464765,41.945919491,-87.766904594,"(41.945919490555106, -87.76690459426293)"
WESTERN AND 79TH,2481,7900 S WESTERN AVE,07/19/2017,3,1161711.516404028,1852181.685686118,41.750054934,-87.682992203,"(41.750054933649984, -87.68299220290213)"
ROOSEVELT AND PULASKI,2314,4000 W ROOSEVELT ROAD,07/19/2017,3,1149885.032049683,1894449.464076882,41.866281003,-87.72523422,"(41.866281002664536, -87.72523421983905)"
HOLLYWOOD AND SHERIDAN,1344,1000 W HOLLYWOOD AVE,07/19/2017,8,1168580.228926466,1938090.295189338,41.985649799,-87.655335807,"(41.98564979859328, -87.65533580655139)"
HALSTED AND DIVISION,1711,1200 N HALSTED,07/19/2017,6,1170746.639428735,1908242.256010774,41.903698308,-87.648245351,"(41.90369830765008, -87.64824535062563)"
CICERO AND 47TH,2202,4700 S CICERO AVE,07/19/2017,1,1145112.150373471,1873006.659918126,41.807530373,-87.743296821,"(41.80753037289406, -87.7432968212423)"
LARAMIE AND MADISON,2043,5200 W MADISON STREET,07/19/2017,2,1141706.965522802,1899567.55684314,41.880480752,-87.755130433,"(41.88048075170171, -87.75513043296509)"
STATE AND 79TH,2654,1 E 79TH STREET,03/18/2017,51,1177680.113652821,1852598.313477786,41.750852096,-87.624463832,"(41.75085209551078, -87.62446383210285)"
STONEY ISLAND AND 76TH,2632,7600 S STONY ISLAND A,07/19/2017,19,1188092.796191935,1854889.354158304,41.756897173,-87.586234285,"(41.75689717260223, -87.58623428506996)"
FULLERTON AND NARRAGANSETT,1553,6400 W FULLERTON AVENU,07/19/2017,3,1133317.594499059,1915293.661305931,41.923786189,-87.785567206,"(41.92378618871128, -87.78556720562165)"
PULASKI AND 63RD,2342,6300 S PULASKI RD,07/19/2017,7,1150746.00309079,1862516.747695325,41.778636469,-87.722906356,"(41.77863646878099, -87.72290635568541)"
CENTRAL AND CHICAGO,1972,800 N CENTRAL AVENUE,07/19/2017,2,1138836.562608552,1904801.732832435,41.894896579,-87.765543258,"(41.89489657939746, -87.76554325845893)"
MADISON AND WESTERN,1934,2400 W MADISON,07/19/2017,3,1160384.621277157,1899988.655722373,41.881270504,-87.68653594,"(41.88127050428818, -87.68653594017124)"
CALIFORNIA AND PETERSON,1313,2800 W PETERSON AVENUE,07/19/2017,4,1156569.515341857,1939784.830544118,41.990552082,-87.699464396,"(41.990552081681564, -87.69946439622785)"
CICERO AND HARRISON,2022,600 S CICERO AVENUE,07/19/2017,5,1144444.97442848,1896894.622216872,41.873094833,-87.745143869,"(41.873094832519136, -87.74514386884542)"
IRVING PARK AND KILPATRICK,2763,4700 W IRVING PARK ROA,07/19/2017,8,,,,,
PULASKI AND FULLERTON,1484,4000 W FULLERTON AVE,07/19/2017,6,1149303.081963737,1915695.275222648,41.924593022,-87.726819268,"(41.92459302175305, -87.7268192684032)"
IRVING PARK AND NARRAGANSETT,1024,6400 W IRVING PK,07/19/2017,3,1132945.939118726,1925946.304925137,41.953024751,-87.786683238,"(41.95302475075328, -87.78668323766634)"
ASHLAND AND FULLERTON,1652,2400 N ASHLAND AVENUE,07/19/2017,5,1165228.073342838,1916032.319169157,41.92519389,-87.668294363,"(41.92519388981048, -87.66829436339881)"
HARLEM AND BELMONT,1394,7200 W BELMONT AVE,03/02/2017,4,1127504.698153561,1920475.415440844,41.938105479,-87.806809552,"(41.93810547939496, -87.80680955240743)"
CENTRAL AND ADDISON,1683,5600 W ADDISON STREET,07/19/2017,1,1138349.663302502,1923416.02157061,41.945985104,-87.766879952,"(41.94598510430888, -87.76687995165918)"
ELSTON AND ADDISON,1402,3600 N ELSTON AVE,07/19/2017,2,1154106.95251778,1923731.036211081,41.946549165,-87.708952626,"(41.94654916480637, -87.70895262603513)"
AUSTIN AND ADDISON,1491,3600 N AUSTIN AVENUE,07/19/2017,3,1135691.599896458,1923335.967306169,41.945813215,-87.776652162,"(41.9458132146695, -87.77665216156436)"
31ST ST AND MARTIN LUTHER KING DRIVE,2123,400 E 31ST STREET,07/19/2017,5,1179437.985396417,1884565.84226022,41.838534018,-87.617046113,"(41.838534018118914, -87.61704611345726)"
WESTERN AND TOUHY,1252,7200 N WESTERN AVENUE,07/19/2017,3,1158975.66256211,1947754.286963361,42.012371335,-87.690393917,"(42.012371334791766, -87.69039391737863)"
FOSTER AND BROADWAY,1113,1200 W FOSTER AVE,07/19/2017,4,1167357.095930752,1934721.393266777,41.97643192,-87.659931806,"(41.97643192018459, -87.65993180604016)"
KEDZIE AND 63RD,2364,3200 W 63RD ST,11/16/2016,1,1156103.348831225,1862717.565210739,41.779081505,-87.703260365,"(41.77908150488341, -87.70326036544745)"
AUSTIN AND IRVING PARK,1161,4000 N AUSTIN AVENUE,07/19/2017,7,1135599.956110927,1926006.862619986,41.953144059,-87.776925284,"(41.95314405904539, -87.77692528423394)"
55TH AND WESTERN,2213,2400 W 55TH STREET,07/19/2017,7,1161277.012730599,1868185.749490228,41.793981347,-87.684141741,"(41.7939813465735, -87.68414174128355)"
PULASKI AND ARMITAGE,1844,4000 W ARMITAGE AVENUE,07/19/2017,3,1149375.428872108,1913028.984273181,41.917275069,-87.726622746,"(41.91727506940875, -87.72662274644799)"
KEDZIE AND 31ST,2134,3200 W 31ST STREET,07/19/2017,1,1155487.128005646,1883943.061106793,41.8373395,-87.704950558,"(41.83733950029648, -87.70495055800411)"
KOSTNER AND NORTH,2013,4400 W NORTH,07/19/2017,7,1146738.551618032,1910309.595368032,41.909863573,-87.736380296,"(41.90986357340246, -87.73638029605371)"
CICERO AND HARRISON,2023,4800 W HARRISON STREET,07/19/2017,3,1144451.867388303,1896949.561959463,41.873245464,-87.745117179,"(41.873245464379586, -87.7451171788807)"
HALSTED AND FULLERTON,1701,2400 N HALSTED STREET,07/19/2017,2,1170501.602639925,1916200.061550148,41.925540315,-87.648912156,"(41.925540315431995, -87.64891215551155)"
KEDZIE AND 71ST,2352,7100 S KEDZIE AVENUE,07/19/2017,4,1156225.540366296,1857330.103443232,41.764295037,-87.702957162,"(41.764295036756856, -87.70295716211793)"
WENTWORTH AND GARFIELD,2261,5500 S WENTWORTH AVEN,07/19/2017,20,,,,,
PULASKI AND NORTH,1992,1600 N PULASKI AVENUE,07/19/2017,5,1149432.959240306,1910369.112502195,41.90997501,-87.726480523,"(41.909975010236906, -87.72648052306623)"
PULASKI AND BELMONT,1382,3200 N PULASKI RD,07/19/2017,7,1149125.621478734,1920994.556178086,41.939138154,-87.72733371,"(41.939138153500274, -87.7273337101426)"
PULASKI AND LAWRENCE,1173,4000 W LAWRENCE AVENUE,07/19/2017,4,1148844.220085601,1931638.45430438,41.968351285,-87.728091672,"(41.96835128527914, -87.72809167198088)"
IRVING PARK AND NARRAGANSETT,1023,6400 W IRVING PK,07/19/2017,1,1132945.939118726,1925946.304925137,41.953024751,-87.786683238,"(41.95302475075328, -87.78668323766634)"
HALSTED AND FULLERTON,1704,800 W FULLERTON AVENUE,07/19/2017,3,1170525.624723311,1916208.443992778,41.925562791,-87.648823641,"(41.92556279107417, -87.64882364145232)"
LAWRENCE AND CICERO,1041,4800 N CICERO AVE,07/19/2017,6,1143464.651785526,1931490.551883203,41.968048007,-87.747875985,"(41.968048007293845, -87.74787598468126)"
STONY ISLAND/CORNELL AND 67TH,2721,6700 S STONY ISLAND A,03/31/2017,10,1187984.143047539,1860863.338367666,41.773292896,-87.586442368,"(41.77329289585066, -87.58644236831432)"
RIDGE AND CLARK,1052,5930 N CLARK STREET,07/19/2017,1,1164554.784723473,1939388.511516442,41.98929863,-87.670104121,"(41.98929863013193, -87.67010412112992)"
ROOSEVELT AND KOSTNER,2321,1200 S KOSTNER,07/19/2017,7,1147196.304001978,1894305.883269746,41.865938839,-87.735108549,"(41.8659388389088, -87.73510854901264)"
IRVING PARK AND CALIFORNIA,1233,2800 W IRVING PARK ROA,07/19/2017,6,,,,,
ROOSEVELT AND HALSTED,2233,800 W ROOSEVELT ROAD,11/23/2016,5,1171199.282357741,1894968.056393724,41.867263098,-87.646972686,"(41.86726309836901, -87.64697268601648)"
LAKE SHORE DR AND BELMONT,1413,400 W BELMONT AVE,07/19/2017,46,1172981.744869382,1921577.376128802,41.940241193,-87.639639114,"(41.94024119325571, -87.63963911427594)"
WESTERN AND MARQUETTE,2674,2400 W MARQUETTE ROAD,07/19/2017,1,1161509.889315231,1860208.627404126,41.772086214,-87.683508858,"(41.772086214104526, -87.68350885781568)"
CALIFORNIA AND DIVERSEY,1514,2800 W DIVERSEY,07/19/2017,14,1157212.54253358,1918526.674434943,41.932205395,-87.697679244,"(41.93220539506452, -87.6976792438691)"
119TH AND HALSTED,2404,800 W 119TH STREET,07/19/2017,2,1173111.174088158,1825985.001014405,41.677923389,-87.641989646,"(41.677923389134385, -87.64198964584013)"
CICERO AND WASHINGTON,1891,100 N CICERO AVENUE,07/19/2017,9,1144328.984091479,1900095.170838459,41.88187971,-87.745489247,"(41.88187970991601, -87.7454892473012)"
HALSTED AND NORTH,1764,800 W NORTH AVENUE,07/19/2017,3,1170700.68422007,1910913.190749698,41.91102851,-87.648335806,"(41.91102850981186, -87.64833580602037)"
PULASKI AND FOSTER,1104,4000 W FOSTER AVE,07/19/2017,10,1148759.16134887,1934294.249006446,41.975640616,-87.728335469,"(41.975640616231914, -87.72833546926573)"
HALSTED AND 103RD,2592,10300 S HALSTED STREE,07/19/2017,1,,,,,
STONY ISLAND/CORNELL AND 67TH,2731,6700 S CORNELL DRIVE,07/18/2017,11,1188316.454860734,1860851.137456735,41.77325149,-87.5852246,"(41.77325148959568, -87.58522459967712)"
35TH AND WESTERN,2092,3500 S WESTERN,07/19/2017,4,1160894.949857101,1881376.851112895,41.830187255,-87.685177925,"(41.83018725526863, -87.68517792510231)"
LASALLE AND KINZIE,1921,400 N LASALLE,07/19/2017,4,1175028.579766798,1903002.552291359,41.889225372,-87.632674115,"(41.88922537162015, -87.63267411498495)"
OGDEN AND KOSTNER,2222,2348 S KOSTNER AVENUE,07/19/2017,6,1147394.548182079,1887795.177782082,41.848068845,-87.734547457,"(41.8480688449598, -87.73454745748458)"
87TH AND VINCENNES,2413,848 W 87TH STREET,07/19/2017,11,1172002.531006759,1847197.326168367,41.736157546,-87.6454274,"(41.73615754630335, -87.64542740049411)"
PULASKI AND ARMITAGE,1843,4000 W ARMITAGE AVENUE,07/19/2017,1,1149375.428872108,1913028.984273181,41.917275069,-87.726622746,"(41.91727506940875, -87.72662274644799)"
71ST AND ASHLAND,2391,7100 S ASHLAND,07/19/2017,5,1166868.379865725,1857616.168087255,41.764859382,-87.663940176,"(41.764859382425385, -87.66394017630476)"
FOSTER AND NAGLE,1034,6400 W FOSTER,07/19/2017,1,1132552.893142153,1934229.875527466,41.975762574,-87.787934296,"(41.97576257447203, -87.7879342955108)"
ASHLAND AND MADISON,1911,0 N ASHLAND AVE,03/31/2017,7,,,,,
55TH AND KEDZIE,2163,3200 W 55TH STREET,07/19/2017,5,1155966.956993183,1868015.593764152,41.793622803,-87.703618141,"(41.79362280329978, -87.70361814062049)"
79TH AND KEDZIE,2443,3200 W 79TH ST,07/19/2017,5,1156402.644780165,1852104.649370984,41.749952001,-87.702448478,"(41.74995200142266, -87.70244847808695)"
CICERO AND DIVERSEY,1691,2800 N CICERO AVENUE,07/19/2017,5,1143863.647574835,1918202.018463414,41.931575608,-87.746743301,"(41.93157560844622, -87.74674330113561)"
FOSTER AND NAGLE,1031,5200 N NAGLE,11/22/2016,11,1132529.656558223,1934201.702060651,41.97568567,-87.788020406,"(41.97568566971868, -87.78802040620296)"
CENTRAL AND IRVING PARK,1183,5600 W IRVING PARK ROAD,07/19/2017,3,1138281.535484986,1926078.647777633,41.953292847,-87.767065708,"(41.953292847298, -87.76706570775266)"
CENTRAL AND LAKE,1743,5600 W LAKE STREET,07/19/2017,5,1138951.495695032,1902230.510465733,41.887838735,-87.765183663,"(41.887838735330206, -87.76518366338465)"
DIVISION AND DAMEN,1733,2000 W DIVISION,07/19/2017,9,1162815.710860194,1908034.672555531,41.903298793,-87.677383247,"(41.903298792681944, -87.67738324739636)"
HALSTED AND NORTH,1761,1600 N HALSTED STREET,07/19/2017,10,1170678.283433825,1910880.991397547,41.910940644,-87.648419043,"(41.91094064391597, -87.64841904272998)"
WESTERN AND FULLERTON,1672,2400 N WESTERN AVENUE,07/19/2017,1,1159923.309342995,1915897.778561358,41.924935944,-87.687790255,"(41.92493594409127, -87.68779025471278)"
LAWRENCE AND CICERO,1042,4800 N CICERO AVENUE,07/19/2017,9,1143464.651785526,1931490.551883203,41.968048007,-87.747875985,"(41.968048007293845, -87.74787598468126)"
79TH AND HALSTED,2541,7900 S HALSTED STREET,07/19/2017,5,1172298.707400847,1852444.344822186,41.750549559,-87.644188368,"(41.750549559438944, -87.64418836784098)"
WESTERN AND NORTH,1851,1600 N WESTERN AVE,07/19/2017,4,1160077.474351131,1910605.013316134,41.910409024,-87.687370268,"(41.91040902362901, -87.687370268401)"
PULASKI AND DIVERSEY,1543,4000 W DIVERSEY AVENUE,07/19/2017,3,1149206.496130705,1918356.569267582,41.931897723,-87.72710503,"(41.9318977231462, -87.72710503045386)"
PULASKI AND 63RD,2343,4000 W 63RD ST,07/19/2017,3,1150768.346768175,1862564.615405259,41.77876739,-87.722823195,"(41.778767390084305, -87.72282319530368)"
CICERO AND NORTH,2034,4800 W NORTH AVENUE,07/19/2017,2,1144053.733747163,1910243.80567041,41.90973389,-87.746244973,"(41.909733890131285, -87.74624497295898)"
55TH AND WESTERN,2212,5500 S WESTERN AVE,07/19/2017,7,1161269.521335262,1867963.111601251,41.793370554,-87.684175377,"(41.79337055433029, -87.6841753767592)"
MILWAUKEE AND MONTROSE,1362,4400 N MILWAUKEE AVEN,07/19/2017,2,1141643.943268783,1928770.256316239,41.96061723,-87.75463824,"(41.9606172296957, -87.75463824007085)"
KEDZIE AND 47TH,2104,3200 W 47TH ST,07/19/2017,3,1155815.231505056,1873336.169728074,41.808226246,-87.704031672,"(41.808226246244026, -87.70403167215984)"
PETERSON AND WESTERN,1011,6000 N WESTERN AVE,07/19/2017,6,1159190.625032041,1939816.75471116,41.990586042,-87.689822473,"(41.99058604241958, -87.68982247294417)"
WESTERN AND 63RD,2371,6300 S WESTERN AVE,07/19/2017,2,1161415.712688877,1862772.38856596,41.779123484,-87.683783099,"(41.77912348383963, -87.68378309863576)"
ROOSEVELT AND HALSTED,2233,800 W ROOSEVELT ROAD,07/19/2017,11,1171199.282357741,1894968.056393724,41.867263098,-87.646972686,"(41.86726309836901, -87.64697268601648)"
ROOSEVELT AND HALSTED,2234,800 W ROOSEVELT ROAD,07/19/2017,13,1171199.282357741,1894968.056393724,41.867263098,-87.646972686,"(41.86726309836901, -87.64697268601648)"
CICERO AND I55,2251,4200 S CICERO AVENUE,07/19/2017,67,1145023.742859509,1876358.276835519,41.816729387,-87.743536712,"(41.81672938674739, -87.74353671247594)"
CICERO AND DIVERSEY,1694,4800 W DIVERSEY AVENUE,07/19/2017,2,1143869.848167704,1918226.043989398,41.93164142,-87.746719911,"(41.93164142040689, -87.7467199106462)"
COTTAGE GROVE AND 71ST,2572,7100 S COTTAGE GROVE,07/19/2017,5,1182746.23698699,1858088.011064538,41.765800351,-87.605729127,"(41.76580035131893, -87.6057291269901)"
119TH AND HALSTED,2402,11900 S HALSTED,03/31/2017,7,1173094.774616191,1825911.054609338,41.677720829,-87.642051845,"(41.67772082924762, -87.64205184498218)"
CICERO AND NORTH,2034,4800 W NORTH AVENUE,05/08/2017,3,1144053.733747163,1910243.80567041,41.90973389,-87.746244973,"(41.909733890131285, -87.74624497295898)"
TOUHY AND OSCEOLA,1244,7432 W TOUHY AVENUE,07/19/2017,1,1125717.010560011,1947269.685461107,42.011661765,-87.812781431,"(42.01166176507329, -87.81278143114147)"
IRVING PARK AND LARAMIE,1534,5200 W IRVING PARK ROA,07/19/2017,2,,,,,
CICERO AND CHICAGO,1783,4800 W CHICAGO AVENUE,07/19/2017,3,1144175.291152764,1904916.255225279,41.895112219,-87.745932427,"(41.89511221857764, -87.74593242701515)"
99TH AND HALSTED,2431,9900 S HALSTED ST,07/19/2017,16,1172689.754200318,1839171.652197216,41.714118868,-87.643145408,"(41.714118868089905, -87.64314540818165)"
111TH AND HALSTED,2422,11100 S HALSTED ST,07/19/2017,10,1172923.657689312,1831209.044179248,41.692263123,-87.642522688,"(41.692263123425136, -87.6425226876268)"
DAMEN AND DIVERSEY,1462,2800 N DAMEN AVENUE,07/19/2017,5,1162490.04851994,1918611.623717091,41.932329494,-87.678282719,"(41.9323294940985, -87.67828271931386)"
CERMAK AND PULASKI,2332,2200 S PULASKI,07/19/2017,3,1150012.876838243,1889071.75851865,41.851521442,-87.724904787,"(41.85152144233116, -87.7249047867499)"
MILWAUKEE AND MONTROSE,1364,5075 W MONTROSE AVENUE,07/19/2017,7,1141716.746618898,1928736.076639057,41.960522088,-87.754371424,"(41.96052208819935, -87.75437142402293)"
HALSTED AND DIVISION,1714,800 W DIVISION,07/19/2017,6,1170767.827960358,1908259.644151662,41.903745557,-87.648167011,"(41.90374555734733, -87.64816701062779)"
CICERO AND ADDISON,1612,3600 N CICERO AVENUE,07/19/2017,5,1143698.904601495,1923517.005821035,41.946163524,-87.747215169,"(41.94616352362556, -87.74721516897007)"
KEDZIE AND 31ST,2132,3100 S KEDZIE AVENUE,07/19/2017,5,1155483.167539854,1883867.660503274,41.837132671,-87.704967115,"(41.837132671422296, -87.70496711478727)"
KEDZIE AND 26TH,2381,2600 S KEDZIE AVENUE,07/19/2017,1,1155404.235510285,1886524.460033054,41.844424831,-87.705185452,"(41.84442483084393, -87.70518545233183)"
PULASKI AND IRVING PARK,1574,4000 W IRVING PARK RD,07/19/2017,12,1148988.727877253,1926320.954938409,41.953756874,-87.727698513,"(41.95375687447515, -87.72769851312907)"
LAWRENCE AND WESTERN,1193,2400 W LAWRENCE AVENUE,07/19/2017,3,1159482.648570304,1931851.989492596,41.968724349,-87.688968727,"(41.96872434882172, -87.68896872699601)"
WESTERN AND NORTH,1853,2400 W NORTH AVE,07/19/2017,5,1160100.839010995,1910612.783367238,41.910429862,-87.687284221,"(41.91042986235867, -87.68728422050837)"
71ST AND ASHLAND,2394,1600 W 71ST,07/19/2017,1,1166890.012333149,1857674.2502247,41.765018306,-87.66385923,"(41.76501830555763, -87.66385923012646)"
115TH AND HALSTED,2553,800 W 115TH STREET,07/19/2017,4,1173010.735357888,1828632.242070332,41.685190056,-87.642279564,"(41.68519005571938, -87.64227956401977)"
ASHLAND AND LAWRENCE,1143,1600 W LAWRENCE AVENUE,07/19/2017,2,1164771.946929007,1931988.254061312,41.968987457,-87.669516307,"(41.96898745654617, -87.66951630654926)"
BELMONT AND KEDZIE,1371,3200 N KEDZIE AVENUE,07/19/2017,1,1154426.977874407,1921110.466549542,41.93935173,-87.707846594,"(41.93935173030961, -87.70784659359776)"
ADDISON AND HARLEM,1591,3600 N HARLEM AVENUE,07/19/2017,4,1127394.594070737,1923110.532422811,41.945338412,-87.807154769,"(41.94533841246591, -87.80715476912044)"
WENTWORTH AND GARFIELD,2264,200 W GARFIELD BLVD,07/19/2017,9,1175889.574397302,1868551.750512227,41.794670385,-87.630547476,"(41.79467038468937, -87.63054747605638)"
KEDZIE AND 71ST,2354,3200 W 71ST STREET,07/19/2017,2,1156246.862901455,1857404.014959868,41.764497433,-87.702877023,"(41.76449743256955, -87.70287702335861)"
WENTWORTH AND GARFIELD,2264,200 W GARFIELD BLVD,11/06/2016,12,1175889.574397302,1868551.750512227,41.794670385,-87.630547476,"(41.79467038468937, -87.63054747605638)"
ASHLAND AND 95TH,2472,9500 S ASHLAND AVENUE,07/19/2017,8,1167295.830128711,1841695.121217916,41.721160612,-87.662828139,"(41.72116061205213, -87.66282813939165)"
WESTERN AND FOSTER,1074,2400 W FOSTER AVE,07/19/2017,7,1159379.402846887,1934502.712486132,41.97600019,-87.689275084,"(41.97600018976586, -87.68927508385399)"
ASHLAND AND LAWRENCE,1142,4800 N ASHLAND AVENUE,07/19/2017,5,1164751.686785145,1932001.206626392,41.96902343,-87.669590434,"(41.969023429614026, -87.66959043354217)"
PULASKI AND LAWRENCE,1172,4800 N PULASKI ROAD,07/19/2017,2,1148821.701520117,1931605.974570937,41.968262595,-87.728175316,"(41.968262595100775, -87.7281753157596)"
115TH AND HALSTED,2552,11500 S HALSTED STREE,07/19/2017,1,,,,,
SACRAMENTO AND LAKE,1822,150 N SACRAMENTO BOUL,07/19/2017,1,1156319.560664766,1900957.489351962,41.884012178,-87.701436479,"(41.88401217771363, -87.7014364786693)"
CICERO AND PETERSON,1202,6000 N CICERO AVENUE,07/19/2017,2,1143247.733553094,1939479.342905704,41.989973915,-87.748473024,"(41.98997391514614, -87.74847302426933)"
55TH and PULASKI,2242,5500 S PULASKI,07/19/2017,3,1150600.072649439,1867806.44512718,41.793155061,-87.723303765,"(41.793155060731024, -87.72330376464247)"
HAMLIN AND MADISON,1901,0 N HAMLIN BOULEVARD,07/19/2017,5,,,,,
WESTERN AND CHICAGO,1941,800 N WESTERN AVE,07/19/2017,3,1160220.967978608,1905277.507115921,41.895786955,-87.686990586,"(41.89578695485361, -87.68699058611217)"
ASHLAND AND DIVISION,1791,1200 N ASHLAND AVENUE,07/19/2017,9,1165466.997046718,1908083.767015974,41.903377468,-87.667643142,"(41.903377467566784, -87.66764314227497)"
PULASKI AND CHICAGO,1983,4000 W CHICAGO AVENUE,07/19/2017,4,1149561.855939692,1905086.596446259,41.895476752,-87.72614436,"(41.89547675163723, -87.72614435991626)"
WESTERN AND 63RD,2373,2400 W 63RD ST,07/19/2017,1,1161444.415758584,1862848.534703658,41.779331844,-87.683675761,"(41.77933184429814, -87.68367576084798)"
DIVISION AND DAMEN,1734,2000 W DIVISION,07/19/2017,4,1162815.710860194,1908034.672555531,41.903298793,-87.677383247,"(41.903298792681944, -87.67738324739636)"
FULLERTON AND NARRAGANSETT,1554,6400 W FULLERTON AVENU,07/19/2017,6,1133317.594499059,1915293.661305931,41.923786189,-87.785567206,"(41.92378618871128, -87.78556720562165)"
FOSTER AND BROADWAY,1111,5200 N BROADWAY ST,07/19/2017,3,1167334.508577915,1934714.008346532,41.976412143,-87.660015082,"(41.97641214294823, -87.66001508205365)"
CENTRAL AND LAKE,1742,400 N CENTRAL AVENUE,07/19/2017,1,1138928.478257537,1902217.926149854,41.887804621,-87.765268498,"(41.88780462053497, -87.76526849810371)"
ELSTON AND IRVING PARK,1502,4000 N ELSTON AVENUE,07/19/2017,3,1151273.974828198,1926311.849469842,41.953687266,-87.719297882,"(41.95368726563273, -87.71929788151473)"
HARLEM AND BELMONT,1391,3200 N HARLEM AVE,07/19/2017,7,1127481.020995451,1920467.613239239,41.938084468,-87.806896749,"(41.93808446822169, -87.80689674887883)"
CICERO AND CHICAGO,1781,800 N CICERO AVENUE,07/19/2017,3,1144169.162482127,1904893.189220372,41.895049038,-87.745955516,"(41.89504903796389, -87.74595551626888)"
MADISON AND WESTERN,1931,1 S WESTERN AVE,07/19/2017,2,1160453.827721979,1899933.703473746,41.881118279,-87.686283339,"(41.881118278833966, -87.686283338873)"
63RD AND STATE,2712,6300 S STATE ST,07/19/2017,6,1177303.801895084,1863220.216755923,41.780008277,-87.625522512,"(41.78000827740796, -87.6255225119157)"
LARAMIE AND FULLERTON,1424,5200 W FULLERTON AVENUE,03/31/2017,1,1141305.554932016,1915502.611239048,41.924215797,-87.756210755,"(41.92421579723144, -87.75621075458939)"
CALIFORNIA AND DEVON,1323,2800 W DEVON AVENUE,07/19/2017,5,1156484.528078038,1942377.980662191,41.997669523,-87.699706423,"(41.99766952286052, -87.69970642324591)"
HAMLIN AND LAKE,1882,300 N HAMLIN AVENUE,07/19/2017,7,1150970.026856642,1901381.688308858,41.885282636,-87.721069539,"(41.88528263580913, -87.72106953854511)"
ASHLAND AND MADISON,1914,1600 W MADISON,07/19/2017,1,1165723.014733182,1900136.515489506,41.881564167,-87.666929463,"(41.8815641670199, -87.66692946294842)"
JEFFERY AND 95TH,2522,9500 S JEFFERY AVE,07/19/2017,7,1191132.420601301,1842335.735988875,41.722375907,-87.575499903,"(41.72237590704101, -87.57549990332795)"
HALSTED AND MADISON,1872,1 N HALSTED STREET,07/19/2017,2,1171090.967986833,1900270.454015136,41.881815632,-87.647214717,"(41.88181563164203, -87.64721471704077)"
IRVING PARK AND CALIFORNIA,1234,2800 W IRVING PARK ROA,07/19/2017,7,,,,,
CENTRAL AND BELMONT,1602,3200 N CENTRAL AVENUE,07/19/2017,2,1138430.432324593,1920731.654410336,41.938617463,-87.766648297,"(41.938617463272884, -87.76664829683827)"
COLUMBUS AND ILLINOIS,1951,500 N COLUMBUS DRIVE,07/19/2017,7,1178372.808407292,1903693.06016042,41.891044569,-87.620371839,"(41.891044569124276, -87.620371839074)"
WESTERN AND 79TH,2484,2400 W 79TH ST,07/19/2017,2,1161758.68085177,1852242.255513454,41.750220168,-87.682817693,"(41.75022016799851, -87.68281769253687)"
KIMBALL AND DIVERSEY,1583,3400 W DIVERSEY AVENUE,07/19/2017,2,1153211.149172713,1918454.477800566,41.932087747,-87.71238583,"(41.932087747378944, -87.71238582951281)"
CALIFORNIA AND PETERSON,1311,6000 N CALIFORNIA AVE,07/19/2017,1,1156545.742699118,1939775.775541795,41.990527717,-87.699552084,"(41.990527717148176, -87.69955208405155)"
WESTERN AND CERMAK,1003,2400 W CERMAK ROAD,07/19/2017,1,1160678.000607329,1889375.645335924,41.852141307,-87.685752642,"(41.85214130680468, -87.6857526415569)"
LAFAYETTE AND 87TH,2503,30 W 87TH STREET,07/19/2017,19,1177407.651800237,1847320.772058312,41.736376037,-87.625621311,"(41.736376036604916, -87.62562131092602)"
ASHLAND AND 95TH,2473,1600 W 95TH STREET,07/19/2017,4,1167323.753394196,1841755.029221382,41.721324412,-87.662724153,"(41.721324411975246, -87.66272415265087)"
CENTRAL AND BELMONT,1604,5600 W BELMONT AVENUE,07/19/2017,1,1138453.617438343,1920755.972768412,41.938683775,-87.766562494,"(41.93868377475747, -87.76656249384537)"
PULASKI AND NORTH,1994,4000 W NORTH AVENUE,07/19/2017,2,1149456.2688422,1910376.774019002,41.909995582,-87.726394693,"(41.90999558160536, -87.72639469321471)"
CANAL AND ROOSEVELT,2291,1200 S CANAL STREET,07/19/2017,14,1173268.771030949,1894952.634878732,41.867175125,-87.639375813,"(41.86717512472001, -87.63937581258092)"
PULASKI AND CHICAGO,1982,800 N PULASKI ROAD,07/19/2017,2,1149538.444844035,1905079.034990625,41.895456457,-87.726230541,"(41.895456456825386, -87.72623054051289)"
SACRAMENTO AND CHICAGO,1814,3000 W CHICAGO AVENUE,07/19/2017,10,1156075.266375505,1905216.604770718,41.895704525,-87.702218524,"(41.895704524946225, -87.70221852353758)"
ELSTON AND LAWRENCE,1282,4800 N ELSTON AVENUE,07/19/2017,1,1145529.344259918,1931501.601268983,41.968039361,-87.740283894,"(41.96803936143674, -87.74028389448999)"
CALIFORNIA AND DIVERSEY,1513,2800 W DIVERSEY,07/19/2017,3,1157212.54253358,1918526.674434943,41.932205395,-87.697679244,"(41.93220539506452, -87.6976792438691)"
MILWAUKEE AND DEVON,1274,6400 W DEVON AVENUE,07/19/2017,2,1132590.619798275,1942138.532048656,41.997463981,-87.787610243,"(41.99746398102873, -87.78761024341388)"
WESTERN AND FOSTER,1072,5200 N WESTERN AVE,07/19/2017,3,1159372.922497116,1934478.313674003,41.975933372,-87.689299589,"(41.97593337199358, -87.6892995891816)"
HARLEM AND BELMONT,1394,7200 W BELMONT AVE,07/19/2017,3,1127504.698153561,1920475.415440844,41.938105479,-87.806809552,"(41.93810547939496, -87.80680955240743)"
STONEY ISLAND AND 79TH,2462,7900 S STONEY ISLAND,07/19/2017,2,1188181.571068297,1852908.934789311,41.751460603,-87.585971993,"(41.75146060316686, -87.5859719929647)"
AUSTIN AND IRVING PARK,1163,6000 W IRVING PARK ROAD,07/19/2017,2,1135622.402636023,1926014.192063646,41.953163772,-87.776842593,"(41.95316377185154, -87.77684259284736)"
WESTERN AND DEVON,1212,6400 N WESTERN AVENUE,07/19/2017,2,1159113.585759434,1942451.622367891,41.997817807,-87.690033035,"(41.997817807026, -87.69003303469276)"
LARAMIE AND MADISON,2044,5200 W MADISON STREET,07/19/2017,15,1141706.965522802,1899567.55684314,41.880480752,-87.755130433,"(41.88048075170171, -87.75513043296509)"
SACRAMENTO AND LAKE,1821,150 N SACRAMENTO BOUL,07/19/2017,8,1156319.560664766,1900957.489351962,41.884012178,-87.701436479,"(41.88401217771363, -87.7014364786693)"
31ST ST AND MARTIN LUTHER KING DRIVE,2121,3100 S DR MARTIN L KING,07/19/2017,7,,,,,
LAWRENCE AND WESTERN,1192,4800 N WESTERN AVENUE,07/19/2017,3,1159459.622430471,1931821.342623414,41.968640727,-87.689054241,"(41.96864072747715, -87.6890542408374)"
HAMLIN AND MADISON,1903,3800 W MADISON STREET,07/19/2017,16,1151032.709141294,1899784.033986533,41.880897273,-87.720881226,"(41.880897273491264, -87.72088122613924)"
CENTRAL AND DIVERSEY,1644,5600 W DIVERSEY AVENUE,07/19/2017,1,1138539.758528398,1918097.096677271,41.931385977,-87.766310532,"(41.93138597683265, -87.76631053155157)"
PULASKI AND DIVISION,1801,1200 N PULASKI ROAD,07/19/2017,3,1149459.590666926,1907723.219884254,41.902713902,-87.726451457,"(41.902713901936174, -87.72645145715836)"
CALIFORNIA AND DIVERSEY,1511,2800 N CALIFORNIA AVE,07/19/2017,3,1157189.355049829,1918495.644754069,41.932120719,-87.6977653,"(41.93212071910647, -87.69776530036465)"
WESTERN AND DEVON,1211,6400 N WESTERN AVENUE,07/19/2017,2,1159113.585759434,1942451.622367891,41.997817807,-87.690033035,"(41.997817807026, -87.69003303469276)"
ASHLAND AND IRVING PARK,1151,4000 N ASHLAND AVENUE,07/19/2017,6,1164899.463802581,1926665.661118925,41.954379326,-87.66919912,"(41.954379326212695, -87.66919911980419)"
PULASKI AND ARCHER,2153,5000 S ARCHER AVE,07/19/2017,5,1150501.818909837,1871162.311703322,41.802365973,-87.723576766,"(41.80236597333895, -87.72357676611004)"
KEDZIE AND 47TH,2101,4700 S KEDZIE AVE,07/19/2017,5,1155791.949302478,1873270.778481327,41.808047272,-87.704118822,"(41.80804727165029, -87.70411882229871)"
CHICAGO AND CLARK,1963,100 W CHICAGO AVENUE,07/19/2017,5,1175374.528739575,1905745.47783364,41.896744347,-87.631321248,"(41.896744346875806, -87.63132124815151)"
ARCHER AND CICERO,2084,5400 S ARCHER AVE,07/19/2017,4,1145209.426392053,1869810.657411975,41.798758208,-87.743020541,"(41.798758207843264, -87.74302054146467)"
WESTERN AND MARQUETTE,2672,6700 S WESTERN AVENUE,07/19/2017,4,1161488.747635042,1860134.788366884,41.771884028,-87.683588402,"(41.77188402771193, -87.68358840206334)"
CENTRAL AND IRVING PARK,1182,4000 N CENTRAL AVENUE,07/19/2017,2,1138258.614129764,1926071.172884932,41.953272751,-87.767150151,"(41.95327275103541, -87.76715015131407)"
4700 WESTERN,2142,4700 S WESTERN AVENUE,07/19/2017,2,1161120.438879703,1873431.066474726,41.808378408,-87.684570717,"(41.808378407946726, -87.68457071689552)"
KEDZIE AND 26TH,2382,2600 S KEDZIE AVENUE,07/19/2017,4,1155404.235510285,1886524.460033054,41.844424831,-87.705185452,"(41.84442483084393, -87.70518545233183)"
AUSTIN AND IRVING PARK,1161,4000 N AUSTIN AVENUE,05/08/2017,3,1135599.956110927,1926006.862619986,41.953144059,-87.776925284,"(41.95314405904539, -87.77692528423394)"
HALSTED AND 95TH,2582,9500 S HALSTED STREET,07/19/2017,1,1172610.538363645,1841811.61926207,41.721365061,-87.643358042,"(41.72136506078306, -87.64335804234075)"
VAN BUREN AND WESTERN,2054,2400 W VAN BUREN STREE,07/19/2017,12,,,,,
PETERSON AND WESTERN,1014,2400 W PETERSON,03/18/2017,12,1159214.211316277,1939825.301874586,41.99060901,-87.689735481,"(41.990609009807294, -87.68973548092968)"
LARAMIE AND FULLERTON,1424,5200 W FULLERTON AVENUE,07/19/2017,1,1141305.554932016,1915502.611239048,41.924215797,-87.756210755,"(41.92421579723144, -87.75621075458939)"
HOMAN/KIMBALL AND NORTH,1773,3400 W NORTH AVE,07/19/2017,7,1153386.578905125,1910465.87061722,41.910162847,-87.711953868,"(41.91016284680269, -87.71195386769125)"
KOSTNER AND NORTH,2012,4400 W GRAND AVE,07/19/2017,3,1146773.519128439,1910425.663958581,41.91018141,-87.73624887,"(41.910181409597406, -87.73624887040725)"
ASHLAND AND 87TH,2452,8700 S ASHLAND AVE,07/19/2017,9,1167150.470087748,1846991.212339794,41.735696989,-87.663209544,"(41.73569698863625, -87.66320954445679)"
IRVING PARK AND LARAMIE,1533,5200 W IRVING PARK ROA,07/19/2017,8,,,,,
DAMEN AND 63RD,2702,6300 S DAMEN AVENUE,07/19/2017,6,1164069.407943298,1862830.277442834,41.779226921,-87.674052731,"(41.77922692069256, -87.67405273137854)"
PULASKI AND FOSTER,1102,5200 N PULASKI RD,07/19/2017,3,1148746.251286324,1934286.914361976,41.97562074,-87.728383135,"(41.97562073966174, -87.72838313514907)"
SHERIDAN AND FOSTER,1134,1000 W FOSTER AVE,07/19/2017,3,1168689.247756979,1934758.578141654,41.976505116,-87.655031882,"(41.97650511595711, -87.65503188224778)"
MILWAUKEE AND DEVON,1274,6400 W DEVON AVENUE,04/20/2017,7,1132590.619798275,1942138.532048656,41.997463981,-87.787610243,"(41.99746398102873, -87.78761024341388)"
WESTERN AND CHICAGO,1941,800 N WESTERN AVE,11/16/2016,9,1160220.967978608,1905277.507115921,41.895786955,-87.686990586,"(41.89578695485361, -87.68699058611217)"
ASHLAND AND FULLERTON,1651,2400 N ASHLAND AVENUE,07/19/2017,3,1165228.073342838,1916032.319169157,41.92519389,-87.668294363,"(41.92519388981048, -87.66829436339881)"
CLARK AND IRVING PARK,1093,1300 W IRVING PARK ROAD,07/19/2017,6,1166777.545456989,1926719.73687357,41.954487567,-87.662293496,"(41.95448756687966, -87.66229349585691)"
KIMBALL AND DIVERSEY,1581,2800 N KIMBALL AVENUE,07/19/2017,3,,,,,
CLARK AND FULLERTON,1631,2400 N CLARK ST,07/19/2017,2,1172749.562209477,1916238.997132859,41.925597623,-87.640650973,"(41.925597623023144, -87.64065097309872)"
119TH AND HALSTED,2402,11900 S HALSTED,07/19/2017,11,1173094.774616191,1825911.054609338,41.677720829,-87.642051845,"(41.67772082924762, -87.64205184498218)"
CICERO AND WASHINGTON,1892,100 N CICERO AVENUE,07/19/2017,1,1144328.984091479,1900095.170838459,41.88187971,-87.745489247,"(41.88187970991601, -87.7454892473012)"
ARCHER AND CICERO,2081,5200 S CICERO AVE,07/19/2017,21,1145195.931989777,1869737.708306623,41.798558278,-87.743071866,"(41.798558278193305, -87.74307186616427)"
ASHLAND AND IRVING PARK,1153,1600 W IRVING PARK ROA,07/19/2017,4,,,,,
OGDEN AND KOSTNER,2223,4400 W OGDEN AVENUE,07/19/2017,12,1147406.592439224,1887689.099869462,41.847777523,-87.734505969,"(41.84777752280453, -87.73450596874825)"
SACRAMENTO AND CHICAGO,1812,800 N SACRAMENTO AVEN,07/19/2017,6,1156039.008141929,1905193.084100581,41.895640714,-87.702352328,"(41.89564071387542, -87.70235232767416)"
HOLLYWOOD AND SHERIDAN,1343,1000 W HOLLYWOOD AVE,07/19/2017,5,1168580.228926466,1938090.295189338,41.985649799,-87.655335807,"(41.98564979859328, -87.65533580655139)"
ADDISON AND HARLEM,1593,7200 W ADDISON,07/19/2017,1,1127417.488447099,1923123.407710965,41.945373358,-87.807070326,"(41.94537335809189, -87.80707032561135)"
ELSTON AND IRVING PARK,1503,3700 W IRVING PARK ROA,07/19/2017,5,,,,,
CICERO AND FULLERTON,1472,2400 N CICERO AVE,07/19/2017,1,1143961.592189569,1915545.343094087,41.92428359,-87.74645019,"(41.92428358982701, -87.74645019028947)"
PULASKI AND BELMONT,1383,4000 W BELMONT AVE,07/19/2017,3,1149131.866894851,1921018.50498026,41.93920375,-87.727310134,"(41.93920374986553, -87.72731013414392)"
KEDZIE AND 63RD,2364,3200 W 63RD ST,07/19/2017,6,1156103.348831225,1862717.565210739,41.779081505,-87.703260365,"(41.77908150488341, -87.70326036544745)"
CENTRAL AND FULLERTON,1444,5600 W FULLERTON AVENU,07/19/2017,2,1138627.279189421,1915438.969256439,41.924090199,-87.76605353,"(41.92409019883488, -87.76605353016079)"
STATE AND 79TH,2651,7900 S STATE STREET,07/19/2017,5,1177618.166929966,1852621.870232838,41.750918138,-87.624690123,"(41.7509181383154, -87.62469012251644)"
63RD AND STATE,2714,1 E 63RD ST,07/19/2017,10,1177367.518733101,1863199.17768559,41.779949105,-87.625289553,"(41.779949104569106, -87.62528955333775)"
PULASKI AND IRVING PARK,1572,4000 N PULASKI ROAD,07/19/2017,2,1148970.255325552,1926313.600468643,41.953737051,-87.727766612,"(41.95373705144353, -87.72776661179896)"
CANAL AND ROOSEVELT,2294,500 W ROOSEVELT ROAD,07/19/2017,14,1173290.72186561,1895021.166235495,41.867362693,-87.639293195,"(41.867362692616666, -87.63929319464197)"
CORTLAND AND ASHLAND,1723,1600 W CORTLAND ST,07/19/2017,6,1165377.660768235,1912768.773647285,41.916235337,-87.667837772,"(41.91623533746878, -87.66783777212962)"
BROADWAY/SHERIDAN AND DEVON,1123,1200 W DEVON AVE,07/19/2017,8,1167109.644248166,1942688.147952186,41.998298228,-87.660611661,"(41.99829822771884, -87.66061166063517)"
COLUMBUS AND ILLINOIS,1952,500 N COLUMBUS DRIVE,07/19/2017,13,1178372.808407292,1903693.06016042,41.891044569,-87.620371839,"(41.891044569124276, -87.620371839074)"
CICERO AND ARMITAGE,2001,2000 N CICERO AVENUE,07/19/2017,3,1144031.525719004,1912881.8300295,41.916973325,-87.746260223,"(41.91697332451097, -87.74626022251057)"
LAFAYETTE AND 87TH,2502,8700 S LAFAYETTE AVEN,07/19/2017,17,1177417.493180297,1847243.988223464,41.73616511,-87.625587569,"(41.73616511008592, -87.62558756899932)"
HAMLIN AND LAKE,1881,300 N HAMLIN AVENUE,07/19/2017,1,1150970.026856642,1901381.688308858,41.885282636,-87.721069539,"(41.88528263580913, -87.72106953854511)"
CICERO AND PETERSON,1204,4800 W PETERSON AVENUE,07/19/2017,3,1143273.766829016,1939491.944645127,41.990008007,-87.748376951,"(41.99000800729908, -87.74837695118997)"
STONEY ISLAND AND 79TH,2464,1600 E 79TH ST,07/19/2017,2,1188284.704439907,1852964.829047574,41.751611523,-87.585592284,"(41.75161152327319, -87.58559228428787)"
111TH AND HALSTED,2424,800 W 111TH ST,07/19/2017,5,1172945.404219168,1831282.917027882,41.692465363,-87.642440901,"(41.692465363421874, -87.64244090105778)"
DAMEN AND DIVERSEY,1464,2000 W DIVERSEY PARKWAY,07/19/2017,8,1162519.714934025,1918635.417634925,41.932394164,-87.678173031,"(41.93239416403691, -87.67817303087757)"
KEDZIE AND ARMITAGE,1834,3200 W ARMITAGE AVENUE,07/19/2017,3,1154700.851347995,1913153.252187904,41.917511023,-87.707053639,"(41.91751102291878, -87.7070536388797)"
COTTAGE GROVE AND 71ST,2571,7100 S COTTAGE GROVE,07/19/2017,3,1182746.23698699,1858088.011064538,41.765800351,-87.605729127,"(41.76580035131893, -87.6057291269901)"
STONY ISLAND/CORNELL AND 67TH,2731,6700 S CORNELL DRIVE,07/19/2017,12,1188316.454860734,1860851.137456735,41.77325149,-87.5852246,"(41.77325148959568, -87.58522459967712)"
CLARK AND FULLERTON,1632,2400 N CLARK ST,07/19/2017,1,1172749.562209477,1916238.997132859,41.925597623,-87.640650973,"(41.925597623023144, -87.64065097309872)"
FOSTER AND NAGLE,1031,5200 N NAGLE,07/19/2017,3,1132529.656558223,1934201.702060651,41.97568567,-87.788020406,"(41.97568566971868, -87.78802040620296)"
JEFFERY AND 95TH,2523,2000 E 95TH ST,07/19/2017,3,1191188.381103057,1842410.411853539,41.722579473,-87.575292523,"(41.722579473126416, -87.57529252250366)"
CALIFORNIA AND DEVON,1321,6400 N CALIFORNIA AVE,07/19/2017,4,1156461.150245401,1942370.37710537,41.997649133,-87.699792629,"(41.997649133049336, -87.69979262891378)"
79TH AND HALSTED,2543,800 W 79TH STREET,07/19/2017,1,1172320.105719411,1852517.9814434,41.750751157,-87.644107793,"(41.75075115747316, -87.64410779300933)"
BELMONT AND KEDZIE,1372,3200 N KEDZIE AVE,07/19/2017,10,1154426.977874407,1921110.466549542,41.93935173,-87.707846594,"(41.93935173030961, -87.70784659359776)"
RIDGE AND CLARK,1051,5930 N CLARK STREET,07/19/2017,3,1164554.784723473,1939388.511516442,41.98929863,-87.670104121,"(41.98929863013193, -87.67010412112992)"
KOSTNER AND NORTH,2011,1600 N KOSTNER,07/19/2017,2,1146732.108679105,1910282.120990798,41.909788304,-87.736404667,"(41.90978830394343, -87.73640466739216)"
BELMONT AND KEDZIE,1373,3200 W BELMONT,07/19/2017,5,1154461.587940363,1921143.091003516,41.939440561,-87.707718516,"(41.93944056117365, -87.70771851630873)"
VAN BUREN AND WESTERN,2052,400 S WESTERN AVENUE,07/19/2017,45,1160431.682297829,1898091.942371589,41.876064776,-87.686415631,"(41.87606477642526, -87.68641563098768)"
75TH AND STATE,2624,1 E 75TH STREET,07/19/2017,16,1177601.72646404,1855229.486604181,41.758074111,-87.624671658,"(41.75807411097799, -87.62467165835182)"
4700 WESTERN,2141,4700 S WESTERN AVENUE,07/19/2017,9,1161120.438879703,1873431.066474726,41.808378408,-87.684570717,"(41.808378407946726, -87.68457071689552)"
WESTERN AND FULLERTON,1671,2400 N WESTERN AVENUE,07/19/2017,14,1159923.309342995,1915897.778561358,41.924935944,-87.687790255,"(41.92493594409127, -87.68779025471278)"
HOMAN/KIMBALL AND NORTH,1771,1600 N HOMAN AVENUE,07/19/2017,2,,,,,
PULASKI AND DIVISION,1802,1200 N PULASKI ROAD,07/19/2017,4,1149459.590666926,1907723.219884254,41.902713902,-87.726451457,"(41.902713901936174, -87.72645145715836)"
ASHLAND AND DIVISION,1793,1600 W DIVISION STREET,07/19/2017,1,1165489.684200442,1908112.312963909,41.903455316,-87.667558994,"(41.903455316483814, -87.66755899396976)"
55TH and PULASKI,2244,4000 W 55TH ST,07/19/2017,1,1150621.676903861,1867864.274865394,41.793313334,-87.723223038,"(41.79331333358753, -87.72322303812588)"
99TH AND HALSTED,2433,800 W 99TH ST,07/19/2017,14,1172710.642565684,1839246.330602143,41.714323337,-87.643066714,"(41.71432333701137, -87.64306671421937)"
ELSTON AND LAWRENCE,1284,4440 W LAWRENCE AVENUE,07/19/2017,12,1145715.061027481,1931571.0474838,41.968226398,-87.739599251,"(41.96822639754791, -87.73959925065756)"
LAKE SHORE DR AND BELMONT,1412,3200 N LAKESHORE DRIV,07/19/2017,7,1173053.220555078,1921821.380831705,41.940909163,-87.63936916,"(41.94090916326764, -87.63936915995522)"
IRVING PARK AND KILPATRICK,2763,4700 W IRVING PARK ROA,03/02/2017,9,,,,,
PETERSON AND WESTERN,1014,2400 W PETERSON,07/19/2017,11,1159214.211316277,1939825.301874586,41.99060901,-87.689735481,"(41.990609009807294, -87.68973548092968)"
IRVING PARK AND KILPATRICK,2764,4700 W IRVING PARK ROA,07/19/2017,7,,,,,
ASHLAND AND MADISON,1911,0 N ASHLAND AVE,07/19/2017,5,,,,,
SHERIDAN AND FOSTER,1132,5200 N SHERIDAN ROAD,07/19/2017,1,1168661.623718229,1934753.842272756,41.976492721,-87.655133605,"(41.97649272077833, -87.65513360456677)"
ELSTON AND LAWRENCE,1284,4440 W LAWRENCE AVENUE,03/31/2017,4,1145715.061027481,1931571.0474838,41.968226398,-87.739599251,"(41.96822639754791, -87.73959925065756)"
DIVERSEY AND AUSTIN,1454,6000 W DIVERSEY AVENUE,07/19/2017,2,1135895.736169343,1918029.70673837,41.931248624,-87.776028612,"(41.931248623643455, -87.77602861172493)"
BROADWAY/SHERIDAN AND DEVON,1122,6400 N SHERIDAN ROAD,07/19/2017,12,1167087.151194129,1942658.704988689,41.998217921,-87.660695256,"(41.99821792053241, -87.6606952555721)"
CERMAK AND PULASKI,2334,4000 W CERMAK,07/19/2017,9,1150018.476053666,1889120.238540361,41.851654369,-87.724882975,"(41.85165436867626, -87.7248829753078)"
CICERO AND FULLERTON,1474,4800 W FULLERTON AVE,07/19/2017,3,1143967.570794243,1915568.504954477,41.924347036,-87.74642764,"(41.924347036010694, -87.74642763965628)"
WESTERN AND CHICAGO,1943,2400 W CHICAGO AVE,07/19/2017,1,1160226.686812944,1905300.904544474,41.895851041,-87.686968935,"(41.895851041123755, -87.68696893468467)"
CICERO AND 47TH,2204,4800 W 47TH ST,07/19/2017,8,1145130.048925744,1873078.44198302,41.807727017,-87.743229366,"(41.80772701677172, -87.74322936566276)"
CHICAGO AND CLARK,1964,100 W CHICAGO AVENUE,07/19/2017,8,1175374.528739575,1905745.47783364,41.896744347,-87.631321248,"(41.896744346875806, -87.63132124815151)"
75TH AND STATE,2621,7500 S STATE STREET,11/11/2016,27,1177538.763040612,1855235.551345519,41.758092176,-87.624902228,"(41.75809217638291, -87.6249022282473)"
HALSTED AND FULLERTON,1701,2400 N HALSTED STREET,03/02/2017,6,1170501.602639925,1916200.061550148,41.925540315,-87.648912156,"(41.925540315431995, -87.64891215551155)"
PULASKI AND ARCHER,2154,5000 S ARCHER AVE,07/19/2017,1,1150501.818909837,1871162.311703322,41.802365973,-87.723576766,"(41.80236597333895, -87.72357676611004)"
CENTRAL AND FULLERTON,1442,2400 N CENTRAL AVENUE,07/19/2017,2,1138603.468418662,1915431.058212414,41.924068922,-87.766141214,"(41.92406892227644, -87.76614121413186)"
ELSTON AND ADDISON,1403,3216 W ADDISON ST,07/19/2017,5,1154199.729816868,1923799.345386665,41.946734755,-87.708609774,"(41.946734754927796, -87.7086097735515)"
LAWRENCE AND CICERO,1042,4800 N CICERO AVENUE,12/28/2017,7,1143464.651785526,1931490.551883203,41.968048007,-87.747875985,"(41.968048007293845, -87.74787598468126)"
CICERO AND CHICAGO,1783,4800 W CHICAGO AVENUE,12/28/2017,4,1144175.291152764,1904916.255225279,41.895112219,-87.745932427,"(41.89511221857764, -87.74593242701515)"
CICERO AND HARRISON,2022,600 S CICERO AVENUE,12/28/2017,1,1144444.97442848,1896894.622216872,41.873094833,-87.745143869,"(41.873094832519136, -87.74514386884542)"
KEDZIE AND 26TH,2382,2600 S KEDZIE AVENUE,12/28/2017,1,1155404.235510285,1886524.460033054,41.844424831,-87.705185452,"(41.84442483084393, -87.70518545233183)"
AUSTIN AND ADDISON,1491,3600 N AUSTIN AVENUE,12/28/2017,2,1135691.599896458,1923335.967306169,41.945813215,-87.776652162,"(41.9458132146695, -87.77665216156436)"
ADDISON AND HARLEM,1593,7200 W ADDISON,12/28/2017,2,1127417.488447099,1923123.407710965,41.945373358,-87.807070326,"(41.94537335809189, -87.80707032561135)"
STONY ISLAND/CORNELL AND 67TH,2731,6700 S CORNELL DRIVE,12/28/2017,7,1188316.454860734,1860851.137456735,41.77325149,-87.5852246,"(41.77325148959568, -87.58522459967712)"
PERSHING AND WESTERN,2112,3900 S WESTERN BLVD,03/18/2017,5,1161130.992078755,1878746.226354636,41.822963628,-87.684384785,"(41.82296362788048, -87.68438478541296)"
CLARK AND FULLERTON,1631,2400 N CLARK ST,12/28/2017,1,1172749.562209477,1916238.997132859,41.925597623,-87.640650973,"(41.925597623023144, -87.64065097309872)"
KOSTNER AND NORTH,2012,4400 W GRAND AVE,12/28/2017,2,1146773.519128439,1910425.663958581,41.91018141,-87.73624887,"(41.910181409597406, -87.73624887040725)"
WESTERN AND MARQUETTE,2672,6700 S WESTERN AVENUE,12/28/2017,2,1161488.747635042,1860134.788366884,41.771884028,-87.683588402,"(41.77188402771193, -87.68358840206334)"
ROOSEVELT AND PULASKI,2314,4000 W ROOSEVELT ROAD,12/28/2017,7,1149885.032049683,1894449.464076882,41.866281003,-87.72523422,"(41.866281002664536, -87.72523421983905)"
ELSTON AND ADDISON,1402,3600 N ELSTON AVE,07/20/2017,3,1154106.95251778,1923731.036211081,41.946549165,-87.708952626,"(41.94654916480637, -87.70895262603513)"
KIMBALL AND DIVERSEY,1581,2800 N KIMBALL AVENUE,07/20/2017,3,,,,,
HAMLIN AND MADISON,1903,3800 W MADISON STREET,07/20/2017,14,1151032.709141294,1899784.033986533,41.880897273,-87.720881226,"(41.880897273491264, -87.72088122613924)"
STONY ISLAND/CORNELL AND 67TH,2721,6700 S STONY ISLAND A,07/20/2017,6,1187984.143047539,1860863.338367666,41.773292896,-87.586442368,"(41.77329289585066, -87.58644236831432)"
ADDISON AND HARLEM,1593,7200 W ADDISON,07/20/2017,1,1127417.488447099,1923123.407710965,41.945373358,-87.807070326,"(41.94537335809189, -87.80707032561135)"
4700 WESTERN,2141,4700 S WESTERN AVENUE,07/20/2017,7,1161120.438879703,1873431.066474726,41.808378408,-87.684570717,"(41.808378407946726, -87.68457071689552)"
KOSTNER AND NORTH,2013,4400 W NORTH,07/17/2017,7,1146738.551618032,1910309.595368032,41.909863573,-87.736380296,"(41.90986357340246, -87.73638029605371)"
ROOSEVELT AND KOSTNER,2323,4400 W ROOSEVELT,07/19/2017,9,1147200.963258796,1894379.538078088,41.866140868,-87.73508956,"(41.866140867641654, -87.73508956008207)"
63RD AND STATE,2714,1 E 63RD ST,07/20/2017,5,1177367.518733101,1863199.17768559,41.779949105,-87.625289553,"(41.779949104569106, -87.62528955333775)"
AUSTIN AND IRVING PARK,1163,6000 W IRVING PARK ROAD,07/20/2017,3,1135622.402636023,1926014.192063646,41.953163772,-87.776842593,"(41.95316377185154, -87.77684259284736)"
KEDZIE AND 47TH,2101,4700 S KEDZIE AVE,07/20/2017,2,1155791.949302478,1873270.778481327,41.808047272,-87.704118822,"(41.80804727165029, -87.70411882229871)"
PULASKI AND ARMITAGE,1843,4000 W ARMITAGE AVENUE,07/20/2017,3,1149375.428872108,1913028.984273181,41.917275069,-87.726622746,"(41.91727506940875, -87.72662274644799)"
AUSTIN AND ADDISON,1491,3600 N AUSTIN AVENUE,07/20/2017,1,1135691.599896458,1923335.967306169,41.945813215,-87.776652162,"(41.9458132146695, -87.77665216156436)"
IRVING PARK AND KILPATRICK,2763,4700 W IRVING PARK ROA,07/16/2017,8,,,,,
LARAMIE AND FULLERTON,1424,5200 W FULLERTON AVENUE,07/20/2017,3,1141305.554932016,1915502.611239048,41.924215797,-87.756210755,"(41.92421579723144, -87.75621075458939)"
IRVING PARK AND LARAMIE,1534,5200 W IRVING PARK ROA,07/20/2017,1,,,,,
STONEY ISLAND AND 76TH,2632,7600 S STONY ISLAND A,07/15/2017,21,1188092.796191935,1854889.354158304,41.756897173,-87.586234285,"(41.75689717260223, -87.58623428506996)"
WESTERN AND 71ST,2612,7100 S WESTERN AVENUE,05/08/2017,3,1161563.704681724,1857484.211306323,41.764608912,-87.683387053,"(41.76460891223613, -87.68338705328121)"
IRVING PARK AND LARAMIE,1533,5200 W IRVING PARK ROA,05/08/2017,2,,,,,
ASHLAND AND FULLERTON,1652,2400 N ASHLAND AVENUE,07/20/2017,5,1165228.073342838,1916032.319169157,41.92519389,-87.668294363,"(41.92519388981048, -87.66829436339881)"
ASHLAND AND IRVING PARK,1153,1600 W IRVING PARK ROA,07/20/2017,2,,,,,
WESTERN AND DEVON,1212,6400 N WESTERN AVENUE,07/20/2017,3,1159113.585759434,1942451.622367891,41.997817807,-87.690033035,"(41.997817807026, -87.69003303469276)"
ASHLAND AND 87TH,2454,1600 W 87TH ST,07/20/2017,4,1167171.941297436,1847064.855345151,41.735898617,-87.663128781,"(41.735898617066006, -87.66312878090133)"
CENTRAL AND FULLERTON,1442,2400 N CENTRAL AVENUE,07/20/2017,2,1138603.468418662,1915431.058212414,41.924068922,-87.766141214,"(41.92406892227644, -87.76614121413186)"
PULASKI AND 63RD,2343,4000 W 63RD ST,07/20/2017,1,1150768.346768175,1862564.615405259,41.77876739,-87.722823195,"(41.778767390084305, -87.72282319530368)"
PULASKI AND FOSTER,1104,4000 W FOSTER AVE,07/20/2017,8,1148759.16134887,1934294.249006446,41.975640616,-87.728335469,"(41.975640616231914, -87.72833546926573)"
STONEY ISLAND AND 76TH,2631,7600 S STONY ISLAND A,07/19/2017,31,1188092.796191935,1854889.354158304,41.756897173,-87.586234285,"(41.75689717260223, -87.58623428506996)"
CICERO AND CHICAGO,1783,4800 W CHICAGO AVENUE,07/20/2017,4,1144175.291152764,1904916.255225279,41.895112219,-87.745932427,"(41.89511221857764, -87.74593242701515)"
DIVERSEY AND AUSTIN,1454,6000 W DIVERSEY AVENUE,07/20/2017,3,1135895.736169343,1918029.70673837,41.931248624,-87.776028612,"(41.931248623643455, -87.77602861172493)"
CICERO AND 47TH,2204,4800 W 47TH ST,05/08/2017,8,1145130.048925744,1873078.44198302,41.807727017,-87.743229366,"(41.80772701677172, -87.74322936566276)"
LARAMIE AND MADISON,2044,5200 W MADISON STREET,07/20/2017,9,1141706.965522802,1899567.55684314,41.880480752,-87.755130433,"(41.88048075170171, -87.75513043296509)"
CORTLAND AND ASHLAND,1723,1600 W CORTLAND ST,07/20/2017,1,1165377.660768235,1912768.773647285,41.916235337,-87.667837772,"(41.91623533746878, -87.66783777212962)"
PULASKI AND NORTH,1994,4000 W NORTH AVENUE,03/31/2017,2,1149456.2688422,1910376.774019002,41.909995582,-87.726394693,"(41.90999558160536, -87.72639469321471)"
PULASKI AND LAWRENCE,1173,4000 W LAWRENCE AVENUE,07/20/2017,6,1148844.220085601,1931638.45430438,41.968351285,-87.728091672,"(41.96835128527914, -87.72809167198088)"
WESTERN AND CERMAK,1002,2200 S WESTERN AVENUE,07/19/2017,8,1160669.42562757,1889318.196820393,41.85198384,-87.685785704,"(41.85198383957328, -87.68578570420526)"
75TH AND STATE,2621,7500 S STATE STREET,07/14/2017,16,1177538.763040612,1855235.551345519,41.758092176,-87.624902228,"(41.75809217638291, -87.6249022282473)"
MADISON AND WESTERN,1934,2400 W MADISON,07/20/2017,1,1160384.621277157,1899988.655722373,41.881270504,-87.68653594,"(41.88127050428818, -87.68653594017124)"
DAMEN AND DIVERSEY,1462,2800 N DAMEN AVENUE,07/20/2017,5,1162490.04851994,1918611.623717091,41.932329494,-87.678282719,"(41.9323294940985, -87.67828271931386)"
ASHLAND AND DIVISION,1793,1600 W DIVISION STREET,07/20/2017,1,1165489.684200442,1908112.312963909,41.903455316,-87.667558994,"(41.903455316483814, -87.66755899396976)"
DIVISION AND DAMEN,1734,2000 W DIVISION,07/20/2017,9,1162815.710860194,1908034.672555531,41.903298793,-87.677383247,"(41.903298792681944, -87.67738324739636)"
OGDEN AND KOSTNER,2222,2348 S KOSTNER AVENUE,07/20/2017,5,1147394.548182079,1887795.177782082,41.848068845,-87.734547457,"(41.8480688449598, -87.73454745748458)"
CLARK AND IRVING PARK,1091,4000 N CLARK STREET,11/23/2016,5,1166736.149822904,1926699.323624709,41.954432441,-87.662446259,"(41.95443244141688, -87.66244625914061)"
SACRAMENTO AND LAKE,1822,150 N SACRAMENTO BOUL,07/20/2017,1,1156319.560664766,1900957.489351962,41.884012178,-87.701436479,"(41.88401217771363, -87.7014364786693)"
FOSTER AND BROADWAY,1111,5200 N BROADWAY ST,07/20/2017,2,1167334.508577915,1934714.008346532,41.976412143,-87.660015082,"(41.97641214294823, -87.66001508205365)"
ROOSEVELT AND HALSTED,2234,800 W ROOSEVELT ROAD,07/20/2017,16,1171199.282357741,1894968.056393724,41.867263098,-87.646972686,"(41.86726309836901, -87.64697268601648)"
55TH AND KEDZIE,2162,5500 S KEDZIE AVENUE,07/20/2017,2,1155945.854705238,1867941.621374192,41.793420237,-87.703697508,"(41.793420236755864, -87.70369750845424)"
KOSTNER AND NORTH,2012,4400 W GRAND AVE,07/20/2017,1,1146773.519128439,1910425.663958581,41.91018141,-87.73624887,"(41.910181409597406, -87.73624887040725)"
CENTRAL AND CHICAGO,1972,800 N CENTRAL AVENUE,07/20/2017,8,1138836.562608552,1904801.732832435,41.894896579,-87.765543258,"(41.89489657939746, -87.76554325845893)"
MILWAUKEE AND DEVON,1274,6400 W DEVON AVENUE,07/20/2017,2,1132590.619798275,1942138.532048656,41.997463981,-87.787610243,"(41.99746398102873, -87.78761024341388)"
CALIFORNIA AND PETERSON,1311,6000 N CALIFORNIA AVE,07/20/2017,3,1156545.742699118,1939775.775541795,41.990527717,-87.699552084,"(41.990527717148176, -87.69955208405155)"
55TH AND WESTERN,2213,2400 W 55TH STREET,03/31/2017,5,1161277.012730599,1868185.749490228,41.793981347,-87.684141741,"(41.7939813465735, -87.68414174128355)"
CICERO AND PETERSON,1204,4800 W PETERSON AVENUE,04/20/2017,1,1143273.766829016,1939491.944645127,41.990008007,-87.748376951,"(41.99000800729908, -87.74837695118997)"
SACRAMENTO AND CHICAGO,1812,800 N SACRAMENTO AVEN,07/20/2017,7,1156039.008141929,1905193.084100581,41.895640714,-87.702352328,"(41.89564071387542, -87.70235232767416)"
KEDZIE AND ARMITAGE,1832,2000 N KEDZIE AVENUE,07/19/2017,7,1154684.031809326,1913129.496340896,41.917446172,-87.707116072,"(41.91744617191702, -87.70711607187832)"
CENTRAL AND BELMONT,1604,5600 W BELMONT AVENUE,03/31/2017,1,1138453.617438343,1920755.972768412,41.938683775,-87.766562494,"(41.93868377475747, -87.76656249384537)"
ASHLAND AND 95TH,2473,1600 W 95TH STREET,07/20/2017,3,1167323.753394196,1841755.029221382,41.721324412,-87.662724153,"(41.721324411975246, -87.66272415265087)"
ELSTON AND ADDISON,1402,3600 N ELSTON AVE,11/23/2016,2,1154106.95251778,1923731.036211081,41.946549165,-87.708952626,"(41.94654916480637, -87.70895262603513)"
KEDZIE AND 26TH,2381,2600 S KEDZIE AVENUE,07/20/2017,1,1155404.235510285,1886524.460033054,41.844424831,-87.705185452,"(41.84442483084393, -87.70518545233183)"
STONEY ISLAND AND 76TH,2631,7600 S STONY ISLAND A,07/16/2017,32,1188092.796191935,1854889.354158304,41.756897173,-87.586234285,"(41.75689717260223, -87.58623428506996)"
99TH AND HALSTED,2431,9900 S HALSTED ST,07/20/2017,19,1172689.754200318,1839171.652197216,41.714118868,-87.643145408,"(41.714118868089905, -87.64314540818165)"
LAWRENCE AND WESTERN,1192,4800 N WESTERN AVENUE,07/20/2017,4,1159459.622430471,1931821.342623414,41.968640727,-87.689054241,"(41.96864072747715, -87.6890542408374)"
PULASKI AND CHICAGO,1983,4000 W CHICAGO AVENUE,07/20/2017,4,1149561.855939692,1905086.596446259,41.895476752,-87.72614436,"(41.89547675163723, -87.72614435991626)"
ROOSEVELT AND KOSTNER,2321,1200 S KOSTNER,07/20/2017,4,1147196.304001978,1894305.883269746,41.865938839,-87.735108549,"(41.8659388389088, -87.73510854901264)"
AUSTIN AND ADDISON,1493,6000 W ADDISON STREET,07/20/2017,4,1135698.173154422,1923360.229527805,41.945879676,-87.776627421,"(41.94587967559099, -87.77662742093737)"
STONY ISLAND/CORNELL AND 67TH,2731,6700 S CORNELL DRIVE,07/20/2017,19,1188316.454860734,1860851.137456735,41.77325149,-87.5852246,"(41.77325148959568, -87.58522459967712)"
BROADWAY/SHERIDAN AND DEVON,1123,1200 W DEVON AVE,03/31/2017,1,1167109.644248166,1942688.147952186,41.998298228,-87.660611661,"(41.99829822771884, -87.66061166063517)"
CANAL AND ROOSEVELT,2294,500 W ROOSEVELT ROAD,07/20/2017,6,1173290.72186561,1895021.166235495,41.867362693,-87.639293195,"(41.867362692616666, -87.63929319464197)"
CICERO AND PETERSON,1202,6000 N CICERO AVENUE,07/20/2017,3,1143247.733553094,1939479.342905704,41.989973915,-87.748473024,"(41.98997391514614, -87.74847302426933)"
WESTERN AND NORTH,1851,1600 N WESTERN AVE,07/20/2017,4,1160077.474351131,1910605.013316134,41.910409024,-87.687370268,"(41.91040902362901, -87.687370268401)"
99TH AND HALSTED,2433,800 W 99TH ST,07/20/2017,9,1172710.642565684,1839246.330602143,41.714323337,-87.643066714,"(41.71432333701137, -87.64306671421937)"
LAWRENCE AND CICERO,1041,4800 N CICERO AVE,07/20/2017,10,1143464.651785526,1931490.551883203,41.968048007,-87.747875985,"(41.968048007293845, -87.74787598468126)"
ASHLAND AND 95TH,2473,1600 W 95TH STREET,03/02/2017,6,1167323.753394196,1841755.029221382,41.721324412,-87.662724153,"(41.721324411975246, -87.66272415265087)"
55TH and PULASKI,2242,5500 S PULASKI,07/20/2017,3,1150600.072649439,1867806.44512718,41.793155061,-87.723303765,"(41.793155060731024, -87.72330376464247)"
PULASKI AND CHICAGO,1982,800 N PULASKI ROAD,07/20/2017,2,1149538.444844035,1905079.034990625,41.895456457,-87.726230541,"(41.895456456825386, -87.72623054051289)"
PULASKI AND FOSTER,1102,5200 N PULASKI RD,07/20/2017,3,1148746.251286324,1934286.914361976,41.97562074,-87.728383135,"(41.97562073966174, -87.72838313514907)"
ASHLAND AND IRVING PARK,1151,4000 N ASHLAND AVENUE,07/20/2017,3,1164899.463802581,1926665.661118925,41.954379326,-87.66919912,"(41.954379326212695, -87.66919911980419)"
MILWAUKEE AND DEVON,1272,6400 N MILWAUKEE AVEN,07/20/2017,1,1132463.750397878,1942107.911507627,41.997382173,-87.788077674,"(41.99738217345368, -87.78807767391953)"
KEDZIE AND 63RD,2364,3200 W 63RD ST,07/20/2017,3,1156103.348831225,1862717.565210739,41.779081505,-87.703260365,"(41.77908150488341, -87.70326036544745)"
CICERO AND WASHINGTON,1891,100 N CICERO AVENUE,07/20/2017,6,1144328.984091479,1900095.170838459,41.88187971,-87.745489247,"(41.88187970991601, -87.7454892473012)"
IRVING PARK AND CALIFORNIA,1234,2800 W IRVING PARK ROA,07/20/2017,18,,,,,
MILWAUKEE AND MONTROSE,1364,5075 W MONTROSE AVENUE,07/20/2017,7,1141716.746618898,1928736.076639057,41.960522088,-87.754371424,"(41.96052208819935, -87.75437142402293)"
PULASKI AND DIVISION,1801,1200 N PULASKI ROAD,07/20/2017,3,1149459.590666926,1907723.219884254,41.902713902,-87.726451457,"(41.902713901936174, -87.72645145715836)"
ROOSEVELT AND PULASKI,2314,4000 W ROOSEVELT ROAD,07/20/2017,2,1149885.032049683,1894449.464076882,41.866281003,-87.72523422,"(41.866281002664536, -87.72523421983905)"
HOMAN/KIMBALL AND NORTH,1771,1600 N HOMAN AVENUE,07/20/2017,1,,,,,
31ST ST AND MARTIN LUTHER KING DRIVE,2121,3100 S DR MARTIN L KING,07/20/2017,10,,,,,
HAMLIN AND LAKE,1882,300 N HAMLIN AVENUE,07/20/2017,1,1150970.026856642,1901381.688308858,41.885282636,-87.721069539,"(41.88528263580913, -87.72106953854511)"
87TH AND VINCENNES,2412,8700 S VINCENNES,07/20/2017,11,1172026.328989535,1847142.496643776,41.736006565,-87.645341819,"(41.73600656458518, -87.64534181897955)"
WESTERN AND CERMAK,1002,2200 S WESTERN AVENUE,03/02/2017,2,1160669.42562757,1889318.196820393,41.85198384,-87.685785704,"(41.85198383957328, -87.68578570420526)"
LAKE SHORE DR AND BELMONT,1413,400 W BELMONT AVE,07/20/2017,37,1172981.744869382,1921577.376128802,41.940241193,-87.639639114,"(41.94024119325571, -87.63963911427594)"
CHICAGO AND CLARK,1964,100 W CHICAGO AVENUE,07/20/2017,8,1175374.528739575,1905745.47783364,41.896744347,-87.631321248,"(41.896744346875806, -87.63132124815151)"
79TH AND HALSTED,2543,800 W 79TH STREET,07/20/2017,1,1172320.105719411,1852517.9814434,41.750751157,-87.644107793,"(41.75075115747316, -87.64410779300933)"
LASALLE AND KINZIE,1921,400 N LASALLE,07/20/2017,4,1175028.579766798,1903002.552291359,41.889225372,-87.632674115,"(41.88922537162015, -87.63267411498495)"
WESTERN AND 63RD,2373,2400 W 63RD ST,07/20/2017,2,1161444.415758584,1862848.534703658,41.779331844,-87.683675761,"(41.77933184429814, -87.68367576084798)"
PULASKI AND DIVERSEY,1543,4000 W DIVERSEY AVENUE,07/20/2017,1,1149206.496130705,1918356.569267582,41.931897723,-87.72710503,"(41.9318977231462, -87.72710503045386)"
111TH AND HALSTED,2422,11100 S HALSTED ST,07/20/2017,4,1172923.657689312,1831209.044179248,41.692263123,-87.642522688,"(41.692263123425136, -87.6425226876268)"
CENTRAL AND IRVING PARK,1182,4000 N CENTRAL AVENUE,07/20/2017,2,1138258.614129764,1926071.172884932,41.953272751,-87.767150151,"(41.95327275103541, -87.76715015131407)"
PULASKI AND FULLERTON,1481,2400 N PULASKI RD,07/20/2017,2,1149275.963864089,1915687.631931757,41.924572574,-87.726919111,"(41.92457257416937, -87.72691911144182)"
HALSTED AND NORTH,1761,1600 N HALSTED STREET,07/20/2017,7,1170678.283433825,1910880.991397547,41.910940644,-87.648419043,"(41.91094064391597, -87.64841904272998)"
FOSTER AND BROADWAY,1113,1200 W FOSTER AVE,07/20/2017,4,1167357.095930752,1934721.393266777,41.97643192,-87.659931806,"(41.97643192018459, -87.65993180604016)"
55TH AND WESTERN,2212,5500 S WESTERN AVE,07/20/2017,5,1161269.521335262,1867963.111601251,41.793370554,-87.684175377,"(41.79337055433029, -87.6841753767592)"
WENTWORTH AND GARFIELD,2261,5500 S WENTWORTH AVEN,07/18/2017,27,,,,,
IRVING PARK AND KILPATRICK,2763,4700 W IRVING PARK ROA,07/20/2017,6,,,,,
35TH AND WESTERN,2092,3500 S WESTERN,07/20/2017,4,1160894.949857101,1881376.851112895,41.830187255,-87.685177925,"(41.83018725526863, -87.68517792510231)"
CICERO AND ADDISON,1612,3600 N CICERO AVENUE,07/20/2017,9,1143698.904601495,1923517.005821035,41.946163524,-87.747215169,"(41.94616352362556, -87.74721516897007)"
STATE AND 79TH,2651,7900 S STATE STREET,07/17/2017,7,1177618.166929966,1852621.870232838,41.750918138,-87.624690123,"(41.7509181383154, -87.62469012251644)"
ASHLAND AND DIVISION,1791,1200 N ASHLAND AVENUE,07/20/2017,9,1165466.997046718,1908083.767015974,41.903377468,-87.667643142,"(41.903377467566784, -87.66764314227497)"
PULASKI AND ARCHER,2153,5000 S ARCHER AVE,07/20/2017,1,1150501.818909837,1871162.311703322,41.802365973,-87.723576766,"(41.80236597333895, -87.72357676611004)"
KEDZIE AND 47TH,2104,3200 W 47TH ST,07/20/2017,3,1155815.231505056,1873336.169728074,41.808226246,-87.704031672,"(41.808226246244026, -87.70403167215984)"
CICERO AND HARRISON,2023,4800 W HARRISON STREET,07/20/2017,3,1144451.867388303,1896949.561959463,41.873245464,-87.745117179,"(41.873245464379586, -87.7451171788807)"
CALIFORNIA AND DIVERSEY,1514,2800 W DIVERSEY,07/20/2017,23,1157212.54253358,1918526.674434943,41.932205395,-87.697679244,"(41.93220539506452, -87.6976792438691)"
KOSTNER AND NORTH,2011,1600 N KOSTNER,11/16/2016,1,1146732.108679105,1910282.120990798,41.909788304,-87.736404667,"(41.90978830394343, -87.73640466739216)"
CANAL AND ROOSEVELT,2291,1200 S CANAL STREET,07/20/2017,14,1173268.771030949,1894952.634878732,41.867175125,-87.639375813,"(41.86717512472001, -87.63937581258092)"
79TH AND KEDZIE,2443,3200 W 79TH ST,07/20/2017,7,1156402.644780165,1852104.649370984,41.749952001,-87.702448478,"(41.74995200142266, -87.70244847808695)"
WESTERN AND MARQUETTE,2674,2400 W MARQUETTE ROAD,07/20/2017,2,1161509.889315231,1860208.627404126,41.772086214,-87.683508858,"(41.772086214104526, -87.68350885781568)"
PULASKI AND LAWRENCE,1172,4800 N PULASKI ROAD,07/20/2017,1,1148821.701520117,1931605.974570937,41.968262595,-87.728175316,"(41.968262595100775, -87.7281753157596)"
CLARK AND FULLERTON,1631,2400 N CLARK ST,07/20/2017,8,1172749.562209477,1916238.997132859,41.925597623,-87.640650973,"(41.925597623023144, -87.64065097309872)"
DIVISION AND DAMEN,1733,2000 W DIVISION,07/20/2017,3,1162815.710860194,1908034.672555531,41.903298793,-87.677383247,"(41.903298792681944, -87.67738324739636)"
KEDZIE AND 31ST,2134,3200 W 31ST STREET,07/20/2017,6,1155487.128005646,1883943.061106793,41.8373395,-87.704950558,"(41.83733950029648, -87.70495055800411)"
HALSTED AND FULLERTON,1704,800 W FULLERTON AVENUE,07/20/2017,6,1170525.624723311,1916208.443992778,41.925562791,-87.648823641,"(41.92556279107417, -87.64882364145232)"
WESTERN AND MARQUETTE,2672,6700 S WESTERN AVENUE,07/20/2017,5,1161488.747635042,1860134.788366884,41.771884028,-87.683588402,"(41.77188402771193, -87.68358840206334)"
IRVING PARK AND NARRAGANSETT,1024,6400 W IRVING PK,07/17/2017,3,1132945.939118726,1925946.304925137,41.953024751,-87.786683238,"(41.95302475075328, -87.78668323766634)"
ADDISON AND HARLEM,1591,3600 N HARLEM AVENUE,07/20/2017,2,1127394.594070737,1923110.532422811,41.945338412,-87.807154769,"(41.94533841246591, -87.80715476912044)"
CICERO AND FULLERTON,1472,2400 N CICERO AVE,07/20/2017,5,1143961.592189569,1915545.343094087,41.92428359,-87.74645019,"(41.92428358982701, -87.74645019028947)"
STONEY ISLAND AND 79TH,2464,1600 E 79TH ST,07/20/2017,1,1188284.704439907,1852964.829047574,41.751611523,-87.585592284,"(41.75161152327319, -87.58559228428787)"
SHERIDAN AND FOSTER,1134,1000 W FOSTER AVE,07/20/2017,3,1168689.247756979,1934758.578141654,41.976505116,-87.655031882,"(41.97650511595711, -87.65503188224778)"
STATE AND 79TH,2654,1 E 79TH STREET,07/19/2017,28,1177680.113652821,1852598.313477786,41.750852096,-87.624463832,"(41.75085209551078, -87.62446383210285)"
31ST ST AND MARTIN LUTHER KING DRIVE,2123,400 E 31ST STREET,07/20/2017,1,1179437.985396417,1884565.84226022,41.838534018,-87.617046113,"(41.838534018118914, -87.61704611345726)"
87TH AND VINCENNES,2413,848 W 87TH STREET,07/16/2017,17,1172002.531006759,1847197.326168367,41.736157546,-87.6454274,"(41.73615754630335, -87.64542740049411)"
HOLLYWOOD AND SHERIDAN,1344,1000 W HOLLYWOOD AVE,07/20/2017,8,1168580.228926466,1938090.295189338,41.985649799,-87.655335807,"(41.98564979859328, -87.65533580655139)"
PULASKI AND FULLERTON,1484,4000 W FULLERTON AVE,07/20/2017,5,1149303.081963737,1915695.275222648,41.924593022,-87.726819268,"(41.92459302175305, -87.7268192684032)"
PULASKI AND NORTH,1994,4000 W NORTH AVENUE,07/20/2017,1,1149456.2688422,1910376.774019002,41.909995582,-87.726394693,"(41.90999558160536, -87.72639469321471)"
OGDEN AND KOSTNER,2223,4400 W OGDEN AVENUE,07/20/2017,12,1147406.592439224,1887689.099869462,41.847777523,-87.734505969,"(41.84777752280453, -87.73450596874825)"
SACRAMENTO AND CHICAGO,1814,3000 W CHICAGO AVENUE,07/20/2017,9,1156075.266375505,1905216.604770718,41.895704525,-87.702218524,"(41.895704524946225, -87.70221852353758)"
TOUHY AND OSCEOLA,1244,7432 W TOUHY AVENUE,07/20/2017,1,1125717.010560011,1947269.685461107,42.011661765,-87.812781431,"(42.01166176507329, -87.81278143114147)"
HAMLIN AND MADISON,1901,0 N HAMLIN BOULEVARD,07/20/2017,4,,,,,
AUSTIN AND IRVING PARK,1161,4000 N AUSTIN AVENUE,07/20/2017,1,1135599.956110927,1926006.862619986,41.953144059,-87.776925284,"(41.95314405904539, -87.77692528423394)"
LAKE SHORE DR AND BELMONT,1412,3200 N LAKESHORE DRIV,07/20/2017,4,1173053.220555078,1921821.380831705,41.940909163,-87.63936916,"(41.94090916326764, -87.63936915995522)"
ASHLAND AND 87TH,2454,1600 W 87TH ST,04/20/2017,8,1167171.941297436,1847064.855345151,41.735898617,-87.663128781,"(41.735898617066006, -87.66312878090133)"
ROOSEVELT AND KOSTNER,2323,4400 W ROOSEVELT,07/20/2017,6,1147200.963258796,1894379.538078088,41.866140868,-87.73508956,"(41.866140867641654, -87.73508956008207)"
71ST AND ASHLAND,2391,7100 S ASHLAND,07/20/2017,2,1166868.379865725,1857616.168087255,41.764859382,-87.663940176,"(41.764859382425385, -87.66394017630476)"
LARAMIE AND MADISON,2043,5200 W MADISON STREET,07/20/2017,3,1141706.965522802,1899567.55684314,41.880480752,-87.755130433,"(41.88048075170171, -87.75513043296509)"
CICERO AND I55,2252,4200 S CICERO AVENUE,07/20/2017,2,1145023.742859509,1876358.276835519,41.816729387,-87.743536712,"(41.81672938674739, -87.74353671247594)"
MADISON AND WESTERN,1931,1 S WESTERN AVE,07/20/2017,1,1160453.827721979,1899933.703473746,41.881118279,-87.686283339,"(41.881118278833966, -87.686283338873)"
ELSTON AND LAWRENCE,1284,4440 W LAWRENCE AVENUE,07/20/2017,4,1145715.061027481,1931571.0474838,41.968226398,-87.739599251,"(41.96822639754791, -87.73959925065756)"
ASHLAND AND 95TH,2472,9500 S ASHLAND AVENUE,07/20/2017,5,1167295.830128711,1841695.121217916,41.721160612,-87.662828139,"(41.72116061205213, -87.66282813939165)"
BROADWAY/SHERIDAN AND DEVON,1123,1200 W DEVON AVE,07/20/2017,3,1167109.644248166,1942688.147952186,41.998298228,-87.660611661,"(41.99829822771884, -87.66061166063517)"
IRVING PARK AND LARAMIE,1533,5200 W IRVING PARK ROA,07/20/2017,6,,,,,
WESTERN AND FOSTER,1072,5200 N WESTERN AVE,07/20/2017,3,1159372.922497116,1934478.313674003,41.975933372,-87.689299589,"(41.97593337199358, -87.6892995891816)"
STONEY ISLAND AND 79TH,2461,7900 S SOUTH CHICAGO AVE,07/20/2017,1,1188274.655498937,1852865.685797892,41.751339705,-87.585632266,"(41.751339704589455, -87.58563226565187)"
RIDGE AND CLARK,1052,5930 N CLARK STREET,07/20/2017,2,1164554.784723473,1939388.511516442,41.98929863,-87.670104121,"(41.98929863013193, -87.67010412112992)"
WESTERN AND FULLERTON,1671,2400 N WESTERN AVENUE,07/20/2017,9,1159923.309342995,1915897.778561358,41.924935944,-87.687790255,"(41.92493594409127, -87.68779025471278)"
CICERO AND DIVERSEY,1691,2800 N CICERO AVENUE,07/20/2017,7,1143863.647574835,1918202.018463414,41.931575608,-87.746743301,"(41.93157560844622, -87.74674330113561)"
ASHLAND AND MADISON,1914,1600 W MADISON,07/20/2017,1,1165723.014733182,1900136.515489506,41.881564167,-87.666929463,"(41.8815641670199, -87.66692946294842)"
WESTERN AND CHICAGO,1941,800 N WESTERN AVE,07/20/2017,1,1160220.967978608,1905277.507115921,41.895786955,-87.686990586,"(41.89578695485361, -87.68699058611217)"
ARCHER AND CICERO,2081,5200 S CICERO AVE,07/14/2017,19,1145195.931989777,1869737.708306623,41.798558278,-87.743071866,"(41.798558278193305, -87.74307186616427)"
CICERO AND HARRISON,2022,600 S CICERO AVENUE,07/20/2017,9,1144444.97442848,1896894.622216872,41.873094833,-87.745143869,"(41.873094832519136, -87.74514386884542)"
HALSTED AND MADISON,1871,1 S HALSTED STREET,07/20/2017,2,1171092.392868784,1900234.542088741,41.881717056,-87.647210539,"(41.88171705561901, -87.64721053920604)"
LAWRENCE AND CICERO,1042,4800 N CICERO AVENUE,07/20/2017,11,1143464.651785526,1931490.551883203,41.968048007,-87.747875985,"(41.968048007293845, -87.74787598468126)"
ELSTON AND ADDISON,1403,3216 W ADDISON ST,07/20/2017,13,1154199.729816868,1923799.345386665,41.946734755,-87.708609774,"(41.946734754927796, -87.7086097735515)"
KEDZIE AND 31ST,2132,3100 S KEDZIE AVENUE,07/20/2017,7,1155483.167539854,1883867.660503274,41.837132671,-87.704967115,"(41.837132671422296, -87.70496711478727)"
75TH AND STATE,2621,7500 S STATE STREET,07/19/2017,11,1177538.763040612,1855235.551345519,41.758092176,-87.624902228,"(41.75809217638291, -87.6249022282473)"
71ST AND ASHLAND,2394,1600 W 71ST,07/20/2017,3,1166890.012333149,1857674.2502247,41.765018306,-87.66385923,"(41.76501830555763, -87.66385923012646)"
ELSTON AND IRVING PARK,1503,3700 W IRVING PARK ROA,07/20/2017,3,,,,,
RIDGE AND CLARK,1051,5930 N CLARK STREET,07/20/2017,2,1164554.784723473,1939388.511516442,41.98929863,-87.670104121,"(41.98929863013193, -87.67010412112992)"
PULASKI AND BELMONT,1382,3200 N PULASKI RD,07/20/2017,5,1149125.621478734,1920994.556178086,41.939138154,-87.72733371,"(41.939138153500274, -87.7273337101426)"
WESTERN AND TOUHY,1251,7200 N WESTERN AVENUE,07/20/2017,2,1158975.66256211,1947754.286963361,42.012371335,-87.690393917,"(42.012371334791766, -87.69039391737863)"
ADDISON AND HARLEM,1591,3600 N HARLEM AVENUE,04/20/2017,3,1127394.594070737,1923110.532422811,41.945338412,-87.807154769,"(41.94533841246591, -87.80715476912044)"
FOSTER AND NAGLE,1031,5200 N NAGLE,07/20/2017,6,1132529.656558223,1934201.702060651,41.97568567,-87.788020406,"(41.97568566971868, -87.78802040620296)"
WESTERN AND CERMAK,1003,2400 W CERMAK ROAD,07/20/2017,1,1160678.000607329,1889375.645335924,41.852141307,-87.685752642,"(41.85214130680468, -87.6857526415569)"
CENTRAL AND ADDISON,1683,5600 W ADDISON STREET,07/20/2017,2,1138349.663302502,1923416.02157061,41.945985104,-87.766879952,"(41.94598510430888, -87.76687995165918)"
STATE AND 79TH,2654,1 E 79TH STREET,07/20/2017,31,1177680.113652821,1852598.313477786,41.750852096,-87.624463832,"(41.75085209551078, -87.62446383210285)"
ASHLAND AND IRVING PARK,1153,1600 W IRVING PARK ROA,07/13/2017,6,,,,,
FOSTER AND NAGLE,1034,6400 W FOSTER,07/20/2017,2,1132552.893142153,1934229.875527466,41.975762574,-87.787934296,"(41.97576257447203, -87.7879342955108)"
IRVING PARK AND CALIFORNIA,1233,2800 W IRVING PARK ROA,07/20/2017,9,,,,,
CICERO AND NORTH,2033,4800 W NORTH AVENUE,07/20/2017,4,1144053.733747163,1910243.80567041,41.90973389,-87.746244973,"(41.909733890131285, -87.74624497295898)"
HALSTED AND NORTH,1761,1600 N HALSTED STREET,11/22/2016,8,1170678.283433825,1910880.991397547,41.910940644,-87.648419043,"(41.91094064391597, -87.64841904272998)"
LAFAYETTE AND 87TH,2503,30 W 87TH STREET,07/20/2017,16,1177407.651800237,1847320.772058312,41.736376037,-87.625621311,"(41.736376036604916, -87.62562131092602)"
SACRAMENTO AND LAKE,1821,150 N SACRAMENTO BOUL,07/20/2017,7,1156319.560664766,1900957.489351962,41.884012178,-87.701436479,"(41.88401217771363, -87.7014364786693)"
WESTERN AND FOSTER,1074,2400 W FOSTER AVE,07/20/2017,4,1159379.402846887,1934502.712486132,41.97600019,-87.689275084,"(41.97600018976586, -87.68927508385399)"
CLARK AND IRVING PARK,1093,1300 W IRVING PARK ROAD,07/20/2017,4,1166777.545456989,1926719.73687357,41.954487567,-87.662293496,"(41.95448756687966, -87.66229349585691)"
IRVING PARK AND KILPATRICK,2764,4700 W IRVING PARK ROA,07/20/2017,1,,,,,
PULASKI AND IRVING PARK,1574,4000 W IRVING PARK RD,07/20/2017,8,1148988.727877253,1926320.954938409,41.953756874,-87.727698513,"(41.95375687447515, -87.72769851312907)"
DAMEN AND 63RD,2701,6300 S DAMEN AVENUE,07/20/2017,2,1164069.407943298,1862830.277442834,41.779226921,-87.674052731,"(41.77922692069256, -87.67405273137854)"
CORTLAND AND ASHLAND,1721,1900 N ASHLAND AVE,07/19/2017,19,1165348.084854857,1912736.454335569,41.916147281,-87.667947354,"(41.91614728095272, -87.66794735350443)"
ROOSEVELT AND HALSTED,2233,800 W ROOSEVELT ROAD,07/20/2017,5,1171199.282357741,1894968.056393724,41.867263098,-87.646972686,"(41.86726309836901, -87.64697268601648)"
CICERO AND WASHINGTON,1892,100 N CICERO AVENUE,07/20/2017,2,1144328.984091479,1900095.170838459,41.88187971,-87.745489247,"(41.88187970991601, -87.7454892473012)"
CORTLAND AND ASHLAND,1721,1900 N ASHLAND AVE,07/15/2017,25,1165348.084854857,1912736.454335569,41.916147281,-87.667947354,"(41.91614728095272, -87.66794735350443)"
VAN BUREN AND WESTERN,2054,2400 W VAN BUREN STREE,07/20/2017,4,,,,,
JEFFERY AND 95TH,2522,9500 S JEFFERY AVE,07/20/2017,1,1191132.420601301,1842335.735988875,41.722375907,-87.575499903,"(41.72237590704101, -87.57549990332795)"
WESTERN AND CERMAK,1002,2200 S WESTERN AVENUE,07/20/2017,9,1160669.42562757,1889318.196820393,41.85198384,-87.685785704,"(41.85198383957328, -87.68578570420526)"
FULLERTON AND NARRAGANSETT,1553,6400 W FULLERTON AVENU,07/20/2017,1,1133317.594499059,1915293.661305931,41.923786189,-87.785567206,"(41.92378618871128, -87.78556720562165)"
75TH AND STATE,2621,7500 S STATE STREET,07/20/2017,14,1177538.763040612,1855235.551345519,41.758092176,-87.624902228,"(41.75809217638291, -87.6249022282473)"
STONEY ISLAND AND 76TH,2631,7600 S STONY ISLAND A,11/01/2016,26,1188092.796191935,1854889.354158304,41.756897173,-87.586234285,"(41.75689717260223, -87.58623428506996)"
55TH AND WESTERN,2213,2400 W 55TH STREET,07/20/2017,9,1161277.012730599,1868185.749490228,41.793981347,-87.684141741,"(41.7939813465735, -87.68414174128355)"
WESTERN AND NORTH,1853,2400 W NORTH AVE,07/20/2017,5,1160100.839010995,1910612.783367238,41.910429862,-87.687284221,"(41.91042986235867, -87.68728422050837)"
PULASKI AND PETERSON,1262,6000 N PULASKI ROAD,11/23/2016,1,1148598.016685695,1939584.645960177,41.990160923,-87.728790748,"(41.99016092280557, -87.72879074759867)"
CENTRAL AND BELMONT,1602,3200 N CENTRAL AVENUE,07/20/2017,2,1138430.432324593,1920731.654410336,41.938617463,-87.766648297,"(41.938617463272884, -87.76664829683827)"
KOSTNER AND NORTH,2013,4400 W NORTH,07/20/2017,4,1146738.551618032,1910309.595368032,41.909863573,-87.736380296,"(41.90986357340246, -87.73638029605371)"
BROADWAY/SHERIDAN AND DEVON,1122,6400 N SHERIDAN ROAD,07/20/2017,9,1167087.151194129,1942658.704988689,41.998217921,-87.660695256,"(41.99821792053241, -87.6606952555721)"
LAFAYETTE AND 87TH,2502,8700 S LAFAYETTE AVEN,07/20/2017,16,1177417.493180297,1847243.988223464,41.73616511,-87.625587569,"(41.73616511008592, -87.62558756899932)"
CENTRAL AND ADDISON,1682,3600 N CENTRAL AVENUE,07/20/2017,2,1138343.117435682,1923392.067464765,41.945919491,-87.766904594,"(41.945919490555106, -87.76690459426293)"
HALSTED AND FULLERTON,1701,2400 N HALSTED STREET,07/20/2017,1,1170501.602639925,1916200.061550148,41.925540315,-87.648912156,"(41.925540315431995, -87.64891215551155)"
KEDZIE AND 71ST,2354,3200 W 71ST STREET,07/20/2017,3,1156246.862901455,1857404.014959868,41.764497433,-87.702877023,"(41.76449743256955, -87.70287702335861)"
KEDZIE AND ARMITAGE,1832,2000 N KEDZIE AVENUE,07/20/2017,6,1154684.031809326,1913129.496340896,41.917446172,-87.707116072,"(41.91744617191702, -87.70711607187832)"
CICERO AND WASHINGTON,1891,100 N CICERO AVENUE,11/16/2016,12,1144328.984091479,1900095.170838459,41.88187971,-87.745489247,"(41.88187970991601, -87.7454892473012)"
WESTERN AND DEVON,1211,6400 N WESTERN AVENUE,11/09/2016,3,1159113.585759434,1942451.622367891,41.997817807,-87.690033035,"(41.997817807026, -87.69003303469276)"
HAMLIN AND LAKE,1881,300 N HAMLIN AVENUE,07/20/2017,4,1150970.026856642,1901381.688308858,41.885282636,-87.721069539,"(41.88528263580913, -87.72106953854511)"
LARAMIE AND FULLERTON,1424,5200 W FULLERTON AVENUE,11/23/2016,1,1141305.554932016,1915502.611239048,41.924215797,-87.756210755,"(41.92421579723144, -87.75621075458939)"
35TH AND WESTERN,2091,3500 S WESTERN,07/20/2017,2,1160894.949857101,1881376.851112895,41.830187255,-87.685177925,"(41.83018725526863, -87.68517792510231)"
HALSTED AND 95TH,2581,9500 S HALSTED STREET,07/20/2017,4,1172610.538363645,1841811.61926207,41.721365061,-87.643358042,"(41.72136506078306, -87.64335804234075)"
ASHLAND AND FULLERTON,1651,2400 N ASHLAND AVENUE,07/20/2017,5,1165228.073342838,1916032.319169157,41.92519389,-87.668294363,"(41.92519388981048, -87.66829436339881)"
ASHLAND AND LAWRENCE,1142,4800 N ASHLAND AVENUE,07/20/2017,8,1164751.686785145,1932001.206626392,41.96902343,-87.669590434,"(41.969023429614026, -87.66959043354217)"
PETERSON AND WESTERN,1014,2400 W PETERSON,07/20/2017,10,1159214.211316277,1939825.301874586,41.99060901,-87.689735481,"(41.990609009807294, -87.68973548092968)"
HALSTED AND DIVISION,1714,800 W DIVISION,07/20/2017,4,1170767.827960358,1908259.644151662,41.903745557,-87.648167011,"(41.90374555734733, -87.64816701062779)"
STONEY ISLAND AND 76TH,2631,7600 S STONY ISLAND A,07/20/2017,35,1188092.796191935,1854889.354158304,41.756897173,-87.586234285,"(41.75689717260223, -87.58623428506996)"
HOLLYWOOD AND SHERIDAN,1343,1000 W HOLLYWOOD AVE,07/20/2017,6,1168580.228926466,1938090.295189338,41.985649799,-87.655335807,"(41.98564979859328, -87.65533580655139)"
CALIFORNIA AND DIVERSEY,1513,2800 W DIVERSEY,07/20/2017,5,1157212.54253358,1918526.674434943,41.932205395,-87.697679244,"(41.93220539506452, -87.6976792438691)"
CHICAGO AND CLARK,1963,100 W CHICAGO AVENUE,07/20/2017,8,1175374.528739575,1905745.47783364,41.896744347,-87.631321248,"(41.896744346875806, -87.63132124815151)"
KEDZIE AND 26TH,2382,2600 S KEDZIE AVENUE,07/20/2017,1,1155404.235510285,1886524.460033054,41.844424831,-87.705185452,"(41.84442483084393, -87.70518545233183)"
WESTERN AND FOSTER,1074,2400 W FOSTER AVE,07/18/2017,12,1159379.402846887,1934502.712486132,41.97600019,-87.689275084,"(41.97600018976586, -87.68927508385399)"
HOMAN/KIMBALL AND NORTH,1773,3400 W NORTH AVE,07/20/2017,8,1153386.578905125,1910465.87061722,41.910162847,-87.711953868,"(41.91016284680269, -87.71195386769125)"
LAFAYETTE AND 87TH,2503,30 W 87TH STREET,07/16/2017,26,1177407.651800237,1847320.772058312,41.736376037,-87.625621311,"(41.736376036604916, -87.62562131092602)"
VAN BUREN AND WESTERN,2052,400 S WESTERN AVENUE,07/20/2017,35,1160431.682297829,1898091.942371589,41.876064776,-87.686415631,"(41.87606477642526, -87.68641563098768)"
ASHLAND AND 87TH,2454,1600 W 87TH ST,07/19/2017,9,1167171.941297436,1847064.855345151,41.735898617,-87.663128781,"(41.735898617066006, -87.66312878090133)"
79TH AND HALSTED,2541,7900 S HALSTED STREET,07/20/2017,5,1172298.707400847,1852444.344822186,41.750549559,-87.644188368,"(41.750549559438944, -87.64418836784098)"
WENTWORTH AND GARFIELD,2264,200 W GARFIELD BLVD,07/16/2017,6,1175889.574397302,1868551.750512227,41.794670385,-87.630547476,"(41.79467038468937, -87.63054747605638)"
KEDZIE AND 71ST,2352,7100 S KEDZIE AVENUE,07/20/2017,1,1156225.540366296,1857330.103443232,41.764295037,-87.702957162,"(41.764295036756856, -87.70295716211793)"
CICERO AND NORTH,2034,4800 W NORTH AVENUE,07/20/2017,2,1144053.733747163,1910243.80567041,41.90973389,-87.746244973,"(41.909733890131285, -87.74624497295898)"
87TH AND VINCENNES,2413,848 W 87TH STREET,07/20/2017,15,1172002.531006759,1847197.326168367,41.736157546,-87.6454274,"(41.73615754630335, -87.64542740049411)"
CENTRAL AND LAKE,1742,400 N CENTRAL AVENUE,07/20/2017,2,1138928.478257537,1902217.926149854,41.887804621,-87.765268498,"(41.88780462053497, -87.76526849810371)"
CALIFORNIA AND DIVERSEY,1511,2800 N CALIFORNIA AVE,07/20/2017,2,1157189.355049829,1918495.644754069,41.932120719,-87.6977653,"(41.93212071910647, -87.69776530036465)"
WENTWORTH AND GARFIELD,2264,200 W GARFIELD BLVD,07/20/2017,7,1175889.574397302,1868551.750512227,41.794670385,-87.630547476,"(41.79467038468937, -87.63054747605638)"
COLUMBUS AND ILLINOIS,1951,500 N COLUMBUS DRIVE,07/20/2017,7,1178372.808407292,1903693.06016042,41.891044569,-87.620371839,"(41.891044569124276, -87.620371839074)"
PULASKI AND NORTH,1992,1600 N PULASKI AVENUE,07/20/2017,2,1149432.959240306,1910369.112502195,41.90997501,-87.726480523,"(41.909975010236906, -87.72648052306623)"
CENTRAL AND IRVING PARK,1183,5600 W IRVING PARK ROAD,07/20/2017,4,1138281.535484986,1926078.647777633,41.953292847,-87.767065708,"(41.953292847298, -87.76706570775266)"
ASHLAND AND LAWRENCE,1142,4800 N ASHLAND AVENUE,07/13/2017,5,1164751.686785145,1932001.206626392,41.96902343,-87.669590434,"(41.969023429614026, -87.66959043354217)"
IRVING PARK AND KILPATRICK,2763,4700 W IRVING PARK ROA,03/31/2017,7,,,,,
KEDZIE AND ARMITAGE,1834,3200 W ARMITAGE AVENUE,07/20/2017,3,1154700.851347995,1913153.252187904,41.917511023,-87.707053639,"(41.91751102291878, -87.7070536388797)"
75TH AND STATE,2624,1 E 75TH STREET,07/20/2017,10,1177601.72646404,1855229.486604181,41.758074111,-87.624671658,"(41.75807411097799, -87.62467165835182)"
ASHLAND AND 87TH,2452,8700 S ASHLAND AVE,07/20/2017,4,1167150.470087748,1846991.212339794,41.735696989,-87.663209544,"(41.73569698863625, -87.66320954445679)"
WESTERN AND FULLERTON,1672,2400 N WESTERN AVENUE,07/20/2017,2,1159923.309342995,1915897.778561358,41.924935944,-87.687790255,"(41.92493594409127, -87.68779025471278)"
STATE AND 79TH,2651,7900 S STATE STREET,07/20/2017,6,1177618.166929966,1852621.870232838,41.750918138,-87.624690123,"(41.7509181383154, -87.62469012251644)"
DAMEN AND 63RD,2702,6300 S DAMEN AVENUE,07/20/2017,4,1164069.407943298,1862830.277442834,41.779226921,-87.674052731,"(41.77922692069256, -87.67405273137854)"
PULASKI AND 63RD,2342,6300 S PULASKI RD,07/20/2017,4,1150746.00309079,1862516.747695325,41.778636469,-87.722906356,"(41.77863646878099, -87.72290635568541)"
ARCHER AND CICERO,2084,5400 S ARCHER AVE,07/20/2017,8,1145209.426392053,1869810.657411975,41.798758208,-87.743020541,"(41.798758207843264, -87.74302054146467)"
KOSTNER AND NORTH,2011,1600 N KOSTNER,07/20/2017,3,1146732.108679105,1910282.120990798,41.909788304,-87.736404667,"(41.90978830394343, -87.73640466739216)"
CALIFORNIA AND DEVON,1321,6400 N CALIFORNIA AVE,07/20/2017,1,1156461.150245401,1942370.37710537,41.997649133,-87.699792629,"(41.997649133049336, -87.69979262891378)"
LARAMIE AND FULLERTON,1421,2400 N LARAMIE AVENUE,07/20/2017,1,1141282.877477884,1915479.163971956,41.924151874,-87.756294662,"(41.92415187425276, -87.75629466175003)"
CICERO AND FULLERTON,1474,4800 W FULLERTON AVE,07/20/2017,2,1143967.570794243,1915568.504954477,41.924347036,-87.74642764,"(41.924347036010694, -87.74642763965628)"
BELMONT AND KEDZIE,1372,3200 N KEDZIE AVE,07/20/2017,10,1154426.977874407,1921110.466549542,41.93935173,-87.707846594,"(41.93935173030961, -87.70784659359776)"
ELSTON AND ADDISON,1403,3216 W ADDISON ST,07/15/2017,8,1154199.729816868,1923799.345386665,41.946734755,-87.708609774,"(41.946734754927796, -87.7086097735515)"
CORTLAND AND ASHLAND,1721,1900 N ASHLAND AVE,07/20/2017,12,1165348.084854857,1912736.454335569,41.916147281,-87.667947354,"(41.91614728095272, -87.66794735350443)"
DIVERSEY AND AUSTIN,1454,6000 W DIVERSEY AVENUE,05/08/2017,1,1135895.736169343,1918029.70673837,41.931248624,-87.776028612,"(41.931248623643455, -87.77602861172493)"
BELMONT AND KEDZIE,1371,3200 N KEDZIE AVENUE,07/20/2017,2,1154426.977874407,1921110.466549542,41.93935173,-87.707846594,"(41.93935173030961, -87.70784659359776)"
COTTAGE GROVE AND 71ST,2572,7100 S COTTAGE GROVE,07/20/2017,3,1182746.23698699,1858088.011064538,41.765800351,-87.605729127,"(41.76580035131893, -87.6057291269901)"
87TH AND VINCENNES,2412,8700 S VINCENNES,03/02/2017,4,1172026.328989535,1847142.496643776,41.736006565,-87.645341819,"(41.73600656458518, -87.64534181897955)"
CICERO AND ARMITAGE,2001,2000 N CICERO AVENUE,07/20/2017,5,1144031.525719004,1912881.8300295,41.916973325,-87.746260223,"(41.91697332451097, -87.74626022251057)"
CALIFORNIA AND DEVON,1323,2800 W DEVON AVENUE,07/20/2017,3,1156484.528078038,1942377.980662191,41.997669523,-87.699706423,"(41.99766952286052, -87.69970642324591)"
CERMAK AND PULASKI,2332,2200 S PULASKI,07/20/2017,3,1150012.876838243,1889071.75851865,41.851521442,-87.724904787,"(41.85152144233116, -87.7249047867499)"
CENTRAL AND LAKE,1743,5600 W LAKE STREET,07/20/2017,5,1138951.495695032,1902230.510465733,41.887838735,-87.765183663,"(41.887838735330206, -87.76518366338465)"
WESTERN AND CHICAGO,1943,2400 W CHICAGO AVE,07/20/2017,1,1160226.686812944,1905300.904544474,41.895851041,-87.686968935,"(41.895851041123755, -87.68696893468467)"
CALIFORNIA AND PETERSON,1313,2800 W PETERSON AVENUE,07/20/2017,5,1156569.515341857,1939784.830544118,41.990552082,-87.699464396,"(41.990552081681564, -87.69946439622785)"
71ST AND ASHLAND,2394,1600 W 71ST,11/23/2016,6,1166890.012333149,1857674.2502247,41.765018306,-87.66385923,"(41.76501830555763, -87.66385923012646)"
WENTWORTH AND GARFIELD,2261,5500 S WENTWORTH AVEN,07/20/2017,15,,,,,
PULASKI AND ARMITAGE,1844,4000 W ARMITAGE AVENUE,07/20/2017,4,1149375.428872108,1913028.984273181,41.917275069,-87.726622746,"(41.91727506940875, -87.72662274644799)"
CENTRAL AND BELMONT,1604,5600 W BELMONT AVENUE,07/20/2017,1,1138453.617438343,1920755.972768412,41.938683775,-87.766562494,"(41.93868377475747, -87.76656249384537)"
ARCHER AND CICERO,2081,5200 S CICERO AVE,07/20/2017,25,1145195.931989777,1869737.708306623,41.798558278,-87.743071866,"(41.798558278193305, -87.74307186616427)"
LAWRENCE AND WESTERN,1193,2400 W LAWRENCE AVENUE,07/20/2017,4,1159482.648570304,1931851.989492596,41.968724349,-87.688968727,"(41.96872434882172, -87.68896872699601)"
COLUMBUS AND ILLINOIS,1952,500 N COLUMBUS DRIVE,07/20/2017,10,1178372.808407292,1903693.06016042,41.891044569,-87.620371839,"(41.891044569124276, -87.620371839074)"
111TH AND HALSTED,2424,800 W 111TH ST,07/20/2017,3,1172945.404219168,1831282.917027882,41.692465363,-87.642440901,"(41.692465363421874, -87.64244090105778)"
IRVING PARK AND NARRAGANSETT,1024,6400 W IRVING PK,07/20/2017,5,1132945.939118726,1925946.304925137,41.953024751,-87.786683238,"(41.95302475075328, -87.78668323766634)"
IRVING PARK AND KILPATRICK,2764,4700 W IRVING PARK ROA,11/23/2016,2,,,,,
MILWAUKEE AND MONTROSE,1362,4400 N MILWAUKEE AVEN,07/20/2017,3,1141643.943268783,1928770.256316239,41.96061723,-87.75463824,"(41.9606172296957, -87.75463824007085)"
HALSTED AND NORTH,1764,800 W NORTH AVENUE,07/20/2017,2,1170700.68422007,1910913.190749698,41.91102851,-87.648335806,"(41.91102850981186, -87.64833580602037)"
ASHLAND AND DIVISION,1791,1200 N ASHLAND AVENUE,07/13/2017,9,1165466.997046718,1908083.767015974,41.903377468,-87.667643142,"(41.903377467566784, -87.66764314227497)"
JEFFERY AND 95TH,2523,2000 E 95TH ST,07/20/2017,3,1191188.381103057,1842410.411853539,41.722579473,-87.575292523,"(41.722579473126416, -87.57529252250366)"
WESTERN AND TOUHY,1252,7200 N WESTERN AVENUE,07/20/2017,2,1158975.66256211,1947754.286963361,42.012371335,-87.690393917,"(42.012371334791766, -87.69039391737863)"
CERMAK AND PULASKI,2334,4000 W CERMAK,07/20/2017,3,1150018.476053666,1889120.238540361,41.851654369,-87.724882975,"(41.85165436867626, -87.7248829753078)"
PULASKI AND DIVISION,1802,1200 N PULASKI ROAD,07/20/2017,8,1149459.590666926,1907723.219884254,41.902713902,-87.726451457,"(41.902713901936174, -87.72645145715836)"
HARLEM AND BELMONT,1391,3200 N HARLEM AVE,07/20/2017,1,1127481.020995451,1920467.613239239,41.938084468,-87.806896749,"(41.93808446822169, -87.80689674887883)"
KIMBALL AND DIVERSEY,1583,3400 W DIVERSEY AVENUE,07/20/2017,3,1153211.149172713,1918454.477800566,41.932087747,-87.71238583,"(41.932087747378944, -87.71238582951281)"
ASHLAND AND MADISON,1911,0 N ASHLAND AVE,07/20/2017,8,,,,,
115TH AND HALSTED,2552,11500 S HALSTED STREE,07/20/2017,4,,,,,
ARCHER AND CICERO,,5400 S ARCHER AVE,07/20/2017,1,1145209.426392053,1869810.657411975,41.798758208,-87.743020541,"(41.798758207843264, -87.74302054146467)"
CICERO AND I55,2251,4200 S CICERO AVENUE,07/20/2017,92,1145023.742859509,1876358.276835519,41.816729387,-87.743536712,"(41.81672938674739, -87.74353671247594)"
TOUHY AND OSCEOLA,1243,7432 W TOUHY AVENUE,07/20/2017,1,1125717.010560011,1947269.685461107,42.011661765,-87.812781431,"(42.01166176507329, -87.81278143114147)"
CICERO AND 47TH,2204,4800 W 47TH ST,07/20/2017,5,1145130.048925744,1873078.44198302,41.807727017,-87.743229366,"(41.80772701677172, -87.74322936566276)"
119TH AND HALSTED,2402,11900 S HALSTED,07/20/2017,6,1173094.774616191,1825911.054609338,41.677720829,-87.642051845,"(41.67772082924762, -87.64205184498218)"
63RD AND STATE,2712,6300 S STATE ST,07/20/2017,8,1177303.801895084,1863220.216755923,41.780008277,-87.625522512,"(41.78000827740796, -87.6255225119157)"
CICERO AND CHICAGO,1781,800 N CICERO AVENUE,07/20/2017,1,1144169.162482127,1904893.189220372,41.895049038,-87.745955516,"(41.89504903796389, -87.74595551626888)"
115TH AND HALSTED,2553,800 W 115TH STREET,07/20/2017,6,1173010.735357888,1828632.242070332,41.685190056,-87.642279564,"(41.68519005571938, -87.64227956401977)"
STONEY ISLAND AND 76TH,2632,7600 S STONY ISLAND A,07/20/2017,21,1188092.796191935,1854889.354158304,41.756897173,-87.586234285,"(41.75689717260223, -87.58623428506996)"
HALSTED AND DIVISION,1711,1200 N HALSTED,07/20/2017,7,1170746.639428735,1908242.256010774,41.903698308,-87.648245351,"(41.90369830765008, -87.64824535062563)"
DAMEN AND DIVERSEY,1464,2000 W DIVERSEY PARKWAY,07/20/2017,3,1162519.714934025,1918635.417634925,41.932394164,-87.678173031,"(41.93239416403691, -87.67817303087757)"
ELSTON AND LAWRENCE,1282,4800 N ELSTON AVENUE,07/20/2017,3,1145529.344259918,1931501.601268983,41.968039361,-87.740283894,"(41.96803936143674, -87.74028389448999)"
BELMONT AND KEDZIE,1373,3200 W BELMONT,07/20/2017,4,1154461.587940363,1921143.091003516,41.939440561,-87.707718516,"(41.93944056117365, -87.70771851630873)"
CLARK AND IRVING PARK,1091,4000 N CLARK STREET,07/20/2017,1,1166736.149822904,1926699.323624709,41.954432441,-87.662446259,"(41.95443244141688, -87.66244625914061)"
PETERSON AND WESTERN,1011,6000 N WESTERN AVE,07/20/2017,2,1159190.625032041,1939816.75471116,41.990586042,-87.689822473,"(41.99058604241958, -87.68982247294417)"
WESTERN AND DEVON,1211,6400 N WESTERN AVENUE,07/20/2017,2,1159113.585759434,1942451.622367891,41.997817807,-87.690033035,"(41.997817807026, -87.69003303469276)"
CALIFORNIA AND PETERSON,1313,2800 W PETERSON AVENUE,12/28/2017,1,1156569.515341857,1939784.830544118,41.990552082,-87.699464396,"(41.990552081681564, -87.69946439622785)"
KEDZIE AND 63RD,2364,3200 W 63RD ST,12/28/2017,1,1156103.348831225,1862717.565210739,41.779081505,-87.703260365,"(41.77908150488341, -87.70326036544745)"
MILWAUKEE AND DEVON,1272,6400 N MILWAUKEE AVEN,12/28/2017,1,1132463.750397878,1942107.911507627,41.997382173,-87.788077674,"(41.99738217345368, -87.78807767391953)"
WESTERN AND ADDISON,1563,2400 W ADDISON,12/28/2017,2,1159719.041544334,1923878.577275797,41.946839991,-87.688320193,"(41.9468399910054, -87.68832019252964)"
35TH AND WESTERN,2092,3500 S WESTERN,12/28/2017,3,1160894.949857101,1881376.851112895,41.830187255,-87.685177925,"(41.83018725526863, -87.68517792510231)"
ROOSEVELT AND KOSTNER,2323,4400 W ROOSEVELT,12/28/2017,5,1147200.963258796,1894379.538078088,41.866140868,-87.73508956,"(41.866140867641654, -87.73508956008207)"
ADDISON AND HARLEM,1591,3600 N HARLEM AVENUE,12/28/2017,2,1127394.594070737,1923110.532422811,41.945338412,-87.807154769,"(41.94533841246591, -87.80715476912044)"
PULASKI AND ARCHER,2154,5000 S ARCHER AVE,12/28/2017,2,1150501.818909837,1871162.311703322,41.802365973,-87.723576766,"(41.80236597333895, -87.72357676611004)"
111TH AND HALSTED,2424,800 W 111TH ST,12/28/2017,2,1172945.404219168,1831282.917027882,41.692465363,-87.642440901,"(41.692465363421874, -87.64244090105778)"
CENTRAL AND BELMONT,1602,3200 N CENTRAL AVENUE,12/28/2017,1,1138430.432324593,1920731.654410336,41.938617463,-87.766648297,"(41.938617463272884, -87.76664829683827)"
CANAL AND ROOSEVELT,2294,500 W ROOSEVELT ROAD,12/28/2017,6,1173290.72186561,1895021.166235495,41.867362693,-87.639293195,"(41.867362692616666, -87.63929319464197)"
55TH AND KEDZIE,2163,3200 W 55TH STREET,12/28/2017,1,1155966.956993183,1868015.593764152,41.793622803,-87.703618141,"(41.79362280329978, -87.70361814062049)"
ASHLAND AND DIVISION,1791,1200 N ASHLAND AVENUE,12/28/2017,7,1165466.997046718,1908083.767015974,41.903377468,-87.667643142,"(41.903377467566784, -87.66764314227497)"
CALIFORNIA AND DIVERSEY,1513,2800 W DIVERSEY,12/28/2017,2,1157212.54253358,1918526.674434943,41.932205395,-87.697679244,"(41.93220539506452, -87.6976792438691)"
PULASKI AND LAWRENCE,1173,4000 W LAWRENCE AVENUE,12/28/2017,4,1148844.220085601,1931638.45430438,41.968351285,-87.728091672,"(41.96835128527914, -87.72809167198088)"
WESTERN AND CHICAGO,1941,800 N WESTERN AVE,12/28/2017,3,1160220.967978608,1905277.507115921,41.895786955,-87.686990586,"(41.89578695485361, -87.68699058611217)"
WESTERN AND 63RD,2373,2400 W 63RD ST,12/28/2017,3,1161444.415758584,1862848.534703658,41.779331844,-87.683675761,"(41.77933184429814, -87.68367576084798)"
WESTERN AND FULLERTON,1671,2400 N WESTERN AVENUE,12/28/2017,9,1159923.309342995,1915897.778561358,41.924935944,-87.687790255,"(41.92493594409127, -87.68779025471278)"
VAN BUREN AND WESTERN,2052,400 S WESTERN AVENUE,12/28/2017,28,1160431.682297829,1898091.942371589,41.876064776,-87.686415631,"(41.87606477642526, -87.68641563098768)"
STATE AND 79TH,2654,1 E 79TH STREET,12/28/2017,18,1177680.113652821,1852598.313477786,41.750852096,-87.624463832,"(41.75085209551078, -87.62446383210285)"
LAFAYETTE AND 87TH,2502,8700 S LAFAYETTE AVEN,07/21/2017,25,1177417.493180297,1847243.988223464,41.73616511,-87.625587569,"(41.73616511008592, -87.62558756899932)"
SACRAMENTO AND CHICAGO,1814,3000 W CHICAGO AVENUE,07/21/2017,13,1156075.266375505,1905216.604770718,41.895704525,-87.702218524,"(41.895704524946225, -87.70221852353758)"
WESTERN AND FOSTER,1074,2400 W FOSTER AVE,07/21/2017,2,1159379.402846887,1934502.712486132,41.97600019,-87.689275084,"(41.97600018976586, -87.68927508385399)"
MADISON AND WESTERN,1931,1 S WESTERN AVE,07/21/2017,4,1160453.827721979,1899933.703473746,41.881118279,-87.686283339,"(41.881118278833966, -87.686283338873)"
CHICAGO AND CLARK,1963,100 W CHICAGO AVENUE,07/21/2017,17,1175374.528739575,1905745.47783364,41.896744347,-87.631321248,"(41.896744346875806, -87.63132124815151)"
MILWAUKEE AND MONTROSE,1364,5075 W MONTROSE AVENUE,07/21/2017,3,1141716.746618898,1928736.076639057,41.960522088,-87.754371424,"(41.96052208819935, -87.75437142402293)"
119TH AND HALSTED,2404,800 W 119TH STREET,07/21/2017,3,1173111.174088158,1825985.001014405,41.677923389,-87.641989646,"(41.677923389134385, -87.64198964584013)"
55TH AND WESTERN,2212,5500 S WESTERN AVE,07/21/2017,4,1161269.521335262,1867963.111601251,41.793370554,-87.684175377,"(41.79337055433029, -87.6841753767592)"
79TH AND HALSTED,2541,7900 S HALSTED STREET,07/21/2017,2,1172298.707400847,1852444.344822186,41.750549559,-87.644188368,"(41.750549559438944, -87.64418836784098)"
ASHLAND AND FULLERTON,1652,2400 N ASHLAND AVENUE,07/21/2017,17,1165228.073342838,1916032.319169157,41.92519389,-87.668294363,"(41.92519388981048, -87.66829436339881)"
4700 WESTERN,2142,4700 S WESTERN AVENUE,07/21/2017,2,1161120.438879703,1873431.066474726,41.808378408,-87.684570717,"(41.808378407946726, -87.68457071689552)"
CICERO AND ADDISON,1612,3600 N CICERO AVENUE,07/21/2017,5,1143698.904601495,1923517.005821035,41.946163524,-87.747215169,"(41.94616352362556, -87.74721516897007)"
LAWRENCE AND WESTERN,1192,4800 N WESTERN AVENUE,07/21/2017,7,1159459.622430471,1931821.342623414,41.968640727,-87.689054241,"(41.96864072747715, -87.6890542408374)"
KEDZIE AND 63RD,2364,3200 W 63RD ST,07/21/2017,5,1156103.348831225,1862717.565210739,41.779081505,-87.703260365,"(41.77908150488341, -87.70326036544745)"
ELSTON AND LAWRENCE,1282,4800 N ELSTON AVENUE,07/21/2017,1,1145529.344259918,1931501.601268983,41.968039361,-87.740283894,"(41.96803936143674, -87.74028389448999)"
LARAMIE AND MADISON,2043,5200 W MADISON STREET,07/21/2017,5,1141706.965522802,1899567.55684314,41.880480752,-87.755130433,"(41.88048075170171, -87.75513043296509)"
CALIFORNIA AND DEVON,1323,2800 W DEVON AVENUE,11/23/2016,6,1156484.528078038,1942377.980662191,41.997669523,-87.699706423,"(41.99766952286052, -87.69970642324591)"
SHERIDAN AND FOSTER,1134,1000 W FOSTER AVE,07/21/2017,3,1168689.247756979,1934758.578141654,41.976505116,-87.655031882,"(41.97650511595711, -87.65503188224778)"
CENTRAL AND BELMONT,1602,3200 N CENTRAL AVENUE,07/21/2017,1,1138430.432324593,1920731.654410336,41.938617463,-87.766648297,"(41.938617463272884, -87.76664829683827)"
IRVING PARK AND KEDZIE,1354,3200 W IRVING PARK ROAD,11/22/2016,7,1154325.140302006,1926458.463197156,41.954029047,-87.708077494,"(41.95402904691877, -87.70807749383191)"
CENTRAL AND LAKE,1743,5600 W LAKE STREET,07/21/2017,2,1138951.495695032,1902230.510465733,41.887838735,-87.765183663,"(41.887838735330206, -87.76518366338465)"
CICERO AND I55,2252,4200 S CICERO AVENUE,07/21/2017,7,1145023.742859509,1876358.276835519,41.816729387,-87.743536712,"(41.81672938674739, -87.74353671247594)"
HOMAN/KIMBALL AND NORTH,1773,3400 W NORTH AVE,07/21/2017,5,1153386.578905125,1910465.87061722,41.910162847,-87.711953868,"(41.91016284680269, -87.71195386769125)"
RIDGE AND CLARK,1052,5930 N CLARK STREET,07/21/2017,1,1164554.784723473,1939388.511516442,41.98929863,-87.670104121,"(41.98929863013193, -87.67010412112992)"
75TH AND STATE,2621,7500 S STATE STREET,07/21/2017,12,1177538.763040612,1855235.551345519,41.758092176,-87.624902228,"(41.75809217638291, -87.6249022282473)"
PULASKI AND DIVERSEY,1543,4000 W DIVERSEY AVENUE,07/21/2017,1,1149206.496130705,1918356.569267582,41.931897723,-87.72710503,"(41.9318977231462, -87.72710503045386)"
CICERO AND 47TH,2204,4800 W 47TH ST,07/21/2017,3,1145130.048925744,1873078.44198302,41.807727017,-87.743229366,"(41.80772701677172, -87.74322936566276)"
IRVING PARK AND LARAMIE,1534,5200 W IRVING PARK ROA,11/23/2016,2,,,,,
ADDISON AND HARLEM,1591,3600 N HARLEM AVENUE,07/21/2017,2,1127394.594070737,1923110.532422811,41.945338412,-87.807154769,"(41.94533841246591, -87.80715476912044)"
CALIFORNIA AND PETERSON,1311,6000 N CALIFORNIA AVE,07/21/2017,3,1156545.742699118,1939775.775541795,41.990527717,-87.699552084,"(41.990527717148176, -87.69955208405155)"
KOSTNER AND NORTH,2013,4400 W NORTH,11/16/2016,4,1146738.551618032,1910309.595368032,41.909863573,-87.736380296,"(41.90986357340246, -87.73638029605371)"
31ST ST AND MARTIN LUTHER KING DRIVE,2123,400 E 31ST STREET,07/21/2017,2,1179437.985396417,1884565.84226022,41.838534018,-87.617046113,"(41.838534018118914, -87.61704611345726)"
FULLERTON AND NARRAGANSETT,1554,6400 W FULLERTON AVENU,07/20/2017,6,1133317.594499059,1915293.661305931,41.923786189,-87.785567206,"(41.92378618871128, -87.78556720562165)"
CICERO AND PETERSON,1202,6000 N CICERO AVENUE,07/21/2017,2,1143247.733553094,1939479.342905704,41.989973915,-87.748473024,"(41.98997391514614, -87.74847302426933)"
SACRAMENTO AND LAKE,1822,150 N SACRAMENTO BOUL,07/21/2017,11,1156319.560664766,1900957.489351962,41.884012178,-87.701436479,"(41.88401217771363, -87.7014364786693)"
PULASKI AND ARCHER,2153,5000 S ARCHER AVE,07/21/2017,4,1150501.818909837,1871162.311703322,41.802365973,-87.723576766,"(41.80236597333895, -87.72357676611004)"
WESTERN AND NORTH,1853,2400 W NORTH AVE,07/21/2017,7,1160100.839010995,1910612.783367238,41.910429862,-87.687284221,"(41.91042986235867, -87.68728422050837)"
CICERO AND NORTH,2034,4800 W NORTH AVENUE,07/21/2017,2,1144053.733747163,1910243.80567041,41.90973389,-87.746244973,"(41.909733890131285, -87.74624497295898)"
35TH AND WESTERN,2091,3500 S WESTERN,07/21/2017,1,1160894.949857101,1881376.851112895,41.830187255,-87.685177925,"(41.83018725526863, -87.68517792510231)"
KOSTNER AND NORTH,2013,4400 W NORTH,07/21/2017,4,1146738.551618032,1910309.595368032,41.909863573,-87.736380296,"(41.90986357340246, -87.73638029605371)"
ASHLAND AND LAWRENCE,1142,4800 N ASHLAND AVENUE,07/21/2017,5,1164751.686785145,1932001.206626392,41.96902343,-87.669590434,"(41.969023429614026, -87.66959043354217)"
CALIFORNIA AND DIVERSEY,1514,2800 W DIVERSEY,07/21/2017,15,1157212.54253358,1918526.674434943,41.932205395,-87.697679244,"(41.93220539506452, -87.6976792438691)"
DIVERSEY AND AUSTIN,1454,6000 W DIVERSEY AVENUE,07/21/2017,1,1135895.736169343,1918029.70673837,41.931248624,-87.776028612,"(41.931248623643455, -87.77602861172493)"
PULASKI AND FOSTER,1102,5200 N PULASKI RD,07/21/2017,4,1148746.251286324,1934286.914361976,41.97562074,-87.728383135,"(41.97562073966174, -87.72838313514907)"
CENTRAL AND ADDISON,1682,3600 N CENTRAL AVENUE,07/21/2017,3,1138343.117435682,1923392.067464765,41.945919491,-87.766904594,"(41.945919490555106, -87.76690459426293)"
CANAL AND ROOSEVELT,2294,500 W ROOSEVELT ROAD,07/21/2017,14,1173290.72186561,1895021.166235495,41.867362693,-87.639293195,"(41.867362692616666, -87.63929319464197)"
PETERSON AND WESTERN,1014,2400 W PETERSON,07/21/2017,9,1159214.211316277,1939825.301874586,41.99060901,-87.689735481,"(41.990609009807294, -87.68973548092968)"
ASHLAND AND 87TH,2454,1600 W 87TH ST,07/21/2017,5,1167171.941297436,1847064.855345151,41.735898617,-87.663128781,"(41.735898617066006, -87.66312878090133)"
WESTERN AND CERMAK,1002,2200 S WESTERN AVENUE,07/21/2017,4,1160669.42562757,1889318.196820393,41.85198384,-87.685785704,"(41.85198383957328, -87.68578570420526)"
KEDZIE AND 47TH,2101,4700 S KEDZIE AVE,07/21/2017,3,1155791.949302478,1873270.778481327,41.808047272,-87.704118822,"(41.80804727165029, -87.70411882229871)"
4700 WESTERN,2141,4700 S WESTERN AVENUE,07/21/2017,4,1161120.438879703,1873431.066474726,41.808378408,-87.684570717,"(41.808378407946726, -87.68457071689552)"
71ST AND ASHLAND,2391,7100 S ASHLAND,07/21/2017,6,1166868.379865725,1857616.168087255,41.764859382,-87.663940176,"(41.764859382425385, -87.66394017630476)"
WESTERN AND DEVON,1212,6400 N WESTERN AVENUE,07/21/2017,3,1159113.585759434,1942451.622367891,41.997817807,-87.690033035,"(41.997817807026, -87.69003303469276)"
115TH AND HALSTED,2553,800 W 115TH STREET,07/21/2017,7,1173010.735357888,1828632.242070332,41.685190056,-87.642279564,"(41.68519005571938, -87.64227956401977)"
BELMONT AND KEDZIE,1373,3200 W BELMONT,07/21/2017,6,1154461.587940363,1921143.091003516,41.939440561,-87.707718516,"(41.93944056117365, -87.70771851630873)"
LASALLE AND KINZIE,1921,400 N LASALLE,07/21/2017,6,1175028.579766798,1903002.552291359,41.889225372,-87.632674115,"(41.88922537162015, -87.63267411498495)"
STONEY ISLAND AND 76TH,2632,7600 S STONY ISLAND A,07/21/2017,27,1188092.796191935,1854889.354158304,41.756897173,-87.586234285,"(41.75689717260223, -87.58623428506996)"
ELSTON AND ADDISON,1402,3600 N ELSTON AVE,07/21/2017,4,1154106.95251778,1923731.036211081,41.946549165,-87.708952626,"(41.94654916480637, -87.70895262603513)"
IRVING PARK AND NARRAGANSETT,1023,6400 W IRVING PK,07/21/2017,3,1132945.939118726,1925946.304925137,41.953024751,-87.786683238,"(41.95302475075328, -87.78668323766634)"
PULASKI AND CHICAGO,1982,800 N PULASKI ROAD,07/21/2017,2,1149538.444844035,1905079.034990625,41.895456457,-87.726230541,"(41.895456456825386, -87.72623054051289)"
CALIFORNIA AND PETERSON,1313,2800 W PETERSON AVENUE,07/21/2017,10,1156569.515341857,1939784.830544118,41.990552082,-87.699464396,"(41.990552081681564, -87.69946439622785)"
ASHLAND AND DIVISION,1791,1200 N ASHLAND AVENUE,07/21/2017,10,1165466.997046718,1908083.767015974,41.903377468,-87.667643142,"(41.903377467566784, -87.66764314227497)"
OGDEN AND KOSTNER,2222,2348 S KOSTNER AVENUE,07/21/2017,5,1147394.548182079,1887795.177782082,41.848068845,-87.734547457,"(41.8480688449598, -87.73454745748458)"
55TH AND KEDZIE,2163,3200 W 55TH STREET,07/21/2017,3,1155966.956993183,1868015.593764152,41.793622803,-87.703618141,"(41.79362280329978, -87.70361814062049)"
87TH AND VINCENNES,2413,848 W 87TH STREET,07/21/2017,14,1172002.531006759,1847197.326168367,41.736157546,-87.6454274,"(41.73615754630335, -87.64542740049411)"
ARCHER AND CICERO,2084,5400 S ARCHER AVE,07/21/2017,12,1145209.426392053,1869810.657411975,41.798758208,-87.743020541,"(41.798758207843264, -87.74302054146467)"
CICERO AND CHICAGO,1781,800 N CICERO AVENUE,07/21/2017,2,1144169.162482127,1904893.189220372,41.895049038,-87.745955516,"(41.89504903796389, -87.74595551626888)"
STONEY ISLAND AND 79TH,2464,1600 E 79TH ST,07/21/2017,4,1188284.704439907,1852964.829047574,41.751611523,-87.585592284,"(41.75161152327319, -87.58559228428787)"
AUSTIN AND IRVING PARK,1161,4000 N AUSTIN AVENUE,07/21/2017,1,1135599.956110927,1926006.862619986,41.953144059,-87.776925284,"(41.95314405904539, -87.77692528423394)"
STATE AND 79TH,2654,1 E 79TH STREET,07/21/2017,31,1177680.113652821,1852598.313477786,41.750852096,-87.624463832,"(41.75085209551078, -87.62446383210285)"
CENTRAL AND FULLERTON,1444,5600 W FULLERTON AVENU,07/21/2017,1,1138627.279189421,1915438.969256439,41.924090199,-87.76605353,"(41.92409019883488, -87.76605353016079)"
CICERO AND HARRISON,2023,4800 W HARRISON STREET,07/21/2017,5,1144451.867388303,1896949.561959463,41.873245464,-87.745117179,"(41.873245464379586, -87.7451171788807)"
KOSTNER AND NORTH,2012,4400 W GRAND AVE,07/21/2017,1,1146773.519128439,1910425.663958581,41.91018141,-87.73624887,"(41.910181409597406, -87.73624887040725)"
PULASKI AND NORTH,1994,4000 W NORTH AVENUE,07/21/2017,1,1149456.2688422,1910376.774019002,41.909995582,-87.726394693,"(41.90999558160536, -87.72639469321471)"
CICERO AND WASHINGTON,1891,100 N CICERO AVENUE,07/21/2017,7,1144328.984091479,1900095.170838459,41.88187971,-87.745489247,"(41.88187970991601, -87.7454892473012)"
COLUMBUS AND ILLINOIS,1952,500 N COLUMBUS DRIVE,07/21/2017,19,1178372.808407292,1903693.06016042,41.891044569,-87.620371839,"(41.891044569124276, -87.620371839074)"
ASHLAND AND DIVISION,1793,1600 W DIVISION STREET,07/21/2017,2,1165489.684200442,1908112.312963909,41.903455316,-87.667558994,"(41.903455316483814, -87.66755899396976)"
WESTERN AND NORTH,1851,1600 N WESTERN AVE,07/21/2017,4,1160077.474351131,1910605.013316134,41.910409024,-87.687370268,"(41.91040902362901, -87.687370268401)"
KEDZIE AND 71ST,2354,3200 W 71ST STREET,07/21/2017,3,1156246.862901455,1857404.014959868,41.764497433,-87.702877023,"(41.76449743256955, -87.70287702335861)"
CALIFORNIA AND DIVERSEY,1511,2800 N CALIFORNIA AVE,07/21/2017,4,1157189.355049829,1918495.644754069,41.932120719,-87.6977653,"(41.93212071910647, -87.69776530036465)"
MADISON AND WESTERN,1934,2400 W MADISON,07/21/2017,1,1160384.621277157,1899988.655722373,41.881270504,-87.68653594,"(41.88127050428818, -87.68653594017124)"
111TH AND HALSTED,2424,800 W 111TH ST,07/21/2017,3,1172945.404219168,1831282.917027882,41.692465363,-87.642440901,"(41.692465363421874, -87.64244090105778)"
WESTERN AND 63RD,2373,2400 W 63RD ST,07/21/2017,3,1161444.415758584,1862848.534703658,41.779331844,-87.683675761,"(41.77933184429814, -87.68367576084798)"
FOSTER AND BROADWAY,1113,1200 W FOSTER AVE,07/21/2017,4,1167357.095930752,1934721.393266777,41.97643192,-87.659931806,"(41.97643192018459, -87.65993180604016)"
DIVISION AND DAMEN,1734,2000 W DIVISION,07/21/2017,7,1162815.710860194,1908034.672555531,41.903298793,-87.677383247,"(41.903298792681944, -87.67738324739636)"
71ST AND ASHLAND,2394,1600 W 71ST,07/21/2017,10,1166890.012333149,1857674.2502247,41.765018306,-87.66385923,"(41.76501830555763, -87.66385923012646)"
TOUHY AND OSCEOLA,1244,7432 W TOUHY AVENUE,07/21/2017,2,1125717.010560011,1947269.685461107,42.011661765,-87.812781431,"(42.01166176507329, -87.81278143114147)"
CICERO AND 47TH,2202,4700 S CICERO AVE,07/21/2017,1,1145112.150373471,1873006.659918126,41.807530373,-87.743296821,"(41.80753037289406, -87.7432968212423)"
PULASKI AND FULLERTON,1484,4000 W FULLERTON AVE,07/21/2017,6,1149303.081963737,1915695.275222648,41.924593022,-87.726819268,"(41.92459302175305, -87.7268192684032)"
CALIFORNIA AND DIVERSEY,1513,2800 W DIVERSEY,07/21/2017,4,1157212.54253358,1918526.674434943,41.932205395,-87.697679244,"(41.93220539506452, -87.6976792438691)"
BROADWAY/SHERIDAN AND DEVON,1123,1200 W DEVON AVE,07/21/2017,1,1167109.644248166,1942688.147952186,41.998298228,-87.660611661,"(41.99829822771884, -87.66061166063517)"
CICERO AND FULLERTON,1472,2400 N CICERO AVE,07/21/2017,4,1143961.592189569,1915545.343094087,41.92428359,-87.74645019,"(41.92428358982701, -87.74645019028947)"
HALSTED AND 95TH,2582,9500 S HALSTED STREET,07/21/2017,1,1172610.538363645,1841811.61926207,41.721365061,-87.643358042,"(41.72136506078306, -87.64335804234075)"
DAMEN AND 63RD,2701,6300 S DAMEN AVENUE,07/21/2017,4,1164069.407943298,1862830.277442834,41.779226921,-87.674052731,"(41.77922692069256, -87.67405273137854)"
LASALLE AND KINZIE,1923,140 W KINZIE,07/21/2017,5,1175048.09765242,1903028.894760294,41.889297219,-87.632601648,"(41.88929721947309, -87.63260164817305)"
BELMONT AND KEDZIE,1372,3200 N KEDZIE AVE,07/21/2017,18,1154426.977874407,1921110.466549542,41.93935173,-87.707846594,"(41.93935173030961, -87.70784659359776)"
FOSTER AND NAGLE,1031,5200 N NAGLE,07/21/2017,4,1132529.656558223,1934201.702060651,41.97568567,-87.788020406,"(41.97568566971868, -87.78802040620296)"
CANAL AND ROOSEVELT,2291,1200 S CANAL STREET,07/21/2017,11,1173268.771030949,1894952.634878732,41.867175125,-87.639375813,"(41.86717512472001, -87.63937581258092)"
WESTERN AND CERMAK,1003,2400 W CERMAK ROAD,07/21/2017,2,1160678.000607329,1889375.645335924,41.852141307,-87.685752642,"(41.85214130680468, -87.6857526415569)"
JEFFERY AND 95TH,2523,2000 E 95TH ST,07/21/2017,1,1191188.381103057,1842410.411853539,41.722579473,-87.575292523,"(41.722579473126416, -87.57529252250366)"
DAMEN AND 63RD,2702,6300 S DAMEN AVENUE,07/21/2017,4,1164069.407943298,1862830.277442834,41.779226921,-87.674052731,"(41.77922692069256, -87.67405273137854)"
79TH AND KEDZIE,2442,7900 S KEDZIE AVE,07/21/2017,1,1156378.39667768,1852021.375281577,41.749723972,-87.702539572,"(41.749723971726056, -87.70253957167394)"
STONEY ISLAND AND 79TH,2462,7900 S STONEY ISLAND,07/21/2017,1,1188181.571068297,1852908.934789311,41.751460603,-87.585971993,"(41.75146060316686, -87.5859719929647)"
VAN BUREN AND WESTERN,2054,2400 W VAN BUREN STREE,07/21/2017,4,,,,,
HALSTED AND DIVISION,1714,800 W DIVISION,07/21/2017,8,1170767.827960358,1908259.644151662,41.903745557,-87.648167011,"(41.90374555734733, -87.64816701062779)"
ROOSEVELT AND PULASKI,2314,4000 W ROOSEVELT ROAD,07/21/2017,2,1149885.032049683,1894449.464076882,41.866281003,-87.72523422,"(41.866281002664536, -87.72523421983905)"
TOUHY AND OSCEOLA,1243,7432 W TOUHY AVENUE,07/21/2017,5,1125717.010560011,1947269.685461107,42.011661765,-87.812781431,"(42.01166176507329, -87.81278143114147)"
PULASKI AND ARCHER,2154,5000 S ARCHER AVE,07/21/2017,2,1150501.818909837,1871162.311703322,41.802365973,-87.723576766,"(41.80236597333895, -87.72357676611004)"
PULASKI AND 63RD,2343,4000 W 63RD ST,07/21/2017,3,1150768.346768175,1862564.615405259,41.77876739,-87.722823195,"(41.778767390084305, -87.72282319530368)"
CICERO AND ADDISON,1611,3600 N CICERO AVENUE,07/21/2017,3,1143698.904601495,1923517.005821035,41.946163524,-87.747215169,"(41.94616352362556, -87.74721516897007)"
LARAMIE AND FULLERTON,1424,5200 W FULLERTON AVENUE,07/21/2017,2,1141305.554932016,1915502.611239048,41.924215797,-87.756210755,"(41.92421579723144, -87.75621075458939)"
ROOSEVELT AND KOSTNER,2323,4400 W ROOSEVELT,07/21/2017,5,1147200.963258796,1894379.538078088,41.866140868,-87.73508956,"(41.866140867641654, -87.73508956008207)"
55TH AND KEDZIE,2162,5500 S KEDZIE AVENUE,07/21/2017,4,1155945.854705238,1867941.621374192,41.793420237,-87.703697508,"(41.793420236755864, -87.70369750845424)"
HAMLIN AND MADISON,1903,3800 W MADISON STREET,07/21/2017,16,1151032.709141294,1899784.033986533,41.880897273,-87.720881226,"(41.880897273491264, -87.72088122613924)"
STONY ISLAND/CORNELL AND 67TH,2721,6700 S STONY ISLAND A,07/21/2017,6,1187984.143047539,1860863.338367666,41.773292896,-87.586442368,"(41.77329289585066, -87.58644236831432)"
CORTLAND AND ASHLAND,1723,1600 W CORTLAND ST,07/21/2017,2,1165377.660768235,1912768.773647285,41.916235337,-87.667837772,"(41.91623533746878, -87.66783777212962)"
WESTERN AND FULLERTON,1671,2400 N WESTERN AVENUE,07/21/2017,19,1159923.309342995,1915897.778561358,41.924935944,-87.687790255,"(41.92493594409127, -87.68779025471278)"
PETERSON AND WESTERN,1011,6000 N WESTERN AVE,07/21/2017,6,1159190.625032041,1939816.75471116,41.990586042,-87.689822473,"(41.99058604241958, -87.68982247294417)"
LAWRENCE AND WESTERN,1193,2400 W LAWRENCE AVENUE,07/21/2017,7,1159482.648570304,1931851.989492596,41.968724349,-87.688968727,"(41.96872434882172, -87.68896872699601)"
HALSTED AND FULLERTON,1704,800 W FULLERTON AVENUE,07/21/2017,4,1170525.624723311,1916208.443992778,41.925562791,-87.648823641,"(41.92556279107417, -87.64882364145232)"
63RD AND STATE,2712,6300 S STATE ST,07/21/2017,6,1177303.801895084,1863220.216755923,41.780008277,-87.625522512,"(41.78000827740796, -87.6255225119157)"
IRVING PARK AND KILPATRICK,2764,4700 W IRVING PARK ROA,07/21/2017,4,,,,,
75TH AND STATE,2621,7500 S STATE STREET,11/09/2016,27,1177538.763040612,1855235.551345519,41.758092176,-87.624902228,"(41.75809217638291, -87.6249022282473)"
CICERO AND DIVERSEY,1694,4800 W DIVERSEY AVENUE,07/21/2017,2,1143869.848167704,1918226.043989398,41.93164142,-87.746719911,"(41.93164142040689, -87.7467199106462)"
87TH AND VINCENNES,2412,8700 S VINCENNES,11/23/2016,19,1172026.328989535,1847142.496643776,41.736006565,-87.645341819,"(41.73600656458518, -87.64534181897955)"
HAMLIN AND LAKE,1882,300 N HAMLIN AVENUE,07/21/2017,3,1150970.026856642,1901381.688308858,41.885282636,-87.721069539,"(41.88528263580913, -87.72106953854511)"
CENTRAL AND CHICAGO,1972,800 N CENTRAL AVENUE,07/21/2017,6,1138836.562608552,1904801.732832435,41.894896579,-87.765543258,"(41.89489657939746, -87.76554325845893)"
CENTRAL AND DIVERSEY,1642,2800 N CENTRAL AVENUE,07/21/2017,2,1138516.407377375,1918089.499227987,41.931365552,-87.766396529,"(41.93136555236339, -87.76639652879172)"
HALSTED AND NORTH,1764,800 W NORTH AVENUE,07/21/2017,3,1170700.68422007,1910913.190749698,41.91102851,-87.648335806,"(41.91102850981186, -87.64833580602037)"
PULASKI AND ARMITAGE,1843,4000 W ARMITAGE AVENUE,07/21/2017,1,1149375.428872108,1913028.984273181,41.917275069,-87.726622746,"(41.91727506940875, -87.72662274644799)"
STONEY ISLAND AND 76TH,2631,7600 S STONY ISLAND A,07/21/2017,35,1188092.796191935,1854889.354158304,41.756897173,-87.586234285,"(41.75689717260223, -87.58623428506996)"
PULASKI AND ARMITAGE,1844,4000 W ARMITAGE AVENUE,07/21/2017,2,1149375.428872108,1913028.984273181,41.917275069,-87.726622746,"(41.91727506940875, -87.72662274644799)"
DAMEN AND DIVERSEY,1464,2000 W DIVERSEY PARKWAY,07/21/2017,1,1162519.714934025,1918635.417634925,41.932394164,-87.678173031,"(41.93239416403691, -87.67817303087757)"
IRVING PARK AND LARAMIE,1533,5200 W IRVING PARK ROA,07/21/2017,11,,,,,
HAMLIN AND MADISON,1901,0 N HAMLIN BOULEVARD,07/21/2017,6,,,,,
ROOSEVELT AND KOSTNER,2321,1200 S KOSTNER,07/21/2017,4,1147196.304001978,1894305.883269746,41.865938839,-87.735108549,"(41.8659388389088, -87.73510854901264)"
HARLEM AND BELMONT,1391,3200 N HARLEM AVE,07/21/2017,4,1127481.020995451,1920467.613239239,41.938084468,-87.806896749,"(41.93808446822169, -87.80689674887883)"
WENTWORTH AND GARFIELD,2264,200 W GARFIELD BLVD,07/21/2017,12,1175889.574397302,1868551.750512227,41.794670385,-87.630547476,"(41.79467038468937, -87.63054747605638)"
IRVING PARK AND NARRAGANSETT,1024,6400 W IRVING PK,07/21/2017,2,1132945.939118726,1925946.304925137,41.953024751,-87.786683238,"(41.95302475075328, -87.78668323766634)"
KEDZIE AND 26TH,2382,2600 S KEDZIE AVENUE,07/21/2017,4,1155404.235510285,1886524.460033054,41.844424831,-87.705185452,"(41.84442483084393, -87.70518545233183)"
87TH AND VINCENNES,2412,8700 S VINCENNES,07/21/2017,6,1172026.328989535,1847142.496643776,41.736006565,-87.645341819,"(41.73600656458518, -87.64534181897955)"
75TH AND STATE,2624,1 E 75TH STREET,07/21/2017,20,1177601.72646404,1855229.486604181,41.758074111,-87.624671658,"(41.75807411097799, -87.62467165835182)"
CICERO AND ARMITAGE,2001,2000 N CICERO AVENUE,07/21/2017,4,1144031.525719004,1912881.8300295,41.916973325,-87.746260223,"(41.91697332451097, -87.74626022251057)"
CICERO AND DIVERSEY,1691,2800 N CICERO AVENUE,07/21/2017,2,1143863.647574835,1918202.018463414,41.931575608,-87.746743301,"(41.93157560844622, -87.74674330113561)"
HOMAN/KIMBALL AND NORTH,1771,1600 N HOMAN AVENUE,07/21/2017,2,,,,,
CLARK AND IRVING PARK,1093,1300 W IRVING PARK ROAD,07/21/2017,4,1166777.545456989,1926719.73687357,41.954487567,-87.662293496,"(41.95448756687966, -87.66229349585691)"
WESTERN AND CHICAGO,1941,800 N WESTERN AVE,07/21/2017,3,1160220.967978608,1905277.507115921,41.895786955,-87.686990586,"(41.89578695485361, -87.68699058611217)"
JEFFERY AND 95TH,2522,9500 S JEFFERY AVE,07/21/2017,4,1191132.420601301,1842335.735988875,41.722375907,-87.575499903,"(41.72237590704101, -87.57549990332795)"
PULASKI AND DIVISION,1801,1200 N PULASKI ROAD,07/21/2017,4,1149459.590666926,1907723.219884254,41.902713902,-87.726451457,"(41.902713901936174, -87.72645145715836)"
FULLERTON AND NARRAGANSETT,1554,6400 W FULLERTON AVENU,07/21/2017,8,1133317.594499059,1915293.661305931,41.923786189,-87.785567206,"(41.92378618871128, -87.78556720562165)"
ADDISON AND HARLEM,1593,7200 W ADDISON,07/21/2017,3,1127417.488447099,1923123.407710965,41.945373358,-87.807070326,"(41.94537335809189, -87.80707032561135)"
CENTRAL AND ADDISON,1683,5600 W ADDISON STREET,03/02/2017,1,1138349.663302502,1923416.02157061,41.945985104,-87.766879952,"(41.94598510430888, -87.76687995165918)"
CENTRAL AND LAKE,1742,400 N CENTRAL AVENUE,07/21/2017,6,1138928.478257537,1902217.926149854,41.887804621,-87.765268498,"(41.88780462053497, -87.76526849810371)"
KEDZIE AND 31ST,2132,3100 S KEDZIE AVENUE,07/21/2017,3,1155483.167539854,1883867.660503274,41.837132671,-87.704967115,"(41.837132671422296, -87.70496711478727)"
LAWRENCE AND CICERO,1041,4800 N CICERO AVE,07/21/2017,5,1143464.651785526,1931490.551883203,41.968048007,-87.747875985,"(41.968048007293845, -87.74787598468126)"
HALSTED AND MADISON,1872,1 N HALSTED STREET,07/21/2017,2,1171090.967986833,1900270.454015136,41.881815632,-87.647214717,"(41.88181563164203, -87.64721471704077)"
KEDZIE AND 71ST,2352,7100 S KEDZIE AVENUE,07/21/2017,8,1156225.540366296,1857330.103443232,41.764295037,-87.702957162,"(41.764295036756856, -87.70295716211793)"
CORTLAND AND ASHLAND,1721,1900 N ASHLAND AVE,07/21/2017,20,1165348.084854857,1912736.454335569,41.916147281,-87.667947354,"(41.91614728095272, -87.66794735350443)"
PULASKI AND DIVISION,1802,1200 N PULASKI ROAD,03/18/2017,4,1149459.590666926,1907723.219884254,41.902713902,-87.726451457,"(41.902713901936174, -87.72645145715836)"
CERMAK AND PULASKI,2334,4000 W CERMAK,07/21/2017,4,1150018.476053666,1889120.238540361,41.851654369,-87.724882975,"(41.85165436867626, -87.7248829753078)"
CICERO AND WASHINGTON,1892,100 N CICERO AVENUE,07/21/2017,7,1144328.984091479,1900095.170838459,41.88187971,-87.745489247,"(41.88187970991601, -87.7454892473012)"
LAKE SHORE DR AND BELMONT,1412,3200 N LAKESHORE DRIV,07/21/2017,12,1173053.220555078,1921821.380831705,41.940909163,-87.63936916,"(41.94090916326764, -87.63936915995522)"
ARCHER AND CICERO,2081,5200 S CICERO AVE,07/21/2017,17,1145195.931989777,1869737.708306623,41.798558278,-87.743071866,"(41.798558278193305, -87.74307186616427)"
35TH AND WESTERN,2092,3500 S WESTERN,07/21/2017,5,1160894.949857101,1881376.851112895,41.830187255,-87.685177925,"(41.83018725526863, -87.68517792510231)"
IRVING PARK AND CALIFORNIA,1233,2800 W IRVING PARK ROA,07/21/2017,9,,,,,
ASHLAND AND 87TH,2452,8700 S ASHLAND AVE,07/21/2017,8,1167150.470087748,1846991.212339794,41.735696989,-87.663209544,"(41.73569698863625, -87.66320954445679)"
DAMEN AND DIVERSEY,1462,2800 N DAMEN AVENUE,07/21/2017,5,1162490.04851994,1918611.623717091,41.932329494,-87.678282719,"(41.9323294940985, -87.67828271931386)"
PULASKI AND LAWRENCE,1173,4000 W LAWRENCE AVENUE,07/21/2017,1,1148844.220085601,1931638.45430438,41.968351285,-87.728091672,"(41.96835128527914, -87.72809167198088)"
HAMLIN AND LAKE,1881,300 N HAMLIN AVENUE,07/21/2017,7,1150970.026856642,1901381.688308858,41.885282636,-87.721069539,"(41.88528263580913, -87.72106953854511)"
WENTWORTH AND GARFIELD,2261,5500 S WENTWORTH AVEN,07/21/2017,24,,,,,
75TH AND STATE,2621,7500 S STATE STREET,05/08/2017,12,1177538.763040612,1855235.551345519,41.758092176,-87.624902228,"(41.75809217638291, -87.6249022282473)"
AUSTIN AND IRVING PARK,1163,6000 W IRVING PARK ROAD,07/21/2017,4,1135622.402636023,1926014.192063646,41.953163772,-87.776842593,"(41.95316377185154, -87.77684259284736)"
ASHLAND AND 95TH,2473,1600 W 95TH STREET,07/21/2017,3,1167323.753394196,1841755.029221382,41.721324412,-87.662724153,"(41.721324411975246, -87.66272415265087)"
CERMAK AND PULASKI,2332,2200 S PULASKI,07/21/2017,4,1150012.876838243,1889071.75851865,41.851521442,-87.724904787,"(41.85152144233116, -87.7249047867499)"
KEDZIE AND ARMITAGE,1834,3200 W ARMITAGE AVENUE,07/21/2017,2,1154700.851347995,1913153.252187904,41.917511023,-87.707053639,"(41.91751102291878, -87.7070536388797)"
63RD AND STATE,2714,1 E 63RD ST,07/21/2017,8,1177367.518733101,1863199.17768559,41.779949105,-87.625289553,"(41.779949104569106, -87.62528955333775)"
COTTAGE GROVE AND 71ST,2572,7100 S COTTAGE GROVE,07/21/2017,3,1182746.23698699,1858088.011064538,41.765800351,-87.605729127,"(41.76580035131893, -87.6057291269901)"
KEDZIE AND 31ST,2134,3200 W 31ST STREET,07/21/2017,3,1155487.128005646,1883943.061106793,41.8373395,-87.704950558,"(41.83733950029648, -87.70495055800411)"
WESTERN AND FOSTER,1072,5200 N WESTERN AVE,07/21/2017,11,1159372.922497116,1934478.313674003,41.975933372,-87.689299589,"(41.97593337199358, -87.6892995891816)"
PULASKI AND 63RD,2342,6300 S PULASKI RD,07/21/2017,7,1150746.00309079,1862516.747695325,41.778636469,-87.722906356,"(41.77863646878099, -87.72290635568541)"
HALSTED AND DIVISION,1711,1200 N HALSTED,07/21/2017,7,1170746.639428735,1908242.256010774,41.903698308,-87.648245351,"(41.90369830765008, -87.64824535062563)"
IRVING PARK AND KILPATRICK,2763,4700 W IRVING PARK ROA,07/21/2017,9,,,,,
BROADWAY/SHERIDAN AND DEVON,1122,6400 N SHERIDAN ROAD,07/21/2017,11,1167087.151194129,1942658.704988689,41.998217921,-87.660695256,"(41.99821792053241, -87.6606952555721)"
HALSTED AND 95TH,2581,9500 S HALSTED STREET,07/21/2017,6,1172610.538363645,1841811.61926207,41.721365061,-87.643358042,"(41.72136506078306, -87.64335804234075)"
119TH AND HALSTED,2402,11900 S HALSTED,07/21/2017,9,1173094.774616191,1825911.054609338,41.677720829,-87.642051845,"(41.67772082924762, -87.64205184498218)"
STONY ISLAND/CORNELL AND 67TH,2731,6700 S CORNELL DRIVE,07/21/2017,5,1188316.454860734,1860851.137456735,41.77325149,-87.5852246,"(41.77325148959568, -87.58522459967712)"
ROOSEVELT AND HALSTED,2234,800 W ROOSEVELT ROAD,07/21/2017,9,1171199.282357741,1894968.056393724,41.867263098,-87.646972686,"(41.86726309836901, -87.64697268601648)"
55TH and PULASKI,2244,4000 W 55TH ST,07/21/2017,2,1150621.676903861,1867864.274865394,41.793313334,-87.723223038,"(41.79331333358753, -87.72322303812588)"
MONTROSE AND WESTERN,1221,4400 N WESTERN AVENUE,07/21/2017,9,1159539.733234718,1929183.918095502,41.961401846,-87.688832623,"(41.961401846278505, -87.6888326227788)"
LARAMIE AND MADISON,2044,5200 W MADISON STREET,07/21/2017,11,1141706.965522802,1899567.55684314,41.880480752,-87.755130433,"(41.88048075170171, -87.75513043296509)"
DIVISION AND DAMEN,1733,2000 W DIVISION,07/21/2017,3,1162815.710860194,1908034.672555531,41.903298793,-87.677383247,"(41.903298792681944, -87.67738324739636)"
CICERO AND NORTH,2033,4800 W NORTH AVENUE,07/21/2017,3,1144053.733747163,1910243.80567041,41.90973389,-87.746244973,"(41.909733890131285, -87.74624497295898)"
COLUMBUS AND ILLINOIS,1952,500 N COLUMBUS DRIVE,03/02/2017,2,1178372.808407292,1903693.06016042,41.891044569,-87.620371839,"(41.891044569124276, -87.620371839074)"
SACRAMENTO AND CHICAGO,1812,800 N SACRAMENTO AVEN,07/21/2017,7,1156039.008141929,1905193.084100581,41.895640714,-87.702352328,"(41.89564071387542, -87.70235232767416)"
COLUMBUS AND ILLINOIS,1951,500 N COLUMBUS DRIVE,07/21/2017,3,1178372.808407292,1903693.06016042,41.891044569,-87.620371839,"(41.891044569124276, -87.620371839074)"
55TH AND WESTERN,2213,2400 W 55TH STREET,07/21/2017,12,1161277.012730599,1868185.749490228,41.793981347,-87.684141741,"(41.7939813465735, -87.68414174128355)"
FULLERTON AND NARRAGANSETT,1553,6400 W FULLERTON AVENU,07/21/2017,1,1133317.594499059,1915293.661305931,41.923786189,-87.785567206,"(41.92378618871128, -87.78556720562165)"
CICERO AND FULLERTON,1474,4800 W FULLERTON AVE,07/21/2017,4,1143967.570794243,1915568.504954477,41.924347036,-87.74642764,"(41.924347036010694, -87.74642763965628)"
PULASKI AND BELMONT,1382,3200 N PULASKI RD,07/21/2017,5,1149125.621478734,1920994.556178086,41.939138154,-87.72733371,"(41.939138153500274, -87.7273337101426)"
HOLLYWOOD AND SHERIDAN,1344,1000 W HOLLYWOOD AVE,07/21/2017,8,1168580.228926466,1938090.295189338,41.985649799,-87.655335807,"(41.98564979859328, -87.65533580655139)"
HALSTED AND FULLERTON,1701,2400 N HALSTED STREET,07/21/2017,3,1170501.602639925,1916200.061550148,41.925540315,-87.648912156,"(41.925540315431995, -87.64891215551155)"
CENTRAL AND ADDISON,1683,5600 W ADDISON STREET,07/21/2017,5,1138349.663302502,1923416.02157061,41.945985104,-87.766879952,"(41.94598510430888, -87.76687995165918)"
HALSTED AND 103RD,2593,800 W 103RD STREET,03/18/2017,4,1172778.570616036,1836587.755252818,41.70702632,-87.642896007,"(41.707026319812215, -87.64289600741817)"
CLARK AND FULLERTON,1631,2400 N CLARK ST,07/21/2017,7,1172749.562209477,1916238.997132859,41.925597623,-87.640650973,"(41.925597623023144, -87.64065097309872)"
PULASKI AND IRVING PARK,1574,4000 W IRVING PARK RD,07/21/2017,6,1148988.727877253,1926320.954938409,41.953756874,-87.727698513,"(41.95375687447515, -87.72769851312907)"
PULASKI AND CHICAGO,1983,4000 W CHICAGO AVENUE,07/21/2017,3,1149561.855939692,1905086.596446259,41.895476752,-87.72614436,"(41.89547675163723, -87.72614435991626)"
CICERO AND HARRISON,2023,4800 W HARRISON STREET,11/16/2016,4,1144451.867388303,1896949.561959463,41.873245464,-87.745117179,"(41.873245464379586, -87.7451171788807)"
SACRAMENTO AND LAKE,1821,150 N SACRAMENTO BOUL,07/21/2017,7,1156319.560664766,1900957.489351962,41.884012178,-87.701436479,"(41.88401217771363, -87.7014364786693)"
KIMBALL AND DIVERSEY,1583,3400 W DIVERSEY AVENUE,07/21/2017,2,1153211.149172713,1918454.477800566,41.932087747,-87.71238583,"(41.932087747378944, -87.71238582951281)"
99TH AND HALSTED,2433,800 W 99TH ST,07/21/2017,18,1172710.642565684,1839246.330602143,41.714323337,-87.643066714,"(41.71432333701137, -87.64306671421937)"
79TH AND HALSTED,2543,800 W 79TH STREET,07/21/2017,3,1172320.105719411,1852517.9814434,41.750751157,-87.644107793,"(41.75075115747316, -87.64410779300933)"
ASHLAND AND LAWRENCE,1143,1600 W LAWRENCE AVENUE,07/21/2017,4,1164771.946929007,1931988.254061312,41.968987457,-87.669516307,"(41.96898745654617, -87.66951630654926)"
ASHLAND AND FULLERTON,1651,2400 N ASHLAND AVENUE,07/21/2017,14,1165228.073342838,1916032.319169157,41.92519389,-87.668294363,"(41.92519388981048, -87.66829436339881)"
111TH AND HALSTED,2422,11100 S HALSTED ST,07/21/2017,11,1172923.657689312,1831209.044179248,41.692263123,-87.642522688,"(41.692263123425136, -87.6425226876268)"
ASHLAND AND MADISON,1914,1600 W MADISON,07/21/2017,1,1165723.014733182,1900136.515489506,41.881564167,-87.666929463,"(41.8815641670199, -87.66692946294842)"
PULASKI AND FULLERTON,1481,2400 N PULASKI RD,07/21/2017,3,1149275.963864089,1915687.631931757,41.924572574,-87.726919111,"(41.92457257416937, -87.72691911144182)"
ASHLAND AND FULLERTON,1651,2400 N ASHLAND AVENUE,11/16/2016,11,1165228.073342838,1916032.319169157,41.92519389,-87.668294363,"(41.92519388981048, -87.66829436339881)"
CALIFORNIA AND DEVON,1323,2800 W DEVON AVENUE,07/21/2017,3,1156484.528078038,1942377.980662191,41.997669523,-87.699706423,"(41.99766952286052, -87.69970642324591)"
LAKE SHORE DR AND BELMONT,1413,400 W BELMONT AVE,07/21/2017,45,1172981.744869382,1921577.376128802,41.940241193,-87.639639114,"(41.94024119325571, -87.63963911427594)"
CENTRAL AND FULLERTON,1442,2400 N CENTRAL AVENUE,07/21/2017,1,1138603.468418662,1915431.058212414,41.924068922,-87.766141214,"(41.92406892227644, -87.76614121413186)"
CENTRAL AND DIVERSEY,1644,5600 W DIVERSEY AVENUE,07/21/2017,1,1138539.758528398,1918097.096677271,41.931385977,-87.766310532,"(41.93138597683265, -87.76631053155157)"
CENTRAL AND IRVING PARK,1183,5600 W IRVING PARK ROAD,07/21/2017,2,1138281.535484986,1926078.647777633,41.953292847,-87.767065708,"(41.953292847298, -87.76706570775266)"
STATE AND 79TH,2651,7900 S STATE STREET,07/21/2017,9,1177618.166929966,1852621.870232838,41.750918138,-87.624690123,"(41.7509181383154, -87.62469012251644)"
FOSTER AND NAGLE,1034,6400 W FOSTER,07/21/2017,1,1132552.893142153,1934229.875527466,41.975762574,-87.787934296,"(41.97576257447203, -87.7879342955108)"
RIDGE AND CLARK,1051,5930 N CLARK STREET,07/21/2017,2,1164554.784723473,1939388.511516442,41.98929863,-87.670104121,"(41.98929863013193, -87.67010412112992)"
ELSTON AND IRVING PARK,1503,3700 W IRVING PARK ROA,07/21/2017,2,,,,,
WESTERN AND MARQUETTE,2674,2400 W MARQUETTE ROAD,07/21/2017,2,1161509.889315231,1860208.627404126,41.772086214,-87.683508858,"(41.772086214104526, -87.68350885781568)"
MONTROSE AND WESTERN,1224,2400 W MONTROSE AVENUE,07/21/2017,2,1159562.971802959,1929191.337701253,41.961421726,-87.68874698,"(41.961421726406314, -87.68874697983858)"
ASHLAND AND 95TH,2472,9500 S ASHLAND AVENUE,07/21/2017,4,1167295.830128711,1841695.121217916,41.721160612,-87.662828139,"(41.72116061205213, -87.66282813939165)"
HALSTED AND 103RD,2592,10300 S HALSTED STREE,07/21/2017,3,,,,,
ROOSEVELT AND HALSTED,2233,800 W ROOSEVELT ROAD,07/21/2017,12,1171199.282357741,1894968.056393724,41.867263098,-87.646972686,"(41.86726309836901, -87.64697268601648)"
CICERO AND WASHINGTON,1892,100 N CICERO AVENUE,03/02/2017,7,1144328.984091479,1900095.170838459,41.88187971,-87.745489247,"(41.88187970991601, -87.7454892473012)"
CLARK AND FULLERTON,1632,2400 N CLARK ST,07/21/2017,1,1172749.562209477,1916238.997132859,41.925597623,-87.640650973,"(41.925597623023144, -87.64065097309872)"
ELSTON AND ADDISON,1403,3216 W ADDISON ST,07/21/2017,16,1154199.729816868,1923799.345386665,41.946734755,-87.708609774,"(41.946734754927796, -87.7086097735515)"
PULASKI AND FOSTER,1104,4000 W FOSTER AVE,07/21/2017,4,1148759.16134887,1934294.249006446,41.975640616,-87.728335469,"(41.975640616231914, -87.72833546926573)"
MONTROSE AND WESTERN,1221,4400 N WESTERN AVENUE,03/02/2017,3,1159539.733234718,1929183.918095502,41.961401846,-87.688832623,"(41.961401846278505, -87.6888326227788)"
CLARK AND IRVING PARK,1091,4000 N CLARK STREET,07/21/2017,2,1166736.149822904,1926699.323624709,41.954432441,-87.662446259,"(41.95443244141688, -87.66244625914061)"
AUSTIN AND ADDISON,1493,6000 W ADDISON STREET,07/21/2017,3,1135698.173154422,1923360.229527805,41.945879676,-87.776627421,"(41.94587967559099, -87.77662742093737)"
KEDZIE AND 47TH,2104,3200 W 47TH ST,07/21/2017,4,1155815.231505056,1873336.169728074,41.808226246,-87.704031672,"(41.808226246244026, -87.70403167215984)"
ASHLAND AND MADISON,1911,0 N ASHLAND AVE,07/21/2017,10,,,,,
CICERO AND CHICAGO,1783,4800 W CHICAGO AVENUE,07/21/2017,2,1144175.291152764,1904916.255225279,41.895112219,-87.745932427,"(41.89511221857764, -87.74593242701515)"
AUSTIN AND ADDISON,1491,3600 N AUSTIN AVENUE,07/21/2017,1,1135691.599896458,1923335.967306169,41.945813215,-87.776652162,"(41.9458132146695, -87.77665216156436)"
31ST ST AND MARTIN LUTHER KING DRIVE,2121,3100 S DR MARTIN L KING,07/21/2017,11,,,,,
WESTERN AND DEVON,1211,6400 N WESTERN AVENUE,07/21/2017,3,1159113.585759434,1942451.622367891,41.997817807,-87.690033035,"(41.997817807026, -87.69003303469276)"
CICERO AND HARRISON,2022,600 S CICERO AVENUE,07/21/2017,3,1144444.97442848,1896894.622216872,41.873094833,-87.745143869,"(41.873094832519136, -87.74514386884542)"
LAWRENCE AND CICERO,1042,4800 N CICERO AVENUE,07/21/2017,7,1143464.651785526,1931490.551883203,41.968048007,-87.747875985,"(41.968048007293845, -87.74787598468126)"
IRVING PARK AND LARAMIE,1534,5200 W IRVING PARK ROA,07/21/2017,1,,,,,
HALSTED AND NORTH,1761,1600 N HALSTED STREET,07/21/2017,3,1170678.283433825,1910880.991397547,41.910940644,-87.648419043,"(41.91094064391597, -87.64841904272998)"
MILWAUKEE AND DEVON,1272,6400 N MILWAUKEE AVEN,07/21/2017,2,1132463.750397878,1942107.911507627,41.997382173,-87.788077674,"(41.99738217345368, -87.78807767391953)"
VAN BUREN AND WESTERN,2052,400 S WESTERN AVENUE,07/21/2017,38,1160431.682297829,1898091.942371589,41.876064776,-87.686415631,"(41.87606477642526, -87.68641563098768)"
KEDZIE AND ARMITAGE,1832,2000 N KEDZIE AVENUE,07/21/2017,7,1154684.031809326,1913129.496340896,41.917446172,-87.707116072,"(41.91744617191702, -87.70711607187832)"
WESTERN AND 79TH,2481,7900 S WESTERN AVE,11/16/2016,3,1161711.516404028,1852181.685686118,41.750054934,-87.682992203,"(41.750054933649984, -87.68299220290213)"
WESTERN AND MARQUETTE,2672,6700 S WESTERN AVENUE,07/21/2017,6,1161488.747635042,1860134.788366884,41.771884028,-87.683588402,"(41.77188402771193, -87.68358840206334)"
OGDEN AND KOSTNER,2223,4400 W OGDEN AVENUE,07/21/2017,15,1147406.592439224,1887689.099869462,41.847777523,-87.734505969,"(41.84777752280453, -87.73450596874825)"
PULASKI AND NORTH,1992,1600 N PULASKI AVENUE,07/21/2017,1,1149432.959240306,1910369.112502195,41.90997501,-87.726480523,"(41.909975010236906, -87.72648052306623)"
ARCHER AND CICERO,2081,5200 S CICERO AVE,03/02/2017,28,1145195.931989777,1869737.708306623,41.798558278,-87.743071866,"(41.798558278193305, -87.74307186616427)"
ELSTON AND LAWRENCE,1284,4440 W LAWRENCE AVENUE,07/21/2017,7,1145715.061027481,1931571.0474838,41.968226398,-87.739599251,"(41.96822639754791, -87.73959925065756)"
FOSTER AND BROADWAY,1111,5200 N BROADWAY ST,07/21/2017,3,1167334.508577915,1934714.008346532,41.976412143,-87.660015082,"(41.97641214294823, -87.66001508205365)"
IRVING PARK AND CALIFORNIA,1234,2800 W IRVING PARK ROA,07/21/2017,18,,,,,
PULASKI AND ARCHER,2154,5000 S ARCHER AVE,11/23/2016,5,1150501.818909837,1871162.311703322,41.802365973,-87.723576766,"(41.80236597333895, -87.72357676611004)"
79TH AND KEDZIE,2443,3200 W 79TH ST,07/21/2017,11,1156402.644780165,1852104.649370984,41.749952001,-87.702448478,"(41.74995200142266, -87.70244847808695)"
IRVING PARK AND NARRAGANSETT,1024,6400 W IRVING PK,03/31/2017,1,1132945.939118726,1925946.304925137,41.953024751,-87.786683238,"(41.95302475075328, -87.78668323766634)"
MILWAUKEE AND DEVON,1274,6400 W DEVON AVENUE,07/21/2017,3,1132590.619798275,1942138.532048656,41.997463981,-87.787610243,"(41.99746398102873, -87.78761024341388)"
CHICAGO AND CLARK,1964,100 W CHICAGO AVENUE,07/21/2017,5,1175374.528739575,1905745.47783364,41.896744347,-87.631321248,"(41.896744346875806, -87.63132124815151)"
HARLEM AND BELMONT,1394,7200 W BELMONT AVE,07/21/2017,3,1127504.698153561,1920475.415440844,41.938105479,-87.806809552,"(41.93810547939496, -87.80680955240743)"
115TH AND HALSTED,2552,11500 S HALSTED STREE,07/21/2017,2,,,,,
HOLLYWOOD AND SHERIDAN,1343,1000 W HOLLYWOOD AVE,07/21/2017,5,1168580.228926466,1938090.295189338,41.985649799,-87.655335807,"(41.98564979859328, -87.65533580655139)"
PULASKI AND DIVISION,1802,1200 N PULASKI ROAD,07/21/2017,5,1149459.590666926,1907723.219884254,41.902713902,-87.726451457,"(41.902713901936174, -87.72645145715836)"
LAFAYETTE AND 87TH,2503,30 W 87TH STREET,07/21/2017,21,1177407.651800237,1847320.772058312,41.736376037,-87.625621311,"(41.736376036604916, -87.62562131092602)"
WESTERN AND FOSTER,1074,2400 W FOSTER AVE,12/28/2017,3,1159379.402846887,1934502.712486132,41.97600019,-87.689275084,"(41.97600018976586, -87.68927508385399)"
WESTERN AND MARQUETTE,2674,2400 W MARQUETTE ROAD,12/28/2017,5,1161509.889315231,1860208.627404126,41.772086214,-87.683508858,"(41.772086214104526, -87.68350885781568)"
WESTERN AND NORTH,1853,2400 W NORTH AVE,12/28/2017,2,1160100.839010995,1910612.783367238,41.910429862,-87.687284221,"(41.91042986235867, -87.68728422050837)"
HALSTED AND MADISON,1871,1 S HALSTED STREET,12/28/2017,4,1171092.392868784,1900234.542088741,41.881717056,-87.647210539,"(41.88171705561901, -87.64721053920604)"
PULASKI AND FOSTER,1102,5200 N PULASKI RD,12/28/2017,3,1148746.251286324,1934286.914361976,41.97562074,-87.728383135,"(41.97562073966174, -87.72838313514907)"
71ST AND ASHLAND,2391,7100 S ASHLAND,12/28/2017,6,1166868.379865725,1857616.168087255,41.764859382,-87.663940176,"(41.764859382425385, -87.66394017630476)"
PULASKI AND NORTH,1994,4000 W NORTH AVENUE,12/28/2017,1,1149456.2688422,1910376.774019002,41.909995582,-87.726394693,"(41.90999558160536, -87.72639469321471)"
ASHLAND AND 87TH,2454,1600 W 87TH ST,12/28/2017,2,1167171.941297436,1847064.855345151,41.735898617,-87.663128781,"(41.735898617066006, -87.66312878090133)"
4700 WESTERN,2141,4700 S WESTERN AVENUE,12/28/2017,9,1161120.438879703,1873431.066474726,41.808378408,-87.684570717,"(41.808378407946726, -87.68457071689552)"
ROOSEVELT AND HALSTED,2233,800 W ROOSEVELT ROAD,12/28/2017,10,1171199.282357741,1894968.056393724,41.867263098,-87.646972686,"(41.86726309836901, -87.64697268601648)"
PULASKI AND DIVERSEY,1543,4000 W DIVERSEY AVENUE,12/28/2017,1,1149206.496130705,1918356.569267582,41.931897723,-87.72710503,"(41.9318977231462, -87.72710503045386)"
DAMEN AND 63RD,2701,6300 S DAMEN AVENUE,12/28/2017,3,1164069.407943298,1862830.277442834,41.779226921,-87.674052731,"(41.77922692069256, -87.67405273137854)"
119TH AND HALSTED,2404,800 W 119TH STREET,12/28/2017,4,1173111.174088158,1825985.001014405,41.677923389,-87.641989646,"(41.677923389134385, -87.64198964584013)"
CICERO AND ADDISON,1612,3600 N CICERO AVENUE,12/28/2017,4,1143698.904601495,1923517.005821035,41.946163524,-87.747215169,"(41.94616352362556, -87.74721516897007)"
CALIFORNIA AND DEVON,1321,6400 N CALIFORNIA AVE,12/28/2017,2,1156461.150245401,1942370.37710537,41.997649133,-87.699792629,"(41.997649133049336, -87.69979262891378)"
KEDZIE AND ARMITAGE,1834,3200 W ARMITAGE AVENUE,12/28/2017,1,1154700.851347995,1913153.252187904,41.917511023,-87.707053639,"(41.91751102291878, -87.7070536388797)"
COLUMBUS AND ILLINOIS,1952,500 N COLUMBUS DRIVE,12/28/2017,6,1178372.808407292,1903693.06016042,41.891044569,-87.620371839,"(41.891044569124276, -87.620371839074)"
FOSTER AND BROADWAY,1113,1200 W FOSTER AVE,01/04/2018,3,1167357.095930752,1934721.393266777,41.97643192,-87.659931806,"(41.97643192018459, -87.65993180604016)"
CENTRAL AND ADDISON,1682,3600 N CENTRAL AVENUE,01/04/2018,1,1138343.117435682,1923392.067464765,41.945919491,-87.766904594,"(41.945919490555106, -87.76690459426293)"
CHICAGO AND CLARK,1964,100 W CHICAGO AVENUE,03/02/2017,5,1175374.528739575,1905745.47783364,41.896744347,-87.631321248,"(41.896744346875806, -87.63132124815151)"
SACRAMENTO AND LAKE,1822,150 N SACRAMENTO BOUL,01/04/2018,1,1156319.560664766,1900957.489351962,41.884012178,-87.701436479,"(41.88401217771363, -87.7014364786693)"
CORTLAND AND ASHLAND,1721,1900 N ASHLAND AVE,12/27/2017,21,1165348.084854857,1912736.454335569,41.916147281,-87.667947354,"(41.91614728095272, -87.66794735350443)"
ASHLAND AND 95TH,2472,9500 S ASHLAND AVENUE,07/22/2017,13,1167295.830128711,1841695.121217916,41.721160612,-87.662828139,"(41.72116061205213, -87.66282813939165)"
ARCHER AND CICERO,2084,5400 S ARCHER AVE,07/22/2017,9,1145209.426392053,1869810.657411975,41.798758208,-87.743020541,"(41.798758207843264, -87.74302054146467)"
KEDZIE AND 47TH,2104,3200 W 47TH ST,07/22/2017,2,1155815.231505056,1873336.169728074,41.808226246,-87.704031672,"(41.808226246244026, -87.70403167215984)"
AUSTIN AND ADDISON,1491,3600 N AUSTIN AVENUE,07/22/2017,6,1135691.599896458,1923335.967306169,41.945813215,-87.776652162,"(41.9458132146695, -87.77665216156436)"
115TH AND HALSTED,2552,11500 S HALSTED STREE,07/22/2017,5,,,,,
ASHLAND AND MADISON,1911,0 N ASHLAND AVE,07/22/2017,8,,,,,
87TH AND VINCENNES,2412,8700 S VINCENNES,07/22/2017,10,1172026.328989535,1847142.496643776,41.736006565,-87.645341819,"(41.73600656458518, -87.64534181897955)"
ROOSEVELT AND HALSTED,2234,800 W ROOSEVELT ROAD,07/22/2017,12,1171199.282357741,1894968.056393724,41.867263098,-87.646972686,"(41.86726309836901, -87.64697268601648)"
CICERO AND WASHINGTON,1892,100 N CICERO AVENUE,07/22/2017,2,1144328.984091479,1900095.170838459,41.88187971,-87.745489247,"(41.88187970991601, -87.7454892473012)"
KEDZIE AND 31ST,2134,3200 W 31ST STREET,07/22/2017,3,1155487.128005646,1883943.061106793,41.8373395,-87.704950558,"(41.83733950029648, -87.70495055800411)"
CALIFORNIA AND DEVON,1323,2800 W DEVON AVENUE,07/22/2017,2,1156484.528078038,1942377.980662191,41.997669523,-87.699706423,"(41.99766952286052, -87.69970642324591)"
IRVING PARK AND CALIFORNIA,1233,2800 W IRVING PARK ROA,07/22/2017,10,,,,,
111TH AND HALSTED,2422,11100 S HALSTED ST,07/22/2017,8,1172923.657689312,1831209.044179248,41.692263123,-87.642522688,"(41.692263123425136, -87.6425226876268)"
WESTERN AND FOSTER,1072,5200 N WESTERN AVE,07/22/2017,6,1159372.922497116,1934478.313674003,41.975933372,-87.689299589,"(41.97593337199358, -87.6892995891816)"
CENTRAL AND BELMONT,1604,5600 W BELMONT AVENUE,07/22/2017,1,1138453.617438343,1920755.972768412,41.938683775,-87.766562494,"(41.93868377475747, -87.76656249384537)"
HOLLYWOOD AND SHERIDAN,1343,1000 W HOLLYWOOD AVE,07/22/2017,7,1168580.228926466,1938090.295189338,41.985649799,-87.655335807,"(41.98564979859328, -87.65533580655139)"
ASHLAND AND 87TH,2454,1600 W 87TH ST,07/22/2017,6,1167171.941297436,1847064.855345151,41.735898617,-87.663128781,"(41.735898617066006, -87.66312878090133)"
HALSTED AND MADISON,1871,1 S HALSTED STREET,07/22/2017,5,1171092.392868784,1900234.542088741,41.881717056,-87.647210539,"(41.88171705561901, -87.64721053920604)"
IRVING PARK AND LARAMIE,1534,5200 W IRVING PARK ROA,07/22/2017,2,,,,,
HOMAN/KIMBALL AND NORTH,1771,1600 N HOMAN AVENUE,07/22/2017,4,,,,,
RIDGE AND CLARK,1051,5930 N CLARK STREET,07/22/2017,1,1164554.784723473,1939388.511516442,41.98929863,-87.670104121,"(41.98929863013193, -87.67010412112992)"
TOUHY AND OSCEOLA,1244,7432 W TOUHY AVENUE,07/22/2017,1,1125717.010560011,1947269.685461107,42.011661765,-87.812781431,"(42.01166176507329, -87.81278143114147)"
ASHLAND AND 95TH,2473,1600 W 95TH STREET,07/22/2017,5,1167323.753394196,1841755.029221382,41.721324412,-87.662724153,"(41.721324411975246, -87.66272415265087)"
ELSTON AND ADDISON,1402,3600 N ELSTON AVE,07/22/2017,4,1154106.95251778,1923731.036211081,41.946549165,-87.708952626,"(41.94654916480637, -87.70895262603513)"
ASHLAND AND IRVING PARK,1151,4000 N ASHLAND AVENUE,07/22/2017,4,1164899.463802581,1926665.661118925,41.954379326,-87.66919912,"(41.954379326212695, -87.66919911980419)"
HALSTED AND FULLERTON,1701,2400 N HALSTED STREET,07/22/2017,4,1170501.602639925,1916200.061550148,41.925540315,-87.648912156,"(41.925540315431995, -87.64891215551155)"
HAMLIN AND LAKE,1882,300 N HAMLIN AVENUE,07/22/2017,4,1150970.026856642,1901381.688308858,41.885282636,-87.721069539,"(41.88528263580913, -87.72106953854511)"
CICERO AND WASHINGTON,1891,100 N CICERO AVENUE,07/22/2017,7,1144328.984091479,1900095.170838459,41.88187971,-87.745489247,"(41.88187970991601, -87.7454892473012)"
COTTAGE GROVE AND 71ST,2572,7100 S COTTAGE GROVE,07/22/2017,2,1182746.23698699,1858088.011064538,41.765800351,-87.605729127,"(41.76580035131893, -87.6057291269901)"
LAKE SHORE DR AND BELMONT,1413,400 W BELMONT AVE,07/22/2017,63,1172981.744869382,1921577.376128802,41.940241193,-87.639639114,"(41.94024119325571, -87.63963911427594)"
CANAL AND ROOSEVELT,2294,500 W ROOSEVELT ROAD,07/22/2017,7,1173290.72186561,1895021.166235495,41.867362693,-87.639293195,"(41.867362692616666, -87.63929319464197)"
LAKE SHORE DR AND BELMONT,1412,3200 N LAKESHORE DRIV,07/22/2017,7,1173053.220555078,1921821.380831705,41.940909163,-87.63936916,"(41.94090916326764, -87.63936915995522)"
KEDZIE AND ARMITAGE,1834,3200 W ARMITAGE AVENUE,07/22/2017,2,1154700.851347995,1913153.252187904,41.917511023,-87.707053639,"(41.91751102291878, -87.7070536388797)"
PULASKI AND DIVERSEY,1542,2800 N PULASKI ROAD,07/22/2017,1,1149200.724531183,1918332.222549679,41.931831026,-87.727126873,"(41.93183102561505, -87.72712687300454)"
MADISON AND WESTERN,1934,2400 W MADISON,07/22/2017,1,1160384.621277157,1899988.655722373,41.881270504,-87.68653594,"(41.88127050428818, -87.68653594017124)"
CALIFORNIA AND DIVERSEY,1514,2800 W DIVERSEY,07/22/2017,19,1157212.54253358,1918526.674434943,41.932205395,-87.697679244,"(41.93220539506452, -87.6976792438691)"
PULASKI AND ARCHER,2153,5000 S ARCHER AVE,07/22/2017,4,1150501.818909837,1871162.311703322,41.802365973,-87.723576766,"(41.80236597333895, -87.72357676611004)"
CICERO AND PETERSON,1204,4800 W PETERSON AVENUE,07/22/2017,2,1143273.766829016,1939491.944645127,41.990008007,-87.748376951,"(41.99000800729908, -87.74837695118997)"
55TH AND WESTERN,2213,2400 W 55TH STREET,07/22/2017,5,1161277.012730599,1868185.749490228,41.793981347,-87.684141741,"(41.7939813465735, -87.68414174128355)"
ASHLAND AND DIVISION,1793,1600 W DIVISION STREET,07/22/2017,2,1165489.684200442,1908112.312963909,41.903455316,-87.667558994,"(41.903455316483814, -87.66755899396976)"
BROADWAY/SHERIDAN AND DEVON,1122,6400 N SHERIDAN ROAD,07/22/2017,9,1167087.151194129,1942658.704988689,41.998217921,-87.660695256,"(41.99821792053241, -87.6606952555721)"
LARAMIE AND MADISON,2044,5200 W MADISON STREET,07/22/2017,13,1141706.965522802,1899567.55684314,41.880480752,-87.755130433,"(41.88048075170171, -87.75513043296509)"
MILWAUKEE AND DEVON,1274,6400 W DEVON AVENUE,07/22/2017,3,1132590.619798275,1942138.532048656,41.997463981,-87.787610243,"(41.99746398102873, -87.78761024341388)"
55TH and PULASKI,2242,5500 S PULASKI,07/22/2017,8,1150600.072649439,1867806.44512718,41.793155061,-87.723303765,"(41.793155060731024, -87.72330376464247)"
BELMONT AND KEDZIE,1371,3200 N KEDZIE AVENUE,11/23/2016,3,1154426.977874407,1921110.466549542,41.93935173,-87.707846594,"(41.93935173030961, -87.70784659359776)"
WESTERN AND 63RD,2371,6300 S WESTERN AVE,07/22/2017,3,1161415.712688877,1862772.38856596,41.779123484,-87.683783099,"(41.77912348383963, -87.68378309863576)"
31ST ST AND MARTIN LUTHER KING DRIVE,2123,400 E 31ST STREET,07/22/2017,10,1179437.985396417,1884565.84226022,41.838534018,-87.617046113,"(41.838534018118914, -87.61704611345726)"
RIDGE AND CLARK,1052,5930 N CLARK STREET,07/22/2017,7,1164554.784723473,1939388.511516442,41.98929863,-87.670104121,"(41.98929863013193, -87.67010412112992)"
31ST ST AND MARTIN LUTHER KING DRIVE,2121,3100 S DR MARTIN L KING,07/22/2017,10,,,,,
SACRAMENTO AND LAKE,1822,150 N SACRAMENTO BOUL,07/22/2017,10,1156319.560664766,1900957.489351962,41.884012178,-87.701436479,"(41.88401217771363, -87.7014364786693)"
99TH AND HALSTED,2431,9900 S HALSTED ST,05/08/2017,12,1172689.754200318,1839171.652197216,41.714118868,-87.643145408,"(41.714118868089905, -87.64314540818165)"
WESTERN AND CERMAK,1002,2200 S WESTERN AVENUE,07/22/2017,3,1160669.42562757,1889318.196820393,41.85198384,-87.685785704,"(41.85198383957328, -87.68578570420526)"
KIMBALL AND DIVERSEY,1581,2800 N KIMBALL AVENUE,07/22/2017,2,,,,,
STONEY ISLAND AND 76TH,2632,7600 S STONY ISLAND A,07/22/2017,33,1188092.796191935,1854889.354158304,41.756897173,-87.586234285,"(41.75689717260223, -87.58623428506996)"
CORTLAND AND ASHLAND,1721,1900 N ASHLAND AVE,07/22/2017,29,1165348.084854857,1912736.454335569,41.916147281,-87.667947354,"(41.91614728095272, -87.66794735350443)"
ASHLAND AND FULLERTON,1652,2400 N ASHLAND AVENUE,07/22/2017,9,1165228.073342838,1916032.319169157,41.92519389,-87.668294363,"(41.92519388981048, -87.66829436339881)"
KEDZIE AND 71ST,2352,7100 S KEDZIE AVENUE,07/22/2017,9,1156225.540366296,1857330.103443232,41.764295037,-87.702957162,"(41.764295036756856, -87.70295716211793)"
DIVERSEY AND AUSTIN,1454,6000 W DIVERSEY AVENUE,07/22/2017,3,1135895.736169343,1918029.70673837,41.931248624,-87.776028612,"(41.931248623643455, -87.77602861172493)"
PULASKI AND FULLERTON,1481,2400 N PULASKI RD,07/22/2017,2,1149275.963864089,1915687.631931757,41.924572574,-87.726919111,"(41.92457257416937, -87.72691911144182)"
IRVING PARK AND NARRAGANSETT,1024,6400 W IRVING PK,07/22/2017,3,1132945.939118726,1925946.304925137,41.953024751,-87.786683238,"(41.95302475075328, -87.78668323766634)"
ASHLAND AND LAWRENCE,1142,4800 N ASHLAND AVENUE,07/22/2017,9,1164751.686785145,1932001.206626392,41.96902343,-87.669590434,"(41.969023429614026, -87.66959043354217)"
CICERO AND DIVERSEY,1694,4800 W DIVERSEY AVENUE,03/31/2017,2,1143869.848167704,1918226.043989398,41.93164142,-87.746719911,"(41.93164142040689, -87.7467199106462)"
PULASKI AND 63RD,2343,4000 W 63RD ST,07/22/2017,6,1150768.346768175,1862564.615405259,41.77876739,-87.722823195,"(41.778767390084305, -87.72282319530368)"
CALIFORNIA AND DIVERSEY,1511,2800 N CALIFORNIA AVE,07/22/2017,3,1157189.355049829,1918495.644754069,41.932120719,-87.6977653,"(41.93212071910647, -87.69776530036465)"
SHERIDAN AND FOSTER,1132,5200 N SHERIDAN ROAD,07/22/2017,3,1168661.623718229,1934753.842272756,41.976492721,-87.655133605,"(41.97649272077833, -87.65513360456677)"
111TH AND HALSTED,2424,800 W 111TH ST,07/22/2017,3,1172945.404219168,1831282.917027882,41.692465363,-87.642440901,"(41.692465363421874, -87.64244090105778)"
MADISON AND WESTERN,1931,1 S WESTERN AVE,07/22/2017,4,1160453.827721979,1899933.703473746,41.881118279,-87.686283339,"(41.881118278833966, -87.686283338873)"
DAMEN AND 63RD,2702,6300 S DAMEN AVENUE,07/22/2017,3,1164069.407943298,1862830.277442834,41.779226921,-87.674052731,"(41.77922692069256, -87.67405273137854)"
PULASKI AND ARMITAGE,1844,4000 W ARMITAGE AVENUE,07/22/2017,3,1149375.428872108,1913028.984273181,41.917275069,-87.726622746,"(41.91727506940875, -87.72662274644799)"
CICERO AND FULLERTON,1472,2400 N CICERO AVE,07/22/2017,2,1143961.592189569,1915545.343094087,41.92428359,-87.74645019,"(41.92428358982701, -87.74645019028947)"
LAWRENCE AND WESTERN,1193,2400 W LAWRENCE AVENUE,07/22/2017,3,1159482.648570304,1931851.989492596,41.968724349,-87.688968727,"(41.96872434882172, -87.68896872699601)"
ASHLAND AND 87TH,2452,8700 S ASHLAND AVE,07/22/2017,5,1167150.470087748,1846991.212339794,41.735696989,-87.663209544,"(41.73569698863625, -87.66320954445679)"
ROOSEVELT AND KOSTNER,2323,4400 W ROOSEVELT,07/22/2017,3,1147200.963258796,1894379.538078088,41.866140868,-87.73508956,"(41.866140867641654, -87.73508956008207)"
LAWRENCE AND WESTERN,1192,4800 N WESTERN AVENUE,07/22/2017,7,1159459.622430471,1931821.342623414,41.968640727,-87.689054241,"(41.96864072747715, -87.6890542408374)"
PULASKI AND CHICAGO,1983,4000 W CHICAGO AVENUE,07/22/2017,6,1149561.855939692,1905086.596446259,41.895476752,-87.72614436,"(41.89547675163723, -87.72614435991626)"
COLUMBUS AND ILLINOIS,1951,500 N COLUMBUS DRIVE,07/22/2017,11,1178372.808407292,1903693.06016042,41.891044569,-87.620371839,"(41.891044569124276, -87.620371839074)"
ELSTON AND IRVING PARK,1503,3700 W IRVING PARK ROA,07/22/2017,6,,,,,
PULASKI AND DIVERSEY,1543,4000 W DIVERSEY AVENUE,07/22/2017,5,1149206.496130705,1918356.569267582,41.931897723,-87.72710503,"(41.9318977231462, -87.72710503045386)"
WESTERN AND DEVON,1211,6400 N WESTERN AVENUE,07/22/2017,2,1159113.585759434,1942451.622367891,41.997817807,-87.690033035,"(41.997817807026, -87.69003303469276)"
71ST AND ASHLAND,2391,7100 S ASHLAND,07/22/2017,2,1166868.379865725,1857616.168087255,41.764859382,-87.663940176,"(41.764859382425385, -87.66394017630476)"
KEDZIE AND 31ST,2132,3100 S KEDZIE AVENUE,07/22/2017,2,1155483.167539854,1883867.660503274,41.837132671,-87.704967115,"(41.837132671422296, -87.70496711478727)"
DIVISION AND DAMEN,1734,2000 W DIVISION,07/22/2017,8,1162815.710860194,1908034.672555531,41.903298793,-87.677383247,"(41.903298792681944, -87.67738324739636)"
CICERO AND ADDISON,1611,3600 N CICERO AVENUE,07/22/2017,5,1143698.904601495,1923517.005821035,41.946163524,-87.747215169,"(41.94616352362556, -87.74721516897007)"
AUSTIN AND IRVING PARK,1163,6000 W IRVING PARK ROAD,07/22/2017,6,1135622.402636023,1926014.192063646,41.953163772,-87.776842593,"(41.95316377185154, -87.77684259284736)"
LAWRENCE AND CICERO,1042,4800 N CICERO AVENUE,07/22/2017,10,1143464.651785526,1931490.551883203,41.968048007,-87.747875985,"(41.968048007293845, -87.74787598468126)"
63RD AND STATE,2714,1 E 63RD ST,07/22/2017,15,1177367.518733101,1863199.17768559,41.779949105,-87.625289553,"(41.779949104569106, -87.62528955333775)"
KEDZIE AND ARMITAGE,1834,3200 W ARMITAGE AVENUE,03/02/2017,1,1154700.851347995,1913153.252187904,41.917511023,-87.707053639,"(41.91751102291878, -87.7070536388797)"
HALSTED AND NORTH,1764,800 W NORTH AVENUE,07/22/2017,4,1170700.68422007,1910913.190749698,41.91102851,-87.648335806,"(41.91102850981186, -87.64833580602037)"
WESTERN AND 63RD,2373,2400 W 63RD ST,07/22/2017,2,1161444.415758584,1862848.534703658,41.779331844,-87.683675761,"(41.77933184429814, -87.68367576084798)"
CICERO AND DIVERSEY,1694,4800 W DIVERSEY AVENUE,07/22/2017,1,1143869.848167704,1918226.043989398,41.93164142,-87.746719911,"(41.93164142040689, -87.7467199106462)"
PULASKI AND FOSTER,1102,5200 N PULASKI RD,03/02/2017,3,1148746.251286324,1934286.914361976,41.97562074,-87.728383135,"(41.97562073966174, -87.72838313514907)"
KEDZIE AND 63RD,2364,3200 W 63RD ST,07/22/2017,1,1156103.348831225,1862717.565210739,41.779081505,-87.703260365,"(41.77908150488341, -87.70326036544745)"
WESTERN AND FULLERTON,1672,2400 N WESTERN AVENUE,07/22/2017,2,1159923.309342995,1915897.778561358,41.924935944,-87.687790255,"(41.92493594409127, -87.68779025471278)"
PULASKI AND FOSTER,1102,5200 N PULASKI RD,07/22/2017,1,1148746.251286324,1934286.914361976,41.97562074,-87.728383135,"(41.97562073966174, -87.72838313514907)"
FULLERTON AND NARRAGANSETT,1554,6400 W FULLERTON AVENU,07/22/2017,6,1133317.594499059,1915293.661305931,41.923786189,-87.785567206,"(41.92378618871128, -87.78556720562165)"
CENTRAL AND ADDISON,1683,5600 W ADDISON STREET,07/22/2017,2,1138349.663302502,1923416.02157061,41.945985104,-87.766879952,"(41.94598510430888, -87.76687995165918)"
ADDISON AND HARLEM,1591,3600 N HARLEM AVENUE,07/22/2017,3,1127394.594070737,1923110.532422811,41.945338412,-87.807154769,"(41.94533841246591, -87.80715476912044)"
CICERO AND NORTH,2033,4800 W NORTH AVENUE,07/22/2017,4,1144053.733747163,1910243.80567041,41.90973389,-87.746244973,"(41.909733890131285, -87.74624497295898)"
WESTERN AND FULLERTON,1672,2400 N WESTERN AVENUE,11/23/2016,4,1159923.309342995,1915897.778561358,41.924935944,-87.687790255,"(41.92493594409127, -87.68779025471278)"
HALSTED AND 103RD,2592,10300 S HALSTED STREE,07/22/2017,6,,,,,
LASALLE AND KINZIE,1921,400 N LASALLE,11/23/2016,10,1175028.579766798,1903002.552291359,41.889225372,-87.632674115,"(41.88922537162015, -87.63267411498495)"
79TH AND KEDZIE,2443,3200 W 79TH ST,07/22/2017,8,1156402.644780165,1852104.649370984,41.749952001,-87.702448478,"(41.74995200142266, -87.70244847808695)"
PULASKI AND FOSTER,1104,4000 W FOSTER AVE,07/22/2017,1,1148759.16134887,1934294.249006446,41.975640616,-87.728335469,"(41.975640616231914, -87.72833546926573)"
115TH AND HALSTED,2553,800 W 115TH STREET,07/22/2017,5,1173010.735357888,1828632.242070332,41.685190056,-87.642279564,"(41.68519005571938, -87.64227956401977)"
WESTERN AND MARQUETTE,2674,2400 W MARQUETTE ROAD,07/22/2017,7,1161509.889315231,1860208.627404126,41.772086214,-87.683508858,"(41.772086214104526, -87.68350885781568)"
MONTROSE AND WESTERN,1224,2400 W MONTROSE AVENUE,07/22/2017,1,1159562.971802959,1929191.337701253,41.961421726,-87.68874698,"(41.961421726406314, -87.68874697983858)"
ELSTON AND ADDISON,1403,3216 W ADDISON ST,07/22/2017,10,1154199.729816868,1923799.345386665,41.946734755,-87.708609774,"(41.946734754927796, -87.7086097735515)"
PULASKI AND LAWRENCE,1173,4000 W LAWRENCE AVENUE,07/22/2017,2,1148844.220085601,1931638.45430438,41.968351285,-87.728091672,"(41.96835128527914, -87.72809167198088)"
CENTRAL AND LAKE,1743,5600 W LAKE STREET,07/22/2017,5,1138951.495695032,1902230.510465733,41.887838735,-87.765183663,"(41.887838735330206, -87.76518366338465)"
CLARK AND FULLERTON,1631,2400 N CLARK ST,07/22/2017,6,1172749.562209477,1916238.997132859,41.925597623,-87.640650973,"(41.925597623023144, -87.64065097309872)"
WESTERN AND NORTH,1853,2400 W NORTH AVE,07/22/2017,2,1160100.839010995,1910612.783367238,41.910429862,-87.687284221,"(41.91042986235867, -87.68728422050837)"
KEDZIE AND 47TH,2101,4700 S KEDZIE AVE,07/22/2017,4,1155791.949302478,1873270.778481327,41.808047272,-87.704118822,"(41.80804727165029, -87.70411882229871)"
PULASKI AND 63RD,2342,6300 S PULASKI RD,07/22/2017,9,1150746.00309079,1862516.747695325,41.778636469,-87.722906356,"(41.77863646878099, -87.72290635568541)"
TOUHY AND OSCEOLA,1243,7432 W TOUHY AVENUE,07/22/2017,6,1125717.010560011,1947269.685461107,42.011661765,-87.812781431,"(42.01166176507329, -87.81278143114147)"
BELMONT AND KEDZIE,1373,3200 W BELMONT,07/22/2017,2,1154461.587940363,1921143.091003516,41.939440561,-87.707718516,"(41.93944056117365, -87.70771851630873)"
LASALLE AND KINZIE,1921,400 N LASALLE,07/22/2017,7,1175028.579766798,1903002.552291359,41.889225372,-87.632674115,"(41.88922537162015, -87.63267411498495)"
ELSTON AND IRVING PARK,1502,4000 N ELSTON AVENUE,07/22/2017,2,1151273.974828198,1926311.849469842,41.953687266,-87.719297882,"(41.95368726563273, -87.71929788151473)"
119TH AND HALSTED,2404,800 W 119TH STREET,07/22/2017,5,1173111.174088158,1825985.001014405,41.677923389,-87.641989646,"(41.677923389134385, -87.64198964584013)"
CENTRAL AND CHICAGO,1972,800 N CENTRAL AVENUE,07/22/2017,11,1138836.562608552,1904801.732832435,41.894896579,-87.765543258,"(41.89489657939746, -87.76554325845893)"
PULASKI AND ARMITAGE,1843,4000 W ARMITAGE AVENUE,07/22/2017,4,1149375.428872108,1913028.984273181,41.917275069,-87.726622746,"(41.91727506940875, -87.72662274644799)"
DIVISION AND DAMEN,1733,2000 W DIVISION,11/23/2016,6,1162815.710860194,1908034.672555531,41.903298793,-87.677383247,"(41.903298792681944, -87.67738324739636)"
WENTWORTH AND GARFIELD,2261,5500 S WENTWORTH AVEN,07/22/2017,21,,,,,
55TH AND KEDZIE,2163,3200 W 55TH STREET,07/22/2017,2,1155966.956993183,1868015.593764152,41.793622803,-87.703618141,"(41.79362280329978, -87.70361814062049)"
PULASKI AND BELMONT,1383,4000 W BELMONT AVE,07/22/2017,1,1149131.866894851,1921018.50498026,41.93920375,-87.727310134,"(41.93920374986553, -87.72731013414392)"
CENTRAL AND IRVING PARK,1182,4000 N CENTRAL AVENUE,07/22/2017,1,1138258.614129764,1926071.172884932,41.953272751,-87.767150151,"(41.95327275103541, -87.76715015131407)"
CLARK AND IRVING PARK,1093,1300 W IRVING PARK ROAD,07/22/2017,7,1166777.545456989,1926719.73687357,41.954487567,-87.662293496,"(41.95448756687966, -87.66229349585691)"
55TH AND WESTERN,2212,5500 S WESTERN AVE,07/22/2017,5,1161269.521335262,1867963.111601251,41.793370554,-87.684175377,"(41.79337055433029, -87.6841753767592)"
CICERO AND CHICAGO,1783,4800 W CHICAGO AVENUE,07/22/2017,1,1144175.291152764,1904916.255225279,41.895112219,-87.745932427,"(41.89511221857764, -87.74593242701515)"
CALIFORNIA AND DIVERSEY,1513,2800 W DIVERSEY,07/22/2017,3,1157212.54253358,1918526.674434943,41.932205395,-87.697679244,"(41.93220539506452, -87.6976792438691)"
LAFAYETTE AND 87TH,2502,8700 S LAFAYETTE AVEN,11/23/2016,17,1177417.493180297,1847243.988223464,41.73616511,-87.625587569,"(41.73616511008592, -87.62558756899932)"
CICERO AND ARMITAGE,2003,4800 W ARMITAGE AVENUE,07/22/2017,3,1144054.25126508,1912907.00926109,41.917041992,-87.746176095,"(41.91704199201953, -87.74617609464687)"
SHERIDAN AND FOSTER,1134,1000 W FOSTER AVE,07/22/2017,4,1168689.247756979,1934758.578141654,41.976505116,-87.655031882,"(41.97650511595711, -87.65503188224778)"
99TH AND HALSTED,2433,800 W 99TH ST,07/22/2017,25,1172710.642565684,1839246.330602143,41.714323337,-87.643066714,"(41.71432333701137, -87.64306671421937)"
HALSTED AND MADISON,1872,1 N HALSTED STREET,07/22/2017,7,1171090.967986833,1900270.454015136,41.881815632,-87.647214717,"(41.88181563164203, -87.64721471704077)"
DAMEN AND DIVERSEY,1462,2800 N DAMEN AVENUE,07/22/2017,10,1162490.04851994,1918611.623717091,41.932329494,-87.678282719,"(41.9323294940985, -87.67828271931386)"
CALIFORNIA AND PETERSON,1313,2800 W PETERSON AVENUE,07/22/2017,1,1156569.515341857,1939784.830544118,41.990552082,-87.699464396,"(41.990552081681564, -87.69946439622785)"
CICERO AND 47TH,2204,4800 W 47TH ST,07/22/2017,5,1145130.048925744,1873078.44198302,41.807727017,-87.743229366,"(41.80772701677172, -87.74322936566276)"
ARCHER AND CICERO,2081,5200 S CICERO AVE,07/22/2017,27,1145195.931989777,1869737.708306623,41.798558278,-87.743071866,"(41.798558278193305, -87.74307186616427)"
LAWRENCE AND CICERO,1041,4800 N CICERO AVE,07/22/2017,3,1143464.651785526,1931490.551883203,41.968048007,-87.747875985,"(41.968048007293845, -87.74787598468126)"
CENTRAL AND CHICAGO,1973,5600 W CHICAGO AVENUE,07/22/2017,2,1138858.856732452,1904825.827586656,41.894962293,-87.765460791,"(41.89496229349977, -87.76546079122906)"
CLARK AND IRVING PARK,1091,4000 N CLARK STREET,07/22/2017,5,1166736.149822904,1926699.323624709,41.954432441,-87.662446259,"(41.95443244141688, -87.66244625914061)"
CICERO AND ARMITAGE,2001,2000 N CICERO AVENUE,07/22/2017,2,1144031.525719004,1912881.8300295,41.916973325,-87.746260223,"(41.91697332451097, -87.74626022251057)"
PULASKI AND IRVING PARK,1574,4000 W IRVING PARK RD,07/22/2017,12,1148988.727877253,1926320.954938409,41.953756874,-87.727698513,"(41.95375687447515, -87.72769851312907)"
HAMLIN AND MADISON,1903,3800 W MADISON STREET,07/22/2017,21,1151032.709141294,1899784.033986533,41.880897273,-87.720881226,"(41.880897273491264, -87.72088122613924)"
HALSTED AND 95TH,2582,9500 S HALSTED STREET,07/22/2017,1,1172610.538363645,1841811.61926207,41.721365061,-87.643358042,"(41.72136506078306, -87.64335804234075)"
55TH AND WESTERN,2213,2400 W 55TH STREET,11/23/2016,14,1161277.012730599,1868185.749490228,41.793981347,-87.684141741,"(41.7939813465735, -87.68414174128355)"
HAMLIN AND LAKE,1881,300 N HAMLIN AVENUE,07/22/2017,3,1150970.026856642,1901381.688308858,41.885282636,-87.721069539,"(41.88528263580913, -87.72106953854511)"
CALIFORNIA AND DEVON,1321,6400 N CALIFORNIA AVE,07/22/2017,1,1156461.150245401,1942370.37710537,41.997649133,-87.699792629,"(41.997649133049336, -87.69979262891378)"
99TH AND HALSTED,2433,800 W 99TH ST,03/18/2017,1,1172710.642565684,1839246.330602143,41.714323337,-87.643066714,"(41.71432333701137, -87.64306671421937)"
COTTAGE GROVE AND 71ST,2571,7100 S COTTAGE GROVE,07/22/2017,3,1182746.23698699,1858088.011064538,41.765800351,-87.605729127,"(41.76580035131893, -87.6057291269901)"
DAMEN AND 63RD,2701,6300 S DAMEN AVENUE,07/22/2017,5,1164069.407943298,1862830.277442834,41.779226921,-87.674052731,"(41.77922692069256, -87.67405273137854)"
HALSTED AND DIVISION,1714,800 W DIVISION,07/22/2017,7,1170767.827960358,1908259.644151662,41.903745557,-87.648167011,"(41.90374555734733, -87.64816701062779)"
LASALLE AND KINZIE,1923,140 W KINZIE,07/22/2017,1,1175048.09765242,1903028.894760294,41.889297219,-87.632601648,"(41.88929721947309, -87.63260164817305)"
FOSTER AND NAGLE,1031,5200 N NAGLE,07/22/2017,13,1132529.656558223,1934201.702060651,41.97568567,-87.788020406,"(41.97568566971868, -87.78802040620296)"
4700 WESTERN,2142,4700 S WESTERN AVENUE,07/22/2017,1,1161120.438879703,1873431.066474726,41.808378408,-87.684570717,"(41.808378407946726, -87.68457071689552)"
DAMEN AND DIVERSEY,1464,2000 W DIVERSEY PARKWAY,07/22/2017,2,1162519.714934025,1918635.417634925,41.932394164,-87.678173031,"(41.93239416403691, -87.67817303087757)"
CICERO AND PETERSON,1202,6000 N CICERO AVENUE,07/22/2017,5,1143247.733553094,1939479.342905704,41.989973915,-87.748473024,"(41.98997391514614, -87.74847302426933)"
STONEY ISLAND AND 76TH,2631,7600 S STONY ISLAND A,11/22/2016,19,1188092.796191935,1854889.354158304,41.756897173,-87.586234285,"(41.75689717260223, -87.58623428506996)"
WESTERN AND NORTH,1851,1600 N WESTERN AVE,07/22/2017,2,1160077.474351131,1910605.013316134,41.910409024,-87.687370268,"(41.91040902362901, -87.687370268401)"
CENTRAL AND ADDISON,1682,3600 N CENTRAL AVENUE,07/22/2017,2,1138343.117435682,1923392.067464765,41.945919491,-87.766904594,"(41.945919490555106, -87.76690459426293)"
PETERSON AND WESTERN,1011,6000 N WESTERN AVE,07/22/2017,7,1159190.625032041,1939816.75471116,41.990586042,-87.689822473,"(41.99058604241958, -87.68982247294417)"
ELSTON AND LAWRENCE,1284,4440 W LAWRENCE AVENUE,07/22/2017,6,1145715.061027481,1931571.0474838,41.968226398,-87.739599251,"(41.96822639754791, -87.73959925065756)"
PETERSON AND WESTERN,1014,2400 W PETERSON,07/22/2017,8,1159214.211316277,1939825.301874586,41.99060901,-87.689735481,"(41.990609009807294, -87.68973548092968)"
CICERO AND FULLERTON,1474,4800 W FULLERTON AVE,07/22/2017,1,1143967.570794243,1915568.504954477,41.924347036,-87.74642764,"(41.924347036010694, -87.74642763965628)"
HAMLIN AND MADISON,1901,0 N HAMLIN BOULEVARD,07/22/2017,10,,,,,
71ST AND ASHLAND,2394,1600 W 71ST,07/22/2017,3,1166890.012333149,1857674.2502247,41.765018306,-87.66385923,"(41.76501830555763, -87.66385923012646)"
WESTERN AND CHICAGO,1941,800 N WESTERN AVE,07/22/2017,2,1160220.967978608,1905277.507115921,41.895786955,-87.686990586,"(41.89578695485361, -87.68699058611217)"
FOSTER AND NAGLE,1034,6400 W FOSTER,07/22/2017,1,1132552.893142153,1934229.875527466,41.975762574,-87.787934296,"(41.97576257447203, -87.7879342955108)"
FOSTER AND BROADWAY,1111,5200 N BROADWAY ST,07/22/2017,4,1167334.508577915,1934714.008346532,41.976412143,-87.660015082,"(41.97641214294823, -87.66001508205365)"
CENTRAL AND DIVERSEY,1642,2800 N CENTRAL AVENUE,07/22/2017,4,1138516.407377375,1918089.499227987,41.931365552,-87.766396529,"(41.93136555236339, -87.76639652879172)"
LARAMIE AND FULLERTON,1421,2400 N LARAMIE AVENUE,07/22/2017,1,1141282.877477884,1915479.163971956,41.924151874,-87.756294662,"(41.92415187425276, -87.75629466175003)"
STONEY ISLAND AND 79TH,2464,1600 E 79TH ST,07/22/2017,6,1188284.704439907,1852964.829047574,41.751611523,-87.585592284,"(41.75161152327319, -87.58559228428787)"
KEDZIE AND 71ST,2354,3200 W 71ST STREET,07/22/2017,3,1156246.862901455,1857404.014959868,41.764497433,-87.702877023,"(41.76449743256955, -87.70287702335861)"
PULASKI AND DIVISION,1802,1200 N PULASKI ROAD,07/22/2017,2,1149459.590666926,1907723.219884254,41.902713902,-87.726451457,"(41.902713901936174, -87.72645145715836)"
ASHLAND AND DIVISION,1791,1200 N ASHLAND AVENUE,07/22/2017,7,1165466.997046718,1908083.767015974,41.903377468,-87.667643142,"(41.903377467566784, -87.66764314227497)"
OGDEN AND KOSTNER,2222,2348 S KOSTNER AVENUE,07/22/2017,6,1147394.548182079,1887795.177782082,41.848068845,-87.734547457,"(41.8480688449598, -87.73454745748458)"
WENTWORTH AND GARFIELD,2264,200 W GARFIELD BLVD,07/22/2017,6,1175889.574397302,1868551.750512227,41.794670385,-87.630547476,"(41.79467038468937, -87.63054747605638)"
KEDZIE AND 26TH,2381,2600 S KEDZIE AVENUE,07/22/2017,2,1155404.235510285,1886524.460033054,41.844424831,-87.705185452,"(41.84442483084393, -87.70518545233183)"
WESTERN AND DEVON,1212,6400 N WESTERN AVENUE,07/22/2017,4,1159113.585759434,1942451.622367891,41.997817807,-87.690033035,"(41.997817807026, -87.69003303469276)"
FOSTER AND BROADWAY,1113,1200 W FOSTER AVE,07/22/2017,3,1167357.095930752,1934721.393266777,41.97643192,-87.659931806,"(41.97643192018459, -87.65993180604016)"
KOSTNER AND NORTH,2012,4400 W GRAND AVE,07/22/2017,7,1146773.519128439,1910425.663958581,41.91018141,-87.73624887,"(41.910181409597406, -87.73624887040725)"
ASHLAND AND LAWRENCE,1143,1600 W LAWRENCE AVENUE,07/22/2017,3,1164771.946929007,1931988.254061312,41.968987457,-87.669516307,"(41.96898745654617, -87.66951630654926)"
CHICAGO AND CLARK,1963,100 W CHICAGO AVENUE,07/22/2017,9,1175374.528739575,1905745.47783364,41.896744347,-87.631321248,"(41.896744346875806, -87.63132124815151)"
DIVISION AND DAMEN,1733,2000 W DIVISION,07/22/2017,9,1162815.710860194,1908034.672555531,41.903298793,-87.677383247,"(41.903298792681944, -87.67738324739636)"
CICERO AND DIVERSEY,1691,2800 N CICERO AVENUE,07/22/2017,2,1143863.647574835,1918202.018463414,41.931575608,-87.746743301,"(41.93157560844622, -87.74674330113561)"
ROOSEVELT AND PULASKI,2314,4000 W ROOSEVELT ROAD,07/22/2017,1,1149885.032049683,1894449.464076882,41.866281003,-87.72523422,"(41.866281002664536, -87.72523421983905)"
AUSTIN AND IRVING PARK,1161,4000 N AUSTIN AVENUE,07/22/2017,6,1135599.956110927,1926006.862619986,41.953144059,-87.776925284,"(41.95314405904539, -87.77692528423394)"
CICERO AND I55,2251,4200 S CICERO AVENUE,07/22/2017,42,1145023.742859509,1876358.276835519,41.816729387,-87.743536712,"(41.81672938674739, -87.74353671247594)"
SACRAMENTO AND CHICAGO,1812,800 N SACRAMENTO AVEN,07/22/2017,9,1156039.008141929,1905193.084100581,41.895640714,-87.702352328,"(41.89564071387542, -87.70235232767416)"
SACRAMENTO AND LAKE,1821,150 N SACRAMENTO BOUL,07/22/2017,8,1156319.560664766,1900957.489351962,41.884012178,-87.701436479,"(41.88401217771363, -87.7014364786693)"
KEDZIE AND 71ST,2352,7100 S KEDZIE AVENUE,11/22/2016,9,1156225.540366296,1857330.103443232,41.764295037,-87.702957162,"(41.764295036756856, -87.70295716211793)"
CICERO AND NORTH,2034,4800 W NORTH AVENUE,07/22/2017,5,1144053.733747163,1910243.80567041,41.90973389,-87.746244973,"(41.909733890131285, -87.74624497295898)"
HALSTED AND FULLERTON,1704,800 W FULLERTON AVENUE,07/22/2017,1,1170525.624723311,1916208.443992778,41.925562791,-87.648823641,"(41.92556279107417, -87.64882364145232)"
CICERO AND HARRISON,2022,600 S CICERO AVENUE,07/22/2017,10,1144444.97442848,1896894.622216872,41.873094833,-87.745143869,"(41.873094832519136, -87.74514386884542)"
79TH AND HALSTED,2541,7900 S HALSTED STREET,07/22/2017,3,1172298.707400847,1852444.344822186,41.750549559,-87.644188368,"(41.750549559438944, -87.64418836784098)"
75TH AND STATE,2624,1 E 75TH STREET,07/22/2017,17,1177601.72646404,1855229.486604181,41.758074111,-87.624671658,"(41.75807411097799, -87.62467165835182)"
CICERO AND HARRISON,2023,4800 W HARRISON STREET,07/22/2017,3,1144451.867388303,1896949.561959463,41.873245464,-87.745117179,"(41.873245464379586, -87.7451171788807)"
CENTRAL AND LAKE,1742,400 N CENTRAL AVENUE,07/22/2017,8,1138928.478257537,1902217.926149854,41.887804621,-87.765268498,"(41.88780462053497, -87.76526849810371)"
FULLERTON AND NARRAGANSETT,1553,6400 W FULLERTON AVENU,07/22/2017,2,1133317.594499059,1915293.661305931,41.923786189,-87.785567206,"(41.92378618871128, -87.78556720562165)"
WESTERN AND TOUHY,1251,7200 N WESTERN AVENUE,07/22/2017,1,1158975.66256211,1947754.286963361,42.012371335,-87.690393917,"(42.012371334791766, -87.69039391737863)"
119TH AND HALSTED,2402,11900 S HALSTED,07/22/2017,9,1173094.774616191,1825911.054609338,41.677720829,-87.642051845,"(41.67772082924762, -87.64205184498218)"
PULASKI AND IRVING PARK,1572,4000 N PULASKI ROAD,07/22/2017,4,1148970.255325552,1926313.600468643,41.953737051,-87.727766612,"(41.95373705144353, -87.72776661179896)"
WESTERN AND CERMAK,1003,2400 W CERMAK ROAD,07/22/2017,1,1160678.000607329,1889375.645335924,41.852141307,-87.685752642,"(41.85214130680468, -87.6857526415569)"
ASHLAND AND FULLERTON,1651,2400 N ASHLAND AVENUE,07/22/2017,11,1165228.073342838,1916032.319169157,41.92519389,-87.668294363,"(41.92519388981048, -87.66829436339881)"
KEDZIE AND ARMITAGE,1832,2000 N KEDZIE AVENUE,07/22/2017,3,1154684.031809326,1913129.496340896,41.917446172,-87.707116072,"(41.91744617191702, -87.70711607187832)"
VAN BUREN AND WESTERN,2052,400 S WESTERN AVENUE,07/22/2017,46,1160431.682297829,1898091.942371589,41.876064776,-87.686415631,"(41.87606477642526, -87.68641563098768)"
STONEY ISLAND AND 76TH,2631,7600 S STONY ISLAND A,07/22/2017,15,1188092.796191935,1854889.354158304,41.756897173,-87.586234285,"(41.75689717260223, -87.58623428506996)"
WESTERN AND MARQUETTE,2672,6700 S WESTERN AVENUE,07/22/2017,6,1161488.747635042,1860134.788366884,41.771884028,-87.683588402,"(41.77188402771193, -87.68358840206334)"
STONEY ISLAND AND 79TH,2462,7900 S STONEY ISLAND,07/22/2017,2,1188181.571068297,1852908.934789311,41.751460603,-87.585971993,"(41.75146060316686, -87.5859719929647)"
STONY ISLAND/CORNELL AND 67TH,2721,6700 S STONY ISLAND A,07/22/2017,12,1187984.143047539,1860863.338367666,41.773292896,-87.586442368,"(41.77329289585066, -87.58644236831432)"
KEDZIE AND 26TH,2382,2600 S KEDZIE AVENUE,07/22/2017,3,1155404.235510285,1886524.460033054,41.844424831,-87.705185452,"(41.84442483084393, -87.70518545233183)"
55TH AND KEDZIE,2162,5500 S KEDZIE AVENUE,07/22/2017,4,1155945.854705238,1867941.621374192,41.793420237,-87.703697508,"(41.793420236755864, -87.70369750845424)"
LAFAYETTE AND 87TH,2502,8700 S LAFAYETTE AVEN,07/22/2017,25,1177417.493180297,1847243.988223464,41.73616511,-87.625587569,"(41.73616511008592, -87.62558756899932)"
CERMAK AND PULASKI,2334,4000 W CERMAK,07/22/2017,5,1150018.476053666,1889120.238540361,41.851654369,-87.724882975,"(41.85165436867626, -87.7248829753078)"
SACRAMENTO AND CHICAGO,1814,3000 W CHICAGO AVENUE,07/22/2017,12,1156075.266375505,1905216.604770718,41.895704525,-87.702218524,"(41.895704524946225, -87.70221852353758)"
STATE AND 79TH,2651,7900 S STATE STREET,07/22/2017,8,1177618.166929966,1852621.870232838,41.750918138,-87.624690123,"(41.7509181383154, -87.62469012251644)"
PULASKI AND NORTH,1992,1600 N PULASKI AVENUE,07/22/2017,2,1149432.959240306,1910369.112502195,41.90997501,-87.726480523,"(41.909975010236906, -87.72648052306623)"
CORTLAND AND ASHLAND,1723,1600 W CORTLAND ST,07/22/2017,5,1165377.660768235,1912768.773647285,41.916235337,-87.667837772,"(41.91623533746878, -87.66783777212962)"
PULASKI AND FULLERTON,1484,4000 W FULLERTON AVE,07/22/2017,4,1149303.081963737,1915695.275222648,41.924593022,-87.726819268,"(41.92459302175305, -87.7268192684032)"
87TH AND VINCENNES,2413,848 W 87TH STREET,07/22/2017,13,1172002.531006759,1847197.326168367,41.736157546,-87.6454274,"(41.73615754630335, -87.64542740049411)"
4700 WESTERN,2141,4700 S WESTERN AVENUE,07/22/2017,4,1161120.438879703,1873431.066474726,41.808378408,-87.684570717,"(41.808378407946726, -87.68457071689552)"
BELMONT AND KEDZIE,1372,3200 N KEDZIE AVE,07/22/2017,25,1154426.977874407,1921110.466549542,41.93935173,-87.707846594,"(41.93935173030961, -87.70784659359776)"
PULASKI AND CHICAGO,1982,800 N PULASKI ROAD,07/22/2017,3,1149538.444844035,1905079.034990625,41.895456457,-87.726230541,"(41.895456456825386, -87.72623054051289)"
IRVING PARK AND LARAMIE,1533,5200 W IRVING PARK ROA,07/22/2017,7,,,,,
KOSTNER AND NORTH,2013,4400 W NORTH,07/22/2017,8,1146738.551618032,1910309.595368032,41.909863573,-87.736380296,"(41.90986357340246, -87.73638029605371)"
PULASKI AND BELMONT,1382,3200 N PULASKI RD,07/22/2017,2,1149125.621478734,1920994.556178086,41.939138154,-87.72733371,"(41.939138153500274, -87.7273337101426)"
CICERO AND CHICAGO,1781,800 N CICERO AVENUE,07/22/2017,3,1144169.162482127,1904893.189220372,41.895049038,-87.745955516,"(41.89504903796389, -87.74595551626888)"
PULASKI AND ARCHER,2154,5000 S ARCHER AVE,07/22/2017,1,1150501.818909837,1871162.311703322,41.802365973,-87.723576766,"(41.80236597333895, -87.72357676611004)"
KOSTNER AND NORTH,2011,1600 N KOSTNER,07/22/2017,1,1146732.108679105,1910282.120990798,41.909788304,-87.736404667,"(41.90978830394343, -87.73640466739216)"
IRVING PARK AND CALIFORNIA,1234,2800 W IRVING PARK ROA,07/22/2017,14,,,,,
HOLLYWOOD AND SHERIDAN,1344,1000 W HOLLYWOOD AVE,07/22/2017,2,1168580.228926466,1938090.295189338,41.985649799,-87.655335807,"(41.98564979859328, -87.65533580655139)"
HALSTED AND NORTH,1761,1600 N HALSTED STREET,07/22/2017,3,1170678.283433825,1910880.991397547,41.910940644,-87.648419043,"(41.91094064391597, -87.64841904272998)"
STATE AND 79TH,2654,1 E 79TH STREET,07/22/2017,45,1177680.113652821,1852598.313477786,41.750852096,-87.624463832,"(41.75085209551078, -87.62446383210285)"
COLUMBUS AND ILLINOIS,1952,500 N COLUMBUS DRIVE,07/22/2017,7,1178372.808407292,1903693.06016042,41.891044569,-87.620371839,"(41.891044569124276, -87.620371839074)"
OGDEN AND KOSTNER,2223,4400 W OGDEN AVENUE,07/22/2017,13,1147406.592439224,1887689.099869462,41.847777523,-87.734505969,"(41.84777752280453, -87.73450596874825)"
WESTERN AND FULLERTON,1671,2400 N WESTERN AVENUE,07/22/2017,11,1159923.309342995,1915897.778561358,41.924935944,-87.687790255,"(41.92493594409127, -87.68779025471278)"
MILWAUKEE AND MONTROSE,1364,5075 W MONTROSE AVENUE,07/22/2017,2,1141716.746618898,1928736.076639057,41.960522088,-87.754371424,"(41.96052208819935, -87.75437142402293)"
CHICAGO AND CLARK,1964,100 W CHICAGO AVENUE,07/22/2017,12,1175374.528739575,1905745.47783364,41.896744347,-87.631321248,"(41.896744346875806, -87.63132124815151)"
LARAMIE AND FULLERTON,1424,5200 W FULLERTON AVENUE,07/22/2017,4,1141305.554932016,1915502.611239048,41.924215797,-87.756210755,"(41.92421579723144, -87.75621075458939)"
LAFAYETTE AND 87TH,2503,30 W 87TH STREET,07/22/2017,23,1177407.651800237,1847320.772058312,41.736376037,-87.625621311,"(41.736376036604916, -87.62562131092602)"
IRVING PARK AND NARRAGANSETT,1023,6400 W IRVING PK,07/22/2017,1,1132945.939118726,1925946.304925137,41.953024751,-87.786683238,"(41.95302475075328, -87.78668323766634)"
63RD AND STATE,2712,6300 S STATE ST,07/22/2017,2,1177303.801895084,1863220.216755923,41.780008277,-87.625522512,"(41.78000827740796, -87.6255225119157)"
PULASKI AND DIVISION,1801,1200 N PULASKI ROAD,07/22/2017,1,1149459.590666926,1907723.219884254,41.902713902,-87.726451457,"(41.902713901936174, -87.72645145715836)"
CERMAK AND PULASKI,2332,2200 S PULASKI,07/22/2017,1,1150012.876838243,1889071.75851865,41.851521442,-87.724904787,"(41.85152144233116, -87.7249047867499)"
BROADWAY/SHERIDAN AND DEVON,1123,1200 W DEVON AVE,07/22/2017,1,1167109.644248166,1942688.147952186,41.998298228,-87.660611661,"(41.99829822771884, -87.66061166063517)"
HALSTED AND 95TH,2581,9500 S HALSTED STREET,07/22/2017,12,1172610.538363645,1841811.61926207,41.721365061,-87.643358042,"(41.72136506078306, -87.64335804234075)"
35TH AND WESTERN,2092,3500 S WESTERN,07/22/2017,5,1160894.949857101,1881376.851112895,41.830187255,-87.685177925,"(41.83018725526863, -87.68517792510231)"
CENTRAL AND DIVERSEY,1644,5600 W DIVERSEY AVENUE,07/22/2017,1,1138539.758528398,1918097.096677271,41.931385977,-87.766310532,"(41.93138597683265, -87.76631053155157)"
99TH AND HALSTED,2431,9900 S HALSTED ST,07/22/2017,19,1172689.754200318,1839171.652197216,41.714118868,-87.643145408,"(41.714118868089905, -87.64314540818165)"
VAN BUREN AND WESTERN,2054,2400 W VAN BUREN STREE,07/22/2017,7,,,,,
JEFFERY AND 95TH,2523,2000 E 95TH ST,07/22/2017,3,1191188.381103057,1842410.411853539,41.722579473,-87.575292523,"(41.722579473126416, -87.57529252250366)"
MILWAUKEE AND MONTROSE,1362,4400 N MILWAUKEE AVEN,07/22/2017,5,1141643.943268783,1928770.256316239,41.96061723,-87.75463824,"(41.9606172296957, -87.75463824007085)"
ADDISON AND HARLEM,1593,7200 W ADDISON,07/22/2017,1,1127417.488447099,1923123.407710965,41.945373358,-87.807070326,"(41.94537335809189, -87.80707032561135)"
WESTERN AND FOSTER,1074,2400 W FOSTER AVE,07/22/2017,4,1159379.402846887,1934502.712486132,41.97600019,-87.689275084,"(41.97600018976586, -87.68927508385399)"
ROOSEVELT AND HALSTED,2233,800 W ROOSEVELT ROAD,07/22/2017,6,1171199.282357741,1894968.056393724,41.867263098,-87.646972686,"(41.86726309836901, -87.64697268601648)"
75TH AND STATE,2621,7500 S STATE STREET,07/22/2017,18,1177538.763040612,1855235.551345519,41.758092176,-87.624902228,"(41.75809217638291, -87.6249022282473)"
MILWAUKEE AND DEVON,1272,6400 N MILWAUKEE AVEN,07/22/2017,1,1132463.750397878,1942107.911507627,41.997382173,-87.788077674,"(41.99738217345368, -87.78807767391953)"
4700 WESTERN,2141,4700 S WESTERN AVENUE,04/20/2017,7,1161120.438879703,1873431.066474726,41.808378408,-87.684570717,"(41.808378407946726, -87.68457071689552)"
CALIFORNIA AND DEVON,1321,6400 N CALIFORNIA AVE,11/16/2016,2,1156461.150245401,1942370.37710537,41.997649133,-87.699792629,"(41.997649133049336, -87.69979262891378)"
PULASKI AND NORTH,1994,4000 W NORTH AVENUE,07/22/2017,4,1149456.2688422,1910376.774019002,41.909995582,-87.726394693,"(41.90999558160536, -87.72639469321471)"
35TH AND WESTERN,2091,3500 S WESTERN,07/22/2017,2,1160894.949857101,1881376.851112895,41.830187255,-87.685177925,"(41.83018725526863, -87.68517792510231)"
PULASKI AND LAWRENCE,1172,4800 N PULASKI ROAD,07/22/2017,2,1148821.701520117,1931605.974570937,41.968262595,-87.728175316,"(41.968262595100775, -87.7281753157596)"
ASHLAND AND FULLERTON,1651,2400 N ASHLAND AVENUE,03/31/2017,1,1165228.073342838,1916032.319169157,41.92519389,-87.668294363,"(41.92519388981048, -87.66829436339881)"
LARAMIE AND MADISON,2043,5200 W MADISON STREET,07/22/2017,1,1141706.965522802,1899567.55684314,41.880480752,-87.755130433,"(41.88048075170171, -87.75513043296509)"
79TH AND HALSTED,2543,800 W 79TH STREET,07/22/2017,4,1172320.105719411,1852517.9814434,41.750751157,-87.644107793,"(41.75075115747316, -87.64410779300933)"
HOMAN/KIMBALL AND NORTH,1773,3400 W NORTH AVE,07/22/2017,10,1153386.578905125,1910465.87061722,41.910162847,-87.711953868,"(41.91016284680269, -87.71195386769125)"
HALSTED AND DIVISION,1711,1200 N HALSTED,07/22/2017,7,1170746.639428735,1908242.256010774,41.903698308,-87.648245351,"(41.90369830765008, -87.64824535062563)"
ROOSEVELT AND KOSTNER,2321,1200 S KOSTNER,07/22/2017,3,1147196.304001978,1894305.883269746,41.865938839,-87.735108549,"(41.8659388389088, -87.73510854901264)"
CALIFORNIA AND DIVERSEY,1511,2800 N CALIFORNIA AVE,12/29/2017,1,1157189.355049829,1918495.644754069,41.932120719,-87.6977653,"(41.93212071910647, -87.69776530036465)"
WESTERN AND MARQUETTE,2674,2400 W MARQUETTE ROAD,12/29/2017,2,1161509.889315231,1860208.627404126,41.772086214,-87.683508858,"(41.772086214104526, -87.68350885781568)"
PULASKI AND ARCHER,2154,5000 S ARCHER AVE,12/29/2017,5,1150501.818909837,1871162.311703322,41.802365973,-87.723576766,"(41.80236597333895, -87.72357676611004)"
CALIFORNIA AND DIVERSEY,1513,2800 W DIVERSEY,12/29/2017,1,1157212.54253358,1918526.674434943,41.932205395,-87.697679244,"(41.93220539506452, -87.6976792438691)"
CICERO AND PETERSON,1202,6000 N CICERO AVENUE,12/29/2017,2,1143247.733553094,1939479.342905704,41.989973915,-87.748473024,"(41.98997391514614, -87.74847302426933)"
CICERO AND NORTH,2033,4800 W NORTH AVENUE,12/29/2017,4,1144053.733747163,1910243.80567041,41.90973389,-87.746244973,"(41.909733890131285, -87.74624497295898)"
HALSTED AND DIVISION,1711,1200 N HALSTED,12/29/2017,3,1170746.639428735,1908242.256010774,41.903698308,-87.648245351,"(41.90369830765008, -87.64824535062563)"
FOSTER AND NORTHWEST HIGHWAY,3003,5616 W FOSTER AVE,12/29/2017,9,1137626.093281239,1934273.239128334,41.97579142,-87.769276893,"(41.975791419680704, -87.76927689293382)"
DAMEN AND 63RD,2702,6300 S DAMEN AVENUE,12/29/2017,4,1164069.407943298,1862830.277442834,41.779226921,-87.674052731,"(41.77922692069256, -87.67405273137854)"
CENTRAL AND ADDISON,1682,3600 N CENTRAL AVENUE,12/29/2017,1,1138343.117435682,1923392.067464765,41.945919491,-87.766904594,"(41.945919490555106, -87.76690459426293)"
IRVING PARK AND KILPATRICK,2763,4700 W IRVING PARK ROA,12/29/2017,1,,,,,
STONEY ISLAND AND 79TH,2462,7900 S STONEY ISLAND,11/22/2016,7,1188181.571068297,1852908.934789311,41.751460603,-87.585971993,"(41.75146060316686, -87.5859719929647)"
HALSTED AND DIVISION,1714,800 W DIVISION,12/29/2017,3,1170767.827960358,1908259.644151662,41.903745557,-87.648167011,"(41.90374555734733, -87.64816701062779)"
CALIFORNIA AND DEVON,1323,2800 W DEVON AVENUE,12/29/2017,1,1156484.528078038,1942377.980662191,41.997669523,-87.699706423,"(41.99766952286052, -87.69970642324591)"
HALSTED AND FULLERTON,1704,800 W FULLERTON AVENUE,12/29/2017,3,1170525.624723311,1916208.443992778,41.925562791,-87.648823641,"(41.92556279107417, -87.64882364145232)"
99TH AND HALSTED,2433,800 W 99TH ST,12/29/2017,9,1172710.642565684,1839246.330602143,41.714323337,-87.643066714,"(41.71432333701137, -87.64306671421937)"
WESTERN AND CERMAK,1002,2200 S WESTERN AVENUE,12/29/2017,2,1160669.42562757,1889318.196820393,41.85198384,-87.685785704,"(41.85198383957328, -87.68578570420526)"
99TH AND HALSTED,2431,9900 S HALSTED ST,12/29/2017,2,1172689.754200318,1839171.652197216,41.714118868,-87.643145408,"(41.714118868089905, -87.64314540818165)"
SACRAMENTO AND CHICAGO,1812,800 N SACRAMENTO AVEN,12/29/2017,6,1156039.008141929,1905193.084100581,41.895640714,-87.702352328,"(41.89564071387542, -87.70235232767416)"
ELSTON AND LAWRENCE,1282,4800 N ELSTON AVENUE,12/29/2017,2,1145529.344259918,1931501.601268983,41.968039361,-87.740283894,"(41.96803936143674, -87.74028389448999)"
RIDGE AND CLARK,1052,5930 N CLARK STREET,12/29/2017,1,1164554.784723473,1939388.511516442,41.98929863,-87.670104121,"(41.98929863013193, -87.67010412112992)"
PULASKI AND 63RD,2343,4000 W 63RD ST,12/29/2017,1,1150768.346768175,1862564.615405259,41.77876739,-87.722823195,"(41.778767390084305, -87.72282319530368)"
CHICAGO AND CLARK,1963,100 W CHICAGO AVENUE,12/29/2017,7,1175374.528739575,1905745.47783364,41.896744347,-87.631321248,"(41.896744346875806, -87.63132124815151)"
LASALLE AND KINZIE,1921,400 N LASALLE,12/29/2017,3,1175028.579766798,1903002.552291359,41.889225372,-87.632674115,"(41.88922537162015, -87.63267411498495)"
VAN BUREN AND WESTERN,2054,2400 W VAN BUREN STREE,12/29/2017,5,,,,,
STONY ISLAND/CORNELL AND 67TH,2731,6700 S CORNELL DRIVE,12/29/2017,7,1188316.454860734,1860851.137456735,41.77325149,-87.5852246,"(41.77325148959568, -87.58522459967712)"
CICERO AND DIVERSEY,1694,4800 W DIVERSEY AVENUE,04/20/2017,1,1143869.848167704,1918226.043989398,41.93164142,-87.746719911,"(41.93164142040689, -87.7467199106462)"
55TH AND WESTERN,2213,2400 W 55TH STREET,07/23/2017,3,1161277.012730599,1868185.749490228,41.793981347,-87.684141741,"(41.7939813465735, -87.68414174128355)"
RIDGE AND CLARK,1051,5930 N CLARK STREET,07/23/2017,6,1164554.784723473,1939388.511516442,41.98929863,-87.670104121,"(41.98929863013193, -87.67010412112992)"
HOLLYWOOD AND SHERIDAN,1343,1000 W HOLLYWOOD AVE,07/23/2017,4,1168580.228926466,1938090.295189338,41.985649799,-87.655335807,"(41.98564979859328, -87.65533580655139)"
111TH AND HALSTED,2424,800 W 111TH ST,07/23/2017,5,1172945.404219168,1831282.917027882,41.692465363,-87.642440901,"(41.692465363421874, -87.64244090105778)"
55TH AND KEDZIE,2163,3200 W 55TH STREET,07/23/2017,2,1155966.956993183,1868015.593764152,41.793622803,-87.703618141,"(41.79362280329978, -87.70361814062049)"
ASHLAND AND DIVISION,1793,1600 W DIVISION STREET,07/23/2017,2,1165489.684200442,1908112.312963909,41.903455316,-87.667558994,"(41.903455316483814, -87.66755899396976)"
CLARK AND IRVING PARK,1091,4000 N CLARK STREET,07/23/2017,6,1166736.149822904,1926699.323624709,41.954432441,-87.662446259,"(41.95443244141688, -87.66244625914061)"
FULLERTON AND NARRAGANSETT,1553,6400 W FULLERTON AVENU,03/02/2017,2,1133317.594499059,1915293.661305931,41.923786189,-87.785567206,"(41.92378618871128, -87.78556720562165)"
KEDZIE AND 47TH,2104,3200 W 47TH ST,07/23/2017,4,1155815.231505056,1873336.169728074,41.808226246,-87.704031672,"(41.808226246244026, -87.70403167215984)"
SHERIDAN AND FOSTER,1134,1000 W FOSTER AVE,07/23/2017,11,1168689.247756979,1934758.578141654,41.976505116,-87.655031882,"(41.97650511595711, -87.65503188224778)"
WESTERN AND DEVON,1211,6400 N WESTERN AVENUE,07/23/2017,4,1159113.585759434,1942451.622367891,41.997817807,-87.690033035,"(41.997817807026, -87.69003303469276)"
FULLERTON AND NARRAGANSETT,1553,6400 W FULLERTON AVENU,07/23/2017,6,1133317.594499059,1915293.661305931,41.923786189,-87.785567206,"(41.92378618871128, -87.78556720562165)"
SHERIDAN AND FOSTER,1132,5200 N SHERIDAN ROAD,07/23/2017,1,1168661.623718229,1934753.842272756,41.976492721,-87.655133605,"(41.97649272077833, -87.65513360456677)"
ROOSEVELT AND KOSTNER,2321,1200 S KOSTNER,07/23/2017,3,1147196.304001978,1894305.883269746,41.865938839,-87.735108549,"(41.8659388389088, -87.73510854901264)"
KOSTNER AND NORTH,2013,4400 W NORTH,11/22/2016,6,1146738.551618032,1910309.595368032,41.909863573,-87.736380296,"(41.90986357340246, -87.73638029605371)"
IRVING PARK AND CALIFORNIA,1233,2800 W IRVING PARK ROA,07/23/2017,6,,,,,
HALSTED AND 95TH,2582,9500 S HALSTED STREET,07/23/2017,1,1172610.538363645,1841811.61926207,41.721365061,-87.643358042,"(41.72136506078306, -87.64335804234075)"
ROOSEVELT AND PULASKI,2311,1200 S PULASKI ROAD,07/23/2017,1,1149866.002247864,1894375.839200384,41.866079337,-87.725305995,"(41.86607933722178, -87.7253059948758)"
PULASKI AND DIVERSEY,1542,2800 N PULASKI ROAD,07/23/2017,6,1149200.724531183,1918332.222549679,41.931831026,-87.727126873,"(41.93183102561505, -87.72712687300454)"
IRVING PARK AND KILPATRICK,2763,4700 W IRVING PARK ROA,07/23/2017,3,,,,,
ARCHER AND CICERO,2081,5200 S CICERO AVE,03/18/2017,29,1145195.931989777,1869737.708306623,41.798558278,-87.743071866,"(41.798558278193305, -87.74307186616427)"
71ST AND ASHLAND,2391,7100 S ASHLAND,07/23/2017,5,1166868.379865725,1857616.168087255,41.764859382,-87.663940176,"(41.764859382425385, -87.66394017630476)"
WESTERN AND MARQUETTE,2672,6700 S WESTERN AVENUE,07/23/2017,7,1161488.747635042,1860134.788366884,41.771884028,-87.683588402,"(41.77188402771193, -87.68358840206334)"
KEDZIE AND 31ST,2134,3200 W 31ST STREET,07/23/2017,1,1155487.128005646,1883943.061106793,41.8373395,-87.704950558,"(41.83733950029648, -87.70495055800411)"
HAMLIN AND MADISON,1903,3800 W MADISON STREET,07/23/2017,17,1151032.709141294,1899784.033986533,41.880897273,-87.720881226,"(41.880897273491264, -87.72088122613924)"
FOSTER AND BROADWAY,1111,5200 N BROADWAY ST,07/23/2017,3,1167334.508577915,1934714.008346532,41.976412143,-87.660015082,"(41.97641214294823, -87.66001508205365)"
55TH and PULASKI,2244,4000 W 55TH ST,07/23/2017,3,1150621.676903861,1867864.274865394,41.793313334,-87.723223038,"(41.79331333358753, -87.72322303812588)"
LARAMIE AND FULLERTON,1421,2400 N LARAMIE AVENUE,07/23/2017,1,1141282.877477884,1915479.163971956,41.924151874,-87.756294662,"(41.92415187425276, -87.75629466175003)"
55TH AND WESTERN,2212,5500 S WESTERN AVE,07/23/2017,7,1161269.521335262,1867963.111601251,41.793370554,-87.684175377,"(41.79337055433029, -87.6841753767592)"
HALSTED AND DIVISION,1711,1200 N HALSTED,07/23/2017,7,1170746.639428735,1908242.256010774,41.903698308,-87.648245351,"(41.90369830765008, -87.64824535062563)"
75TH AND STATE,2621,7500 S STATE STREET,07/23/2017,21,1177538.763040612,1855235.551345519,41.758092176,-87.624902228,"(41.75809217638291, -87.6249022282473)"
WESTERN AND 63RD,2371,6300 S WESTERN AVE,07/23/2017,1,1161415.712688877,1862772.38856596,41.779123484,-87.683783099,"(41.77912348383963, -87.68378309863576)"
LAKE SHORE DR AND BELMONT,1413,400 W BELMONT AVE,07/23/2017,52,1172981.744869382,1921577.376128802,41.940241193,-87.639639114,"(41.94024119325571, -87.63963911427594)"
75TH AND STATE,2624,1 E 75TH STREET,07/23/2017,23,1177601.72646404,1855229.486604181,41.758074111,-87.624671658,"(41.75807411097799, -87.62467165835182)"
IRVING PARK AND NARRAGANSETT,1023,6400 W IRVING PK,07/23/2017,1,1132945.939118726,1925946.304925137,41.953024751,-87.786683238,"(41.95302475075328, -87.78668323766634)"
ELSTON AND IRVING PARK,1503,3700 W IRVING PARK ROA,07/23/2017,7,,,,,
LAKE SHORE DR AND BELMONT,1412,3200 N LAKESHORE DRIV,07/23/2017,10,1173053.220555078,1921821.380831705,41.940909163,-87.63936916,"(41.94090916326764, -87.63936915995522)"
ELSTON AND ADDISON,1402,3600 N ELSTON AVE,07/23/2017,2,1154106.95251778,1923731.036211081,41.946549165,-87.708952626,"(41.94654916480637, -87.70895262603513)"
IRVING PARK AND LARAMIE,1533,5200 W IRVING PARK ROA,07/23/2017,8,,,,,
OGDEN AND KOSTNER,2222,2348 S KOSTNER AVENUE,07/23/2017,6,1147394.548182079,1887795.177782082,41.848068845,-87.734547457,"(41.8480688449598, -87.73454745748458)"
PULASKI AND ARMITAGE,1843,4000 W ARMITAGE AVENUE,03/18/2017,3,1149375.428872108,1913028.984273181,41.917275069,-87.726622746,"(41.91727506940875, -87.72662274644799)"
4700 WESTERN,2142,4700 S WESTERN AVENUE,11/16/2016,4,1161120.438879703,1873431.066474726,41.808378408,-87.684570717,"(41.808378407946726, -87.68457071689552)"
LAWRENCE AND WESTERN,1193,2400 W LAWRENCE AVENUE,07/23/2017,7,1159482.648570304,1931851.989492596,41.968724349,-87.688968727,"(41.96872434882172, -87.68896872699601)"
79TH AND HALSTED,2541,7900 S HALSTED STREET,07/23/2017,1,1172298.707400847,1852444.344822186,41.750549559,-87.644188368,"(41.750549559438944, -87.64418836784098)"
PULASKI AND NORTH,1992,1600 N PULASKI AVENUE,07/23/2017,5,1149432.959240306,1910369.112502195,41.90997501,-87.726480523,"(41.909975010236906, -87.72648052306623)"
CICERO AND HARRISON,2022,600 S CICERO AVENUE,07/23/2017,13,1144444.97442848,1896894.622216872,41.873094833,-87.745143869,"(41.873094832519136, -87.74514386884542)"
LAWRENCE AND CICERO,1042,4800 N CICERO AVENUE,07/23/2017,12,1143464.651785526,1931490.551883203,41.968048007,-87.747875985,"(41.968048007293845, -87.74787598468126)"
WESTERN AND 63RD,2373,2400 W 63RD ST,05/08/2017,3,1161444.415758584,1862848.534703658,41.779331844,-87.683675761,"(41.77933184429814, -87.68367576084798)"
DIVISION AND DAMEN,1734,2000 W DIVISION,07/23/2017,7,1162815.710860194,1908034.672555531,41.903298793,-87.677383247,"(41.903298792681944, -87.67738324739636)"
HALSTED AND NORTH,1761,1600 N HALSTED STREET,05/08/2017,7,1170678.283433825,1910880.991397547,41.910940644,-87.648419043,"(41.91094064391597, -87.64841904272998)"
79TH AND KEDZIE,2443,3200 W 79TH ST,07/23/2017,4,1156402.644780165,1852104.649370984,41.749952001,-87.702448478,"(41.74995200142266, -87.70244847808695)"
ASHLAND AND 87TH,2452,8700 S ASHLAND AVE,07/23/2017,6,1167150.470087748,1846991.212339794,41.735696989,-87.663209544,"(41.73569698863625, -87.66320954445679)"
PULASKI AND FULLERTON,1484,4000 W FULLERTON AVE,07/23/2017,7,1149303.081963737,1915695.275222648,41.924593022,-87.726819268,"(41.92459302175305, -87.7268192684032)"
WESTERN AND TOUHY,1252,7200 N WESTERN AVENUE,07/23/2017,1,1158975.66256211,1947754.286963361,42.012371335,-87.690393917,"(42.012371334791766, -87.69039391737863)"
CICERO AND FULLERTON,1472,2400 N CICERO AVE,07/23/2017,5,1143961.592189569,1915545.343094087,41.92428359,-87.74645019,"(41.92428358982701, -87.74645019028947)"
ADDISON AND HARLEM,1593,7200 W ADDISON,07/23/2017,3,1127417.488447099,1923123.407710965,41.945373358,-87.807070326,"(41.94537335809189, -87.80707032561135)"
STONEY ISLAND AND 79TH,2462,7900 S STONEY ISLAND,07/23/2017,2,1188181.571068297,1852908.934789311,41.751460603,-87.585971993,"(41.75146060316686, -87.5859719929647)"
35TH AND WESTERN,2092,3500 S WESTERN,07/23/2017,3,1160894.949857101,1881376.851112895,41.830187255,-87.685177925,"(41.83018725526863, -87.68517792510231)"
MILWAUKEE AND MONTROSE,1364,5075 W MONTROSE AVENUE,03/02/2017,6,1141716.746618898,1928736.076639057,41.960522088,-87.754371424,"(41.96052208819935, -87.75437142402293)"
CICERO AND DIVERSEY,1691,2800 N CICERO AVENUE,07/23/2017,8,1143863.647574835,1918202.018463414,41.931575608,-87.746743301,"(41.93157560844622, -87.74674330113561)"
BROADWAY/SHERIDAN AND DEVON,1123,1200 W DEVON AVE,07/23/2017,3,1167109.644248166,1942688.147952186,41.998298228,-87.660611661,"(41.99829822771884, -87.66061166063517)"
WESTERN AND TOUHY,1251,7200 N WESTERN AVENUE,11/16/2016,1,1158975.66256211,1947754.286963361,42.012371335,-87.690393917,"(42.012371334791766, -87.69039391737863)"
PULASKI AND 63RD,2343,4000 W 63RD ST,07/23/2017,3,1150768.346768175,1862564.615405259,41.77876739,-87.722823195,"(41.778767390084305, -87.72282319530368)"
CICERO AND CHICAGO,1781,800 N CICERO AVENUE,07/23/2017,4,1144169.162482127,1904893.189220372,41.895049038,-87.745955516,"(41.89504903796389, -87.74595551626888)"
WESTERN AND 63RD,2373,2400 W 63RD ST,07/23/2017,2,1161444.415758584,1862848.534703658,41.779331844,-87.683675761,"(41.77933184429814, -87.68367576084798)"
KEDZIE AND 26TH,2381,2600 S KEDZIE AVENUE,07/23/2017,1,1155404.235510285,1886524.460033054,41.844424831,-87.705185452,"(41.84442483084393, -87.70518545233183)"
CLARK AND FULLERTON,1632,2400 N CLARK ST,11/22/2016,2,1172749.562209477,1916238.997132859,41.925597623,-87.640650973,"(41.925597623023144, -87.64065097309872)"
LARAMIE AND MADISON,2043,5200 W MADISON STREET,07/23/2017,5,1141706.965522802,1899567.55684314,41.880480752,-87.755130433,"(41.88048075170171, -87.75513043296509)"
PULASKI AND FOSTER,1104,4000 W FOSTER AVE,07/23/2017,7,1148759.16134887,1934294.249006446,41.975640616,-87.728335469,"(41.975640616231914, -87.72833546926573)"
PETERSON AND WESTERN,1011,6000 N WESTERN AVE,07/23/2017,4,1159190.625032041,1939816.75471116,41.990586042,-87.689822473,"(41.99058604241958, -87.68982247294417)"
55TH AND KEDZIE,2162,5500 S KEDZIE AVENUE,07/23/2017,1,1155945.854705238,1867941.621374192,41.793420237,-87.703697508,"(41.793420236755864, -87.70369750845424)"
CLARK AND IRVING PARK,1093,1300 W IRVING PARK ROAD,07/23/2017,9,1166777.545456989,1926719.73687357,41.954487567,-87.662293496,"(41.95448756687966, -87.66229349585691)"
HALSTED AND DIVISION,1714,800 W DIVISION,07/23/2017,7,1170767.827960358,1908259.644151662,41.903745557,-87.648167011,"(41.90374555734733, -87.64816701062779)"
CALIFORNIA AND PETERSON,1313,2800 W PETERSON AVENUE,07/23/2017,7,1156569.515341857,1939784.830544118,41.990552082,-87.699464396,"(41.990552081681564, -87.69946439622785)"
CORTLAND AND ASHLAND,1723,1600 W CORTLAND ST,07/23/2017,3,1165377.660768235,1912768.773647285,41.916235337,-87.667837772,"(41.91623533746878, -87.66783777212962)"
MILWAUKEE AND DEVON,1274,6400 W DEVON AVENUE,07/23/2017,2,1132590.619798275,1942138.532048656,41.997463981,-87.787610243,"(41.99746398102873, -87.78761024341388)"
LARAMIE AND FULLERTON,1424,5200 W FULLERTON AVENUE,07/23/2017,1,1141305.554932016,1915502.611239048,41.924215797,-87.756210755,"(41.92421579723144, -87.75621075458939)"
ASHLAND AND FULLERTON,1651,2400 N ASHLAND AVENUE,07/23/2017,16,1165228.073342838,1916032.319169157,41.92519389,-87.668294363,"(41.92519388981048, -87.66829436339881)"
MILWAUKEE AND DEVON,1272,6400 N MILWAUKEE AVEN,07/23/2017,1,1132463.750397878,1942107.911507627,41.997382173,-87.788077674,"(41.99738217345368, -87.78807767391953)"
KEDZIE AND 71ST,2352,7100 S KEDZIE AVENUE,07/23/2017,7,1156225.540366296,1857330.103443232,41.764295037,-87.702957162,"(41.764295036756856, -87.70295716211793)"
CENTRAL AND DIVERSEY,1642,2800 N CENTRAL AVENUE,03/18/2017,1,1138516.407377375,1918089.499227987,41.931365552,-87.766396529,"(41.93136555236339, -87.76639652879172)"
PULASKI AND BELMONT,1382,3200 N PULASKI RD,07/23/2017,1,1149125.621478734,1920994.556178086,41.939138154,-87.72733371,"(41.939138153500274, -87.7273337101426)"
WESTERN AND 79TH,2484,2400 W 79TH ST,07/23/2017,1,1161758.68085177,1852242.255513454,41.750220168,-87.682817693,"(41.75022016799851, -87.68281769253687)"
HALSTED AND FULLERTON,1704,800 W FULLERTON AVENUE,07/23/2017,5,1170525.624723311,1916208.443992778,41.925562791,-87.648823641,"(41.92556279107417, -87.64882364145232)"
HARLEM AND BELMONT,1394,7200 W BELMONT AVE,07/23/2017,1,1127504.698153561,1920475.415440844,41.938105479,-87.806809552,"(41.93810547939496, -87.80680955240743)"
STONEY ISLAND AND 79TH,2461,7900 S SOUTH CHICAGO AVE,07/23/2017,1,1188274.655498937,1852865.685797892,41.751339705,-87.585632266,"(41.751339704589455, -87.58563226565187)"
CICERO AND WASHINGTON,1891,100 N CICERO AVENUE,07/23/2017,14,1144328.984091479,1900095.170838459,41.88187971,-87.745489247,"(41.88187970991601, -87.7454892473012)"
HALSTED AND FULLERTON,1701,2400 N HALSTED STREET,07/23/2017,4,1170501.602639925,1916200.061550148,41.925540315,-87.648912156,"(41.925540315431995, -87.64891215551155)"
HAMLIN AND LAKE,1881,300 N HAMLIN AVENUE,07/23/2017,10,1150970.026856642,1901381.688308858,41.885282636,-87.721069539,"(41.88528263580913, -87.72106953854511)"
JEFFERY AND 95TH,2523,2000 E 95TH ST,07/23/2017,1,1191188.381103057,1842410.411853539,41.722579473,-87.575292523,"(41.722579473126416, -87.57529252250366)"
LAWRENCE AND WESTERN,1192,4800 N WESTERN AVENUE,07/23/2017,6,1159459.622430471,1931821.342623414,41.968640727,-87.689054241,"(41.96864072747715, -87.6890542408374)"
TOUHY AND OSCEOLA,1244,7432 W TOUHY AVENUE,07/23/2017,1,1125717.010560011,1947269.685461107,42.011661765,-87.812781431,"(42.01166176507329, -87.81278143114147)"
CENTRAL AND CHICAGO,1973,5600 W CHICAGO AVENUE,07/23/2017,2,1138858.856732452,1904825.827586656,41.894962293,-87.765460791,"(41.89496229349977, -87.76546079122906)"
CERMAK AND PULASKI,2332,2200 S PULASKI,07/23/2017,6,1150012.876838243,1889071.75851865,41.851521442,-87.724904787,"(41.85152144233116, -87.7249047867499)"
CICERO AND WASHINGTON,1892,100 N CICERO AVENUE,07/23/2017,16,1144328.984091479,1900095.170838459,41.88187971,-87.745489247,"(41.88187970991601, -87.7454892473012)"
DAMEN AND 63RD,2701,6300 S DAMEN AVENUE,07/23/2017,2,1164069.407943298,1862830.277442834,41.779226921,-87.674052731,"(41.77922692069256, -87.67405273137854)"
BELMONT AND KEDZIE,1373,3200 W BELMONT,07/23/2017,1,1154461.587940363,1921143.091003516,41.939440561,-87.707718516,"(41.93944056117365, -87.70771851630873)"
KEDZIE AND 71ST,2354,3200 W 71ST STREET,07/23/2017,4,1156246.862901455,1857404.014959868,41.764497433,-87.702877023,"(41.76449743256955, -87.70287702335861)"
CENTRAL AND LAKE,1743,5600 W LAKE STREET,07/23/2017,3,1138951.495695032,1902230.510465733,41.887838735,-87.765183663,"(41.887838735330206, -87.76518366338465)"
OGDEN AND KOSTNER,2223,4400 W OGDEN AVENUE,07/23/2017,10,1147406.592439224,1887689.099869462,41.847777523,-87.734505969,"(41.84777752280453, -87.73450596874825)"
CALIFORNIA AND DIVERSEY,1511,2800 N CALIFORNIA AVE,07/23/2017,4,1157189.355049829,1918495.644754069,41.932120719,-87.6977653,"(41.93212071910647, -87.69776530036465)"
LAWRENCE AND CICERO,1041,4800 N CICERO AVE,07/23/2017,8,1143464.651785526,1931490.551883203,41.968048007,-87.747875985,"(41.968048007293845, -87.74787598468126)"
STONEY ISLAND AND 76TH,2632,7600 S STONY ISLAND A,03/31/2017,16,1188092.796191935,1854889.354158304,41.756897173,-87.586234285,"(41.75689717260223, -87.58623428506996)"
PULASKI AND ARMITAGE,1844,4000 W ARMITAGE AVENUE,07/23/2017,1,1149375.428872108,1913028.984273181,41.917275069,-87.726622746,"(41.91727506940875, -87.72662274644799)"
CICERO AND PETERSON,1204,4800 W PETERSON AVENUE,07/23/2017,1,1143273.766829016,1939491.944645127,41.990008007,-87.748376951,"(41.99000800729908, -87.74837695118997)"
87TH AND VINCENNES,2412,8700 S VINCENNES,07/23/2017,11,1172026.328989535,1847142.496643776,41.736006565,-87.645341819,"(41.73600656458518, -87.64534181897955)"
111TH AND HALSTED,2422,11100 S HALSTED ST,07/23/2017,12,1172923.657689312,1831209.044179248,41.692263123,-87.642522688,"(41.692263123425136, -87.6425226876268)"
PULASKI AND IRVING PARK,1572,4000 N PULASKI ROAD,07/23/2017,1,1148970.255325552,1926313.600468643,41.953737051,-87.727766612,"(41.95373705144353, -87.72776661179896)"
PULASKI AND DIVISION,1802,1200 N PULASKI ROAD,07/23/2017,6,1149459.590666926,1907723.219884254,41.902713902,-87.726451457,"(41.902713901936174, -87.72645145715836)"
CICERO AND CHICAGO,1783,4800 W CHICAGO AVENUE,07/23/2017,7,1144175.291152764,1904916.255225279,41.895112219,-87.745932427,"(41.89511221857764, -87.74593242701515)"
COTTAGE GROVE AND 71ST,2571,7100 S COTTAGE GROVE,07/23/2017,1,1182746.23698699,1858088.011064538,41.765800351,-87.605729127,"(41.76580035131893, -87.6057291269901)"
ELSTON AND ADDISON,1403,3216 W ADDISON ST,03/18/2017,9,1154199.729816868,1923799.345386665,41.946734755,-87.708609774,"(41.946734754927796, -87.7086097735515)"
STATE AND 79TH,2654,1 E 79TH STREET,07/23/2017,39,1177680.113652821,1852598.313477786,41.750852096,-87.624463832,"(41.75085209551078, -87.62446383210285)"
CICERO AND 47TH,2204,4800 W 47TH ST,07/23/2017,11,1145130.048925744,1873078.44198302,41.807727017,-87.743229366,"(41.80772701677172, -87.74322936566276)"
CENTRAL AND LAKE,1742,400 N CENTRAL AVENUE,07/23/2017,1,1138928.478257537,1902217.926149854,41.887804621,-87.765268498,"(41.88780462053497, -87.76526849810371)"
63RD AND STATE,2712,6300 S STATE ST,07/23/2017,4,1177303.801895084,1863220.216755923,41.780008277,-87.625522512,"(41.78000827740796, -87.6255225119157)"
CLARK AND FULLERTON,1632,2400 N CLARK ST,07/23/2017,2,1172749.562209477,1916238.997132859,41.925597623,-87.640650973,"(41.925597623023144, -87.64065097309872)"
CICERO AND ADDISON,1612,3600 N CICERO AVENUE,07/23/2017,1,1143698.904601495,1923517.005821035,41.946163524,-87.747215169,"(41.94616352362556, -87.74721516897007)"
CHICAGO AND CLARK,1964,100 W CHICAGO AVENUE,07/23/2017,12,1175374.528739575,1905745.47783364,41.896744347,-87.631321248,"(41.896744346875806, -87.63132124815151)"
STONY ISLAND/CORNELL AND 67TH,2731,6700 S CORNELL DRIVE,07/23/2017,10,1188316.454860734,1860851.137456735,41.77325149,-87.5852246,"(41.77325148959568, -87.58522459967712)"
CALIFORNIA AND DEVON,1323,2800 W DEVON AVENUE,07/23/2017,3,1156484.528078038,1942377.980662191,41.997669523,-87.699706423,"(41.99766952286052, -87.69970642324591)"
ASHLAND AND 95TH,2472,9500 S ASHLAND AVENUE,07/23/2017,11,1167295.830128711,1841695.121217916,41.721160612,-87.662828139,"(41.72116061205213, -87.66282813939165)"
ASHLAND AND MADISON,1911,0 N ASHLAND AVE,07/23/2017,3,,,,,
