ROOSEVELT AND KOSTNER,2321,1200 S KOSTNER,01/22/2015,5,1147196.304001978,1894305.883269746,41.865938839,-87.735108549,"(41.8659388389088, -87.73510854901264)"
LAWRENCE AND WESTERN,1193,2400 W LAWRENCE AVENUE,01/18/2015,2,1159482.648570304,1931851.989492596,41.968724349,-87.688968727,"(41.96872434882172, -87.68896872699601)"
OGDEN AND KOSTNER,2223,4400 W OGDEN AVENUE,01/22/2015,4,1147406.592439224,1887689.099869462,41.847777523,-87.734505969,"(41.84777752280453, -87.73450596874825)"
ROOSEVELT AND HALSTED,2233,800 W ROOSEVELT ROAD,01/14/2015,5,1171199.282357741,1894968.056393724,41.867263098,-87.646972686,"(41.86726309836901, -87.64697268601648)"
PULASKI AND NORTH,1994,4000 W NORTH AVENUE,01/15/2015,1,1149456.2688422,1910376.774019002,41.909995582,-87.726394693,"(41.90999558160536, -87.72639469321471)"
CENTRAL AND ADDISON,1682,3600 N CENTRAL AVENUE,01/17/2015,4,1138343.117435682,1923392.067464765,41.945919491,-87.766904594,"(41.945919490555106, -87.76690459426293)"
55TH AND WESTERN,2213,2400 W 55TH STREET,01/20/2015,1,1161277.012730599,1868185.749490228,41.793981347,-87.684141741,"(41.7939813465735, -87.68414174128355)"
MILWAUKEE AND MONTROSE,1364,5075 W MONTROSE AVENUE,01/22/2015,3,1141716.746618898,1928736.076639057,41.960522088,-87.754371424,"(41.96052208819935, -87.75437142402293)"
COTTAGE GROVE AND 95TH,2603,800 E 95TH STREET,01/21/2015,4,1183230.529909316,1842186.614201556,41.722153939,-87.604447736,"(41.72215393877189, -87.60444773564429)"
75TH AND STATE,2621,7500 S STATE STREET,01/22/2015,4,1177538.763040612,1855235.551345519,41.758092176,-87.624902228,"(41.75809217638291, -87.6249022282473)"
KIMBALL AND DIVERSEY,1583,3400 W DIVERSEY AVENUE,01/22/2015,1,1153211.149172713,1918454.477800566,41.932087747,-87.71238583,"(41.932087747378944, -87.71238582951281)"
MONTROSE AND WESTERN,1221,4400 N WESTERN AVENUE,01/22/2015,1,1159539.733234718,1929183.918095502,41.961401846,-87.688832623,"(41.961401846278505, -87.6888326227788)"
HAMLIN AND LAKE,1882,300 N HAMLIN AVENUE,01/22/2015,5,1150970.026856642,1901381.688308858,41.885282636,-87.721069539,"(41.88528263580913, -87.72106953854511)"
WESTERN AND ARMITAGE,1861,2000 N WESTERN AVENUE,01/22/2015,2,1160006.66733459,1913226.418158186,41.917603818,-87.687557878,"(41.91760381794161, -87.68755787755686)"
VAN BUREN AND WESTERN,2054,2400 W VAN BUREN STREE,01/22/2015,4,,,,,
PULASKI AND DIVERSEY,1543,4000 W DIVERSEY AVENUE,01/22/2015,2,1149206.496130705,1918356.569267582,41.931897723,-87.72710503,"(41.9318977231462, -87.72710503045386)"
CICERO AND DIVERSEY,1694,4800 W DIVERSEY AVENUE,01/18/2015,1,1143869.848167704,1918226.043989398,41.93164142,-87.746719911,"(41.93164142040689, -87.7467199106462)"
DAMEN AND DIVERSEY,1462,2800 N DAMEN AVENUE,01/01/2015,4,1162490.04851994,1918611.623717091,41.932329494,-87.678282719,"(41.9323294940985, -87.67828271931386)"
WESTERN AND ADDISON,1563,2400 W ADDISON,01/22/2015,1,1159719.041544334,1923878.577275797,41.946839991,-87.688320193,"(41.9468399910054, -87.68832019252964)"
ASHLAND AND IRVING PARK,1153,1600 W IRVING PARK ROA,01/22/2015,2,,,,,
FULLERTON AND NARRAGANSETT,1554,6400 W FULLERTON AVENU,01/22/2015,3,1133317.594499059,1915293.661305931,41.923786189,-87.785567206,"(41.92378618871128, -87.78556720562165)"
PULASKI AND 63RD,2342,6300 S PULASKI RD,01/22/2015,1,1150746.00309079,1862516.747695325,41.778636469,-87.722906356,"(41.77863646878099, -87.72290635568541)"
63RD AND STATE,2712,6300 S STATE ST,01/22/2015,1,1177303.801895084,1863220.216755923,41.780008277,-87.625522512,"(41.78000827740796, -87.6255225119157)"
PERSHING AND WESTERN,2114,2400 W PERSHING ROAD,03/12/2015,2,1160957.773623189,1878793.434193427,41.82309676,-87.685018951,"(41.82309676016606, -87.68501895061576)"
KEDZIE AND 31ST,2134,3200 W 31ST STREET,03/12/2015,1,1155487.128005646,1883943.061106793,41.8373395,-87.704950558,"(41.83733950029648, -87.70495055800411)"
LAWRENCE AND WESTERN,1193,2400 W LAWRENCE AVENUE,03/12/2015,3,1159482.648570304,1931851.989492596,41.968724349,-87.688968727,"(41.96872434882172, -87.68896872699601)"
CENTRAL AND ADDISON,1683,5600 W ADDISON STREET,03/12/2015,1,1138349.663302502,1923416.02157061,41.945985104,-87.766879952,"(41.94598510430888, -87.76687995165918)"
CICERO AND CHICAGO,1781,800 N CICERO AVENUE,02/22/2015,8,1144169.162482127,1904893.189220372,41.895049038,-87.745955516,"(41.89504903796389, -87.74595551626888)"
WESTERN AND PRATT,1302,6800 N WESTERN AVENUE,03/03/2015,2,1159043.160898631,1945096.218978482,42.005076123,-87.69021903,"(42.00507612272344, -87.69021903022175)"
JEFFERY AND 95TH,2523,2000 E 95TH ST,01/23/2015,1,1191188.381103057,1842410.411853539,41.722579473,-87.575292523,"(41.722579473126416, -87.57529252250366)"
83RD AND STONY ISLAND,2562,8300 S STONY ISLAND A,01/23/2015,6,1188212.052384068,1850245.675393851,41.744151639,-87.585945067,"(41.744151639041974, -87.58594506695293)"
WESTERN AND TOUHY,1252,7200 N WESTERN AVENUE,01/23/2015,1,1158975.66256211,1947754.286963361,42.012371335,-87.690393917,"(42.012371334791766, -87.69039391737863)"
WESTERN AND PRATT,1301,6800 N WESTERN AVENUE,01/23/2015,5,1159043.160898631,1945096.218978482,42.005076123,-87.69021903,"(42.00507612272344, -87.69021903022175)"
DIVERSEY AND WESTERN,1431,2800 N WESTERN AVENUE,01/23/2015,2,1159837.205417355,1918550.506189309,41.932216988,-87.688033281,"(41.93221698794738, -87.68803328089533)"
HALSTED AND 63RD,2692,6300 S HALSTED STREET,01/23/2015,1,1172011.176373021,1863049.419962901,41.7796575,-87.644930993,"(41.77965750036339, -87.64493099278877)"
HALSTED AND 103RD,2593,800 W 103RD STREET,01/23/2015,1,1172778.570616036,1836587.755252818,41.70702632,-87.642896007,"(41.707026319812215, -87.64289600741817)"
WESTERN AND CHICAGO,1943,2400 W CHICAGO AVE,01/23/2015,1,1160226.686812944,1905300.904544474,41.895851041,-87.686968935,"(41.895851041123755, -87.68696893468467)"
KOSTNER AND NORTH,2012,4400 W GRAND AVE,01/23/2015,4,1146773.519128439,1910425.663958581,41.91018141,-87.73624887,"(41.910181409597406, -87.73624887040725)"
MILWAUKEE AND DEVON,1274,6400 W DEVON AVENUE,01/23/2015,5,1132590.619798275,1942138.532048656,41.997463981,-87.787610243,"(41.99746398102873, -87.78761024341388)"
COTTAGE GROVE AND 71ST,2572,7100 S COTTAGE GROVE,01/23/2015,3,1182746.23698699,1858088.011064538,41.765800351,-87.605729127,"(41.76580035131893, -87.6057291269901)"
WESTERN AND TOUHY,1251,7200 N WESTERN AVENUE,01/23/2015,4,1158975.66256211,1947754.286963361,42.012371335,-87.690393917,"(42.012371334791766, -87.69039391737863)"
ASHLAND AND DIVERSEY,1621,2800 N ASHLAND AVENUE,01/23/2015,17,1165139.964068357,1918674.245501741,41.932445362,-87.66854285,"(41.93244536200095, -87.6685428496422)"
CICERO AND WASHINGTON,1891,100 N CICERO AVENUE,01/23/2015,2,1144328.984091479,1900095.170838459,41.88187971,-87.745489247,"(41.88187970991601, -87.7454892473012)"
WESTERN AND 79TH,2481,7900 S WESTERN AVE,01/23/2015,4,1161711.516404028,1852181.685686118,41.750054934,-87.682992203,"(41.750054933649984, -87.68299220290213)"
JEFFERY AND 79TH,2663,2000 E 79TH STREET,01/23/2015,1,1190922.804327671,1853026.181924232,41.751716559,-87.575923074,"(41.751716559267784, -87.57592307446549)"
HALSTED AND FULLERTON,1704,800 W FULLERTON AVENUE,01/23/2015,4,1170525.624723311,1916208.443992778,41.925562791,-87.648823641,"(41.92556279107417, -87.64882364145232)"
CORNELL DRIVE AND 57TH,2182,5700 S CORNELL DRIVE,01/23/2015,4,1188165.732740433,1867529.196427323,41.791580204,-87.585564215,"(41.79158020433135, -87.58556421519536)"
GARFIELD AND ASHLAND,2272,5500 S ASHLAND AVENUE,01/23/2015,1,1166573.960309557,1868083.777885787,41.793590116,-87.664720996,"(41.793590115883404, -87.66472099593501)"
CICERO AND I55,2251,4200 S CICERO AVENUE,01/23/2015,16,1145023.742859509,1876358.276835519,41.816729387,-87.743536712,"(41.81672938674739, -87.74353671247594)"
WESTERN AND CERMAK,1002,2200 S WESTERN AVENUE,01/23/2015,1,1160669.42562757,1889318.196820393,41.85198384,-87.685785704,"(41.85198383957328, -87.68578570420526)"
FOSTER AND BROADWAY,1113,1200 W FOSTER AVE,01/23/2015,2,1167357.095930752,1934721.393266777,41.97643192,-87.659931806,"(41.97643192018459, -87.65993180604016)"
CICERO AND CHICAGO,1781,800 N CICERO AVENUE,01/23/2015,3,1144169.162482127,1904893.189220372,41.895049038,-87.745955516,"(41.89504903796389, -87.74595551626888)"
ARCHER AND CICERO,2081,5200 S CICERO AVE,01/23/2015,20,1145195.931989777,1869737.708306623,41.798558278,-87.743071866,"(41.798558278193305, -87.74307186616427)"
87TH AND VINCENNES,2412,8700 S VINCENNES,01/23/2015,3,1172026.328989535,1847142.496643776,41.736006565,-87.645341819,"(41.73600656458518, -87.64534181897955)"
CENTRAL AND IRVING PARK,1182,4000 N CENTRAL AVENUE,01/23/2015,4,1138258.614129764,1926071.172884932,41.953272751,-87.767150151,"(41.95327275103541, -87.76715015131407)"
HALSTED AND NORTH,1761,1600 N HALSTED STREET,01/23/2015,3,1170678.283433825,1910880.991397547,41.910940644,-87.648419043,"(41.91094064391597, -87.64841904272998)"
WESTERN AND ADDISON,1562,3600 N WESTERN AVENUE,01/23/2015,3,1159695.573342728,1923871.086283556,41.94681992,-87.688406662,"(41.94681991986288, -87.68840666206194)"
HOLLYWOOD AND SHERIDAN,1343,1000 W HOLLYWOOD AVE,01/23/2015,3,1168580.228926466,1938090.295189338,41.985649799,-87.655335807,"(41.98564979859328, -87.65533580655139)"
PULASKI AND DIVERSEY,1543,4000 W DIVERSEY AVENUE,01/23/2015,1,1149206.496130705,1918356.569267582,41.931897723,-87.72710503,"(41.9318977231462, -87.72710503045386)"
ROOSEVELT AND KOSTNER,2323,4400 W ROOSEVELT,01/23/2015,5,1147200.963258796,1894379.538078088,41.866140868,-87.73508956,"(41.866140867641654, -87.73508956008207)"
WESTERN AND DEVON,1211,6400 N WESTERN AVENUE,01/23/2015,1,1159113.585759434,1942451.622367891,41.997817807,-87.690033035,"(41.997817807026, -87.69003303469276)"
ELSTON AND IRVING PARK,1503,3700 W IRVING PARK ROA,01/23/2015,3,,,,,
WESTERN AND 51ST,2172,5100 S WESTERN BLVD,01/23/2015,3,1161345.691274872,1870773.193852299,41.801080204,-87.683818209,"(41.801080203554356, -87.68381820888895)"
HALSTED AND 83RD,2642,8300 S HALSTED STREET,01/23/2015,7,1172378.202798089,1849790.199606783,41.743264491,-87.64397498,"(41.743264490643654, -87.64397498015705)"
IRVING PARK AND CALIFORNIA,1233,2800 W IRVING PARK ROA,09/18/2014,3,,,,,
VINCENNES AND 111TH,2532,11100 S VINCENNES AVE,01/23/2015,5,1167202.128381332,1831126.639262444,41.692160999,-87.663472469,"(41.69216099874656, -87.66347246868617)"
STONEY ISLAND AND 76TH,2632,7600 S STONY ISLAND A,01/23/2015,6,1188092.796191935,1854889.354158304,41.756897173,-87.586234285,"(41.75689717260223, -87.58623428506996)"
ASHLAND AND FULLERTON,1651,2400 N ASHLAND AVENUE,01/23/2015,5,1165228.073342838,1916032.319169157,41.92519389,-87.668294363,"(41.92519388981048, -87.66829436339881)"
31ST ST AND MARTIN LUTHER KING DRIVE,2123,400 E 31ST STREET,01/23/2015,1,1179437.985396417,1884565.84226022,41.838534018,-87.617046113,"(41.838534018118914, -87.61704611345726)"
83RD AND STONY ISLAND,2563,1600 E 83RD STREET,01/23/2015,4,1188383.194217679,1850307.01299095,41.744315875,-87.585316041,"(41.74431587464464, -87.58531604125469)"
WENTWORTH AND GARFIELD,2264,200 W GARFIELD BLVD,01/23/2015,12,1175889.574397302,1868551.750512227,41.794670385,-87.630547476,"(41.79467038468937, -87.63054747605638)"
63RD AND STATE,2714,1 E 63RD ST,01/23/2015,3,1177367.518733101,1863199.17768559,41.779949105,-87.625289553,"(41.779949104569106, -87.62528955333775)"
CENTRAL AND LAKE,1742,400 N CENTRAL AVENUE,01/23/2015,3,1138928.478257537,1902217.926149854,41.887804621,-87.765268498,"(41.88780462053497, -87.76526849810371)"
DIVISION AND DAMEN,1733,2000 W DIVISION,01/23/2015,6,1162815.710860194,1908034.672555531,41.903298793,-87.677383247,"(41.903298792681944, -87.67738324739636)"
MADISON AND CENTRAL,1751,0 S CENTRAL AVENUE,01/23/2015,3,,,,,
ASHLAND AND IRVING PARK,1153,1600 W IRVING PARK ROA,01/23/2015,1,,,,,
CICERO AND CHICAGO,1783,4800 W CHICAGO AVENUE,01/23/2015,4,1144175.291152764,1904916.255225279,41.895112219,-87.745932427,"(41.89511221857764, -87.74593242701515)"
CICERO AND FULLERTON,1472,2400 N CICERO AVE,01/23/2015,4,1143961.592189569,1915545.343094087,41.92428359,-87.74645019,"(41.92428358982701, -87.74645019028947)"
ADDISON AND HARLEM,1591,3600 N HARLEM AVENUE,01/23/2015,2,1127394.594070737,1923110.532422811,41.945338412,-87.807154769,"(41.94533841246591, -87.80715476912044)"
HARLEM AND NORTHWEST HWY,1082,6400 N HARLEM AVE,01/23/2015,1,1127335.21218179,1941943.442727776,41.997018918,-87.806947715,"(41.99701891845275, -87.8069477154956)"
55TH and PULASKI,2244,4000 W 55TH ST,01/23/2015,1,1150621.676903861,1867864.274865394,41.793313334,-87.723223038,"(41.79331333358753, -87.72322303812588)"
ASHLAND AND ARCHER,2301,3100 S ASHLAND AVENUE,01/23/2015,4,1166131.325337548,1884126.42490739,41.837622344,-87.665887181,"(41.83762234415814, -87.66588718054551)"
ASHLAND AND 95TH,2473,1600 W 95TH STREET,01/23/2015,1,1167323.753394196,1841755.029221382,41.721324412,-87.662724153,"(41.721324411975246, -87.66272415265087)"
CANAL AND ROOSEVELT,2294,500 W ROOSEVELT ROAD,01/23/2015,5,1173290.72186561,1895021.166235495,41.867362693,-87.639293195,"(41.867362692616666, -87.63929319464197)"
CENTRAL AND ADDISON,1683,5600 W ADDISON STREET,01/23/2015,3,1138349.663302502,1923416.02157061,41.945985104,-87.766879952,"(41.94598510430888, -87.76687995165918)"
STONY ISLAND/CORNELL AND 67TH,2731,6700 S CORNELL DRIVE,01/23/2015,9,1188316.454860734,1860851.137456735,41.77325149,-87.5852246,"(41.77325148959568, -87.58522459967712)"
CICERO AND HARRISON,2023,4800 W HARRISON STREET,01/23/2015,2,1144451.867388303,1896949.561959463,41.873245464,-87.745117179,"(41.873245464379586, -87.7451171788807)"
ASHLAND AND ARCHER,2302,3100 S ARCHER AVENUE,01/23/2015,4,1166129.031970482,1884166.613649776,41.837732675,-87.66589445,"(41.83773267497158, -87.66589444999927)"
HOMAN/KIMBALL AND NORTH,1771,1600 N HOMAN AVENUE,01/23/2015,1,,,,,
ASHLAND AND 63RD,2681,6300 S ASHLAND AVE,01/23/2015,2,1166711.252809567,1862903.630015878,41.77937222,-87.664365347,"(41.77937222048469, -87.66436534741581)"
AUSTIN AND IRVING PARK,1161,4000 N AUSTIN AVENUE,01/23/2015,1,1135599.956110927,1926006.862619986,41.953144059,-87.776925284,"(41.95314405904539, -87.77692528423394)"
HAMLIN AND LAKE,1882,300 N HAMLIN AVENUE,01/23/2015,2,1150970.026856642,1901381.688308858,41.885282636,-87.721069539,"(41.88528263580913, -87.72106953854511)"
ELSTON AND ADDISON,1402,3600 N ELSTON AVE,01/23/2015,2,1154106.95251778,1923731.036211081,41.946549165,-87.708952626,"(41.94654916480637, -87.70895262603513)"
PULASKI AND FOSTER,1102,5200 N PULASKI RD,01/23/2015,1,1148746.251286324,1934286.914361976,41.97562074,-87.728383135,"(41.97562073966174, -87.72838313514907)"
STONEY ISLAND AND 79TH,2462,7900 S STONEY ISLAND,01/23/2015,5,1188181.571068297,1852908.934789311,41.751460603,-87.585971993,"(41.75146060316686, -87.5859719929647)"
63RD AND STATE,2712,6300 S STATE ST,01/23/2015,1,1177303.801895084,1863220.216755923,41.780008277,-87.625522512,"(41.78000827740796, -87.6255225119157)"
CALIFORNIA AND DIVERSEY,1514,2800 W DIVERSEY,01/23/2015,29,1157212.54253358,1918526.674434943,41.932205395,-87.697679244,"(41.93220539506452, -87.6976792438691)"
PULASKI AND FOSTER,1104,4000 W FOSTER AVE,01/23/2015,2,1148759.16134887,1934294.249006446,41.975640616,-87.728335469,"(41.975640616231914, -87.72833546926573)"
HALSTED AND FULLERTON,1701,2400 N HALSTED STREET,01/23/2015,1,1170501.602639925,1916200.061550148,41.925540315,-87.648912156,"(41.925540315431995, -87.64891215551155)"
99TH AND HALSTED,2431,9900 S HALSTED ST,01/23/2015,6,1172689.754200318,1839171.652197216,41.714118868,-87.643145408,"(41.714118868089905, -87.64314540818165)"
KEDZIE AND 26TH,2382,2600 S KEDZIE AVENUE,01/23/2015,2,1155404.235510285,1886524.460033054,41.844424831,-87.705185452,"(41.84442483084393, -87.70518545233183)"
CENTRAL AND IRVING PARK,1183,5600 W IRVING PARK ROAD,01/23/2015,2,1138281.535484986,1926078.647777633,41.953292847,-87.767065708,"(41.953292847298, -87.76706570775266)"
HALSTED AND 95TH,2582,9500 S HALSTED STREET,01/23/2015,1,1172610.538363645,1841811.61926207,41.721365061,-87.643358042,"(41.72136506078306, -87.64335804234075)"
PULASKI AND ARMITAGE,1843,4000 W ARMITAGE AVENUE,01/23/2015,1,1149375.428872108,1913028.984273181,41.917275069,-87.726622746,"(41.91727506940875, -87.72662274644799)"
STONEY ISLAND AND 76TH,2631,7600 S STONY ISLAND A,01/23/2015,8,1188092.796191935,1854889.354158304,41.756897173,-87.586234285,"(41.75689717260223, -87.58623428506996)"
ROOSEVELT AND HALSTED,2234,800 W ROOSEVELT ROAD,01/23/2015,12,1171199.282357741,1894968.056393724,41.867263098,-87.646972686,"(41.86726309836901, -87.64697268601648)"
55TH AND WESTERN,2212,5500 S WESTERN AVE,01/23/2015,6,1161269.521335262,1867963.111601251,41.793370554,-87.684175377,"(41.79337055433029, -87.6841753767592)"
CICERO AND 47TH,2204,4800 W 47TH ST,01/23/2015,5,1145130.048925744,1873078.44198302,41.807727017,-87.743229366,"(41.80772701677172, -87.74322936566276)"
CORNELL DRIVE AND 57TH,2181,5700 S CORNELL DRIVE,01/23/2015,3,1188165.732740433,1867529.196427323,41.791580204,-87.585564215,"(41.79158020433135, -87.58556421519536)"
ASHLAND AND MADISON,1911,0 N ASHLAND AVE,01/23/2015,4,,,,,
MILWAUKEE AND DEVON,1272,6400 N MILWAUKEE AVEN,01/23/2015,4,1132463.750397878,1942107.911507627,41.997382173,-87.788077674,"(41.99738217345368, -87.78807767391953)"
111TH AND HALSTED,2422,11100 S HALSTED ST,01/23/2015,12,1172923.657689312,1831209.044179248,41.692263123,-87.642522688,"(41.692263123425136, -87.6425226876268)"
STATE AND 79TH,2654,1 E 79TH STREET,01/23/2015,17,1177680.113652821,1852598.313477786,41.750852096,-87.624463832,"(41.75085209551078, -87.62446383210285)"
IRVING PARK AND LARAMIE,1534,5200 W IRVING PARK ROA,01/23/2015,4,,,,,
CALIFORNIA AND DEVON,1323,2800 W DEVON AVENUE,01/23/2015,1,1156484.528078038,1942377.980662191,41.997669523,-87.699706423,"(41.99766952286052, -87.69970642324591)"
HALSTED AND 103RD,2592,10300 S HALSTED STREE,01/23/2015,2,,,,,
HALSTED AND MADISON,1871,1 S HALSTED STREET,01/23/2015,3,1171092.392868784,1900234.542088741,41.881717056,-87.647210539,"(41.88171705561901, -87.64721053920604)"
BROADWAY/SHERIDAN AND DEVON,1122,6400 N SHERIDAN ROAD,01/23/2015,7,1167087.151194129,1942658.704988689,41.998217921,-87.660695256,"(41.99821792053241, -87.6606952555721)"
CHICAGO AND CLARK,1963,100 W CHICAGO AVENUE,01/23/2015,2,1175374.528739575,1905745.47783364,41.896744347,-87.631321248,"(41.896744346875806, -87.63132124815151)"
HARLEM AND BELMONT,1391,3200 N HARLEM AVE,01/23/2015,4,1127481.020995451,1920467.613239239,41.938084468,-87.806896749,"(41.93808446822169, -87.80689674887883)"
LINCOLN AND MCCORMICK,2751,6200 N LINCOLN AVENUE,01/23/2015,4,1152551.008921873,1941175.933038791,41.994450004,-87.714208439,"(41.9944500041165, -87.71420843920934)"
WESTERN AND PRATT,1302,6800 N WESTERN AVENUE,01/23/2015,5,1159043.160898631,1945096.218978482,42.005076123,-87.69021903,"(42.00507612272344, -87.69021903022175)"
LARAMIE AND MADISON,2043,5200 W MADISON STREET,01/23/2015,9,1141706.965522802,1899567.55684314,41.880480752,-87.755130433,"(41.88048075170171, -87.75513043296509)"
IRVING PARK AND NARRAGANSETT,1024,6400 W IRVING PK,01/23/2015,2,1132945.939118726,1925946.304925137,41.953024751,-87.786683238,"(41.95302475075328, -87.78668323766634)"
LAFAYETTE AND 87TH,2503,30 W 87TH STREET,01/23/2015,9,1177407.651800237,1847320.772058312,41.736376037,-87.625621311,"(41.736376036604916, -87.62562131092602)"
31ST AND CALIFORNIA,2064,2800 W 31ST,09/25/2014,1,,,,,
LARAMIE AND MADISON,2044,5200 W MADISON STREET,01/23/2015,11,1141706.965522802,1899567.55684314,41.880480752,-87.755130433,"(41.88048075170171, -87.75513043296509)"
PULASKI AND IRVING PARK,1574,4000 W IRVING PARK RD,01/23/2015,4,1148988.727877253,1926320.954938409,41.953756874,-87.727698513,"(41.95375687447515, -87.72769851312907)"
ASHLAND AND LAWRENCE,1142,4800 N ASHLAND AVENUE,01/23/2015,1,1164751.686785145,1932001.206626392,41.96902343,-87.669590434,"(41.969023429614026, -87.66959043354217)"
STONY ISLAND/CORNELL AND 67TH,2721,6700 S STONY ISLAND A,01/23/2015,6,1187984.143047539,1860863.338367666,41.773292896,-87.586442368,"(41.77329289585066, -87.58644236831432)"
PERSHING AND WESTERN,2114,2400 W PERSHING ROAD,01/23/2015,1,1160957.773623189,1878793.434193427,41.82309676,-87.685018951,"(41.82309676016606, -87.68501895061576)"
CICERO AND NORTH,2033,4800 W NORTH AVENUE,01/23/2015,5,1144053.733747163,1910243.80567041,41.90973389,-87.746244973,"(41.909733890131285, -87.74624497295898)"
LAWRENCE AND WESTERN,1193,2400 W LAWRENCE AVENUE,01/23/2015,3,1159482.648570304,1931851.989492596,41.968724349,-87.688968727,"(41.96872434882172, -87.68896872699601)"
35TH AND WESTERN,2092,3500 S WESTERN,01/23/2015,2,1160894.949857101,1881376.851112895,41.830187255,-87.685177925,"(41.83018725526863, -87.68517792510231)"
ROOSEVELT AND HALSTED,2233,800 W ROOSEVELT ROAD,01/23/2015,7,1171199.282357741,1894968.056393724,41.867263098,-87.646972686,"(41.86726309836901, -87.64697268601648)"
KOSTNER AND NORTH,2013,4400 W NORTH,01/23/2015,3,1146738.551618032,1910309.595368032,41.909863573,-87.736380296,"(41.90986357340246, -87.73638029605371)"
79TH AND KEDZIE,2443,3200 W 79TH ST,01/23/2015,4,1156402.644780165,1852104.649370984,41.749952001,-87.702448478,"(41.74995200142266, -87.70244847808695)"
PULASKI AND DIVISION,1801,1200 N PULASKI ROAD,01/23/2015,3,1149459.590666926,1907723.219884254,41.902713902,-87.726451457,"(41.902713901936174, -87.72645145715836)"
HALSTED AND 83RD,2641,8300 S HALSTED STREET,01/23/2015,2,1172378.202798089,1849790.199606783,41.743264491,-87.64397498,"(41.743264490643654, -87.64397498015705)"
FULLERTON AND NARRAGANSETT,1554,6400 W FULLERTON AVENU,01/23/2015,7,1133317.594499059,1915293.661305931,41.923786189,-87.785567206,"(41.92378618871128, -87.78556720562165)"
CICERO AND I55,2252,4200 S CICERO AVENUE,01/23/2015,3,1145023.742859509,1876358.276835519,41.816729387,-87.743536712,"(41.81672938674739, -87.74353671247594)"
HALSTED AND NORTH,1764,800 W NORTH AVENUE,01/23/2015,3,1170700.68422007,1910913.190749698,41.91102851,-87.648335806,"(41.91102850981186, -87.64833580602037)"
PULASKI AND BELMONT,1382,3200 N PULASKI RD,01/23/2015,5,1149125.621478734,1920994.556178086,41.939138154,-87.72733371,"(41.939138153500274, -87.7273337101426)"
71ST AND ASHLAND,2394,1600 W 71ST,01/23/2015,6,1166890.012333149,1857674.2502247,41.765018306,-87.66385923,"(41.76501830555763, -87.66385923012646)"
SACRAMENTO AND CHICAGO,1814,3000 W CHICAGO AVENUE,01/23/2015,1,1156075.266375505,1905216.604770718,41.895704525,-87.702218524,"(41.895704524946225, -87.70221852353758)"
CICERO AND 47TH,2202,4700 S CICERO AVE,01/23/2015,1,1145112.150373471,1873006.659918126,41.807530373,-87.743296821,"(41.80753037289406, -87.7432968212423)"
CICERO AND ADDISON,1612,3600 N CICERO AVENUE,01/23/2015,2,1143698.904601495,1923517.005821035,41.946163524,-87.747215169,"(41.94616352362556, -87.74721516897007)"
CERMAK AND PULASKI,2332,2200 S PULASKI,01/23/2015,3,1150012.876838243,1889071.75851865,41.851521442,-87.724904787,"(41.85152144233116, -87.7249047867499)"
MILWAUKEE AND MONTROSE,1362,4400 N MILWAUKEE AVEN,01/23/2015,2,1141643.943268783,1928770.256316239,41.96061723,-87.75463824,"(41.9606172296957, -87.75463824007085)"
BLUE ISLAND AND DAMEN,2283,2416 S BLUE ISLAND AV,01/23/2015,1,1163271.402680135,1888053.313412189,41.848458633,-87.676271269,"(41.848458633352884, -87.67627126912292)"
DAMEN AND FULLERTON,1662,2400 N DAMEN AVE,01/23/2015,1,1162574.442800845,1915955.081657831,41.925038006,-87.678047191,"(41.925038006410325, -87.67804719101314)"
COLUMBUS AND ILLINOIS,1952,500 N COLUMBUS DRIVE,01/23/2015,4,1178372.808407292,1903693.06016042,41.891044569,-87.620371839,"(41.891044569124276, -87.620371839074)"
PULASKI AND DIVISION,1802,1200 N PULASKI ROAD,01/23/2015,3,1149459.590666926,1907723.219884254,41.902713902,-87.726451457,"(41.902713901936174, -87.72645145715836)"
CICERO AND DIVERSEY,1694,4800 W DIVERSEY AVENUE,01/23/2015,4,1143869.848167704,1918226.043989398,41.93164142,-87.746719911,"(41.93164142040689, -87.7467199106462)"
KIMBALL AND DIVERSEY,1581,2800 N KIMBALL AVENUE,01/23/2015,2,,,,,
WESTERN AND CHICAGO,1941,800 N WESTERN AVE,01/23/2015,1,1160220.967978608,1905277.507115921,41.895786955,-87.686990586,"(41.89578695485361, -87.68699058611217)"
CLARK AND FULLERTON,1632,2400 N CLARK ST,01/23/2015,5,1172749.562209477,1916238.997132859,41.925597623,-87.640650973,"(41.925597623023144, -87.64065097309872)"
IRVING PARK AND KILPATRICK,2764,4700 W IRVING PARK ROA,09/21/2014,13,,,,,
CICERO AND WASHINGTON,1892,100 N CICERO AVENUE,01/23/2015,3,1144328.984091479,1900095.170838459,41.88187971,-87.745489247,"(41.88187970991601, -87.7454892473012)"
DAMEN AND DIVERSEY,1464,2000 W DIVERSEY PARKWAY,01/23/2015,1,1162519.714934025,1918635.417634925,41.932394164,-87.678173031,"(41.93239416403691, -87.67817303087757)"
KEDZIE AND ARMITAGE,1832,2000 N KEDZIE AVENUE,01/23/2015,4,1154684.031809326,1913129.496340896,41.917446172,-87.707116072,"(41.91744617191702, -87.70711607187832)"
71ST AND ASHLAND,2391,7100 S ASHLAND,01/23/2015,4,1166868.379865725,1857616.168087255,41.764859382,-87.663940176,"(41.764859382425385, -87.66394017630476)"
ASHLAND AND FULLERTON,1652,2400 N ASHLAND AVENUE,01/23/2015,6,1165228.073342838,1916032.319169157,41.92519389,-87.668294363,"(41.92519388981048, -87.66829436339881)"
55TH and PULASKI,2242,5500 S PULASKI,01/23/2015,3,1150600.072649439,1867806.44512718,41.793155061,-87.723303765,"(41.793155060731024, -87.72330376464247)"
ASHLAND AND 87TH,2454,1600 W 87TH ST,01/23/2015,9,1167171.941297436,1847064.855345151,41.735898617,-87.663128781,"(41.735898617066006, -87.66312878090133)"
ASHLAND AND 95TH,2472,9500 S ASHLAND AVENUE,01/23/2015,2,1167295.830128711,1841695.121217916,41.721160612,-87.662828139,"(41.72116061205213, -87.66282813939165)"
PULASKI AND PETERSON,1263,4000 W PETERSON AVENUE,01/23/2015,8,1148618.560490339,1939615.133928395,41.990244186,-87.728714391,"(41.99024418564742, -87.7287143910091)"
4700 WESTERN,2142,4700 S WESTERN AVENUE,01/23/2015,4,1161120.438879703,1873431.066474726,41.808378408,-87.684570717,"(41.808378407946726, -87.68457071689552)"
IRVING PARK AND KEDZIE,1353,3200 W IRVING PARK ROAD,01/23/2015,4,1154325.140302006,1926458.463197156,41.954029047,-87.708077494,"(41.95402904691877, -87.70807749383191)"
HARLEM AND NORTHWEST HWY,1081,6400 N HARLEM AVE,01/23/2015,2,1127335.21218179,1941943.442727776,41.997018918,-87.806947715,"(41.99701891845275, -87.8069477154956)"
HARLEM AND BELMONT,1394,7200 W BELMONT AVE,01/23/2015,2,1127504.698153561,1920475.415440844,41.938105479,-87.806809552,"(41.93810547939496, -87.80680955240743)"
ASHLAND AND 87TH,2452,8700 S ASHLAND AVE,01/23/2015,1,1167150.470087748,1846991.212339794,41.735696989,-87.663209544,"(41.73569698863625, -87.66320954445679)"
STONEY ISLAND AND 79TH,2461,7900 S SOUTH CHICAGO AVE,01/23/2015,2,1188274.655498937,1852865.685797892,41.751339705,-87.585632266,"(41.751339704589455, -87.58563226565187)"
ELSTON AND FOSTER,1062,5200 N ELSTON AVENUE,01/23/2015,2,1142327.864249356,1934110.317720717,41.975258095,-87.751990557,"(41.97525809526954, -87.75199055715778)"
CALIFORNIA AND PETERSON,1313,2800 W PETERSON AVENUE,01/23/2015,3,1156569.515341857,1939784.830544118,41.990552082,-87.699464396,"(41.990552081681564, -87.69946439622785)"
FOSTER AND BROADWAY,1111,5200 N BROADWAY ST,01/23/2015,6,1167334.508577915,1934714.008346532,41.976412143,-87.660015082,"(41.97641214294823, -87.66001508205365)"
DAMEN AND 63RD,2702,6300 S DAMEN AVENUE,01/23/2015,1,1164069.407943298,1862830.277442834,41.779226921,-87.674052731,"(41.77922692069256, -87.67405273137854)"
CERMAK AND PULASKI,2334,4000 W CERMAK,01/23/2015,1,1150018.476053666,1889120.238540361,41.851654369,-87.724882975,"(41.85165436867626, -87.7248829753078)"
PULASKI AND DIVERSEY,1542,2800 N PULASKI ROAD,01/23/2015,5,1149200.724531183,1918332.222549679,41.931831026,-87.727126873,"(41.93183102561505, -87.72712687300454)"
HALSTED AND MADISON,1872,1 N HALSTED STREET,01/23/2015,6,1171090.967986833,1900270.454015136,41.881815632,-87.647214717,"(41.88181563164203, -87.64721471704077)"
PULASKI AND ARCHER,2153,5000 S ARCHER AVE,01/23/2015,2,1150501.818909837,1871162.311703322,41.802365973,-87.723576766,"(41.80236597333895, -87.72357676611004)"
4700 WESTERN,2141,4700 S WESTERN AVENUE,01/23/2015,4,1161120.438879703,1873431.066474726,41.808378408,-87.684570717,"(41.808378407946726, -87.68457071689552)"
WESTERN AND CERMAK,1003,2400 W CERMAK ROAD,01/23/2015,1,1160678.000607329,1889375.645335924,41.852141307,-87.685752642,"(41.85214130680468, -87.6857526415569)"
31ST ST AND MARTIN LUTHER KING DRIVE,2121,3100 S DR MARTIN L KING,01/23/2015,10,,,,,
119TH AND HALSTED,2402,11900 S HALSTED,01/23/2015,1,1173094.774616191,1825911.054609338,41.677720829,-87.642051845,"(41.67772082924762, -87.64205184498218)"
HOLLYWOOD AND SHERIDAN,1344,1000 W HOLLYWOOD AVE,01/23/2015,19,1168580.228926466,1938090.295189338,41.985649799,-87.655335807,"(41.98564979859328, -87.65533580655139)"
WENTWORTH AND GARFIELD,2261,5500 S WENTWORTH AVEN,01/23/2015,14,,,,,
ROOSEVELT AND KOSTNER,2321,1200 S KOSTNER,01/23/2015,2,1147196.304001978,1894305.883269746,41.865938839,-87.735108549,"(41.8659388389088, -87.73510854901264)"
DIVERSEY AND AUSTIN,1453,6000 W DIVERSEY AVENUE,01/23/2015,4,1135895.736169343,1918029.70673837,41.931248624,-87.776028612,"(41.931248623643455, -87.77602861172493)"
ASHLAND AND DIVISION,1791,1200 N ASHLAND AVENUE,01/23/2015,6,1165466.997046718,1908083.767015974,41.903377468,-87.667643142,"(41.903377467566784, -87.66764314227497)"
BELMONT AND KEDZIE,1372,3200 N KEDZIE AVE,01/23/2015,13,1154426.977874407,1921110.466549542,41.93935173,-87.707846594,"(41.93935173030961, -87.70784659359776)"
WESTERN AND MARQUETTE,2672,6700 S WESTERN AVENUE,01/23/2015,8,1161488.747635042,1860134.788366884,41.771884028,-87.683588402,"(41.77188402771193, -87.68358840206334)"
AUSTIN AND ADDISON,1491,3600 N AUSTIN AVENUE,01/23/2015,2,1135691.599896458,1923335.967306169,41.945813215,-87.776652162,"(41.9458132146695, -87.77665216156436)"
WESTERN AND 79TH,2484,2400 W 79TH ST,01/23/2015,1,1161758.68085177,1852242.255513454,41.750220168,-87.682817693,"(41.75022016799851, -87.68281769253687)"
STATE AND 79TH,2651,7900 S STATE STREET,01/23/2015,5,1177618.166929966,1852621.870232838,41.750918138,-87.624690123,"(41.7509181383154, -87.62469012251644)"
111TH AND HALSTED,2424,800 W 111TH ST,01/23/2015,1,1172945.404219168,1831282.917027882,41.692465363,-87.642440901,"(41.692465363421874, -87.64244090105778)"
VAN BUREN AND WESTERN,2054,2400 W VAN BUREN STREE,01/23/2015,9,,,,,
ELSTON AND ADDISON,1403,3216 W ADDISON ST,01/23/2015,3,1154199.729816868,1923799.345386665,41.946734755,-87.708609774,"(41.946734754927796, -87.7086097735515)"
MONTROSE AND WESTERN,1221,4400 N WESTERN AVENUE,01/23/2015,1,1159539.733234718,1929183.918095502,41.961401846,-87.688832623,"(41.961401846278505, -87.6888326227788)"
55TH AND KEDZIE,2163,3200 W 55TH STREET,01/23/2015,1,1155966.956993183,1868015.593764152,41.793622803,-87.703618141,"(41.79362280329978, -87.70361814062049)"
CENTRAL AND CHICAGO,1972,800 N CENTRAL AVENUE,01/23/2015,2,1138836.562608552,1904801.732832435,41.894896579,-87.765543258,"(41.89489657939746, -87.76554325845893)"
KEDZIE AND 71ST,2352,7100 S KEDZIE AVENUE,01/23/2015,4,1156225.540366296,1857330.103443232,41.764295037,-87.702957162,"(41.764295036756856, -87.70295716211793)"
LARAMIE AND FULLERTON,1424,5200 W FULLERTON AVENUE,01/23/2015,3,1141305.554932016,1915502.611239048,41.924215797,-87.756210755,"(41.92421579723144, -87.75621075458939)"
55TH AND KEDZIE,2162,5500 S KEDZIE AVENUE,01/23/2015,2,1155945.854705238,1867941.621374192,41.793420237,-87.703697508,"(41.793420236755864, -87.70369750845424)"
PULASKI AND PETERSON,1262,6000 N PULASKI ROAD,01/23/2015,2,1148598.016685695,1939584.645960177,41.990160923,-87.728790748,"(41.99016092280557, -87.72879074759867)"
ELSTON AND FOSTER,1063,4932 W FOSTER AVENUE,01/23/2015,3,1142393.863544234,1934160.513830056,41.975394608,-87.751746599,"(41.975394608045924, -87.75174659886025)"
CLARK AND IRVING PARK,1091,4000 N CLARK STREET,01/23/2015,2,1166736.149822904,1926699.323624709,41.954432441,-87.662446259,"(41.95443244141688, -87.66244625914061)"
MILWAUKEE AND MONTROSE,1364,5075 W MONTROSE AVENUE,01/23/2015,1,1141716.746618898,1928736.076639057,41.960522088,-87.754371424,"(41.96052208819935, -87.75437142402293)"
PERSHING AND WESTERN,2112,3900 S WESTERN BLVD,01/23/2015,2,1161130.992078755,1878746.226354636,41.822963628,-87.684384785,"(41.82296362788048, -87.68438478541296)"
ASHLAND AND MADISON,1914,1600 W MADISON,01/23/2015,7,1165723.014733182,1900136.515489506,41.881564167,-87.666929463,"(41.8815641670199, -87.66692946294842)"
PULASKI AND MONTROSE,1294,4000 W MONTROSE AVENUE,01/18/2015,4,1148917.521854602,1928980.338532162,41.961055804,-87.727891206,"(41.96105580370759, -87.72789120598296)"
ASHLAND AND DIVERSEY,1623,1600 W DIVERSEY PARKWA,01/23/2015,3,,,,,
DIVISION AND DAMEN,1734,2000 W DIVISION,01/23/2015,2,1162815.710860194,1908034.672555531,41.903298793,-87.677383247,"(41.903298792681944, -87.67738324739636)"
CENTRAL AND FULLERTON,1442,2400 N CENTRAL AVENUE,01/23/2015,2,1138603.468418662,1915431.058212414,41.924068922,-87.766141214,"(41.92406892227644, -87.76614121413186)"
LAKE SHORE DR AND BELMONT,1413,400 W BELMONT AVE,01/23/2015,38,1172981.744869382,1921577.376128802,41.940241193,-87.639639114,"(41.94024119325571, -87.63963911427594)"
IRVING PARK AND LARAMIE,1533,5200 W IRVING PARK ROA,01/23/2015,1,,,,,
VAN BUREN AND WESTERN,2052,400 S WESTERN AVENUE,01/23/2015,27,1160431.682297829,1898091.942371589,41.876064776,-87.686415631,"(41.87606477642526, -87.68641563098768)"
PULASKI AND NORTH,1992,1600 N PULASKI AVENUE,01/23/2015,1,1149432.959240306,1910369.112502195,41.90997501,-87.726480523,"(41.909975010236906, -87.72648052306623)"
IRVING PARK AND KILPATRICK,2763,4700 W IRVING PARK ROA,01/23/2015,4,,,,,
ROOSEVELT AND PULASKI,2314,4000 W ROOSEVELT ROAD,01/23/2015,2,1149885.032049683,1894449.464076882,41.866281003,-87.72523422,"(41.866281002664536, -87.72523421983905)"
WESTERN AND 71ST,2612,7100 S WESTERN AVENUE,01/23/2015,9,1161563.704681724,1857484.211306323,41.764608912,-87.683387053,"(41.76460891223613, -87.68338705328121)"
IRVING PARK AND CALIFORNIA,1234,2800 W IRVING PARK ROA,01/23/2015,1,,,,,
LAKE SHORE DR AND BELMONT,1412,3200 N LAKESHORE DRIV,01/23/2015,3,1173053.220555078,1921821.380831705,41.940909163,-87.63936916,"(41.94090916326764, -87.63936915995522)"
JEFFERY AND 79TH,2662,7900 S JEFFERY BOULEV,01/23/2015,4,,,,,
OGDEN AND KOSTNER,2222,2348 S KOSTNER AVENUE,01/23/2015,1,1147394.548182079,1887795.177782082,41.848068845,-87.734547457,"(41.8480688449598, -87.73454745748458)"
CORTLAND AND ASHLAND,1723,1600 W CORTLAND ST,01/23/2015,1,1165377.660768235,1912768.773647285,41.916235337,-87.667837772,"(41.91623533746878, -87.66783777212962)"
BELMONT AND KEDZIE,1373,3200 W BELMONT,01/23/2015,5,1154461.587940363,1921143.091003516,41.939440561,-87.707718516,"(41.93944056117365, -87.70771851630873)"
WESTERN AND FOSTER,1074,2400 W FOSTER AVE,01/23/2015,8,1159379.402846887,1934502.712486132,41.97600019,-87.689275084,"(41.97600018976586, -87.68927508385399)"
CENTRAL AND LAKE,1743,5600 W LAKE STREET,01/23/2015,2,1138951.495695032,1902230.510465733,41.887838735,-87.765183663,"(41.887838735330206, -87.76518366338465)"
PULASKI AND 63RD,2342,6300 S PULASKI RD,01/23/2015,5,1150746.00309079,1862516.747695325,41.778636469,-87.722906356,"(41.77863646878099, -87.72290635568541)"
TOUHY AND OSCEOLA,1244,7432 W TOUHY AVENUE,01/23/2015,2,1125717.010560011,1947269.685461107,42.011661765,-87.812781431,"(42.01166176507329, -87.81278143114147)"
115TH AND HALSTED,2553,800 W 115TH STREET,01/23/2015,1,1173010.735357888,1828632.242070332,41.685190056,-87.642279564,"(41.68519005571938, -87.64227956401977)"
HALSTED AND DIVISION,1714,800 W DIVISION,01/23/2015,3,1170767.827960358,1908259.644151662,41.903745557,-87.648167011,"(41.90374555734733, -87.64816701062779)"
COLUMBUS AND ILLINOIS,1951,500 N COLUMBUS DRIVE,01/23/2015,7,1178372.808407292,1903693.06016042,41.891044569,-87.620371839,"(41.891044569124276, -87.620371839074)"
CICERO AND HARRISON,2022,600 S CICERO AVENUE,01/23/2015,7,1144444.97442848,1896894.622216872,41.873094833,-87.745143869,"(41.873094832519136, -87.74514386884542)"
DAMEN AND FULLERTON,1663,2000 W FULLERTON AVE,01/23/2015,9,1162596.935552891,1915990.579747891,41.925134944,-87.677963546,"(41.92513494374925, -87.67796354553815)"
DAMEN AND 63RD,2701,6300 S DAMEN AVENUE,01/23/2015,2,1164069.407943298,1862830.277442834,41.779226921,-87.674052731,"(41.77922692069256, -87.67405273137854)"
PULASKI AND IRVING PARK,1572,4000 N PULASKI ROAD,01/23/2015,2,1148970.255325552,1926313.600468643,41.953737051,-87.727766612,"(41.95373705144353, -87.72776661179896)"
CENTRAL AND FULLERTON,1444,5600 W FULLERTON AVENU,01/23/2015,2,1138627.279189421,1915438.969256439,41.924090199,-87.76605353,"(41.92409019883488, -87.76605353016079)"
HAMLIN AND MADISON,1901,0 N HAMLIN BOULEVARD,01/23/2015,4,,,,,
SACRAMENTO AND LAKE,1822,150 N SACRAMENTO BOUL,01/23/2015,7,1156319.560664766,1900957.489351962,41.884012178,-87.701436479,"(41.88401217771363, -87.7014364786693)"
LAFAYETTE AND 87TH,2502,8700 S LAFAYETTE AVEN,01/23/2015,13,1177417.493180297,1847243.988223464,41.73616511,-87.625587569,"(41.73616511008592, -87.62558756899932)"
OGDEN AND KOSTNER,2223,4400 W OGDEN AVENUE,01/23/2015,4,1147406.592439224,1887689.099869462,41.847777523,-87.734505969,"(41.84777752280453, -87.73450596874825)"
KEDZIE AND 31ST,2134,3200 W 31ST STREET,01/23/2015,1,1155487.128005646,1883943.061106793,41.8373395,-87.704950558,"(41.83733950029648, -87.70495055800411)"
HAMLIN AND LAKE,1881,300 N HAMLIN AVENUE,01/23/2015,8,1150970.026856642,1901381.688308858,41.885282636,-87.721069539,"(41.88528263580913, -87.72106953854511)"
99TH AND HALSTED,2433,800 W 99TH ST,01/23/2015,7,1172710.642565684,1839246.330602143,41.714323337,-87.643066714,"(41.71432333701137, -87.64306671421937)"
ROOSEVELT AND PULASKI,2311,1200 S PULASKI ROAD,01/23/2015,5,1149866.002247864,1894375.839200384,41.866079337,-87.725305995,"(41.86607933722178, -87.7253059948758)"
CLARK AND IRVING PARK,1093,1300 W IRVING PARK ROAD,01/23/2015,7,1166777.545456989,1926719.73687357,41.954487567,-87.662293496,"(41.95448756687966, -87.66229349585691)"
COTTAGE GROVE AND 95TH,2603,800 E 95TH STREET,01/23/2015,4,1183230.529909316,1842186.614201556,41.722153939,-87.604447736,"(41.72215393877189, -87.60444773564429)"
119TH AND HALSTED,2404,800 W 119TH STREET,01/23/2015,2,1173111.174088158,1825985.001014405,41.677923389,-87.641989646,"(41.677923389134385, -87.64198964584013)"
KEDZIE AND ARMITAGE,1834,3200 W ARMITAGE AVENUE,01/23/2015,3,1154700.851347995,1913153.252187904,41.917511023,-87.707053639,"(41.91751102291878, -87.7070536388797)"
WESTERN AND NORTH,1851,1600 N WESTERN AVE,01/23/2015,4,1160077.474351131,1910605.013316134,41.910409024,-87.687370268,"(41.91040902362901, -87.687370268401)"
CORTLAND AND ASHLAND,1721,1900 N ASHLAND AVE,01/23/2015,7,1165348.084854857,1912736.454335569,41.916147281,-87.667947354,"(41.91614728095272, -87.66794735350443)"
DIVERSEY AND WESTERN,1434,2400 W DIVERSEY AVENUE,01/23/2015,1,1159859.648423836,1918576.255784305,41.932287183,-87.687950093,"(41.93228718299094, -87.6879500934122)"
FULLERTON AND NARRAGANSETT,1553,6400 W FULLERTON AVENU,01/23/2015,4,1133317.594499059,1915293.661305931,41.923786189,-87.785567206,"(41.92378618871128, -87.78556720562165)"
55TH AND WESTERN,2213,2400 W 55TH STREET,01/23/2015,2,1161277.012730599,1868185.749490228,41.793981347,-87.684141741,"(41.7939813465735, -87.68414174128355)"
PETERSON AND WESTERN,1014,2400 W PETERSON,01/23/2015,7,1159214.211316277,1939825.301874586,41.99060901,-87.689735481,"(41.990609009807294, -87.68973548092968)"
ELSTON AND LAWRENCE,1284,4440 W LAWRENCE AVENUE,01/23/2015,6,1145715.061027481,1931571.0474838,41.968226398,-87.739599251,"(41.96822639754791, -87.73959925065756)"
CANAL AND ROOSEVELT,2291,1200 S CANAL STREET,01/23/2015,3,1173268.771030949,1894952.634878732,41.867175125,-87.639375813,"(41.86717512472001, -87.63937581258092)"
CENTRAL AND DIVERSEY,1644,5600 W DIVERSEY AVENUE,01/23/2015,3,1138539.758528398,1918097.096677271,41.931385977,-87.766310532,"(41.93138597683265, -87.76631053155157)"
WESTERN AND FULLERTON,1671,2400 N WESTERN AVENUE,01/23/2015,5,1159923.309342995,1915897.778561358,41.924935944,-87.687790255,"(41.92493594409127, -87.68779025471278)"
ASHLAND AND IRVING PARK,1151,4000 N ASHLAND AVENUE,01/23/2015,1,1164899.463802581,1926665.661118925,41.954379326,-87.66919912,"(41.954379326212695, -87.66919911980419)"
CICERO AND NORTH,2034,4800 W NORTH AVENUE,01/23/2015,2,1144053.733747163,1910243.80567041,41.90973389,-87.746244973,"(41.909733890131285, -87.74624497295898)"
KEDZIE AND 31ST,2132,3100 S KEDZIE AVENUE,01/23/2015,7,1155483.167539854,1883867.660503274,41.837132671,-87.704967115,"(41.837132671422296, -87.70496711478727)"
WESTERN AND DEVON,1212,6400 N WESTERN AVENUE,01/23/2015,2,1159113.585759434,1942451.622367891,41.997817807,-87.690033035,"(41.997817807026, -87.69003303469276)"
STONEY ISLAND AND 79TH,2464,1600 E 79TH ST,01/23/2015,3,1188284.704439907,1852964.829047574,41.751611523,-87.585592284,"(41.75161152327319, -87.58559228428787)"
CICERO AND PETERSON,1204,4800 W PETERSON AVENUE,01/23/2015,1,1143273.766829016,1939491.944645127,41.990008007,-87.748376951,"(41.99000800729908, -87.74837695118997)"
CICERO AND ADDISON,1611,3600 N CICERO AVENUE,01/23/2015,2,1143698.904601495,1923517.005821035,41.946163524,-87.747215169,"(41.94616352362556, -87.74721516897007)"
75TH AND STATE,2624,1 E 75TH STREET,01/23/2015,2,1177601.72646404,1855229.486604181,41.758074111,-87.624671658,"(41.75807411097799, -87.62467165835182)"
HAMLIN AND MADISON,1903,3800 W MADISON STREET,01/23/2015,3,1151032.709141294,1899784.033986533,41.880897273,-87.720881226,"(41.880897273491264, -87.72088122613924)"
115TH AND HALSTED,2552,11500 S HALSTED STREE,01/23/2015,4,,,,,
CALIFORNIA AND DIVERSEY,1513,2800 W DIVERSEY,01/23/2015,2,1157212.54253358,1918526.674434943,41.932205395,-87.697679244,"(41.93220539506452, -87.6976792438691)"
HALSTED AND 63RD,2691,6300 S HALSTED STREET,01/23/2015,1,1172011.176373021,1863049.419962901,41.7796575,-87.644930993,"(41.77965750036339, -87.64493099278877)"
DAMEN AND DIVERSEY,1462,2800 N DAMEN AVENUE,01/23/2015,1,1162490.04851994,1918611.623717091,41.932329494,-87.678282719,"(41.9323294940985, -87.67828271931386)"
KEDZIE AND 26TH,2381,2600 S KEDZIE AVENUE,01/23/2015,2,1155404.235510285,1886524.460033054,41.844424831,-87.705185452,"(41.84442483084393, -87.70518545233183)"
DIVERSEY AND AUSTIN,1454,6000 W DIVERSEY AVENUE,01/23/2015,2,1135895.736169343,1918029.70673837,41.931248624,-87.776028612,"(41.931248623643455, -87.77602861172493)"
75TH AND STATE,2621,7500 S STATE STREET,01/23/2015,3,1177538.763040612,1855235.551345519,41.758092176,-87.624902228,"(41.75809217638291, -87.6249022282473)"
LASALLE AND KINZIE,1921,400 N LASALLE,01/23/2015,4,1175028.579766798,1903002.552291359,41.889225372,-87.632674115,"(41.88922537162015, -87.63267411498495)"
CICERO AND ADDISON,1611,3600 N CICERO AVENUE,03/12/2015,3,1143698.904601495,1923517.005821035,41.946163524,-87.747215169,"(41.94616352362556, -87.74721516897007)"
DIVISION AND DAMEN,1733,2000 W DIVISION,11/20/2016,2,1162815.710860194,1908034.672555531,41.903298793,-87.677383247,"(41.903298792681944, -87.67738324739636)"
PULASKI AND IRVING PARK,1572,4000 N PULASKI ROAD,03/12/2015,1,1148970.255325552,1926313.600468643,41.953737051,-87.727766612,"(41.95373705144353, -87.72776661179896)"
HAMLIN AND MADISON,1903,3800 W MADISON STREET,03/12/2015,2,1151032.709141294,1899784.033986533,41.880897273,-87.720881226,"(41.880897273491264, -87.72088122613924)"
IRVING PARK AND NARRAGANSETT,1024,6400 W IRVING PK,03/12/2015,2,1132945.939118726,1925946.304925137,41.953024751,-87.786683238,"(41.95302475075328, -87.78668323766634)"
PULASKI AND ARMITAGE,1844,4000 W ARMITAGE AVENUE,03/12/2015,2,1149375.428872108,1913028.984273181,41.917275069,-87.726622746,"(41.91727506940875, -87.72662274644799)"
CENTRAL AND DIVERSEY,1642,2800 N CENTRAL AVENUE,03/12/2015,1,1138516.407377375,1918089.499227987,41.931365552,-87.766396529,"(41.93136555236339, -87.76639652879172)"
CICERO AND HARRISON,2023,4800 W HARRISON STREET,03/12/2015,3,1144451.867388303,1896949.561959463,41.873245464,-87.745117179,"(41.873245464379586, -87.7451171788807)"
CICERO AND CHICAGO,1783,4800 W CHICAGO AVENUE,03/12/2015,2,1144175.291152764,1904916.255225279,41.895112219,-87.745932427,"(41.89511221857764, -87.74593242701515)"
DIVISION AND DAMEN,1734,2000 W DIVISION,03/12/2015,2,1162815.710860194,1908034.672555531,41.903298793,-87.677383247,"(41.903298792681944, -87.67738324739636)"
CORTLAND AND ASHLAND,1721,1900 N ASHLAND AVE,03/12/2015,10,1165348.084854857,1912736.454335569,41.916147281,-87.667947354,"(41.91614728095272, -87.66794735350443)"
JEFFERY AND 79TH,2662,7900 S JEFFERY BOULEV,01/24/2015,3,,,,,
HALSTED AND FULLERTON,1704,800 W FULLERTON AVENUE,01/24/2015,3,1170525.624723311,1916208.443992778,41.925562791,-87.648823641,"(41.92556279107417, -87.64882364145232)"
FOSTER AND BROADWAY,1111,5200 N BROADWAY ST,01/24/2015,2,1167334.508577915,1934714.008346532,41.976412143,-87.660015082,"(41.97641214294823, -87.66001508205365)"
IRVING PARK AND LARAMIE,1533,5200 W IRVING PARK ROA,01/24/2015,1,,,,,
IRVING PARK AND NARRAGANSETT,1023,6400 W IRVING PK,01/24/2015,2,1132945.939118726,1925946.304925137,41.953024751,-87.786683238,"(41.95302475075328, -87.78668323766634)"
BELMONT AND KEDZIE,1371,3200 N KEDZIE AVENUE,01/24/2015,3,1154426.977874407,1921110.466549542,41.93935173,-87.707846594,"(41.93935173030961, -87.70784659359776)"
ROOSEVELT AND KOSTNER,2321,1200 S KOSTNER,01/24/2015,2,1147196.304001978,1894305.883269746,41.865938839,-87.735108549,"(41.8659388389088, -87.73510854901264)"
IRVING PARK AND CALIFORNIA,1233,2800 W IRVING PARK ROA,01/24/2015,2,,,,,
ASHLAND AND ARCHER,2301,3100 S ASHLAND AVENUE,01/24/2015,2,1166131.325337548,1884126.42490739,41.837622344,-87.665887181,"(41.83762234415814, -87.66588718054551)"
ELSTON AND LAWRENCE,1284,4440 W LAWRENCE AVENUE,01/24/2015,3,1145715.061027481,1931571.0474838,41.968226398,-87.739599251,"(41.96822639754791, -87.73959925065756)"
WESTERN AND FOSTER,1072,5200 N WESTERN AVE,01/24/2015,3,1159372.922497116,1934478.313674003,41.975933372,-87.689299589,"(41.97593337199358, -87.6892995891816)"
COTTAGE GROVE AND 95TH,2603,800 E 95TH STREET,01/24/2015,7,1183230.529909316,1842186.614201556,41.722153939,-87.604447736,"(41.72215393877189, -87.60444773564429)"
IRVING PARK AND CALIFORNIA,1234,2800 W IRVING PARK ROA,01/24/2015,2,,,,,
WESTERN AND DEVON,1212,6400 N WESTERN AVENUE,01/24/2015,1,1159113.585759434,1942451.622367891,41.997817807,-87.690033035,"(41.997817807026, -87.69003303469276)"
DAMEN AND FULLERTON,1662,2400 N DAMEN AVE,01/24/2015,2,1162574.442800845,1915955.081657831,41.925038006,-87.678047191,"(41.925038006410325, -87.67804719101314)"
TOUHY AND OSCEOLA,1244,7432 W TOUHY AVENUE,01/24/2015,1,1125717.010560011,1947269.685461107,42.011661765,-87.812781431,"(42.01166176507329, -87.81278143114147)"
ARCHER AND CICERO,2081,5200 S CICERO AVE,01/24/2015,14,1145195.931989777,1869737.708306623,41.798558278,-87.743071866,"(41.798558278193305, -87.74307186616427)"
DIVERSEY AND WESTERN,1434,2400 W DIVERSEY AVENUE,01/24/2015,1,1159859.648423836,1918576.255784305,41.932287183,-87.687950093,"(41.93228718299094, -87.6879500934122)"
CENTRAL AND ADDISON,1682,3600 N CENTRAL AVENUE,01/24/2015,1,1138343.117435682,1923392.067464765,41.945919491,-87.766904594,"(41.945919490555106, -87.76690459426293)"
CICERO AND NORTH,2033,4800 W NORTH AVENUE,01/24/2015,3,1144053.733747163,1910243.80567041,41.90973389,-87.746244973,"(41.909733890131285, -87.74624497295898)"
STATE AND 79TH,2651,7900 S STATE STREET,01/24/2015,4,1177618.166929966,1852621.870232838,41.750918138,-87.624690123,"(41.7509181383154, -87.62469012251644)"
DIVISION AND DAMEN,1734,2000 W DIVISION,01/24/2015,9,1162815.710860194,1908034.672555531,41.903298793,-87.677383247,"(41.903298792681944, -87.67738324739636)"
WESTERN AND ADDISON,1562,3600 N WESTERN AVENUE,01/24/2015,3,1159695.573342728,1923871.086283556,41.94681992,-87.688406662,"(41.94681991986288, -87.68840666206194)"
JEFFERY AND 79TH,2662,7900 S JEFFERY BOULEV,10/08/2014,3,,,,,
PULASKI AND FOSTER,1102,5200 N PULASKI RD,01/24/2015,3,1148746.251286324,1934286.914361976,41.97562074,-87.728383135,"(41.97562073966174, -87.72838313514907)"
55TH AND WESTERN,2212,5500 S WESTERN AVE,01/24/2015,7,1161269.521335262,1867963.111601251,41.793370554,-87.684175377,"(41.79337055433029, -87.6841753767592)"
COTTAGE GROVE AND 71ST,2572,7100 S COTTAGE GROVE,01/24/2015,1,1182746.23698699,1858088.011064538,41.765800351,-87.605729127,"(41.76580035131893, -87.6057291269901)"
CICERO AND WASHINGTON,1891,100 N CICERO AVENUE,01/24/2015,10,1144328.984091479,1900095.170838459,41.88187971,-87.745489247,"(41.88187970991601, -87.7454892473012)"
KIMBALL AND DIVERSEY,1581,2800 N KIMBALL AVENUE,01/24/2015,3,,,,,
87TH AND VINCENNES,2412,8700 S VINCENNES,01/24/2015,8,1172026.328989535,1847142.496643776,41.736006565,-87.645341819,"(41.73600656458518, -87.64534181897955)"
FOSTER AND BROADWAY,1113,1200 W FOSTER AVE,01/24/2015,2,1167357.095930752,1934721.393266777,41.97643192,-87.659931806,"(41.97643192018459, -87.65993180604016)"
PULASKI AND 63RD,2342,6300 S PULASKI RD,01/24/2015,8,1150746.00309079,1862516.747695325,41.778636469,-87.722906356,"(41.77863646878099, -87.72290635568541)"
CICERO AND 47TH,2204,4800 W 47TH ST,01/24/2015,7,1145130.048925744,1873078.44198302,41.807727017,-87.743229366,"(41.80772701677172, -87.74322936566276)"
LAFAYETTE AND 87TH,2503,30 W 87TH STREET,01/24/2015,14,1177407.651800237,1847320.772058312,41.736376037,-87.625621311,"(41.736376036604916, -87.62562131092602)"
IRVING PARK AND KILPATRICK,2763,4700 W IRVING PARK ROA,01/24/2015,6,,,,,
IRVING PARK AND KEDZIE,1353,3200 W IRVING PARK ROAD,01/24/2015,7,1154325.140302006,1926458.463197156,41.954029047,-87.708077494,"(41.95402904691877, -87.70807749383191)"
PULASKI AND NORTH,1992,1600 N PULASKI AVENUE,01/24/2015,1,1149432.959240306,1910369.112502195,41.90997501,-87.726480523,"(41.909975010236906, -87.72648052306623)"
HALSTED AND 95TH,2581,9500 S HALSTED STREET,01/24/2015,1,1172610.538363645,1841811.61926207,41.721365061,-87.643358042,"(41.72136506078306, -87.64335804234075)"
CALIFORNIA AND DEVON,1323,2800 W DEVON AVENUE,01/24/2015,3,1156484.528078038,1942377.980662191,41.997669523,-87.699706423,"(41.99766952286052, -87.69970642324591)"
HAMLIN AND MADISON,1901,0 N HAMLIN BOULEVARD,01/24/2015,5,,,,,
HALSTED AND MADISON,1871,1 S HALSTED STREET,01/24/2015,3,1171092.392868784,1900234.542088741,41.881717056,-87.647210539,"(41.88171705561901, -87.64721053920604)"
CLARK AND IRVING PARK,1093,1300 W IRVING PARK ROAD,01/24/2015,6,1166777.545456989,1926719.73687357,41.954487567,-87.662293496,"(41.95448756687966, -87.66229349585691)"
SACRAMENTO AND LAKE,1821,150 N SACRAMENTO BOUL,01/24/2015,3,1156319.560664766,1900957.489351962,41.884012178,-87.701436479,"(41.88401217771363, -87.7014364786693)"
STONEY ISLAND AND 76TH,2632,7600 S STONY ISLAND A,01/24/2015,7,1188092.796191935,1854889.354158304,41.756897173,-87.586234285,"(41.75689717260223, -87.58623428506996)"
31ST ST AND MARTIN LUTHER KING DRIVE,2121,3100 S DR MARTIN L KING,01/24/2015,18,,,,,
ASHLAND AND 95TH,2472,9500 S ASHLAND AVENUE,01/24/2015,4,1167295.830128711,1841695.121217916,41.721160612,-87.662828139,"(41.72116061205213, -87.66282813939165)"
PULASKI AND ARCHER,2153,5000 S ARCHER AVE,01/24/2015,2,1150501.818909837,1871162.311703322,41.802365973,-87.723576766,"(41.80236597333895, -87.72357676611004)"
CENTRAL AND FULLERTON,1444,5600 W FULLERTON AVENU,01/24/2015,1,1138627.279189421,1915438.969256439,41.924090199,-87.76605353,"(41.92409019883488, -87.76605353016079)"
PULASKI AND BELMONT,1382,3200 N PULASKI RD,01/24/2015,1,1149125.621478734,1920994.556178086,41.939138154,-87.72733371,"(41.939138153500274, -87.7273337101426)"
DAMEN AND DIVERSEY,1464,2000 W DIVERSEY PARKWAY,01/24/2015,2,1162519.714934025,1918635.417634925,41.932394164,-87.678173031,"(41.93239416403691, -87.67817303087757)"
CICERO AND HARRISON,2022,600 S CICERO AVENUE,01/24/2015,2,1144444.97442848,1896894.622216872,41.873094833,-87.745143869,"(41.873094832519136, -87.74514386884542)"
CICERO AND ADDISON,1611,3600 N CICERO AVENUE,01/24/2015,6,1143698.904601495,1923517.005821035,41.946163524,-87.747215169,"(41.94616352362556, -87.74721516897007)"
ASHLAND AND DIVISION,1791,1200 N ASHLAND AVENUE,01/24/2015,3,1165466.997046718,1908083.767015974,41.903377468,-87.667643142,"(41.903377467566784, -87.66764314227497)"
LARAMIE AND FULLERTON,1421,2400 N LARAMIE AVENUE,01/24/2015,2,1141282.877477884,1915479.163971956,41.924151874,-87.756294662,"(41.92415187425276, -87.75629466175003)"
HALSTED AND 83RD,2642,8300 S HALSTED STREET,01/24/2015,1,1172378.202798089,1849790.199606783,41.743264491,-87.64397498,"(41.743264490643654, -87.64397498015705)"
WESTERN AND 63RD,2373,2400 W 63RD ST,01/24/2015,2,1161444.415758584,1862848.534703658,41.779331844,-87.683675761,"(41.77933184429814, -87.68367576084798)"
DAMEN AND DIVERSEY,1462,2800 N DAMEN AVENUE,01/24/2015,3,1162490.04851994,1918611.623717091,41.932329494,-87.678282719,"(41.9323294940985, -87.67828271931386)"
CICERO AND I55,2252,4200 S CICERO AVENUE,01/24/2015,1,1145023.742859509,1876358.276835519,41.816729387,-87.743536712,"(41.81672938674739, -87.74353671247594)"
55TH and PULASKI,2242,5500 S PULASKI,01/24/2015,2,1150600.072649439,1867806.44512718,41.793155061,-87.723303765,"(41.793155060731024, -87.72330376464247)"
FULLERTON AND NARRAGANSETT,1554,6400 W FULLERTON AVENU,01/24/2015,6,1133317.594499059,1915293.661305931,41.923786189,-87.785567206,"(41.92378618871128, -87.78556720562165)"
IRVING PARK AND KILPATRICK,2764,4700 W IRVING PARK ROA,01/24/2015,1,,,,,
WESTERN AND NORTH,1851,1600 N WESTERN AVE,01/24/2015,1,1160077.474351131,1910605.013316134,41.910409024,-87.687370268,"(41.91040902362901, -87.687370268401)"
KOSTNER AND NORTH,2013,4400 W NORTH,01/24/2015,9,1146738.551618032,1910309.595368032,41.909863573,-87.736380296,"(41.90986357340246, -87.73638029605371)"
31ST ST AND MARTIN LUTHER KING DRIVE,2123,400 E 31ST STREET,01/24/2015,3,1179437.985396417,1884565.84226022,41.838534018,-87.617046113,"(41.838534018118914, -87.61704611345726)"
WESTERN AND 71ST,2612,7100 S WESTERN AVENUE,01/24/2015,8,1161563.704681724,1857484.211306323,41.764608912,-87.683387053,"(41.76460891223613, -87.68338705328121)"
WESTERN AND PRATT,1302,6800 N WESTERN AVENUE,01/24/2015,7,1159043.160898631,1945096.218978482,42.005076123,-87.69021903,"(42.00507612272344, -87.69021903022175)"
GARFIELD AND ASHLAND,2272,5500 S ASHLAND AVENUE,01/24/2015,2,1166573.960309557,1868083.777885787,41.793590116,-87.664720996,"(41.793590115883404, -87.66472099593501)"
111TH AND HALSTED,2422,11100 S HALSTED ST,01/24/2015,3,1172923.657689312,1831209.044179248,41.692263123,-87.642522688,"(41.692263123425136, -87.6425226876268)"
PULASKI AND PETERSON,1262,6000 N PULASKI ROAD,01/24/2015,1,1148598.016685695,1939584.645960177,41.990160923,-87.728790748,"(41.99016092280557, -87.72879074759867)"
DIVERSEY AND AUSTIN,1453,6000 W DIVERSEY AVENUE,01/24/2015,2,1135895.736169343,1918029.70673837,41.931248624,-87.776028612,"(41.931248623643455, -87.77602861172493)"
CORNELL DRIVE AND 57TH,2182,5700 S CORNELL DRIVE,01/24/2015,3,1188165.732740433,1867529.196427323,41.791580204,-87.585564215,"(41.79158020433135, -87.58556421519536)"
LAKE SHORE DR AND BELMONT,1412,3200 N LAKESHORE DRIV,01/24/2015,3,1173053.220555078,1921821.380831705,41.940909163,-87.63936916,"(41.94090916326764, -87.63936915995522)"
CENTRAL AND CHICAGO,1973,5600 W CHICAGO AVENUE,01/24/2015,2,1138858.856732452,1904825.827586656,41.894962293,-87.765460791,"(41.89496229349977, -87.76546079122906)"
ASHLAND AND LAWRENCE,1142,4800 N ASHLAND AVENUE,01/24/2015,4,1164751.686785145,1932001.206626392,41.96902343,-87.669590434,"(41.969023429614026, -87.66959043354217)"
ROOSEVELT AND PULASKI,2314,4000 W ROOSEVELT ROAD,01/24/2015,2,1149885.032049683,1894449.464076882,41.866281003,-87.72523422,"(41.866281002664536, -87.72523421983905)"
CANAL AND ROOSEVELT,2291,1200 S CANAL STREET,01/24/2015,3,1173268.771030949,1894952.634878732,41.867175125,-87.639375813,"(41.86717512472001, -87.63937581258092)"
ASHLAND AND FULLERTON,1651,2400 N ASHLAND AVENUE,01/24/2015,8,1165228.073342838,1916032.319169157,41.92519389,-87.668294363,"(41.92519388981048, -87.66829436339881)"
DIVISION AND DAMEN,1733,2000 W DIVISION,01/24/2015,6,1162815.710860194,1908034.672555531,41.903298793,-87.677383247,"(41.903298792681944, -87.67738324739636)"
BELMONT AND KEDZIE,1373,3200 W BELMONT,01/24/2015,4,1154461.587940363,1921143.091003516,41.939440561,-87.707718516,"(41.93944056117365, -87.70771851630873)"
CICERO AND CHICAGO,1783,4800 W CHICAGO AVENUE,01/24/2015,2,1144175.291152764,1904916.255225279,41.895112219,-87.745932427,"(41.89511221857764, -87.74593242701515)"
VAN BUREN AND WESTERN,2054,2400 W VAN BUREN STREE,01/24/2015,3,,,,,
STATE AND 79TH,2654,1 E 79TH STREET,01/24/2015,17,1177680.113652821,1852598.313477786,41.750852096,-87.624463832,"(41.75085209551078, -87.62446383210285)"
STONEY ISLAND AND 76TH,2631,7600 S STONY ISLAND A,01/24/2015,7,1188092.796191935,1854889.354158304,41.756897173,-87.586234285,"(41.75689717260223, -87.58623428506996)"
CALIFORNIA AND PETERSON,1313,2800 W PETERSON AVENUE,01/24/2015,1,1156569.515341857,1939784.830544118,41.990552082,-87.699464396,"(41.990552081681564, -87.69946439622785)"
PULASKI AND FOSTER,1104,4000 W FOSTER AVE,01/24/2015,3,1148759.16134887,1934294.249006446,41.975640616,-87.728335469,"(41.975640616231914, -87.72833546926573)"
CENTRAL AND BELMONT,1602,3200 N CENTRAL AVENUE,01/24/2015,1,1138430.432324593,1920731.654410336,41.938617463,-87.766648297,"(41.938617463272884, -87.76664829683827)"
VAN BUREN AND WESTERN,2052,400 S WESTERN AVENUE,01/24/2015,47,1160431.682297829,1898091.942371589,41.876064776,-87.686415631,"(41.87606477642526, -87.68641563098768)"
WESTERN AND FOSTER,1074,2400 W FOSTER AVE,01/24/2015,2,1159379.402846887,1934502.712486132,41.97600019,-87.689275084,"(41.97600018976586, -87.68927508385399)"
LARAMIE AND FULLERTON,1424,5200 W FULLERTON AVENUE,01/24/2015,4,1141305.554932016,1915502.611239048,41.924215797,-87.756210755,"(41.92421579723144, -87.75621075458939)"
KEDZIE AND 26TH,2381,2600 S KEDZIE AVENUE,01/24/2015,2,1155404.235510285,1886524.460033054,41.844424831,-87.705185452,"(41.84442483084393, -87.70518545233183)"
PULASKI AND DIVERSEY,1542,2800 N PULASKI ROAD,01/24/2015,5,1149200.724531183,1918332.222549679,41.931831026,-87.727126873,"(41.93183102561505, -87.72712687300454)"
CERMAK AND PULASKI,2332,2200 S PULASKI,01/24/2015,5,1150012.876838243,1889071.75851865,41.851521442,-87.724904787,"(41.85152144233116, -87.7249047867499)"
COLUMBUS AND ILLINOIS,1952,500 N COLUMBUS DRIVE,01/24/2015,4,1178372.808407292,1903693.06016042,41.891044569,-87.620371839,"(41.891044569124276, -87.620371839074)"
KEDZIE AND 71ST,2354,3200 W 71ST STREET,01/24/2015,4,1156246.862901455,1857404.014959868,41.764497433,-87.702877023,"(41.76449743256955, -87.70287702335861)"
BELMONT AND KEDZIE,1372,3200 N KEDZIE AVE,01/24/2015,16,1154426.977874407,1921110.466549542,41.93935173,-87.707846594,"(41.93935173030961, -87.70784659359776)"
35TH AND WESTERN,2092,3500 S WESTERN,01/24/2015,2,1160894.949857101,1881376.851112895,41.830187255,-87.685177925,"(41.83018725526863, -87.68517792510231)"
WESTERN AND CERMAK,1002,2200 S WESTERN AVENUE,01/24/2015,7,1160669.42562757,1889318.196820393,41.85198384,-87.685785704,"(41.85198383957328, -87.68578570420526)"
KEDZIE AND 31ST,2134,3200 W 31ST STREET,01/24/2015,2,1155487.128005646,1883943.061106793,41.8373395,-87.704950558,"(41.83733950029648, -87.70495055800411)"
STONY ISLAND/CORNELL AND 67TH,2721,6700 S STONY ISLAND A,01/24/2015,14,1187984.143047539,1860863.338367666,41.773292896,-87.586442368,"(41.77329289585066, -87.58644236831432)"
JEFFERY AND 95TH,2523,2000 E 95TH ST,01/24/2015,1,1191188.381103057,1842410.411853539,41.722579473,-87.575292523,"(41.722579473126416, -87.57529252250366)"
CICERO AND HARRISON,2023,4800 W HARRISON STREET,01/24/2015,3,1144451.867388303,1896949.561959463,41.873245464,-87.745117179,"(41.873245464379586, -87.7451171788807)"
71ST AND ASHLAND,2394,1600 W 71ST,01/24/2015,5,1166890.012333149,1857674.2502247,41.765018306,-87.66385923,"(41.76501830555763, -87.66385923012646)"
MONTROSE AND WESTERN,1224,2400 W MONTROSE AVENUE,01/24/2015,2,1159562.971802959,1929191.337701253,41.961421726,-87.68874698,"(41.961421726406314, -87.68874697983858)"
HARLEM AND NORTHWEST HWY,1082,6400 N HARLEM AVE,01/24/2015,1,1127335.21218179,1941943.442727776,41.997018918,-87.806947715,"(41.99701891845275, -87.8069477154956)"
LAWRENCE AND WESTERN,1193,2400 W LAWRENCE AVENUE,01/24/2015,3,1159482.648570304,1931851.989492596,41.968724349,-87.688968727,"(41.96872434882172, -87.68896872699601)"
KEDZIE AND 71ST,2352,7100 S KEDZIE AVENUE,01/24/2015,3,1156225.540366296,1857330.103443232,41.764295037,-87.702957162,"(41.764295036756856, -87.70295716211793)"
119TH AND HALSTED,2402,11900 S HALSTED,01/24/2015,7,1173094.774616191,1825911.054609338,41.677720829,-87.642051845,"(41.67772082924762, -87.64205184498218)"
4700 WESTERN,2142,4700 S WESTERN AVENUE,01/24/2015,1,1161120.438879703,1873431.066474726,41.808378408,-87.684570717,"(41.808378407946726, -87.68457071689552)"
VINCENNES AND 111TH,2531,11100 S VINCENNES AVE,01/24/2015,5,1167202.128381332,1831126.639262444,41.692160999,-87.663472469,"(41.69216099874656, -87.66347246868617)"
MILWAUKEE AND DEVON,1274,6400 W DEVON AVENUE,01/24/2015,1,1132590.619798275,1942138.532048656,41.997463981,-87.787610243,"(41.99746398102873, -87.78761024341388)"
BROADWAY/SHERIDAN AND DEVON,1122,6400 N SHERIDAN ROAD,01/24/2015,6,1167087.151194129,1942658.704988689,41.998217921,-87.660695256,"(41.99821792053241, -87.6606952555721)"
CENTRAL AND IRVING PARK,1183,5600 W IRVING PARK ROAD,01/24/2015,4,1138281.535484986,1926078.647777633,41.953292847,-87.767065708,"(41.953292847298, -87.76706570775266)"
ASHLAND AND 87TH,2452,8700 S ASHLAND AVE,01/24/2015,1,1167150.470087748,1846991.212339794,41.735696989,-87.663209544,"(41.73569698863625, -87.66320954445679)"
ASHLAND AND FULLERTON,1652,2400 N ASHLAND AVENUE,01/24/2015,11,1165228.073342838,1916032.319169157,41.92519389,-87.668294363,"(41.92519388981048, -87.66829436339881)"
WESTERN AND 51ST,2172,5100 S WESTERN BLVD,01/24/2015,1,1161345.691274872,1870773.193852299,41.801080204,-87.683818209,"(41.801080203554356, -87.68381820888895)"
CICERO AND ADDISON,1612,3600 N CICERO AVENUE,01/24/2015,1,1143698.904601495,1923517.005821035,41.946163524,-87.747215169,"(41.94616352362556, -87.74721516897007)"
SHERIDAN AND FOSTER,1134,1000 W FOSTER AVE,01/24/2015,1,1168689.247756979,1934758.578141654,41.976505116,-87.655031882,"(41.97650511595711, -87.65503188224778)"
HOMAN/KIMBALL AND NORTH,1773,3400 W NORTH AVE,01/24/2015,4,1153386.578905125,1910465.87061722,41.910162847,-87.711953868,"(41.91016284680269, -87.71195386769125)"
DIVERSEY AND WESTERN,1431,2800 N WESTERN AVENUE,01/24/2015,1,1159837.205417355,1918550.506189309,41.932216988,-87.688033281,"(41.93221698794738, -87.68803328089533)"
PULASKI AND IRVING PARK,1572,4000 N PULASKI ROAD,01/24/2015,1,1148970.255325552,1926313.600468643,41.953737051,-87.727766612,"(41.95373705144353, -87.72776661179896)"
99TH AND HALSTED,2433,800 W 99TH ST,01/24/2015,7,1172710.642565684,1839246.330602143,41.714323337,-87.643066714,"(41.71432333701137, -87.64306671421937)"
MILWAUKEE AND DEVON,1272,6400 N MILWAUKEE AVEN,01/24/2015,2,1132463.750397878,1942107.911507627,41.997382173,-87.788077674,"(41.99738217345368, -87.78807767391953)"
AUSTIN AND ADDISON,1491,3600 N AUSTIN AVENUE,01/24/2015,4,1135691.599896458,1923335.967306169,41.945813215,-87.776652162,"(41.9458132146695, -87.77665216156436)"
CALIFORNIA AND DIVERSEY,1514,2800 W DIVERSEY,01/24/2015,37,1157212.54253358,1918526.674434943,41.932205395,-87.697679244,"(41.93220539506452, -87.6976792438691)"
KEDZIE AND 31ST,2132,3100 S KEDZIE AVENUE,01/24/2015,2,1155483.167539854,1883867.660503274,41.837132671,-87.704967115,"(41.837132671422296, -87.70496711478727)"
PULASKI AND DIVISION,1802,1200 N PULASKI ROAD,01/24/2015,2,1149459.590666926,1907723.219884254,41.902713902,-87.726451457,"(41.902713901936174, -87.72645145715836)"
ASHLAND AND IRVING PARK,1151,4000 N ASHLAND AVENUE,01/24/2015,1,1164899.463802581,1926665.661118925,41.954379326,-87.66919912,"(41.954379326212695, -87.66919911980419)"
PULASKI AND LAWRENCE,1173,4000 W LAWRENCE AVENUE,01/24/2015,3,1148844.220085601,1931638.45430438,41.968351285,-87.728091672,"(41.96835128527914, -87.72809167198088)"
CENTRAL AND DIVERSEY,1644,5600 W DIVERSEY AVENUE,01/24/2015,3,1138539.758528398,1918097.096677271,41.931385977,-87.766310532,"(41.93138597683265, -87.76631053155157)"
MONTROSE AND WESTERN,1221,4400 N WESTERN AVENUE,01/24/2015,4,1159539.733234718,1929183.918095502,41.961401846,-87.688832623,"(41.961401846278505, -87.6888326227788)"
ELSTON AND IRVING PARK,1502,4000 N ELSTON AVENUE,01/24/2015,1,1151273.974828198,1926311.849469842,41.953687266,-87.719297882,"(41.95368726563273, -87.71929788151473)"
CANAL AND ROOSEVELT,2294,500 W ROOSEVELT ROAD,01/24/2015,7,1173290.72186561,1895021.166235495,41.867362693,-87.639293195,"(41.867362692616666, -87.63929319464197)"
CHICAGO AND CLARK,1963,100 W CHICAGO AVENUE,01/24/2015,8,1175374.528739575,1905745.47783364,41.896744347,-87.631321248,"(41.896744346875806, -87.63132124815151)"
ASHLAND AND 87TH,2454,1600 W 87TH ST,01/24/2015,8,1167171.941297436,1847064.855345151,41.735898617,-87.663128781,"(41.735898617066006, -87.66312878090133)"
63RD AND STATE,2714,1 E 63RD ST,01/24/2015,11,1177367.518733101,1863199.17768559,41.779949105,-87.625289553,"(41.779949104569106, -87.62528955333775)"
CENTRAL AND DIVERSEY,1642,2800 N CENTRAL AVENUE,01/24/2015,1,1138516.407377375,1918089.499227987,41.931365552,-87.766396529,"(41.93136555236339, -87.76639652879172)"
CICERO AND CHICAGO,1781,800 N CICERO AVENUE,01/24/2015,4,1144169.162482127,1904893.189220372,41.895049038,-87.745955516,"(41.89504903796389, -87.74595551626888)"
ASHLAND AND LAWRENCE,1143,1600 W LAWRENCE AVENUE,01/24/2015,2,1164771.946929007,1931988.254061312,41.968987457,-87.669516307,"(41.96898745654617, -87.66951630654926)"
FOSTER AND NAGLE,1031,5200 N NAGLE,01/24/2015,1,1132529.656558223,1934201.702060651,41.97568567,-87.788020406,"(41.97568566971868, -87.78802040620296)"
WENTWORTH AND GARFIELD,2261,5500 S WENTWORTH AVEN,01/24/2015,15,,,,,
55TH and PULASKI,2244,4000 W 55TH ST,01/24/2015,3,1150621.676903861,1867864.274865394,41.793313334,-87.723223038,"(41.79331333358753, -87.72322303812588)"
PULASKI AND DIVERSEY,1543,4000 W DIVERSEY AVENUE,01/24/2015,1,1149206.496130705,1918356.569267582,41.931897723,-87.72710503,"(41.9318977231462, -87.72710503045386)"
OGDEN AND KOSTNER,2222,2348 S KOSTNER AVENUE,01/24/2015,2,1147394.548182079,1887795.177782082,41.848068845,-87.734547457,"(41.8480688449598, -87.73454745748458)"
31ST AND CALIFORNIA,2064,2800 W 31ST,01/24/2015,1,,,,,
75TH AND STATE,2621,7500 S STATE STREET,01/24/2015,6,1177538.763040612,1855235.551345519,41.758092176,-87.624902228,"(41.75809217638291, -87.6249022282473)"
CICERO AND FULLERTON,1474,4800 W FULLERTON AVE,01/24/2015,1,1143967.570794243,1915568.504954477,41.924347036,-87.74642764,"(41.924347036010694, -87.74642763965628)"
CORTLAND AND ASHLAND,1723,1600 W CORTLAND ST,01/24/2015,1,1165377.660768235,1912768.773647285,41.916235337,-87.667837772,"(41.91623533746878, -87.66783777212962)"
CICERO AND WASHINGTON,1892,100 N CICERO AVENUE,01/24/2015,5,1144328.984091479,1900095.170838459,41.88187971,-87.745489247,"(41.88187970991601, -87.7454892473012)"
WESTERN AND TOUHY,1251,7200 N WESTERN AVENUE,01/24/2015,4,1158975.66256211,1947754.286963361,42.012371335,-87.690393917,"(42.012371334791766, -87.69039391737863)"
ADDISON AND HARLEM,1591,3600 N HARLEM AVENUE,01/24/2015,1,1127394.594070737,1923110.532422811,41.945338412,-87.807154769,"(41.94533841246591, -87.80715476912044)"
79TH AND KEDZIE,2443,3200 W 79TH ST,01/24/2015,2,1156402.644780165,1852104.649370984,41.749952001,-87.702448478,"(41.74995200142266, -87.70244847808695)"
ASHLAND AND 47TH,2192,4700 S ASHLAND AVENUE,01/24/2015,1,1166423.624284841,1873520.235394001,41.808511597,-87.665117292,"(41.8085115972472, -87.66511729173287)"
83RD AND STONY ISLAND,2562,8300 S STONY ISLAND A,01/24/2015,10,1188212.052384068,1850245.675393851,41.744151639,-87.585945067,"(41.744151639041974, -87.58594506695293)"
IRVING PARK AND LARAMIE,1534,5200 W IRVING PARK ROA,01/24/2015,3,,,,,
HALSTED AND 103RD,2593,800 W 103RD STREET,01/24/2015,3,1172778.570616036,1836587.755252818,41.70702632,-87.642896007,"(41.707026319812215, -87.64289600741817)"
ELSTON AND IRVING PARK,1503,3700 W IRVING PARK ROA,01/24/2015,4,,,,,
CLARK AND FULLERTON,1632,2400 N CLARK ST,01/24/2015,1,1172749.562209477,1916238.997132859,41.925597623,-87.640650973,"(41.925597623023144, -87.64065097309872)"
HOLLYWOOD AND SHERIDAN,1344,1000 W HOLLYWOOD AVE,01/24/2015,11,1168580.228926466,1938090.295189338,41.985649799,-87.655335807,"(41.98564979859328, -87.65533580655139)"
CORNELL DRIVE AND 57TH,2181,5700 S CORNELL DRIVE,01/24/2015,2,1188165.732740433,1867529.196427323,41.791580204,-87.585564215,"(41.79158020433135, -87.58556421519536)"
PERSHING AND WESTERN,2112,3900 S WESTERN BLVD,01/24/2015,2,1161130.992078755,1878746.226354636,41.822963628,-87.684384785,"(41.82296362788048, -87.68438478541296)"
WESTERN AND 79TH,2481,7900 S WESTERN AVE,01/24/2015,8,1161711.516404028,1852181.685686118,41.750054934,-87.682992203,"(41.750054933649984, -87.68299220290213)"
HOMAN/KIMBALL AND NORTH,1771,1600 N HOMAN AVENUE,01/24/2015,1,,,,,
PULASKI AND PETERSON,1263,4000 W PETERSON AVENUE,01/24/2015,3,1148618.560490339,1939615.133928395,41.990244186,-87.728714391,"(41.99024418564742, -87.7287143910091)"
79TH AND HALSTED,2543,800 W 79TH STREET,01/24/2015,1,1172320.105719411,1852517.9814434,41.750751157,-87.644107793,"(41.75075115747316, -87.64410779300933)"
HALSTED AND DIVISION,1714,800 W DIVISION,01/24/2015,1,1170767.827960358,1908259.644151662,41.903745557,-87.648167011,"(41.90374555734733, -87.64816701062779)"
CICERO AND FULLERTON,1472,2400 N CICERO AVE,01/24/2015,5,1143961.592189569,1915545.343094087,41.92428359,-87.74645019,"(41.92428358982701, -87.74645019028947)"
WESTERN AND CHICAGO,1943,2400 W CHICAGO AVE,01/24/2015,4,1160226.686812944,1905300.904544474,41.895851041,-87.686968935,"(41.895851041123755, -87.68696893468467)"
LAFAYETTE AND 87TH,2502,8700 S LAFAYETTE AVEN,01/24/2015,11,1177417.493180297,1847243.988223464,41.73616511,-87.625587569,"(41.73616511008592, -87.62558756899932)"
CICERO AND PETERSON,1204,4800 W PETERSON AVENUE,01/24/2015,1,1143273.766829016,1939491.944645127,41.990008007,-87.748376951,"(41.99000800729908, -87.74837695118997)"
LARAMIE AND MADISON,2044,5200 W MADISON STREET,01/24/2015,12,1141706.965522802,1899567.55684314,41.880480752,-87.755130433,"(41.88048075170171, -87.75513043296509)"
HALSTED AND NORTH,1761,1600 N HALSTED STREET,01/24/2015,2,1170678.283433825,1910880.991397547,41.910940644,-87.648419043,"(41.91094064391597, -87.64841904272998)"
ROOSEVELT AND HALSTED,2234,800 W ROOSEVELT ROAD,01/24/2015,6,1171199.282357741,1894968.056393724,41.867263098,-87.646972686,"(41.86726309836901, -87.64697268601648)"
CHICAGO AND CLARK,1964,100 W CHICAGO AVENUE,01/24/2015,1,1175374.528739575,1905745.47783364,41.896744347,-87.631321248,"(41.896744346875806, -87.63132124815151)"
ELSTON AND ADDISON,1402,3600 N ELSTON AVE,01/24/2015,1,1154106.95251778,1923731.036211081,41.946549165,-87.708952626,"(41.94654916480637, -87.70895262603513)"
KOSTNER AND NORTH,2012,4400 W GRAND AVE,01/24/2015,2,1146773.519128439,1910425.663958581,41.91018141,-87.73624887,"(41.910181409597406, -87.73624887040725)"
ELSTON AND FOSTER,1063,4932 W FOSTER AVENUE,01/24/2015,3,1142393.863544234,1934160.513830056,41.975394608,-87.751746599,"(41.975394608045924, -87.75174659886025)"
ASHLAND AND MADISON,1914,1600 W MADISON,01/24/2015,5,1165723.014733182,1900136.515489506,41.881564167,-87.666929463,"(41.8815641670199, -87.66692946294842)"
PULASKI AND ARMITAGE,1844,4000 W ARMITAGE AVENUE,01/24/2015,1,1149375.428872108,1913028.984273181,41.917275069,-87.726622746,"(41.91727506940875, -87.72662274644799)"
CICERO AND I55,2251,4200 S CICERO AVENUE,01/24/2015,13,1145023.742859509,1876358.276835519,41.816729387,-87.743536712,"(41.81672938674739, -87.74353671247594)"
CICERO AND PETERSON,1202,6000 N CICERO AVENUE,01/24/2015,5,1143247.733553094,1939479.342905704,41.989973915,-87.748473024,"(41.98997391514614, -87.74847302426933)"
83RD AND STONY ISLAND,2563,1600 E 83RD STREET,01/24/2015,3,1188383.194217679,1850307.01299095,41.744315875,-87.585316041,"(41.74431587464464, -87.58531604125469)"
PETERSON AND WESTERN,1014,2400 W PETERSON,01/24/2015,7,1159214.211316277,1939825.301874586,41.99060901,-87.689735481,"(41.990609009807294, -87.68973548092968)"
PULASKI AND IRVING PARK,1574,4000 W IRVING PARK RD,01/24/2015,9,1148988.727877253,1926320.954938409,41.953756874,-87.727698513,"(41.95375687447515, -87.72769851312907)"
4700 WESTERN,2141,4700 S WESTERN AVENUE,01/24/2015,9,1161120.438879703,1873431.066474726,41.808378408,-87.684570717,"(41.808378407946726, -87.68457071689552)"
ASHLAND AND DIVERSEY,1623,1600 W DIVERSEY PARKWA,01/24/2015,1,,,,,
CENTRAL AND CHICAGO,1972,800 N CENTRAL AVENUE,01/24/2015,1,1138836.562608552,1904801.732832435,41.894896579,-87.765543258,"(41.89489657939746, -87.76554325845893)"
75TH AND STATE,2624,1 E 75TH STREET,01/24/2015,5,1177601.72646404,1855229.486604181,41.758074111,-87.624671658,"(41.75807411097799, -87.62467165835182)"
KOSTNER AND NORTH,2011,1600 N KOSTNER,01/24/2015,1,1146732.108679105,1910282.120990798,41.909788304,-87.736404667,"(41.90978830394343, -87.73640466739216)"
PULASKI AND ARCHER,2154,5000 S ARCHER AVE,01/24/2015,3,1150501.818909837,1871162.311703322,41.802365973,-87.723576766,"(41.80236597333895, -87.72357676611004)"
KEDZIE AND 26TH,2382,2600 S KEDZIE AVENUE,01/24/2015,3,1155404.235510285,1886524.460033054,41.844424831,-87.705185452,"(41.84442483084393, -87.70518545233183)"
MILWAUKEE AND MONTROSE,1364,5075 W MONTROSE AVENUE,01/24/2015,4,1141716.746618898,1928736.076639057,41.960522088,-87.754371424,"(41.96052208819935, -87.75437142402293)"
LASALLE AND KINZIE,1921,400 N LASALLE,01/24/2015,5,1175028.579766798,1903002.552291359,41.889225372,-87.632674115,"(41.88922537162015, -87.63267411498495)"
WESTERN AND FULLERTON,1671,2400 N WESTERN AVENUE,01/24/2015,1,1159923.309342995,1915897.778561358,41.924935944,-87.687790255,"(41.92493594409127, -87.68779025471278)"
HAMLIN AND LAKE,1881,300 N HAMLIN AVENUE,01/24/2015,8,1150970.026856642,1901381.688308858,41.885282636,-87.721069539,"(41.88528263580913, -87.72106953854511)"
KEDZIE AND ARMITAGE,1834,3200 W ARMITAGE AVENUE,01/24/2015,1,1154700.851347995,1913153.252187904,41.917511023,-87.707053639,"(41.91751102291878, -87.7070536388797)"
HALSTED AND MADISON,1872,1 N HALSTED STREET,01/24/2015,10,1171090.967986833,1900270.454015136,41.881815632,-87.647214717,"(41.88181563164203, -87.64721471704077)"
BLUE ISLAND AND DAMEN,2283,2416 S BLUE ISLAND AV,01/24/2015,9,1163271.402680135,1888053.313412189,41.848458633,-87.676271269,"(41.848458633352884, -87.67627126912292)"
ASHLAND AND DIVERSEY,1621,2800 N ASHLAND AVENUE,01/24/2015,14,1165139.964068357,1918674.245501741,41.932445362,-87.66854285,"(41.93244536200095, -87.6685428496422)"
STONY ISLAND/CORNELL AND 67TH,2731,6700 S CORNELL DRIVE,01/24/2015,2,1188316.454860734,1860851.137456735,41.77325149,-87.5852246,"(41.77325148959568, -87.58522459967712)"
ROOSEVELT AND KOSTNER,2323,4400 W ROOSEVELT,01/24/2015,4,1147200.963258796,1894379.538078088,41.866140868,-87.73508956,"(41.866140867641654, -87.73508956008207)"
KEDZIE AND 63RD,2364,3200 W 63RD ST,01/24/2015,1,1156103.348831225,1862717.565210739,41.779081505,-87.703260365,"(41.77908150488341, -87.70326036544745)"
WESTERN AND PRATT,1301,6800 N WESTERN AVENUE,01/24/2015,2,1159043.160898631,1945096.218978482,42.005076123,-87.69021903,"(42.00507612272344, -87.69021903022175)"
ROOSEVELT AND HALSTED,2233,800 W ROOSEVELT ROAD,01/24/2015,6,1171199.282357741,1894968.056393724,41.867263098,-87.646972686,"(41.86726309836901, -87.64697268601648)"
WESTERN AND 79TH,2484,2400 W 79TH ST,01/24/2015,2,1161758.68085177,1852242.255513454,41.750220168,-87.682817693,"(41.75022016799851, -87.68281769253687)"
WESTERN AND 71ST,2614,2400 W 71ST STREET,01/24/2015,1,1161584.506819846,1857557.788853485,41.764810388,-87.683308769,"(41.76481038827884, -87.68330876944678)"
VINCENNES AND 111TH,2532,11100 S VINCENNES AVE,01/24/2015,5,1167202.128381332,1831126.639262444,41.692160999,-87.663472469,"(41.69216099874656, -87.66347246868617)"
ELSTON AND ADDISON,1403,3216 W ADDISON ST,01/24/2015,7,1154199.729816868,1923799.345386665,41.946734755,-87.708609774,"(41.946734754927796, -87.7086097735515)"
55TH AND KEDZIE,2163,3200 W 55TH STREET,01/24/2015,3,1155966.956993183,1868015.593764152,41.793622803,-87.703618141,"(41.79362280329978, -87.70361814062049)"
WESTERN AND CHICAGO,1941,800 N WESTERN AVE,01/24/2015,1,1160220.967978608,1905277.507115921,41.895786955,-87.686990586,"(41.89578695485361, -87.68699058611217)"
LINCOLN AND MCCORMICK,2751,6200 N LINCOLN AVENUE,01/24/2015,7,1152551.008921873,1941175.933038791,41.994450004,-87.714208439,"(41.9944500041165, -87.71420843920934)"
ROOSEVELT AND PULASKI,2311,1200 S PULASKI ROAD,01/24/2015,2,1149866.002247864,1894375.839200384,41.866079337,-87.725305995,"(41.86607933722178, -87.7253059948758)"
HALSTED AND 83RD,2641,8300 S HALSTED STREET,01/24/2015,4,1172378.202798089,1849790.199606783,41.743264491,-87.64397498,"(41.743264490643654, -87.64397498015705)"
WESTERN AND MARQUETTE,2672,6700 S WESTERN AVENUE,01/24/2015,11,1161488.747635042,1860134.788366884,41.771884028,-87.683588402,"(41.77188402771193, -87.68358840206334)"
CENTRAL AND LAKE,1742,400 N CENTRAL AVENUE,01/24/2015,9,1138928.478257537,1902217.926149854,41.887804621,-87.765268498,"(41.88780462053497, -87.76526849810371)"
WENTWORTH AND GARFIELD,2264,200 W GARFIELD BLVD,01/24/2015,20,1175889.574397302,1868551.750512227,41.794670385,-87.630547476,"(41.79467038468937, -87.63054747605638)"
LAKE SHORE DR AND BELMONT,1413,400 W BELMONT AVE,01/24/2015,64,1172981.744869382,1921577.376128802,41.940241193,-87.639639114,"(41.94024119325571, -87.63963911427594)"
WESTERN AND NORTH,1853,2400 W NORTH AVE,01/24/2015,4,1160100.839010995,1910612.783367238,41.910429862,-87.687284221,"(41.91042986235867, -87.68728422050837)"
IRVING PARK AND KEDZIE,1354,3200 W IRVING PARK ROAD,01/24/2015,1,1154325.140302006,1926458.463197156,41.954029047,-87.708077494,"(41.95402904691877, -87.70807749383191)"
CICERO AND NORTH,2034,4800 W NORTH AVENUE,01/24/2015,2,1144053.733747163,1910243.80567041,41.90973389,-87.746244973,"(41.909733890131285, -87.74624497295898)"
SACRAMENTO AND LAKE,1822,150 N SACRAMENTO BOUL,01/24/2015,9,1156319.560664766,1900957.489351962,41.884012178,-87.701436479,"(41.88401217771363, -87.7014364786693)"
PULASKI AND CHICAGO,1983,4000 W CHICAGO AVENUE,01/24/2015,2,1149561.855939692,1905086.596446259,41.895476752,-87.72614436,"(41.89547675163723, -87.72614435991626)"
HAMLIN AND LAKE,1882,300 N HAMLIN AVENUE,01/24/2015,11,1150970.026856642,1901381.688308858,41.885282636,-87.721069539,"(41.88528263580913, -87.72106953854511)"
HARLEM AND NORTHWEST HWY,1081,6400 N HARLEM AVE,01/24/2015,3,1127335.21218179,1941943.442727776,41.997018918,-87.806947715,"(41.99701891845275, -87.8069477154956)"
CICERO AND 47TH,2202,4700 S CICERO AVE,01/24/2015,1,1145112.150373471,1873006.659918126,41.807530373,-87.743296821,"(41.80753037289406, -87.7432968212423)"
CLARK AND IRVING PARK,1091,4000 N CLARK STREET,01/24/2015,2,1166736.149822904,1926699.323624709,41.954432441,-87.662446259,"(41.95443244141688, -87.66244625914061)"
HALSTED AND NORTH,1764,800 W NORTH AVENUE,01/24/2015,1,1170700.68422007,1910913.190749698,41.91102851,-87.648335806,"(41.91102850981186, -87.64833580602037)"
CERMAK AND PULASKI,2334,4000 W CERMAK,01/24/2015,1,1150018.476053666,1889120.238540361,41.851654369,-87.724882975,"(41.85165436867626, -87.7248829753078)"
99TH AND HALSTED,2431,9900 S HALSTED ST,01/24/2015,5,1172689.754200318,1839171.652197216,41.714118868,-87.643145408,"(41.714118868089905, -87.64314540818165)"
IRVING PARK AND NARRAGANSETT,1024,6400 W IRVING PK,01/24/2015,1,1132945.939118726,1925946.304925137,41.953024751,-87.786683238,"(41.95302475075328, -87.78668323766634)"
COLUMBUS AND ILLINOIS,1951,500 N COLUMBUS DRIVE,01/24/2015,5,1178372.808407292,1903693.06016042,41.891044569,-87.620371839,"(41.891044569124276, -87.620371839074)"
115TH AND HALSTED,2552,11500 S HALSTED STREE,01/24/2015,4,,,,,
MADISON AND CENTRAL,1751,0 S CENTRAL AVENUE,01/24/2015,1,,,,,
BROADWAY/SHERIDAN AND DEVON,1123,1200 W DEVON AVE,01/24/2015,2,1167109.644248166,1942688.147952186,41.998298228,-87.660611661,"(41.99829822771884, -87.66061166063517)"
LARAMIE AND MADISON,2043,5200 W MADISON STREET,01/24/2015,9,1141706.965522802,1899567.55684314,41.880480752,-87.755130433,"(41.88048075170171, -87.75513043296509)"
ASHLAND AND 95TH,2473,1600 W 95TH STREET,01/24/2015,4,1167323.753394196,1841755.029221382,41.721324412,-87.662724153,"(41.721324411975246, -87.66272415265087)"
IRVING PARK AND LARAMIE,1534,5200 W IRVING PARK ROA,09/18/2014,2,,,,,
ASHLAND AND 63RD,2681,6300 S ASHLAND AVE,01/24/2015,3,1166711.252809567,1862903.630015878,41.77937222,-87.664365347,"(41.77937222048469, -87.66436534741581)"
STONEY ISLAND AND 79TH,2462,7900 S STONEY ISLAND,01/24/2015,5,1188181.571068297,1852908.934789311,41.751460603,-87.585971993,"(41.75146060316686, -87.5859719929647)"
HARLEM AND BELMONT,1394,7200 W BELMONT AVE,01/24/2015,6,1127504.698153561,1920475.415440844,41.938105479,-87.806809552,"(41.93810547939496, -87.80680955240743)"
KEDZIE AND ARMITAGE,1832,2000 N KEDZIE AVENUE,01/24/2015,5,1154684.031809326,1913129.496340896,41.917446172,-87.707116072,"(41.91744617191702, -87.70711607187832)"
111TH AND HALSTED,2424,800 W 111TH ST,01/24/2015,2,1172945.404219168,1831282.917027882,41.692465363,-87.642440901,"(41.692465363421874, -87.64244090105778)"
CORTLAND AND ASHLAND,1721,1900 N ASHLAND AVE,01/24/2015,13,1165348.084854857,1912736.454335569,41.916147281,-87.667947354,"(41.91614728095272, -87.66794735350443)"
DAMEN AND FULLERTON,1663,2000 W FULLERTON AVE,01/24/2015,12,1162596.935552891,1915990.579747891,41.925134944,-87.677963546,"(41.92513494374925, -87.67796354553815)"
115TH AND HALSTED,2553,800 W 115TH STREET,01/24/2015,2,1173010.735357888,1828632.242070332,41.685190056,-87.642279564,"(41.68519005571938, -87.64227956401977)"
KIMBALL AND DIVERSEY,1583,3400 W DIVERSEY AVENUE,01/24/2015,2,1153211.149172713,1918454.477800566,41.932087747,-87.71238583,"(41.932087747378944, -87.71238582951281)"
HAMLIN AND MADISON,1903,3800 W MADISON STREET,01/24/2015,2,1151032.709141294,1899784.033986533,41.880897273,-87.720881226,"(41.880897273491264, -87.72088122613924)"
AUSTIN AND IRVING PARK,1161,4000 N AUSTIN AVENUE,01/24/2015,1,1135599.956110927,1926006.862619986,41.953144059,-87.776925284,"(41.95314405904539, -87.77692528423394)"
PULASKI AND MONTROSE,1294,4000 W MONTROSE AVENUE,01/24/2015,1,1148917.521854602,1928980.338532162,41.961055804,-87.727891206,"(41.96105580370759, -87.72789120598296)"
COLUMBUS AND ILLINOIS,1952,500 N COLUMBUS DRIVE,03/12/2015,6,1178372.808407292,1903693.06016042,41.891044569,-87.620371839,"(41.891044569124276, -87.620371839074)"
CENTRAL AND FULLERTON,1444,5600 W FULLERTON AVENU,03/12/2015,2,1138627.279189421,1915438.969256439,41.924090199,-87.76605353,"(41.92409019883488, -87.76605353016079)"
HAMLIN AND LAKE,1882,300 N HAMLIN AVENUE,11/24/2016,4,1150970.026856642,1901381.688308858,41.885282636,-87.721069539,"(41.88528263580913, -87.72106953854511)"
CENTRAL AND ADDISON,1682,3600 N CENTRAL AVENUE,03/12/2015,3,1138343.117435682,1923392.067464765,41.945919491,-87.766904594,"(41.945919490555106, -87.76690459426293)"
CALIFORNIA AND DIVERSEY,1514,2800 W DIVERSEY,03/12/2015,28,1157212.54253358,1918526.674434943,41.932205395,-87.697679244,"(41.93220539506452, -87.6976792438691)"
115TH AND HALSTED,2553,800 W 115TH STREET,03/12/2015,2,1173010.735357888,1828632.242070332,41.685190056,-87.642279564,"(41.68519005571938, -87.64227956401977)"
KEDZIE AND 31ST,2132,3100 S KEDZIE AVENUE,03/12/2015,3,1155483.167539854,1883867.660503274,41.837132671,-87.704967115,"(41.837132671422296, -87.70496711478727)"
PULASKI AND DIVISION,1801,1200 N PULASKI ROAD,11/20/2016,5,1149459.590666926,1907723.219884254,41.902713902,-87.726451457,"(41.902713901936174, -87.72645145715836)"
IRVING PARK AND KILPATRICK,2764,4700 W IRVING PARK ROA,03/12/2015,1,,,,,
PERSHING AND WESTERN,2112,3900 S WESTERN BLVD,03/12/2015,8,1161130.992078755,1878746.226354636,41.822963628,-87.684384785,"(41.82296362788048, -87.68438478541296)"
PULASKI AND DIVISION,1802,1200 N PULASKI ROAD,01/25/2015,3,1149459.590666926,1907723.219884254,41.902713902,-87.726451457,"(41.902713901936174, -87.72645145715836)"
CHICAGO AND CLARK,1964,100 W CHICAGO AVENUE,01/25/2015,1,1175374.528739575,1905745.47783364,41.896744347,-87.631321248,"(41.896744346875806, -87.63132124815151)"
WESTERN AND ARMITAGE,1862,2000 N WESTERN AVENUE,01/25/2015,1,1160006.66733459,1913226.418158186,41.917603818,-87.687557878,"(41.91760381794161, -87.68755787755686)"
ASHLAND AND ARCHER,2301,3100 S ASHLAND AVENUE,01/25/2015,2,1166131.325337548,1884126.42490739,41.837622344,-87.665887181,"(41.83762234415814, -87.66588718054551)"
CICERO AND HARRISON,2023,4800 W HARRISON STREET,01/25/2015,1,1144451.867388303,1896949.561959463,41.873245464,-87.745117179,"(41.873245464379586, -87.7451171788807)"
KIMBALL AND DIVERSEY,1581,2800 N KIMBALL AVENUE,01/25/2015,3,,,,,
HALSTED AND 103RD,2593,800 W 103RD STREET,01/25/2015,3,1172778.570616036,1836587.755252818,41.70702632,-87.642896007,"(41.707026319812215, -87.64289600741817)"
DAMEN AND DIVERSEY,1462,2800 N DAMEN AVENUE,01/25/2015,1,1162490.04851994,1918611.623717091,41.932329494,-87.678282719,"(41.9323294940985, -87.67828271931386)"
LINCOLN AND MCCORMICK,2751,6200 N LINCOLN AVENUE,01/25/2015,10,1152551.008921873,1941175.933038791,41.994450004,-87.714208439,"(41.9944500041165, -87.71420843920934)"
CLARK AND FULLERTON,1632,2400 N CLARK ST,01/25/2015,3,1172749.562209477,1916238.997132859,41.925597623,-87.640650973,"(41.925597623023144, -87.64065097309872)"
CICERO AND ADDISON,1612,3600 N CICERO AVENUE,01/25/2015,3,1143698.904601495,1923517.005821035,41.946163524,-87.747215169,"(41.94616352362556, -87.74721516897007)"
MADISON AND CENTRAL,1751,0 S CENTRAL AVENUE,01/25/2015,3,,,,,
ROOSEVELT AND HALSTED,2233,800 W ROOSEVELT ROAD,01/25/2015,1,1171199.282357741,1894968.056393724,41.867263098,-87.646972686,"(41.86726309836901, -87.64697268601648)"
CENTRAL AND DIVERSEY,1644,5600 W DIVERSEY AVENUE,01/25/2015,1,1138539.758528398,1918097.096677271,41.931385977,-87.766310532,"(41.93138597683265, -87.76631053155157)"
CICERO AND FULLERTON,1472,2400 N CICERO AVE,01/25/2015,2,1143961.592189569,1915545.343094087,41.92428359,-87.74645019,"(41.92428358982701, -87.74645019028947)"
IRVING PARK AND LARAMIE,1533,5200 W IRVING PARK ROA,01/25/2015,1,,,,,
VAN BUREN AND WESTERN,2054,2400 W VAN BUREN STREE,01/25/2015,6,,,,,
CHICAGO AND CLARK,1963,100 W CHICAGO AVENUE,01/25/2015,2,1175374.528739575,1905745.47783364,41.896744347,-87.631321248,"(41.896744346875806, -87.63132124815151)"
ASHLAND AND 95TH,2472,9500 S ASHLAND AVENUE,01/25/2015,5,1167295.830128711,1841695.121217916,41.721160612,-87.662828139,"(41.72116061205213, -87.66282813939165)"
HAMLIN AND MADISON,1901,0 N HAMLIN BOULEVARD,10/01/2014,3,,,,,
LARAMIE AND FULLERTON,1424,5200 W FULLERTON AVENUE,01/25/2015,4,1141305.554932016,1915502.611239048,41.924215797,-87.756210755,"(41.92421579723144, -87.75621075458939)"
ASHLAND AND LAWRENCE,1142,4800 N ASHLAND AVENUE,01/25/2015,4,1164751.686785145,1932001.206626392,41.96902343,-87.669590434,"(41.969023429614026, -87.66959043354217)"
35TH AND WESTERN,2091,3500 S WESTERN,01/25/2015,1,1160894.949857101,1881376.851112895,41.830187255,-87.685177925,"(41.83018725526863, -87.68517792510231)"
DIVISION AND DAMEN,1733,2000 W DIVISION,01/25/2015,7,1162815.710860194,1908034.672555531,41.903298793,-87.677383247,"(41.903298792681944, -87.67738324739636)"
WESTERN AND ADDISON,1562,3600 N WESTERN AVENUE,01/25/2015,3,1159695.573342728,1923871.086283556,41.94681992,-87.688406662,"(41.94681991986288, -87.68840666206194)"
WESTERN AND FULLERTON,1671,2400 N WESTERN AVENUE,01/25/2015,14,1159923.309342995,1915897.778561358,41.924935944,-87.687790255,"(41.92493594409127, -87.68779025471278)"
MILWAUKEE AND DEVON,1272,6400 N MILWAUKEE AVEN,01/25/2015,2,1132463.750397878,1942107.911507627,41.997382173,-87.788077674,"(41.99738217345368, -87.78807767391953)"
PULASKI AND BELMONT,1382,3200 N PULASKI RD,01/25/2015,2,1149125.621478734,1920994.556178086,41.939138154,-87.72733371,"(41.939138153500274, -87.7273337101426)"
CALIFORNIA AND PETERSON,1311,6000 N CALIFORNIA AVE,01/25/2015,1,1156545.742699118,1939775.775541795,41.990527717,-87.699552084,"(41.990527717148176, -87.69955208405155)"
VINCENNES AND 111TH,2531,11100 S VINCENNES AVE,01/25/2015,6,1167202.128381332,1831126.639262444,41.692160999,-87.663472469,"(41.69216099874656, -87.66347246868617)"
JEFFERY AND 79TH,2662,7900 S JEFFERY BOULEV,01/25/2015,1,,,,,
55TH AND WESTERN,2212,5500 S WESTERN AVE,01/25/2015,9,1161269.521335262,1867963.111601251,41.793370554,-87.684175377,"(41.79337055433029, -87.6841753767592)"
KEDZIE AND 71ST,2354,3200 W 71ST STREET,01/25/2015,2,1156246.862901455,1857404.014959868,41.764497433,-87.702877023,"(41.76449743256955, -87.70287702335861)"
HAMLIN AND LAKE,1881,300 N HAMLIN AVENUE,01/25/2015,3,1150970.026856642,1901381.688308858,41.885282636,-87.721069539,"(41.88528263580913, -87.72106953854511)"
CALIFORNIA AND DIVERSEY,1513,2800 W DIVERSEY,01/25/2015,1,1157212.54253358,1918526.674434943,41.932205395,-87.697679244,"(41.93220539506452, -87.6976792438691)"
CENTRAL AND IRVING PARK,1183,5600 W IRVING PARK ROAD,01/25/2015,1,1138281.535484986,1926078.647777633,41.953292847,-87.767065708,"(41.953292847298, -87.76706570775266)"
IRVING PARK AND LARAMIE,1534,5200 W IRVING PARK ROA,01/25/2015,2,,,,,
WESTERN AND CERMAK,1003,2400 W CERMAK ROAD,01/25/2015,1,1160678.000607329,1889375.645335924,41.852141307,-87.685752642,"(41.85214130680468, -87.6857526415569)"
WESTERN AND CHICAGO,1941,800 N WESTERN AVE,01/25/2015,1,1160220.967978608,1905277.507115921,41.895786955,-87.686990586,"(41.89578695485361, -87.68699058611217)"
ASHLAND AND DIVERSEY,1623,1600 W DIVERSEY PARKWA,01/25/2015,3,,,,,
VINCENNES AND 111TH,2532,11100 S VINCENNES AVE,01/25/2015,4,1167202.128381332,1831126.639262444,41.692160999,-87.663472469,"(41.69216099874656, -87.66347246868617)"
HOLLYWOOD AND SHERIDAN,1344,1000 W HOLLYWOOD AVE,01/25/2015,6,1168580.228926466,1938090.295189338,41.985649799,-87.655335807,"(41.98564979859328, -87.65533580655139)"
PULASKI AND DIVERSEY,1543,4000 W DIVERSEY AVENUE,01/25/2015,1,1149206.496130705,1918356.569267582,41.931897723,-87.72710503,"(41.9318977231462, -87.72710503045386)"
PULASKI AND IRVING PARK,1574,4000 W IRVING PARK RD,01/25/2015,6,1148988.727877253,1926320.954938409,41.953756874,-87.727698513,"(41.95375687447515, -87.72769851312907)"
HAMLIN AND MADISON,1903,3800 W MADISON STREET,01/25/2015,4,1151032.709141294,1899784.033986533,41.880897273,-87.720881226,"(41.880897273491264, -87.72088122613924)"
AUSTIN AND IRVING PARK,1161,4000 N AUSTIN AVENUE,01/25/2015,1,1135599.956110927,1926006.862619986,41.953144059,-87.776925284,"(41.95314405904539, -87.77692528423394)"
ASHLAND AND IRVING PARK,1153,1600 W IRVING PARK ROA,01/25/2015,1,,,,,
ROOSEVELT AND KOSTNER,2323,4400 W ROOSEVELT,01/25/2015,3,1147200.963258796,1894379.538078088,41.866140868,-87.73508956,"(41.866140867641654, -87.73508956008207)"
ASHLAND AND LAWRENCE,1143,1600 W LAWRENCE AVENUE,01/25/2015,5,1164771.946929007,1931988.254061312,41.968987457,-87.669516307,"(41.96898745654617, -87.66951630654926)"
HAMLIN AND LAKE,1882,300 N HAMLIN AVENUE,01/25/2015,3,1150970.026856642,1901381.688308858,41.885282636,-87.721069539,"(41.88528263580913, -87.72106953854511)"
CICERO AND I55,2251,4200 S CICERO AVENUE,01/25/2015,19,1145023.742859509,1876358.276835519,41.816729387,-87.743536712,"(41.81672938674739, -87.74353671247594)"
LAFAYETTE AND 87TH,2503,30 W 87TH STREET,01/25/2015,10,1177407.651800237,1847320.772058312,41.736376037,-87.625621311,"(41.736376036604916, -87.62562131092602)"
HARLEM AND BELMONT,1394,7200 W BELMONT AVE,01/25/2015,3,1127504.698153561,1920475.415440844,41.938105479,-87.806809552,"(41.93810547939496, -87.80680955240743)"
WESTERN AND NORTH,1851,1600 N WESTERN AVE,01/25/2015,4,1160077.474351131,1910605.013316134,41.910409024,-87.687370268,"(41.91040902362901, -87.687370268401)"
KEDZIE AND 31ST,2134,3200 W 31ST STREET,01/25/2015,1,1155487.128005646,1883943.061106793,41.8373395,-87.704950558,"(41.83733950029648, -87.70495055800411)"
ARCHER AND CICERO,2081,5200 S CICERO AVE,01/25/2015,8,1145195.931989777,1869737.708306623,41.798558278,-87.743071866,"(41.798558278193305, -87.74307186616427)"
71ST AND ASHLAND,2391,7100 S ASHLAND,01/25/2015,1,1166868.379865725,1857616.168087255,41.764859382,-87.663940176,"(41.764859382425385, -87.66394017630476)"
WESTERN AND ARMITAGE,1861,2000 N WESTERN AVENUE,01/25/2015,1,1160006.66733459,1913226.418158186,41.917603818,-87.687557878,"(41.91760381794161, -87.68755787755686)"
OGDEN AND KOSTNER,2223,4400 W OGDEN AVENUE,01/25/2015,1,1147406.592439224,1887689.099869462,41.847777523,-87.734505969,"(41.84777752280453, -87.73450596874825)"
4700 WESTERN,2141,4700 S WESTERN AVENUE,01/25/2015,5,1161120.438879703,1873431.066474726,41.808378408,-87.684570717,"(41.808378407946726, -87.68457071689552)"
HOLLYWOOD AND SHERIDAN,1343,1000 W HOLLYWOOD AVE,01/25/2015,2,1168580.228926466,1938090.295189338,41.985649799,-87.655335807,"(41.98564979859328, -87.65533580655139)"
VAN BUREN AND WESTERN,2052,400 S WESTERN AVENUE,01/25/2015,27,1160431.682297829,1898091.942371589,41.876064776,-87.686415631,"(41.87606477642526, -87.68641563098768)"
31ST ST AND MARTIN LUTHER KING DRIVE,2121,3100 S DR MARTIN L KING,09/12/2014,17,,,,,
CALIFORNIA AND DIVERSEY,1514,2800 W DIVERSEY,01/25/2015,25,1157212.54253358,1918526.674434943,41.932205395,-87.697679244,"(41.93220539506452, -87.6976792438691)"
CANAL AND ROOSEVELT,2291,1200 S CANAL STREET,01/25/2015,1,1173268.771030949,1894952.634878732,41.867175125,-87.639375813,"(41.86717512472001, -87.63937581258092)"
ASHLAND AND 87TH,2454,1600 W 87TH ST,01/25/2015,1,1167171.941297436,1847064.855345151,41.735898617,-87.663128781,"(41.735898617066006, -87.66312878090133)"
ASHLAND AND 87TH,2452,8700 S ASHLAND AVE,01/25/2015,1,1167150.470087748,1846991.212339794,41.735696989,-87.663209544,"(41.73569698863625, -87.66320954445679)"
55TH and PULASKI,2244,4000 W 55TH ST,01/25/2015,3,1150621.676903861,1867864.274865394,41.793313334,-87.723223038,"(41.79331333358753, -87.72322303812588)"
DAMEN AND 63RD,2701,6300 S DAMEN AVENUE,01/25/2015,1,1164069.407943298,1862830.277442834,41.779226921,-87.674052731,"(41.77922692069256, -87.67405273137854)"
STATE AND 79TH,2654,1 E 79TH STREET,01/25/2015,6,1177680.113652821,1852598.313477786,41.750852096,-87.624463832,"(41.75085209551078, -87.62446383210285)"
WESTERN AND DEVON,1211,6400 N WESTERN AVENUE,01/25/2015,1,1159113.585759434,1942451.622367891,41.997817807,-87.690033035,"(41.997817807026, -87.69003303469276)"
CICERO AND NORTH,2033,4800 W NORTH AVENUE,01/25/2015,2,1144053.733747163,1910243.80567041,41.90973389,-87.746244973,"(41.909733890131285, -87.74624497295898)"
SACRAMENTO AND LAKE,1822,150 N SACRAMENTO BOUL,01/25/2015,10,1156319.560664766,1900957.489351962,41.884012178,-87.701436479,"(41.88401217771363, -87.7014364786693)"
CALIFORNIA AND PETERSON,1313,2800 W PETERSON AVENUE,01/25/2015,2,1156569.515341857,1939784.830544118,41.990552082,-87.699464396,"(41.990552081681564, -87.69946439622785)"
CENTRAL AND IRVING PARK,1182,4000 N CENTRAL AVENUE,01/25/2015,1,1138258.614129764,1926071.172884932,41.953272751,-87.767150151,"(41.95327275103541, -87.76715015131407)"
HALSTED AND MADISON,1872,1 N HALSTED STREET,01/25/2015,8,1171090.967986833,1900270.454015136,41.881815632,-87.647214717,"(41.88181563164203, -87.64721471704077)"
MADISON AND WESTERN,1931,1 S WESTERN AVE,01/25/2015,1,1160453.827721979,1899933.703473746,41.881118279,-87.686283339,"(41.881118278833966, -87.686283338873)"
99TH AND HALSTED,2431,9900 S HALSTED ST,01/25/2015,3,1172689.754200318,1839171.652197216,41.714118868,-87.643145408,"(41.714118868089905, -87.64314540818165)"
PULASKI AND PETERSON,1263,4000 W PETERSON AVENUE,01/25/2015,5,1148618.560490339,1939615.133928395,41.990244186,-87.728714391,"(41.99024418564742, -87.7287143910091)"
PULASKI AND FOSTER,1104,4000 W FOSTER AVE,01/25/2015,2,1148759.16134887,1934294.249006446,41.975640616,-87.728335469,"(41.975640616231914, -87.72833546926573)"
63RD AND STATE,2714,1 E 63RD ST,01/25/2015,2,1177367.518733101,1863199.17768559,41.779949105,-87.625289553,"(41.779949104569106, -87.62528955333775)"
KEDZIE AND 26TH,2381,2600 S KEDZIE AVENUE,01/25/2015,2,1155404.235510285,1886524.460033054,41.844424831,-87.705185452,"(41.84442483084393, -87.70518545233183)"
83RD AND STONY ISLAND,2563,1600 E 83RD STREET,01/25/2015,1,1188383.194217679,1850307.01299095,41.744315875,-87.585316041,"(41.74431587464464, -87.58531604125469)"
DIVERSEY AND AUSTIN,1454,6000 W DIVERSEY AVENUE,01/25/2015,7,1135895.736169343,1918029.70673837,41.931248624,-87.776028612,"(41.931248623643455, -87.77602861172493)"
BROADWAY/SHERIDAN AND DEVON,1123,1200 W DEVON AVE,01/25/2015,2,1167109.644248166,1942688.147952186,41.998298228,-87.660611661,"(41.99829822771884, -87.66061166063517)"
CORTLAND AND ASHLAND,1721,1900 N ASHLAND AVE,01/25/2015,12,1165348.084854857,1912736.454335569,41.916147281,-87.667947354,"(41.91614728095272, -87.66794735350443)"
ASHLAND AND IRVING PARK,1151,4000 N ASHLAND AVENUE,01/25/2015,1,1164899.463802581,1926665.661118925,41.954379326,-87.66919912,"(41.954379326212695, -87.66919911980419)"
ELSTON AND FOSTER,1062,5200 N ELSTON AVENUE,01/25/2015,1,1142327.864249356,1934110.317720717,41.975258095,-87.751990557,"(41.97525809526954, -87.75199055715778)"
KEDZIE AND ARMITAGE,1832,2000 N KEDZIE AVENUE,01/25/2015,2,1154684.031809326,1913129.496340896,41.917446172,-87.707116072,"(41.91744617191702, -87.70711607187832)"
BLUE ISLAND AND DAMEN,2283,2416 S BLUE ISLAND AV,01/25/2015,1,1163271.402680135,1888053.313412189,41.848458633,-87.676271269,"(41.848458633352884, -87.67627126912292)"
WESTERN AND PRATT,1302,6800 N WESTERN AVENUE,01/25/2015,2,1159043.160898631,1945096.218978482,42.005076123,-87.69021903,"(42.00507612272344, -87.69021903022175)"
31ST AND CALIFORNIA,2064,2800 W 31ST,01/25/2015,1,,,,,
CICERO AND CHICAGO,1781,800 N CICERO AVENUE,01/25/2015,3,1144169.162482127,1904893.189220372,41.895049038,-87.745955516,"(41.89504903796389, -87.74595551626888)"
HAMLIN AND MADISON,1901,0 N HAMLIN BOULEVARD,01/25/2015,4,,,,,
HARLEM AND BELMONT,1391,3200 N HARLEM AVE,01/25/2015,4,1127481.020995451,1920467.613239239,41.938084468,-87.806896749,"(41.93808446822169, -87.80689674887883)"
DIVISION AND DAMEN,1734,2000 W DIVISION,01/25/2015,11,1162815.710860194,1908034.672555531,41.903298793,-87.677383247,"(41.903298792681944, -87.67738324739636)"
CERMAK AND PULASKI,2334,4000 W CERMAK,01/25/2015,1,1150018.476053666,1889120.238540361,41.851654369,-87.724882975,"(41.85165436867626, -87.7248829753078)"
35TH AND WESTERN,2092,3500 S WESTERN,01/25/2015,4,1160894.949857101,1881376.851112895,41.830187255,-87.685177925,"(41.83018725526863, -87.68517792510231)"
IRVING PARK AND NARRAGANSETT,1024,6400 W IRVING PK,01/25/2015,2,1132945.939118726,1925946.304925137,41.953024751,-87.786683238,"(41.95302475075328, -87.78668323766634)"
MONTROSE AND WESTERN,1224,2400 W MONTROSE AVENUE,01/25/2015,3,1159562.971802959,1929191.337701253,41.961421726,-87.68874698,"(41.961421726406314, -87.68874697983858)"
DAMEN AND FULLERTON,1662,2400 N DAMEN AVE,01/25/2015,1,1162574.442800845,1915955.081657831,41.925038006,-87.678047191,"(41.925038006410325, -87.67804719101314)"
IRVING PARK AND KEDZIE,1353,3200 W IRVING PARK ROAD,01/25/2015,3,1154325.140302006,1926458.463197156,41.954029047,-87.708077494,"(41.95402904691877, -87.70807749383191)"
CORNELL DRIVE AND 57TH,2182,5700 S CORNELL DRIVE,01/25/2015,4,1188165.732740433,1867529.196427323,41.791580204,-87.585564215,"(41.79158020433135, -87.58556421519536)"
CENTRAL AND ADDISON,1682,3600 N CENTRAL AVENUE,01/25/2015,2,1138343.117435682,1923392.067464765,41.945919491,-87.766904594,"(41.945919490555106, -87.76690459426293)"
WESTERN AND MARQUETTE,2672,6700 S WESTERN AVENUE,01/25/2015,8,1161488.747635042,1860134.788366884,41.771884028,-87.683588402,"(41.77188402771193, -87.68358840206334)"
CENTRAL AND CHICAGO,1972,800 N CENTRAL AVENUE,01/25/2015,2,1138836.562608552,1904801.732832435,41.894896579,-87.765543258,"(41.89489657939746, -87.76554325845893)"
CICERO AND WASHINGTON,1892,100 N CICERO AVENUE,01/25/2015,1,1144328.984091479,1900095.170838459,41.88187971,-87.745489247,"(41.88187970991601, -87.7454892473012)"
55TH and PULASKI,2242,5500 S PULASKI,01/25/2015,2,1150600.072649439,1867806.44512718,41.793155061,-87.723303765,"(41.793155060731024, -87.72330376464247)"
LAKE SHORE DR AND BELMONT,1413,400 W BELMONT AVE,01/25/2015,36,1172981.744869382,1921577.376128802,41.940241193,-87.639639114,"(41.94024119325571, -87.63963911427594)"
LAWRENCE AND WESTERN,1193,2400 W LAWRENCE AVENUE,01/25/2015,3,1159482.648570304,1931851.989492596,41.968724349,-87.688968727,"(41.96872434882172, -87.68896872699601)"
CENTRAL AND LAKE,1743,5600 W LAKE STREET,01/25/2015,1,1138951.495695032,1902230.510465733,41.887838735,-87.765183663,"(41.887838735330206, -87.76518366338465)"
LASALLE AND KINZIE,1923,140 W KINZIE,01/25/2015,2,1175048.09765242,1903028.894760294,41.889297219,-87.632601648,"(41.88929721947309, -87.63260164817305)"
KOSTNER AND NORTH,2013,4400 W NORTH,01/25/2015,3,1146738.551618032,1910309.595368032,41.909863573,-87.736380296,"(41.90986357340246, -87.73638029605371)"
31ST ST AND MARTIN LUTHER KING DRIVE,2123,400 E 31ST STREET,01/25/2015,1,1179437.985396417,1884565.84226022,41.838534018,-87.617046113,"(41.838534018118914, -87.61704611345726)"
KEDZIE AND 31ST,2132,3100 S KEDZIE AVENUE,01/25/2015,4,1155483.167539854,1883867.660503274,41.837132671,-87.704967115,"(41.837132671422296, -87.70496711478727)"
PERSHING AND WESTERN,2114,2400 W PERSHING ROAD,01/25/2015,3,1160957.773623189,1878793.434193427,41.82309676,-87.685018951,"(41.82309676016606, -87.68501895061576)"
WESTERN AND FOSTER,1074,2400 W FOSTER AVE,01/25/2015,1,1159379.402846887,1934502.712486132,41.97600019,-87.689275084,"(41.97600018976586, -87.68927508385399)"
IRVING PARK AND KEDZIE,1354,3200 W IRVING PARK ROAD,01/25/2015,1,1154325.140302006,1926458.463197156,41.954029047,-87.708077494,"(41.95402904691877, -87.70807749383191)"
71ST AND ASHLAND,2394,1600 W 71ST,01/25/2015,4,1166890.012333149,1857674.2502247,41.765018306,-87.66385923,"(41.76501830555763, -87.66385923012646)"
HALSTED AND FULLERTON,1704,800 W FULLERTON AVENUE,01/25/2015,4,1170525.624723311,1916208.443992778,41.925562791,-87.648823641,"(41.92556279107417, -87.64882364145232)"
FULLERTON AND NARRAGANSETT,1553,6400 W FULLERTON AVENU,01/25/2015,2,1133317.594499059,1915293.661305931,41.923786189,-87.785567206,"(41.92378618871128, -87.78556720562165)"
CICERO AND FULLERTON,1474,4800 W FULLERTON AVE,01/25/2015,6,1143967.570794243,1915568.504954477,41.924347036,-87.74642764,"(41.924347036010694, -87.74642763965628)"
FOSTER AND BROADWAY,1113,1200 W FOSTER AVE,01/25/2015,4,1167357.095930752,1934721.393266777,41.97643192,-87.659931806,"(41.97643192018459, -87.65993180604016)"
KOSTNER AND NORTH,2012,4400 W GRAND AVE,01/25/2015,5,1146773.519128439,1910425.663958581,41.91018141,-87.73624887,"(41.910181409597406, -87.73624887040725)"
119TH AND HALSTED,2402,11900 S HALSTED,01/25/2015,2,1173094.774616191,1825911.054609338,41.677720829,-87.642051845,"(41.67772082924762, -87.64205184498218)"
GARFIELD AND ASHLAND,2272,5500 S ASHLAND AVENUE,01/25/2015,2,1166573.960309557,1868083.777885787,41.793590116,-87.664720996,"(41.793590115883404, -87.66472099593501)"
111TH AND HALSTED,2422,11100 S HALSTED ST,01/25/2015,6,1172923.657689312,1831209.044179248,41.692263123,-87.642522688,"(41.692263123425136, -87.6425226876268)"
99TH AND HALSTED,2433,800 W 99TH ST,01/25/2015,3,1172710.642565684,1839246.330602143,41.714323337,-87.643066714,"(41.71432333701137, -87.64306671421937)"
83RD AND STONY ISLAND,2562,8300 S STONY ISLAND A,01/25/2015,11,1188212.052384068,1850245.675393851,41.744151639,-87.585945067,"(41.744151639041974, -87.58594506695293)"
HOMAN/KIMBALL AND NORTH,1773,3400 W NORTH AVE,01/25/2015,4,1153386.578905125,1910465.87061722,41.910162847,-87.711953868,"(41.91016284680269, -87.71195386769125)"
KEDZIE AND ARMITAGE,1834,3200 W ARMITAGE AVENUE,01/25/2015,3,1154700.851347995,1913153.252187904,41.917511023,-87.707053639,"(41.91751102291878, -87.7070536388797)"
COTTAGE GROVE AND 71ST,2572,7100 S COTTAGE GROVE,01/25/2015,4,1182746.23698699,1858088.011064538,41.765800351,-87.605729127,"(41.76580035131893, -87.6057291269901)"
HALSTED AND 95TH,2581,9500 S HALSTED STREET,01/25/2015,2,1172610.538363645,1841811.61926207,41.721365061,-87.643358042,"(41.72136506078306, -87.64335804234075)"
PULASKI AND DIVERSEY,1542,2800 N PULASKI ROAD,01/25/2015,1,1149200.724531183,1918332.222549679,41.931831026,-87.727126873,"(41.93183102561505, -87.72712687300454)"
HALSTED AND 103RD,2592,10300 S HALSTED STREE,01/25/2015,2,,,,,
WESTERN AND CHICAGO,1943,2400 W CHICAGO AVE,01/25/2015,3,1160226.686812944,1905300.904544474,41.895851041,-87.686968935,"(41.895851041123755, -87.68696893468467)"
LAFAYETTE AND 87TH,2502,8700 S LAFAYETTE AVEN,01/25/2015,4,1177417.493180297,1847243.988223464,41.73616511,-87.625587569,"(41.73616511008592, -87.62558756899932)"
ASHLAND AND ARCHER,2302,3100 S ARCHER AVENUE,01/25/2015,2,1166129.031970482,1884166.613649776,41.837732675,-87.66589445,"(41.83773267497158, -87.66589444999927)"
HALSTED AND MADISON,1871,1 S HALSTED STREET,01/25/2015,2,1171092.392868784,1900234.542088741,41.881717056,-87.647210539,"(41.88171705561901, -87.64721053920604)"
STONY ISLAND/CORNELL AND 67TH,2731,6700 S CORNELL DRIVE,01/25/2015,2,1188316.454860734,1860851.137456735,41.77325149,-87.5852246,"(41.77325148959568, -87.58522459967712)"
WESTERN AND TOUHY,1251,7200 N WESTERN AVENUE,01/25/2015,3,1158975.66256211,1947754.286963361,42.012371335,-87.690393917,"(42.012371334791766, -87.69039391737863)"
CENTRAL AND FULLERTON,1444,5600 W FULLERTON AVENU,01/25/2015,1,1138627.279189421,1915438.969256439,41.924090199,-87.76605353,"(41.92409019883488, -87.76605353016079)"
ASHLAND AND FULLERTON,1652,2400 N ASHLAND AVENUE,01/25/2015,11,1165228.073342838,1916032.319169157,41.92519389,-87.668294363,"(41.92519388981048, -87.66829436339881)"
HALSTED AND 63RD,2692,6300 S HALSTED STREET,01/25/2015,1,1172011.176373021,1863049.419962901,41.7796575,-87.644930993,"(41.77965750036339, -87.64493099278877)"
CENTRAL AND ADDISON,1683,5600 W ADDISON STREET,01/25/2015,3,1138349.663302502,1923416.02157061,41.945985104,-87.766879952,"(41.94598510430888, -87.76687995165918)"
ROOSEVELT AND PULASKI,2314,4000 W ROOSEVELT ROAD,01/25/2015,2,1149885.032049683,1894449.464076882,41.866281003,-87.72523422,"(41.866281002664536, -87.72523421983905)"
CICERO AND HARRISON,2022,600 S CICERO AVENUE,01/25/2015,4,1144444.97442848,1896894.622216872,41.873094833,-87.745143869,"(41.873094832519136, -87.74514386884542)"
MILWAUKEE AND MONTROSE,1364,5075 W MONTROSE AVENUE,01/25/2015,4,1141716.746618898,1928736.076639057,41.960522088,-87.754371424,"(41.96052208819935, -87.75437142402293)"
75TH AND STATE,2624,1 E 75TH STREET,01/25/2015,2,1177601.72646404,1855229.486604181,41.758074111,-87.624671658,"(41.75807411097799, -87.62467165835182)"
CICERO AND PETERSON,1204,4800 W PETERSON AVENUE,01/25/2015,1,1143273.766829016,1939491.944645127,41.990008007,-87.748376951,"(41.99000800729908, -87.74837695118997)"
MILWAUKEE AND DEVON,1274,6400 W DEVON AVENUE,01/25/2015,3,1132590.619798275,1942138.532048656,41.997463981,-87.787610243,"(41.99746398102873, -87.78761024341388)"
PETERSON AND WESTERN,1014,2400 W PETERSON,01/25/2015,5,1159214.211316277,1939825.301874586,41.99060901,-87.689735481,"(41.990609009807294, -87.68973548092968)"
DIVERSEY AND AUSTIN,1453,6000 W DIVERSEY AVENUE,01/25/2015,2,1135895.736169343,1918029.70673837,41.931248624,-87.776028612,"(41.931248623643455, -87.77602861172493)"
LAKE SHORE DR AND BELMONT,1412,3200 N LAKESHORE DRIV,01/25/2015,2,1173053.220555078,1921821.380831705,41.940909163,-87.63936916,"(41.94090916326764, -87.63936915995522)"
STONEY ISLAND AND 76TH,2631,7600 S STONY ISLAND A,01/25/2015,5,1188092.796191935,1854889.354158304,41.756897173,-87.586234285,"(41.75689717260223, -87.58623428506996)"
CICERO AND 47TH,2204,4800 W 47TH ST,01/25/2015,4,1145130.048925744,1873078.44198302,41.807727017,-87.743229366,"(41.80772701677172, -87.74322936566276)"
111TH AND HALSTED,2424,800 W 111TH ST,01/25/2015,1,1172945.404219168,1831282.917027882,41.692465363,-87.642440901,"(41.692465363421874, -87.64244090105778)"
ASHLAND AND DIVERSEY,1621,2800 N ASHLAND AVENUE,01/25/2015,20,1165139.964068357,1918674.245501741,41.932445362,-87.66854285,"(41.93244536200095, -87.6685428496422)"
STONY ISLAND/CORNELL AND 67TH,2721,6700 S STONY ISLAND A,01/25/2015,8,1187984.143047539,1860863.338367666,41.773292896,-87.586442368,"(41.77329289585066, -87.58644236831432)"
STATE AND 79TH,2651,7900 S STATE STREET,01/25/2015,5,1177618.166929966,1852621.870232838,41.750918138,-87.624690123,"(41.7509181383154, -87.62469012251644)"
CLARK AND IRVING PARK,1093,1300 W IRVING PARK ROAD,01/25/2015,4,1166777.545456989,1926719.73687357,41.954487567,-87.662293496,"(41.95448756687966, -87.66229349585691)"
WESTERN AND 79TH,2481,7900 S WESTERN AVE,01/25/2015,4,1161711.516404028,1852181.685686118,41.750054934,-87.682992203,"(41.750054933649984, -87.68299220290213)"
KIMBALL AND DIVERSEY,1583,3400 W DIVERSEY AVENUE,01/25/2015,1,1153211.149172713,1918454.477800566,41.932087747,-87.71238583,"(41.932087747378944, -87.71238582951281)"
COTTAGE GROVE AND 95TH,2603,800 E 95TH STREET,01/25/2015,8,1183230.529909316,1842186.614201556,41.722153939,-87.604447736,"(41.72215393877189, -87.60444773564429)"
WENTWORTH AND GARFIELD,2261,5500 S WENTWORTH AVEN,01/25/2015,9,,,,,
WESTERN AND ADDISON,1563,2400 W ADDISON,01/25/2015,6,1159719.041544334,1923878.577275797,41.946839991,-87.688320193,"(41.9468399910054, -87.68832019252964)"
IRVING PARK AND CALIFORNIA,1234,2800 W IRVING PARK ROA,01/25/2015,5,,,,,
PULASKI AND CHICAGO,1983,4000 W CHICAGO AVENUE,01/25/2015,2,1149561.855939692,1905086.596446259,41.895476752,-87.72614436,"(41.89547675163723, -87.72614435991626)"
KOSTNER AND NORTH,2011,1600 N KOSTNER,01/25/2015,1,1146732.108679105,1910282.120990798,41.909788304,-87.736404667,"(41.90978830394343, -87.73640466739216)"
STONEY ISLAND AND 76TH,2632,7600 S STONY ISLAND A,01/25/2015,9,1188092.796191935,1854889.354158304,41.756897173,-87.586234285,"(41.75689717260223, -87.58623428506996)"
DIVERSEY AND WESTERN,1431,2800 N WESTERN AVENUE,01/25/2015,1,1159837.205417355,1918550.506189309,41.932216988,-87.688033281,"(41.93221698794738, -87.68803328089533)"
BROADWAY/SHERIDAN AND DEVON,1122,6400 N SHERIDAN ROAD,01/25/2015,8,1167087.151194129,1942658.704988689,41.998217921,-87.660695256,"(41.99821792053241, -87.6606952555721)"
DAMEN AND DIVERSEY,1464,2000 W DIVERSEY PARKWAY,01/25/2015,3,1162519.714934025,1918635.417634925,41.932394164,-87.678173031,"(41.93239416403691, -87.67817303087757)"
WESTERN AND PRATT,1301,6800 N WESTERN AVENUE,01/25/2015,3,1159043.160898631,1945096.218978482,42.005076123,-87.69021903,"(42.00507612272344, -87.69021903022175)"
BELMONT AND KEDZIE,1372,3200 N KEDZIE AVE,01/25/2015,4,1154426.977874407,1921110.466549542,41.93935173,-87.707846594,"(41.93935173030961, -87.70784659359776)"
CALIFORNIA AND DEVON,1323,2800 W DEVON AVENUE,01/25/2015,1,1156484.528078038,1942377.980662191,41.997669523,-87.699706423,"(41.99766952286052, -87.69970642324591)"
ASHLAND AND 95TH,2473,1600 W 95TH STREET,01/25/2015,2,1167323.753394196,1841755.029221382,41.721324412,-87.662724153,"(41.721324411975246, -87.66272415265087)"
119TH AND HALSTED,2404,800 W 119TH STREET,01/25/2015,1,1173111.174088158,1825985.001014405,41.677923389,-87.641989646,"(41.677923389134385, -87.64198964584013)"
ASHLAND AND DIVISION,1791,1200 N ASHLAND AVENUE,01/25/2015,4,1165466.997046718,1908083.767015974,41.903377468,-87.667643142,"(41.903377467566784, -87.66764314227497)"
HALSTED AND NORTH,1761,1600 N HALSTED STREET,01/25/2015,1,1170678.283433825,1910880.991397547,41.910940644,-87.648419043,"(41.91094064391597, -87.64841904272998)"
HALSTED AND DIVISION,1714,800 W DIVISION,01/25/2015,4,1170767.827960358,1908259.644151662,41.903745557,-87.648167011,"(41.90374555734733, -87.64816701062779)"
HALSTED AND 83RD,2642,8300 S HALSTED STREET,01/25/2015,1,1172378.202798089,1849790.199606783,41.743264491,-87.64397498,"(41.743264490643654, -87.64397498015705)"
HALSTED AND NORTH,1764,800 W NORTH AVENUE,01/25/2015,1,1170700.68422007,1910913.190749698,41.91102851,-87.648335806,"(41.91102850981186, -87.64833580602037)"
PERSHING AND WESTERN,2112,3900 S WESTERN BLVD,01/25/2015,4,1161130.992078755,1878746.226354636,41.822963628,-87.684384785,"(41.82296362788048, -87.68438478541296)"
MILWAUKEE AND MONTROSE,1362,4400 N MILWAUKEE AVEN,01/25/2015,2,1141643.943268783,1928770.256316239,41.96061723,-87.75463824,"(41.9606172296957, -87.75463824007085)"
CENTRAL AND LAKE,1742,400 N CENTRAL AVENUE,01/25/2015,9,1138928.478257537,1902217.926149854,41.887804621,-87.765268498,"(41.88780462053497, -87.76526849810371)"
COLUMBUS AND ILLINOIS,1951,500 N COLUMBUS DRIVE,01/25/2015,3,1178372.808407292,1903693.06016042,41.891044569,-87.620371839,"(41.891044569124276, -87.620371839074)"
IRVING PARK AND KILPATRICK,2763,4700 W IRVING PARK ROA,01/25/2015,3,,,,,
87TH AND VINCENNES,2412,8700 S VINCENNES,01/25/2015,5,1172026.328989535,1847142.496643776,41.736006565,-87.645341819,"(41.73600656458518, -87.64534181897955)"
ROOSEVELT AND KOSTNER,2321,1200 S KOSTNER,01/25/2015,2,1147196.304001978,1894305.883269746,41.865938839,-87.735108549,"(41.8659388389088, -87.73510854901264)"
WESTERN AND 71ST,2612,7100 S WESTERN AVENUE,01/25/2015,4,1161563.704681724,1857484.211306323,41.764608912,-87.683387053,"(41.76460891223613, -87.68338705328121)"
ELSTON AND FOSTER,1063,4932 W FOSTER AVENUE,01/25/2015,1,1142393.863544234,1934160.513830056,41.975394608,-87.751746599,"(41.975394608045924, -87.75174659886025)"
LASALLE AND KINZIE,1921,400 N LASALLE,01/25/2015,3,1175028.579766798,1903002.552291359,41.889225372,-87.632674115,"(41.88922537162015, -87.63267411498495)"
ROOSEVELT AND PULASKI,2311,1200 S PULASKI ROAD,01/25/2015,4,1149866.002247864,1894375.839200384,41.866079337,-87.725305995,"(41.86607933722178, -87.7253059948758)"
PULASKI AND 63RD,2342,6300 S PULASKI RD,01/25/2015,9,1150746.00309079,1862516.747695325,41.778636469,-87.722906356,"(41.77863646878099, -87.72290635568541)"
TOUHY AND OSCEOLA,1244,7432 W TOUHY AVENUE,01/25/2015,1,1125717.010560011,1947269.685461107,42.011661765,-87.812781431,"(42.01166176507329, -87.81278143114147)"
LARAMIE AND MADISON,2044,5200 W MADISON STREET,01/25/2015,8,1141706.965522802,1899567.55684314,41.880480752,-87.755130433,"(41.88048075170171, -87.75513043296509)"
KEDZIE AND 71ST,2352,7100 S KEDZIE AVENUE,01/25/2015,6,1156225.540366296,1857330.103443232,41.764295037,-87.702957162,"(41.764295036756856, -87.70295716211793)"
CICERO AND ADDISON,1611,3600 N CICERO AVENUE,01/25/2015,5,1143698.904601495,1923517.005821035,41.946163524,-87.747215169,"(41.94616352362556, -87.74721516897007)"
STONEY ISLAND AND 79TH,2462,7900 S STONEY ISLAND,01/25/2015,2,1188181.571068297,1852908.934789311,41.751460603,-87.585971993,"(41.75146060316686, -87.5859719929647)"
63RD AND STATE,2712,6300 S STATE ST,01/25/2015,1,1177303.801895084,1863220.216755923,41.780008277,-87.625522512,"(41.78000827740796, -87.6255225119157)"
BELMONT AND KEDZIE,1373,3200 W BELMONT,01/25/2015,2,1154461.587940363,1921143.091003516,41.939440561,-87.707718516,"(41.93944056117365, -87.70771851630873)"
HOMAN/KIMBALL AND NORTH,1771,1600 N HOMAN AVENUE,01/25/2015,1,,,,,
SACRAMENTO AND CHICAGO,1814,3000 W CHICAGO AVENUE,01/25/2015,1,1156075.266375505,1905216.604770718,41.895704525,-87.702218524,"(41.895704524946225, -87.70221852353758)"
JEFFERY AND 79TH,2663,2000 E 79TH STREET,01/25/2015,3,1190922.804327671,1853026.181924232,41.751716559,-87.575923074,"(41.751716559267784, -87.57592307446549)"
CORNELL DRIVE AND 57TH,2181,5700 S CORNELL DRIVE,01/25/2015,3,1188165.732740433,1867529.196427323,41.791580204,-87.585564215,"(41.79158020433135, -87.58556421519536)"
CANAL AND ROOSEVELT,2294,500 W ROOSEVELT ROAD,01/25/2015,2,1173290.72186561,1895021.166235495,41.867362693,-87.639293195,"(41.867362692616666, -87.63929319464197)"
WENTWORTH AND GARFIELD,2264,200 W GARFIELD BLVD,01/25/2015,14,1175889.574397302,1868551.750512227,41.794670385,-87.630547476,"(41.79467038468937, -87.63054747605638)"
ROOSEVELT AND HALSTED,2234,800 W ROOSEVELT ROAD,01/25/2015,7,1171199.282357741,1894968.056393724,41.867263098,-87.646972686,"(41.86726309836901, -87.64697268601648)"
CENTRAL AND FULLERTON,1442,2400 N CENTRAL AVENUE,01/25/2015,1,1138603.468418662,1915431.058212414,41.924068922,-87.766141214,"(41.92406892227644, -87.76614121413186)"
ADDISON AND HARLEM,1591,3600 N HARLEM AVENUE,01/25/2015,3,1127394.594070737,1923110.532422811,41.945338412,-87.807154769,"(41.94533841246591, -87.80715476912044)"
ASHLAND AND FULLERTON,1651,2400 N ASHLAND AVENUE,01/25/2015,11,1165228.073342838,1916032.319169157,41.92519389,-87.668294363,"(41.92519388981048, -87.66829436339881)"
PULASKI AND FOSTER,1102,5200 N PULASKI RD,01/25/2015,1,1148746.251286324,1934286.914361976,41.97562074,-87.728383135,"(41.97562073966174, -87.72838313514907)"
PULASKI AND NORTH,1992,1600 N PULASKI AVENUE,01/25/2015,2,1149432.959240306,1910369.112502195,41.90997501,-87.726480523,"(41.909975010236906, -87.72648052306623)"
CLARK AND IRVING PARK,1091,4000 N CLARK STREET,01/25/2015,1,1166736.149822904,1926699.323624709,41.954432441,-87.662446259,"(41.95443244141688, -87.66244625914061)"
IRVING PARK AND KILPATRICK,2764,4700 W IRVING PARK ROA,01/25/2015,6,,,,,
FOSTER AND NAGLE,1031,5200 N NAGLE,01/25/2015,3,1132529.656558223,1934201.702060651,41.97568567,-87.788020406,"(41.97568566971868, -87.78802040620296)"
ELSTON AND IRVING PARK,1503,3700 W IRVING PARK ROA,01/25/2015,1,,,,,
FOSTER AND BROADWAY,1111,5200 N BROADWAY ST,01/25/2015,3,1167334.508577915,1934714.008346532,41.976412143,-87.660015082,"(41.97641214294823, -87.66001508205365)"
CICERO AND ARMITAGE,2001,2000 N CICERO AVENUE,01/25/2015,1,1144031.525719004,1912881.8300295,41.916973325,-87.746260223,"(41.91697332451097, -87.74626022251057)"
CICERO AND NORTH,2034,4800 W NORTH AVENUE,01/25/2015,3,1144053.733747163,1910243.80567041,41.90973389,-87.746244973,"(41.909733890131285, -87.74624497295898)"
CENTRAL AND BELMONT,1602,3200 N CENTRAL AVENUE,01/25/2015,1,1138430.432324593,1920731.654410336,41.938617463,-87.766648297,"(41.938617463272884, -87.76664829683827)"
55TH AND WESTERN,2213,2400 W 55TH STREET,01/25/2015,3,1161277.012730599,1868185.749490228,41.793981347,-87.684141741,"(41.7939813465735, -87.68414174128355)"
MONTROSE AND WESTERN,1221,4400 N WESTERN AVENUE,01/25/2015,3,1159539.733234718,1929183.918095502,41.961401846,-87.688832623,"(41.961401846278505, -87.6888326227788)"
SHERIDAN AND FOSTER,1134,1000 W FOSTER AVE,01/25/2015,1,1168689.247756979,1934758.578141654,41.976505116,-87.655031882,"(41.97650511595711, -87.65503188224778)"
115TH AND HALSTED,2552,11500 S HALSTED STREE,01/25/2015,5,,,,,
LARAMIE AND MADISON,2043,5200 W MADISON STREET,01/25/2015,10,1141706.965522802,1899567.55684314,41.880480752,-87.755130433,"(41.88048075170171, -87.75513043296509)"
LARAMIE AND MADISON,2043,5200 W MADISON STREET,03/12/2015,10,1141706.965522802,1899567.55684314,41.880480752,-87.755130433,"(41.88048075170171, -87.75513043296509)"
CENTRAL AND BELMONT,1604,5600 W BELMONT AVENUE,03/12/2015,1,1138453.617438343,1920755.972768412,41.938683775,-87.766562494,"(41.93868377475747, -87.76656249384537)"
PULASKI AND IRVING PARK,1574,4000 W IRVING PARK RD,03/12/2015,1,1148988.727877253,1926320.954938409,41.953756874,-87.727698513,"(41.95375687447515, -87.72769851312907)"
ASHLAND AND 87TH,2454,1600 W 87TH ST,03/12/2015,7,1167171.941297436,1847064.855345151,41.735898617,-87.663128781,"(41.735898617066006, -87.66312878090133)"
CICERO AND CHICAGO,1781,800 N CICERO AVENUE,03/12/2015,1,1144169.162482127,1904893.189220372,41.895049038,-87.745955516,"(41.89504903796389, -87.74595551626888)"
KEDZIE AND 26TH,2382,2600 S KEDZIE AVENUE,11/20/2016,2,1155404.235510285,1886524.460033054,41.844424831,-87.705185452,"(41.84442483084393, -87.70518545233183)"
CICERO AND FULLERTON,1472,2400 N CICERO AVE,03/12/2015,1,1143961.592189569,1915545.343094087,41.92428359,-87.74645019,"(41.92428358982701, -87.74645019028947)"
LARAMIE AND MADISON,2044,5200 W MADISON STREET,03/12/2015,17,1141706.965522802,1899567.55684314,41.880480752,-87.755130433,"(41.88048075170171, -87.75513043296509)"
HALSTED AND MADISON,1872,1 N HALSTED STREET,01/27/2015,7,1171090.967986833,1900270.454015136,41.881815632,-87.647214717,"(41.88181563164203, -87.64721471704077)"
ELSTON AND LAWRENCE,1282,4800 N ELSTON AVENUE,01/26/2015,2,1145529.344259918,1931501.601268983,41.968039361,-87.740283894,"(41.96803936143674, -87.74028389448999)"
CENTRAL AND CHICAGO,1973,5600 W CHICAGO AVENUE,01/26/2015,1,1138858.856732452,1904825.827586656,41.894962293,-87.765460791,"(41.89496229349977, -87.76546079122906)"
PULASKI AND ARCHER,2153,5000 S ARCHER AVE,01/26/2015,1,1150501.818909837,1871162.311703322,41.802365973,-87.723576766,"(41.80236597333895, -87.72357676611004)"
ELSTON AND ADDISON,1403,3216 W ADDISON ST,01/27/2015,2,1154199.729816868,1923799.345386665,41.946734755,-87.708609774,"(41.946734754927796, -87.7086097735515)"
WESTERN AND 63RD,2373,2400 W 63RD ST,01/27/2015,1,1161444.415758584,1862848.534703658,41.779331844,-87.683675761,"(41.77933184429814, -87.68367576084798)"
WESTERN AND FOSTER,1074,2400 W FOSTER AVE,01/27/2015,1,1159379.402846887,1934502.712486132,41.97600019,-87.689275084,"(41.97600018976586, -87.68927508385399)"
55TH AND WESTERN,2213,2400 W 55TH STREET,01/26/2015,1,1161277.012730599,1868185.749490228,41.793981347,-87.684141741,"(41.7939813465735, -87.68414174128355)"
CICERO AND CHICAGO,1783,4800 W CHICAGO AVENUE,01/27/2015,1,1144175.291152764,1904916.255225279,41.895112219,-87.745932427,"(41.89511221857764, -87.74593242701515)"
IRVING PARK AND KEDZIE,1354,3200 W IRVING PARK ROAD,01/27/2015,1,1154325.140302006,1926458.463197156,41.954029047,-87.708077494,"(41.95402904691877, -87.70807749383191)"
COLUMBUS AND ILLINOIS,1951,500 N COLUMBUS DRIVE,01/26/2015,6,1178372.808407292,1903693.06016042,41.891044569,-87.620371839,"(41.891044569124276, -87.620371839074)"
IRVING PARK AND KEDZIE,1353,3200 W IRVING PARK ROAD,01/27/2015,3,1154325.140302006,1926458.463197156,41.954029047,-87.708077494,"(41.95402904691877, -87.70807749383191)"
ARCHER AND CICERO,2081,5200 S CICERO AVE,01/27/2015,10,1145195.931989777,1869737.708306623,41.798558278,-87.743071866,"(41.798558278193305, -87.74307186616427)"
CICERO AND CHICAGO,1781,800 N CICERO AVENUE,01/26/2015,3,1144169.162482127,1904893.189220372,41.895049038,-87.745955516,"(41.89504903796389, -87.74595551626888)"
ASHLAND AND MADISON,1911,0 N ASHLAND AVE,09/28/2014,9,,,,,
PULASKI AND ARMITAGE,1843,4000 W ARMITAGE AVENUE,01/27/2015,5,1149375.428872108,1913028.984273181,41.917275069,-87.726622746,"(41.91727506940875, -87.72662274644799)"
SHERIDAN AND FOSTER,1132,5200 N SHERIDAN ROAD,01/27/2015,1,1168661.623718229,1934753.842272756,41.976492721,-87.655133605,"(41.97649272077833, -87.65513360456677)"
LASALLE AND KINZIE,1921,400 N LASALLE,01/27/2015,3,1175028.579766798,1903002.552291359,41.889225372,-87.632674115,"(41.88922537162015, -87.63267411498495)"
SACRAMENTO AND LAKE,1821,150 N SACRAMENTO BOUL,01/26/2015,2,1156319.560664766,1900957.489351962,41.884012178,-87.701436479,"(41.88401217771363, -87.7014364786693)"
75TH AND STATE,2624,1 E 75TH STREET,01/26/2015,10,1177601.72646404,1855229.486604181,41.758074111,-87.624671658,"(41.75807411097799, -87.62467165835182)"
PULASKI AND FOSTER,1104,4000 W FOSTER AVE,01/27/2015,4,1148759.16134887,1934294.249006446,41.975640616,-87.728335469,"(41.975640616231914, -87.72833546926573)"
35TH AND WESTERN,2091,3500 S WESTERN,01/27/2015,2,1160894.949857101,1881376.851112895,41.830187255,-87.685177925,"(41.83018725526863, -87.68517792510231)"
LINCOLN AND MCCORMICK,2751,6200 N LINCOLN AVENUE,01/27/2015,5,1152551.008921873,1941175.933038791,41.994450004,-87.714208439,"(41.9944500041165, -87.71420843920934)"
STONEY ISLAND AND 76TH,2631,7600 S STONY ISLAND A,01/27/2015,2,1188092.796191935,1854889.354158304,41.756897173,-87.586234285,"(41.75689717260223, -87.58623428506996)"
31ST ST AND MARTIN LUTHER KING DRIVE,2121,3100 S DR MARTIN L KING,01/27/2015,10,,,,,
HALSTED AND 103RD,2593,800 W 103RD STREET,01/27/2015,4,1172778.570616036,1836587.755252818,41.70702632,-87.642896007,"(41.707026319812215, -87.64289600741817)"
CENTRAL AND IRVING PARK,1182,4000 N CENTRAL AVENUE,01/26/2015,1,1138258.614129764,1926071.172884932,41.953272751,-87.767150151,"(41.95327275103541, -87.76715015131407)"
KEDZIE AND 26TH,2381,2600 S KEDZIE AVENUE,01/26/2015,1,1155404.235510285,1886524.460033054,41.844424831,-87.705185452,"(41.84442483084393, -87.70518545233183)"
JEFFERY AND 95TH,2523,2000 E 95TH ST,01/26/2015,1,1191188.381103057,1842410.411853539,41.722579473,-87.575292523,"(41.722579473126416, -87.57529252250366)"
WESTERN AND CHICAGO,1943,2400 W CHICAGO AVE,01/26/2015,2,1160226.686812944,1905300.904544474,41.895851041,-87.686968935,"(41.895851041123755, -87.68696893468467)"
KIMBALL AND DIVERSEY,1581,2800 N KIMBALL AVENUE,01/26/2015,2,,,,,
VINCENNES AND 111TH,2532,11100 S VINCENNES AVE,01/26/2015,2,1167202.128381332,1831126.639262444,41.692160999,-87.663472469,"(41.69216099874656, -87.66347246868617)"
HALSTED AND FULLERTON,1704,800 W FULLERTON AVENUE,01/26/2015,1,1170525.624723311,1916208.443992778,41.925562791,-87.648823641,"(41.92556279107417, -87.64882364145232)"
SACRAMENTO AND LAKE,1821,150 N SACRAMENTO BOUL,01/27/2015,7,1156319.560664766,1900957.489351962,41.884012178,-87.701436479,"(41.88401217771363, -87.7014364786693)"
WESTERN AND ADDISON,1563,2400 W ADDISON,01/27/2015,1,1159719.041544334,1923878.577275797,41.946839991,-87.688320193,"(41.9468399910054, -87.68832019252964)"
ASHLAND AND IRVING PARK,1151,4000 N ASHLAND AVENUE,01/26/2015,1,1164899.463802581,1926665.661118925,41.954379326,-87.66919912,"(41.954379326212695, -87.66919911980419)"
CICERO AND ADDISON,1612,3600 N CICERO AVENUE,01/26/2015,4,1143698.904601495,1923517.005821035,41.946163524,-87.747215169,"(41.94616352362556, -87.74721516897007)"
HARLEM AND NORTHWEST HWY,1082,6400 N HARLEM AVE,01/27/2015,2,1127335.21218179,1941943.442727776,41.997018918,-87.806947715,"(41.99701891845275, -87.8069477154956)"
STONY ISLAND/CORNELL AND 67TH,2721,6700 S STONY ISLAND A,01/26/2015,10,1187984.143047539,1860863.338367666,41.773292896,-87.586442368,"(41.77329289585066, -87.58644236831432)"
HALSTED AND DIVISION,1714,800 W DIVISION,01/26/2015,2,1170767.827960358,1908259.644151662,41.903745557,-87.648167011,"(41.90374555734733, -87.64816701062779)"
HOMAN/KIMBALL AND NORTH,1771,1600 N HOMAN AVENUE,10/14/2014,1,,,,,
87TH AND VINCENNES,2412,8700 S VINCENNES,01/26/2015,5,1172026.328989535,1847142.496643776,41.736006565,-87.645341819,"(41.73600656458518, -87.64534181897955)"
STONEY ISLAND AND 79TH,2462,7900 S STONEY ISLAND,01/27/2015,11,1188181.571068297,1852908.934789311,41.751460603,-87.585971993,"(41.75146060316686, -87.5859719929647)"
WESTERN AND FOSTER,1072,5200 N WESTERN AVE,01/27/2015,4,1159372.922497116,1934478.313674003,41.975933372,-87.689299589,"(41.97593337199358, -87.6892995891816)"
ELSTON AND IRVING PARK,1503,3700 W IRVING PARK ROA,01/26/2015,4,,,,,
CICERO AND PETERSON,1202,6000 N CICERO AVENUE,01/26/2015,2,1143247.733553094,1939479.342905704,41.989973915,-87.748473024,"(41.98997391514614, -87.74847302426933)"
CICERO AND 47TH,2204,4800 W 47TH ST,01/27/2015,5,1145130.048925744,1873078.44198302,41.807727017,-87.743229366,"(41.80772701677172, -87.74322936566276)"
ASHLAND AND 63RD,2681,6300 S ASHLAND AVE,01/27/2015,2,1166711.252809567,1862903.630015878,41.77937222,-87.664365347,"(41.77937222048469, -87.66436534741581)"
PULASKI AND DIVISION,1801,1200 N PULASKI ROAD,01/27/2015,2,1149459.590666926,1907723.219884254,41.902713902,-87.726451457,"(41.902713901936174, -87.72645145715836)"
BELMONT AND KEDZIE,1372,3200 N KEDZIE AVE,01/27/2015,9,1154426.977874407,1921110.466549542,41.93935173,-87.707846594,"(41.93935173030961, -87.70784659359776)"
JEFFERY AND 79TH,2663,2000 E 79TH STREET,01/27/2015,1,1190922.804327671,1853026.181924232,41.751716559,-87.575923074,"(41.751716559267784, -87.57592307446549)"
AUSTIN AND IRVING PARK,1161,4000 N AUSTIN AVENUE,01/26/2015,3,1135599.956110927,1926006.862619986,41.953144059,-87.776925284,"(41.95314405904539, -87.77692528423394)"
PULASKI AND 63RD,2342,6300 S PULASKI RD,01/26/2015,5,1150746.00309079,1862516.747695325,41.778636469,-87.722906356,"(41.77863646878099, -87.72290635568541)"
DIVISION AND DAMEN,1733,2000 W DIVISION,01/26/2015,3,1162815.710860194,1908034.672555531,41.903298793,-87.677383247,"(41.903298792681944, -87.67738324739636)"
HARLEM AND NORTHWEST HWY,1081,6400 N HARLEM AVE,01/27/2015,7,1127335.21218179,1941943.442727776,41.997018918,-87.806947715,"(41.99701891845275, -87.8069477154956)"
MILWAUKEE AND MONTROSE,1364,5075 W MONTROSE AVENUE,01/26/2015,7,1141716.746618898,1928736.076639057,41.960522088,-87.754371424,"(41.96052208819935, -87.75437142402293)"
WESTERN AND NORTH,1853,2400 W NORTH AVE,01/27/2015,1,1160100.839010995,1910612.783367238,41.910429862,-87.687284221,"(41.91042986235867, -87.68728422050837)"
FULLERTON AND NARRAGANSETT,1553,6400 W FULLERTON AVENU,01/27/2015,1,1133317.594499059,1915293.661305931,41.923786189,-87.785567206,"(41.92378618871128, -87.78556720562165)"
CALIFORNIA AND DEVON,1323,2800 W DEVON AVENUE,01/27/2015,3,1156484.528078038,1942377.980662191,41.997669523,-87.699706423,"(41.99766952286052, -87.69970642324591)"
TOUHY AND OSCEOLA,1244,7432 W TOUHY AVENUE,01/27/2015,3,1125717.010560011,1947269.685461107,42.011661765,-87.812781431,"(42.01166176507329, -87.81278143114147)"
KEDZIE AND 26TH,2381,2600 S KEDZIE AVENUE,01/27/2015,1,1155404.235510285,1886524.460033054,41.844424831,-87.705185452,"(41.84442483084393, -87.70518545233183)"
HAMLIN AND LAKE,1881,300 N HAMLIN AVENUE,01/26/2015,3,1150970.026856642,1901381.688308858,41.885282636,-87.721069539,"(41.88528263580913, -87.72106953854511)"
HALSTED AND FULLERTON,1701,2400 N HALSTED STREET,01/26/2015,1,1170501.602639925,1916200.061550148,41.925540315,-87.648912156,"(41.925540315431995, -87.64891215551155)"
KEDZIE AND 26TH,2382,2600 S KEDZIE AVENUE,01/26/2015,1,1155404.235510285,1886524.460033054,41.844424831,-87.705185452,"(41.84442483084393, -87.70518545233183)"
CENTRAL AND FULLERTON,1444,5600 W FULLERTON AVENU,01/26/2015,1,1138627.279189421,1915438.969256439,41.924090199,-87.76605353,"(41.92409019883488, -87.76605353016079)"
LAKE SHORE DR AND BELMONT,1413,400 W BELMONT AVE,01/27/2015,24,1172981.744869382,1921577.376128802,41.940241193,-87.639639114,"(41.94024119325571, -87.63963911427594)"
HALSTED AND 103RD,2592,10300 S HALSTED STREE,01/27/2015,2,,,,,
ASHLAND AND MADISON,1911,0 N ASHLAND AVE,01/27/2015,5,,,,,
PULASKI AND PETERSON,1263,4000 W PETERSON AVENUE,01/26/2015,7,1148618.560490339,1939615.133928395,41.990244186,-87.728714391,"(41.99024418564742, -87.7287143910091)"
ELSTON AND IRVING PARK,1503,3700 W IRVING PARK ROA,11/20/2016,8,,,,,
WESTERN AND CHICAGO,1941,800 N WESTERN AVE,01/27/2015,1,1160220.967978608,1905277.507115921,41.895786955,-87.686990586,"(41.89578695485361, -87.68699058611217)"
ELSTON AND LAWRENCE,1284,4440 W LAWRENCE AVENUE,01/27/2015,4,1145715.061027481,1931571.0474838,41.968226398,-87.739599251,"(41.96822639754791, -87.73959925065756)"
ASHLAND AND MADISON,1914,1600 W MADISON,01/27/2015,3,1165723.014733182,1900136.515489506,41.881564167,-87.666929463,"(41.8815641670199, -87.66692946294842)"
STONEY ISLAND AND 76TH,2632,7600 S STONY ISLAND A,01/26/2015,5,1188092.796191935,1854889.354158304,41.756897173,-87.586234285,"(41.75689717260223, -87.58623428506996)"
FOSTER AND NAGLE,1031,5200 N NAGLE,01/26/2015,5,1132529.656558223,1934201.702060651,41.97568567,-87.788020406,"(41.97568566971868, -87.78802040620296)"
CANAL AND ROOSEVELT,2294,500 W ROOSEVELT ROAD,01/16/2015,6,1173290.72186561,1895021.166235495,41.867362693,-87.639293195,"(41.867362692616666, -87.63929319464197)"
DIVERSEY AND WESTERN,1431,2800 N WESTERN AVENUE,01/27/2015,3,1159837.205417355,1918550.506189309,41.932216988,-87.688033281,"(41.93221698794738, -87.68803328089533)"
WESTERN AND ARMITAGE,1861,2000 N WESTERN AVENUE,01/27/2015,1,1160006.66733459,1913226.418158186,41.917603818,-87.687557878,"(41.91760381794161, -87.68755787755686)"
FULLERTON AND NARRAGANSETT,1554,6400 W FULLERTON AVENU,01/26/2015,6,1133317.594499059,1915293.661305931,41.923786189,-87.785567206,"(41.92378618871128, -87.78556720562165)"
ASHLAND AND DIVISION,1791,1200 N ASHLAND AVENUE,01/26/2015,4,1165466.997046718,1908083.767015974,41.903377468,-87.667643142,"(41.903377467566784, -87.66764314227497)"
PULASKI AND BELMONT,1382,3200 N PULASKI RD,01/27/2015,2,1149125.621478734,1920994.556178086,41.939138154,-87.72733371,"(41.939138153500274, -87.7273337101426)"
63RD AND STATE,2714,1 E 63RD ST,01/27/2015,6,1177367.518733101,1863199.17768559,41.779949105,-87.625289553,"(41.779949104569106, -87.62528955333775)"
VINCENNES AND 111TH,2531,11100 S VINCENNES AVE,01/27/2015,3,1167202.128381332,1831126.639262444,41.692160999,-87.663472469,"(41.69216099874656, -87.66347246868617)"
WESTERN AND 51ST,2174,2400 W 51ST ST,01/26/2015,1,1161218.987472846,1870836.843263966,41.801257492,-87.684281116,"(41.801257491998776, -87.68428111564593)"
ELSTON AND IRVING PARK,1502,4000 N ELSTON AVENUE,01/27/2015,2,1151273.974828198,1926311.849469842,41.953687266,-87.719297882,"(41.95368726563273, -87.71929788151473)"
STATE AND 79TH,2651,7900 S STATE STREET,01/27/2015,1,1177618.166929966,1852621.870232838,41.750918138,-87.624690123,"(41.7509181383154, -87.62469012251644)"
ROOSEVELT AND HALSTED,2233,800 W ROOSEVELT ROAD,01/26/2015,8,1171199.282357741,1894968.056393724,41.867263098,-87.646972686,"(41.86726309836901, -87.64697268601648)"
TOUHY AND OSCEOLA,1244,7432 W TOUHY AVENUE,01/26/2015,2,1125717.010560011,1947269.685461107,42.011661765,-87.812781431,"(42.01166176507329, -87.81278143114147)"
IRVING PARK AND LARAMIE,1534,5200 W IRVING PARK ROA,01/26/2015,2,,,,,
CENTRAL AND IRVING PARK,1183,5600 W IRVING PARK ROAD,01/26/2015,3,1138281.535484986,1926078.647777633,41.953292847,-87.767065708,"(41.953292847298, -87.76706570775266)"
115TH AND HALSTED,2553,800 W 115TH STREET,01/26/2015,2,1173010.735357888,1828632.242070332,41.685190056,-87.642279564,"(41.68519005571938, -87.64227956401977)"
CLARK AND FULLERTON,1632,2400 N CLARK ST,01/26/2015,2,1172749.562209477,1916238.997132859,41.925597623,-87.640650973,"(41.925597623023144, -87.64065097309872)"
HALSTED AND NORTH,1764,800 W NORTH AVENUE,01/27/2015,5,1170700.68422007,1910913.190749698,41.91102851,-87.648335806,"(41.91102850981186, -87.64833580602037)"
71ST AND ASHLAND,2391,7100 S ASHLAND,01/27/2015,2,1166868.379865725,1857616.168087255,41.764859382,-87.663940176,"(41.764859382425385, -87.66394017630476)"
CICERO AND WASHINGTON,1891,100 N CICERO AVENUE,01/27/2015,5,1144328.984091479,1900095.170838459,41.88187971,-87.745489247,"(41.88187970991601, -87.7454892473012)"
CICERO AND HARRISON,2022,600 S CICERO AVENUE,01/27/2015,1,1144444.97442848,1896894.622216872,41.873094833,-87.745143869,"(41.873094832519136, -87.74514386884542)"
PULASKI AND MONTROSE,1294,4000 W MONTROSE AVENUE,01/27/2015,1,1148917.521854602,1928980.338532162,41.961055804,-87.727891206,"(41.96105580370759, -87.72789120598296)"
IRVING PARK AND NARRAGANSETT,1023,6400 W IRVING PK,01/27/2015,1,1132945.939118726,1925946.304925137,41.953024751,-87.786683238,"(41.95302475075328, -87.78668323766634)"
HALSTED AND 103RD,2593,800 W 103RD STREET,01/26/2015,4,1172778.570616036,1836587.755252818,41.70702632,-87.642896007,"(41.707026319812215, -87.64289600741817)"
COLUMBUS AND ILLINOIS,1952,500 N COLUMBUS DRIVE,01/27/2015,1,1178372.808407292,1903693.06016042,41.891044569,-87.620371839,"(41.891044569124276, -87.620371839074)"
KEDZIE AND 31ST,2132,3100 S KEDZIE AVENUE,01/27/2015,6,1155483.167539854,1883867.660503274,41.837132671,-87.704967115,"(41.837132671422296, -87.70496711478727)"
CICERO AND FULLERTON,1472,2400 N CICERO AVE,01/26/2015,1,1143961.592189569,1915545.343094087,41.92428359,-87.74645019,"(41.92428358982701, -87.74645019028947)"
BELMONT AND KEDZIE,1373,3200 W BELMONT,01/27/2015,2,1154461.587940363,1921143.091003516,41.939440561,-87.707718516,"(41.93944056117365, -87.70771851630873)"
STONEY ISLAND AND 76TH,2632,7600 S STONY ISLAND A,01/27/2015,6,1188092.796191935,1854889.354158304,41.756897173,-87.586234285,"(41.75689717260223, -87.58623428506996)"
STONEY ISLAND AND 79TH,2464,1600 E 79TH ST,01/26/2015,1,1188284.704439907,1852964.829047574,41.751611523,-87.585592284,"(41.75161152327319, -87.58559228428787)"
99TH AND HALSTED,2433,800 W 99TH ST,01/26/2015,3,1172710.642565684,1839246.330602143,41.714323337,-87.643066714,"(41.71432333701137, -87.64306671421937)"
ASHLAND AND ARCHER,2301,3100 S ASHLAND AVENUE,01/26/2015,1,1166131.325337548,1884126.42490739,41.837622344,-87.665887181,"(41.83762234415814, -87.66588718054551)"
DIVERSEY AND AUSTIN,1454,6000 W DIVERSEY AVENUE,01/27/2015,1,1135895.736169343,1918029.70673837,41.931248624,-87.776028612,"(41.931248623643455, -87.77602861172493)"
CICERO AND 47TH,2204,4800 W 47TH ST,01/26/2015,4,1145130.048925744,1873078.44198302,41.807727017,-87.743229366,"(41.80772701677172, -87.74322936566276)"
MONTROSE AND WESTERN,1221,4400 N WESTERN AVENUE,01/27/2015,3,1159539.733234718,1929183.918095502,41.961401846,-87.688832623,"(41.961401846278505, -87.6888326227788)"
DIVERSEY AND WESTERN,1434,2400 W DIVERSEY AVENUE,01/26/2015,2,1159859.648423836,1918576.255784305,41.932287183,-87.687950093,"(41.93228718299094, -87.6879500934122)"
83RD AND STONY ISLAND,2563,1600 E 83RD STREET,01/26/2015,5,1188383.194217679,1850307.01299095,41.744315875,-87.585316041,"(41.74431587464464, -87.58531604125469)"
4700 WESTERN,2141,4700 S WESTERN AVENUE,01/27/2015,6,1161120.438879703,1873431.066474726,41.808378408,-87.684570717,"(41.808378407946726, -87.68457071689552)"
LAFAYETTE AND 87TH,2503,30 W 87TH STREET,01/27/2015,12,1177407.651800237,1847320.772058312,41.736376037,-87.625621311,"(41.736376036604916, -87.62562131092602)"
LAFAYETTE AND 87TH,2503,30 W 87TH STREET,01/26/2015,10,1177407.651800237,1847320.772058312,41.736376037,-87.625621311,"(41.736376036604916, -87.62562131092602)"
COTTAGE GROVE AND 71ST,2572,7100 S COTTAGE GROVE,01/27/2015,1,1182746.23698699,1858088.011064538,41.765800351,-87.605729127,"(41.76580035131893, -87.6057291269901)"
ASHLAND AND LAWRENCE,1142,4800 N ASHLAND AVENUE,01/27/2015,2,1164751.686785145,1932001.206626392,41.96902343,-87.669590434,"(41.969023429614026, -87.66959043354217)"
PULASKI AND DIVERSEY,1543,4000 W DIVERSEY AVENUE,01/26/2015,4,1149206.496130705,1918356.569267582,41.931897723,-87.72710503,"(41.9318977231462, -87.72710503045386)"
DAMEN AND 63RD,2701,6300 S DAMEN AVENUE,01/26/2015,6,1164069.407943298,1862830.277442834,41.779226921,-87.674052731,"(41.77922692069256, -87.67405273137854)"
LAFAYETTE AND 87TH,2502,8700 S LAFAYETTE AVEN,01/26/2015,4,1177417.493180297,1847243.988223464,41.73616511,-87.625587569,"(41.73616511008592, -87.62558756899932)"
WESTERN AND 51ST,2172,5100 S WESTERN BLVD,01/26/2015,1,1161345.691274872,1870773.193852299,41.801080204,-87.683818209,"(41.801080203554356, -87.68381820888895)"
WESTERN AND 79TH,2481,7900 S WESTERN AVE,01/27/2015,4,1161711.516404028,1852181.685686118,41.750054934,-87.682992203,"(41.750054933649984, -87.68299220290213)"
LASALLE AND KINZIE,1923,140 W KINZIE,01/27/2015,5,1175048.09765242,1903028.894760294,41.889297219,-87.632601648,"(41.88929721947309, -87.63260164817305)"
ASHLAND AND DIVERSEY,1623,1600 W DIVERSEY PARKWA,01/27/2015,4,,,,,
CICERO AND FULLERTON,1472,2400 N CICERO AVE,01/27/2015,6,1143961.592189569,1915545.343094087,41.92428359,-87.74645019,"(41.92428358982701, -87.74645019028947)"
79TH AND HALSTED,2543,800 W 79TH STREET,01/27/2015,4,1172320.105719411,1852517.9814434,41.750751157,-87.644107793,"(41.75075115747316, -87.64410779300933)"
WESTERN AND TOUHY,1251,7200 N WESTERN AVENUE,01/27/2015,1,1158975.66256211,1947754.286963361,42.012371335,-87.690393917,"(42.012371334791766, -87.69039391737863)"
KEDZIE AND ARMITAGE,1832,2000 N KEDZIE AVENUE,01/27/2015,6,1154684.031809326,1913129.496340896,41.917446172,-87.707116072,"(41.91744617191702, -87.70711607187832)"
WESTERN AND PRATT,1301,6800 N WESTERN AVENUE,01/26/2015,5,1159043.160898631,1945096.218978482,42.005076123,-87.69021903,"(42.00507612272344, -87.69021903022175)"
KEDZIE AND ARMITAGE,1832,2000 N KEDZIE AVENUE,01/26/2015,5,1154684.031809326,1913129.496340896,41.917446172,-87.707116072,"(41.91744617191702, -87.70711607187832)"
CHICAGO AND CLARK,1963,100 W CHICAGO AVENUE,01/26/2015,5,1175374.528739575,1905745.47783364,41.896744347,-87.631321248,"(41.896744346875806, -87.63132124815151)"
HALSTED AND 63RD,2691,6300 S HALSTED STREET,01/27/2015,2,1172011.176373021,1863049.419962901,41.7796575,-87.644930993,"(41.77965750036339, -87.64493099278877)"
STONEY ISLAND AND 79TH,2461,7900 S SOUTH CHICAGO AVE,01/26/2015,1,1188274.655498937,1852865.685797892,41.751339705,-87.585632266,"(41.751339704589455, -87.58563226565187)"
CENTRAL AND BELMONT,1604,5600 W BELMONT AVENUE,01/27/2015,2,1138453.617438343,1920755.972768412,41.938683775,-87.766562494,"(41.93868377475747, -87.76656249384537)"
DAMEN AND FULLERTON,1663,2000 W FULLERTON AVE,01/27/2015,3,1162596.935552891,1915990.579747891,41.925134944,-87.677963546,"(41.92513494374925, -87.67796354553815)"
WESTERN AND MARQUETTE,2672,6700 S WESTERN AVENUE,01/26/2015,11,1161488.747635042,1860134.788366884,41.771884028,-87.683588402,"(41.77188402771193, -87.68358840206334)"
STONY ISLAND/CORNELL AND 67TH,2731,6700 S CORNELL DRIVE,01/27/2015,6,1188316.454860734,1860851.137456735,41.77325149,-87.5852246,"(41.77325148959568, -87.58522459967712)"
MILWAUKEE AND DEVON,1272,6400 N MILWAUKEE AVEN,01/27/2015,3,1132463.750397878,1942107.911507627,41.997382173,-87.788077674,"(41.99738217345368, -87.78807767391953)"
BROADWAY/SHERIDAN AND DEVON,1122,6400 N SHERIDAN ROAD,01/26/2015,8,1167087.151194129,1942658.704988689,41.998217921,-87.660695256,"(41.99821792053241, -87.6606952555721)"
HARLEM AND BELMONT,1394,7200 W BELMONT AVE,01/27/2015,2,1127504.698153561,1920475.415440844,41.938105479,-87.806809552,"(41.93810547939496, -87.80680955240743)"
WENTWORTH AND GARFIELD,2264,200 W GARFIELD BLVD,01/27/2015,10,1175889.574397302,1868551.750512227,41.794670385,-87.630547476,"(41.79467038468937, -87.63054747605638)"
63RD AND STATE,2712,6300 S STATE ST,01/27/2015,3,1177303.801895084,1863220.216755923,41.780008277,-87.625522512,"(41.78000827740796, -87.6255225119157)"
KEDZIE AND ARMITAGE,1834,3200 W ARMITAGE AVENUE,01/27/2015,2,1154700.851347995,1913153.252187904,41.917511023,-87.707053639,"(41.91751102291878, -87.7070536388797)"
ROOSEVELT AND HALSTED,2234,800 W ROOSEVELT ROAD,01/27/2015,10,1171199.282357741,1894968.056393724,41.867263098,-87.646972686,"(41.86726309836901, -87.64697268601648)"
MONTROSE AND WESTERN,1224,2400 W MONTROSE AVENUE,01/27/2015,2,1159562.971802959,1929191.337701253,41.961421726,-87.68874698,"(41.961421726406314, -87.68874697983858)"
DAMEN AND FULLERTON,1662,2400 N DAMEN AVE,01/27/2015,1,1162574.442800845,1915955.081657831,41.925038006,-87.678047191,"(41.925038006410325, -87.67804719101314)"
MADISON AND CENTRAL,1751,0 S CENTRAL AVENUE,01/26/2015,7,,,,,
CENTRAL AND IRVING PARK,1182,4000 N CENTRAL AVENUE,01/27/2015,2,1138258.614129764,1926071.172884932,41.953272751,-87.767150151,"(41.95327275103541, -87.76715015131407)"
ASHLAND AND 95TH,2473,1600 W 95TH STREET,01/26/2015,2,1167323.753394196,1841755.029221382,41.721324412,-87.662724153,"(41.721324411975246, -87.66272415265087)"
79TH AND HALSTED,2541,7900 S HALSTED STREET,01/27/2015,2,1172298.707400847,1852444.344822186,41.750549559,-87.644188368,"(41.750549559438944, -87.64418836784098)"
PULASKI AND PETERSON,1262,6000 N PULASKI ROAD,01/26/2015,1,1148598.016685695,1939584.645960177,41.990160923,-87.728790748,"(41.99016092280557, -87.72879074759867)"
PULASKI AND ARCHER,2154,5000 S ARCHER AVE,01/27/2015,1,1150501.818909837,1871162.311703322,41.802365973,-87.723576766,"(41.80236597333895, -87.72357676611004)"
WESTERN AND NORTH,1851,1600 N WESTERN AVE,01/27/2015,2,1160077.474351131,1910605.013316134,41.910409024,-87.687370268,"(41.91040902362901, -87.687370268401)"
LINCOLN AND MCCORMICK,2751,6200 N LINCOLN AVENUE,01/26/2015,14,1152551.008921873,1941175.933038791,41.994450004,-87.714208439,"(41.9944500041165, -87.71420843920934)"
WESTERN AND DEVON,1211,6400 N WESTERN AVENUE,01/27/2015,3,1159113.585759434,1942451.622367891,41.997817807,-87.690033035,"(41.997817807026, -87.69003303469276)"
IRVING PARK AND KEDZIE,1354,3200 W IRVING PARK ROAD,01/26/2015,1,1154325.140302006,1926458.463197156,41.954029047,-87.708077494,"(41.95402904691877, -87.70807749383191)"
CICERO AND FULLERTON,1474,4800 W FULLERTON AVE,01/27/2015,2,1143967.570794243,1915568.504954477,41.924347036,-87.74642764,"(41.924347036010694, -87.74642763965628)"
PULASKI AND DIVERSEY,1542,2800 N PULASKI ROAD,01/27/2015,1,1149200.724531183,1918332.222549679,41.931831026,-87.727126873,"(41.93183102561505, -87.72712687300454)"
ASHLAND AND 47TH,2192,4700 S ASHLAND AVENUE,01/26/2015,1,1166423.624284841,1873520.235394001,41.808511597,-87.665117292,"(41.8085115972472, -87.66511729173287)"
CICERO AND HARRISON,2023,4800 W HARRISON STREET,01/27/2015,1,1144451.867388303,1896949.561959463,41.873245464,-87.745117179,"(41.873245464379586, -87.7451171788807)"
PULASKI AND LAWRENCE,1172,4800 N PULASKI ROAD,01/26/2015,1,1148821.701520117,1931605.974570937,41.968262595,-87.728175316,"(41.968262595100775, -87.7281753157596)"
COLUMBUS AND ILLINOIS,1951,500 N COLUMBUS DRIVE,01/27/2015,15,1178372.808407292,1903693.06016042,41.891044569,-87.620371839,"(41.891044569124276, -87.620371839074)"
35TH AND WESTERN,2092,3500 S WESTERN,01/26/2015,1,1160894.949857101,1881376.851112895,41.830187255,-87.685177925,"(41.83018725526863, -87.68517792510231)"
DIVISION AND DAMEN,1734,2000 W DIVISION,01/26/2015,13,1162815.710860194,1908034.672555531,41.903298793,-87.677383247,"(41.903298792681944, -87.67738324739636)"
CORTLAND AND ASHLAND,1723,1600 W CORTLAND ST,01/27/2015,2,1165377.660768235,1912768.773647285,41.916235337,-87.667837772,"(41.91623533746878, -87.66783777212962)"
CICERO AND I55,2251,4200 S CICERO AVENUE,01/26/2015,18,1145023.742859509,1876358.276835519,41.816729387,-87.743536712,"(41.81672938674739, -87.74353671247594)"
ASHLAND AND DIVERSEY,1621,2800 N ASHLAND AVENUE,01/26/2015,23,1165139.964068357,1918674.245501741,41.932445362,-87.66854285,"(41.93244536200095, -87.6685428496422)"
111TH AND HALSTED,2422,11100 S HALSTED ST,01/26/2015,8,1172923.657689312,1831209.044179248,41.692263123,-87.642522688,"(41.692263123425136, -87.6425226876268)"
CORNELL DRIVE AND 57TH,2182,5700 S CORNELL DRIVE,01/27/2015,5,1188165.732740433,1867529.196427323,41.791580204,-87.585564215,"(41.79158020433135, -87.58556421519536)"
HALSTED AND 63RD,2691,6300 S HALSTED STREET,01/26/2015,1,1172011.176373021,1863049.419962901,41.7796575,-87.644930993,"(41.77965750036339, -87.64493099278877)"
JEFFERY AND 79TH,2662,7900 S JEFFERY BOULEV,01/26/2015,1,,,,,
ASHLAND AND DIVISION,1791,1200 N ASHLAND AVENUE,01/27/2015,3,1165466.997046718,1908083.767015974,41.903377468,-87.667643142,"(41.903377467566784, -87.66764314227497)"
HARLEM AND BELMONT,1394,7200 W BELMONT AVE,01/26/2015,3,1127504.698153561,1920475.415440844,41.938105479,-87.806809552,"(41.93810547939496, -87.80680955240743)"
ASHLAND AND 87TH,2454,1600 W 87TH ST,01/27/2015,4,1167171.941297436,1847064.855345151,41.735898617,-87.663128781,"(41.735898617066006, -87.66312878090133)"
HAMLIN AND LAKE,1882,300 N HAMLIN AVENUE,01/26/2015,3,1150970.026856642,1901381.688308858,41.885282636,-87.721069539,"(41.88528263580913, -87.72106953854511)"
IRVING PARK AND CALIFORNIA,1234,2800 W IRVING PARK ROA,01/26/2015,5,,,,,
55TH and PULASKI,2242,5500 S PULASKI,01/27/2015,2,1150600.072649439,1867806.44512718,41.793155061,-87.723303765,"(41.793155060731024, -87.72330376464247)"
BELMONT AND KEDZIE,1371,3200 N KEDZIE AVENUE,01/27/2015,1,1154426.977874407,1921110.466549542,41.93935173,-87.707846594,"(41.93935173030961, -87.70784659359776)"
VAN BUREN AND WESTERN,2052,400 S WESTERN AVENUE,01/26/2015,30,1160431.682297829,1898091.942371589,41.876064776,-87.686415631,"(41.87606477642526, -87.68641563098768)"
WESTERN AND ADDISON,1562,3600 N WESTERN AVENUE,01/26/2015,2,1159695.573342728,1923871.086283556,41.94681992,-87.688406662,"(41.94681991986288, -87.68840666206194)"
CORNELL DRIVE AND 57TH,2181,5700 S CORNELL DRIVE,01/26/2015,4,1188165.732740433,1867529.196427323,41.791580204,-87.585564215,"(41.79158020433135, -87.58556421519536)"
WESTERN AND DEVON,1211,6400 N WESTERN AVENUE,01/26/2015,3,1159113.585759434,1942451.622367891,41.997817807,-87.690033035,"(41.997817807026, -87.69003303469276)"
HOLLYWOOD AND SHERIDAN,1343,1000 W HOLLYWOOD AVE,01/26/2015,3,1168580.228926466,1938090.295189338,41.985649799,-87.655335807,"(41.98564979859328, -87.65533580655139)"
PETERSON AND WESTERN,1014,2400 W PETERSON,01/26/2015,4,1159214.211316277,1939825.301874586,41.99060901,-87.689735481,"(41.990609009807294, -87.68973548092968)"
JEFFERY AND 95TH,2523,2000 E 95TH ST,01/27/2015,1,1191188.381103057,1842410.411853539,41.722579473,-87.575292523,"(41.722579473126416, -87.57529252250366)"
MONTROSE AND WESTERN,1221,4400 N WESTERN AVENUE,01/26/2015,2,1159539.733234718,1929183.918095502,41.961401846,-87.688832623,"(41.961401846278505, -87.6888326227788)"
VINCENNES AND 111TH,2532,11100 S VINCENNES AVE,01/27/2015,4,1167202.128381332,1831126.639262444,41.692160999,-87.663472469,"(41.69216099874656, -87.66347246868617)"
CANAL AND ROOSEVELT,2291,1200 S CANAL STREET,01/26/2015,4,1173268.771030949,1894952.634878732,41.867175125,-87.639375813,"(41.86717512472001, -87.63937581258092)"
LASALLE AND KINZIE,1921,400 N LASALLE,01/26/2015,5,1175028.579766798,1903002.552291359,41.889225372,-87.632674115,"(41.88922537162015, -87.63267411498495)"
KIMBALL AND DIVERSEY,1583,3400 W DIVERSEY AVENUE,01/26/2015,3,1153211.149172713,1918454.477800566,41.932087747,-87.71238583,"(41.932087747378944, -87.71238582951281)"
PULASKI AND DIVISION,1802,1200 N PULASKI ROAD,01/26/2015,1,1149459.590666926,1907723.219884254,41.902713902,-87.726451457,"(41.902713901936174, -87.72645145715836)"
IRVING PARK AND NARRAGANSETT,1024,6400 W IRVING PK,01/27/2015,2,1132945.939118726,1925946.304925137,41.953024751,-87.786683238,"(41.95302475075328, -87.78668323766634)"
ARCHER AND CICERO,2081,5200 S CICERO AVE,01/26/2015,15,1145195.931989777,1869737.708306623,41.798558278,-87.743071866,"(41.798558278193305, -87.74307186616427)"
COTTAGE GROVE AND 71ST,2571,7100 S COTTAGE GROVE,01/27/2015,3,1182746.23698699,1858088.011064538,41.765800351,-87.605729127,"(41.76580035131893, -87.6057291269901)"
DIVERSEY AND WESTERN,1431,2800 N WESTERN AVENUE,01/26/2015,2,1159837.205417355,1918550.506189309,41.932216988,-87.688033281,"(41.93221698794738, -87.68803328089533)"
ASHLAND AND DIVERSEY,1621,2800 N ASHLAND AVENUE,01/27/2015,13,1165139.964068357,1918674.245501741,41.932445362,-87.66854285,"(41.93244536200095, -87.6685428496422)"
CALIFORNIA AND DIVERSEY,1513,2800 W DIVERSEY,01/27/2015,1,1157212.54253358,1918526.674434943,41.932205395,-87.697679244,"(41.93220539506452, -87.6976792438691)"
PULASKI AND DIVISION,1801,1200 N PULASKI ROAD,01/26/2015,1,1149459.590666926,1907723.219884254,41.902713902,-87.726451457,"(41.902713901936174, -87.72645145715836)"
CANAL AND ROOSEVELT,2294,500 W ROOSEVELT ROAD,01/27/2015,7,1173290.72186561,1895021.166235495,41.867362693,-87.639293195,"(41.867362692616666, -87.63929319464197)"
ROOSEVELT AND PULASKI,2314,4000 W ROOSEVELT ROAD,01/27/2015,4,1149885.032049683,1894449.464076882,41.866281003,-87.72523422,"(41.866281002664536, -87.72523421983905)"
WENTWORTH AND GARFIELD,2261,5500 S WENTWORTH AVEN,01/26/2015,13,,,,,
ASHLAND AND 87TH,2452,8700 S ASHLAND AVE,01/27/2015,4,1167150.470087748,1846991.212339794,41.735696989,-87.663209544,"(41.73569698863625, -87.66320954445679)"
CLARK AND IRVING PARK,1093,1300 W IRVING PARK ROAD,01/27/2015,8,1166777.545456989,1926719.73687357,41.954487567,-87.662293496,"(41.95448756687966, -87.66229349585691)"
PETERSON AND WESTERN,1014,2400 W PETERSON,01/27/2015,6,1159214.211316277,1939825.301874586,41.99060901,-87.689735481,"(41.990609009807294, -87.68973548092968)"
STONEY ISLAND AND 76TH,2631,7600 S STONY ISLAND A,01/26/2015,6,1188092.796191935,1854889.354158304,41.756897173,-87.586234285,"(41.75689717260223, -87.58623428506996)"
WESTERN AND ADDISON,1562,3600 N WESTERN AVENUE,01/27/2015,2,1159695.573342728,1923871.086283556,41.94681992,-87.688406662,"(41.94681991986288, -87.68840666206194)"
PULASKI AND ARMITAGE,1844,4000 W ARMITAGE AVENUE,01/27/2015,2,1149375.428872108,1913028.984273181,41.917275069,-87.726622746,"(41.91727506940875, -87.72662274644799)"
119TH AND HALSTED,2404,800 W 119TH STREET,01/27/2015,1,1173111.174088158,1825985.001014405,41.677923389,-87.641989646,"(41.677923389134385, -87.64198964584013)"
WESTERN AND ARMITAGE,1861,2000 N WESTERN AVENUE,01/26/2015,1,1160006.66733459,1913226.418158186,41.917603818,-87.687557878,"(41.91760381794161, -87.68755787755686)"
HALSTED AND 63RD,2692,6300 S HALSTED STREET,01/26/2015,2,1172011.176373021,1863049.419962901,41.7796575,-87.644930993,"(41.77965750036339, -87.64493099278877)"
ADDISON AND HARLEM,1591,3600 N HARLEM AVENUE,01/27/2015,1,1127394.594070737,1923110.532422811,41.945338412,-87.807154769,"(41.94533841246591, -87.80715476912044)"
WESTERN AND 79TH,2481,7900 S WESTERN AVE,01/26/2015,2,1161711.516404028,1852181.685686118,41.750054934,-87.682992203,"(41.750054933649984, -87.68299220290213)"
DAMEN AND DIVERSEY,1464,2000 W DIVERSEY PARKWAY,01/26/2015,2,1162519.714934025,1918635.417634925,41.932394164,-87.678173031,"(41.93239416403691, -87.67817303087757)"
DIVISION AND DAMEN,1733,2000 W DIVISION,01/27/2015,3,1162815.710860194,1908034.672555531,41.903298793,-87.677383247,"(41.903298792681944, -87.67738324739636)"
WESTERN AND TOUHY,1251,7200 N WESTERN AVENUE,01/26/2015,3,1158975.66256211,1947754.286963361,42.012371335,-87.690393917,"(42.012371334791766, -87.69039391737863)"
HAMLIN AND LAKE,1881,300 N HAMLIN AVENUE,01/27/2015,6,1150970.026856642,1901381.688308858,41.885282636,-87.721069539,"(41.88528263580913, -87.72106953854511)"
87TH AND VINCENNES,2412,8700 S VINCENNES,01/27/2015,3,1172026.328989535,1847142.496643776,41.736006565,-87.645341819,"(41.73600656458518, -87.64534181897955)"
GARFIELD AND ASHLAND,2272,5500 S ASHLAND AVENUE,01/27/2015,2,1166573.960309557,1868083.777885787,41.793590116,-87.664720996,"(41.793590115883404, -87.66472099593501)"
LARAMIE AND MADISON,2044,5200 W MADISON STREET,01/26/2015,9,1141706.965522802,1899567.55684314,41.880480752,-87.755130433,"(41.88048075170171, -87.75513043296509)"
PULASKI AND CHICAGO,1983,4000 W CHICAGO AVENUE,01/26/2015,1,1149561.855939692,1905086.596446259,41.895476752,-87.72614436,"(41.89547675163723, -87.72614435991626)"
WESTERN AND CERMAK,1003,2400 W CERMAK ROAD,01/26/2015,2,1160678.000607329,1889375.645335924,41.852141307,-87.685752642,"(41.85214130680468, -87.6857526415569)"
31ST ST AND MARTIN LUTHER KING DRIVE,2123,400 E 31ST STREET,01/26/2015,3,1179437.985396417,1884565.84226022,41.838534018,-87.617046113,"(41.838534018118914, -87.61704611345726)"
111TH AND HALSTED,2422,11100 S HALSTED ST,01/27/2015,12,1172923.657689312,1831209.044179248,41.692263123,-87.642522688,"(41.692263123425136, -87.6425226876268)"
WESTERN AND CHICAGO,1941,800 N WESTERN AVE,01/26/2015,4,1160220.967978608,1905277.507115921,41.895786955,-87.686990586,"(41.89578695485361, -87.68699058611217)"
4700 WESTERN,2141,4700 S WESTERN AVENUE,01/26/2015,3,1161120.438879703,1873431.066474726,41.808378408,-87.684570717,"(41.808378407946726, -87.68457071689552)"
ASHLAND AND FULLERTON,1652,2400 N ASHLAND AVENUE,01/27/2015,9,1165228.073342838,1916032.319169157,41.92519389,-87.668294363,"(41.92519388981048, -87.66829436339881)"
PULASKI AND NORTH,1992,1600 N PULASKI AVENUE,01/26/2015,1,1149432.959240306,1910369.112502195,41.90997501,-87.726480523,"(41.909975010236906, -87.72648052306623)"
ELSTON AND IRVING PARK,1503,3700 W IRVING PARK ROA,01/27/2015,3,,,,,
BELMONT AND KEDZIE,1372,3200 N KEDZIE AVE,01/26/2015,17,1154426.977874407,1921110.466549542,41.93935173,-87.707846594,"(41.93935173030961, -87.70784659359776)"
HOLLYWOOD AND SHERIDAN,1343,1000 W HOLLYWOOD AVE,01/27/2015,6,1168580.228926466,1938090.295189338,41.985649799,-87.655335807,"(41.98564979859328, -87.65533580655139)"
CORTLAND AND ASHLAND,1721,1900 N ASHLAND AVE,01/27/2015,13,1165348.084854857,1912736.454335569,41.916147281,-87.667947354,"(41.91614728095272, -87.66794735350443)"
CERMAK AND PULASKI,2334,4000 W CERMAK,01/27/2015,3,1150018.476053666,1889120.238540361,41.851654369,-87.724882975,"(41.85165436867626, -87.7248829753078)"
CERMAK AND PULASKI,2332,2200 S PULASKI,01/27/2015,1,1150012.876838243,1889071.75851865,41.851521442,-87.724904787,"(41.85152144233116, -87.7249047867499)"
PULASKI AND 63RD,2342,6300 S PULASKI RD,01/27/2015,2,1150746.00309079,1862516.747695325,41.778636469,-87.722906356,"(41.77863646878099, -87.72290635568541)"
COTTAGE GROVE AND 95TH,2603,800 E 95TH STREET,01/27/2015,4,1183230.529909316,1842186.614201556,41.722153939,-87.604447736,"(41.72215393877189, -87.60444773564429)"
OGDEN AND KOSTNER,2222,2348 S KOSTNER AVENUE,01/26/2015,2,1147394.548182079,1887795.177782082,41.848068845,-87.734547457,"(41.8480688449598, -87.73454745748458)"
ELSTON AND FOSTER,1063,4932 W FOSTER AVENUE,01/26/2015,2,1142393.863544234,1934160.513830056,41.975394608,-87.751746599,"(41.975394608045924, -87.75174659886025)"
FOSTER AND BROADWAY,1111,5200 N BROADWAY ST,01/27/2015,3,1167334.508577915,1934714.008346532,41.976412143,-87.660015082,"(41.97641214294823, -87.66001508205365)"
WESTERN AND FULLERTON,1671,2400 N WESTERN AVENUE,01/26/2015,6,1159923.309342995,1915897.778561358,41.924935944,-87.687790255,"(41.92493594409127, -87.68779025471278)"
ASHLAND AND FULLERTON,1651,2400 N ASHLAND AVENUE,01/26/2015,2,1165228.073342838,1916032.319169157,41.92519389,-87.668294363,"(41.92519388981048, -87.66829436339881)"
CORTLAND AND ASHLAND,1723,1600 W CORTLAND ST,01/26/2015,1,1165377.660768235,1912768.773647285,41.916235337,-87.667837772,"(41.91623533746878, -87.66783777212962)"
GARFIELD AND ASHLAND,2272,5500 S ASHLAND AVENUE,01/26/2015,1,1166573.960309557,1868083.777885787,41.793590116,-87.664720996,"(41.793590115883404, -87.66472099593501)"
CICERO AND HARRISON,2022,600 S CICERO AVENUE,01/26/2015,5,1144444.97442848,1896894.622216872,41.873094833,-87.745143869,"(41.873094832519136, -87.74514386884542)"
WESTERN AND MARQUETTE,2672,6700 S WESTERN AVENUE,01/27/2015,7,1161488.747635042,1860134.788366884,41.771884028,-87.683588402,"(41.77188402771193, -87.68358840206334)"
LASALLE AND KINZIE,1923,140 W KINZIE,01/26/2015,1,1175048.09765242,1903028.894760294,41.889297219,-87.632601648,"(41.88929721947309, -87.63260164817305)"
CICERO AND ARMITAGE,2001,2000 N CICERO AVENUE,01/26/2015,1,1144031.525719004,1912881.8300295,41.916973325,-87.746260223,"(41.91697332451097, -87.74626022251057)"
MADISON AND CENTRAL,1751,0 S CENTRAL AVENUE,01/27/2015,1,,,,,
ASHLAND AND IRVING PARK,1153,1600 W IRVING PARK ROA,01/26/2015,2,,,,,
CERMAK AND PULASKI,2334,4000 W CERMAK,01/26/2015,2,1150018.476053666,1889120.238540361,41.851654369,-87.724882975,"(41.85165436867626, -87.7248829753078)"
FULLERTON AND NARRAGANSETT,1554,6400 W FULLERTON AVENU,01/27/2015,5,1133317.594499059,1915293.661305931,41.923786189,-87.785567206,"(41.92378618871128, -87.78556720562165)"
AUSTIN AND IRVING PARK,1161,4000 N AUSTIN AVENUE,01/27/2015,1,1135599.956110927,1926006.862619986,41.953144059,-87.776925284,"(41.95314405904539, -87.77692528423394)"
BLUE ISLAND AND DAMEN,2283,2416 S BLUE ISLAND AV,01/26/2015,2,1163271.402680135,1888053.313412189,41.848458633,-87.676271269,"(41.848458633352884, -87.67627126912292)"
CICERO AND NORTH,2033,4800 W NORTH AVENUE,01/26/2015,6,1144053.733747163,1910243.80567041,41.90973389,-87.746244973,"(41.909733890131285, -87.74624497295898)"
HALSTED AND NORTH,1764,800 W NORTH AVENUE,01/26/2015,3,1170700.68422007,1910913.190749698,41.91102851,-87.648335806,"(41.91102850981186, -87.64833580602037)"
OGDEN AND KOSTNER,2223,4400 W OGDEN AVENUE,01/27/2015,7,1147406.592439224,1887689.099869462,41.847777523,-87.734505969,"(41.84777752280453, -87.73450596874825)"
CICERO AND DIVERSEY,1694,4800 W DIVERSEY AVENUE,01/26/2015,1,1143869.848167704,1918226.043989398,41.93164142,-87.746719911,"(41.93164142040689, -87.7467199106462)"
CENTRAL AND IRVING PARK,1183,5600 W IRVING PARK ROAD,01/27/2015,1,1138281.535484986,1926078.647777633,41.953292847,-87.767065708,"(41.953292847298, -87.76706570775266)"
CICERO AND WASHINGTON,1892,100 N CICERO AVENUE,01/27/2015,3,1144328.984091479,1900095.170838459,41.88187971,-87.745489247,"(41.88187970991601, -87.7454892473012)"
115TH AND HALSTED,2552,11500 S HALSTED STREE,01/26/2015,3,,,,,
CICERO AND NORTH,2034,4800 W NORTH AVENUE,01/26/2015,3,1144053.733747163,1910243.80567041,41.90973389,-87.746244973,"(41.909733890131285, -87.74624497295898)"
CENTRAL AND CHICAGO,1972,800 N CENTRAL AVENUE,01/27/2015,2,1138836.562608552,1904801.732832435,41.894896579,-87.765543258,"(41.89489657939746, -87.76554325845893)"
KEDZIE AND 31ST,2134,3200 W 31ST STREET,01/27/2015,2,1155487.128005646,1883943.061106793,41.8373395,-87.704950558,"(41.83733950029648, -87.70495055800411)"
55TH AND WESTERN,2212,5500 S WESTERN AVE,01/26/2015,9,1161269.521335262,1867963.111601251,41.793370554,-87.684175377,"(41.79337055433029, -87.6841753767592)"
ELSTON AND ADDISON,1403,3216 W ADDISON ST,01/26/2015,5,1154199.729816868,1923799.345386665,41.946734755,-87.708609774,"(41.946734754927796, -87.7086097735515)"
KEDZIE AND 31ST,2132,3100 S KEDZIE AVENUE,01/26/2015,3,1155483.167539854,1883867.660503274,41.837132671,-87.704967115,"(41.837132671422296, -87.70496711478727)"
75TH AND STATE,2624,1 E 75TH STREET,01/27/2015,2,1177601.72646404,1855229.486604181,41.758074111,-87.624671658,"(41.75807411097799, -87.62467165835182)"
ASHLAND AND 63RD,2681,6300 S ASHLAND AVE,01/26/2015,1,1166711.252809567,1862903.630015878,41.77937222,-87.664365347,"(41.77937222048469, -87.66436534741581)"
83RD AND STONY ISLAND,2563,1600 E 83RD STREET,01/27/2015,2,1188383.194217679,1850307.01299095,41.744315875,-87.585316041,"(41.74431587464464, -87.58531604125469)"
DAMEN AND FULLERTON,1663,2000 W FULLERTON AVE,01/26/2015,13,1162596.935552891,1915990.579747891,41.925134944,-87.677963546,"(41.92513494374925, -87.67796354553815)"
FULLERTON AND NARRAGANSETT,1553,6400 W FULLERTON AVENU,01/26/2015,2,1133317.594499059,1915293.661305931,41.923786189,-87.785567206,"(41.92378618871128, -87.78556720562165)"
HALSTED AND 63RD,2692,6300 S HALSTED STREET,01/27/2015,2,1172011.176373021,1863049.419962901,41.7796575,-87.644930993,"(41.77965750036339, -87.64493099278877)"
ASHLAND AND 87TH,2452,8700 S ASHLAND AVE,01/26/2015,2,1167150.470087748,1846991.212339794,41.735696989,-87.663209544,"(41.73569698863625, -87.66320954445679)"
FOSTER AND NAGLE,1031,5200 N NAGLE,01/27/2015,3,1132529.656558223,1934201.702060651,41.97568567,-87.788020406,"(41.97568566971868, -87.78802040620296)"
FOSTER AND BROADWAY,1111,5200 N BROADWAY ST,01/26/2015,2,1167334.508577915,1934714.008346532,41.976412143,-87.660015082,"(41.97641214294823, -87.66001508205365)"
CERMAK AND PULASKI,2332,2200 S PULASKI,01/26/2015,1,1150012.876838243,1889071.75851865,41.851521442,-87.724904787,"(41.85152144233116, -87.7249047867499)"
ASHLAND AND ARCHER,2301,3100 S ASHLAND AVENUE,01/27/2015,1,1166131.325337548,1884126.42490739,41.837622344,-87.665887181,"(41.83762234415814, -87.66588718054551)"
ELSTON AND ADDISON,1402,3600 N ELSTON AVE,01/27/2015,2,1154106.95251778,1923731.036211081,41.946549165,-87.708952626,"(41.94654916480637, -87.70895262603513)"
99TH AND HALSTED,2431,9900 S HALSTED ST,01/26/2015,7,1172689.754200318,1839171.652197216,41.714118868,-87.643145408,"(41.714118868089905, -87.64314540818165)"
ELSTON AND LAWRENCE,1284,4440 W LAWRENCE AVENUE,01/26/2015,8,1145715.061027481,1931571.0474838,41.968226398,-87.739599251,"(41.96822639754791, -87.73959925065756)"
ASHLAND AND LAWRENCE,1143,1600 W LAWRENCE AVENUE,01/26/2015,2,1164771.946929007,1931988.254061312,41.968987457,-87.669516307,"(41.96898745654617, -87.66951630654926)"
DAMEN AND 63RD,2702,6300 S DAMEN AVENUE,01/27/2015,2,1164069.407943298,1862830.277442834,41.779226921,-87.674052731,"(41.77922692069256, -87.67405273137854)"
ASHLAND AND LAWRENCE,1143,1600 W LAWRENCE AVENUE,01/27/2015,1,1164771.946929007,1931988.254061312,41.968987457,-87.669516307,"(41.96898745654617, -87.66951630654926)"
STONEY ISLAND AND 79TH,2462,7900 S STONEY ISLAND,01/26/2015,2,1188181.571068297,1852908.934789311,41.751460603,-87.585971993,"(41.75146060316686, -87.5859719929647)"
DIVISION AND DAMEN,1734,2000 W DIVISION,01/27/2015,6,1162815.710860194,1908034.672555531,41.903298793,-87.677383247,"(41.903298792681944, -87.67738324739636)"
HAMLIN AND LAKE,1882,300 N HAMLIN AVENUE,01/27/2015,3,1150970.026856642,1901381.688308858,41.885282636,-87.721069539,"(41.88528263580913, -87.72106953854511)"
KEDZIE AND ARMITAGE,1834,3200 W ARMITAGE AVENUE,01/26/2015,3,1154700.851347995,1913153.252187904,41.917511023,-87.707053639,"(41.91751102291878, -87.7070536388797)"
HOMAN/KIMBALL AND NORTH,1771,1600 N HOMAN AVENUE,01/27/2015,1,,,,,
ELSTON AND FOSTER,1063,4932 W FOSTER AVENUE,01/27/2015,2,1142393.863544234,1934160.513830056,41.975394608,-87.751746599,"(41.975394608045924, -87.75174659886025)"
HALSTED AND NORTH,1761,1600 N HALSTED STREET,01/27/2015,2,1170678.283433825,1910880.991397547,41.910940644,-87.648419043,"(41.91094064391597, -87.64841904272998)"
OGDEN AND KOSTNER,2222,2348 S KOSTNER AVENUE,01/27/2015,2,1147394.548182079,1887795.177782082,41.848068845,-87.734547457,"(41.8480688449598, -87.73454745748458)"
ASHLAND AND 95TH,2473,1600 W 95TH STREET,01/27/2015,2,1167323.753394196,1841755.029221382,41.721324412,-87.662724153,"(41.721324411975246, -87.66272415265087)"
111TH AND HALSTED,2424,800 W 111TH ST,01/26/2015,1,1172945.404219168,1831282.917027882,41.692465363,-87.642440901,"(41.692465363421874, -87.64244090105778)"
HOMAN/KIMBALL AND NORTH,1773,3400 W NORTH AVE,01/27/2015,2,1153386.578905125,1910465.87061722,41.910162847,-87.711953868,"(41.91016284680269, -87.71195386769125)"
KOSTNER AND NORTH,2012,4400 W GRAND AVE,01/26/2015,2,1146773.519128439,1910425.663958581,41.91018141,-87.73624887,"(41.910181409597406, -87.73624887040725)"
KOSTNER AND NORTH,2011,1600 N KOSTNER,01/27/2015,1,1146732.108679105,1910282.120990798,41.909788304,-87.736404667,"(41.90978830394343, -87.73640466739216)"
LARAMIE AND MADISON,2043,5200 W MADISON STREET,01/26/2015,7,1141706.965522802,1899567.55684314,41.880480752,-87.755130433,"(41.88048075170171, -87.75513043296509)"
CICERO AND PETERSON,1202,6000 N CICERO AVENUE,01/27/2015,2,1143247.733553094,1939479.342905704,41.989973915,-87.748473024,"(41.98997391514614, -87.74847302426933)"
DAMEN AND 63RD,2701,6300 S DAMEN AVENUE,01/27/2015,1,1164069.407943298,1862830.277442834,41.779226921,-87.674052731,"(41.77922692069256, -87.67405273137854)"
31ST ST AND MARTIN LUTHER KING DRIVE,2121,3100 S DR MARTIN L KING,01/26/2015,14,,,,,
99TH AND HALSTED,2433,800 W 99TH ST,01/27/2015,6,1172710.642565684,1839246.330602143,41.714323337,-87.643066714,"(41.71432333701137, -87.64306671421937)"
ASHLAND AND 87TH,2454,1600 W 87TH ST,01/26/2015,5,1167171.941297436,1847064.855345151,41.735898617,-87.663128781,"(41.735898617066006, -87.66312878090133)"
CICERO AND I55,2252,4200 S CICERO AVENUE,01/26/2015,2,1145023.742859509,1876358.276835519,41.816729387,-87.743536712,"(41.81672938674739, -87.74353671247594)"
35TH AND WESTERN,2091,3500 S WESTERN,01/26/2015,1,1160894.949857101,1881376.851112895,41.830187255,-87.685177925,"(41.83018725526863, -87.68517792510231)"
CICERO AND CHICAGO,1781,800 N CICERO AVENUE,01/27/2015,3,1144169.162482127,1904893.189220372,41.895049038,-87.745955516,"(41.89504903796389, -87.74595551626888)"
CENTRAL AND LAKE,1743,5600 W LAKE STREET,01/26/2015,3,1138951.495695032,1902230.510465733,41.887838735,-87.765183663,"(41.887838735330206, -87.76518366338465)"
115TH AND HALSTED,2552,11500 S HALSTED STREE,01/27/2015,5,,,,,
WENTWORTH AND GARFIELD,2264,200 W GARFIELD BLVD,01/26/2015,7,1175889.574397302,1868551.750512227,41.794670385,-87.630547476,"(41.79467038468937, -87.63054747605638)"
PULASKI AND IRVING PARK,1572,4000 N PULASKI ROAD,01/27/2015,1,1148970.255325552,1926313.600468643,41.953737051,-87.727766612,"(41.95373705144353, -87.72776661179896)"
CORTLAND AND ASHLAND,1721,1900 N ASHLAND AVE,01/26/2015,16,1165348.084854857,1912736.454335569,41.916147281,-87.667947354,"(41.91614728095272, -87.66794735350443)"
WESTERN AND PRATT,1302,6800 N WESTERN AVENUE,01/26/2015,6,1159043.160898631,1945096.218978482,42.005076123,-87.69021903,"(42.00507612272344, -87.69021903022175)"
PULASKI AND NORTH,1994,4000 W NORTH AVENUE,01/27/2015,1,1149456.2688422,1910376.774019002,41.909995582,-87.726394693,"(41.90999558160536, -87.72639469321471)"
WESTERN AND DEVON,1212,6400 N WESTERN AVENUE,01/26/2015,1,1159113.585759434,1942451.622367891,41.997817807,-87.690033035,"(41.997817807026, -87.69003303469276)"
75TH AND STATE,2621,7500 S STATE STREET,01/26/2015,3,1177538.763040612,1855235.551345519,41.758092176,-87.624902228,"(41.75809217638291, -87.6249022282473)"
CENTRAL AND LAKE,1742,400 N CENTRAL AVENUE,01/26/2015,4,1138928.478257537,1902217.926149854,41.887804621,-87.765268498,"(41.88780462053497, -87.76526849810371)"
HOLLYWOOD AND SHERIDAN,1344,1000 W HOLLYWOOD AVE,01/27/2015,12,1168580.228926466,1938090.295189338,41.985649799,-87.655335807,"(41.98564979859328, -87.65533580655139)"
83RD AND STONY ISLAND,2562,8300 S STONY ISLAND A,01/27/2015,6,1188212.052384068,1850245.675393851,41.744151639,-87.585945067,"(41.744151639041974, -87.58594506695293)"
LARAMIE AND FULLERTON,1424,5200 W FULLERTON AVENUE,01/27/2015,2,1141305.554932016,1915502.611239048,41.924215797,-87.756210755,"(41.92421579723144, -87.75621075458939)"
STONEY ISLAND AND 79TH,2464,1600 E 79TH ST,01/27/2015,1,1188284.704439907,1852964.829047574,41.751611523,-87.585592284,"(41.75161152327319, -87.58559228428787)"
VAN BUREN AND WESTERN,2054,2400 W VAN BUREN STREE,09/15/2014,9,,,,,
CENTRAL AND DIVERSEY,1642,2800 N CENTRAL AVENUE,01/26/2015,1,1138516.407377375,1918089.499227987,41.931365552,-87.766396529,"(41.93136555236339, -87.76639652879172)"
HALSTED AND 83RD,2642,8300 S HALSTED STREET,01/27/2015,2,1172378.202798089,1849790.199606783,41.743264491,-87.64397498,"(41.743264490643654, -87.64397498015705)"
HOLLYWOOD AND SHERIDAN,1344,1000 W HOLLYWOOD AVE,01/26/2015,10,1168580.228926466,1938090.295189338,41.985649799,-87.655335807,"(41.98564979859328, -87.65533580655139)"
CENTRAL AND LAKE,1743,5600 W LAKE STREET,01/27/2015,4,1138951.495695032,1902230.510465733,41.887838735,-87.765183663,"(41.887838735330206, -87.76518366338465)"
SACRAMENTO AND LAKE,1822,150 N SACRAMENTO BOUL,01/27/2015,6,1156319.560664766,1900957.489351962,41.884012178,-87.701436479,"(41.88401217771363, -87.7014364786693)"
HAMLIN AND MADISON,1903,3800 W MADISON STREET,01/26/2015,4,1151032.709141294,1899784.033986533,41.880897273,-87.720881226,"(41.880897273491264, -87.72088122613924)"
HARLEM AND BELMONT,1391,3200 N HARLEM AVE,01/27/2015,1,1127481.020995451,1920467.613239239,41.938084468,-87.806896749,"(41.93808446822169, -87.80689674887883)"
BROADWAY/SHERIDAN AND DEVON,1122,6400 N SHERIDAN ROAD,01/27/2015,2,1167087.151194129,1942658.704988689,41.998217921,-87.660695256,"(41.99821792053241, -87.6606952555721)"
DIVERSEY AND WESTERN,1434,2400 W DIVERSEY AVENUE,01/27/2015,1,1159859.648423836,1918576.255784305,41.932287183,-87.687950093,"(41.93228718299094, -87.6879500934122)"
WENTWORTH AND GARFIELD,2261,5500 S WENTWORTH AVEN,01/27/2015,13,,,,,
CHICAGO AND CLARK,1963,100 W CHICAGO AVENUE,01/27/2015,4,1175374.528739575,1905745.47783364,41.896744347,-87.631321248,"(41.896744346875806, -87.63132124815151)"
KEDZIE AND 71ST,2354,3200 W 71ST STREET,01/27/2015,2,1156246.862901455,1857404.014959868,41.764497433,-87.702877023,"(41.76449743256955, -87.70287702335861)"
35TH AND WESTERN,2092,3500 S WESTERN,01/27/2015,3,1160894.949857101,1881376.851112895,41.830187255,-87.685177925,"(41.83018725526863, -87.68517792510231)"
PULASKI AND FOSTER,1102,5200 N PULASKI RD,01/27/2015,1,1148746.251286324,1934286.914361976,41.97562074,-87.728383135,"(41.97562073966174, -87.72838313514907)"
55TH and PULASKI,2244,4000 W 55TH ST,01/26/2015,2,1150621.676903861,1867864.274865394,41.793313334,-87.723223038,"(41.79331333358753, -87.72322303812588)"
HALSTED AND 95TH,2581,9500 S HALSTED STREET,01/26/2015,2,1172610.538363645,1841811.61926207,41.721365061,-87.643358042,"(41.72136506078306, -87.64335804234075)"
HAMLIN AND MADISON,1901,0 N HAMLIN BOULEVARD,01/26/2015,3,,,,,
STATE AND 79TH,2654,1 E 79TH STREET,01/27/2015,1,1177680.113652821,1852598.313477786,41.750852096,-87.624463832,"(41.75085209551078, -87.62446383210285)"
CENTRAL AND ADDISON,1682,3600 N CENTRAL AVENUE,01/27/2015,2,1138343.117435682,1923392.067464765,41.945919491,-87.766904594,"(41.945919490555106, -87.76690459426293)"
LARAMIE AND MADISON,2043,5200 W MADISON STREET,01/27/2015,7,1141706.965522802,1899567.55684314,41.880480752,-87.755130433,"(41.88048075170171, -87.75513043296509)"
JEFFERY AND 79TH,2663,2000 E 79TH STREET,01/26/2015,2,1190922.804327671,1853026.181924232,41.751716559,-87.575923074,"(41.751716559267784, -87.57592307446549)"
115TH AND HALSTED,2553,800 W 115TH STREET,01/27/2015,1,1173010.735357888,1828632.242070332,41.685190056,-87.642279564,"(41.68519005571938, -87.64227956401977)"
WESTERN AND FOSTER,1074,2400 W FOSTER AVE,01/26/2015,4,1159379.402846887,1934502.712486132,41.97600019,-87.689275084,"(41.97600018976586, -87.68927508385399)"
CORNELL DRIVE AND 57TH,2182,5700 S CORNELL DRIVE,01/26/2015,9,1188165.732740433,1867529.196427323,41.791580204,-87.585564215,"(41.79158020433135, -87.58556421519536)"
CICERO AND ADDISON,1611,3600 N CICERO AVENUE,01/27/2015,4,1143698.904601495,1923517.005821035,41.946163524,-87.747215169,"(41.94616352362556, -87.74721516897007)"
PULASKI AND LAWRENCE,1173,4000 W LAWRENCE AVENUE,01/27/2015,1,1148844.220085601,1931638.45430438,41.968351285,-87.728091672,"(41.96835128527914, -87.72809167198088)"
BROADWAY/SHERIDAN AND DEVON,1123,1200 W DEVON AVE,01/26/2015,4,1167109.644248166,1942688.147952186,41.998298228,-87.660611661,"(41.99829822771884, -87.66061166063517)"
ASHLAND AND IRVING PARK,1151,4000 N ASHLAND AVENUE,01/27/2015,2,1164899.463802581,1926665.661118925,41.954379326,-87.66919912,"(41.954379326212695, -87.66919911980419)"
DAMEN AND 63RD,2702,6300 S DAMEN AVENUE,01/26/2015,2,1164069.407943298,1862830.277442834,41.779226921,-87.674052731,"(41.77922692069256, -87.67405273137854)"
VINCENNES AND 111TH,2531,11100 S VINCENNES AVE,01/26/2015,1,1167202.128381332,1831126.639262444,41.692160999,-87.663472469,"(41.69216099874656, -87.66347246868617)"
SHERIDAN AND FOSTER,1134,1000 W FOSTER AVE,01/27/2015,1,1168689.247756979,1934758.578141654,41.976505116,-87.655031882,"(41.97650511595711, -87.65503188224778)"
BLUE ISLAND AND DAMEN,2283,2416 S BLUE ISLAND AV,01/27/2015,7,1163271.402680135,1888053.313412189,41.848458633,-87.676271269,"(41.848458633352884, -87.67627126912292)"
CENTRAL AND DIVERSEY,1644,5600 W DIVERSEY AVENUE,01/27/2015,1,1138539.758528398,1918097.096677271,41.931385977,-87.766310532,"(41.93138597683265, -87.76631053155157)"
ASHLAND AND 63RD,2683,1600 W 63RD STREET,01/26/2015,1,1166730.185044193,1862976.010016387,41.779570436,-87.664293875,"(41.77957043618697, -87.66429387512882)"
CICERO AND I55,2251,4200 S CICERO AVENUE,01/27/2015,19,1145023.742859509,1876358.276835519,41.816729387,-87.743536712,"(41.81672938674739, -87.74353671247594)"
SACRAMENTO AND CHICAGO,1814,3000 W CHICAGO AVENUE,01/27/2015,2,1156075.266375505,1905216.604770718,41.895704525,-87.702218524,"(41.895704524946225, -87.70221852353758)"
CICERO AND NORTH,2033,4800 W NORTH AVENUE,01/27/2015,5,1144053.733747163,1910243.80567041,41.90973389,-87.746244973,"(41.909733890131285, -87.74624497295898)"
WESTERN AND NORTH,1851,1600 N WESTERN AVE,01/26/2015,2,1160077.474351131,1910605.013316134,41.910409024,-87.687370268,"(41.91040902362901, -87.687370268401)"
MILWAUKEE AND MONTROSE,1364,5075 W MONTROSE AVENUE,01/27/2015,2,1141716.746618898,1928736.076639057,41.960522088,-87.754371424,"(41.96052208819935, -87.75437142402293)"
HALSTED AND DIVISION,1714,800 W DIVISION,01/27/2015,4,1170767.827960358,1908259.644151662,41.903745557,-87.648167011,"(41.90374555734733, -87.64816701062779)"
ASHLAND AND 63RD,2683,1600 W 63RD STREET,01/27/2015,2,1166730.185044193,1862976.010016387,41.779570436,-87.664293875,"(41.77957043618697, -87.66429387512882)"
ASHLAND AND LAWRENCE,1142,4800 N ASHLAND AVENUE,01/26/2015,2,1164751.686785145,1932001.206626392,41.96902343,-87.669590434,"(41.969023429614026, -87.66959043354217)"
CALIFORNIA AND PETERSON,1313,2800 W PETERSON AVENUE,01/26/2015,2,1156569.515341857,1939784.830544118,41.990552082,-87.699464396,"(41.990552081681564, -87.69946439622785)"
KEDZIE AND 63RD,2364,3200 W 63RD ST,01/27/2015,1,1156103.348831225,1862717.565210739,41.779081505,-87.703260365,"(41.77908150488341, -87.70326036544745)"
DIVERSEY AND AUSTIN,1454,6000 W DIVERSEY AVENUE,01/26/2015,5,1135895.736169343,1918029.70673837,41.931248624,-87.776028612,"(41.931248623643455, -87.77602861172493)"
MILWAUKEE AND DEVON,1274,6400 W DEVON AVENUE,01/27/2015,1,1132590.619798275,1942138.532048656,41.997463981,-87.787610243,"(41.99746398102873, -87.78761024341388)"
KIMBALL AND DIVERSEY,1581,2800 N KIMBALL AVENUE,01/27/2015,3,,,,,
WESTERN AND PRATT,1302,6800 N WESTERN AVENUE,01/27/2015,1,1159043.160898631,1945096.218978482,42.005076123,-87.69021903,"(42.00507612272344, -87.69021903022175)"
KEDZIE AND 26TH,2382,2600 S KEDZIE AVENUE,01/27/2015,2,1155404.235510285,1886524.460033054,41.844424831,-87.705185452,"(41.84442483084393, -87.70518545233183)"
LAWRENCE AND WESTERN,1193,2400 W LAWRENCE AVENUE,01/26/2015,3,1159482.648570304,1931851.989492596,41.968724349,-87.688968727,"(41.96872434882172, -87.68896872699601)"
ROOSEVELT AND KOSTNER,2323,4400 W ROOSEVELT,01/27/2015,3,1147200.963258796,1894379.538078088,41.866140868,-87.73508956,"(41.866140867641654, -87.73508956008207)"
IRVING PARK AND LARAMIE,1534,5200 W IRVING PARK ROA,01/27/2015,4,,,,,
CALIFORNIA AND PETERSON,1311,6000 N CALIFORNIA AVE,01/27/2015,1,1156545.742699118,1939775.775541795,41.990527717,-87.699552084,"(41.990527717148176, -87.69955208405155)"
FOSTER AND BROADWAY,1113,1200 W FOSTER AVE,01/27/2015,2,1167357.095930752,1934721.393266777,41.97643192,-87.659931806,"(41.97643192018459, -87.65993180604016)"
LAFAYETTE AND 87TH,2502,8700 S LAFAYETTE AVEN,01/27/2015,9,1177417.493180297,1847243.988223464,41.73616511,-87.625587569,"(41.73616511008592, -87.62558756899932)"
SHERIDAN AND FOSTER,1134,1000 W FOSTER AVE,01/26/2015,1,1168689.247756979,1934758.578141654,41.976505116,-87.655031882,"(41.97650511595711, -87.65503188224778)"
VAN BUREN AND WESTERN,2052,400 S WESTERN AVENUE,01/27/2015,20,1160431.682297829,1898091.942371589,41.876064776,-87.686415631,"(41.87606477642526, -87.68641563098768)"
CALIFORNIA AND DIVERSEY,1514,2800 W DIVERSEY,01/26/2015,35,1157212.54253358,1918526.674434943,41.932205395,-87.697679244,"(41.93220539506452, -87.6976792438691)"
VAN BUREN AND WESTERN,2054,2400 W VAN BUREN STREE,10/01/2014,9,,,,,
CENTRAL AND DIVERSEY,1642,2800 N CENTRAL AVENUE,01/27/2015,1,1138516.407377375,1918089.499227987,41.931365552,-87.766396529,"(41.93136555236339, -87.76639652879172)"
MADISON AND WESTERN,1931,1 S WESTERN AVE,01/27/2015,1,1160453.827721979,1899933.703473746,41.881118279,-87.686283339,"(41.881118278833966, -87.686283338873)"
PULASKI AND ARMITAGE,1843,4000 W ARMITAGE AVENUE,01/26/2015,3,1149375.428872108,1913028.984273181,41.917275069,-87.726622746,"(41.91727506940875, -87.72662274644799)"
ASHLAND AND FULLERTON,1651,2400 N ASHLAND AVENUE,01/27/2015,7,1165228.073342838,1916032.319169157,41.92519389,-87.668294363,"(41.92519388981048, -87.66829436339881)"
HALSTED AND 103RD,2592,10300 S HALSTED STREE,01/26/2015,3,,,,,
WESTERN AND PRATT,1301,6800 N WESTERN AVENUE,01/27/2015,3,1159043.160898631,1945096.218978482,42.005076123,-87.69021903,"(42.00507612272344, -87.69021903022175)"
ROOSEVELT AND HALSTED,2234,800 W ROOSEVELT ROAD,01/26/2015,9,1171199.282357741,1894968.056393724,41.867263098,-87.646972686,"(41.86726309836901, -87.64697268601648)"
COLUMBUS AND ILLINOIS,1952,500 N COLUMBUS DRIVE,01/26/2015,1,1178372.808407292,1903693.06016042,41.891044569,-87.620371839,"(41.891044569124276, -87.620371839074)"
MILWAUKEE AND DEVON,1274,6400 W DEVON AVENUE,01/26/2015,3,1132590.619798275,1942138.532048656,41.997463981,-87.787610243,"(41.99746398102873, -87.78761024341388)"
IRVING PARK AND NARRAGANSETT,1023,6400 W IRVING PK,01/26/2015,1,1132945.939118726,1925946.304925137,41.953024751,-87.786683238,"(41.95302475075328, -87.78668323766634)"
PULASKI AND DIVISION,1802,1200 N PULASKI ROAD,01/27/2015,2,1149459.590666926,1907723.219884254,41.902713902,-87.726451457,"(41.902713901936174, -87.72645145715836)"
55TH and PULASKI,2242,5500 S PULASKI,01/26/2015,2,1150600.072649439,1867806.44512718,41.793155061,-87.723303765,"(41.793155060731024, -87.72330376464247)"
WESTERN AND FULLERTON,1672,2400 N WESTERN AVENUE,01/26/2015,1,1159923.309342995,1915897.778561358,41.924935944,-87.687790255,"(41.92493594409127, -87.68779025471278)"
KOSTNER AND NORTH,2012,4400 W GRAND AVE,01/27/2015,2,1146773.519128439,1910425.663958581,41.91018141,-87.73624887,"(41.910181409597406, -87.73624887040725)"
HAMLIN AND MADISON,1903,3800 W MADISON STREET,01/27/2015,3,1151032.709141294,1899784.033986533,41.880897273,-87.720881226,"(41.880897273491264, -87.72088122613924)"
4700 WESTERN,2142,4700 S WESTERN AVENUE,01/27/2015,2,1161120.438879703,1873431.066474726,41.808378408,-87.684570717,"(41.808378407946726, -87.68457071689552)"
CENTRAL AND CHICAGO,1972,800 N CENTRAL AVENUE,01/26/2015,1,1138836.562608552,1904801.732832435,41.894896579,-87.765543258,"(41.89489657939746, -87.76554325845893)"
ROOSEVELT AND HALSTED,2233,800 W ROOSEVELT ROAD,01/27/2015,5,1171199.282357741,1894968.056393724,41.867263098,-87.646972686,"(41.86726309836901, -87.64697268601648)"
CICERO AND FULLERTON,1474,4800 W FULLERTON AVE,01/26/2015,1,1143967.570794243,1915568.504954477,41.924347036,-87.74642764,"(41.924347036010694, -87.74642763965628)"
31ST AND CALIFORNIA,2064,2800 W 31ST,01/27/2015,2,,,,,
LAKE SHORE DR AND BELMONT,1413,400 W BELMONT AVE,01/26/2015,26,1172981.744869382,1921577.376128802,41.940241193,-87.639639114,"(41.94024119325571, -87.63963911427594)"
CICERO AND ADDISON,1612,3600 N CICERO AVENUE,01/27/2015,2,1143698.904601495,1923517.005821035,41.946163524,-87.747215169,"(41.94616352362556, -87.74721516897007)"
WESTERN AND CERMAK,1002,2200 S WESTERN AVENUE,01/27/2015,4,1160669.42562757,1889318.196820393,41.85198384,-87.685785704,"(41.85198383957328, -87.68578570420526)"
ASHLAND AND DIVERSEY,1623,1600 W DIVERSEY PARKWA,01/26/2015,1,,,,,
55TH AND KEDZIE,2162,5500 S KEDZIE AVENUE,01/26/2015,1,1155945.854705238,1867941.621374192,41.793420237,-87.703697508,"(41.793420236755864, -87.70369750845424)"
KOSTNER AND NORTH,2013,4400 W NORTH,01/26/2015,5,1146738.551618032,1910309.595368032,41.909863573,-87.736380296,"(41.90986357340246, -87.73638029605371)"
WESTERN AND 63RD,2373,2400 W 63RD ST,01/26/2015,4,1161444.415758584,1862848.534703658,41.779331844,-87.683675761,"(41.77933184429814, -87.68367576084798)"
DAMEN AND DIVERSEY,1462,2800 N DAMEN AVENUE,01/27/2015,2,1162490.04851994,1918611.623717091,41.932329494,-87.678282719,"(41.9323294940985, -87.67828271931386)"
CALIFORNIA AND DIVERSEY,1514,2800 W DIVERSEY,01/27/2015,14,1157212.54253358,1918526.674434943,41.932205395,-87.697679244,"(41.93220539506452, -87.6976792438691)"
HALSTED AND FULLERTON,1701,2400 N HALSTED STREET,01/27/2015,2,1170501.602639925,1916200.061550148,41.925540315,-87.648912156,"(41.925540315431995, -87.64891215551155)"
CICERO AND CHICAGO,1783,4800 W CHICAGO AVENUE,01/26/2015,3,1144175.291152764,1904916.255225279,41.895112219,-87.745932427,"(41.89511221857764, -87.74593242701515)"
55TH and PULASKI,2244,4000 W 55TH ST,01/27/2015,3,1150621.676903861,1867864.274865394,41.793313334,-87.723223038,"(41.79331333358753, -87.72322303812588)"
WESTERN AND FOSTER,1072,5200 N WESTERN AVE,01/26/2015,2,1159372.922497116,1934478.313674003,41.975933372,-87.689299589,"(41.97593337199358, -87.6892995891816)"
CENTRAL AND ADDISON,1682,3600 N CENTRAL AVENUE,01/26/2015,2,1138343.117435682,1923392.067464765,41.945919491,-87.766904594,"(41.945919490555106, -87.76690459426293)"
CLARK AND IRVING PARK,1091,4000 N CLARK STREET,01/27/2015,2,1166736.149822904,1926699.323624709,41.954432441,-87.662446259,"(41.95443244141688, -87.66244625914061)"
WESTERN AND TOUHY,1252,7200 N WESTERN AVENUE,01/27/2015,1,1158975.66256211,1947754.286963361,42.012371335,-87.690393917,"(42.012371334791766, -87.69039391737863)"
KEDZIE AND 71ST,2352,7100 S KEDZIE AVENUE,01/26/2015,1,1156225.540366296,1857330.103443232,41.764295037,-87.702957162,"(41.764295036756856, -87.70295716211793)"
PULASKI AND IRVING PARK,1574,4000 W IRVING PARK RD,01/26/2015,2,1148988.727877253,1926320.954938409,41.953756874,-87.727698513,"(41.95375687447515, -87.72769851312907)"
ASHLAND AND MADISON,1914,1600 W MADISON,01/26/2015,4,1165723.014733182,1900136.515489506,41.881564167,-87.666929463,"(41.8815641670199, -87.66692946294842)"
ASHLAND AND 47TH,2192,4700 S ASHLAND AVENUE,01/27/2015,1,1166423.624284841,1873520.235394001,41.808511597,-87.665117292,"(41.8085115972472, -87.66511729173287)"
PULASKI AND IRVING PARK,1574,4000 W IRVING PARK RD,01/27/2015,4,1148988.727877253,1926320.954938409,41.953756874,-87.727698513,"(41.95375687447515, -87.72769851312907)"
31ST AND CALIFORNIA,2064,2800 W 31ST,01/26/2015,1,,,,,
STONY ISLAND/CORNELL AND 67TH,2721,6700 S STONY ISLAND A,01/27/2015,8,1187984.143047539,1860863.338367666,41.773292896,-87.586442368,"(41.77329289585066, -87.58644236831432)"
HALSTED AND NORTH,1761,1600 N HALSTED STREET,01/26/2015,1,1170678.283433825,1910880.991397547,41.910940644,-87.648419043,"(41.91094064391597, -87.64841904272998)"
HALSTED AND MADISON,1871,1 S HALSTED STREET,01/26/2015,6,1171092.392868784,1900234.542088741,41.881717056,-87.647210539,"(41.88171705561901, -87.64721053920604)"
ROOSEVELT AND PULASKI,2314,4000 W ROOSEVELT ROAD,01/26/2015,3,1149885.032049683,1894449.464076882,41.866281003,-87.72523422,"(41.866281002664536, -87.72523421983905)"
PERSHING AND WESTERN,2114,2400 W PERSHING ROAD,01/26/2015,3,1160957.773623189,1878793.434193427,41.82309676,-87.685018951,"(41.82309676016606, -87.68501895061576)"
WESTERN AND 71ST,2614,2400 W 71ST STREET,01/26/2015,1,1161584.506819846,1857557.788853485,41.764810388,-87.683308769,"(41.76481038827884, -87.68330876944678)"
IRVING PARK AND NARRAGANSETT,1024,6400 W IRVING PK,01/26/2015,2,1132945.939118726,1925946.304925137,41.953024751,-87.786683238,"(41.95302475075328, -87.78668323766634)"
IRVING PARK AND CALIFORNIA,1234,2800 W IRVING PARK ROA,01/27/2015,1,,,,,
PERSHING AND WESTERN,2112,3900 S WESTERN BLVD,01/26/2015,2,1161130.992078755,1878746.226354636,41.822963628,-87.684384785,"(41.82296362788048, -87.68438478541296)"
ROOSEVELT AND PULASKI,2311,1200 S PULASKI ROAD,01/26/2015,1,1149866.002247864,1894375.839200384,41.866079337,-87.725305995,"(41.86607933722178, -87.7253059948758)"
KEDZIE AND 71ST,2352,7100 S KEDZIE AVENUE,01/27/2015,3,1156225.540366296,1857330.103443232,41.764295037,-87.702957162,"(41.764295036756856, -87.70295716211793)"
CICERO AND I55,2252,4200 S CICERO AVENUE,01/27/2015,2,1145023.742859509,1876358.276835519,41.816729387,-87.743536712,"(41.81672938674739, -87.74353671247594)"
SHERIDAN AND FOSTER,1132,5200 N SHERIDAN ROAD,01/26/2015,1,1168661.623718229,1934753.842272756,41.976492721,-87.655133605,"(41.97649272077833, -87.65513360456677)"
STONEY ISLAND AND 79TH,2461,7900 S SOUTH CHICAGO AVE,01/27/2015,1,1188274.655498937,1852865.685797892,41.751339705,-87.585632266,"(41.751339704589455, -87.58563226565187)"
DAMEN AND DIVERSEY,1464,2000 W DIVERSEY PARKWAY,01/27/2015,2,1162519.714934025,1918635.417634925,41.932394164,-87.678173031,"(41.93239416403691, -87.67817303087757)"
SACRAMENTO AND LAKE,1822,150 N SACRAMENTO BOUL,01/26/2015,5,1156319.560664766,1900957.489351962,41.884012178,-87.701436479,"(41.88401217771363, -87.7014364786693)"
ASHLAND AND 95TH,2472,9500 S ASHLAND AVENUE,01/26/2015,4,1167295.830128711,1841695.121217916,41.721160612,-87.662828139,"(41.72116061205213, -87.66282813939165)"
VAN BUREN AND WESTERN,2054,2400 W VAN BUREN STREE,01/27/2015,3,,,,,
PULASKI AND ARCHER,2153,5000 S ARCHER AVE,01/27/2015,4,1150501.818909837,1871162.311703322,41.802365973,-87.723576766,"(41.80236597333895, -87.72357676611004)"
STONY ISLAND/CORNELL AND 67TH,2731,6700 S CORNELL DRIVE,01/26/2015,3,1188316.454860734,1860851.137456735,41.77325149,-87.5852246,"(41.77325148959568, -87.58522459967712)"
KEDZIE AND 63RD,2361,6300 S KEDZIE AVE,01/26/2015,3,1156097.505177228,1862668.051775093,41.77894575,-87.703283119,"(41.77894575017997, -87.70328311900342)"
HARLEM AND NORTHWEST HWY,1081,6400 N HARLEM AVE,01/26/2015,3,1127335.21218179,1941943.442727776,41.997018918,-87.806947715,"(41.99701891845275, -87.8069477154956)"
CICERO AND ADDISON,1611,3600 N CICERO AVENUE,01/26/2015,3,1143698.904601495,1923517.005821035,41.946163524,-87.747215169,"(41.94616352362556, -87.74721516897007)"
COTTAGE GROVE AND 95TH,2603,800 E 95TH STREET,01/26/2015,4,1183230.529909316,1842186.614201556,41.722153939,-87.604447736,"(41.72215393877189, -87.60444773564429)"
WESTERN AND 71ST,2612,7100 S WESTERN AVENUE,01/26/2015,8,1161563.704681724,1857484.211306323,41.764608912,-87.683387053,"(41.76460891223613, -87.68338705328121)"
CANAL AND ROOSEVELT,2294,500 W ROOSEVELT ROAD,01/26/2015,3,1173290.72186561,1895021.166235495,41.867362693,-87.639293195,"(41.867362692616666, -87.63929319464197)"
JEFFERY AND 95TH,2522,9500 S JEFFERY AVE,01/27/2015,3,1191132.420601301,1842335.735988875,41.722375907,-87.575499903,"(41.72237590704101, -87.57549990332795)"
119TH AND HALSTED,2402,11900 S HALSTED,01/26/2015,1,1173094.774616191,1825911.054609338,41.677720829,-87.642051845,"(41.67772082924762, -87.64205184498218)"
VAN BUREN AND WESTERN,2054,2400 W VAN BUREN STREE,01/26/2015,7,,,,,
ASHLAND AND FULLERTON,1652,2400 N ASHLAND AVENUE,01/26/2015,7,1165228.073342838,1916032.319169157,41.92519389,-87.668294363,"(41.92519388981048, -87.66829436339881)"
IRVING PARK AND KILPATRICK,2764,4700 W IRVING PARK ROA,01/26/2015,1,,,,,
PERSHING AND WESTERN,2112,3900 S WESTERN BLVD,01/27/2015,3,1161130.992078755,1878746.226354636,41.822963628,-87.684384785,"(41.82296362788048, -87.68438478541296)"
CICERO AND WASHINGTON,1892,100 N CICERO AVENUE,01/26/2015,1,1144328.984091479,1900095.170838459,41.88187971,-87.745489247,"(41.88187970991601, -87.7454892473012)"
MILWAUKEE AND MONTROSE,1362,4400 N MILWAUKEE AVEN,01/26/2015,1,1141643.943268783,1928770.256316239,41.96061723,-87.75463824,"(41.9606172296957, -87.75463824007085)"
HALSTED AND MADISON,1871,1 S HALSTED STREET,01/27/2015,4,1171092.392868784,1900234.542088741,41.881717056,-87.647210539,"(41.88171705561901, -87.64721053920604)"
55TH AND WESTERN,2213,2400 W 55TH STREET,01/27/2015,2,1161277.012730599,1868185.749490228,41.793981347,-87.684141741,"(41.7939813465735, -87.68414174128355)"
JEFFERY AND 79TH,2662,7900 S JEFFERY BOULEV,01/27/2015,1,,,,,
ADDISON AND HARLEM,1591,3600 N HARLEM AVENUE,01/26/2015,6,1127394.594070737,1923110.532422811,41.945338412,-87.807154769,"(41.94533841246591, -87.80715476912044)"
HARLEM AND BELMONT,1391,3200 N HARLEM AVE,01/26/2015,4,1127481.020995451,1920467.613239239,41.938084468,-87.806896749,"(41.93808446822169, -87.80689674887883)"
KOSTNER AND NORTH,2013,4400 W NORTH,01/27/2015,5,1146738.551618032,1910309.595368032,41.909863573,-87.736380296,"(41.90986357340246, -87.73638029605371)"
HALSTED AND 83RD,2642,8300 S HALSTED STREET,01/26/2015,3,1172378.202798089,1849790.199606783,41.743264491,-87.64397498,"(41.743264490643654, -87.64397498015705)"
ROOSEVELT AND KOSTNER,2323,4400 W ROOSEVELT,01/26/2015,2,1147200.963258796,1894379.538078088,41.866140868,-87.73508956,"(41.866140867641654, -87.73508956008207)"
PULASKI AND FOSTER,1102,5200 N PULASKI RD,01/26/2015,1,1148746.251286324,1934286.914361976,41.97562074,-87.728383135,"(41.97562073966174, -87.72838313514907)"
55TH AND WESTERN,2212,5500 S WESTERN AVE,01/27/2015,1,1161269.521335262,1867963.111601251,41.793370554,-87.684175377,"(41.79337055433029, -87.6841753767592)"
CLARK AND IRVING PARK,1093,1300 W IRVING PARK ROAD,01/26/2015,4,1166777.545456989,1926719.73687357,41.954487567,-87.662293496,"(41.95448756687966, -87.66229349585691)"
OGDEN AND KOSTNER,2223,4400 W OGDEN AVENUE,01/26/2015,4,1147406.592439224,1887689.099869462,41.847777523,-87.734505969,"(41.84777752280453, -87.73450596874825)"
CANAL AND ROOSEVELT,2291,1200 S CANAL STREET,01/27/2015,5,1173268.771030949,1894952.634878732,41.867175125,-87.639375813,"(41.86717512472001, -87.63937581258092)"
WESTERN AND FULLERTON,1671,2400 N WESTERN AVENUE,01/27/2015,15,1159923.309342995,1915897.778561358,41.924935944,-87.687790255,"(41.92493594409127, -87.68779025471278)"
JEFFERY AND 95TH,2522,9500 S JEFFERY AVE,01/26/2015,2,1191132.420601301,1842335.735988875,41.722375907,-87.575499903,"(41.72237590704101, -87.57549990332795)"
99TH AND HALSTED,2431,9900 S HALSTED ST,01/27/2015,7,1172689.754200318,1839171.652197216,41.714118868,-87.643145408,"(41.714118868089905, -87.64314540818165)"
KIMBALL AND DIVERSEY,1583,3400 W DIVERSEY AVENUE,01/27/2015,1,1153211.149172713,1918454.477800566,41.932087747,-87.71238583,"(41.932087747378944, -87.71238582951281)"
WESTERN AND 71ST,2612,7100 S WESTERN AVENUE,01/27/2015,6,1161563.704681724,1857484.211306323,41.764608912,-87.683387053,"(41.76460891223613, -87.68338705328121)"
CENTRAL AND LAKE,1742,400 N CENTRAL AVENUE,01/27/2015,5,1138928.478257537,1902217.926149854,41.887804621,-87.765268498,"(41.88780462053497, -87.76526849810371)"
WESTERN AND ADDISON,1563,2400 W ADDISON,01/26/2015,3,1159719.041544334,1923878.577275797,41.946839991,-87.688320193,"(41.9468399910054, -87.68832019252964)"
HALSTED AND 83RD,2641,8300 S HALSTED STREET,01/27/2015,1,1172378.202798089,1849790.199606783,41.743264491,-87.64397498,"(41.743264490643654, -87.64397498015705)"
LAKE SHORE DR AND BELMONT,1412,3200 N LAKESHORE DRIV,01/27/2015,2,1173053.220555078,1921821.380831705,41.940909163,-87.63936916,"(41.94090916326764, -87.63936915995522)"
LARAMIE AND MADISON,2044,5200 W MADISON STREET,01/27/2015,12,1141706.965522802,1899567.55684314,41.880480752,-87.755130433,"(41.88048075170171, -87.75513043296509)"
PULASKI AND PETERSON,1263,4000 W PETERSON AVENUE,01/27/2015,9,1148618.560490339,1939615.133928395,41.990244186,-87.728714391,"(41.99024418564742, -87.7287143910091)"
HALSTED AND MADISON,1872,1 N HALSTED STREET,01/26/2015,6,1171090.967986833,1900270.454015136,41.881815632,-87.647214717,"(41.88181563164203, -87.64721471704077)"
83RD AND STONY ISLAND,2562,8300 S STONY ISLAND A,01/26/2015,5,1188212.052384068,1850245.675393851,41.744151639,-87.585945067,"(41.744151639041974, -87.58594506695293)"
ASHLAND AND 95TH,2472,9500 S ASHLAND AVENUE,01/27/2015,7,1167295.830128711,1841695.121217916,41.721160612,-87.662828139,"(41.72116061205213, -87.66282813939165)"
CORNELL DRIVE AND 57TH,2181,5700 S CORNELL DRIVE,01/27/2015,9,1188165.732740433,1867529.196427323,41.791580204,-87.585564215,"(41.79158020433135, -87.58556421519536)"
63RD AND STATE,2712,6300 S STATE ST,01/26/2015,5,1177303.801895084,1863220.216755923,41.780008277,-87.625522512,"(41.78000827740796, -87.6255225119157)"
31ST ST AND MARTIN LUTHER KING DRIVE,2121,3100 S DR MARTIN L KING,09/28/2014,8,,,,,
79TH AND KEDZIE,2443,3200 W 79TH ST,01/27/2015,1,1156402.644780165,1852104.649370984,41.749952001,-87.702448478,"(41.74995200142266, -87.70244847808695)"
71ST AND ASHLAND,2394,1600 W 71ST,01/26/2015,3,1166890.012333149,1857674.2502247,41.765018306,-87.66385923,"(41.76501830555763, -87.66385923012646)"
PULASKI AND DIVERSEY,1542,2800 N PULASKI ROAD,01/26/2015,1,1149200.724531183,1918332.222549679,41.931831026,-87.727126873,"(41.93183102561505, -87.72712687300454)"
ASHLAND AND ARCHER,2302,3100 S ARCHER AVENUE,01/26/2015,2,1166129.031970482,1884166.613649776,41.837732675,-87.66589445,"(41.83773267497158, -87.66589444999927)"
WESTERN AND CERMAK,1002,2200 S WESTERN AVENUE,01/26/2015,3,1160669.42562757,1889318.196820393,41.85198384,-87.685785704,"(41.85198383957328, -87.68578570420526)"
IRVING PARK AND KEDZIE,1353,3200 W IRVING PARK ROAD,01/26/2015,2,1154325.140302006,1926458.463197156,41.954029047,-87.708077494,"(41.95402904691877, -87.70807749383191)"
WESTERN AND CHICAGO,1943,2400 W CHICAGO AVE,01/27/2015,4,1160226.686812944,1905300.904544474,41.895851041,-87.686968935,"(41.895851041123755, -87.68696893468467)"
IRVING PARK AND KILPATRICK,2763,4700 W IRVING PARK ROA,01/27/2015,2,,,,,
55TH AND KEDZIE,2162,5500 S KEDZIE AVENUE,01/27/2015,2,1155945.854705238,1867941.621374192,41.793420237,-87.703697508,"(41.793420236755864, -87.70369750845424)"
119TH AND HALSTED,2402,11900 S HALSTED,01/27/2015,2,1173094.774616191,1825911.054609338,41.677720829,-87.642051845,"(41.67772082924762, -87.64205184498218)"
CENTRAL AND DIVERSEY,1644,5600 W DIVERSEY AVENUE,01/26/2015,1,1138539.758528398,1918097.096677271,41.931385977,-87.766310532,"(41.93138597683265, -87.76631053155157)"
ASHLAND AND IRVING PARK,1153,1600 W IRVING PARK ROA,01/27/2015,4,,,,,
DAMEN AND FULLERTON,1663,2000 W FULLERTON AVE,03/12/2015,11,1162596.935552891,1915990.579747891,41.925134944,-87.677963546,"(41.92513494374925, -87.67796354553815)"
STONEY ISLAND AND 76TH,2631,7600 S STONY ISLAND A,03/12/2015,5,1188092.796191935,1854889.354158304,41.756897173,-87.586234285,"(41.75689717260223, -87.58623428506996)"
63RD AND STATE,2712,6300 S STATE ST,03/12/2015,6,1177303.801895084,1863220.216755923,41.780008277,-87.625522512,"(41.78000827740796, -87.6255225119157)"
KEDZIE AND ARMITAGE,1832,2000 N KEDZIE AVENUE,03/12/2015,4,1154684.031809326,1913129.496340896,41.917446172,-87.707116072,"(41.91744617191702, -87.70711607187832)"
ROOSEVELT AND KOSTNER,2323,4400 W ROOSEVELT,11/20/2016,5,1147200.963258796,1894379.538078088,41.866140868,-87.73508956,"(41.866140867641654, -87.73508956008207)"
WESTERN AND DEVON,1212,6400 N WESTERN AVENUE,03/12/2015,3,1159113.585759434,1942451.622367891,41.997817807,-87.690033035,"(41.997817807026, -87.69003303469276)"
87TH AND VINCENNES,2412,8700 S VINCENNES,03/12/2015,7,1172026.328989535,1847142.496643776,41.736006565,-87.645341819,"(41.73600656458518, -87.64534181897955)"
CERMAK AND PULASKI,2332,2200 S PULASKI,03/12/2015,6,1150012.876838243,1889071.75851865,41.851521442,-87.724904787,"(41.85152144233116, -87.7249047867499)"
FULLERTON AND NARRAGANSETT,1553,6400 W FULLERTON AVENU,03/12/2015,2,1133317.594499059,1915293.661305931,41.923786189,-87.785567206,"(41.92378618871128, -87.78556720562165)"
CENTRAL AND LAKE,1742,400 N CENTRAL AVENUE,03/12/2015,4,1138928.478257537,1902217.926149854,41.887804621,-87.765268498,"(41.88780462053497, -87.76526849810371)"
SACRAMENTO AND LAKE,1821,150 N SACRAMENTO BOUL,03/12/2015,1,1156319.560664766,1900957.489351962,41.884012178,-87.701436479,"(41.88401217771363, -87.7014364786693)"
115TH AND HALSTED,2552,11500 S HALSTED STREE,03/12/2015,10,,,,,
LASALLE AND KINZIE,1923,140 W KINZIE,03/12/2015,1,1175048.09765242,1903028.894760294,41.889297219,-87.632601648,"(41.88929721947309, -87.63260164817305)"
HALSTED AND FULLERTON,1701,2400 N HALSTED STREET,03/12/2015,1,1170501.602639925,1916200.061550148,41.925540315,-87.648912156,"(41.925540315431995, -87.64891215551155)"
CENTRAL AND LAKE,1743,5600 W LAKE STREET,03/12/2015,6,1138951.495695032,1902230.510465733,41.887838735,-87.765183663,"(41.887838735330206, -87.76518366338465)"
MILWAUKEE AND MONTROSE,1364,5075 W MONTROSE AVENUE,03/12/2015,5,1141716.746618898,1928736.076639057,41.960522088,-87.754371424,"(41.96052208819935, -87.75437142402293)"
71ST AND ASHLAND,2391,7100 S ASHLAND,03/12/2015,2,1166868.379865725,1857616.168087255,41.764859382,-87.663940176,"(41.764859382425385, -87.66394017630476)"
BELMONT AND KEDZIE,1371,3200 N KEDZIE AVENUE,03/12/2015,2,1154426.977874407,1921110.466549542,41.93935173,-87.707846594,"(41.93935173030961, -87.70784659359776)"
BELMONT AND KEDZIE,1372,3200 N KEDZIE AVE,03/12/2015,8,1154426.977874407,1921110.466549542,41.93935173,-87.707846594,"(41.93935173030961, -87.70784659359776)"
CENTRAL AND CHICAGO,1973,5600 W CHICAGO AVENUE,03/12/2015,2,1138858.856732452,1904825.827586656,41.894962293,-87.765460791,"(41.89496229349977, -87.76546079122906)"
ASHLAND AND FULLERTON,1652,2400 N ASHLAND AVENUE,03/12/2015,6,1165228.073342838,1916032.319169157,41.92519389,-87.668294363,"(41.92519388981048, -87.66829436339881)"
CALIFORNIA AND DEVON,1321,6400 N CALIFORNIA AVE,03/12/2015,1,1156461.150245401,1942370.37710537,41.997649133,-87.699792629,"(41.997649133049336, -87.69979262891378)"
ASHLAND AND 87TH,2452,8700 S ASHLAND AVE,03/12/2015,4,1167150.470087748,1846991.212339794,41.735696989,-87.663209544,"(41.73569698863625, -87.66320954445679)"
WESTERN AND DEVON,1211,6400 N WESTERN AVENUE,03/12/2015,3,1159113.585759434,1942451.622367891,41.997817807,-87.690033035,"(41.997817807026, -87.69003303469276)"
CENTRAL AND IRVING PARK,1183,5600 W IRVING PARK ROAD,03/12/2015,2,1138281.535484986,1926078.647777633,41.953292847,-87.767065708,"(41.953292847298, -87.76706570775266)"
KEDZIE AND 71ST,2354,3200 W 71ST STREET,01/28/2015,4,1156246.862901455,1857404.014959868,41.764497433,-87.702877023,"(41.76449743256955, -87.70287702335861)"
MILWAUKEE AND MONTROSE,1362,4400 N MILWAUKEE AVEN,01/28/2015,2,1141643.943268783,1928770.256316239,41.96061723,-87.75463824,"(41.9606172296957, -87.75463824007085)"
LASALLE AND KINZIE,1923,140 W KINZIE,01/28/2015,5,1175048.09765242,1903028.894760294,41.889297219,-87.632601648,"(41.88929721947309, -87.63260164817305)"
CICERO AND FULLERTON,1472,2400 N CICERO AVE,11/20/2016,2,1143961.592189569,1915545.343094087,41.92428359,-87.74645019,"(41.92428358982701, -87.74645019028947)"
COLUMBUS AND ILLINOIS,1951,500 N COLUMBUS DRIVE,01/28/2015,7,1178372.808407292,1903693.06016042,41.891044569,-87.620371839,"(41.891044569124276, -87.620371839074)"
WESTERN AND MARQUETTE,2672,6700 S WESTERN AVENUE,01/28/2015,6,1161488.747635042,1860134.788366884,41.771884028,-87.683588402,"(41.77188402771193, -87.68358840206334)"
IRVING PARK AND CALIFORNIA,1234,2800 W IRVING PARK ROA,01/28/2015,4,,,,,
WESTERN AND 79TH,2481,7900 S WESTERN AVE,01/28/2015,5,1161711.516404028,1852181.685686118,41.750054934,-87.682992203,"(41.750054933649984, -87.68299220290213)"
IRVING PARK AND KILPATRICK,2764,4700 W IRVING PARK ROA,01/28/2015,1,,,,,
ROOSEVELT AND HALSTED,2234,800 W ROOSEVELT ROAD,01/28/2015,9,1171199.282357741,1894968.056393724,41.867263098,-87.646972686,"(41.86726309836901, -87.64697268601648)"
OGDEN AND KOSTNER,2223,4400 W OGDEN AVENUE,01/28/2015,5,1147406.592439224,1887689.099869462,41.847777523,-87.734505969,"(41.84777752280453, -87.73450596874825)"
LARAMIE AND FULLERTON,1424,5200 W FULLERTON AVENUE,01/28/2015,2,1141305.554932016,1915502.611239048,41.924215797,-87.756210755,"(41.92421579723144, -87.75621075458939)"
CLARK AND IRVING PARK,1091,4000 N CLARK STREET,01/28/2015,1,1166736.149822904,1926699.323624709,41.954432441,-87.662446259,"(41.95443244141688, -87.66244625914061)"
ASHLAND AND IRVING PARK,1153,1600 W IRVING PARK ROA,01/28/2015,1,,,,,
MILWAUKEE AND DEVON,1274,6400 W DEVON AVENUE,01/28/2015,1,1132590.619798275,1942138.532048656,41.997463981,-87.787610243,"(41.99746398102873, -87.78761024341388)"
CICERO AND ADDISON,1612,3600 N CICERO AVENUE,01/28/2015,3,1143698.904601495,1923517.005821035,41.946163524,-87.747215169,"(41.94616352362556, -87.74721516897007)"
ELSTON AND FOSTER,1063,4932 W FOSTER AVENUE,01/28/2015,2,1142393.863544234,1934160.513830056,41.975394608,-87.751746599,"(41.975394608045924, -87.75174659886025)"
CICERO AND PETERSON,1204,4800 W PETERSON AVENUE,01/28/2015,2,1143273.766829016,1939491.944645127,41.990008007,-87.748376951,"(41.99000800729908, -87.74837695118997)"
VAN BUREN AND WESTERN,2054,2400 W VAN BUREN STREE,01/28/2015,10,,,,,
DAMEN AND DIVERSEY,1462,2800 N DAMEN AVENUE,01/28/2015,2,1162490.04851994,1918611.623717091,41.932329494,-87.678282719,"(41.9323294940985, -87.67828271931386)"
ELSTON AND IRVING PARK,1502,4000 N ELSTON AVENUE,01/28/2015,1,1151273.974828198,1926311.849469842,41.953687266,-87.719297882,"(41.95368726563273, -87.71929788151473)"
ELSTON AND ADDISON,1403,3216 W ADDISON ST,01/28/2015,7,1154199.729816868,1923799.345386665,41.946734755,-87.708609774,"(41.946734754927796, -87.7086097735515)"
WESTERN AND 71ST,2614,2400 W 71ST STREET,01/28/2015,2,1161584.506819846,1857557.788853485,41.764810388,-87.683308769,"(41.76481038827884, -87.68330876944678)"
HARLEM AND BELMONT,1391,3200 N HARLEM AVE,01/28/2015,2,1127481.020995451,1920467.613239239,41.938084468,-87.806896749,"(41.93808446822169, -87.80689674887883)"
HOMAN/KIMBALL AND NORTH,1771,1600 N HOMAN AVENUE,01/28/2015,1,,,,,
75TH AND STATE,2624,1 E 75TH STREET,01/28/2015,4,1177601.72646404,1855229.486604181,41.758074111,-87.624671658,"(41.75807411097799, -87.62467165835182)"
ASHLAND AND LAWRENCE,1142,4800 N ASHLAND AVENUE,01/28/2015,4,1164751.686785145,1932001.206626392,41.96902343,-87.669590434,"(41.969023429614026, -87.66959043354217)"
STONY ISLAND/CORNELL AND 67TH,2721,6700 S STONY ISLAND A,01/28/2015,3,1187984.143047539,1860863.338367666,41.773292896,-87.586442368,"(41.77329289585066, -87.58644236831432)"
WESTERN AND 71ST,2612,7100 S WESTERN AVENUE,01/28/2015,7,1161563.704681724,1857484.211306323,41.764608912,-87.683387053,"(41.76460891223613, -87.68338705328121)"
HALSTED AND NORTH,1764,800 W NORTH AVENUE,01/28/2015,1,1170700.68422007,1910913.190749698,41.91102851,-87.648335806,"(41.91102850981186, -87.64833580602037)"
CANAL AND ROOSEVELT,2291,1200 S CANAL STREET,01/28/2015,2,1173268.771030949,1894952.634878732,41.867175125,-87.639375813,"(41.86717512472001, -87.63937581258092)"
ASHLAND AND 95TH,2473,1600 W 95TH STREET,01/28/2015,2,1167323.753394196,1841755.029221382,41.721324412,-87.662724153,"(41.721324411975246, -87.66272415265087)"
SACRAMENTO AND LAKE,1822,150 N SACRAMENTO BOUL,01/28/2015,1,1156319.560664766,1900957.489351962,41.884012178,-87.701436479,"(41.88401217771363, -87.7014364786693)"
ASHLAND AND FULLERTON,1651,2400 N ASHLAND AVENUE,01/28/2015,6,1165228.073342838,1916032.319169157,41.92519389,-87.668294363,"(41.92519388981048, -87.66829436339881)"
IRVING PARK AND NARRAGANSETT,1024,6400 W IRVING PK,01/28/2015,1,1132945.939118726,1925946.304925137,41.953024751,-87.786683238,"(41.95302475075328, -87.78668323766634)"
PULASKI AND IRVING PARK,1572,4000 N PULASKI ROAD,01/28/2015,2,1148970.255325552,1926313.600468643,41.953737051,-87.727766612,"(41.95373705144353, -87.72776661179896)"
HALSTED AND NORTH,1761,1600 N HALSTED STREET,01/28/2015,1,1170678.283433825,1910880.991397547,41.910940644,-87.648419043,"(41.91094064391597, -87.64841904272998)"
ASHLAND AND DIVISION,1791,1200 N ASHLAND AVENUE,01/28/2015,8,1165466.997046718,1908083.767015974,41.903377468,-87.667643142,"(41.903377467566784, -87.66764314227497)"
4700 WESTERN,2142,4700 S WESTERN AVENUE,01/26/2015,2,1161120.438879703,1873431.066474726,41.808378408,-87.684570717,"(41.808378407946726, -87.68457071689552)"
WESTERN AND ARMITAGE,1862,2000 N WESTERN AVENUE,01/28/2015,1,1160006.66733459,1913226.418158186,41.917603818,-87.687557878,"(41.91760381794161, -87.68755787755686)"
WENTWORTH AND GARFIELD,2261,5500 S WENTWORTH AVEN,01/28/2015,20,,,,,
IRVING PARK AND CALIFORNIA,1233,2800 W IRVING PARK ROA,01/28/2015,2,,,,,
PERSHING AND WESTERN,2114,2400 W PERSHING ROAD,01/28/2015,1,1160957.773623189,1878793.434193427,41.82309676,-87.685018951,"(41.82309676016606, -87.68501895061576)"
CENTRAL AND FULLERTON,1442,2400 N CENTRAL AVENUE,01/28/2015,1,1138603.468418662,1915431.058212414,41.924068922,-87.766141214,"(41.92406892227644, -87.76614121413186)"
ASHLAND AND 47TH,2191,4700 S ASHLAND AVENUE,01/28/2015,2,1166423.624284841,1873520.235394001,41.808511597,-87.665117292,"(41.8085115972472, -87.66511729173287)"
ROOSEVELT AND KOSTNER,2323,4400 W ROOSEVELT,01/28/2015,9,1147200.963258796,1894379.538078088,41.866140868,-87.73508956,"(41.866140867641654, -87.73508956008207)"
75TH AND STATE,2621,7500 S STATE STREET,01/28/2015,2,1177538.763040612,1855235.551345519,41.758092176,-87.624902228,"(41.75809217638291, -87.6249022282473)"
CENTRAL AND LAKE,1743,5600 W LAKE STREET,01/28/2015,2,1138951.495695032,1902230.510465733,41.887838735,-87.765183663,"(41.887838735330206, -87.76518366338465)"
STONEY ISLAND AND 76TH,2632,7600 S STONY ISLAND A,01/28/2015,5,1188092.796191935,1854889.354158304,41.756897173,-87.586234285,"(41.75689717260223, -87.58623428506996)"
IRVING PARK AND LARAMIE,1534,5200 W IRVING PARK ROA,01/28/2015,4,,,,,
CENTRAL AND DIVERSEY,1644,5600 W DIVERSEY AVENUE,01/28/2015,3,1138539.758528398,1918097.096677271,41.931385977,-87.766310532,"(41.93138597683265, -87.76631053155157)"
79TH AND HALSTED,2541,7900 S HALSTED STREET,01/28/2015,2,1172298.707400847,1852444.344822186,41.750549559,-87.644188368,"(41.750549559438944, -87.64418836784098)"
KOSTNER AND NORTH,2013,4400 W NORTH,01/28/2015,1,1146738.551618032,1910309.595368032,41.909863573,-87.736380296,"(41.90986357340246, -87.73638029605371)"
55TH and PULASKI,2244,4000 W 55TH ST,01/28/2015,6,1150621.676903861,1867864.274865394,41.793313334,-87.723223038,"(41.79331333358753, -87.72322303812588)"
CLARK AND FULLERTON,1631,2400 N CLARK ST,01/28/2015,1,1172749.562209477,1916238.997132859,41.925597623,-87.640650973,"(41.925597623023144, -87.64065097309872)"
CORNELL DRIVE AND 57TH,2181,5700 S CORNELL DRIVE,01/28/2015,7,1188165.732740433,1867529.196427323,41.791580204,-87.585564215,"(41.79158020433135, -87.58556421519536)"
COLUMBUS AND ILLINOIS,1952,500 N COLUMBUS DRIVE,01/28/2015,3,1178372.808407292,1903693.06016042,41.891044569,-87.620371839,"(41.891044569124276, -87.620371839074)"
CENTRAL AND BELMONT,1604,5600 W BELMONT AVENUE,01/28/2015,1,1138453.617438343,1920755.972768412,41.938683775,-87.766562494,"(41.93868377475747, -87.76656249384537)"
SACRAMENTO AND LAKE,1821,150 N SACRAMENTO BOUL,01/28/2015,3,1156319.560664766,1900957.489351962,41.884012178,-87.701436479,"(41.88401217771363, -87.7014364786693)"
111TH AND HALSTED,2422,11100 S HALSTED ST,01/28/2015,5,1172923.657689312,1831209.044179248,41.692263123,-87.642522688,"(41.692263123425136, -87.6425226876268)"
OGDEN AND KOSTNER,2222,2348 S KOSTNER AVENUE,01/28/2015,1,1147394.548182079,1887795.177782082,41.848068845,-87.734547457,"(41.8480688449598, -87.73454745748458)"
CALIFORNIA AND PETERSON,1313,2800 W PETERSON AVENUE,01/28/2015,2,1156569.515341857,1939784.830544118,41.990552082,-87.699464396,"(41.990552081681564, -87.69946439622785)"
WESTERN AND CHICAGO,1943,2400 W CHICAGO AVE,01/28/2015,2,1160226.686812944,1905300.904544474,41.895851041,-87.686968935,"(41.895851041123755, -87.68696893468467)"
PERSHING AND WESTERN,2112,3900 S WESTERN BLVD,01/28/2015,1,1161130.992078755,1878746.226354636,41.822963628,-87.684384785,"(41.82296362788048, -87.68438478541296)"
ROOSEVELT AND PULASKI,2311,1200 S PULASKI ROAD,01/28/2015,1,1149866.002247864,1894375.839200384,41.866079337,-87.725305995,"(41.86607933722178, -87.7253059948758)"
PULASKI AND DIVERSEY,1542,2800 N PULASKI ROAD,01/28/2015,8,1149200.724531183,1918332.222549679,41.931831026,-87.727126873,"(41.93183102561505, -87.72712687300454)"
CENTRAL AND CHICAGO,1973,5600 W CHICAGO AVENUE,01/28/2015,1,1138858.856732452,1904825.827586656,41.894962293,-87.765460791,"(41.89496229349977, -87.76546079122906)"
KEDZIE AND 31ST,2134,3200 W 31ST STREET,01/28/2015,1,1155487.128005646,1883943.061106793,41.8373395,-87.704950558,"(41.83733950029648, -87.70495055800411)"
PULASKI AND ARMITAGE,1843,4000 W ARMITAGE AVENUE,01/28/2015,1,1149375.428872108,1913028.984273181,41.917275069,-87.726622746,"(41.91727506940875, -87.72662274644799)"
CICERO AND CHICAGO,1783,4800 W CHICAGO AVENUE,01/28/2015,2,1144175.291152764,1904916.255225279,41.895112219,-87.745932427,"(41.89511221857764, -87.74593242701515)"
WESTERN AND 79TH,2484,2400 W 79TH ST,01/28/2015,1,1161758.68085177,1852242.255513454,41.750220168,-87.682817693,"(41.75022016799851, -87.68281769253687)"
31ST ST AND MARTIN LUTHER KING DRIVE,2121,3100 S DR MARTIN L KING,01/28/2015,11,,,,,
LAKE SHORE DR AND BELMONT,1413,400 W BELMONT AVE,01/28/2015,17,1172981.744869382,1921577.376128802,41.940241193,-87.639639114,"(41.94024119325571, -87.63963911427594)"
HALSTED AND 103RD,2592,10300 S HALSTED STREE,01/28/2015,2,,,,,
79TH AND HALSTED,2543,800 W 79TH STREET,01/28/2015,1,1172320.105719411,1852517.9814434,41.750751157,-87.644107793,"(41.75075115747316, -87.64410779300933)"
WESTERN AND FULLERTON,1671,2400 N WESTERN AVENUE,01/28/2015,8,1159923.309342995,1915897.778561358,41.924935944,-87.687790255,"(41.92493594409127, -87.68779025471278)"
LARAMIE AND MADISON,2043,5200 W MADISON STREET,01/28/2015,10,1141706.965522802,1899567.55684314,41.880480752,-87.755130433,"(41.88048075170171, -87.75513043296509)"
KEDZIE AND ARMITAGE,1832,2000 N KEDZIE AVENUE,01/28/2015,7,1154684.031809326,1913129.496340896,41.917446172,-87.707116072,"(41.91744617191702, -87.70711607187832)"
KIMBALL AND DIVERSEY,1583,3400 W DIVERSEY AVENUE,01/28/2015,1,1153211.149172713,1918454.477800566,41.932087747,-87.71238583,"(41.932087747378944, -87.71238582951281)"
CICERO AND FULLERTON,1474,4800 W FULLERTON AVE,01/28/2015,3,1143967.570794243,1915568.504954477,41.924347036,-87.74642764,"(41.924347036010694, -87.74642763965628)"
HALSTED AND 63RD,2692,6300 S HALSTED STREET,01/28/2015,2,1172011.176373021,1863049.419962901,41.7796575,-87.644930993,"(41.77965750036339, -87.64493099278877)"
DAMEN AND FULLERTON,1662,2400 N DAMEN AVE,01/28/2015,3,1162574.442800845,1915955.081657831,41.925038006,-87.678047191,"(41.925038006410325, -87.67804719101314)"
ROOSEVELT AND PULASKI,2314,4000 W ROOSEVELT ROAD,01/28/2015,2,1149885.032049683,1894449.464076882,41.866281003,-87.72523422,"(41.866281002664536, -87.72523421983905)"
KEDZIE AND 71ST,2352,7100 S KEDZIE AVENUE,01/28/2015,3,1156225.540366296,1857330.103443232,41.764295037,-87.702957162,"(41.764295036756856, -87.70295716211793)"
DIVERSEY AND WESTERN,1431,2800 N WESTERN AVENUE,01/28/2015,1,1159837.205417355,1918550.506189309,41.932216988,-87.688033281,"(41.93221698794738, -87.68803328089533)"
CICERO AND ADDISON,1611,3600 N CICERO AVENUE,01/28/2015,4,1143698.904601495,1923517.005821035,41.946163524,-87.747215169,"(41.94616352362556, -87.74721516897007)"
35TH AND WESTERN,2092,3500 S WESTERN,01/28/2015,3,1160894.949857101,1881376.851112895,41.830187255,-87.685177925,"(41.83018725526863, -87.68517792510231)"
PULASKI AND DIVISION,1801,1200 N PULASKI ROAD,01/28/2015,4,1149459.590666926,1907723.219884254,41.902713902,-87.726451457,"(41.902713901936174, -87.72645145715836)"
4700 WESTERN,2142,4700 S WESTERN AVENUE,01/28/2015,1,1161120.438879703,1873431.066474726,41.808378408,-87.684570717,"(41.808378407946726, -87.68457071689552)"
LAFAYETTE AND 87TH,2502,8700 S LAFAYETTE AVEN,01/28/2015,10,1177417.493180297,1847243.988223464,41.73616511,-87.625587569,"(41.73616511008592, -87.62558756899932)"
MILWAUKEE AND MONTROSE,1364,5075 W MONTROSE AVENUE,01/28/2015,5,1141716.746618898,1928736.076639057,41.960522088,-87.754371424,"(41.96052208819935, -87.75437142402293)"
FOSTER AND NAGLE,1031,5200 N NAGLE,01/28/2015,2,1132529.656558223,1934201.702060651,41.97568567,-87.788020406,"(41.97568566971868, -87.78802040620296)"
STONEY ISLAND AND 76TH,2631,7600 S STONY ISLAND A,01/28/2015,6,1188092.796191935,1854889.354158304,41.756897173,-87.586234285,"(41.75689717260223, -87.58623428506996)"
GARFIELD AND ASHLAND,2272,5500 S ASHLAND AVENUE,01/28/2015,1,1166573.960309557,1868083.777885787,41.793590116,-87.664720996,"(41.793590115883404, -87.66472099593501)"
CENTRAL AND CHICAGO,1972,800 N CENTRAL AVENUE,01/28/2015,2,1138836.562608552,1904801.732832435,41.894896579,-87.765543258,"(41.89489657939746, -87.76554325845893)"
FULLERTON AND NARRAGANSETT,1553,6400 W FULLERTON AVENU,01/28/2015,2,1133317.594499059,1915293.661305931,41.923786189,-87.785567206,"(41.92378618871128, -87.78556720562165)"
STONEY ISLAND AND 79TH,2461,7900 S SOUTH CHICAGO AVE,01/28/2015,1,1188274.655498937,1852865.685797892,41.751339705,-87.585632266,"(41.751339704589455, -87.58563226565187)"
JEFFERY AND 79TH,2663,2000 E 79TH STREET,01/28/2015,3,1190922.804327671,1853026.181924232,41.751716559,-87.575923074,"(41.751716559267784, -87.57592307446549)"
FULLERTON AND NARRAGANSETT,1554,6400 W FULLERTON AVENU,01/28/2015,4,1133317.594499059,1915293.661305931,41.923786189,-87.785567206,"(41.92378618871128, -87.78556720562165)"
55TH AND KEDZIE,2162,5500 S KEDZIE AVENUE,01/28/2015,1,1155945.854705238,1867941.621374192,41.793420237,-87.703697508,"(41.793420236755864, -87.70369750845424)"
WESTERN AND ARMITAGE,1861,2000 N WESTERN AVENUE,01/28/2015,3,1160006.66733459,1913226.418158186,41.917603818,-87.687557878,"(41.91760381794161, -87.68755787755686)"
CENTRAL AND ADDISON,1682,3600 N CENTRAL AVENUE,01/28/2015,1,1138343.117435682,1923392.067464765,41.945919491,-87.766904594,"(41.945919490555106, -87.76690459426293)"
119TH AND HALSTED,2402,11900 S HALSTED,01/28/2015,3,1173094.774616191,1825911.054609338,41.677720829,-87.642051845,"(41.67772082924762, -87.64205184498218)"
BLUE ISLAND AND DAMEN,2283,2416 S BLUE ISLAND AV,01/28/2015,2,1163271.402680135,1888053.313412189,41.848458633,-87.676271269,"(41.848458633352884, -87.67627126912292)"
PULASKI AND IRVING PARK,1574,4000 W IRVING PARK RD,01/28/2015,3,1148988.727877253,1926320.954938409,41.953756874,-87.727698513,"(41.95375687447515, -87.72769851312907)"
KEDZIE AND 26TH,2382,2600 S KEDZIE AVENUE,01/28/2015,2,1155404.235510285,1886524.460033054,41.844424831,-87.705185452,"(41.84442483084393, -87.70518545233183)"
ASHLAND AND 87TH,2454,1600 W 87TH ST,01/28/2015,9,1167171.941297436,1847064.855345151,41.735898617,-87.663128781,"(41.735898617066006, -87.66312878090133)"
HAMLIN AND MADISON,1901,0 N HAMLIN BOULEVARD,01/28/2015,3,,,,,
ELSTON AND LAWRENCE,1282,4800 N ELSTON AVENUE,01/28/2015,1,1145529.344259918,1931501.601268983,41.968039361,-87.740283894,"(41.96803936143674, -87.74028389448999)"
55TH AND WESTERN,2213,2400 W 55TH STREET,01/28/2015,5,1161277.012730599,1868185.749490228,41.793981347,-87.684141741,"(41.7939813465735, -87.68414174128355)"
LAWRENCE AND WESTERN,1193,2400 W LAWRENCE AVENUE,01/28/2015,2,1159482.648570304,1931851.989492596,41.968724349,-87.688968727,"(41.96872434882172, -87.68896872699601)"
MILWAUKEE AND DEVON,1272,6400 N MILWAUKEE AVEN,01/28/2015,1,1132463.750397878,1942107.911507627,41.997382173,-87.788077674,"(41.99738217345368, -87.78807767391953)"
71ST AND ASHLAND,2391,7100 S ASHLAND,01/28/2015,1,1166868.379865725,1857616.168087255,41.764859382,-87.663940176,"(41.764859382425385, -87.66394017630476)"
HAMLIN AND LAKE,1882,300 N HAMLIN AVENUE,01/28/2015,2,1150970.026856642,1901381.688308858,41.885282636,-87.721069539,"(41.88528263580913, -87.72106953854511)"
CENTRAL AND IRVING PARK,1183,5600 W IRVING PARK ROAD,01/28/2015,2,1138281.535484986,1926078.647777633,41.953292847,-87.767065708,"(41.953292847298, -87.76706570775266)"
HALSTED AND 103RD,2592,10300 S HALSTED STREE,09/18/2014,6,,,,,
STATE AND 79TH,2654,1 E 79TH STREET,01/28/2015,10,1177680.113652821,1852598.313477786,41.750852096,-87.624463832,"(41.75085209551078, -87.62446383210285)"
ASHLAND AND FULLERTON,1652,2400 N ASHLAND AVENUE,01/28/2015,6,1165228.073342838,1916032.319169157,41.92519389,-87.668294363,"(41.92519388981048, -87.66829436339881)"
BROADWAY/SHERIDAN AND DEVON,1122,6400 N SHERIDAN ROAD,01/28/2015,4,1167087.151194129,1942658.704988689,41.998217921,-87.660695256,"(41.99821792053241, -87.6606952555721)"
KOSTNER AND NORTH,2011,1600 N KOSTNER,01/28/2015,1,1146732.108679105,1910282.120990798,41.909788304,-87.736404667,"(41.90978830394343, -87.73640466739216)"
DIVISION AND DAMEN,1733,2000 W DIVISION,01/28/2015,4,1162815.710860194,1908034.672555531,41.903298793,-87.677383247,"(41.903298792681944, -87.67738324739636)"
WESTERN AND CHICAGO,1941,800 N WESTERN AVE,01/28/2015,1,1160220.967978608,1905277.507115921,41.895786955,-87.686990586,"(41.89578695485361, -87.68699058611217)"
WESTERN AND NORTH,1851,1600 N WESTERN AVE,01/28/2015,2,1160077.474351131,1910605.013316134,41.910409024,-87.687370268,"(41.91040902362901, -87.687370268401)"
STONEY ISLAND AND 79TH,2464,1600 E 79TH ST,01/28/2015,2,1188284.704439907,1852964.829047574,41.751611523,-87.585592284,"(41.75161152327319, -87.58559228428787)"
PULASKI AND BELMONT,1382,3200 N PULASKI RD,01/28/2015,2,1149125.621478734,1920994.556178086,41.939138154,-87.72733371,"(41.939138153500274, -87.7273337101426)"
HOLLYWOOD AND SHERIDAN,1343,1000 W HOLLYWOOD AVE,01/28/2015,6,1168580.228926466,1938090.295189338,41.985649799,-87.655335807,"(41.98564979859328, -87.65533580655139)"
LASALLE AND KINZIE,1921,400 N LASALLE,01/28/2015,3,1175028.579766798,1903002.552291359,41.889225372,-87.632674115,"(41.88922537162015, -87.63267411498495)"
ELSTON AND ADDISON,1402,3600 N ELSTON AVE,01/28/2015,1,1154106.95251778,1923731.036211081,41.946549165,-87.708952626,"(41.94654916480637, -87.70895262603513)"
AUSTIN AND IRVING PARK,1161,4000 N AUSTIN AVENUE,01/28/2015,2,1135599.956110927,1926006.862619986,41.953144059,-87.776925284,"(41.95314405904539, -87.77692528423394)"
PULASKI AND ARCHER,2154,5000 S ARCHER AVE,01/28/2015,2,1150501.818909837,1871162.311703322,41.802365973,-87.723576766,"(41.80236597333895, -87.72357676611004)"
VINCENNES AND 111TH,2532,11100 S VINCENNES AVE,01/28/2015,5,1167202.128381332,1831126.639262444,41.692160999,-87.663472469,"(41.69216099874656, -87.66347246868617)"
CORNELL DRIVE AND 57TH,2182,5700 S CORNELL DRIVE,01/28/2015,9,1188165.732740433,1867529.196427323,41.791580204,-87.585564215,"(41.79158020433135, -87.58556421519536)"
ROOSEVELT AND KOSTNER,2321,1200 S KOSTNER,01/28/2015,2,1147196.304001978,1894305.883269746,41.865938839,-87.735108549,"(41.8659388389088, -87.73510854901264)"
HALSTED AND FULLERTON,1701,2400 N HALSTED STREET,01/28/2015,2,1170501.602639925,1916200.061550148,41.925540315,-87.648912156,"(41.925540315431995, -87.64891215551155)"
ASHLAND AND LAWRENCE,1143,1600 W LAWRENCE AVENUE,01/28/2015,3,1164771.946929007,1931988.254061312,41.968987457,-87.669516307,"(41.96898745654617, -87.66951630654926)"
HOLLYWOOD AND SHERIDAN,1344,1000 W HOLLYWOOD AVE,01/28/2015,13,1168580.228926466,1938090.295189338,41.985649799,-87.655335807,"(41.98564979859328, -87.65533580655139)"
HAMLIN AND LAKE,1881,300 N HAMLIN AVENUE,01/28/2015,5,1150970.026856642,1901381.688308858,41.885282636,-87.721069539,"(41.88528263580913, -87.72106953854511)"
WENTWORTH AND GARFIELD,,5500 S WENTWORTH AVEN,01/28/2015,1,,,,,
PULASKI AND ARCHER,2153,5000 S ARCHER AVE,01/28/2015,2,1150501.818909837,1871162.311703322,41.802365973,-87.723576766,"(41.80236597333895, -87.72357676611004)"
HARLEM AND NORTHWEST HWY,1081,6400 N HARLEM AVE,01/28/2015,4,1127335.21218179,1941943.442727776,41.997018918,-87.806947715,"(41.99701891845275, -87.8069477154956)"
ELSTON AND FOSTER,1062,5200 N ELSTON AVENUE,01/28/2015,1,1142327.864249356,1934110.317720717,41.975258095,-87.751990557,"(41.97525809526954, -87.75199055715778)"
55TH and PULASKI,2242,5500 S PULASKI,01/28/2015,3,1150600.072649439,1867806.44512718,41.793155061,-87.723303765,"(41.793155060731024, -87.72330376464247)"
SACRAMENTO AND CHICAGO,1814,3000 W CHICAGO AVENUE,01/28/2015,1,1156075.266375505,1905216.604770718,41.895704525,-87.702218524,"(41.895704524946225, -87.70221852353758)"
PULASKI AND FOSTER,1104,4000 W FOSTER AVE,01/28/2015,3,1148759.16134887,1934294.249006446,41.975640616,-87.728335469,"(41.975640616231914, -87.72833546926573)"
55TH AND WESTERN,2212,5500 S WESTERN AVE,01/28/2015,8,1161269.521335262,1867963.111601251,41.793370554,-87.684175377,"(41.79337055433029, -87.6841753767592)"
HALSTED AND MADISON,1872,1 N HALSTED STREET,01/28/2015,5,1171090.967986833,1900270.454015136,41.881815632,-87.647214717,"(41.88181563164203, -87.64721471704077)"
BELMONT AND KEDZIE,1372,3200 N KEDZIE AVE,01/28/2015,14,1154426.977874407,1921110.466549542,41.93935173,-87.707846594,"(41.93935173030961, -87.70784659359776)"
TOUHY AND OSCEOLA,1243,7432 W TOUHY AVENUE,01/28/2015,1,1125717.010560011,1947269.685461107,42.011661765,-87.812781431,"(42.01166176507329, -87.81278143114147)"
71ST AND ASHLAND,2394,1600 W 71ST,01/28/2015,2,1166890.012333149,1857674.2502247,41.765018306,-87.66385923,"(41.76501830555763, -87.66385923012646)"
VAN BUREN AND WESTERN,2052,400 S WESTERN AVENUE,01/28/2015,38,1160431.682297829,1898091.942371589,41.876064776,-87.686415631,"(41.87606477642526, -87.68641563098768)"
DIVERSEY AND AUSTIN,1454,6000 W DIVERSEY AVENUE,01/28/2015,1,1135895.736169343,1918029.70673837,41.931248624,-87.776028612,"(41.931248623643455, -87.77602861172493)"
FOSTER AND BROADWAY,1111,5200 N BROADWAY ST,01/28/2015,3,1167334.508577915,1934714.008346532,41.976412143,-87.660015082,"(41.97641214294823, -87.66001508205365)"
CENTRAL AND FULLERTON,1444,5600 W FULLERTON AVENU,01/28/2015,2,1138627.279189421,1915438.969256439,41.924090199,-87.76605353,"(41.92409019883488, -87.76605353016079)"
WESTERN AND DEVON,1212,6400 N WESTERN AVENUE,01/28/2015,1,1159113.585759434,1942451.622367891,41.997817807,-87.690033035,"(41.997817807026, -87.69003303469276)"
CORTLAND AND ASHLAND,1723,1600 W CORTLAND ST,01/28/2015,1,1165377.660768235,1912768.773647285,41.916235337,-87.667837772,"(41.91623533746878, -87.66783777212962)"
LARAMIE AND MADISON,2044,5200 W MADISON STREET,01/28/2015,5,1141706.965522802,1899567.55684314,41.880480752,-87.755130433,"(41.88048075170171, -87.75513043296509)"
HALSTED AND MADISON,1871,1 S HALSTED STREET,01/28/2015,4,1171092.392868784,1900234.542088741,41.881717056,-87.647210539,"(41.88171705561901, -87.64721053920604)"
LINCOLN AND MCCORMICK,2751,6200 N LINCOLN AVENUE,01/28/2015,17,1152551.008921873,1941175.933038791,41.994450004,-87.714208439,"(41.9944500041165, -87.71420843920934)"
WESTERN AND FOSTER,1074,2400 W FOSTER AVE,01/28/2015,1,1159379.402846887,1934502.712486132,41.97600019,-87.689275084,"(41.97600018976586, -87.68927508385399)"
PULASKI AND CHICAGO,1983,4000 W CHICAGO AVENUE,01/28/2015,2,1149561.855939692,1905086.596446259,41.895476752,-87.72614436,"(41.89547675163723, -87.72614435991626)"
COTTAGE GROVE AND 71ST,2571,7100 S COTTAGE GROVE,01/28/2015,1,1182746.23698699,1858088.011064538,41.765800351,-87.605729127,"(41.76580035131893, -87.6057291269901)"
CERMAK AND PULASKI,2334,4000 W CERMAK,01/28/2015,2,1150018.476053666,1889120.238540361,41.851654369,-87.724882975,"(41.85165436867626, -87.7248829753078)"
ASHLAND AND MADISON,1914,1600 W MADISON,01/28/2015,4,1165723.014733182,1900136.515489506,41.881564167,-87.666929463,"(41.8815641670199, -87.66692946294842)"
KEDZIE AND 31ST,2132,3100 S KEDZIE AVENUE,01/28/2015,2,1155483.167539854,1883867.660503274,41.837132671,-87.704967115,"(41.837132671422296, -87.70496711478727)"
ASHLAND AND MADISON,1911,0 N ASHLAND AVE,01/28/2015,3,,,,,
DIVISION AND DAMEN,1734,2000 W DIVISION,01/28/2015,8,1162815.710860194,1908034.672555531,41.903298793,-87.677383247,"(41.903298792681944, -87.67738324739636)"
ASHLAND AND DIVERSEY,1621,2800 N ASHLAND AVENUE,01/28/2015,12,1165139.964068357,1918674.245501741,41.932445362,-87.66854285,"(41.93244536200095, -87.6685428496422)"
MADISON AND CENTRAL,1751,0 S CENTRAL AVENUE,01/28/2015,4,,,,,
ARCHER AND CICERO,2081,5200 S CICERO AVE,01/28/2015,17,1145195.931989777,1869737.708306623,41.798558278,-87.743071866,"(41.798558278193305, -87.74307186616427)"
COTTAGE GROVE AND 95TH,2603,800 E 95TH STREET,01/28/2015,4,1183230.529909316,1842186.614201556,41.722153939,-87.604447736,"(41.72215393877189, -87.60444773564429)"
55TH AND KEDZIE,2163,3200 W 55TH STREET,01/28/2015,1,1155966.956993183,1868015.593764152,41.793622803,-87.703618141,"(41.79362280329978, -87.70361814062049)"
CICERO AND NORTH,2034,4800 W NORTH AVENUE,01/28/2015,3,1144053.733747163,1910243.80567041,41.90973389,-87.746244973,"(41.909733890131285, -87.74624497295898)"
HAMLIN AND MADISON,1903,3800 W MADISON STREET,01/28/2015,2,1151032.709141294,1899784.033986533,41.880897273,-87.720881226,"(41.880897273491264, -87.72088122613924)"
SHERIDAN AND FOSTER,1132,5200 N SHERIDAN ROAD,01/28/2015,3,1168661.623718229,1934753.842272756,41.976492721,-87.655133605,"(41.97649272077833, -87.65513360456677)"
PULASKI AND LAWRENCE,1173,4000 W LAWRENCE AVENUE,01/28/2015,3,1148844.220085601,1931638.45430438,41.968351285,-87.728091672,"(41.96835128527914, -87.72809167198088)"
WESTERN AND ADDISON,1563,2400 W ADDISON,01/28/2015,1,1159719.041544334,1923878.577275797,41.946839991,-87.688320193,"(41.9468399910054, -87.68832019252964)"
HALSTED AND FULLERTON,1704,800 W FULLERTON AVENUE,01/28/2015,4,1170525.624723311,1916208.443992778,41.925562791,-87.648823641,"(41.92556279107417, -87.64882364145232)"
HALSTED AND 103RD,2593,800 W 103RD STREET,01/28/2015,2,1172778.570616036,1836587.755252818,41.70702632,-87.642896007,"(41.707026319812215, -87.64289600741817)"
4700 WESTERN,2141,4700 S WESTERN AVENUE,01/28/2015,3,1161120.438879703,1873431.066474726,41.808378408,-87.684570717,"(41.808378407946726, -87.68457071689552)"
HALSTED AND 83RD,2642,8300 S HALSTED STREET,01/28/2015,2,1172378.202798089,1849790.199606783,41.743264491,-87.64397498,"(41.743264490643654, -87.64397498015705)"
ASHLAND AND 63RD,2683,1600 W 63RD STREET,01/28/2015,1,1166730.185044193,1862976.010016387,41.779570436,-87.664293875,"(41.77957043618697, -87.66429387512882)"
IRVING PARK AND LARAMIE,1534,5200 W IRVING PARK ROA,09/25/2014,2,,,,,
IRVING PARK AND KEDZIE,1354,3200 W IRVING PARK ROAD,01/28/2015,1,1154325.140302006,1926458.463197156,41.954029047,-87.708077494,"(41.95402904691877, -87.70807749383191)"
IRVING PARK AND LARAMIE,1533,5200 W IRVING PARK ROA,01/28/2015,1,,,,,
119TH AND HALSTED,2404,800 W 119TH STREET,01/28/2015,2,1173111.174088158,1825985.001014405,41.677923389,-87.641989646,"(41.677923389134385, -87.64198964584013)"
CANAL AND ROOSEVELT,2294,500 W ROOSEVELT ROAD,01/28/2015,5,1173290.72186561,1895021.166235495,41.867362693,-87.639293195,"(41.867362692616666, -87.63929319464197)"
CENTRAL AND IRVING PARK,1182,4000 N CENTRAL AVENUE,01/28/2015,1,1138258.614129764,1926071.172884932,41.953272751,-87.767150151,"(41.95327275103541, -87.76715015131407)"
WESTERN AND 63RD,2373,2400 W 63RD ST,01/28/2015,2,1161444.415758584,1862848.534703658,41.779331844,-87.683675761,"(41.77933184429814, -87.68367576084798)"
WESTERN AND FOSTER,1072,5200 N WESTERN AVE,01/28/2015,2,1159372.922497116,1934478.313674003,41.975933372,-87.689299589,"(41.97593337199358, -87.6892995891816)"
PULASKI AND 63RD,2342,6300 S PULASKI RD,01/28/2015,1,1150746.00309079,1862516.747695325,41.778636469,-87.722906356,"(41.77863646878099, -87.72290635568541)"
WESTERN AND TOUHY,1252,7200 N WESTERN AVENUE,01/28/2015,1,1158975.66256211,1947754.286963361,42.012371335,-87.690393917,"(42.012371334791766, -87.69039391737863)"
CICERO AND NORTH,2033,4800 W NORTH AVENUE,01/28/2015,5,1144053.733747163,1910243.80567041,41.90973389,-87.746244973,"(41.909733890131285, -87.74624497295898)"
ASHLAND AND 95TH,2472,9500 S ASHLAND AVENUE,01/28/2015,7,1167295.830128711,1841695.121217916,41.721160612,-87.662828139,"(41.72116061205213, -87.66282813939165)"
HARLEM AND BELMONT,1394,7200 W BELMONT AVE,01/28/2015,5,1127504.698153561,1920475.415440844,41.938105479,-87.806809552,"(41.93810547939496, -87.80680955240743)"
BROADWAY/SHERIDAN AND DEVON,1123,1200 W DEVON AVE,01/28/2015,5,1167109.644248166,1942688.147952186,41.998298228,-87.660611661,"(41.99829822771884, -87.66061166063517)"
ASHLAND AND ARCHER,2301,3100 S ASHLAND AVENUE,01/28/2015,5,1166131.325337548,1884126.42490739,41.837622344,-87.665887181,"(41.83762234415814, -87.66588718054551)"
CALIFORNIA AND DIVERSEY,1514,2800 W DIVERSEY,01/28/2015,27,1157212.54253358,1918526.674434943,41.932205395,-87.697679244,"(41.93220539506452, -87.6976792438691)"
STATE AND 79TH,2651,7900 S STATE STREET,01/28/2015,4,1177618.166929966,1852621.870232838,41.750918138,-87.624690123,"(41.7509181383154, -87.62469012251644)"
CICERO AND WASHINGTON,1891,100 N CICERO AVENUE,01/28/2015,4,1144328.984091479,1900095.170838459,41.88187971,-87.745489247,"(41.88187970991601, -87.7454892473012)"
CORTLAND AND ASHLAND,1721,1900 N ASHLAND AVE,01/28/2015,11,1165348.084854857,1912736.454335569,41.916147281,-87.667947354,"(41.91614728095272, -87.66794735350443)"
ELSTON AND IRVING PARK,1503,3700 W IRVING PARK ROA,01/28/2015,3,,,,,
ASHLAND AND 87TH,2452,8700 S ASHLAND AVE,01/28/2015,2,1167150.470087748,1846991.212339794,41.735696989,-87.663209544,"(41.73569698863625, -87.66320954445679)"
115TH AND HALSTED,2552,11500 S HALSTED STREE,01/28/2015,3,,,,,
CICERO AND CHICAGO,1781,800 N CICERO AVENUE,01/28/2015,2,1144169.162482127,1904893.189220372,41.895049038,-87.745955516,"(41.89504903796389, -87.74595551626888)"
PULASKI AND NORTH,1994,4000 W NORTH AVENUE,01/28/2015,1,1149456.2688422,1910376.774019002,41.909995582,-87.726394693,"(41.90999558160536, -87.72639469321471)"
PULASKI AND FOSTER,1102,5200 N PULASKI RD,01/28/2015,2,1148746.251286324,1934286.914361976,41.97562074,-87.728383135,"(41.97562073966174, -87.72838313514907)"
AUSTIN AND ADDISON,1491,3600 N AUSTIN AVENUE,01/28/2015,2,1135691.599896458,1923335.967306169,41.945813215,-87.776652162,"(41.9458132146695, -87.77665216156436)"
VINCENNES AND 111TH,2531,11100 S VINCENNES AVE,01/28/2015,4,1167202.128381332,1831126.639262444,41.692160999,-87.663472469,"(41.69216099874656, -87.66347246868617)"
PULASKI AND MONTROSE,1294,4000 W MONTROSE AVENUE,01/28/2015,1,1148917.521854602,1928980.338532162,41.961055804,-87.727891206,"(41.96105580370759, -87.72789120598296)"
HOMAN/KIMBALL AND NORTH,1773,3400 W NORTH AVE,01/28/2015,1,1153386.578905125,1910465.87061722,41.910162847,-87.711953868,"(41.91016284680269, -87.71195386769125)"
CENTRAL AND LAKE,1742,400 N CENTRAL AVENUE,01/28/2015,3,1138928.478257537,1902217.926149854,41.887804621,-87.765268498,"(41.88780462053497, -87.76526849810371)"
99TH AND HALSTED,2433,800 W 99TH ST,01/28/2015,6,1172710.642565684,1839246.330602143,41.714323337,-87.643066714,"(41.71432333701137, -87.64306671421937)"
KEDZIE AND ARMITAGE,1834,3200 W ARMITAGE AVENUE,01/28/2015,2,1154700.851347995,1913153.252187904,41.917511023,-87.707053639,"(41.91751102291878, -87.7070536388797)"
CICERO AND I55,2252,4200 S CICERO AVENUE,01/28/2015,4,1145023.742859509,1876358.276835519,41.816729387,-87.743536712,"(41.81672938674739, -87.74353671247594)"
63RD AND STATE,2712,6300 S STATE ST,01/28/2015,6,1177303.801895084,1863220.216755923,41.780008277,-87.625522512,"(41.78000827740796, -87.6255225119157)"
HALSTED AND 63RD,2691,6300 S HALSTED STREET,01/28/2015,2,1172011.176373021,1863049.419962901,41.7796575,-87.644930993,"(41.77965750036339, -87.64493099278877)"
CLARK AND IRVING PARK,1093,1300 W IRVING PARK ROAD,01/28/2015,2,1166777.545456989,1926719.73687357,41.954487567,-87.662293496,"(41.95448756687966, -87.66229349585691)"
CICERO AND FULLERTON,1472,2400 N CICERO AVE,01/28/2015,2,1143961.592189569,1915545.343094087,41.92428359,-87.74645019,"(41.92428358982701, -87.74645019028947)"
IRVING PARK AND KEDZIE,1353,3200 W IRVING PARK ROAD,01/28/2015,4,1154325.140302006,1926458.463197156,41.954029047,-87.708077494,"(41.95402904691877, -87.70807749383191)"
KEDZIE AND 63RD,2361,6300 S KEDZIE AVE,01/28/2015,1,1156097.505177228,1862668.051775093,41.77894575,-87.703283119,"(41.77894575017997, -87.70328311900342)"
KEDZIE AND 26TH,2381,2600 S KEDZIE AVENUE,01/28/2015,2,1155404.235510285,1886524.460033054,41.844424831,-87.705185452,"(41.84442483084393, -87.70518545233183)"
COTTAGE GROVE AND 71ST,2572,7100 S COTTAGE GROVE,01/28/2015,3,1182746.23698699,1858088.011064538,41.765800351,-87.605729127,"(41.76580035131893, -87.6057291269901)"
HALSTED AND 83RD,2641,8300 S HALSTED STREET,01/28/2015,3,1172378.202798089,1849790.199606783,41.743264491,-87.64397498,"(41.743264490643654, -87.64397498015705)"
31ST ST AND MARTIN LUTHER KING DRIVE,2123,400 E 31ST STREET,01/28/2015,2,1179437.985396417,1884565.84226022,41.838534018,-87.617046113,"(41.838534018118914, -87.61704611345726)"
STONY ISLAND/CORNELL AND 67TH,2731,6700 S CORNELL DRIVE,01/28/2015,3,1188316.454860734,1860851.137456735,41.77325149,-87.5852246,"(41.77325148959568, -87.58522459967712)"
ROOSEVELT AND HALSTED,2233,800 W ROOSEVELT ROAD,01/28/2015,4,1171199.282357741,1894968.056393724,41.867263098,-87.646972686,"(41.86726309836901, -87.64697268601648)"
DAMEN AND 63RD,2702,6300 S DAMEN AVENUE,01/28/2015,1,1164069.407943298,1862830.277442834,41.779226921,-87.674052731,"(41.77922692069256, -87.67405273137854)"
PULASKI AND PETERSON,1263,4000 W PETERSON AVENUE,01/28/2015,4,1148618.560490339,1939615.133928395,41.990244186,-87.728714391,"(41.99024418564742, -87.7287143910091)"
87TH AND VINCENNES,2412,8700 S VINCENNES,01/28/2015,2,1172026.328989535,1847142.496643776,41.736006565,-87.645341819,"(41.73600656458518, -87.64534181897955)"
PULASKI AND ARMITAGE,1844,4000 W ARMITAGE AVENUE,01/28/2015,1,1149375.428872108,1913028.984273181,41.917275069,-87.726622746,"(41.91727506940875, -87.72662274644799)"
ASHLAND AND DIVERSEY,1623,1600 W DIVERSEY PARKWA,01/28/2015,1,,,,,
HALSTED AND DIVISION,1714,800 W DIVISION,01/28/2015,1,1170767.827960358,1908259.644151662,41.903745557,-87.648167011,"(41.90374555734733, -87.64816701062779)"
ASHLAND AND IRVING PARK,1151,4000 N ASHLAND AVENUE,01/28/2015,3,1164899.463802581,1926665.661118925,41.954379326,-87.66919912,"(41.954379326212695, -87.66919911980419)"
CICERO AND PETERSON,1202,6000 N CICERO AVENUE,01/28/2015,2,1143247.733553094,1939479.342905704,41.989973915,-87.748473024,"(41.98997391514614, -87.74847302426933)"
STONEY ISLAND AND 79TH,2462,7900 S STONEY ISLAND,01/28/2015,6,1188181.571068297,1852908.934789311,41.751460603,-87.585971993,"(41.75146060316686, -87.5859719929647)"
DAMEN AND DIVERSEY,1464,2000 W DIVERSEY PARKWAY,01/28/2015,5,1162519.714934025,1918635.417634925,41.932394164,-87.678173031,"(41.93239416403691, -87.67817303087757)"
ADDISON AND HARLEM,1591,3600 N HARLEM AVENUE,01/28/2015,2,1127394.594070737,1923110.532422811,41.945338412,-87.807154769,"(41.94533841246591, -87.80715476912044)"
LAKE SHORE DR AND BELMONT,1412,3200 N LAKESHORE DRIV,01/28/2015,3,1173053.220555078,1921821.380831705,41.940909163,-87.63936916,"(41.94090916326764, -87.63936915995522)"
WESTERN AND CERMAK,1002,2200 S WESTERN AVENUE,01/28/2015,2,1160669.42562757,1889318.196820393,41.85198384,-87.685785704,"(41.85198383957328, -87.68578570420526)"
KIMBALL AND DIVERSEY,1581,2800 N KIMBALL AVENUE,10/08/2014,3,,,,,
DAMEN AND FULLERTON,1663,2000 W FULLERTON AVE,01/28/2015,10,1162596.935552891,1915990.579747891,41.925134944,-87.677963546,"(41.92513494374925, -87.67796354553815)"
PULASKI AND PETERSON,1262,6000 N PULASKI ROAD,01/28/2015,2,1148598.016685695,1939584.645960177,41.990160923,-87.728790748,"(41.99016092280557, -87.72879074759867)"
CALIFORNIA AND DIVERSEY,1513,2800 W DIVERSEY,01/28/2015,1,1157212.54253358,1918526.674434943,41.932205395,-87.697679244,"(41.93220539506452, -87.6976792438691)"
TOUHY AND OSCEOLA,1244,7432 W TOUHY AVENUE,01/28/2015,2,1125717.010560011,1947269.685461107,42.011661765,-87.812781431,"(42.01166176507329, -87.81278143114147)"
LAFAYETTE AND 87TH,2503,30 W 87TH STREET,01/28/2015,16,1177407.651800237,1847320.772058312,41.736376037,-87.625621311,"(41.736376036604916, -87.62562131092602)"
CICERO AND 47TH,2204,4800 W 47TH ST,01/28/2015,6,1145130.048925744,1873078.44198302,41.807727017,-87.743229366,"(41.80772701677172, -87.74322936566276)"
CHICAGO AND CLARK,1963,100 W CHICAGO AVENUE,01/28/2015,4,1175374.528739575,1905745.47783364,41.896744347,-87.631321248,"(41.896744346875806, -87.63132124815151)"
83RD AND STONY ISLAND,2562,8300 S STONY ISLAND A,01/28/2015,6,1188212.052384068,1850245.675393851,41.744151639,-87.585945067,"(41.744151639041974, -87.58594506695293)"
35TH AND WESTERN,2091,3500 S WESTERN,01/28/2015,3,1160894.949857101,1881376.851112895,41.830187255,-87.685177925,"(41.83018725526863, -87.68517792510231)"
JEFFERY AND 95TH,2522,9500 S JEFFERY AVE,01/28/2015,1,1191132.420601301,1842335.735988875,41.722375907,-87.575499903,"(41.72237590704101, -87.57549990332795)"
63RD AND STATE,2714,1 E 63RD ST,01/28/2015,6,1177367.518733101,1863199.17768559,41.779949105,-87.625289553,"(41.779949104569106, -87.62528955333775)"
PULASKI AND NORTH,1992,1600 N PULASKI AVENUE,01/28/2015,2,1149432.959240306,1910369.112502195,41.90997501,-87.726480523,"(41.909975010236906, -87.72648052306623)"
MONTROSE AND WESTERN,1221,4400 N WESTERN AVENUE,01/28/2015,6,1159539.733234718,1929183.918095502,41.961401846,-87.688832623,"(41.961401846278505, -87.6888326227788)"
IRVING PARK AND NARRAGANSETT,1023,6400 W IRVING PK,01/28/2015,4,1132945.939118726,1925946.304925137,41.953024751,-87.786683238,"(41.95302475075328, -87.78668323766634)"
IRVING PARK AND KILPATRICK,2763,4700 W IRVING PARK ROA,01/28/2015,3,,,,,
WESTERN AND TOUHY,1251,7200 N WESTERN AVENUE,01/28/2015,2,1158975.66256211,1947754.286963361,42.012371335,-87.690393917,"(42.012371334791766, -87.69039391737863)"
79TH AND KEDZIE,2443,3200 W 79TH ST,01/28/2015,2,1156402.644780165,1852104.649370984,41.749952001,-87.702448478,"(41.74995200142266, -87.70244847808695)"
WENTWORTH AND GARFIELD,2264,200 W GARFIELD BLVD,01/28/2015,6,1175889.574397302,1868551.750512227,41.794670385,-87.630547476,"(41.79467038468937, -87.63054747605638)"
99TH AND HALSTED,2431,9900 S HALSTED ST,01/28/2015,9,1172689.754200318,1839171.652197216,41.714118868,-87.643145408,"(41.714118868089905, -87.64314540818165)"
KOSTNER AND NORTH,2012,4400 W GRAND AVE,01/28/2015,4,1146773.519128439,1910425.663958581,41.91018141,-87.73624887,"(41.910181409597406, -87.73624887040725)"
CICERO AND I55,2251,4200 S CICERO AVENUE,01/28/2015,20,1145023.742859509,1876358.276835519,41.816729387,-87.743536712,"(41.81672938674739, -87.74353671247594)"
HOLLYWOOD AND SHERIDAN,1343,1000 W HOLLYWOOD AVE,03/12/2015,1,1168580.228926466,1938090.295189338,41.985649799,-87.655335807,"(41.98564979859328, -87.65533580655139)"
DIVISION AND DAMEN,1734,2000 W DIVISION,03/02/2015,5,1162815.710860194,1908034.672555531,41.903298793,-87.677383247,"(41.903298792681944, -87.67738324739636)"
PERSHING AND WESTERN,2112,3900 S WESTERN BLVD,03/02/2015,2,1161130.992078755,1878746.226354636,41.822963628,-87.684384785,"(41.82296362788048, -87.68438478541296)"
WESTERN AND CHICAGO,1943,2400 W CHICAGO AVE,01/29/2015,1,1160226.686812944,1905300.904544474,41.895851041,-87.686968935,"(41.895851041123755, -87.68696893468467)"
MADISON AND CENTRAL,1751,0 S CENTRAL AVENUE,01/29/2015,4,,,,,
75TH AND STATE,2624,1 E 75TH STREET,01/29/2015,4,1177601.72646404,1855229.486604181,41.758074111,-87.624671658,"(41.75807411097799, -87.62467165835182)"
ASHLAND AND MADISON,1911,0 N ASHLAND AVE,01/29/2015,10,,,,,
HALSTED AND FULLERTON,1704,800 W FULLERTON AVENUE,01/29/2015,2,1170525.624723311,1916208.443992778,41.925562791,-87.648823641,"(41.92556279107417, -87.64882364145232)"
HARLEM AND NORTHWEST HWY,1081,6400 N HARLEM AVE,01/29/2015,5,1127335.21218179,1941943.442727776,41.997018918,-87.806947715,"(41.99701891845275, -87.8069477154956)"
GARFIELD AND ASHLAND,2272,5500 S ASHLAND AVENUE,01/29/2015,2,1166573.960309557,1868083.777885787,41.793590116,-87.664720996,"(41.793590115883404, -87.66472099593501)"
PULASKI AND 63RD,2342,6300 S PULASKI RD,01/29/2015,2,1150746.00309079,1862516.747695325,41.778636469,-87.722906356,"(41.77863646878099, -87.72290635568541)"
STONEY ISLAND AND 76TH,2632,7600 S STONY ISLAND A,01/29/2015,11,1188092.796191935,1854889.354158304,41.756897173,-87.586234285,"(41.75689717260223, -87.58623428506996)"
CORTLAND AND ASHLAND,1721,1900 N ASHLAND AVE,01/29/2015,10,1165348.084854857,1912736.454335569,41.916147281,-87.667947354,"(41.91614728095272, -87.66794735350443)"
55TH and PULASKI,2242,5500 S PULASKI,01/29/2015,2,1150600.072649439,1867806.44512718,41.793155061,-87.723303765,"(41.793155060731024, -87.72330376464247)"
CICERO AND CHICAGO,1783,4800 W CHICAGO AVENUE,01/29/2015,2,1144175.291152764,1904916.255225279,41.895112219,-87.745932427,"(41.89511221857764, -87.74593242701515)"
LAFAYETTE AND 87TH,2503,30 W 87TH STREET,01/29/2015,9,1177407.651800237,1847320.772058312,41.736376037,-87.625621311,"(41.736376036604916, -87.62562131092602)"
HALSTED AND NORTH,1764,800 W NORTH AVENUE,01/29/2015,1,1170700.68422007,1910913.190749698,41.91102851,-87.648335806,"(41.91102850981186, -87.64833580602037)"
AUSTIN AND ADDISON,1491,3600 N AUSTIN AVENUE,01/29/2015,2,1135691.599896458,1923335.967306169,41.945813215,-87.776652162,"(41.9458132146695, -87.77665216156436)"
HARLEM AND BELMONT,1394,7200 W BELMONT AVE,01/29/2015,2,1127504.698153561,1920475.415440844,41.938105479,-87.806809552,"(41.93810547939496, -87.80680955240743)"
DAMEN AND FULLERTON,1663,2000 W FULLERTON AVE,01/29/2015,4,1162596.935552891,1915990.579747891,41.925134944,-87.677963546,"(41.92513494374925, -87.67796354553815)"
WESTERN AND PRATT,1301,6800 N WESTERN AVENUE,01/29/2015,4,1159043.160898631,1945096.218978482,42.005076123,-87.69021903,"(42.00507612272344, -87.69021903022175)"
WESTERN AND FOSTER,1074,2400 W FOSTER AVE,01/29/2015,3,1159379.402846887,1934502.712486132,41.97600019,-87.689275084,"(41.97600018976586, -87.68927508385399)"
CICERO AND I55,2252,4200 S CICERO AVENUE,01/29/2015,1,1145023.742859509,1876358.276835519,41.816729387,-87.743536712,"(41.81672938674739, -87.74353671247594)"
PULASKI AND DIVERSEY,1542,2800 N PULASKI ROAD,01/29/2015,4,1149200.724531183,1918332.222549679,41.931831026,-87.727126873,"(41.93183102561505, -87.72712687300454)"
CICERO AND HARRISON,2022,600 S CICERO AVENUE,01/29/2015,2,1144444.97442848,1896894.622216872,41.873094833,-87.745143869,"(41.873094832519136, -87.74514386884542)"
CICERO AND CHICAGO,1781,800 N CICERO AVENUE,01/29/2015,2,1144169.162482127,1904893.189220372,41.895049038,-87.745955516,"(41.89504903796389, -87.74595551626888)"
KIMBALL AND DIVERSEY,1581,2800 N KIMBALL AVENUE,01/29/2015,1,,,,,
4700 WESTERN,2142,4700 S WESTERN AVENUE,01/29/2015,2,1161120.438879703,1873431.066474726,41.808378408,-87.684570717,"(41.808378407946726, -87.68457071689552)"
BELMONT AND KEDZIE,1372,3200 N KEDZIE AVE,01/29/2015,9,1154426.977874407,1921110.466549542,41.93935173,-87.707846594,"(41.93935173030961, -87.70784659359776)"
HAMLIN AND LAKE,1882,300 N HAMLIN AVENUE,01/29/2015,2,1150970.026856642,1901381.688308858,41.885282636,-87.721069539,"(41.88528263580913, -87.72106953854511)"
WESTERN AND NORTH,1851,1600 N WESTERN AVE,01/29/2015,1,1160077.474351131,1910605.013316134,41.910409024,-87.687370268,"(41.91040902362901, -87.687370268401)"
HAMLIN AND MADISON,1903,3800 W MADISON STREET,01/29/2015,4,1151032.709141294,1899784.033986533,41.880897273,-87.720881226,"(41.880897273491264, -87.72088122613924)"
MILWAUKEE AND DEVON,1272,6400 N MILWAUKEE AVEN,01/29/2015,1,1132463.750397878,1942107.911507627,41.997382173,-87.788077674,"(41.99738217345368, -87.78807767391953)"
ASHLAND AND LAWRENCE,1143,1600 W LAWRENCE AVENUE,01/29/2015,4,1164771.946929007,1931988.254061312,41.968987457,-87.669516307,"(41.96898745654617, -87.66951630654926)"
BELMONT AND KEDZIE,1373,3200 W BELMONT,01/29/2015,2,1154461.587940363,1921143.091003516,41.939440561,-87.707718516,"(41.93944056117365, -87.70771851630873)"
CENTRAL AND FULLERTON,1444,5600 W FULLERTON AVENU,01/29/2015,1,1138627.279189421,1915438.969256439,41.924090199,-87.76605353,"(41.92409019883488, -87.76605353016079)"
STONY ISLAND/CORNELL AND 67TH,2731,6700 S CORNELL DRIVE,01/29/2015,3,1188316.454860734,1860851.137456735,41.77325149,-87.5852246,"(41.77325148959568, -87.58522459967712)"
KEDZIE AND ARMITAGE,1834,3200 W ARMITAGE AVENUE,01/29/2015,1,1154700.851347995,1913153.252187904,41.917511023,-87.707053639,"(41.91751102291878, -87.7070536388797)"
CICERO AND FULLERTON,1472,2400 N CICERO AVE,01/29/2015,4,1143961.592189569,1915545.343094087,41.92428359,-87.74645019,"(41.92428358982701, -87.74645019028947)"
CALIFORNIA AND PETERSON,1311,6000 N CALIFORNIA AVE,01/29/2015,1,1156545.742699118,1939775.775541795,41.990527717,-87.699552084,"(41.990527717148176, -87.69955208405155)"
CANAL AND ROOSEVELT,2294,500 W ROOSEVELT ROAD,01/29/2015,4,1173290.72186561,1895021.166235495,41.867362693,-87.639293195,"(41.867362692616666, -87.63929319464197)"
CORNELL DRIVE AND 57TH,2182,5700 S CORNELL DRIVE,01/29/2015,3,1188165.732740433,1867529.196427323,41.791580204,-87.585564215,"(41.79158020433135, -87.58556421519536)"
CICERO AND PETERSON,1204,4800 W PETERSON AVENUE,01/29/2015,2,1143273.766829016,1939491.944645127,41.990008007,-87.748376951,"(41.99000800729908, -87.74837695118997)"
ELSTON AND LAWRENCE,1284,4440 W LAWRENCE AVENUE,01/29/2015,6,1145715.061027481,1931571.0474838,41.968226398,-87.739599251,"(41.96822639754791, -87.73959925065756)"
DAMEN AND DIVERSEY,1464,2000 W DIVERSEY PARKWAY,01/29/2015,1,1162519.714934025,1918635.417634925,41.932394164,-87.678173031,"(41.93239416403691, -87.67817303087757)"
CALIFORNIA AND DIVERSEY,1514,2800 W DIVERSEY,01/29/2015,18,1157212.54253358,1918526.674434943,41.932205395,-87.697679244,"(41.93220539506452, -87.6976792438691)"
STONEY ISLAND AND 79TH,2464,1600 E 79TH ST,01/29/2015,1,1188284.704439907,1852964.829047574,41.751611523,-87.585592284,"(41.75161152327319, -87.58559228428787)"
83RD AND STONY ISLAND,2563,1600 E 83RD STREET,01/29/2015,4,1188383.194217679,1850307.01299095,41.744315875,-87.585316041,"(41.74431587464464, -87.58531604125469)"
STONEY ISLAND AND 79TH,2462,7900 S STONEY ISLAND,01/29/2015,3,1188181.571068297,1852908.934789311,41.751460603,-87.585971993,"(41.75146060316686, -87.5859719929647)"
FOSTER AND BROADWAY,1113,1200 W FOSTER AVE,01/29/2015,1,1167357.095930752,1934721.393266777,41.97643192,-87.659931806,"(41.97643192018459, -87.65993180604016)"
WENTWORTH AND GARFIELD,2261,5500 S WENTWORTH AVEN,01/29/2015,12,,,,,
IRVING PARK AND NARRAGANSETT,1023,6400 W IRVING PK,01/29/2015,1,1132945.939118726,1925946.304925137,41.953024751,-87.786683238,"(41.95302475075328, -87.78668323766634)"
CENTRAL AND DIVERSEY,1644,5600 W DIVERSEY AVENUE,01/29/2015,1,1138539.758528398,1918097.096677271,41.931385977,-87.766310532,"(41.93138597683265, -87.76631053155157)"
75TH AND STATE,2621,7500 S STATE STREET,01/29/2015,3,1177538.763040612,1855235.551345519,41.758092176,-87.624902228,"(41.75809217638291, -87.6249022282473)"
79TH AND KEDZIE,2443,3200 W 79TH ST,01/29/2015,1,1156402.644780165,1852104.649370984,41.749952001,-87.702448478,"(41.74995200142266, -87.70244847808695)"
HALSTED AND 63RD,2691,6300 S HALSTED STREET,01/29/2015,3,1172011.176373021,1863049.419962901,41.7796575,-87.644930993,"(41.77965750036339, -87.64493099278877)"
CICERO AND DIVERSEY,1694,4800 W DIVERSEY AVENUE,01/29/2015,1,1143869.848167704,1918226.043989398,41.93164142,-87.746719911,"(41.93164142040689, -87.7467199106462)"
CENTRAL AND LAKE,1743,5600 W LAKE STREET,01/29/2015,4,1138951.495695032,1902230.510465733,41.887838735,-87.765183663,"(41.887838735330206, -87.76518366338465)"
COTTAGE GROVE AND 71ST,2572,7100 S COTTAGE GROVE,01/29/2015,2,1182746.23698699,1858088.011064538,41.765800351,-87.605729127,"(41.76580035131893, -87.6057291269901)"
WESTERN AND 79TH,2481,7900 S WESTERN AVE,01/29/2015,2,1161711.516404028,1852181.685686118,41.750054934,-87.682992203,"(41.750054933649984, -87.68299220290213)"
HOLLYWOOD AND SHERIDAN,1343,1000 W HOLLYWOOD AVE,01/29/2015,1,1168580.228926466,1938090.295189338,41.985649799,-87.655335807,"(41.98564979859328, -87.65533580655139)"
BROADWAY/SHERIDAN AND DEVON,1122,6400 N SHERIDAN ROAD,01/29/2015,2,1167087.151194129,1942658.704988689,41.998217921,-87.660695256,"(41.99821792053241, -87.6606952555721)"
CICERO AND PETERSON,1202,6000 N CICERO AVENUE,01/29/2015,4,1143247.733553094,1939479.342905704,41.989973915,-87.748473024,"(41.98997391514614, -87.74847302426933)"
DAMEN AND 63RD,2702,6300 S DAMEN AVENUE,01/29/2015,1,1164069.407943298,1862830.277442834,41.779226921,-87.674052731,"(41.77922692069256, -87.67405273137854)"
PULASKI AND LAWRENCE,1173,4000 W LAWRENCE AVENUE,01/29/2015,1,1148844.220085601,1931638.45430438,41.968351285,-87.728091672,"(41.96835128527914, -87.72809167198088)"
LARAMIE AND FULLERTON,1421,2400 N LARAMIE AVENUE,01/29/2015,1,1141282.877477884,1915479.163971956,41.924151874,-87.756294662,"(41.92415187425276, -87.75629466175003)"
KEDZIE AND 71ST,2352,7100 S KEDZIE AVENUE,01/29/2015,1,1156225.540366296,1857330.103443232,41.764295037,-87.702957162,"(41.764295036756856, -87.70295716211793)"
ASHLAND AND FULLERTON,1652,2400 N ASHLAND AVENUE,01/29/2015,6,1165228.073342838,1916032.319169157,41.92519389,-87.668294363,"(41.92519388981048, -87.66829436339881)"
DIVISION AND DAMEN,1733,2000 W DIVISION,01/29/2015,3,1162815.710860194,1908034.672555531,41.903298793,-87.677383247,"(41.903298792681944, -87.67738324739636)"
PULASKI AND PETERSON,1263,4000 W PETERSON AVENUE,01/29/2015,8,1148618.560490339,1939615.133928395,41.990244186,-87.728714391,"(41.99024418564742, -87.7287143910091)"
PULASKI AND FOSTER,1104,4000 W FOSTER AVE,01/29/2015,3,1148759.16134887,1934294.249006446,41.975640616,-87.728335469,"(41.975640616231914, -87.72833546926573)"
PERSHING AND WESTERN,2114,2400 W PERSHING ROAD,01/29/2015,3,1160957.773623189,1878793.434193427,41.82309676,-87.685018951,"(41.82309676016606, -87.68501895061576)"
CORTLAND AND ASHLAND,1723,1600 W CORTLAND ST,01/29/2015,1,1165377.660768235,1912768.773647285,41.916235337,-87.667837772,"(41.91623533746878, -87.66783777212962)"
HOMAN/KIMBALL AND NORTH,1771,1600 N HOMAN AVENUE,01/29/2015,1,,,,,
55TH AND KEDZIE,2162,5500 S KEDZIE AVENUE,01/29/2015,2,1155945.854705238,1867941.621374192,41.793420237,-87.703697508,"(41.793420236755864, -87.70369750845424)"
87TH AND VINCENNES,2412,8700 S VINCENNES,01/29/2015,3,1172026.328989535,1847142.496643776,41.736006565,-87.645341819,"(41.73600656458518, -87.64534181897955)"
ASHLAND AND 63RD,2681,6300 S ASHLAND AVE,01/29/2015,3,1166711.252809567,1862903.630015878,41.77937222,-87.664365347,"(41.77937222048469, -87.66436534741581)"
BROADWAY/SHERIDAN AND DEVON,1123,1200 W DEVON AVE,01/29/2015,3,1167109.644248166,1942688.147952186,41.998298228,-87.660611661,"(41.99829822771884, -87.66061166063517)"
CICERO AND ADDISON,1611,3600 N CICERO AVENUE,01/29/2015,2,1143698.904601495,1923517.005821035,41.946163524,-87.747215169,"(41.94616352362556, -87.74721516897007)"
PULASKI AND FOSTER,1102,5200 N PULASKI RD,01/29/2015,1,1148746.251286324,1934286.914361976,41.97562074,-87.728383135,"(41.97562073966174, -87.72838313514907)"
CICERO AND I55,2251,4200 S CICERO AVENUE,01/29/2015,13,1145023.742859509,1876358.276835519,41.816729387,-87.743536712,"(41.81672938674739, -87.74353671247594)"
PULASKI AND NORTH,1992,1600 N PULASKI AVENUE,01/29/2015,1,1149432.959240306,1910369.112502195,41.90997501,-87.726480523,"(41.909975010236906, -87.72648052306623)"
LAFAYETTE AND 87TH,2502,8700 S LAFAYETTE AVEN,01/29/2015,11,1177417.493180297,1847243.988223464,41.73616511,-87.625587569,"(41.73616511008592, -87.62558756899932)"
119TH AND HALSTED,2404,800 W 119TH STREET,01/29/2015,1,1173111.174088158,1825985.001014405,41.677923389,-87.641989646,"(41.677923389134385, -87.64198964584013)"
DAMEN AND DIVERSEY,1462,2800 N DAMEN AVENUE,01/29/2015,3,1162490.04851994,1918611.623717091,41.932329494,-87.678282719,"(41.9323294940985, -87.67828271931386)"
WESTERN AND 63RD,2373,2400 W 63RD ST,01/29/2015,2,1161444.415758584,1862848.534703658,41.779331844,-87.683675761,"(41.77933184429814, -87.68367576084798)"
HALSTED AND MADISON,1872,1 N HALSTED STREET,01/29/2015,4,1171090.967986833,1900270.454015136,41.881815632,-87.647214717,"(41.88181563164203, -87.64721471704077)"
ELSTON AND LAWRENCE,1282,4800 N ELSTON AVENUE,01/29/2015,1,1145529.344259918,1931501.601268983,41.968039361,-87.740283894,"(41.96803936143674, -87.74028389448999)"
ROOSEVELT AND KOSTNER,2323,4400 W ROOSEVELT,01/29/2015,6,1147200.963258796,1894379.538078088,41.866140868,-87.73508956,"(41.866140867641654, -87.73508956008207)"
WESTERN AND ADDISON,1562,3600 N WESTERN AVENUE,01/29/2015,2,1159695.573342728,1923871.086283556,41.94681992,-87.688406662,"(41.94681991986288, -87.68840666206194)"
HARLEM AND NORTHWEST HWY,1082,6400 N HARLEM AVE,01/29/2015,1,1127335.21218179,1941943.442727776,41.997018918,-87.806947715,"(41.99701891845275, -87.8069477154956)"
CENTRAL AND IRVING PARK,1183,5600 W IRVING PARK ROAD,01/29/2015,3,1138281.535484986,1926078.647777633,41.953292847,-87.767065708,"(41.953292847298, -87.76706570775266)"
99TH AND HALSTED,2431,9900 S HALSTED ST,01/29/2015,11,1172689.754200318,1839171.652197216,41.714118868,-87.643145408,"(41.714118868089905, -87.64314540818165)"
MILWAUKEE AND MONTROSE,1364,5075 W MONTROSE AVENUE,01/29/2015,6,1141716.746618898,1928736.076639057,41.960522088,-87.754371424,"(41.96052208819935, -87.75437142402293)"
HALSTED AND NORTH,1761,1600 N HALSTED STREET,01/29/2015,2,1170678.283433825,1910880.991397547,41.910940644,-87.648419043,"(41.91094064391597, -87.64841904272998)"
ASHLAND AND ARCHER,2302,3100 S ARCHER AVENUE,01/29/2015,3,1166129.031970482,1884166.613649776,41.837732675,-87.66589445,"(41.83773267497158, -87.66589444999927)"
CHICAGO AND CLARK,1963,100 W CHICAGO AVENUE,01/29/2015,3,1175374.528739575,1905745.47783364,41.896744347,-87.631321248,"(41.896744346875806, -87.63132124815151)"
CLARK AND IRVING PARK,1091,4000 N CLARK STREET,01/29/2015,1,1166736.149822904,1926699.323624709,41.954432441,-87.662446259,"(41.95443244141688, -87.66244625914061)"
LARAMIE AND MADISON,2043,5200 W MADISON STREET,01/29/2015,4,1141706.965522802,1899567.55684314,41.880480752,-87.755130433,"(41.88048075170171, -87.75513043296509)"
HALSTED AND 83RD,2642,8300 S HALSTED STREET,01/29/2015,5,1172378.202798089,1849790.199606783,41.743264491,-87.64397498,"(41.743264490643654, -87.64397498015705)"
KEDZIE AND 31ST,2134,3200 W 31ST STREET,01/29/2015,1,1155487.128005646,1883943.061106793,41.8373395,-87.704950558,"(41.83733950029648, -87.70495055800411)"
83RD AND STONY ISLAND,2562,8300 S STONY ISLAND A,01/29/2015,8,1188212.052384068,1850245.675393851,41.744151639,-87.585945067,"(41.744151639041974, -87.58594506695293)"
CICERO AND 47TH,2204,4800 W 47TH ST,01/29/2015,3,1145130.048925744,1873078.44198302,41.807727017,-87.743229366,"(41.80772701677172, -87.74322936566276)"
HALSTED AND DIVISION,1714,800 W DIVISION,01/29/2015,4,1170767.827960358,1908259.644151662,41.903745557,-87.648167011,"(41.90374555734733, -87.64816701062779)"
LARAMIE AND MADISON,2044,5200 W MADISON STREET,01/29/2015,13,1141706.965522802,1899567.55684314,41.880480752,-87.755130433,"(41.88048075170171, -87.75513043296509)"
ROOSEVELT AND KOSTNER,2321,1200 S KOSTNER,01/29/2015,1,1147196.304001978,1894305.883269746,41.865938839,-87.735108549,"(41.8659388389088, -87.73510854901264)"
55TH AND WESTERN,2212,5500 S WESTERN AVE,01/29/2015,4,1161269.521335262,1867963.111601251,41.793370554,-87.684175377,"(41.79337055433029, -87.6841753767592)"
PULASKI AND IRVING PARK,1572,4000 N PULASKI ROAD,01/29/2015,1,1148970.255325552,1926313.600468643,41.953737051,-87.727766612,"(41.95373705144353, -87.72776661179896)"
CERMAK AND PULASKI,2332,2200 S PULASKI,01/29/2015,2,1150012.876838243,1889071.75851865,41.851521442,-87.724904787,"(41.85152144233116, -87.7249047867499)"
HALSTED AND 103RD,2592,10300 S HALSTED STREE,01/29/2015,4,,,,,
KEDZIE AND ARMITAGE,1832,2000 N KEDZIE AVENUE,01/29/2015,2,1154684.031809326,1913129.496340896,41.917446172,-87.707116072,"(41.91744617191702, -87.70711607187832)"
HAMLIN AND MADISON,1901,0 N HAMLIN BOULEVARD,01/29/2015,2,,,,,
PULASKI AND BELMONT,1382,3200 N PULASKI RD,01/29/2015,1,1149125.621478734,1920994.556178086,41.939138154,-87.72733371,"(41.939138153500274, -87.7273337101426)"
WESTERN AND DEVON,1212,6400 N WESTERN AVENUE,01/29/2015,1,1159113.585759434,1942451.622367891,41.997817807,-87.690033035,"(41.997817807026, -87.69003303469276)"
ASHLAND AND 95TH,2472,9500 S ASHLAND AVENUE,01/29/2015,6,1167295.830128711,1841695.121217916,41.721160612,-87.662828139,"(41.72116061205213, -87.66282813939165)"
CENTRAL AND FULLERTON,1442,2400 N CENTRAL AVENUE,01/29/2015,1,1138603.468418662,1915431.058212414,41.924068922,-87.766141214,"(41.92406892227644, -87.76614121413186)"
CENTRAL AND ADDISON,1683,5600 W ADDISON STREET,01/29/2015,1,1138349.663302502,1923416.02157061,41.945985104,-87.766879952,"(41.94598510430888, -87.76687995165918)"
CICERO AND WASHINGTON,1891,100 N CICERO AVENUE,01/29/2015,5,1144328.984091479,1900095.170838459,41.88187971,-87.745489247,"(41.88187970991601, -87.7454892473012)"
LINCOLN AND MCCORMICK,2751,6200 N LINCOLN AVENUE,01/29/2015,8,1152551.008921873,1941175.933038791,41.994450004,-87.714208439,"(41.9944500041165, -87.71420843920934)"
ROOSEVELT AND HALSTED,2234,800 W ROOSEVELT ROAD,01/29/2015,12,1171199.282357741,1894968.056393724,41.867263098,-87.646972686,"(41.86726309836901, -87.64697268601648)"
KEDZIE AND 31ST,2132,3100 S KEDZIE AVENUE,01/29/2015,7,1155483.167539854,1883867.660503274,41.837132671,-87.704967115,"(41.837132671422296, -87.70496711478727)"
ELSTON AND FOSTER,1063,4932 W FOSTER AVENUE,01/29/2015,2,1142393.863544234,1934160.513830056,41.975394608,-87.751746599,"(41.975394608045924, -87.75174659886025)"
FULLERTON AND NARRAGANSETT,1554,6400 W FULLERTON AVENU,01/29/2015,1,1133317.594499059,1915293.661305931,41.923786189,-87.785567206,"(41.92378618871128, -87.78556720562165)"
KEDZIE AND 26TH,2382,2600 S KEDZIE AVENUE,01/29/2015,4,1155404.235510285,1886524.460033054,41.844424831,-87.705185452,"(41.84442483084393, -87.70518545233183)"
63RD AND STATE,2714,1 E 63RD ST,01/29/2015,7,1177367.518733101,1863199.17768559,41.779949105,-87.625289553,"(41.779949104569106, -87.62528955333775)"
IRVING PARK AND KILPATRICK,2763,4700 W IRVING PARK ROA,01/29/2015,1,,,,,
MONTROSE AND WESTERN,1221,4400 N WESTERN AVENUE,01/29/2015,5,1159539.733234718,1929183.918095502,41.961401846,-87.688832623,"(41.961401846278505, -87.6888326227788)"
STATE AND 79TH,2651,7900 S STATE STREET,01/29/2015,4,1177618.166929966,1852621.870232838,41.750918138,-87.624690123,"(41.7509181383154, -87.62469012251644)"
LASALLE AND KINZIE,1923,140 W KINZIE,01/29/2015,2,1175048.09765242,1903028.894760294,41.889297219,-87.632601648,"(41.88929721947309, -87.63260164817305)"
ASHLAND AND FULLERTON,1651,2400 N ASHLAND AVENUE,01/29/2015,5,1165228.073342838,1916032.319169157,41.92519389,-87.668294363,"(41.92519388981048, -87.66829436339881)"
SACRAMENTO AND LAKE,1822,150 N SACRAMENTO BOUL,01/29/2015,5,1156319.560664766,1900957.489351962,41.884012178,-87.701436479,"(41.88401217771363, -87.7014364786693)"
WESTERN AND 51ST,2174,2400 W 51ST ST,01/29/2015,1,1161218.987472846,1870836.843263966,41.801257492,-87.684281116,"(41.801257491998776, -87.68428111564593)"
COTTAGE GROVE AND 95TH,2603,800 E 95TH STREET,01/29/2015,6,1183230.529909316,1842186.614201556,41.722153939,-87.604447736,"(41.72215393877189, -87.60444773564429)"
IRVING PARK AND KEDZIE,1353,3200 W IRVING PARK ROAD,01/29/2015,7,1154325.140302006,1926458.463197156,41.954029047,-87.708077494,"(41.95402904691877, -87.70807749383191)"
DIVISION AND DAMEN,1734,2000 W DIVISION,01/29/2015,7,1162815.710860194,1908034.672555531,41.903298793,-87.677383247,"(41.903298792681944, -87.67738324739636)"
HALSTED AND 63RD,2692,6300 S HALSTED STREET,01/29/2015,2,1172011.176373021,1863049.419962901,41.7796575,-87.644930993,"(41.77965750036339, -87.64493099278877)"
HAMLIN AND LAKE,1881,300 N HAMLIN AVENUE,01/29/2015,6,1150970.026856642,1901381.688308858,41.885282636,-87.721069539,"(41.88528263580913, -87.72106953854511)"
HOLLYWOOD AND SHERIDAN,1344,1000 W HOLLYWOOD AVE,01/29/2015,10,1168580.228926466,1938090.295189338,41.985649799,-87.655335807,"(41.98564979859328, -87.65533580655139)"
WESTERN AND CERMAK,1002,2200 S WESTERN AVENUE,01/29/2015,1,1160669.42562757,1889318.196820393,41.85198384,-87.685785704,"(41.85198383957328, -87.68578570420526)"
LARAMIE AND FULLERTON,1424,5200 W FULLERTON AVENUE,01/29/2015,1,1141305.554932016,1915502.611239048,41.924215797,-87.756210755,"(41.92421579723144, -87.75621075458939)"
PULASKI AND CHICAGO,1983,4000 W CHICAGO AVENUE,01/29/2015,2,1149561.855939692,1905086.596446259,41.895476752,-87.72614436,"(41.89547675163723, -87.72614435991626)"
KOSTNER AND NORTH,2011,1600 N KOSTNER,01/29/2015,1,1146732.108679105,1910282.120990798,41.909788304,-87.736404667,"(41.90978830394343, -87.73640466739216)"
VAN BUREN AND WESTERN,2054,2400 W VAN BUREN STREE,01/29/2015,6,,,,,
KOSTNER AND NORTH,2013,4400 W NORTH,01/29/2015,1,1146738.551618032,1910309.595368032,41.909863573,-87.736380296,"(41.90986357340246, -87.73638029605371)"
4700 WESTERN,2141,4700 S WESTERN AVENUE,01/29/2015,2,1161120.438879703,1873431.066474726,41.808378408,-87.684570717,"(41.808378407946726, -87.68457071689552)"
CALIFORNIA AND PETERSON,1313,2800 W PETERSON AVENUE,01/29/2015,3,1156569.515341857,1939784.830544118,41.990552082,-87.699464396,"(41.990552081681564, -87.69946439622785)"
HALSTED AND MADISON,1871,1 S HALSTED STREET,01/29/2015,1,1171092.392868784,1900234.542088741,41.881717056,-87.647210539,"(41.88171705561901, -87.64721053920604)"
PULASKI AND IRVING PARK,1574,4000 W IRVING PARK RD,01/29/2015,2,1148988.727877253,1926320.954938409,41.953756874,-87.727698513,"(41.95375687447515, -87.72769851312907)"
COLUMBUS AND ILLINOIS,1952,500 N COLUMBUS DRIVE,01/29/2015,2,1178372.808407292,1903693.06016042,41.891044569,-87.620371839,"(41.891044569124276, -87.620371839074)"
JEFFERY AND 95TH,2522,9500 S JEFFERY AVE,01/29/2015,3,1191132.420601301,1842335.735988875,41.722375907,-87.575499903,"(41.72237590704101, -87.57549990332795)"
63RD AND STATE,2712,6300 S STATE ST,01/24/2015,5,1177303.801895084,1863220.216755923,41.780008277,-87.625522512,"(41.78000827740796, -87.6255225119157)"
HARLEM AND BELMONT,1391,3200 N HARLEM AVE,01/29/2015,3,1127481.020995451,1920467.613239239,41.938084468,-87.806896749,"(41.93808446822169, -87.80689674887883)"
KEDZIE AND 26TH,2381,2600 S KEDZIE AVENUE,01/29/2015,1,1155404.235510285,1886524.460033054,41.844424831,-87.705185452,"(41.84442483084393, -87.70518545233183)"
CORNELL DRIVE AND 57TH,2181,5700 S CORNELL DRIVE,01/29/2015,3,1188165.732740433,1867529.196427323,41.791580204,-87.585564215,"(41.79158020433135, -87.58556421519536)"
ASHLAND AND IRVING PARK,1151,4000 N ASHLAND AVENUE,01/29/2015,1,1164899.463802581,1926665.661118925,41.954379326,-87.66919912,"(41.954379326212695, -87.66919911980419)"
CICERO AND NORTH,2034,4800 W NORTH AVENUE,01/29/2015,1,1144053.733747163,1910243.80567041,41.90973389,-87.746244973,"(41.909733890131285, -87.74624497295898)"
PULASKI AND ARMITAGE,1843,4000 W ARMITAGE AVENUE,01/29/2015,2,1149375.428872108,1913028.984273181,41.917275069,-87.726622746,"(41.91727506940875, -87.72662274644799)"
SACRAMENTO AND LAKE,1821,150 N SACRAMENTO BOUL,01/29/2015,7,1156319.560664766,1900957.489351962,41.884012178,-87.701436479,"(41.88401217771363, -87.7014364786693)"
55TH AND KEDZIE,2163,3200 W 55TH STREET,01/29/2015,2,1155966.956993183,1868015.593764152,41.793622803,-87.703618141,"(41.79362280329978, -87.70361814062049)"
ASHLAND AND DIVERSEY,1623,1600 W DIVERSEY PARKWA,01/29/2015,6,,,,,
CANAL AND ROOSEVELT,2291,1200 S CANAL STREET,01/29/2015,3,1173268.771030949,1894952.634878732,41.867175125,-87.639375813,"(41.86717512472001, -87.63937581258092)"
JEFFERY AND 95TH,2523,2000 E 95TH ST,01/29/2015,1,1191188.381103057,1842410.411853539,41.722579473,-87.575292523,"(41.722579473126416, -87.57529252250366)"
ASHLAND AND DIVISION,1791,1200 N ASHLAND AVENUE,01/29/2015,6,1165466.997046718,1908083.767015974,41.903377468,-87.667643142,"(41.903377467566784, -87.66764314227497)"
ASHLAND AND MADISON,1914,1600 W MADISON,01/29/2015,7,1165723.014733182,1900136.515489506,41.881564167,-87.666929463,"(41.8815641670199, -87.66692946294842)"
WESTERN AND DEVON,1211,6400 N WESTERN AVENUE,01/29/2015,1,1159113.585759434,1942451.622367891,41.997817807,-87.690033035,"(41.997817807026, -87.69003303469276)"
PETERSON AND WESTERN,1014,2400 W PETERSON,01/29/2015,7,1159214.211316277,1939825.301874586,41.99060901,-87.689735481,"(41.990609009807294, -87.68973548092968)"
VAN BUREN AND WESTERN,2052,400 S WESTERN AVENUE,01/29/2015,29,1160431.682297829,1898091.942371589,41.876064776,-87.686415631,"(41.87606477642526, -87.68641563098768)"
HALSTED AND 95TH,2581,9500 S HALSTED STREET,01/29/2015,1,1172610.538363645,1841811.61926207,41.721365061,-87.643358042,"(41.72136506078306, -87.64335804234075)"
CENTRAL AND LAKE,1742,400 N CENTRAL AVENUE,01/29/2015,2,1138928.478257537,1902217.926149854,41.887804621,-87.765268498,"(41.88780462053497, -87.76526849810371)"
111TH AND HALSTED,2424,800 W 111TH ST,01/29/2015,1,1172945.404219168,1831282.917027882,41.692465363,-87.642440901,"(41.692465363421874, -87.64244090105778)"
STONEY ISLAND AND 76TH,2631,7600 S STONY ISLAND A,01/29/2015,4,1188092.796191935,1854889.354158304,41.756897173,-87.586234285,"(41.75689717260223, -87.58623428506996)"
ASHLAND AND DIVERSEY,1621,2800 N ASHLAND AVENUE,01/29/2015,18,1165139.964068357,1918674.245501741,41.932445362,-87.66854285,"(41.93244536200095, -87.6685428496422)"
115TH AND HALSTED,2552,11500 S HALSTED STREE,01/29/2015,3,,,,,
WESTERN AND 71ST,2612,7100 S WESTERN AVENUE,01/29/2015,7,1161563.704681724,1857484.211306323,41.764608912,-87.683387053,"(41.76460891223613, -87.68338705328121)"
31ST ST AND MARTIN LUTHER KING DRIVE,2123,400 E 31ST STREET,01/29/2015,2,1179437.985396417,1884565.84226022,41.838534018,-87.617046113,"(41.838534018118914, -87.61704611345726)"
LASALLE AND KINZIE,1921,400 N LASALLE,01/29/2015,6,1175028.579766798,1903002.552291359,41.889225372,-87.632674115,"(41.88922537162015, -87.63267411498495)"
ROOSEVELT AND HALSTED,2233,800 W ROOSEVELT ROAD,01/29/2015,4,1171199.282357741,1894968.056393724,41.867263098,-87.646972686,"(41.86726309836901, -87.64697268601648)"
OGDEN AND KOSTNER,2223,4400 W OGDEN AVENUE,01/29/2015,7,1147406.592439224,1887689.099869462,41.847777523,-87.734505969,"(41.84777752280453, -87.73450596874825)"
VINCENNES AND 111TH,2532,11100 S VINCENNES AVE,01/29/2015,3,1167202.128381332,1831126.639262444,41.692160999,-87.663472469,"(41.69216099874656, -87.66347246868617)"
ASHLAND AND LAWRENCE,1142,4800 N ASHLAND AVENUE,01/29/2015,4,1164751.686785145,1932001.206626392,41.96902343,-87.669590434,"(41.969023429614026, -87.66959043354217)"
IRVING PARK AND CALIFORNIA,1234,2800 W IRVING PARK ROA,01/29/2015,3,,,,,
CICERO AND HARRISON,2023,4800 W HARRISON STREET,01/29/2015,1,1144451.867388303,1896949.561959463,41.873245464,-87.745117179,"(41.873245464379586, -87.7451171788807)"
111TH AND HALSTED,2422,11100 S HALSTED ST,01/29/2015,5,1172923.657689312,1831209.044179248,41.692263123,-87.642522688,"(41.692263123425136, -87.6425226876268)"
31ST ST AND MARTIN LUTHER KING DRIVE,2121,3100 S DR MARTIN L KING,01/29/2015,10,,,,,
CERMAK AND PULASKI,2334,4000 W CERMAK,01/29/2015,4,1150018.476053666,1889120.238540361,41.851654369,-87.724882975,"(41.85165436867626, -87.7248829753078)"
FOSTER AND NAGLE,1031,5200 N NAGLE,01/29/2015,1,1132529.656558223,1934201.702060651,41.97568567,-87.788020406,"(41.97568566971868, -87.78802040620296)"
WESTERN AND FOSTER,1072,5200 N WESTERN AVE,01/29/2015,4,1159372.922497116,1934478.313674003,41.975933372,-87.689299589,"(41.97593337199358, -87.6892995891816)"
OGDEN AND KOSTNER,2222,2348 S KOSTNER AVENUE,01/29/2015,2,1147394.548182079,1887795.177782082,41.848068845,-87.734547457,"(41.8480688449598, -87.73454745748458)"
HALSTED AND 83RD,2641,8300 S HALSTED STREET,01/29/2015,4,1172378.202798089,1849790.199606783,41.743264491,-87.64397498,"(41.743264490643654, -87.64397498015705)"
WESTERN AND PRATT,1302,6800 N WESTERN AVENUE,01/29/2015,4,1159043.160898631,1945096.218978482,42.005076123,-87.69021903,"(42.00507612272344, -87.69021903022175)"
ASHLAND AND 87TH,2452,8700 S ASHLAND AVE,01/29/2015,1,1167150.470087748,1846991.212339794,41.735696989,-87.663209544,"(41.73569698863625, -87.66320954445679)"
FULLERTON AND NARRAGANSETT,1553,6400 W FULLERTON AVENU,01/29/2015,2,1133317.594499059,1915293.661305931,41.923786189,-87.785567206,"(41.92378618871128, -87.78556720562165)"
99TH AND HALSTED,2433,800 W 99TH ST,01/29/2015,4,1172710.642565684,1839246.330602143,41.714323337,-87.643066714,"(41.71432333701137, -87.64306671421937)"
JEFFERY AND 79TH,2663,2000 E 79TH STREET,01/29/2015,1,1190922.804327671,1853026.181924232,41.751716559,-87.575923074,"(41.751716559267784, -87.57592307446549)"
ASHLAND AND IRVING PARK,1153,1600 W IRVING PARK ROA,01/29/2015,2,,,,,
WENTWORTH AND GARFIELD,2264,200 W GARFIELD BLVD,01/29/2015,10,1175889.574397302,1868551.750512227,41.794670385,-87.630547476,"(41.79467038468937, -87.63054747605638)"
LAKE SHORE DR AND BELMONT,1413,400 W BELMONT AVE,01/29/2015,24,1172981.744869382,1921577.376128802,41.940241193,-87.639639114,"(41.94024119325571, -87.63963911427594)"
PULASKI AND ARCHER,2154,5000 S ARCHER AVE,01/29/2015,1,1150501.818909837,1871162.311703322,41.802365973,-87.723576766,"(41.80236597333895, -87.72357676611004)"
LAKE SHORE DR AND BELMONT,1412,3200 N LAKESHORE DRIV,01/29/2015,4,1173053.220555078,1921821.380831705,41.940909163,-87.63936916,"(41.94090916326764, -87.63936915995522)"
CLARK AND IRVING PARK,1093,1300 W IRVING PARK ROAD,01/29/2015,3,1166777.545456989,1926719.73687357,41.954487567,-87.662293496,"(41.95448756687966, -87.66229349585691)"
PERSHING AND WESTERN,2112,3900 S WESTERN BLVD,01/29/2015,5,1161130.992078755,1878746.226354636,41.822963628,-87.684384785,"(41.82296362788048, -87.68438478541296)"
CALIFORNIA AND DEVON,1323,2800 W DEVON AVENUE,01/29/2015,1,1156484.528078038,1942377.980662191,41.997669523,-87.699706423,"(41.99766952286052, -87.69970642324591)"
LAWRENCE AND WESTERN,1193,2400 W LAWRENCE AVENUE,01/29/2015,1,1159482.648570304,1931851.989492596,41.968724349,-87.688968727,"(41.96872434882172, -87.68896872699601)"
ROOSEVELT AND PULASKI,2314,4000 W ROOSEVELT ROAD,01/29/2015,5,1149885.032049683,1894449.464076882,41.866281003,-87.72523422,"(41.866281002664536, -87.72523421983905)"
CLARK AND FULLERTON,1631,2400 N CLARK ST,01/29/2015,1,1172749.562209477,1916238.997132859,41.925597623,-87.640650973,"(41.925597623023144, -87.64065097309872)"
ROOSEVELT AND PULASKI,2311,1200 S PULASKI ROAD,01/29/2015,1,1149866.002247864,1894375.839200384,41.866079337,-87.725305995,"(41.86607933722178, -87.7253059948758)"
KOSTNER AND NORTH,2012,4400 W GRAND AVE,01/29/2015,1,1146773.519128439,1910425.663958581,41.91018141,-87.73624887,"(41.910181409597406, -87.73624887040725)"
VINCENNES AND 111TH,2531,11100 S VINCENNES AVE,01/29/2015,2,1167202.128381332,1831126.639262444,41.692160999,-87.663472469,"(41.69216099874656, -87.66347246868617)"
STONY ISLAND/CORNELL AND 67TH,2721,6700 S STONY ISLAND A,01/29/2015,4,1187984.143047539,1860863.338367666,41.773292896,-87.586442368,"(41.77329289585066, -87.58644236831432)"
KIMBALL AND DIVERSEY,1583,3400 W DIVERSEY AVENUE,01/29/2015,1,1153211.149172713,1918454.477800566,41.932087747,-87.71238583,"(41.932087747378944, -87.71238582951281)"
CICERO AND NORTH,2033,4800 W NORTH AVENUE,01/29/2015,5,1144053.733747163,1910243.80567041,41.90973389,-87.746244973,"(41.909733890131285, -87.74624497295898)"
CICERO AND FULLERTON,1474,4800 W FULLERTON AVE,01/29/2015,1,1143967.570794243,1915568.504954477,41.924347036,-87.74642764,"(41.924347036010694, -87.74642763965628)"
COTTAGE GROVE AND 71ST,2571,7100 S COTTAGE GROVE,01/29/2015,1,1182746.23698699,1858088.011064538,41.765800351,-87.605729127,"(41.76580035131893, -87.6057291269901)"
FOSTER AND BROADWAY,1111,5200 N BROADWAY ST,01/29/2015,2,1167334.508577915,1934714.008346532,41.976412143,-87.660015082,"(41.97641214294823, -87.66001508205365)"
CENTRAL AND ADDISON,1682,3600 N CENTRAL AVENUE,01/29/2015,2,1138343.117435682,1923392.067464765,41.945919491,-87.766904594,"(41.945919490555106, -87.76690459426293)"
DIVERSEY AND WESTERN,1431,2800 N WESTERN AVENUE,01/29/2015,1,1159837.205417355,1918550.506189309,41.932216988,-87.688033281,"(41.93221698794738, -87.68803328089533)"
119TH AND HALSTED,2402,11900 S HALSTED,01/29/2015,2,1173094.774616191,1825911.054609338,41.677720829,-87.642051845,"(41.67772082924762, -87.64205184498218)"
KIMBALL AND DIVERSEY,1581,2800 N KIMBALL AVENUE,09/25/2014,1,,,,,
STATE AND 79TH,2654,1 E 79TH STREET,01/29/2015,12,1177680.113652821,1852598.313477786,41.750852096,-87.624463832,"(41.75085209551078, -87.62446383210285)"
WESTERN AND ARMITAGE,1861,2000 N WESTERN AVENUE,01/29/2015,3,1160006.66733459,1913226.418158186,41.917603818,-87.687557878,"(41.91760381794161, -87.68755787755686)"
WESTERN AND ADDISON,1563,2400 W ADDISON,01/29/2015,3,1159719.041544334,1923878.577275797,41.946839991,-87.688320193,"(41.9468399910054, -87.68832019252964)"
ASHLAND AND 87TH,2454,1600 W 87TH ST,01/29/2015,6,1167171.941297436,1847064.855345151,41.735898617,-87.663128781,"(41.735898617066006, -87.66312878090133)"
WESTERN AND NORTH,1853,2400 W NORTH AVE,01/29/2015,3,1160100.839010995,1910612.783367238,41.910429862,-87.687284221,"(41.91042986235867, -87.68728422050837)"
ARCHER AND CICERO,2081,5200 S CICERO AVE,01/29/2015,13,1145195.931989777,1869737.708306623,41.798558278,-87.743071866,"(41.798558278193305, -87.74307186616427)"
WESTERN AND TOUHY,1252,7200 N WESTERN AVENUE,01/29/2015,1,1158975.66256211,1947754.286963361,42.012371335,-87.690393917,"(42.012371334791766, -87.69039391737863)"
BLUE ISLAND AND DAMEN,2283,2416 S BLUE ISLAND AV,01/29/2015,5,1163271.402680135,1888053.313412189,41.848458633,-87.676271269,"(41.848458633352884, -87.67627126912292)"
COLUMBUS AND ILLINOIS,1951,500 N COLUMBUS DRIVE,01/29/2015,3,1178372.808407292,1903693.06016042,41.891044569,-87.620371839,"(41.891044569124276, -87.620371839074)"
HOMAN/KIMBALL AND NORTH,1773,3400 W NORTH AVE,01/29/2015,2,1153386.578905125,1910465.87061722,41.910162847,-87.711953868,"(41.91016284680269, -87.71195386769125)"
115TH AND HALSTED,2553,800 W 115TH STREET,01/29/2015,1,1173010.735357888,1828632.242070332,41.685190056,-87.642279564,"(41.68519005571938, -87.64227956401977)"
71ST AND ASHLAND,2394,1600 W 71ST,01/29/2015,5,1166890.012333149,1857674.2502247,41.765018306,-87.66385923,"(41.76501830555763, -87.66385923012646)"
WESTERN AND MARQUETTE,2672,6700 S WESTERN AVENUE,01/29/2015,6,1161488.747635042,1860134.788366884,41.771884028,-87.683588402,"(41.77188402771193, -87.68358840206334)"
ASHLAND AND ARCHER,2301,3100 S ASHLAND AVENUE,01/29/2015,5,1166131.325337548,1884126.42490739,41.837622344,-87.665887181,"(41.83762234415814, -87.66588718054551)"
IRVING PARK AND CALIFORNIA,1233,2800 W IRVING PARK ROA,01/29/2015,2,,,,,
CENTRAL AND BELMONT,1602,3200 N CENTRAL AVENUE,01/29/2015,2,1138430.432324593,1920731.654410336,41.938617463,-87.766648297,"(41.938617463272884, -87.76664829683827)"
PULASKI AND LAWRENCE,1172,4800 N PULASKI ROAD,01/29/2015,1,1148821.701520117,1931605.974570937,41.968262595,-87.728175316,"(41.968262595100775, -87.7281753157596)"
WESTERN AND FULLERTON,1671,2400 N WESTERN AVENUE,01/29/2015,17,1159923.309342995,1915897.778561358,41.924935944,-87.687790255,"(41.92493594409127, -87.68779025471278)"
IRVING PARK AND KEDZIE,1354,3200 W IRVING PARK ROAD,01/29/2015,1,1154325.140302006,1926458.463197156,41.954029047,-87.708077494,"(41.95402904691877, -87.70807749383191)"
TOUHY AND OSCEOLA,1243,7432 W TOUHY AVENUE,01/29/2015,1,1125717.010560011,1947269.685461107,42.011661765,-87.812781431,"(42.01166176507329, -87.81278143114147)"
55TH AND WESTERN,2213,2400 W 55TH STREET,01/29/2015,8,1161277.012730599,1868185.749490228,41.793981347,-87.684141741,"(41.7939813465735, -87.68414174128355)"
WESTERN AND 79TH,2481,7900 S WESTERN AVE,03/12/2015,3,1161711.516404028,1852181.685686118,41.750054934,-87.682992203,"(41.750054933649984, -87.68299220290213)"
VAN BUREN AND WESTERN,2052,400 S WESTERN AVENUE,03/12/2015,54,1160431.682297829,1898091.942371589,41.876064776,-87.686415631,"(41.87606477642526, -87.68641563098768)"
CENTRAL AND IRVING PARK,1182,4000 N CENTRAL AVENUE,03/12/2015,3,1138258.614129764,1926071.172884932,41.953272751,-87.767150151,"(41.95327275103541, -87.76715015131407)"
FOSTER AND BROADWAY,1113,1200 W FOSTER AVE,03/12/2015,1,1167357.095930752,1934721.393266777,41.97643192,-87.659931806,"(41.97643192018459, -87.65993180604016)"
ELSTON AND LAWRENCE,1284,4440 W LAWRENCE AVENUE,03/12/2015,4,1145715.061027481,1931571.0474838,41.968226398,-87.739599251,"(41.96822639754791, -87.73959925065756)"
WENTWORTH AND GARFIELD,2264,200 W GARFIELD BLVD,03/02/2015,5,1175889.574397302,1868551.750512227,41.794670385,-87.630547476,"(41.79467038468937, -87.63054747605638)"
31ST ST AND MARTIN LUTHER KING DRIVE,2123,400 E 31ST STREET,03/12/2015,4,1179437.985396417,1884565.84226022,41.838534018,-87.617046113,"(41.838534018118914, -87.61704611345726)"
CICERO AND PETERSON,1202,6000 N CICERO AVENUE,03/12/2015,3,1143247.733553094,1939479.342905704,41.989973915,-87.748473024,"(41.98997391514614, -87.74847302426933)"
KOSTNER AND NORTH,2012,4400 W GRAND AVE,03/12/2015,2,1146773.519128439,1910425.663958581,41.91018141,-87.73624887,"(41.910181409597406, -87.73624887040725)"
PULASKI AND DIVERSEY,1542,2800 N PULASKI ROAD,03/12/2015,4,1149200.724531183,1918332.222549679,41.931831026,-87.727126873,"(41.93183102561505, -87.72712687300454)"
CICERO AND DIVERSEY,1694,4800 W DIVERSEY AVENUE,03/12/2015,4,1143869.848167704,1918226.043989398,41.93164142,-87.746719911,"(41.93164142040689, -87.7467199106462)"
CORTLAND AND ASHLAND,1723,1600 W CORTLAND ST,03/12/2015,3,1165377.660768235,1912768.773647285,41.916235337,-87.667837772,"(41.91623533746878, -87.66783777212962)"
ASHLAND AND 95TH,2473,1600 W 95TH STREET,03/12/2015,2,1167323.753394196,1841755.029221382,41.721324412,-87.662724153,"(41.721324411975246, -87.66272415265087)"
WESTERN AND TOUHY,1251,7200 N WESTERN AVENUE,03/12/2015,1,1158975.66256211,1947754.286963361,42.012371335,-87.690393917,"(42.012371334791766, -87.69039391737863)"
71ST AND ASHLAND,2394,1600 W 71ST,03/12/2015,1,1166890.012333149,1857674.2502247,41.765018306,-87.66385923,"(41.76501830555763, -87.66385923012646)"
WESTERN AND NORTH,1851,1600 N WESTERN AVE,03/12/2015,4,1160077.474351131,1910605.013316134,41.910409024,-87.687370268,"(41.91040902362901, -87.687370268401)"
WESTERN AND ADDISON,1562,3600 N WESTERN AVENUE,03/12/2015,3,1159695.573342728,1923871.086283556,41.94681992,-87.688406662,"(41.94681991986288, -87.68840666206194)"
CICERO AND PETERSON,1204,4800 W PETERSON AVENUE,03/12/2015,1,1143273.766829016,1939491.944645127,41.990008007,-87.748376951,"(41.99000800729908, -87.74837695118997)"
LAFAYETTE AND 87TH,2503,30 W 87TH STREET,03/12/2015,11,1177407.651800237,1847320.772058312,41.736376037,-87.625621311,"(41.736376036604916, -87.62562131092602)"
PULASKI AND FOSTER,1104,4000 W FOSTER AVE,03/12/2015,3,1148759.16134887,1934294.249006446,41.975640616,-87.728335469,"(41.975640616231914, -87.72833546926573)"
HOLLYWOOD AND SHERIDAN,1344,1000 W HOLLYWOOD AVE,03/12/2015,10,1168580.228926466,1938090.295189338,41.985649799,-87.655335807,"(41.98564979859328, -87.65533580655139)"
HALSTED AND FULLERTON,1704,800 W FULLERTON AVENUE,03/12/2015,5,1170525.624723311,1916208.443992778,41.925562791,-87.648823641,"(41.92556279107417, -87.64882364145232)"
CICERO AND WASHINGTON,1892,100 N CICERO AVENUE,01/30/2015,2,1144328.984091479,1900095.170838459,41.88187971,-87.745489247,"(41.88187970991601, -87.7454892473012)"
VINCENNES AND 111TH,2531,11100 S VINCENNES AVE,01/30/2015,1,1167202.128381332,1831126.639262444,41.692160999,-87.663472469,"(41.69216099874656, -87.66347246868617)"
SHERIDAN AND FOSTER,1134,1000 W FOSTER AVE,01/30/2015,1,1168689.247756979,1934758.578141654,41.976505116,-87.655031882,"(41.97650511595711, -87.65503188224778)"
WESTERN AND NORTH,1853,2400 W NORTH AVE,01/30/2015,1,1160100.839010995,1910612.783367238,41.910429862,-87.687284221,"(41.91042986235867, -87.68728422050837)"
ASHLAND AND FULLERTON,1651,2400 N ASHLAND AVENUE,01/30/2015,4,1165228.073342838,1916032.319169157,41.92519389,-87.668294363,"(41.92519388981048, -87.66829436339881)"
HALSTED AND 103RD,2592,10300 S HALSTED STREE,01/30/2015,4,,,,,
CICERO AND 47TH,2204,4800 W 47TH ST,01/30/2015,6,1145130.048925744,1873078.44198302,41.807727017,-87.743229366,"(41.80772701677172, -87.74322936566276)"
WESTERN AND PRATT,1302,6800 N WESTERN AVENUE,01/30/2015,3,1159043.160898631,1945096.218978482,42.005076123,-87.69021903,"(42.00507612272344, -87.69021903022175)"
ELSTON AND FOSTER,1063,4932 W FOSTER AVENUE,01/30/2015,3,1142393.863544234,1934160.513830056,41.975394608,-87.751746599,"(41.975394608045924, -87.75174659886025)"
WESTERN AND NORTH,1851,1600 N WESTERN AVE,01/30/2015,5,1160077.474351131,1910605.013316134,41.910409024,-87.687370268,"(41.91040902362901, -87.687370268401)"
HALSTED AND MADISON,1871,1 S HALSTED STREET,01/30/2015,2,1171092.392868784,1900234.542088741,41.881717056,-87.647210539,"(41.88171705561901, -87.64721053920604)"
PULASKI AND IRVING PARK,1574,4000 W IRVING PARK RD,01/30/2015,4,1148988.727877253,1926320.954938409,41.953756874,-87.727698513,"(41.95375687447515, -87.72769851312907)"
CENTRAL AND ADDISON,1682,3600 N CENTRAL AVENUE,01/30/2015,2,1138343.117435682,1923392.067464765,41.945919491,-87.766904594,"(41.945919490555106, -87.76690459426293)"
PULASKI AND LAWRENCE,1173,4000 W LAWRENCE AVENUE,01/30/2015,2,1148844.220085601,1931638.45430438,41.968351285,-87.728091672,"(41.96835128527914, -87.72809167198088)"
HOLLYWOOD AND SHERIDAN,1344,1000 W HOLLYWOOD AVE,01/30/2015,16,1168580.228926466,1938090.295189338,41.985649799,-87.655335807,"(41.98564979859328, -87.65533580655139)"
PULASKI AND DIVISION,1801,1200 N PULASKI ROAD,01/30/2015,4,1149459.590666926,1907723.219884254,41.902713902,-87.726451457,"(41.902713901936174, -87.72645145715836)"
ELSTON AND ADDISON,1402,3600 N ELSTON AVE,01/30/2015,3,1154106.95251778,1923731.036211081,41.946549165,-87.708952626,"(41.94654916480637, -87.70895262603513)"
HOLLYWOOD AND SHERIDAN,1343,1000 W HOLLYWOOD AVE,01/30/2015,3,1168580.228926466,1938090.295189338,41.985649799,-87.655335807,"(41.98564979859328, -87.65533580655139)"
HALSTED AND MADISON,1872,1 N HALSTED STREET,01/30/2015,9,1171090.967986833,1900270.454015136,41.881815632,-87.647214717,"(41.88181563164203, -87.64721471704077)"
KEDZIE AND 63RD,2364,3200 W 63RD ST,01/30/2015,3,1156103.348831225,1862717.565210739,41.779081505,-87.703260365,"(41.77908150488341, -87.70326036544745)"
STONY ISLAND/CORNELL AND 67TH,2731,6700 S CORNELL DRIVE,01/30/2015,5,1188316.454860734,1860851.137456735,41.77325149,-87.5852246,"(41.77325148959568, -87.58522459967712)"
DAMEN AND 63RD,2702,6300 S DAMEN AVENUE,01/30/2015,2,1164069.407943298,1862830.277442834,41.779226921,-87.674052731,"(41.77922692069256, -87.67405273137854)"
ASHLAND AND FULLERTON,1652,2400 N ASHLAND AVENUE,01/30/2015,8,1165228.073342838,1916032.319169157,41.92519389,-87.668294363,"(41.92519388981048, -87.66829436339881)"
75TH AND STATE,2621,7500 S STATE STREET,01/30/2015,6,1177538.763040612,1855235.551345519,41.758092176,-87.624902228,"(41.75809217638291, -87.6249022282473)"
DIVISION AND DAMEN,1734,2000 W DIVISION,01/30/2015,8,1162815.710860194,1908034.672555531,41.903298793,-87.677383247,"(41.903298792681944, -87.67738324739636)"
PULASKI AND BELMONT,1382,3200 N PULASKI RD,01/30/2015,3,1149125.621478734,1920994.556178086,41.939138154,-87.72733371,"(41.939138153500274, -87.7273337101426)"
LARAMIE AND MADISON,2043,5200 W MADISON STREET,01/30/2015,13,1141706.965522802,1899567.55684314,41.880480752,-87.755130433,"(41.88048075170171, -87.75513043296509)"
LAKE SHORE DR AND BELMONT,1412,3200 N LAKESHORE DRIV,01/30/2015,4,1173053.220555078,1921821.380831705,41.940909163,-87.63936916,"(41.94090916326764, -87.63936915995522)"
ELSTON AND LAWRENCE,1284,4440 W LAWRENCE AVENUE,01/30/2015,3,1145715.061027481,1931571.0474838,41.968226398,-87.739599251,"(41.96822639754791, -87.73959925065756)"
PULASKI AND 63RD,2342,6300 S PULASKI RD,01/30/2015,5,1150746.00309079,1862516.747695325,41.778636469,-87.722906356,"(41.77863646878099, -87.72290635568541)"
PETERSON AND WESTERN,1014,2400 W PETERSON,01/30/2015,5,1159214.211316277,1939825.301874586,41.99060901,-87.689735481,"(41.990609009807294, -87.68973548092968)"
SACRAMENTO AND LAKE,1822,150 N SACRAMENTO BOUL,01/30/2015,9,1156319.560664766,1900957.489351962,41.884012178,-87.701436479,"(41.88401217771363, -87.7014364786693)"
CENTRAL AND ADDISON,1683,5600 W ADDISON STREET,01/30/2015,1,1138349.663302502,1923416.02157061,41.945985104,-87.766879952,"(41.94598510430888, -87.76687995165918)"
CANAL AND ROOSEVELT,2294,500 W ROOSEVELT ROAD,01/30/2015,6,1173290.72186561,1895021.166235495,41.867362693,-87.639293195,"(41.867362692616666, -87.63929319464197)"
KEDZIE AND 31ST,2132,3100 S KEDZIE AVENUE,01/30/2015,2,1155483.167539854,1883867.660503274,41.837132671,-87.704967115,"(41.837132671422296, -87.70496711478727)"
HARLEM AND BELMONT,1391,3200 N HARLEM AVE,01/30/2015,4,1127481.020995451,1920467.613239239,41.938084468,-87.806896749,"(41.93808446822169, -87.80689674887883)"
CHICAGO AND CLARK,1963,100 W CHICAGO AVENUE,01/30/2015,1,1175374.528739575,1905745.47783364,41.896744347,-87.631321248,"(41.896744346875806, -87.63132124815151)"
IRVING PARK AND KILPATRICK,2764,4700 W IRVING PARK ROA,01/30/2015,2,,,,,
CALIFORNIA AND DEVON,1323,2800 W DEVON AVENUE,01/30/2015,3,1156484.528078038,1942377.980662191,41.997669523,-87.699706423,"(41.99766952286052, -87.69970642324591)"
87TH AND VINCENNES,2412,8700 S VINCENNES,01/30/2015,5,1172026.328989535,1847142.496643776,41.736006565,-87.645341819,"(41.73600656458518, -87.64534181897955)"
OGDEN AND KOSTNER,2222,2348 S KOSTNER AVENUE,01/30/2015,3,1147394.548182079,1887795.177782082,41.848068845,-87.734547457,"(41.8480688449598, -87.73454745748458)"
PULASKI AND IRVING PARK,1572,4000 N PULASKI ROAD,01/30/2015,1,1148970.255325552,1926313.600468643,41.953737051,-87.727766612,"(41.95373705144353, -87.72776661179896)"
75TH AND STATE,2624,1 E 75TH STREET,01/30/2015,3,1177601.72646404,1855229.486604181,41.758074111,-87.624671658,"(41.75807411097799, -87.62467165835182)"
CICERO AND WASHINGTON,1891,100 N CICERO AVENUE,01/30/2015,8,1144328.984091479,1900095.170838459,41.88187971,-87.745489247,"(41.88187970991601, -87.7454892473012)"
55TH AND KEDZIE,2162,5500 S KEDZIE AVENUE,01/30/2015,2,1155945.854705238,1867941.621374192,41.793420237,-87.703697508,"(41.793420236755864, -87.70369750845424)"
DIVERSEY AND AUSTIN,1453,6000 W DIVERSEY AVENUE,01/30/2015,2,1135895.736169343,1918029.70673837,41.931248624,-87.776028612,"(41.931248623643455, -87.77602861172493)"
LASALLE AND KINZIE,1921,400 N LASALLE,01/30/2015,4,1175028.579766798,1903002.552291359,41.889225372,-87.632674115,"(41.88922537162015, -87.63267411498495)"
DAMEN AND FULLERTON,1662,2400 N DAMEN AVE,01/30/2015,1,1162574.442800845,1915955.081657831,41.925038006,-87.678047191,"(41.925038006410325, -87.67804719101314)"
CLARK AND IRVING PARK,1091,4000 N CLARK STREET,01/30/2015,2,1166736.149822904,1926699.323624709,41.954432441,-87.662446259,"(41.95443244141688, -87.66244625914061)"
79TH AND KEDZIE,2443,3200 W 79TH ST,01/30/2015,6,1156402.644780165,1852104.649370984,41.749952001,-87.702448478,"(41.74995200142266, -87.70244847808695)"
WESTERN AND ARMITAGE,1861,2000 N WESTERN AVENUE,01/30/2015,3,1160006.66733459,1913226.418158186,41.917603818,-87.687557878,"(41.91760381794161, -87.68755787755686)"
STONEY ISLAND AND 76TH,2632,7600 S STONY ISLAND A,01/30/2015,12,1188092.796191935,1854889.354158304,41.756897173,-87.586234285,"(41.75689717260223, -87.58623428506996)"
CENTRAL AND CHICAGO,1972,800 N CENTRAL AVENUE,01/30/2015,4,1138836.562608552,1904801.732832435,41.894896579,-87.765543258,"(41.89489657939746, -87.76554325845893)"
CICERO AND CHICAGO,1783,4800 W CHICAGO AVENUE,01/30/2015,2,1144175.291152764,1904916.255225279,41.895112219,-87.745932427,"(41.89511221857764, -87.74593242701515)"
CALIFORNIA AND DIVERSEY,1514,2800 W DIVERSEY,01/30/2015,19,1157212.54253358,1918526.674434943,41.932205395,-87.697679244,"(41.93220539506452, -87.6976792438691)"
CALIFORNIA AND PETERSON,1313,2800 W PETERSON AVENUE,01/30/2015,4,1156569.515341857,1939784.830544118,41.990552082,-87.699464396,"(41.990552081681564, -87.69946439622785)"
PULASKI AND ARCHER,2154,5000 S ARCHER AVE,01/30/2015,3,1150501.818909837,1871162.311703322,41.802365973,-87.723576766,"(41.80236597333895, -87.72357676611004)"
115TH AND HALSTED,2552,11500 S HALSTED STREE,01/30/2015,4,,,,,
DAMEN AND DIVERSEY,1464,2000 W DIVERSEY PARKWAY,01/30/2015,6,1162519.714934025,1918635.417634925,41.932394164,-87.678173031,"(41.93239416403691, -87.67817303087757)"
ASHLAND AND IRVING PARK,1151,4000 N ASHLAND AVENUE,01/30/2015,5,1164899.463802581,1926665.661118925,41.954379326,-87.66919912,"(41.954379326212695, -87.66919911980419)"
DIVISION AND DAMEN,1733,2000 W DIVISION,01/30/2015,4,1162815.710860194,1908034.672555531,41.903298793,-87.677383247,"(41.903298792681944, -87.67738324739636)"
99TH AND HALSTED,2431,9900 S HALSTED ST,01/30/2015,10,1172689.754200318,1839171.652197216,41.714118868,-87.643145408,"(41.714118868089905, -87.64314540818165)"
AUSTIN AND IRVING PARK,1161,4000 N AUSTIN AVENUE,01/30/2015,3,1135599.956110927,1926006.862619986,41.953144059,-87.776925284,"(41.95314405904539, -87.77692528423394)"
TOUHY AND OSCEOLA,1243,7432 W TOUHY AVENUE,01/30/2015,1,1125717.010560011,1947269.685461107,42.011661765,-87.812781431,"(42.01166176507329, -87.81278143114147)"
STATE AND 79TH,2651,7900 S STATE STREET,01/30/2015,2,1177618.166929966,1852621.870232838,41.750918138,-87.624690123,"(41.7509181383154, -87.62469012251644)"
ELSTON AND IRVING PARK,1503,3700 W IRVING PARK ROA,01/30/2015,2,,,,,
FOSTER AND BROADWAY,1113,1200 W FOSTER AVE,01/30/2015,1,1167357.095930752,1934721.393266777,41.97643192,-87.659931806,"(41.97643192018459, -87.65993180604016)"
FOSTER AND BROADWAY,1111,5200 N BROADWAY ST,01/30/2015,4,1167334.508577915,1934714.008346532,41.976412143,-87.660015082,"(41.97641214294823, -87.66001508205365)"
4700 WESTERN,2141,4700 S WESTERN AVENUE,01/30/2015,1,1161120.438879703,1873431.066474726,41.808378408,-87.684570717,"(41.808378407946726, -87.68457071689552)"
WESTERN AND CERMAK,1002,2200 S WESTERN AVENUE,01/30/2015,2,1160669.42562757,1889318.196820393,41.85198384,-87.685785704,"(41.85198383957328, -87.68578570420526)"
PERSHING AND WESTERN,2114,2400 W PERSHING ROAD,01/30/2015,3,1160957.773623189,1878793.434193427,41.82309676,-87.685018951,"(41.82309676016606, -87.68501895061576)"
ROOSEVELT AND KOSTNER,2323,4400 W ROOSEVELT,01/30/2015,4,1147200.963258796,1894379.538078088,41.866140868,-87.73508956,"(41.866140867641654, -87.73508956008207)"
BLUE ISLAND AND DAMEN,2283,2416 S BLUE ISLAND AV,01/30/2015,5,1163271.402680135,1888053.313412189,41.848458633,-87.676271269,"(41.848458633352884, -87.67627126912292)"
ASHLAND AND 87TH,2452,8700 S ASHLAND AVE,01/30/2015,4,1167150.470087748,1846991.212339794,41.735696989,-87.663209544,"(41.73569698863625, -87.66320954445679)"
WESTERN AND CHICAGO,1941,800 N WESTERN AVE,01/30/2015,3,1160220.967978608,1905277.507115921,41.895786955,-87.686990586,"(41.89578695485361, -87.68699058611217)"
ROOSEVELT AND HALSTED,2234,800 W ROOSEVELT ROAD,01/30/2015,7,1171199.282357741,1894968.056393724,41.867263098,-87.646972686,"(41.86726309836901, -87.64697268601648)"
CHICAGO AND CLARK,1964,100 W CHICAGO AVENUE,01/30/2015,4,1175374.528739575,1905745.47783364,41.896744347,-87.631321248,"(41.896744346875806, -87.63132124815151)"
PULASKI AND FOSTER,1104,4000 W FOSTER AVE,01/30/2015,2,1148759.16134887,1934294.249006446,41.975640616,-87.728335469,"(41.975640616231914, -87.72833546926573)"
LAFAYETTE AND 87TH,2502,8700 S LAFAYETTE AVEN,01/30/2015,13,1177417.493180297,1847243.988223464,41.73616511,-87.625587569,"(41.73616511008592, -87.62558756899932)"
WESTERN AND TOUHY,1251,7200 N WESTERN AVENUE,01/30/2015,2,1158975.66256211,1947754.286963361,42.012371335,-87.690393917,"(42.012371334791766, -87.69039391737863)"
35TH AND WESTERN,2092,3500 S WESTERN,01/30/2015,2,1160894.949857101,1881376.851112895,41.830187255,-87.685177925,"(41.83018725526863, -87.68517792510231)"
ELSTON AND ADDISON,1403,3216 W ADDISON ST,01/30/2015,4,1154199.729816868,1923799.345386665,41.946734755,-87.708609774,"(41.946734754927796, -87.7086097735515)"
31ST ST AND MARTIN LUTHER KING DRIVE,2123,400 E 31ST STREET,01/30/2015,3,1179437.985396417,1884565.84226022,41.838534018,-87.617046113,"(41.838534018118914, -87.61704611345726)"
JEFFERY AND 79TH,2662,7900 S JEFFERY BOULEV,09/15/2014,1,,,,,
SHERIDAN AND FOSTER,1132,5200 N SHERIDAN ROAD,01/30/2015,3,1168661.623718229,1934753.842272756,41.976492721,-87.655133605,"(41.97649272077833, -87.65513360456677)"
CICERO AND NORTH,2034,4800 W NORTH AVENUE,01/30/2015,1,1144053.733747163,1910243.80567041,41.90973389,-87.746244973,"(41.909733890131285, -87.74624497295898)"
CENTRAL AND BELMONT,1602,3200 N CENTRAL AVENUE,01/30/2015,2,1138430.432324593,1920731.654410336,41.938617463,-87.766648297,"(41.938617463272884, -87.76664829683827)"
MILWAUKEE AND DEVON,1272,6400 N MILWAUKEE AVEN,01/30/2015,4,1132463.750397878,1942107.911507627,41.997382173,-87.788077674,"(41.99738217345368, -87.78807767391953)"
ADDISON AND HARLEM,1591,3600 N HARLEM AVENUE,01/30/2015,1,1127394.594070737,1923110.532422811,41.945338412,-87.807154769,"(41.94533841246591, -87.80715476912044)"
HAMLIN AND MADISON,1903,3800 W MADISON STREET,01/30/2015,1,1151032.709141294,1899784.033986533,41.880897273,-87.720881226,"(41.880897273491264, -87.72088122613924)"
ASHLAND AND 87TH,2454,1600 W 87TH ST,01/30/2015,8,1167171.941297436,1847064.855345151,41.735898617,-87.663128781,"(41.735898617066006, -87.66312878090133)"
ROOSEVELT AND HALSTED,2233,800 W ROOSEVELT ROAD,01/30/2015,12,1171199.282357741,1894968.056393724,41.867263098,-87.646972686,"(41.86726309836901, -87.64697268601648)"
ASHLAND AND LAWRENCE,1142,4800 N ASHLAND AVENUE,01/30/2015,2,1164751.686785145,1932001.206626392,41.96902343,-87.669590434,"(41.969023429614026, -87.66959043354217)"
HALSTED AND 95TH,2581,9500 S HALSTED STREET,01/30/2015,1,1172610.538363645,1841811.61926207,41.721365061,-87.643358042,"(41.72136506078306, -87.64335804234075)"
WESTERN AND DEVON,1211,6400 N WESTERN AVENUE,01/30/2015,1,1159113.585759434,1942451.622367891,41.997817807,-87.690033035,"(41.997817807026, -87.69003303469276)"
COTTAGE GROVE AND 95TH,2603,800 E 95TH STREET,01/30/2015,9,1183230.529909316,1842186.614201556,41.722153939,-87.604447736,"(41.72215393877189, -87.60444773564429)"
PULASKI AND FOSTER,1102,5200 N PULASKI RD,01/30/2015,2,1148746.251286324,1934286.914361976,41.97562074,-87.728383135,"(41.97562073966174, -87.72838313514907)"
PULASKI AND PETERSON,1262,6000 N PULASKI ROAD,01/30/2015,2,1148598.016685695,1939584.645960177,41.990160923,-87.728790748,"(41.99016092280557, -87.72879074759867)"
FOSTER AND NAGLE,1031,5200 N NAGLE,01/30/2015,3,1132529.656558223,1934201.702060651,41.97568567,-87.788020406,"(41.97568566971868, -87.78802040620296)"
CALIFORNIA AND DIVERSEY,1513,2800 W DIVERSEY,01/30/2015,1,1157212.54253358,1918526.674434943,41.932205395,-87.697679244,"(41.93220539506452, -87.6976792438691)"
63RD AND STATE,2712,6300 S STATE ST,01/30/2015,4,1177303.801895084,1863220.216755923,41.780008277,-87.625522512,"(41.78000827740796, -87.6255225119157)"
71ST AND ASHLAND,2391,7100 S ASHLAND,01/30/2015,3,1166868.379865725,1857616.168087255,41.764859382,-87.663940176,"(41.764859382425385, -87.66394017630476)"
DIVERSEY AND AUSTIN,1454,6000 W DIVERSEY AVENUE,01/30/2015,1,1135895.736169343,1918029.70673837,41.931248624,-87.776028612,"(41.931248623643455, -87.77602861172493)"
LINCOLN AND MCCORMICK,2751,6200 N LINCOLN AVENUE,01/30/2015,16,1152551.008921873,1941175.933038791,41.994450004,-87.714208439,"(41.9944500041165, -87.71420843920934)"
MADISON AND WESTERN,1931,1 S WESTERN AVE,01/30/2015,2,1160453.827721979,1899933.703473746,41.881118279,-87.686283339,"(41.881118278833966, -87.686283338873)"
ARCHER AND CICERO,2081,5200 S CICERO AVE,01/30/2015,18,1145195.931989777,1869737.708306623,41.798558278,-87.743071866,"(41.798558278193305, -87.74307186616427)"
WESTERN AND ARMITAGE,1862,2000 N WESTERN AVENUE,01/30/2015,2,1160006.66733459,1913226.418158186,41.917603818,-87.687557878,"(41.91760381794161, -87.68755787755686)"
ASHLAND AND ARCHER,2302,3100 S ARCHER AVENUE,01/30/2015,2,1166129.031970482,1884166.613649776,41.837732675,-87.66589445,"(41.83773267497158, -87.66589444999927)"
HARLEM AND NORTHWEST HWY,1081,6400 N HARLEM AVE,01/30/2015,2,1127335.21218179,1941943.442727776,41.997018918,-87.806947715,"(41.99701891845275, -87.8069477154956)"
KEDZIE AND 63RD,2361,6300 S KEDZIE AVE,01/30/2015,1,1156097.505177228,1862668.051775093,41.77894575,-87.703283119,"(41.77894575017997, -87.70328311900342)"
DAMEN AND FULLERTON,1663,2000 W FULLERTON AVE,01/30/2015,12,1162596.935552891,1915990.579747891,41.925134944,-87.677963546,"(41.92513494374925, -87.67796354553815)"
MONTROSE AND WESTERN,1221,4400 N WESTERN AVENUE,01/30/2015,4,1159539.733234718,1929183.918095502,41.961401846,-87.688832623,"(41.961401846278505, -87.6888326227788)"
WESTERN AND 79TH,2481,7900 S WESTERN AVE,01/30/2015,2,1161711.516404028,1852181.685686118,41.750054934,-87.682992203,"(41.750054933649984, -87.68299220290213)"
COLUMBUS AND ILLINOIS,1951,500 N COLUMBUS DRIVE,01/30/2015,10,1178372.808407292,1903693.06016042,41.891044569,-87.620371839,"(41.891044569124276, -87.620371839074)"
KEDZIE AND 26TH,2381,2600 S KEDZIE AVENUE,01/30/2015,1,1155404.235510285,1886524.460033054,41.844424831,-87.705185452,"(41.84442483084393, -87.70518545233183)"
WESTERN AND 63RD,2373,2400 W 63RD ST,01/30/2015,1,1161444.415758584,1862848.534703658,41.779331844,-87.683675761,"(41.77933184429814, -87.68367576084798)"
HALSTED AND NORTH,1761,1600 N HALSTED STREET,01/30/2015,3,1170678.283433825,1910880.991397547,41.910940644,-87.648419043,"(41.91094064391597, -87.64841904272998)"
PULASKI AND PETERSON,1263,4000 W PETERSON AVENUE,01/30/2015,8,1148618.560490339,1939615.133928395,41.990244186,-87.728714391,"(41.99024418564742, -87.7287143910091)"
99TH AND HALSTED,2433,800 W 99TH ST,01/30/2015,5,1172710.642565684,1839246.330602143,41.714323337,-87.643066714,"(41.71432333701137, -87.64306671421937)"
PULASKI AND ARCHER,2153,5000 S ARCHER AVE,01/30/2015,7,1150501.818909837,1871162.311703322,41.802365973,-87.723576766,"(41.80236597333895, -87.72357676611004)"
55TH AND WESTERN,2212,5500 S WESTERN AVE,01/30/2015,9,1161269.521335262,1867963.111601251,41.793370554,-87.684175377,"(41.79337055433029, -87.6841753767592)"
31ST ST AND MARTIN LUTHER KING DRIVE,2121,3100 S DR MARTIN L KING,01/30/2015,14,,,,,
WESTERN AND ADDISON,1563,2400 W ADDISON,01/30/2015,1,1159719.041544334,1923878.577275797,41.946839991,-87.688320193,"(41.9468399910054, -87.68832019252964)"
GARFIELD AND ASHLAND,2272,5500 S ASHLAND AVENUE,01/30/2015,2,1166573.960309557,1868083.777885787,41.793590116,-87.664720996,"(41.793590115883404, -87.66472099593501)"
CICERO AND NORTH,2033,4800 W NORTH AVENUE,01/30/2015,4,1144053.733747163,1910243.80567041,41.90973389,-87.746244973,"(41.909733890131285, -87.74624497295898)"
CENTRAL AND DIVERSEY,1642,2800 N CENTRAL AVENUE,01/30/2015,1,1138516.407377375,1918089.499227987,41.931365552,-87.766396529,"(41.93136555236339, -87.76639652879172)"
ASHLAND AND MADISON,1911,0 N ASHLAND AVE,01/30/2015,7,,,,,
ELSTON AND LAWRENCE,1282,4800 N ELSTON AVENUE,01/30/2015,3,1145529.344259918,1931501.601268983,41.968039361,-87.740283894,"(41.96803936143674, -87.74028389448999)"
PULASKI AND DIVISION,1802,1200 N PULASKI ROAD,01/30/2015,3,1149459.590666926,1907723.219884254,41.902713902,-87.726451457,"(41.902713901936174, -87.72645145715836)"
PULASKI AND MONTROSE,1294,4000 W MONTROSE AVENUE,01/30/2015,2,1148917.521854602,1928980.338532162,41.961055804,-87.727891206,"(41.96105580370759, -87.72789120598296)"
HALSTED AND 63RD,2691,6300 S HALSTED STREET,01/30/2015,3,1172011.176373021,1863049.419962901,41.7796575,-87.644930993,"(41.77965750036339, -87.64493099278877)"
ASHLAND AND DIVERSEY,1623,1600 W DIVERSEY PARKWA,01/30/2015,3,,,,,
HAMLIN AND LAKE,1881,300 N HAMLIN AVENUE,01/30/2015,2,1150970.026856642,1901381.688308858,41.885282636,-87.721069539,"(41.88528263580913, -87.72106953854511)"
4700 WESTERN,2142,4700 S WESTERN AVENUE,01/30/2015,1,1161120.438879703,1873431.066474726,41.808378408,-87.684570717,"(41.808378407946726, -87.68457071689552)"
WESTERN AND DEVON,1212,6400 N WESTERN AVENUE,01/30/2015,2,1159113.585759434,1942451.622367891,41.997817807,-87.690033035,"(41.997817807026, -87.69003303469276)"
LAWRENCE AND WESTERN,1193,2400 W LAWRENCE AVENUE,01/30/2015,5,1159482.648570304,1931851.989492596,41.968724349,-87.688968727,"(41.96872434882172, -87.68896872699601)"
COTTAGE GROVE AND 71ST,2571,7100 S COTTAGE GROVE,01/30/2015,2,1182746.23698699,1858088.011064538,41.765800351,-87.605729127,"(41.76580035131893, -87.6057291269901)"
CICERO AND HARRISON,2022,600 S CICERO AVENUE,01/30/2015,3,1144444.97442848,1896894.622216872,41.873094833,-87.745143869,"(41.873094832519136, -87.74514386884542)"
COTTAGE GROVE AND 71ST,2572,7100 S COTTAGE GROVE,01/30/2015,2,1182746.23698699,1858088.011064538,41.765800351,-87.605729127,"(41.76580035131893, -87.6057291269901)"
ASHLAND AND 63RD,2683,1600 W 63RD STREET,01/30/2015,1,1166730.185044193,1862976.010016387,41.779570436,-87.664293875,"(41.77957043618697, -87.66429387512882)"
LARAMIE AND FULLERTON,1424,5200 W FULLERTON AVENUE,01/30/2015,1,1141305.554932016,1915502.611239048,41.924215797,-87.756210755,"(41.92421579723144, -87.75621075458939)"
SACRAMENTO AND CHICAGO,1814,3000 W CHICAGO AVENUE,01/30/2015,1,1156075.266375505,1905216.604770718,41.895704525,-87.702218524,"(41.895704524946225, -87.70221852353758)"
WESTERN AND 51ST,2172,5100 S WESTERN BLVD,01/30/2015,3,1161345.691274872,1870773.193852299,41.801080204,-87.683818209,"(41.801080203554356, -87.68381820888895)"
CICERO AND FULLERTON,1474,4800 W FULLERTON AVE,01/30/2015,2,1143967.570794243,1915568.504954477,41.924347036,-87.74642764,"(41.924347036010694, -87.74642763965628)"
CICERO AND PETERSON,1204,4800 W PETERSON AVENUE,01/30/2015,1,1143273.766829016,1939491.944645127,41.990008007,-87.748376951,"(41.99000800729908, -87.74837695118997)"
KOSTNER AND NORTH,2012,4400 W GRAND AVE,01/30/2015,1,1146773.519128439,1910425.663958581,41.91018141,-87.73624887,"(41.910181409597406, -87.73624887040725)"
ASHLAND AND 63RD,2681,6300 S ASHLAND AVE,01/30/2015,2,1166711.252809567,1862903.630015878,41.77937222,-87.664365347,"(41.77937222048469, -87.66436534741581)"
119TH AND HALSTED,2402,11900 S HALSTED,01/30/2015,2,1173094.774616191,1825911.054609338,41.677720829,-87.642051845,"(41.67772082924762, -87.64205184498218)"
SACRAMENTO AND LAKE,1821,150 N SACRAMENTO BOUL,01/30/2015,5,1156319.560664766,1900957.489351962,41.884012178,-87.701436479,"(41.88401217771363, -87.7014364786693)"
HALSTED AND 95TH,2582,9500 S HALSTED STREET,01/30/2015,1,1172610.538363645,1841811.61926207,41.721365061,-87.643358042,"(41.72136506078306, -87.64335804234075)"
HAMLIN AND LAKE,1882,300 N HAMLIN AVENUE,01/30/2015,3,1150970.026856642,1901381.688308858,41.885282636,-87.721069539,"(41.88528263580913, -87.72106953854511)"
BROADWAY/SHERIDAN AND DEVON,1122,6400 N SHERIDAN ROAD,01/30/2015,8,1167087.151194129,1942658.704988689,41.998217921,-87.660695256,"(41.99821792053241, -87.6606952555721)"
MILWAUKEE AND DEVON,1274,6400 W DEVON AVENUE,01/30/2015,2,1132590.619798275,1942138.532048656,41.997463981,-87.787610243,"(41.99746398102873, -87.78761024341388)"
PERSHING AND WESTERN,2112,3900 S WESTERN BLVD,01/30/2015,3,1161130.992078755,1878746.226354636,41.822963628,-87.684384785,"(41.82296362788048, -87.68438478541296)"
KEDZIE AND 71ST,2352,7100 S KEDZIE AVENUE,01/30/2015,3,1156225.540366296,1857330.103443232,41.764295037,-87.702957162,"(41.764295036756856, -87.70295716211793)"
PULASKI AND ARMITAGE,1844,4000 W ARMITAGE AVENUE,01/30/2015,2,1149375.428872108,1913028.984273181,41.917275069,-87.726622746,"(41.91727506940875, -87.72662274644799)"
HALSTED AND FULLERTON,1701,2400 N HALSTED STREET,01/30/2015,1,1170501.602639925,1916200.061550148,41.925540315,-87.648912156,"(41.925540315431995, -87.64891215551155)"
71ST AND ASHLAND,2394,1600 W 71ST,01/30/2015,5,1166890.012333149,1857674.2502247,41.765018306,-87.66385923,"(41.76501830555763, -87.66385923012646)"
PULASKI AND DIVERSEY,1542,2800 N PULASKI ROAD,01/30/2015,4,1149200.724531183,1918332.222549679,41.931831026,-87.727126873,"(41.93183102561505, -87.72712687300454)"
111TH AND HALSTED,2422,11100 S HALSTED ST,01/30/2015,6,1172923.657689312,1831209.044179248,41.692263123,-87.642522688,"(41.692263123425136, -87.6425226876268)"
STONEY ISLAND AND 79TH,2464,1600 E 79TH ST,01/30/2015,3,1188284.704439907,1852964.829047574,41.751611523,-87.585592284,"(41.75161152327319, -87.58559228428787)"
CLARK AND IRVING PARK,1093,1300 W IRVING PARK ROAD,01/30/2015,8,1166777.545456989,1926719.73687357,41.954487567,-87.662293496,"(41.95448756687966, -87.66229349585691)"
WESTERN AND ADDISON,1562,3600 N WESTERN AVENUE,01/30/2015,3,1159695.573342728,1923871.086283556,41.94681992,-87.688406662,"(41.94681991986288, -87.68840666206194)"
IRVING PARK AND LARAMIE,1534,5200 W IRVING PARK ROA,01/30/2015,2,,,,,
HALSTED AND 103RD,2593,800 W 103RD STREET,01/30/2015,1,1172778.570616036,1836587.755252818,41.70702632,-87.642896007,"(41.707026319812215, -87.64289600741817)"
JEFFERY AND 79TH,2663,2000 E 79TH STREET,01/30/2015,2,1190922.804327671,1853026.181924232,41.751716559,-87.575923074,"(41.751716559267784, -87.57592307446549)"
BROADWAY/SHERIDAN AND DEVON,1123,1200 W DEVON AVE,01/30/2015,2,1167109.644248166,1942688.147952186,41.998298228,-87.660611661,"(41.99829822771884, -87.66061166063517)"
LAKE SHORE DR AND BELMONT,1413,400 W BELMONT AVE,01/30/2015,35,1172981.744869382,1921577.376128802,41.940241193,-87.639639114,"(41.94024119325571, -87.63963911427594)"
LARAMIE AND MADISON,2044,5200 W MADISON STREET,01/30/2015,11,1141706.965522802,1899567.55684314,41.880480752,-87.755130433,"(41.88048075170171, -87.75513043296509)"
WESTERN AND FULLERTON,1671,2400 N WESTERN AVENUE,01/30/2015,11,1159923.309342995,1915897.778561358,41.924935944,-87.687790255,"(41.92493594409127, -87.68779025471278)"
FULLERTON AND NARRAGANSETT,1553,6400 W FULLERTON AVENU,01/30/2015,5,1133317.594499059,1915293.661305931,41.923786189,-87.785567206,"(41.92378618871128, -87.78556720562165)"
STONEY ISLAND AND 76TH,2631,7600 S STONY ISLAND A,01/30/2015,9,1188092.796191935,1854889.354158304,41.756897173,-87.586234285,"(41.75689717260223, -87.58623428506996)"
CICERO AND FULLERTON,1472,2400 N CICERO AVE,01/30/2015,1,1143961.592189569,1915545.343094087,41.92428359,-87.74645019,"(41.92428358982701, -87.74645019028947)"
ROOSEVELT AND PULASKI,2311,1200 S PULASKI ROAD,01/30/2015,1,1149866.002247864,1894375.839200384,41.866079337,-87.725305995,"(41.86607933722178, -87.7253059948758)"
111TH AND HALSTED,2424,800 W 111TH ST,01/30/2015,1,1172945.404219168,1831282.917027882,41.692465363,-87.642440901,"(41.692465363421874, -87.64244090105778)"
