HAMLIN AND LAKE,1882,300 N HAMLIN AVENUE,05/06/2016,2,1150970.026856642,1901381.688308858,41.885282636,-87.721069539,"(41.88528263580913, -87.72106953854511)"
WENTWORTH AND GARFIELD,2264,200 W GARFIELD BLVD,05/06/2016,19,1175889.574397302,1868551.750512227,41.794670385,-87.630547476,"(41.79467038468937, -87.63054747605638)"
HALSTED AND NORTH,1764,800 W NORTH AVENUE,05/06/2016,2,1170700.68422007,1910913.190749698,41.91102851,-87.648335806,"(41.91102850981186, -87.64833580602037)"
75TH AND STATE,2621,7500 S STATE STREET,05/06/2016,22,1177538.763040612,1855235.551345519,41.758092176,-87.624902228,"(41.75809217638291, -87.6249022282473)"
ASHLAND AND 87TH,2454,1600 W 87TH ST,06/02/2017,5,1167171.941297436,1847064.855345151,41.735898617,-87.663128781,"(41.735898617066006, -87.66312878090133)"
KEDZIE AND 63RD,2364,3200 W 63RD ST,05/06/2016,2,1156103.348831225,1862717.565210739,41.779081505,-87.703260365,"(41.77908150488341, -87.70326036544745)"
PULASKI AND ARCHER,2153,5000 S ARCHER AVE,05/06/2016,1,1150501.818909837,1871162.311703322,41.802365973,-87.723576766,"(41.80236597333895, -87.72357676611004)"
4700 WESTERN,2141,4700 S WESTERN AVENUE,05/06/2016,12,1161120.438879703,1873431.066474726,41.808378408,-87.684570717,"(41.808378407946726, -87.68457071689552)"
STONEY ISLAND AND 76TH,2632,7600 S STONY ISLAND A,05/06/2016,7,1188092.796191935,1854889.354158304,41.756897173,-87.586234285,"(41.75689717260223, -87.58623428506996)"
MILWAUKEE AND MONTROSE,1364,5075 W MONTROSE AVENUE,05/06/2016,6,1141716.746618898,1928736.076639057,41.960522088,-87.754371424,"(41.96052208819935, -87.75437142402293)"
PETERSON AND WESTERN,1014,2400 W PETERSON,05/06/2016,7,1159214.211316277,1939825.301874586,41.99060901,-87.689735481,"(41.990609009807294, -87.68973548092968)"
STONY ISLAND/CORNELL AND 67TH,2721,6700 S STONY ISLAND A,05/06/2016,12,1187984.143047539,1860863.338367666,41.773292896,-87.586442368,"(41.77329289585066, -87.58644236831432)"
BELMONT AND KEDZIE,1373,3200 W BELMONT,05/06/2016,1,1154461.587940363,1921143.091003516,41.939440561,-87.707718516,"(41.93944056117365, -87.70771851630873)"
PETERSON AND WESTERN,1014,2400 W PETERSON,06/02/2017,11,1159214.211316277,1939825.301874586,41.99060901,-87.689735481,"(41.990609009807294, -87.68973548092968)"
KEDZIE AND 71ST,2352,7100 S KEDZIE AVENUE,05/06/2016,4,1156225.540366296,1857330.103443232,41.764295037,-87.702957162,"(41.764295036756856, -87.70295716211793)"
KEDZIE AND 31ST,2134,3200 W 31ST STREET,06/02/2017,7,1155487.128005646,1883943.061106793,41.8373395,-87.704950558,"(41.83733950029648, -87.70495055800411)"
55TH AND WESTERN,2213,2400 W 55TH STREET,06/02/2017,7,1161277.012730599,1868185.749490228,41.793981347,-87.684141741,"(41.7939813465735, -87.68414174128355)"
PULASKI AND NORTH,1994,4000 W NORTH AVENUE,05/06/2016,1,1149456.2688422,1910376.774019002,41.909995582,-87.726394693,"(41.90999558160536, -87.72639469321471)"
KEDZIE AND 71ST,2354,3200 W 71ST STREET,05/06/2016,4,1156246.862901455,1857404.014959868,41.764497433,-87.702877023,"(41.76449743256955, -87.70287702335861)"
CICERO AND I55,2252,4200 S CICERO AVENUE,05/06/2016,14,1145023.742859509,1876358.276835519,41.816729387,-87.743536712,"(41.81672938674739, -87.74353671247594)"
SHERIDAN AND FOSTER,1134,1000 W FOSTER AVE,06/02/2017,5,1168689.247756979,1934758.578141654,41.976505116,-87.655031882,"(41.97650511595711, -87.65503188224778)"
WESTERN AND FULLERTON,1671,2400 N WESTERN AVENUE,05/06/2016,19,1159923.309342995,1915897.778561358,41.924935944,-87.687790255,"(41.92493594409127, -87.68779025471278)"
PULASKI AND NORTH,1992,1600 N PULASKI AVENUE,06/02/2017,5,1149432.959240306,1910369.112502195,41.90997501,-87.726480523,"(41.909975010236906, -87.72648052306623)"
KIMBALL AND DIVERSEY,1581,2800 N KIMBALL AVENUE,05/06/2016,1,,,,,
75TH AND STATE,2621,7500 S STATE STREET,06/02/2017,13,1177538.763040612,1855235.551345519,41.758092176,-87.624902228,"(41.75809217638291, -87.6249022282473)"
HALSTED AND 95TH,2581,9500 S HALSTED STREET,05/06/2016,1,1172610.538363645,1841811.61926207,41.721365061,-87.643358042,"(41.72136506078306, -87.64335804234075)"
KOSTNER AND NORTH,2013,4400 W NORTH,05/06/2016,5,1146738.551618032,1910309.595368032,41.909863573,-87.736380296,"(41.90986357340246, -87.73638029605371)"
HAMLIN AND MADISON,1901,0 N HAMLIN BOULEVARD,05/06/2016,4,,,,,
CENTRAL AND FULLERTON,1444,5600 W FULLERTON AVENU,05/06/2016,4,1138627.279189421,1915438.969256439,41.924090199,-87.76605353,"(41.92409019883488, -87.76605353016079)"
111TH AND HALSTED,2422,11100 S HALSTED ST,05/06/2016,14,1172923.657689312,1831209.044179248,41.692263123,-87.642522688,"(41.692263123425136, -87.6425226876268)"
PULASKI AND FOSTER,1104,4000 W FOSTER AVE,05/06/2016,3,1148759.16134887,1934294.249006446,41.975640616,-87.728335469,"(41.975640616231914, -87.72833546926573)"
CENTRAL AND CHICAGO,1972,800 N CENTRAL AVENUE,05/06/2016,8,1138836.562608552,1904801.732832435,41.894896579,-87.765543258,"(41.89489657939746, -87.76554325845893)"
HALSTED AND FULLERTON,1701,2400 N HALSTED STREET,05/06/2016,4,1170501.602639925,1916200.061550148,41.925540315,-87.648912156,"(41.925540315431995, -87.64891215551155)"
ROOSEVELT AND KOSTNER,2323,4400 W ROOSEVELT,05/06/2016,9,1147200.963258796,1894379.538078088,41.866140868,-87.73508956,"(41.866140867641654, -87.73508956008207)"
CICERO AND NORTH,2033,4800 W NORTH AVENUE,05/06/2016,8,1144053.733747163,1910243.80567041,41.90973389,-87.746244973,"(41.909733890131285, -87.74624497295898)"
HOMAN/KIMBALL AND NORTH,1773,3400 W NORTH AVE,05/06/2016,10,1153386.578905125,1910465.87061722,41.910162847,-87.711953868,"(41.91016284680269, -87.71195386769125)"
TOUHY AND OSCEOLA,1244,7432 W TOUHY AVENUE,05/06/2016,2,1125717.010560011,1947269.685461107,42.011661765,-87.812781431,"(42.01166176507329, -87.81278143114147)"
HALSTED AND NORTH,1761,1600 N HALSTED STREET,05/06/2016,14,1170678.283433825,1910880.991397547,41.910940644,-87.648419043,"(41.91094064391597, -87.64841904272998)"
CENTRAL AND CHICAGO,1973,5600 W CHICAGO AVENUE,05/06/2016,4,1138858.856732452,1904825.827586656,41.894962293,-87.765460791,"(41.89496229349977, -87.76546079122906)"
71ST AND ASHLAND,2391,7100 S ASHLAND,06/02/2017,1,1166868.379865725,1857616.168087255,41.764859382,-87.663940176,"(41.764859382425385, -87.66394017630476)"
55TH and PULASKI,2242,5500 S PULASKI,05/06/2016,4,1150600.072649439,1867806.44512718,41.793155061,-87.723303765,"(41.793155060731024, -87.72330376464247)"
ASHLAND AND 87TH,2452,8700 S ASHLAND AVE,06/02/2017,6,1167150.470087748,1846991.212339794,41.735696989,-87.663209544,"(41.73569698863625, -87.66320954445679)"
FOSTER AND BROADWAY,1111,5200 N BROADWAY ST,05/06/2016,1,1167334.508577915,1934714.008346532,41.976412143,-87.660015082,"(41.97641214294823, -87.66001508205365)"
CALIFORNIA AND DIVERSEY,1514,2800 W DIVERSEY,05/06/2016,44,1157212.54253358,1918526.674434943,41.932205395,-87.697679244,"(41.93220539506452, -87.6976792438691)"
CICERO AND ARMITAGE,2001,2000 N CICERO AVENUE,05/06/2016,8,1144031.525719004,1912881.8300295,41.916973325,-87.746260223,"(41.91697332451097, -87.74626022251057)"
55TH AND WESTERN,2213,2400 W 55TH STREET,05/06/2016,3,1161277.012730599,1868185.749490228,41.793981347,-87.684141741,"(41.7939813465735, -87.68414174128355)"
HALSTED AND DIVISION,1714,800 W DIVISION,05/06/2016,10,1170767.827960358,1908259.644151662,41.903745557,-87.648167011,"(41.90374555734733, -87.64816701062779)"
LAFAYETTE AND 87TH,2502,8700 S LAFAYETTE AVEN,06/02/2017,13,1177417.493180297,1847243.988223464,41.73616511,-87.625587569,"(41.73616511008592, -87.62558756899932)"
HOLLYWOOD AND SHERIDAN,1343,1000 W HOLLYWOOD AVE,05/06/2016,6,1168580.228926466,1938090.295189338,41.985649799,-87.655335807,"(41.98564979859328, -87.65533580655139)"
KOSTNER AND NORTH,2012,4400 W GRAND AVE,05/06/2016,2,1146773.519128439,1910425.663958581,41.91018141,-87.73624887,"(41.910181409597406, -87.73624887040725)"
DAMEN AND 63RD,2702,6300 S DAMEN AVENUE,05/06/2016,3,1164069.407943298,1862830.277442834,41.779226921,-87.674052731,"(41.77922692069256, -87.67405273137854)"
LASALLE AND KINZIE,1921,400 N LASALLE,05/06/2016,5,1175028.579766798,1903002.552291359,41.889225372,-87.632674115,"(41.88922537162015, -87.63267411498495)"
BROADWAY/SHERIDAN AND DEVON,1122,6400 N SHERIDAN ROAD,05/06/2016,7,1167087.151194129,1942658.704988689,41.998217921,-87.660695256,"(41.99821792053241, -87.6606952555721)"
63RD AND STATE,2712,6300 S STATE ST,06/02/2017,11,1177303.801895084,1863220.216755923,41.780008277,-87.625522512,"(41.78000827740796, -87.6255225119157)"
55TH AND KEDZIE,2162,5500 S KEDZIE AVENUE,05/06/2016,1,1155945.854705238,1867941.621374192,41.793420237,-87.703697508,"(41.793420236755864, -87.70369750845424)"
LAKE SHORE DR AND BELMONT,1412,3200 N LAKESHORE DRIV,05/06/2016,7,1173053.220555078,1921821.380831705,41.940909163,-87.63936916,"(41.94090916326764, -87.63936915995522)"
BROADWAY/SHERIDAN AND DEVON,1123,1200 W DEVON AVE,05/06/2016,1,1167109.644248166,1942688.147952186,41.998298228,-87.660611661,"(41.99829822771884, -87.66061166063517)"
KOSTNER AND NORTH,2011,1600 N KOSTNER,05/06/2016,1,1146732.108679105,1910282.120990798,41.909788304,-87.736404667,"(41.90978830394343, -87.73640466739216)"
71ST AND ASHLAND,2394,1600 W 71ST,05/06/2016,5,1166890.012333149,1857674.2502247,41.765018306,-87.66385923,"(41.76501830555763, -87.66385923012646)"
ASHLAND AND LAWRENCE,1143,1600 W LAWRENCE AVENUE,05/06/2016,7,1164771.946929007,1931988.254061312,41.968987457,-87.669516307,"(41.96898745654617, -87.66951630654926)"
CICERO AND NORTH,2034,4800 W NORTH AVENUE,05/06/2016,2,1144053.733747163,1910243.80567041,41.90973389,-87.746244973,"(41.909733890131285, -87.74624497295898)"
PULASKI AND DIVERSEY,1542,2800 N PULASKI ROAD,05/06/2016,3,1149200.724531183,1918332.222549679,41.931831026,-87.727126873,"(41.93183102561505, -87.72712687300454)"
CENTRAL AND IRVING PARK,1183,5600 W IRVING PARK ROAD,05/06/2016,3,1138281.535484986,1926078.647777633,41.953292847,-87.767065708,"(41.953292847298, -87.76706570775266)"
WESTERN AND NORTH,1853,2400 W NORTH AVE,05/06/2016,3,1160100.839010995,1910612.783367238,41.910429862,-87.687284221,"(41.91042986235867, -87.68728422050837)"
ROOSEVELT AND HALSTED,2234,800 W ROOSEVELT ROAD,05/06/2016,24,1171199.282357741,1894968.056393724,41.867263098,-87.646972686,"(41.86726309836901, -87.64697268601648)"
ASHLAND AND 87TH,2454,1600 W 87TH ST,05/06/2016,3,1167171.941297436,1847064.855345151,41.735898617,-87.663128781,"(41.735898617066006, -87.66312878090133)"
CICERO AND WASHINGTON,1892,100 N CICERO AVENUE,05/06/2016,7,1144328.984091479,1900095.170838459,41.88187971,-87.745489247,"(41.88187970991601, -87.7454892473012)"
LAWRENCE AND WESTERN,1193,2400 W LAWRENCE AVENUE,05/06/2016,2,1159482.648570304,1931851.989492596,41.968724349,-87.688968727,"(41.96872434882172, -87.68896872699601)"
VAN BUREN AND WESTERN,2052,400 S WESTERN AVENUE,05/06/2016,33,1160431.682297829,1898091.942371589,41.876064776,-87.686415631,"(41.87606477642526, -87.68641563098768)"
ASHLAND AND MADISON,1911,0 N ASHLAND AVE,05/06/2016,17,,,,,
DIVISION AND DAMEN,1734,2000 W DIVISION,05/06/2016,13,1162815.710860194,1908034.672555531,41.903298793,-87.677383247,"(41.903298792681944, -87.67738324739636)"
99TH AND HALSTED,2431,9900 S HALSTED ST,05/06/2016,15,1172689.754200318,1839171.652197216,41.714118868,-87.643145408,"(41.714118868089905, -87.64314540818165)"
ASHLAND AND FULLERTON,1652,2400 N ASHLAND AVENUE,05/06/2016,9,1165228.073342838,1916032.319169157,41.92519389,-87.668294363,"(41.92519388981048, -87.66829436339881)"
79TH AND HALSTED,2543,800 W 79TH STREET,05/06/2016,3,1172320.105719411,1852517.9814434,41.750751157,-87.644107793,"(41.75075115747316, -87.64410779300933)"
LARAMIE AND MADISON,2043,5200 W MADISON STREET,05/06/2016,12,1141706.965522802,1899567.55684314,41.880480752,-87.755130433,"(41.88048075170171, -87.75513043296509)"
ROOSEVELT AND PULASKI,2311,1200 S PULASKI ROAD,05/06/2016,6,1149866.002247864,1894375.839200384,41.866079337,-87.725305995,"(41.86607933722178, -87.7253059948758)"
COTTAGE GROVE AND 71ST,2572,7100 S COTTAGE GROVE,05/06/2016,6,1182746.23698699,1858088.011064538,41.765800351,-87.605729127,"(41.76580035131893, -87.6057291269901)"
AUSTIN AND ADDISON,1491,3600 N AUSTIN AVENUE,05/06/2016,2,1135691.599896458,1923335.967306169,41.945813215,-87.776652162,"(41.9458132146695, -87.77665216156436)"
ROOSEVELT AND KOSTNER,2323,4400 W ROOSEVELT,06/02/2017,9,1147200.963258796,1894379.538078088,41.866140868,-87.73508956,"(41.866140867641654, -87.73508956008207)"
ASHLAND AND DIVISION,1791,1200 N ASHLAND AVENUE,05/06/2016,12,1165466.997046718,1908083.767015974,41.903377468,-87.667643142,"(41.903377467566784, -87.66764314227497)"
CICERO AND HARRISON,2022,600 S CICERO AVENUE,05/06/2016,7,1144444.97442848,1896894.622216872,41.873094833,-87.745143869,"(41.873094832519136, -87.74514386884542)"
PULASKI AND IRVING PARK,1572,4000 N PULASKI ROAD,05/06/2016,1,1148970.255325552,1926313.600468643,41.953737051,-87.727766612,"(41.95373705144353, -87.72776661179896)"
DAMEN AND DIVERSEY,1464,2000 W DIVERSEY PARKWAY,05/06/2016,5,1162519.714934025,1918635.417634925,41.932394164,-87.678173031,"(41.93239416403691, -87.67817303087757)"
CENTRAL AND FULLERTON,1442,2400 N CENTRAL AVENUE,05/06/2016,3,1138603.468418662,1915431.058212414,41.924068922,-87.766141214,"(41.92406892227644, -87.76614121413186)"
STONEY ISLAND AND 76TH,2631,7600 S STONY ISLAND A,05/06/2016,30,1188092.796191935,1854889.354158304,41.756897173,-87.586234285,"(41.75689717260223, -87.58623428506996)"
CALIFORNIA AND PETERSON,1313,2800 W PETERSON AVENUE,05/06/2016,3,1156569.515341857,1939784.830544118,41.990552082,-87.699464396,"(41.990552081681564, -87.69946439622785)"
OGDEN AND KOSTNER,2223,4400 W OGDEN AVENUE,05/06/2016,10,1147406.592439224,1887689.099869462,41.847777523,-87.734505969,"(41.84777752280453, -87.73450596874825)"
PULASKI AND ARCHER,2154,5000 S ARCHER AVE,05/06/2016,5,1150501.818909837,1871162.311703322,41.802365973,-87.723576766,"(41.80236597333895, -87.72357676611004)"
CICERO AND PETERSON,1204,4800 W PETERSON AVENUE,05/06/2016,1,1143273.766829016,1939491.944645127,41.990008007,-87.748376951,"(41.99000800729908, -87.74837695118997)"
WENTWORTH AND GARFIELD,2261,5500 S WENTWORTH AVEN,05/06/2016,23,,,,,
IRVING PARK AND NARRAGANSETT,1023,6400 W IRVING PK,05/06/2016,3,1132945.939118726,1925946.304925137,41.953024751,-87.786683238,"(41.95302475075328, -87.78668323766634)"
FOSTER AND NAGLE,1031,5200 N NAGLE,05/06/2016,12,1132529.656558223,1934201.702060651,41.97568567,-87.788020406,"(41.97568566971868, -87.78802040620296)"
ASHLAND AND FULLERTON,1651,2400 N ASHLAND AVENUE,05/06/2016,13,1165228.073342838,1916032.319169157,41.92519389,-87.668294363,"(41.92519388981048, -87.66829436339881)"
111TH AND HALSTED,2424,800 W 111TH ST,05/06/2016,3,1172945.404219168,1831282.917027882,41.692465363,-87.642440901,"(41.692465363421874, -87.64244090105778)"
SACRAMENTO AND LAKE,,150 N SACRAMENTO BOUL,05/06/2016,1,1156319.560664766,1900957.489351962,41.884012178,-87.701436479,"(41.88401217771363, -87.7014364786693)"
CICERO AND 47TH,2204,4800 W 47TH ST,05/06/2016,2,1145130.048925744,1873078.44198302,41.807727017,-87.743229366,"(41.80772701677172, -87.74322936566276)"
115TH AND HALSTED,2552,11500 S HALSTED STREE,05/06/2016,27,,,,,
CANAL AND ROOSEVELT,2294,500 W ROOSEVELT ROAD,05/06/2016,16,1173290.72186561,1895021.166235495,41.867362693,-87.639293195,"(41.867362692616666, -87.63929319464197)"
WESTERN AND CERMAK,1002,2200 S WESTERN AVENUE,05/06/2016,1,1160669.42562757,1889318.196820393,41.85198384,-87.685785704,"(41.85198383957328, -87.68578570420526)"
VAN BUREN AND WESTERN,2054,2400 W VAN BUREN STREE,05/06/2016,16,,,,,
DAMEN AND 63RD,2701,6300 S DAMEN AVENUE,05/06/2016,3,1164069.407943298,1862830.277442834,41.779226921,-87.674052731,"(41.77922692069256, -87.67405273137854)"
99TH AND HALSTED,2433,800 W 99TH ST,05/06/2016,19,1172710.642565684,1839246.330602143,41.714323337,-87.643066714,"(41.71432333701137, -87.64306671421937)"
LARAMIE AND FULLERTON,1421,2400 N LARAMIE AVENUE,05/06/2016,3,1141282.877477884,1915479.163971956,41.924151874,-87.756294662,"(41.92415187425276, -87.75629466175003)"
WESTERN AND FOSTER,1074,2400 W FOSTER AVE,05/06/2016,6,1159379.402846887,1934502.712486132,41.97600019,-87.689275084,"(41.97600018976586, -87.68927508385399)"
PULASKI AND LAWRENCE,1172,4800 N PULASKI ROAD,06/02/2017,1,1148821.701520117,1931605.974570937,41.968262595,-87.728175316,"(41.968262595100775, -87.7281753157596)"
CORTLAND AND ASHLAND,1721,1900 N ASHLAND AVE,05/06/2016,27,1165348.084854857,1912736.454335569,41.916147281,-87.667947354,"(41.91614728095272, -87.66794735350443)"
MILWAUKEE AND MONTROSE,1364,5075 W MONTROSE AVENUE,05/31/2017,8,1141716.746618898,1928736.076639057,41.960522088,-87.754371424,"(41.96052208819935, -87.75437142402293)"
HALSTED AND DIVISION,1711,1200 N HALSTED,06/02/2017,6,1170746.639428735,1908242.256010774,41.903698308,-87.648245351,"(41.90369830765008, -87.64824535062563)"
CERMAK AND PULASKI,2334,4000 W CERMAK,05/06/2016,6,1150018.476053666,1889120.238540361,41.851654369,-87.724882975,"(41.85165436867626, -87.7248829753078)"
DIVISION AND DAMEN,1734,2000 W DIVISION,06/02/2017,15,1162815.710860194,1908034.672555531,41.903298793,-87.677383247,"(41.903298792681944, -87.67738324739636)"
PULASKI AND IRVING PARK,1572,4000 N PULASKI ROAD,06/02/2017,1,1148970.255325552,1926313.600468643,41.953737051,-87.727766612,"(41.95373705144353, -87.72776661179896)"
CENTRAL AND LAKE,1743,5600 W LAKE STREET,05/06/2016,7,1138951.495695032,1902230.510465733,41.887838735,-87.765183663,"(41.887838735330206, -87.76518366338465)"
SACRAMENTO AND CHICAGO,1814,3000 W CHICAGO AVENUE,05/06/2016,2,1156075.266375505,1905216.604770718,41.895704525,-87.702218524,"(41.895704524946225, -87.70221852353758)"
CICERO AND WASHINGTON,1891,100 N CICERO AVENUE,05/06/2016,5,1144328.984091479,1900095.170838459,41.88187971,-87.745489247,"(41.88187970991601, -87.7454892473012)"
HAMLIN AND LAKE,1881,300 N HAMLIN AVENUE,05/06/2016,3,1150970.026856642,1901381.688308858,41.885282636,-87.721069539,"(41.88528263580913, -87.72106953854511)"
HAMLIN AND MADISON,1903,3800 W MADISON STREET,06/02/2017,12,1151032.709141294,1899784.033986533,41.880897273,-87.720881226,"(41.880897273491264, -87.72088122613924)"
119TH AND HALSTED,2404,800 W 119TH STREET,05/06/2016,4,1173111.174088158,1825985.001014405,41.677923389,-87.641989646,"(41.677923389134385, -87.64198964584013)"
ARCHER AND CICERO,2081,5200 S CICERO AVE,05/06/2016,42,1145195.931989777,1869737.708306623,41.798558278,-87.743071866,"(41.798558278193305, -87.74307186616427)"
AUSTIN AND IRVING PARK,1161,4000 N AUSTIN AVENUE,05/06/2016,5,1135599.956110927,1926006.862619986,41.953144059,-87.776925284,"(41.95314405904539, -87.77692528423394)"
PULASKI AND DIVISION,1801,1200 N PULASKI ROAD,06/02/2017,4,1149459.590666926,1907723.219884254,41.902713902,-87.726451457,"(41.902713901936174, -87.72645145715836)"
PULASKI AND 63RD,2342,6300 S PULASKI RD,05/06/2016,4,1150746.00309079,1862516.747695325,41.778636469,-87.722906356,"(41.77863646878099, -87.72290635568541)"
DAMEN AND FULLERTON,1663,2000 W FULLERTON AVE,05/06/2016,12,1162596.935552891,1915990.579747891,41.925134944,-87.677963546,"(41.92513494374925, -87.67796354553815)"
KEDZIE AND 26TH,2381,2600 S KEDZIE AVENUE,05/06/2016,7,1155404.235510285,1886524.460033054,41.844424831,-87.705185452,"(41.84442483084393, -87.70518545233183)"
IRVING PARK AND NARRAGANSETT,1023,6400 W IRVING PK,06/02/2017,4,1132945.939118726,1925946.304925137,41.953024751,-87.786683238,"(41.95302475075328, -87.78668323766634)"
35TH AND WESTERN,2092,3500 S WESTERN,05/06/2016,10,1160894.949857101,1881376.851112895,41.830187255,-87.685177925,"(41.83018725526863, -87.68517792510231)"
4700 WESTERN,2142,4700 S WESTERN AVENUE,05/06/2016,7,1161120.438879703,1873431.066474726,41.808378408,-87.684570717,"(41.808378407946726, -87.68457071689552)"
79TH AND HALSTED,2541,7900 S HALSTED STREET,05/06/2016,9,1172298.707400847,1852444.344822186,41.750549559,-87.644188368,"(41.750549559438944, -87.64418836784098)"
HALSTED AND MADISON,1872,1 N HALSTED STREET,05/06/2016,1,1171090.967986833,1900270.454015136,41.881815632,-87.647214717,"(41.88181563164203, -87.64721471704077)"
CICERO AND CHICAGO,1783,4800 W CHICAGO AVENUE,05/06/2016,4,1144175.291152764,1904916.255225279,41.895112219,-87.745932427,"(41.89511221857764, -87.74593242701515)"
CICERO AND HARRISON,2023,4800 W HARRISON STREET,05/06/2016,1,1144451.867388303,1896949.561959463,41.873245464,-87.745117179,"(41.873245464379586, -87.7451171788807)"
75TH AND STATE,2624,1 E 75TH STREET,05/06/2016,15,1177601.72646404,1855229.486604181,41.758074111,-87.624671658,"(41.75807411097799, -87.62467165835182)"
HALSTED AND 103RD,2592,10300 S HALSTED STREE,05/06/2016,6,,,,,
CLARK AND IRVING PARK,1091,4000 N CLARK STREET,05/06/2016,2,1166736.149822904,1926699.323624709,41.954432441,-87.662446259,"(41.95443244141688, -87.66244625914061)"
KEDZIE AND 47TH,2104,3200 W 47TH ST,05/06/2016,1,1155815.231505056,1873336.169728074,41.808226246,-87.704031672,"(41.808226246244026, -87.70403167215984)"
HARLEM AND BELMONT,1394,7200 W BELMONT AVE,05/06/2016,6,1127504.698153561,1920475.415440844,41.938105479,-87.806809552,"(41.93810547939496, -87.80680955240743)"
CHICAGO AND CLARK,1964,100 W CHICAGO AVENUE,05/06/2016,11,1175374.528739575,1905745.47783364,41.896744347,-87.631321248,"(41.896744346875806, -87.63132124815151)"
CENTRAL AND DIVERSEY,1642,2800 N CENTRAL AVENUE,05/06/2016,1,1138516.407377375,1918089.499227987,41.931365552,-87.766396529,"(41.93136555236339, -87.76639652879172)"
PERSHING AND WESTERN,2114,2400 W PERSHING ROAD,05/06/2016,12,1160957.773623189,1878793.434193427,41.82309676,-87.685018951,"(41.82309676016606, -87.68501895061576)"
CENTRAL AND DIVERSEY,1644,5600 W DIVERSEY AVENUE,05/06/2016,3,1138539.758528398,1918097.096677271,41.931385977,-87.766310532,"(41.93138597683265, -87.76631053155157)"
71ST AND ASHLAND,2391,7100 S ASHLAND,05/06/2016,5,1166868.379865725,1857616.168087255,41.764859382,-87.663940176,"(41.764859382425385, -87.66394017630476)"
SHERIDAN AND FOSTER,1132,5200 N SHERIDAN ROAD,05/06/2016,3,1168661.623718229,1934753.842272756,41.976492721,-87.655133605,"(41.97649272077833, -87.65513360456677)"
IRVING PARK AND KEDZIE,1353,3200 W IRVING PARK ROAD,05/06/2016,2,1154325.140302006,1926458.463197156,41.954029047,-87.708077494,"(41.95402904691877, -87.70807749383191)"
ELSTON AND LAWRENCE,1284,4440 W LAWRENCE AVENUE,05/06/2016,14,1145715.061027481,1931571.0474838,41.968226398,-87.739599251,"(41.96822639754791, -87.73959925065756)"
ASHLAND AND 95TH,2472,9500 S ASHLAND AVENUE,05/06/2016,6,1167295.830128711,1841695.121217916,41.721160612,-87.662828139,"(41.72116061205213, -87.66282813939165)"
ELSTON AND IRVING PARK,1503,3700 W IRVING PARK ROA,06/02/2017,11,,,,,
CICERO AND 47TH,2202,4700 S CICERO AVE,05/06/2016,1,1145112.150373471,1873006.659918126,41.807530373,-87.743296821,"(41.80753037289406, -87.7432968212423)"
CENTRAL AND BELMONT,1602,3200 N CENTRAL AVENUE,05/06/2016,3,1138430.432324593,1920731.654410336,41.938617463,-87.766648297,"(41.938617463272884, -87.76664829683827)"
ELSTON AND LAWRENCE,1282,4800 N ELSTON AVENUE,05/06/2016,6,1145529.344259918,1931501.601268983,41.968039361,-87.740283894,"(41.96803936143674, -87.74028389448999)"
LARAMIE AND MADISON,2044,5200 W MADISON STREET,05/06/2016,12,1141706.965522802,1899567.55684314,41.880480752,-87.755130433,"(41.88048075170171, -87.75513043296509)"
ROOSEVELT AND KOSTNER,2321,1200 S KOSTNER,05/06/2016,4,1147196.304001978,1894305.883269746,41.865938839,-87.735108549,"(41.8659388389088, -87.73510854901264)"
CICERO AND CHICAGO,1781,800 N CICERO AVENUE,05/06/2016,3,1144169.162482127,1904893.189220372,41.895049038,-87.745955516,"(41.89504903796389, -87.74595551626888)"
SACRAMENTO AND CHICAGO,1814,3000 W CHICAGO AVENUE,06/02/2017,11,1156075.266375505,1905216.604770718,41.895704525,-87.702218524,"(41.895704524946225, -87.70221852353758)"
WESTERN AND DEVON,1211,6400 N WESTERN AVENUE,05/06/2016,2,1159113.585759434,1942451.622367891,41.997817807,-87.690033035,"(41.997817807026, -87.69003303469276)"
CENTRAL AND IRVING PARK,1182,4000 N CENTRAL AVENUE,05/06/2016,2,1138258.614129764,1926071.172884932,41.953272751,-87.767150151,"(41.95327275103541, -87.76715015131407)"
ASHLAND AND 87TH,2452,8700 S ASHLAND AVE,05/06/2016,11,1167150.470087748,1846991.212339794,41.735696989,-87.663209544,"(41.73569698863625, -87.66320954445679)"
ASHLAND AND IRVING PARK,1151,4000 N ASHLAND AVENUE,05/07/2016,4,1164899.463802581,1926665.661118925,41.954379326,-87.66919912,"(41.954379326212695, -87.66919911980419)"
STONEY ISLAND AND 76TH,2631,7600 S STONY ISLAND A,05/08/2016,18,1188092.796191935,1854889.354158304,41.756897173,-87.586234285,"(41.75689717260223, -87.58623428506996)"
ASHLAND AND FULLERTON,1652,2400 N ASHLAND AVENUE,06/02/2017,5,1165228.073342838,1916032.319169157,41.92519389,-87.668294363,"(41.92519388981048, -87.66829436339881)"
WESTERN AND NORTH,1851,1600 N WESTERN AVE,05/07/2016,1,1160077.474351131,1910605.013316134,41.910409024,-87.687370268,"(41.91040902362901, -87.687370268401)"
CICERO AND NORTH,2033,4800 W NORTH AVENUE,05/07/2016,5,1144053.733747163,1910243.80567041,41.90973389,-87.746244973,"(41.909733890131285, -87.74624497295898)"
LAKE SHORE DR AND BELMONT,1413,400 W BELMONT AVE,05/08/2016,66,1172981.744869382,1921577.376128802,41.940241193,-87.639639114,"(41.94024119325571, -87.63963911427594)"
LARAMIE AND FULLERTON,1424,5200 W FULLERTON AVENUE,06/02/2017,1,1141305.554932016,1915502.611239048,41.924215797,-87.756210755,"(41.92421579723144, -87.75621075458939)"
LAFAYETTE AND 87TH,2503,30 W 87TH STREET,05/05/2016,24,1177407.651800237,1847320.772058312,41.736376037,-87.625621311,"(41.736376036604916, -87.62562131092602)"
FOSTER AND BROADWAY,1113,1200 W FOSTER AVE,05/08/2016,2,1167357.095930752,1934721.393266777,41.97643192,-87.659931806,"(41.97643192018459, -87.65993180604016)"
COTTAGE GROVE AND 71ST,2571,7100 S COTTAGE GROVE,05/08/2016,2,1182746.23698699,1858088.011064538,41.765800351,-87.605729127,"(41.76580035131893, -87.6057291269901)"
PULASKI AND ARCHER,2153,5000 S ARCHER AVE,05/07/2016,3,1150501.818909837,1871162.311703322,41.802365973,-87.723576766,"(41.80236597333895, -87.72357676611004)"
KEDZIE AND 26TH,2382,2600 S KEDZIE AVENUE,05/07/2016,4,1155404.235510285,1886524.460033054,41.844424831,-87.705185452,"(41.84442483084393, -87.70518545233183)"
STATE AND 79TH,2654,1 E 79TH STREET,05/08/2016,35,1177680.113652821,1852598.313477786,41.750852096,-87.624463832,"(41.75085209551078, -87.62446383210285)"
HAMLIN AND LAKE,1881,300 N HAMLIN AVENUE,05/07/2016,3,1150970.026856642,1901381.688308858,41.885282636,-87.721069539,"(41.88528263580913, -87.72106953854511)"
CICERO AND NORTH,2034,4800 W NORTH AVENUE,05/08/2016,5,1144053.733747163,1910243.80567041,41.90973389,-87.746244973,"(41.909733890131285, -87.74624497295898)"
CICERO AND PETERSON,1202,6000 N CICERO AVENUE,06/02/2017,2,1143247.733553094,1939479.342905704,41.989973915,-87.748473024,"(41.98997391514614, -87.74847302426933)"
35TH AND WESTERN,2091,3500 S WESTERN,05/07/2016,3,1160894.949857101,1881376.851112895,41.830187255,-87.685177925,"(41.83018725526863, -87.68517792510231)"
ASHLAND AND 95TH,2473,1600 W 95TH STREET,05/07/2016,11,1167323.753394196,1841755.029221382,41.721324412,-87.662724153,"(41.721324411975246, -87.66272415265087)"
ASHLAND AND LAWRENCE,1142,4800 N ASHLAND AVENUE,05/08/2016,6,1164751.686785145,1932001.206626392,41.96902343,-87.669590434,"(41.969023429614026, -87.66959043354217)"
DAMEN AND FULLERTON,1663,2000 W FULLERTON AVE,05/07/2016,19,1162596.935552891,1915990.579747891,41.925134944,-87.677963546,"(41.92513494374925, -87.67796354553815)"
CALIFORNIA AND PETERSON,1313,2800 W PETERSON AVENUE,05/08/2016,1,1156569.515341857,1939784.830544118,41.990552082,-87.699464396,"(41.990552081681564, -87.69946439622785)"
CALIFORNIA AND DEVON,1321,6400 N CALIFORNIA AVE,05/07/2016,3,1156461.150245401,1942370.37710537,41.997649133,-87.699792629,"(41.997649133049336, -87.69979262891378)"
WESTERN AND TOUHY,1251,7200 N WESTERN AVENUE,05/07/2016,2,1158975.66256211,1947754.286963361,42.012371335,-87.690393917,"(42.012371334791766, -87.69039391737863)"
71ST AND ASHLAND,2391,7100 S ASHLAND,05/07/2016,3,1166868.379865725,1857616.168087255,41.764859382,-87.663940176,"(41.764859382425385, -87.66394017630476)"
HALSTED AND 103RD,2592,10300 S HALSTED STREE,05/07/2016,3,,,,,
CLARK AND FULLERTON,1632,2400 N CLARK ST,05/08/2016,1,1172749.562209477,1916238.997132859,41.925597623,-87.640650973,"(41.925597623023144, -87.64065097309872)"
CENTRAL AND LAKE,1743,5600 W LAKE STREET,06/02/2017,7,1138951.495695032,1902230.510465733,41.887838735,-87.765183663,"(41.887838735330206, -87.76518366338465)"
ROOSEVELT AND HALSTED,2233,800 W ROOSEVELT ROAD,05/07/2016,6,1171199.282357741,1894968.056393724,41.867263098,-87.646972686,"(41.86726309836901, -87.64697268601648)"
VAN BUREN AND WESTERN,2052,400 S WESTERN AVENUE,06/02/2017,26,1160431.682297829,1898091.942371589,41.876064776,-87.686415631,"(41.87606477642526, -87.68641563098768)"
WESTERN AND ADDISON,1562,3600 N WESTERN AVENUE,05/08/2016,5,1159695.573342728,1923871.086283556,41.94681992,-87.688406662,"(41.94681991986288, -87.68840666206194)"
PULASKI AND ARMITAGE,1843,4000 W ARMITAGE AVENUE,05/07/2016,4,1149375.428872108,1913028.984273181,41.917275069,-87.726622746,"(41.91727506940875, -87.72662274644799)"
79TH AND KEDZIE,2443,3200 W 79TH ST,06/02/2017,7,1156402.644780165,1852104.649370984,41.749952001,-87.702448478,"(41.74995200142266, -87.70244847808695)"
LAKE SHORE DR AND BELMONT,1413,400 W BELMONT AVE,05/07/2016,64,1172981.744869382,1921577.376128802,41.940241193,-87.639639114,"(41.94024119325571, -87.63963911427594)"
CENTRAL AND IRVING PARK,1183,5600 W IRVING PARK ROAD,06/02/2017,6,1138281.535484986,1926078.647777633,41.953292847,-87.767065708,"(41.953292847298, -87.76706570775266)"
DAMEN AND DIVERSEY,1462,2800 N DAMEN AVENUE,05/07/2016,10,1162490.04851994,1918611.623717091,41.932329494,-87.678282719,"(41.9323294940985, -87.67828271931386)"
CALIFORNIA AND DEVON,1323,2800 W DEVON AVENUE,05/07/2016,5,1156484.528078038,1942377.980662191,41.997669523,-87.699706423,"(41.99766952286052, -87.69970642324591)"
LARAMIE AND FULLERTON,1424,5200 W FULLERTON AVENUE,05/07/2016,5,1141305.554932016,1915502.611239048,41.924215797,-87.756210755,"(41.92421579723144, -87.75621075458939)"
31ST ST AND MARTIN LUTHER KING DRIVE,2121,3100 S DR MARTIN L KING,05/07/2016,12,,,,,
75TH AND STATE,2621,7500 S STATE STREET,05/08/2016,24,1177538.763040612,1855235.551345519,41.758092176,-87.624902228,"(41.75809217638291, -87.6249022282473)"
HALSTED AND DIVISION,1714,800 W DIVISION,05/07/2016,18,1170767.827960358,1908259.644151662,41.903745557,-87.648167011,"(41.90374555734733, -87.64816701062779)"
ELSTON AND LAWRENCE,1282,4800 N ELSTON AVENUE,05/08/2016,7,1145529.344259918,1931501.601268983,41.968039361,-87.740283894,"(41.96803936143674, -87.74028389448999)"
CENTRAL AND ADDISON,1683,5600 W ADDISON STREET,05/08/2016,4,1138349.663302502,1923416.02157061,41.945985104,-87.766879952,"(41.94598510430888, -87.76687995165918)"
ASHLAND AND FULLERTON,1651,2400 N ASHLAND AVENUE,05/07/2016,9,1165228.073342838,1916032.319169157,41.92519389,-87.668294363,"(41.92519388981048, -87.66829436339881)"
HALSTED AND NORTH,1764,800 W NORTH AVENUE,05/08/2016,5,1170700.68422007,1910913.190749698,41.91102851,-87.648335806,"(41.91102850981186, -87.64833580602037)"
SACRAMENTO AND CHICAGO,1814,3000 W CHICAGO AVENUE,05/07/2016,8,1156075.266375505,1905216.604770718,41.895704525,-87.702218524,"(41.895704524946225, -87.70221852353758)"
79TH AND HALSTED,2541,7900 S HALSTED STREET,05/07/2016,5,1172298.707400847,1852444.344822186,41.750549559,-87.644188368,"(41.750549559438944, -87.64418836784098)"
35TH AND WESTERN,2092,3500 S WESTERN,05/08/2016,1,1160894.949857101,1881376.851112895,41.830187255,-87.685177925,"(41.83018725526863, -87.68517792510231)"
PULASKI AND IRVING PARK,1574,4000 W IRVING PARK RD,05/07/2016,8,1148988.727877253,1926320.954938409,41.953756874,-87.727698513,"(41.95375687447515, -87.72769851312907)"
75TH AND STATE,2624,1 E 75TH STREET,05/08/2016,10,1177601.72646404,1855229.486604181,41.758074111,-87.624671658,"(41.75807411097799, -87.62467165835182)"
VAN BUREN AND WESTERN,2054,2400 W VAN BUREN STREE,05/07/2016,8,,,,,
55TH AND KEDZIE,2162,5500 S KEDZIE AVENUE,05/08/2016,4,1155945.854705238,1867941.621374192,41.793420237,-87.703697508,"(41.793420236755864, -87.70369750845424)"
HALSTED AND MADISON,1871,1 S HALSTED STREET,05/08/2016,7,1171092.392868784,1900234.542088741,41.881717056,-87.647210539,"(41.88171705561901, -87.64721053920604)"
PETERSON AND WESTERN,1014,2400 W PETERSON,05/07/2016,7,1159214.211316277,1939825.301874586,41.99060901,-87.689735481,"(41.990609009807294, -87.68973548092968)"
WESTERN AND FOSTER,1074,2400 W FOSTER AVE,06/02/2017,9,1159379.402846887,1934502.712486132,41.97600019,-87.689275084,"(41.97600018976586, -87.68927508385399)"
PULASKI AND BELMONT,1382,3200 N PULASKI RD,05/08/2016,1,1149125.621478734,1920994.556178086,41.939138154,-87.72733371,"(41.939138153500274, -87.7273337101426)"
55TH AND KEDZIE,2162,5500 S KEDZIE AVENUE,05/07/2016,3,1155945.854705238,1867941.621374192,41.793420237,-87.703697508,"(41.793420236755864, -87.70369750845424)"
CENTRAL AND LAKE,1742,400 N CENTRAL AVENUE,05/07/2016,5,1138928.478257537,1902217.926149854,41.887804621,-87.765268498,"(41.88780462053497, -87.76526849810371)"
CICERO AND 47TH,2204,4800 W 47TH ST,06/02/2017,1,1145130.048925744,1873078.44198302,41.807727017,-87.743229366,"(41.80772701677172, -87.74322936566276)"
ASHLAND AND LAWRENCE,1143,1600 W LAWRENCE AVENUE,05/07/2016,5,1164771.946929007,1931988.254061312,41.968987457,-87.669516307,"(41.96898745654617, -87.66951630654926)"
87TH AND VINCENNES,2412,8700 S VINCENNES,05/08/2016,14,1172026.328989535,1847142.496643776,41.736006565,-87.645341819,"(41.73600656458518, -87.64534181897955)"
ASHLAND AND LAWRENCE,1143,1600 W LAWRENCE AVENUE,05/08/2016,5,1164771.946929007,1931988.254061312,41.968987457,-87.669516307,"(41.96898745654617, -87.66951630654926)"
WESTERN AND 79TH,2481,7900 S WESTERN AVE,05/08/2016,7,1161711.516404028,1852181.685686118,41.750054934,-87.682992203,"(41.750054933649984, -87.68299220290213)"
DIVISION AND DAMEN,1733,2000 W DIVISION,05/08/2016,9,1162815.710860194,1908034.672555531,41.903298793,-87.677383247,"(41.903298792681944, -87.67738324739636)"
PULASKI AND IRVING PARK,1572,4000 N PULASKI ROAD,05/07/2016,1,1148970.255325552,1926313.600468643,41.953737051,-87.727766612,"(41.95373705144353, -87.72776661179896)"
WENTWORTH AND GARFIELD,2264,200 W GARFIELD BLVD,05/07/2016,15,1175889.574397302,1868551.750512227,41.794670385,-87.630547476,"(41.79467038468937, -87.63054747605638)"
99TH AND HALSTED,2433,800 W 99TH ST,05/08/2016,16,1172710.642565684,1839246.330602143,41.714323337,-87.643066714,"(41.71432333701137, -87.64306671421937)"
55TH and PULASKI,2244,4000 W 55TH ST,05/08/2016,2,1150621.676903861,1867864.274865394,41.793313334,-87.723223038,"(41.79331333358753, -87.72322303812588)"
ASHLAND AND 87TH,2454,1600 W 87TH ST,05/08/2016,5,1167171.941297436,1847064.855345151,41.735898617,-87.663128781,"(41.735898617066006, -87.66312878090133)"
111TH AND HALSTED,2424,800 W 111TH ST,05/08/2016,6,1172945.404219168,1831282.917027882,41.692465363,-87.642440901,"(41.692465363421874, -87.64244090105778)"
CICERO AND CHICAGO,1781,800 N CICERO AVENUE,05/07/2016,5,1144169.162482127,1904893.189220372,41.895049038,-87.745955516,"(41.89504903796389, -87.74595551626888)"
WESTERN AND FULLERTON,1672,2400 N WESTERN AVENUE,06/02/2017,2,1159923.309342995,1915897.778561358,41.924935944,-87.687790255,"(41.92493594409127, -87.68779025471278)"
PULASKI AND DIVISION,1801,1200 N PULASKI ROAD,05/07/2016,3,1149459.590666926,1907723.219884254,41.902713902,-87.726451457,"(41.902713901936174, -87.72645145715836)"
79TH AND HALSTED,2541,7900 S HALSTED STREET,05/08/2016,6,1172298.707400847,1852444.344822186,41.750549559,-87.644188368,"(41.750549559438944, -87.64418836784098)"
COLUMBUS AND ILLINOIS,1952,500 N COLUMBUS DRIVE,05/08/2016,2,1178372.808407292,1903693.06016042,41.891044569,-87.620371839,"(41.891044569124276, -87.620371839074)"
WESTERN AND MARQUETTE,2672,6700 S WESTERN AVENUE,05/08/2016,2,1161488.747635042,1860134.788366884,41.771884028,-87.683588402,"(41.77188402771193, -87.68358840206334)"
PULASKI AND LAWRENCE,1172,4800 N PULASKI ROAD,05/08/2016,2,1148821.701520117,1931605.974570937,41.968262595,-87.728175316,"(41.968262595100775, -87.7281753157596)"
DAMEN AND FULLERTON,1663,2000 W FULLERTON AVE,05/08/2016,16,1162596.935552891,1915990.579747891,41.925134944,-87.677963546,"(41.92513494374925, -87.67796354553815)"
WESTERN AND FULLERTON,1671,2400 N WESTERN AVENUE,05/08/2016,12,1159923.309342995,1915897.778561358,41.924935944,-87.687790255,"(41.92493594409127, -87.68779025471278)"
35TH AND WESTERN,2091,3500 S WESTERN,05/08/2016,1,1160894.949857101,1881376.851112895,41.830187255,-87.685177925,"(41.83018725526863, -87.68517792510231)"
WESTERN AND ADDISON,1563,2400 W ADDISON,05/07/2016,2,1159719.041544334,1923878.577275797,41.946839991,-87.688320193,"(41.9468399910054, -87.68832019252964)"
WESTERN AND TOUHY,1251,7200 N WESTERN AVENUE,05/08/2016,3,1158975.66256211,1947754.286963361,42.012371335,-87.690393917,"(42.012371334791766, -87.69039391737863)"
PETERSON AND WESTERN,1014,2400 W PETERSON,05/08/2016,16,1159214.211316277,1939825.301874586,41.99060901,-87.689735481,"(41.990609009807294, -87.68973548092968)"
PULASKI AND FOSTER,1102,5200 N PULASKI RD,05/08/2016,4,1148746.251286324,1934286.914361976,41.97562074,-87.728383135,"(41.97562073966174, -87.72838313514907)"
PULASKI AND FOSTER,1104,4000 W FOSTER AVE,05/08/2016,6,1148759.16134887,1934294.249006446,41.975640616,-87.728335469,"(41.975640616231914, -87.72833546926573)"
WESTERN AND TOUHY,1252,7200 N WESTERN AVENUE,05/07/2016,2,1158975.66256211,1947754.286963361,42.012371335,-87.690393917,"(42.012371334791766, -87.69039391737863)"
CENTRAL AND DIVERSEY,1644,5600 W DIVERSEY AVENUE,05/07/2016,3,1138539.758528398,1918097.096677271,41.931385977,-87.766310532,"(41.93138597683265, -87.76631053155157)"
SHERIDAN AND FOSTER,1134,1000 W FOSTER AVE,05/08/2016,1,1168689.247756979,1934758.578141654,41.976505116,-87.655031882,"(41.97650511595711, -87.65503188224778)"
CICERO AND HARRISON,2023,4800 W HARRISON STREET,05/07/2016,6,1144451.867388303,1896949.561959463,41.873245464,-87.745117179,"(41.873245464379586, -87.7451171788807)"
IRVING PARK AND LARAMIE,1533,5200 W IRVING PARK ROA,05/07/2016,2,,,,,
CENTRAL AND FULLERTON,1442,2400 N CENTRAL AVENUE,05/08/2016,2,1138603.468418662,1915431.058212414,41.924068922,-87.766141214,"(41.92406892227644, -87.76614121413186)"
KOSTNER AND NORTH,2013,4400 W NORTH,05/08/2016,4,1146738.551618032,1910309.595368032,41.909863573,-87.736380296,"(41.90986357340246, -87.73638029605371)"
CORTLAND AND ASHLAND,1721,1900 N ASHLAND AVE,05/08/2016,31,1165348.084854857,1912736.454335569,41.916147281,-87.667947354,"(41.91614728095272, -87.66794735350443)"
AUSTIN AND IRVING PARK,1161,4000 N AUSTIN AVENUE,05/08/2016,3,1135599.956110927,1926006.862619986,41.953144059,-87.776925284,"(41.95314405904539, -87.77692528423394)"
ADDISON AND HARLEM,1591,3600 N HARLEM AVENUE,05/08/2016,1,1127394.594070737,1923110.532422811,41.945338412,-87.807154769,"(41.94533841246591, -87.80715476912044)"
HAMLIN AND LAKE,1881,300 N HAMLIN AVENUE,06/02/2017,4,1150970.026856642,1901381.688308858,41.885282636,-87.721069539,"(41.88528263580913, -87.72106953854511)"
LAWRENCE AND WESTERN,1193,2400 W LAWRENCE AVENUE,05/07/2016,5,1159482.648570304,1931851.989492596,41.968724349,-87.688968727,"(41.96872434882172, -87.68896872699601)"
DAMEN AND 63RD,2702,6300 S DAMEN AVENUE,06/02/2017,4,1164069.407943298,1862830.277442834,41.779226921,-87.674052731,"(41.77922692069256, -87.67405273137854)"
ASHLAND AND 95TH,2472,9500 S ASHLAND AVENUE,05/07/2016,5,1167295.830128711,1841695.121217916,41.721160612,-87.662828139,"(41.72116061205213, -87.66282813939165)"
WESTERN AND TOUHY,1252,7200 N WESTERN AVENUE,05/08/2016,2,1158975.66256211,1947754.286963361,42.012371335,-87.690393917,"(42.012371334791766, -87.69039391737863)"
31ST ST AND MARTIN LUTHER KING DRIVE,2121,3100 S DR MARTIN L KING,05/08/2016,8,,,,,
HALSTED AND MADISON,1872,1 N HALSTED STREET,05/07/2016,3,1171090.967986833,1900270.454015136,41.881815632,-87.647214717,"(41.88181563164203, -87.64721471704077)"
IRVING PARK AND KEDZIE,1353,3200 W IRVING PARK ROAD,05/07/2016,3,1154325.140302006,1926458.463197156,41.954029047,-87.708077494,"(41.95402904691877, -87.70807749383191)"
LARAMIE AND MADISON,2044,5200 W MADISON STREET,05/07/2016,19,1141706.965522802,1899567.55684314,41.880480752,-87.755130433,"(41.88048075170171, -87.75513043296509)"
MILWAUKEE AND MONTROSE,1364,5075 W MONTROSE AVENUE,05/07/2016,3,1141716.746618898,1928736.076639057,41.960522088,-87.754371424,"(41.96052208819935, -87.75437142402293)"
KEDZIE AND 63RD,2361,6300 S KEDZIE AVE,05/08/2016,2,1156097.505177228,1862668.051775093,41.77894575,-87.703283119,"(41.77894575017997, -87.70328311900342)"
PULASKI AND IRVING PARK,1574,4000 W IRVING PARK RD,06/02/2017,5,1148988.727877253,1926320.954938409,41.953756874,-87.727698513,"(41.95375687447515, -87.72769851312907)"
DAMEN AND DIVERSEY,1464,2000 W DIVERSEY PARKWAY,05/08/2016,2,1162519.714934025,1918635.417634925,41.932394164,-87.678173031,"(41.93239416403691, -87.67817303087757)"
BROADWAY/SHERIDAN AND DEVON,1123,1200 W DEVON AVE,05/07/2016,1,1167109.644248166,1942688.147952186,41.998298228,-87.660611661,"(41.99829822771884, -87.66061166063517)"
PULASKI AND IRVING PARK,1574,4000 W IRVING PARK RD,05/08/2016,10,1148988.727877253,1926320.954938409,41.953756874,-87.727698513,"(41.95375687447515, -87.72769851312907)"
ROOSEVELT AND KOSTNER,2323,4400 W ROOSEVELT,05/08/2016,7,1147200.963258796,1894379.538078088,41.866140868,-87.73508956,"(41.866140867641654, -87.73508956008207)"
HALSTED AND FULLERTON,1701,2400 N HALSTED STREET,05/08/2016,2,1170501.602639925,1916200.061550148,41.925540315,-87.648912156,"(41.925540315431995, -87.64891215551155)"
CICERO AND HARRISON,2022,600 S CICERO AVENUE,05/08/2016,8,1144444.97442848,1896894.622216872,41.873094833,-87.745143869,"(41.873094832519136, -87.74514386884542)"
PULASKI AND LAWRENCE,1173,4000 W LAWRENCE AVENUE,05/07/2016,3,1148844.220085601,1931638.45430438,41.968351285,-87.728091672,"(41.96835128527914, -87.72809167198088)"
KEDZIE AND 47TH,2104,3200 W 47TH ST,05/08/2016,6,1155815.231505056,1873336.169728074,41.808226246,-87.704031672,"(41.808226246244026, -87.70403167215984)"
ASHLAND AND IRVING PARK,1151,4000 N ASHLAND AVENUE,05/08/2016,2,1164899.463802581,1926665.661118925,41.954379326,-87.66919912,"(41.954379326212695, -87.66919911980419)"
KEDZIE AND 71ST,2352,7100 S KEDZIE AVENUE,05/07/2016,4,1156225.540366296,1857330.103443232,41.764295037,-87.702957162,"(41.764295036756856, -87.70295716211793)"
HALSTED AND FULLERTON,1704,800 W FULLERTON AVENUE,05/07/2016,6,1170525.624723311,1916208.443992778,41.925562791,-87.648823641,"(41.92556279107417, -87.64882364145232)"
HALSTED AND 103RD,2593,800 W 103RD STREET,03/31/2017,1,1172778.570616036,1836587.755252818,41.70702632,-87.642896007,"(41.707026319812215, -87.64289600741817)"
WESTERN AND CHICAGO,1941,800 N WESTERN AVE,06/02/2017,5,1160220.967978608,1905277.507115921,41.895786955,-87.686990586,"(41.89578695485361, -87.68699058611217)"
FOSTER AND NAGLE,1034,6400 W FOSTER,05/08/2016,1,1132552.893142153,1934229.875527466,41.975762574,-87.787934296,"(41.97576257447203, -87.7879342955108)"
RIDGE AND CLARK,1052,5930 N CLARK STREET,06/02/2017,1,1164554.784723473,1939388.511516442,41.98929863,-87.670104121,"(41.98929863013193, -87.67010412112992)"
ELSTON AND ADDISON,1402,3600 N ELSTON AVE,06/02/2017,7,1154106.95251778,1923731.036211081,41.946549165,-87.708952626,"(41.94654916480637, -87.70895262603513)"
63RD AND STATE,2712,6300 S STATE ST,05/08/2016,6,1177303.801895084,1863220.216755923,41.780008277,-87.625522512,"(41.78000827740796, -87.6255225119157)"
CICERO AND ADDISON,1612,3600 N CICERO AVENUE,05/07/2016,6,1143698.904601495,1923517.005821035,41.946163524,-87.747215169,"(41.94616352362556, -87.74721516897007)"
DIVERSEY AND WESTERN,1431,2800 N WESTERN AVENUE,05/07/2016,5,1159837.205417355,1918550.506189309,41.932216988,-87.688033281,"(41.93221698794738, -87.68803328089533)"
CANAL AND ROOSEVELT,2294,500 W ROOSEVELT ROAD,05/07/2016,20,1173290.72186561,1895021.166235495,41.867362693,-87.639293195,"(41.867362692616666, -87.63929319464197)"
STONEY ISLAND AND 79TH,2462,7900 S STONEY ISLAND,05/08/2016,4,1188181.571068297,1852908.934789311,41.751460603,-87.585971993,"(41.75146060316686, -87.5859719929647)"
FOSTER AND BROADWAY,1113,1200 W FOSTER AVE,05/07/2016,3,1167357.095930752,1934721.393266777,41.97643192,-87.659931806,"(41.97643192018459, -87.65993180604016)"
VAN BUREN AND WESTERN,2052,400 S WESTERN AVENUE,05/07/2016,52,1160431.682297829,1898091.942371589,41.876064776,-87.686415631,"(41.87606477642526, -87.68641563098768)"
CICERO AND DIVERSEY,1694,4800 W DIVERSEY AVENUE,05/08/2016,3,1143869.848167704,1918226.043989398,41.93164142,-87.746719911,"(41.93164142040689, -87.7467199106462)"
PULASKI AND ARMITAGE,1843,4000 W ARMITAGE AVENUE,05/08/2016,2,1149375.428872108,1913028.984273181,41.917275069,-87.726622746,"(41.91727506940875, -87.72662274644799)"
VAN BUREN AND WESTERN,2054,2400 W VAN BUREN STREE,06/02/2017,18,,,,,
ROOSEVELT AND PULASKI,2314,4000 W ROOSEVELT ROAD,06/02/2017,7,1149885.032049683,1894449.464076882,41.866281003,-87.72523422,"(41.866281002664536, -87.72523421983905)"
ARCHER AND CICERO,2081,5200 S CICERO AVE,05/07/2016,44,1145195.931989777,1869737.708306623,41.798558278,-87.743071866,"(41.798558278193305, -87.74307186616427)"
ASHLAND AND 87TH,2452,8700 S ASHLAND AVE,05/07/2016,5,1167150.470087748,1846991.212339794,41.735696989,-87.663209544,"(41.73569698863625, -87.66320954445679)"
WESTERN AND NORTH,1851,1600 N WESTERN AVE,05/08/2016,4,1160077.474351131,1910605.013316134,41.910409024,-87.687370268,"(41.91040902362901, -87.687370268401)"
CALIFORNIA AND DIVERSEY,1514,2800 W DIVERSEY,05/08/2016,50,1157212.54253358,1918526.674434943,41.932205395,-87.697679244,"(41.93220539506452, -87.6976792438691)"
IRVING PARK AND KEDZIE,1353,3200 W IRVING PARK ROAD,05/08/2016,3,1154325.140302006,1926458.463197156,41.954029047,-87.708077494,"(41.95402904691877, -87.70807749383191)"
CENTRAL AND BELMONT,1604,5600 W BELMONT AVENUE,05/08/2016,1,1138453.617438343,1920755.972768412,41.938683775,-87.766562494,"(41.93868377475747, -87.76656249384537)"
MILWAUKEE AND MONTROSE,1364,5075 W MONTROSE AVENUE,05/08/2016,4,1141716.746618898,1928736.076639057,41.960522088,-87.754371424,"(41.96052208819935, -87.75437142402293)"
55TH AND WESTERN,2213,2400 W 55TH STREET,05/07/2016,1,1161277.012730599,1868185.749490228,41.793981347,-87.684141741,"(41.7939813465735, -87.68414174128355)"
KIMBALL AND DIVERSEY,1583,3400 W DIVERSEY AVENUE,05/07/2016,3,1153211.149172713,1918454.477800566,41.932087747,-87.71238583,"(41.932087747378944, -87.71238582951281)"
ELSTON AND LAWRENCE,1282,4800 N ELSTON AVENUE,05/07/2016,2,1145529.344259918,1931501.601268983,41.968039361,-87.740283894,"(41.96803936143674, -87.74028389448999)"
KEDZIE AND 71ST,2352,7100 S KEDZIE AVENUE,05/08/2016,3,1156225.540366296,1857330.103443232,41.764295037,-87.702957162,"(41.764295036756856, -87.70295716211793)"
MONTROSE AND WESTERN,1224,2400 W MONTROSE AVENUE,05/07/2016,3,1159562.971802959,1929191.337701253,41.961421726,-87.68874698,"(41.961421726406314, -87.68874697983858)"
STONEY ISLAND AND 79TH,2462,7900 S STONEY ISLAND,05/07/2016,6,1188181.571068297,1852908.934789311,41.751460603,-87.585971993,"(41.75146060316686, -87.5859719929647)"
COLUMBUS AND ILLINOIS,1952,500 N COLUMBUS DRIVE,05/07/2016,9,1178372.808407292,1903693.06016042,41.891044569,-87.620371839,"(41.891044569124276, -87.620371839074)"
79TH AND KEDZIE,2443,3200 W 79TH ST,05/08/2016,7,1156402.644780165,1852104.649370984,41.749952001,-87.702448478,"(41.74995200142266, -87.70244847808695)"
HARLEM AND BELMONT,1391,3200 N HARLEM AVE,05/07/2016,10,1127481.020995451,1920467.613239239,41.938084468,-87.806896749,"(41.93808446822169, -87.80689674887883)"
HAMLIN AND MADISON,1903,3800 W MADISON STREET,05/07/2016,11,1151032.709141294,1899784.033986533,41.880897273,-87.720881226,"(41.880897273491264, -87.72088122613924)"
DIVISION AND DAMEN,1733,2000 W DIVISION,05/07/2016,10,1162815.710860194,1908034.672555531,41.903298793,-87.677383247,"(41.903298792681944, -87.67738324739636)"
STONY ISLAND/CORNELL AND 67TH,2721,6700 S STONY ISLAND A,05/08/2016,6,1187984.143047539,1860863.338367666,41.773292896,-87.586442368,"(41.77329289585066, -87.58644236831432)"
HAMLIN AND LAKE,1881,300 N HAMLIN AVENUE,05/08/2016,4,1150970.026856642,1901381.688308858,41.885282636,-87.721069539,"(41.88528263580913, -87.72106953854511)"
CICERO AND PETERSON,1202,6000 N CICERO AVENUE,05/07/2016,4,1143247.733553094,1939479.342905704,41.989973915,-87.748473024,"(41.98997391514614, -87.74847302426933)"
PULASKI AND FOSTER,1104,4000 W FOSTER AVE,06/02/2017,7,1148759.16134887,1934294.249006446,41.975640616,-87.728335469,"(41.975640616231914, -87.72833546926573)"
111TH AND HALSTED,2422,11100 S HALSTED ST,05/08/2016,11,1172923.657689312,1831209.044179248,41.692263123,-87.642522688,"(41.692263123425136, -87.6425226876268)"
PULASKI AND NORTH,1994,4000 W NORTH AVENUE,05/08/2016,2,1149456.2688422,1910376.774019002,41.909995582,-87.726394693,"(41.90999558160536, -87.72639469321471)"
79TH AND HALSTED,2543,800 W 79TH STREET,06/02/2017,2,1172320.105719411,1852517.9814434,41.750751157,-87.644107793,"(41.75075115747316, -87.64410779300933)"
JEFFERY AND 95TH,2523,2000 E 95TH ST,05/08/2016,5,1191188.381103057,1842410.411853539,41.722579473,-87.575292523,"(41.722579473126416, -87.57529252250366)"
IRVING PARK AND LARAMIE,1533,5200 W IRVING PARK ROA,06/02/2017,5,,,,,
ROOSEVELT AND KOSTNER,2323,4400 W ROOSEVELT,05/07/2016,3,1147200.963258796,1894379.538078088,41.866140868,-87.73508956,"(41.866140867641654, -87.73508956008207)"
LAKE SHORE DR AND BELMONT,1412,3200 N LAKESHORE DRIV,05/08/2016,13,1173053.220555078,1921821.380831705,41.940909163,-87.63936916,"(41.94090916326764, -87.63936915995522)"
PULASKI AND DIVISION,1802,1200 N PULASKI ROAD,05/07/2016,2,1149459.590666926,1907723.219884254,41.902713902,-87.726451457,"(41.902713901936174, -87.72645145715836)"
WESTERN AND FULLERTON,1672,2400 N WESTERN AVENUE,05/07/2016,1,1159923.309342995,1915897.778561358,41.924935944,-87.687790255,"(41.92493594409127, -87.68779025471278)"
ADDISON AND HARLEM,1591,3600 N HARLEM AVENUE,05/07/2016,10,1127394.594070737,1923110.532422811,41.945338412,-87.807154769,"(41.94533841246591, -87.80715476912044)"
55TH AND KEDZIE,2163,3200 W 55TH STREET,05/08/2016,1,1155966.956993183,1868015.593764152,41.793622803,-87.703618141,"(41.79362280329978, -87.70361814062049)"
KEDZIE AND 63RD,2364,3200 W 63RD ST,05/07/2016,2,1156103.348831225,1862717.565210739,41.779081505,-87.703260365,"(41.77908150488341, -87.70326036544745)"
HOMAN/KIMBALL AND NORTH,1773,3400 W NORTH AVE,05/08/2016,13,1153386.578905125,1910465.87061722,41.910162847,-87.711953868,"(41.91016284680269, -87.71195386769125)"
FOSTER AND NAGLE,1031,5200 N NAGLE,05/07/2016,5,1132529.656558223,1934201.702060651,41.97568567,-87.788020406,"(41.97568566971868, -87.78802040620296)"
LARAMIE AND MADISON,2043,5200 W MADISON STREET,05/08/2016,13,1141706.965522802,1899567.55684314,41.880480752,-87.755130433,"(41.88048075170171, -87.75513043296509)"
CANAL AND ROOSEVELT,2294,500 W ROOSEVELT ROAD,05/08/2016,13,1173290.72186561,1895021.166235495,41.867362693,-87.639293195,"(41.867362692616666, -87.63929319464197)"
HAMLIN AND LAKE,1882,300 N HAMLIN AVENUE,05/07/2016,4,1150970.026856642,1901381.688308858,41.885282636,-87.721069539,"(41.88528263580913, -87.72106953854511)"
CICERO AND 47TH,2204,4800 W 47TH ST,05/08/2016,10,1145130.048925744,1873078.44198302,41.807727017,-87.743229366,"(41.80772701677172, -87.74322936566276)"
HALSTED AND NORTH,1761,1600 N HALSTED STREET,05/07/2016,4,1170678.283433825,1910880.991397547,41.910940644,-87.648419043,"(41.91094064391597, -87.64841904272998)"
IRVING PARK AND KILPATRICK,2763,4700 W IRVING PARK ROA,05/08/2016,6,,,,,
KEDZIE AND 31ST,2132,3100 S KEDZIE AVENUE,05/07/2016,4,1155483.167539854,1883867.660503274,41.837132671,-87.704967115,"(41.837132671422296, -87.70496711478727)"
CHICAGO AND CLARK,1964,100 W CHICAGO AVENUE,05/07/2016,10,1175374.528739575,1905745.47783364,41.896744347,-87.631321248,"(41.896744346875806, -87.63132124815151)"
IRVING PARK AND NARRAGANSETT,1024,6400 W IRVING PK,05/07/2016,3,1132945.939118726,1925946.304925137,41.953024751,-87.786683238,"(41.95302475075328, -87.78668323766634)"
KEDZIE AND ARMITAGE,1834,3200 W ARMITAGE AVENUE,05/08/2016,2,1154700.851347995,1913153.252187904,41.917511023,-87.707053639,"(41.91751102291878, -87.7070536388797)"
CORTLAND AND ASHLAND,1723,1600 W CORTLAND ST,05/08/2016,8,1165377.660768235,1912768.773647285,41.916235337,-87.667837772,"(41.91623533746878, -87.66783777212962)"
LARAMIE AND FULLERTON,1421,2400 N LARAMIE AVENUE,05/07/2016,1,1141282.877477884,1915479.163971956,41.924151874,-87.756294662,"(41.92415187425276, -87.75629466175003)"
CICERO AND NORTH,2034,4800 W NORTH AVENUE,05/07/2016,1,1144053.733747163,1910243.80567041,41.90973389,-87.746244973,"(41.909733890131285, -87.74624497295898)"
COTTAGE GROVE AND 71ST,2572,7100 S COTTAGE GROVE,06/02/2017,5,1182746.23698699,1858088.011064538,41.765800351,-87.605729127,"(41.76580035131893, -87.6057291269901)"
KEDZIE AND 71ST,2354,3200 W 71ST STREET,05/07/2016,7,1156246.862901455,1857404.014959868,41.764497433,-87.702877023,"(41.76449743256955, -87.70287702335861)"
DIVERSEY AND AUSTIN,1454,6000 W DIVERSEY AVENUE,06/02/2017,1,1135895.736169343,1918029.70673837,41.931248624,-87.776028612,"(41.931248623643455, -87.77602861172493)"
ARCHER AND CICERO,2081,5200 S CICERO AVE,06/02/2017,21,1145195.931989777,1869737.708306623,41.798558278,-87.743071866,"(41.798558278193305, -87.74307186616427)"
PULASKI AND PETERSON,1262,6000 N PULASKI ROAD,05/07/2016,2,1148598.016685695,1939584.645960177,41.990160923,-87.728790748,"(41.99016092280557, -87.72879074759867)"
DAMEN AND 63RD,2701,6300 S DAMEN AVENUE,05/08/2016,3,1164069.407943298,1862830.277442834,41.779226921,-87.674052731,"(41.77922692069256, -87.67405273137854)"
LASALLE AND KINZIE,1921,400 N LASALLE,05/08/2016,4,1175028.579766798,1903002.552291359,41.889225372,-87.632674115,"(41.88922537162015, -87.63267411498495)"
STATE AND 79TH,2654,1 E 79TH STREET,05/07/2016,39,1177680.113652821,1852598.313477786,41.750852096,-87.624463832,"(41.75085209551078, -87.62446383210285)"
99TH AND HALSTED,2431,9900 S HALSTED ST,05/07/2016,17,1172689.754200318,1839171.652197216,41.714118868,-87.643145408,"(41.714118868089905, -87.64314540818165)"
IRVING PARK AND NARRAGANSETT,1023,6400 W IRVING PK,05/08/2016,3,1132945.939118726,1925946.304925137,41.953024751,-87.786683238,"(41.95302475075328, -87.78668323766634)"
55TH AND WESTERN,2212,5500 S WESTERN AVE,05/07/2016,7,1161269.521335262,1867963.111601251,41.793370554,-87.684175377,"(41.79337055433029, -87.6841753767592)"
HARLEM AND BELMONT,1394,7200 W BELMONT AVE,05/08/2016,2,1127504.698153561,1920475.415440844,41.938105479,-87.806809552,"(41.93810547939496, -87.80680955240743)"
CENTRAL AND LAKE,1743,5600 W LAKE STREET,05/08/2016,2,1138951.495695032,1902230.510465733,41.887838735,-87.765183663,"(41.887838735330206, -87.76518366338465)"
DAMEN AND DIVERSEY,1464,2000 W DIVERSEY PARKWAY,05/07/2016,4,1162519.714934025,1918635.417634925,41.932394164,-87.678173031,"(41.93239416403691, -87.67817303087757)"
KEDZIE AND 47TH,2104,3200 W 47TH ST,06/02/2017,3,1155815.231505056,1873336.169728074,41.808226246,-87.704031672,"(41.808226246244026, -87.70403167215984)"
CENTRAL AND DIVERSEY,1642,2800 N CENTRAL AVENUE,05/07/2016,1,1138516.407377375,1918089.499227987,41.931365552,-87.766396529,"(41.93136555236339, -87.76639652879172)"
COLUMBUS AND ILLINOIS,1951,500 N COLUMBUS DRIVE,05/07/2016,12,1178372.808407292,1903693.06016042,41.891044569,-87.620371839,"(41.891044569124276, -87.620371839074)"
WENTWORTH AND GARFIELD,2261,5500 S WENTWORTH AVEN,05/07/2016,29,,,,,
55TH and PULASKI,2242,5500 S PULASKI,05/07/2016,1,1150600.072649439,1867806.44512718,41.793155061,-87.723303765,"(41.793155060731024, -87.72330376464247)"
HALSTED AND MADISON,1872,1 N HALSTED STREET,05/08/2016,3,1171090.967986833,1900270.454015136,41.881815632,-87.647214717,"(41.88181563164203, -87.64721471704077)"
CICERO AND PETERSON,1204,4800 W PETERSON AVENUE,05/07/2016,2,1143273.766829016,1939491.944645127,41.990008007,-87.748376951,"(41.99000800729908, -87.74837695118997)"
SHERIDAN AND FOSTER,1132,5200 N SHERIDAN ROAD,05/08/2016,3,1168661.623718229,1934753.842272756,41.976492721,-87.655133605,"(41.97649272077833, -87.65513360456677)"
DIVERSEY AND WESTERN,1431,2800 N WESTERN AVENUE,05/08/2016,5,1159837.205417355,1918550.506189309,41.932216988,-87.688033281,"(41.93221698794738, -87.68803328089533)"
PULASKI AND ARCHER,2153,5000 S ARCHER AVE,05/08/2016,3,1150501.818909837,1871162.311703322,41.802365973,-87.723576766,"(41.80236597333895, -87.72357676611004)"
CENTRAL AND CHICAGO,1972,800 N CENTRAL AVENUE,06/02/2017,3,1138836.562608552,1904801.732832435,41.894896579,-87.765543258,"(41.89489657939746, -87.76554325845893)"
WESTERN AND FOSTER,1072,5200 N WESTERN AVE,05/08/2016,3,1159372.922497116,1934478.313674003,41.975933372,-87.689299589,"(41.97593337199358, -87.6892995891816)"
CENTRAL AND ADDISON,1682,3600 N CENTRAL AVENUE,05/08/2016,2,1138343.117435682,1923392.067464765,41.945919491,-87.766904594,"(41.945919490555106, -87.76690459426293)"
MONTROSE AND WESTERN,1221,4400 N WESTERN AVENUE,05/08/2016,14,1159539.733234718,1929183.918095502,41.961401846,-87.688832623,"(41.961401846278505, -87.6888326227788)"
CICERO AND HARRISON,2022,600 S CICERO AVENUE,05/07/2016,4,1144444.97442848,1896894.622216872,41.873094833,-87.745143869,"(41.873094832519136, -87.74514386884542)"
KOSTNER AND NORTH,2013,4400 W NORTH,05/07/2016,8,1146738.551618032,1910309.595368032,41.909863573,-87.736380296,"(41.90986357340246, -87.73638029605371)"
WESTERN AND DEVON,1211,6400 N WESTERN AVENUE,05/07/2016,1,1159113.585759434,1942451.622367891,41.997817807,-87.690033035,"(41.997817807026, -87.69003303469276)"
115TH AND HALSTED,2553,800 W 115TH STREET,05/08/2016,4,1173010.735357888,1828632.242070332,41.685190056,-87.642279564,"(41.68519005571938, -87.64227956401977)"
99TH AND HALSTED,2433,800 W 99TH ST,05/07/2016,22,1172710.642565684,1839246.330602143,41.714323337,-87.643066714,"(41.71432333701137, -87.64306671421937)"
ELSTON AND IRVING PARK,1502,4000 N ELSTON AVENUE,05/08/2016,1,1151273.974828198,1926311.849469842,41.953687266,-87.719297882,"(41.95368726563273, -87.71929788151473)"
HARLEM AND BELMONT,1394,7200 W BELMONT AVE,05/07/2016,4,1127504.698153561,1920475.415440844,41.938105479,-87.806809552,"(41.93810547939496, -87.80680955240743)"
FULLERTON AND NARRAGANSETT,1554,6400 W FULLERTON AVENU,05/07/2016,13,1133317.594499059,1915293.661305931,41.923786189,-87.785567206,"(41.92378618871128, -87.78556720562165)"
AUSTIN AND IRVING PARK,1161,4000 N AUSTIN AVENUE,05/07/2016,2,1135599.956110927,1926006.862619986,41.953144059,-87.776925284,"(41.95314405904539, -87.77692528423394)"
COLUMBUS AND ILLINOIS,1951,500 N COLUMBUS DRIVE,06/02/2017,9,1178372.808407292,1903693.06016042,41.891044569,-87.620371839,"(41.891044569124276, -87.620371839074)"
HALSTED AND 103RD,2593,800 W 103RD STREET,05/07/2016,6,1172778.570616036,1836587.755252818,41.70702632,-87.642896007,"(41.707026319812215, -87.64289600741817)"
JEFFERY AND 95TH,2522,9500 S JEFFERY AVE,05/07/2016,4,1191132.420601301,1842335.735988875,41.722375907,-87.575499903,"(41.72237590704101, -87.57549990332795)"
55TH and PULASKI,2242,5500 S PULASKI,06/02/2017,4,1150600.072649439,1867806.44512718,41.793155061,-87.723303765,"(41.793155060731024, -87.72330376464247)"
WESTERN AND TOUHY,1252,7200 N WESTERN AVENUE,06/02/2017,1,1158975.66256211,1947754.286963361,42.012371335,-87.690393917,"(42.012371334791766, -87.69039391737863)"
ASHLAND AND IRVING PARK,1153,1600 W IRVING PARK ROA,05/07/2016,5,,,,,
STONY ISLAND/CORNELL AND 67TH,2721,6700 S STONY ISLAND A,06/02/2017,10,1187984.143047539,1860863.338367666,41.773292896,-87.586442368,"(41.77329289585066, -87.58644236831432)"
WESTERN AND FOSTER,1074,2400 W FOSTER AVE,05/08/2016,7,1159379.402846887,1934502.712486132,41.97600019,-87.689275084,"(41.97600018976586, -87.68927508385399)"
COTTAGE GROVE AND 71ST,2572,7100 S COTTAGE GROVE,05/07/2016,4,1182746.23698699,1858088.011064538,41.765800351,-87.605729127,"(41.76580035131893, -87.6057291269901)"
CERMAK AND PULASKI,2334,4000 W CERMAK,05/07/2016,9,1150018.476053666,1889120.238540361,41.851654369,-87.724882975,"(41.85165436867626, -87.7248829753078)"
STONEY ISLAND AND 76TH,2632,7600 S STONY ISLAND A,05/08/2016,14,1188092.796191935,1854889.354158304,41.756897173,-87.586234285,"(41.75689717260223, -87.58623428506996)"
WESTERN AND DEVON,1212,6400 N WESTERN AVENUE,05/08/2016,5,1159113.585759434,1942451.622367891,41.997817807,-87.690033035,"(41.997817807026, -87.69003303469276)"
CICERO AND 47TH,2202,4700 S CICERO AVE,05/08/2016,1,1145112.150373471,1873006.659918126,41.807530373,-87.743296821,"(41.80753037289406, -87.7432968212423)"
ROOSEVELT AND PULASKI,2311,1200 S PULASKI ROAD,05/07/2016,8,1149866.002247864,1894375.839200384,41.866079337,-87.725305995,"(41.86607933722178, -87.7253059948758)"
31ST ST AND MARTIN LUTHER KING DRIVE,2123,400 E 31ST STREET,05/07/2016,1,1179437.985396417,1884565.84226022,41.838534018,-87.617046113,"(41.838534018118914, -87.61704611345726)"
CENTRAL AND FULLERTON,1442,2400 N CENTRAL AVENUE,05/07/2016,1,1138603.468418662,1915431.058212414,41.924068922,-87.766141214,"(41.92406892227644, -87.76614121413186)"
IRVING PARK AND CALIFORNIA,1234,2800 W IRVING PARK ROA,05/08/2016,4,,,,,
PULASKI AND PETERSON,1262,6000 N PULASKI ROAD,05/08/2016,1,1148598.016685695,1939584.645960177,41.990160923,-87.728790748,"(41.99016092280557, -87.72879074759867)"
LASALLE AND KINZIE,1923,140 W KINZIE,05/08/2016,2,1175048.09765242,1903028.894760294,41.889297219,-87.632601648,"(41.88929721947309, -87.63260164817305)"
HAMLIN AND MADISON,1901,0 N HAMLIN BOULEVARD,05/08/2016,9,,,,,
119TH AND HALSTED,2404,800 W 119TH STREET,06/02/2017,4,1173111.174088158,1825985.001014405,41.677923389,-87.641989646,"(41.677923389134385, -87.64198964584013)"
WESTERN AND CERMAK,1003,2400 W CERMAK ROAD,05/07/2016,2,1160678.000607329,1889375.645335924,41.852141307,-87.685752642,"(41.85214130680468, -87.6857526415569)"
CALIFORNIA AND DEVON,1323,2800 W DEVON AVENUE,05/08/2016,2,1156484.528078038,1942377.980662191,41.997669523,-87.699706423,"(41.99766952286052, -87.69970642324591)"
HOMAN/KIMBALL AND NORTH,1771,1600 N HOMAN AVENUE,05/07/2016,2,,,,,
ASHLAND AND IRVING PARK,1153,1600 W IRVING PARK ROA,05/08/2016,3,,,,,
CLARK AND IRVING PARK,1093,1300 W IRVING PARK ROAD,05/08/2016,3,1166777.545456989,1926719.73687357,41.954487567,-87.662293496,"(41.95448756687966, -87.66229349585691)"
WESTERN AND 79TH,2484,2400 W 79TH ST,05/07/2016,2,1161758.68085177,1852242.255513454,41.750220168,-87.682817693,"(41.75022016799851, -87.68281769253687)"
CERMAK AND PULASKI,2332,2200 S PULASKI,05/08/2016,5,1150012.876838243,1889071.75851865,41.851521442,-87.724904787,"(41.85152144233116, -87.7249047867499)"
DAMEN AND 63RD,2701,6300 S DAMEN AVENUE,05/07/2016,5,1164069.407943298,1862830.277442834,41.779226921,-87.674052731,"(41.77922692069256, -87.67405273137854)"
STONEY ISLAND AND 79TH,2464,1600 E 79TH ST,05/07/2016,5,1188284.704439907,1852964.829047574,41.751611523,-87.585592284,"(41.75161152327319, -87.58559228428787)"
HOMAN/KIMBALL AND NORTH,1773,3400 W NORTH AVE,05/07/2016,11,1153386.578905125,1910465.87061722,41.910162847,-87.711953868,"(41.91016284680269, -87.71195386769125)"
ROOSEVELT AND HALSTED,2234,800 W ROOSEVELT ROAD,05/07/2016,34,1171199.282357741,1894968.056393724,41.867263098,-87.646972686,"(41.86726309836901, -87.64697268601648)"
HOLLYWOOD AND SHERIDAN,1344,1000 W HOLLYWOOD AVE,06/02/2017,8,1168580.228926466,1938090.295189338,41.985649799,-87.655335807,"(41.98564979859328, -87.65533580655139)"
OGDEN AND KOSTNER,2222,2348 S KOSTNER AVENUE,05/07/2016,8,1147394.548182079,1887795.177782082,41.848068845,-87.734547457,"(41.8480688449598, -87.73454745748458)"
ASHLAND AND DIVISION,1791,1200 N ASHLAND AVENUE,05/07/2016,6,1165466.997046718,1908083.767015974,41.903377468,-87.667643142,"(41.903377467566784, -87.66764314227497)"
31ST ST AND MARTIN LUTHER KING DRIVE,2123,400 E 31ST STREET,05/08/2016,6,1179437.985396417,1884565.84226022,41.838534018,-87.617046113,"(41.838534018118914, -87.61704611345726)"
CICERO AND WASHINGTON,1892,100 N CICERO AVENUE,05/07/2016,7,1144328.984091479,1900095.170838459,41.88187971,-87.745489247,"(41.88187970991601, -87.7454892473012)"
CLARK AND IRVING PARK,1091,4000 N CLARK STREET,05/07/2016,5,1166736.149822904,1926699.323624709,41.954432441,-87.662446259,"(41.95443244141688, -87.66244625914061)"
STATE AND 79TH,2651,7900 S STATE STREET,05/07/2016,6,1177618.166929966,1852621.870232838,41.750918138,-87.624690123,"(41.7509181383154, -87.62469012251644)"
PERSHING AND WESTERN,2112,3900 S WESTERN BLVD,05/08/2016,6,1161130.992078755,1878746.226354636,41.822963628,-87.684384785,"(41.82296362788048, -87.68438478541296)"
WESTERN AND 79TH,2484,2400 W 79TH ST,05/08/2016,2,1161758.68085177,1852242.255513454,41.750220168,-87.682817693,"(41.75022016799851, -87.68281769253687)"
55TH AND WESTERN,2212,5500 S WESTERN AVE,05/08/2016,12,1161269.521335262,1867963.111601251,41.793370554,-87.684175377,"(41.79337055433029, -87.6841753767592)"
CANAL AND ROOSEVELT,2291,1200 S CANAL STREET,05/07/2016,6,1173268.771030949,1894952.634878732,41.867175125,-87.639375813,"(41.86717512472001, -87.63937581258092)"
CENTRAL AND IRVING PARK,1183,5600 W IRVING PARK ROAD,05/07/2016,1,1138281.535484986,1926078.647777633,41.953292847,-87.767065708,"(41.953292847298, -87.76706570775266)"
CICERO AND PETERSON,1204,4800 W PETERSON AVENUE,05/08/2016,2,1143273.766829016,1939491.944645127,41.990008007,-87.748376951,"(41.99000800729908, -87.74837695118997)"
STONEY ISLAND AND 79TH,2461,7900 S SOUTH CHICAGO AVE,05/07/2016,1,1188274.655498937,1852865.685797892,41.751339705,-87.585632266,"(41.751339704589455, -87.58563226565187)"
HOLLYWOOD AND SHERIDAN,1343,1000 W HOLLYWOOD AVE,05/07/2016,8,1168580.228926466,1938090.295189338,41.985649799,-87.655335807,"(41.98564979859328, -87.65533580655139)"
KIMBALL AND DIVERSEY,1581,2800 N KIMBALL AVENUE,05/08/2016,7,,,,,
STONEY ISLAND AND 76TH,2632,7600 S STONY ISLAND A,05/07/2016,9,1188092.796191935,1854889.354158304,41.756897173,-87.586234285,"(41.75689717260223, -87.58623428506996)"
ROOSEVELT AND KOSTNER,2321,1200 S KOSTNER,05/08/2016,7,1147196.304001978,1894305.883269746,41.865938839,-87.735108549,"(41.8659388389088, -87.73510854901264)"
HALSTED AND NORTH,1761,1600 N HALSTED STREET,05/08/2016,6,1170678.283433825,1910880.991397547,41.910940644,-87.648419043,"(41.91094064391597, -87.64841904272998)"
KEDZIE AND ARMITAGE,1832,2000 N KEDZIE AVENUE,05/07/2016,7,1154684.031809326,1913129.496340896,41.917446172,-87.707116072,"(41.91744617191702, -87.70711607187832)"
LAKE SHORE DR AND BELMONT,1412,3200 N LAKESHORE DRIV,05/07/2016,12,1173053.220555078,1921821.380831705,41.940909163,-87.63936916,"(41.94090916326764, -87.63936915995522)"
CLARK AND IRVING PARK,1091,4000 N CLARK STREET,05/08/2016,1,1166736.149822904,1926699.323624709,41.954432441,-87.662446259,"(41.95443244141688, -87.66244625914061)"
SHERIDAN AND FOSTER,1132,5200 N SHERIDAN ROAD,05/07/2016,3,1168661.623718229,1934753.842272756,41.976492721,-87.655133605,"(41.97649272077833, -87.65513360456677)"
SACRAMENTO AND LAKE,1822,150 N SACRAMENTO BOUL,05/08/2016,6,1156319.560664766,1900957.489351962,41.884012178,-87.701436479,"(41.88401217771363, -87.7014364786693)"
VAN BUREN AND WESTERN,2052,400 S WESTERN AVENUE,05/08/2016,52,1160431.682297829,1898091.942371589,41.876064776,-87.686415631,"(41.87606477642526, -87.68641563098768)"
CENTRAL AND CHICAGO,1972,800 N CENTRAL AVENUE,05/08/2016,6,1138836.562608552,1904801.732832435,41.894896579,-87.765543258,"(41.89489657939746, -87.76554325845893)"
IRVING PARK AND NARRAGANSETT,1023,6400 W IRVING PK,05/07/2016,1,1132945.939118726,1925946.304925137,41.953024751,-87.786683238,"(41.95302475075328, -87.78668323766634)"
BELMONT AND KEDZIE,1373,3200 W BELMONT,05/07/2016,2,1154461.587940363,1921143.091003516,41.939440561,-87.707718516,"(41.93944056117365, -87.70771851630873)"
IRVING PARK AND KEDZIE,1354,3200 W IRVING PARK ROAD,05/07/2016,6,1154325.140302006,1926458.463197156,41.954029047,-87.708077494,"(41.95402904691877, -87.70807749383191)"
HOLLYWOOD AND SHERIDAN,1343,1000 W HOLLYWOOD AVE,05/08/2016,5,1168580.228926466,1938090.295189338,41.985649799,-87.655335807,"(41.98564979859328, -87.65533580655139)"
PULASKI AND DIVISION,1801,1200 N PULASKI ROAD,05/08/2016,8,1149459.590666926,1907723.219884254,41.902713902,-87.726451457,"(41.902713901936174, -87.72645145715836)"
115TH AND HALSTED,2553,800 W 115TH STREET,05/07/2016,3,1173010.735357888,1828632.242070332,41.685190056,-87.642279564,"(41.68519005571938, -87.64227956401977)"
PERSHING AND WESTERN,2114,2400 W PERSHING ROAD,05/07/2016,3,1160957.773623189,1878793.434193427,41.82309676,-87.685018951,"(41.82309676016606, -87.68501895061576)"
CICERO AND WASHINGTON,1891,100 N CICERO AVENUE,05/07/2016,14,1144328.984091479,1900095.170838459,41.88187971,-87.745489247,"(41.88187970991601, -87.7454892473012)"
BROADWAY/SHERIDAN AND DEVON,1122,6400 N SHERIDAN ROAD,05/08/2016,13,1167087.151194129,1942658.704988689,41.998217921,-87.660695256,"(41.99821792053241, -87.6606952555721)"
CERMAK AND PULASKI,2334,4000 W CERMAK,05/08/2016,11,1150018.476053666,1889120.238540361,41.851654369,-87.724882975,"(41.85165436867626, -87.7248829753078)"
CICERO AND ARMITAGE,2003,4800 W ARMITAGE AVENUE,05/08/2016,1,1144054.25126508,1912907.00926109,41.917041992,-87.746176095,"(41.91704199201953, -87.74617609464687)"
CICERO AND ADDISON,1611,3600 N CICERO AVENUE,05/08/2016,2,1143698.904601495,1923517.005821035,41.946163524,-87.747215169,"(41.94616352362556, -87.74721516897007)"
OGDEN AND KOSTNER,2223,4400 W OGDEN AVENUE,05/07/2016,3,1147406.592439224,1887689.099869462,41.847777523,-87.734505969,"(41.84777752280453, -87.73450596874825)"
BELMONT AND KEDZIE,1372,3200 N KEDZIE AVE,05/08/2016,20,1154426.977874407,1921110.466549542,41.93935173,-87.707846594,"(41.93935173030961, -87.70784659359776)"
ASHLAND AND 95TH,2473,1600 W 95TH STREET,05/08/2016,11,1167323.753394196,1841755.029221382,41.721324412,-87.662724153,"(41.721324411975246, -87.66272415265087)"
CICERO AND PETERSON,1202,6000 N CICERO AVENUE,05/08/2016,4,1143247.733553094,1939479.342905704,41.989973915,-87.748473024,"(41.98997391514614, -87.74847302426933)"
ASHLAND AND FULLERTON,1652,2400 N ASHLAND AVENUE,05/07/2016,7,1165228.073342838,1916032.319169157,41.92519389,-87.668294363,"(41.92519388981048, -87.66829436339881)"
ELSTON AND ADDISON,1403,3216 W ADDISON ST,05/08/2016,8,1154199.729816868,1923799.345386665,41.946734755,-87.708609774,"(41.946734754927796, -87.7086097735515)"
CENTRAL AND FULLERTON,1444,5600 W FULLERTON AVENU,05/08/2016,4,1138627.279189421,1915438.969256439,41.924090199,-87.76605353,"(41.92409019883488, -87.76605353016079)"
WESTERN AND 63RD,2373,2400 W 63RD ST,05/07/2016,2,1161444.415758584,1862848.534703658,41.779331844,-87.683675761,"(41.77933184429814, -87.68367576084798)"
HALSTED AND NORTH,1764,800 W NORTH AVENUE,05/07/2016,4,1170700.68422007,1910913.190749698,41.91102851,-87.648335806,"(41.91102850981186, -87.64833580602037)"
PULASKI AND DIVERSEY,1542,2800 N PULASKI ROAD,05/07/2016,3,1149200.724531183,1918332.222549679,41.931831026,-87.727126873,"(41.93183102561505, -87.72712687300454)"
IRVING PARK AND CALIFORNIA,1233,2800 W IRVING PARK ROA,05/07/2016,10,,,,,
WESTERN AND MARQUETTE,2672,6700 S WESTERN AVENUE,05/07/2016,8,1161488.747635042,1860134.788366884,41.771884028,-87.683588402,"(41.77188402771193, -87.68358840206334)"
HALSTED AND 103RD,2593,800 W 103RD STREET,05/08/2016,1,1172778.570616036,1836587.755252818,41.70702632,-87.642896007,"(41.707026319812215, -87.64289600741817)"
KEDZIE AND ARMITAGE,1832,2000 N KEDZIE AVENUE,05/08/2016,8,1154684.031809326,1913129.496340896,41.917446172,-87.707116072,"(41.91744617191702, -87.70711607187832)"
63RD AND STATE,2712,6300 S STATE ST,05/07/2016,1,1177303.801895084,1863220.216755923,41.780008277,-87.625522512,"(41.78000827740796, -87.6255225119157)"
HALSTED AND DIVISION,1714,800 W DIVISION,05/08/2016,12,1170767.827960358,1908259.644151662,41.903745557,-87.648167011,"(41.90374555734733, -87.64816701062779)"
CICERO AND 47TH,2204,4800 W 47TH ST,05/07/2016,13,1145130.048925744,1873078.44198302,41.807727017,-87.743229366,"(41.80772701677172, -87.74322936566276)"
HALSTED AND FULLERTON,1704,800 W FULLERTON AVENUE,05/08/2016,7,1170525.624723311,1916208.443992778,41.925562791,-87.648823641,"(41.92556279107417, -87.64882364145232)"
55TH and PULASKI,2242,5500 S PULASKI,05/08/2016,8,1150600.072649439,1867806.44512718,41.793155061,-87.723303765,"(41.793155060731024, -87.72330376464247)"
LAFAYETTE AND 87TH,2503,30 W 87TH STREET,05/08/2016,34,1177407.651800237,1847320.772058312,41.736376037,-87.625621311,"(41.736376036604916, -87.62562131092602)"
ASHLAND AND FULLERTON,1652,2400 N ASHLAND AVENUE,05/08/2016,14,1165228.073342838,1916032.319169157,41.92519389,-87.668294363,"(41.92519388981048, -87.66829436339881)"
63RD AND STATE,2714,1 E 63RD ST,05/08/2016,4,1177367.518733101,1863199.17768559,41.779949105,-87.625289553,"(41.779949104569106, -87.62528955333775)"
PULASKI AND DIVERSEY,1543,4000 W DIVERSEY AVENUE,05/07/2016,3,1149206.496130705,1918356.569267582,41.931897723,-87.72710503,"(41.9318977231462, -87.72710503045386)"
PERSHING AND WESTERN,2114,2400 W PERSHING ROAD,05/08/2016,3,1160957.773623189,1878793.434193427,41.82309676,-87.685018951,"(41.82309676016606, -87.68501895061576)"
CENTRAL AND BELMONT,1602,3200 N CENTRAL AVENUE,05/08/2016,3,1138430.432324593,1920731.654410336,41.938617463,-87.766648297,"(41.938617463272884, -87.76664829683827)"
IRVING PARK AND NARRAGANSETT,1024,6400 W IRVING PK,05/08/2016,3,1132945.939118726,1925946.304925137,41.953024751,-87.786683238,"(41.95302475075328, -87.78668323766634)"
ASHLAND AND MADISON,1914,1600 W MADISON,05/07/2016,7,1165723.014733182,1900136.515489506,41.881564167,-87.666929463,"(41.8815641670199, -87.66692946294842)"
FOSTER AND BROADWAY,1111,5200 N BROADWAY ST,05/08/2016,3,1167334.508577915,1934714.008346532,41.976412143,-87.660015082,"(41.97641214294823, -87.66001508205365)"
COTTAGE GROVE AND 71ST,2572,7100 S COTTAGE GROVE,05/08/2016,4,1182746.23698699,1858088.011064538,41.765800351,-87.605729127,"(41.76580035131893, -87.6057291269901)"
KEDZIE AND 26TH,2381,2600 S KEDZIE AVENUE,05/08/2016,10,1155404.235510285,1886524.460033054,41.844424831,-87.705185452,"(41.84442483084393, -87.70518545233183)"
79TH AND HALSTED,2543,800 W 79TH STREET,05/07/2016,3,1172320.105719411,1852517.9814434,41.750751157,-87.644107793,"(41.75075115747316, -87.64410779300933)"
CICERO AND FULLERTON,1474,4800 W FULLERTON AVE,05/07/2016,2,1143967.570794243,1915568.504954477,41.924347036,-87.74642764,"(41.924347036010694, -87.74642763965628)"
CORTLAND AND ASHLAND,1723,1600 W CORTLAND ST,05/07/2016,12,1165377.660768235,1912768.773647285,41.916235337,-87.667837772,"(41.91623533746878, -87.66783777212962)"
KEDZIE AND 26TH,2381,2600 S KEDZIE AVENUE,05/07/2016,4,1155404.235510285,1886524.460033054,41.844424831,-87.705185452,"(41.84442483084393, -87.70518545233183)"
ELSTON AND ADDISON,1402,3600 N ELSTON AVE,05/08/2016,3,1154106.95251778,1923731.036211081,41.946549165,-87.708952626,"(41.94654916480637, -87.70895262603513)"
PULASKI AND ARCHER,2154,5000 S ARCHER AVE,05/07/2016,6,1150501.818909837,1871162.311703322,41.802365973,-87.723576766,"(41.80236597333895, -87.72357676611004)"
CALIFORNIA AND PETERSON,1313,2800 W PETERSON AVENUE,05/07/2016,2,1156569.515341857,1939784.830544118,41.990552082,-87.699464396,"(41.990552081681564, -87.69946439622785)"
IRVING PARK AND LARAMIE,1534,5200 W IRVING PARK ROA,05/07/2016,5,,,,,
CANAL AND ROOSEVELT,2291,1200 S CANAL STREET,05/08/2016,8,1173268.771030949,1894952.634878732,41.867175125,-87.639375813,"(41.86717512472001, -87.63937581258092)"
LAFAYETTE AND 87TH,2503,30 W 87TH STREET,05/07/2016,50,1177407.651800237,1847320.772058312,41.736376037,-87.625621311,"(41.736376036604916, -87.62562131092602)"
IRVING PARK AND KILPATRICK,2763,4700 W IRVING PARK ROA,05/07/2016,6,,,,,
WESTERN AND NORTH,1853,2400 W NORTH AVE,05/07/2016,5,1160100.839010995,1910612.783367238,41.910429862,-87.687284221,"(41.91042986235867, -87.68728422050837)"
CLARK AND IRVING PARK,1093,1300 W IRVING PARK ROAD,05/07/2016,7,1166777.545456989,1926719.73687357,41.954487567,-87.662293496,"(41.95448756687966, -87.66229349585691)"
CENTRAL AND IRVING PARK,1183,5600 W IRVING PARK ROAD,05/08/2016,1,1138281.535484986,1926078.647777633,41.953292847,-87.767065708,"(41.953292847298, -87.76706570775266)"
SACRAMENTO AND LAKE,1821,150 N SACRAMENTO BOUL,05/07/2016,9,1156319.560664766,1900957.489351962,41.884012178,-87.701436479,"(41.88401217771363, -87.7014364786693)"
CENTRAL AND CHICAGO,1973,5600 W CHICAGO AVENUE,05/08/2016,3,1138858.856732452,1904825.827586656,41.894962293,-87.765460791,"(41.89496229349977, -87.76546079122906)"
KIMBALL AND DIVERSEY,1583,3400 W DIVERSEY AVENUE,05/08/2016,1,1153211.149172713,1918454.477800566,41.932087747,-87.71238583,"(41.932087747378944, -87.71238582951281)"
WESTERN AND CHICAGO,1943,2400 W CHICAGO AVE,05/08/2016,2,1160226.686812944,1905300.904544474,41.895851041,-87.686968935,"(41.895851041123755, -87.68696893468467)"
CICERO AND NORTH,2033,4800 W NORTH AVENUE,05/08/2016,2,1144053.733747163,1910243.80567041,41.90973389,-87.746244973,"(41.909733890131285, -87.74624497295898)"
CENTRAL AND CHICAGO,1973,5600 W CHICAGO AVENUE,05/07/2016,2,1138858.856732452,1904825.827586656,41.894962293,-87.765460791,"(41.89496229349977, -87.76546079122906)"
HAMLIN AND MADISON,1901,0 N HAMLIN BOULEVARD,05/07/2016,4,,,,,
PULASKI AND 63RD,2342,6300 S PULASKI RD,06/02/2017,2,1150746.00309079,1862516.747695325,41.778636469,-87.722906356,"(41.77863646878099, -87.72290635568541)"
WENTWORTH AND GARFIELD,2264,200 W GARFIELD BLVD,05/08/2016,16,1175889.574397302,1868551.750512227,41.794670385,-87.630547476,"(41.79467038468937, -87.63054747605638)"
PULASKI AND BELMONT,1382,3200 N PULASKI RD,05/07/2016,2,1149125.621478734,1920994.556178086,41.939138154,-87.72733371,"(41.939138153500274, -87.7273337101426)"
STATE AND 79TH,2651,7900 S STATE STREET,05/08/2016,2,1177618.166929966,1852621.870232838,41.750918138,-87.624690123,"(41.7509181383154, -87.62469012251644)"
75TH AND STATE,2624,1 E 75TH STREET,05/07/2016,8,1177601.72646404,1855229.486604181,41.758074111,-87.624671658,"(41.75807411097799, -87.62467165835182)"
CICERO AND CHICAGO,1781,800 N CICERO AVENUE,05/08/2016,9,1144169.162482127,1904893.189220372,41.895049038,-87.745955516,"(41.89504903796389, -87.74595551626888)"
PULASKI AND DIVERSEY,1542,2800 N PULASKI ROAD,05/08/2016,2,1149200.724531183,1918332.222549679,41.931831026,-87.727126873,"(41.93183102561505, -87.72712687300454)"
CERMAK AND PULASKI,2332,2200 S PULASKI,05/07/2016,2,1150012.876838243,1889071.75851865,41.851521442,-87.724904787,"(41.85152144233116, -87.7249047867499)"
PULASKI AND PETERSON,1263,4000 W PETERSON AVENUE,05/08/2016,6,1148618.560490339,1939615.133928395,41.990244186,-87.728714391,"(41.99024418564742, -87.7287143910091)"
KEDZIE AND ARMITAGE,1834,3200 W ARMITAGE AVENUE,05/07/2016,1,1154700.851347995,1913153.252187904,41.917511023,-87.707053639,"(41.91751102291878, -87.7070536388797)"
71ST AND ASHLAND,2391,7100 S ASHLAND,05/08/2016,6,1166868.379865725,1857616.168087255,41.764859382,-87.663940176,"(41.764859382425385, -87.66394017630476)"
BELMONT AND KEDZIE,1372,3200 N KEDZIE AVE,05/07/2016,23,1154426.977874407,1921110.466549542,41.93935173,-87.707846594,"(41.93935173030961, -87.70784659359776)"
CICERO AND ARMITAGE,2001,2000 N CICERO AVENUE,05/07/2016,4,1144031.525719004,1912881.8300295,41.916973325,-87.746260223,"(41.91697332451097, -87.74626022251057)"
WESTERN AND DEVON,1212,6400 N WESTERN AVENUE,05/07/2016,4,1159113.585759434,1942451.622367891,41.997817807,-87.690033035,"(41.997817807026, -87.69003303469276)"
ASHLAND AND MADISON,1914,1600 W MADISON,06/02/2017,2,1165723.014733182,1900136.515489506,41.881564167,-87.666929463,"(41.8815641670199, -87.66692946294842)"
IRVING PARK AND CALIFORNIA,1234,2800 W IRVING PARK ROA,05/07/2016,10,,,,,
HALSTED AND 95TH,2582,9500 S HALSTED STREET,05/07/2016,3,1172610.538363645,1841811.61926207,41.721365061,-87.643358042,"(41.72136506078306, -87.64335804234075)"
HOLLYWOOD AND SHERIDAN,1344,1000 W HOLLYWOOD AVE,05/07/2016,13,1168580.228926466,1938090.295189338,41.985649799,-87.655335807,"(41.98564979859328, -87.65533580655139)"
STONEY ISLAND AND 79TH,2461,7900 S SOUTH CHICAGO AVE,05/08/2016,1,1188274.655498937,1852865.685797892,41.751339705,-87.585632266,"(41.751339704589455, -87.58563226565187)"
CICERO AND FULLERTON,1472,2400 N CICERO AVE,06/02/2017,2,1143961.592189569,1915545.343094087,41.92428359,-87.74645019,"(41.92428358982701, -87.74645019028947)"
COLUMBUS AND ILLINOIS,1951,500 N COLUMBUS DRIVE,05/08/2016,7,1178372.808407292,1903693.06016042,41.891044569,-87.620371839,"(41.891044569124276, -87.620371839074)"
CICERO AND WASHINGTON,1891,100 N CICERO AVENUE,05/08/2016,10,1144328.984091479,1900095.170838459,41.88187971,-87.745489247,"(41.88187970991601, -87.7454892473012)"
CICERO AND WASHINGTON,1892,100 N CICERO AVENUE,05/08/2016,8,1144328.984091479,1900095.170838459,41.88187971,-87.745489247,"(41.88187970991601, -87.7454892473012)"
WESTERN AND ADDISON,1563,2400 W ADDISON,05/08/2016,1,1159719.041544334,1923878.577275797,41.946839991,-87.688320193,"(41.9468399910054, -87.68832019252964)"
SACRAMENTO AND CHICAGO,1814,3000 W CHICAGO AVENUE,05/08/2016,1,1156075.266375505,1905216.604770718,41.895704525,-87.702218524,"(41.895704524946225, -87.70221852353758)"
CENTRAL AND CHICAGO,1972,800 N CENTRAL AVENUE,05/07/2016,9,1138836.562608552,1904801.732832435,41.894896579,-87.765543258,"(41.89489657939746, -87.76554325845893)"
ELSTON AND LAWRENCE,1284,4440 W LAWRENCE AVENUE,05/08/2016,3,1145715.061027481,1931571.0474838,41.968226398,-87.739599251,"(41.96822639754791, -87.73959925065756)"
FULLERTON AND NARRAGANSETT,1553,6400 W FULLERTON AVENU,05/07/2016,6,1133317.594499059,1915293.661305931,41.923786189,-87.785567206,"(41.92378618871128, -87.78556720562165)"
CALIFORNIA AND PETERSON,1311,6000 N CALIFORNIA AVE,05/07/2016,2,1156545.742699118,1939775.775541795,41.990527717,-87.699552084,"(41.990527717148176, -87.69955208405155)"
79TH AND KEDZIE,2443,3200 W 79TH ST,05/07/2016,7,1156402.644780165,1852104.649370984,41.749952001,-87.702448478,"(41.74995200142266, -87.70244847808695)"
HALSTED AND 95TH,2581,9500 S HALSTED STREET,06/02/2017,4,1172610.538363645,1841811.61926207,41.721365061,-87.643358042,"(41.72136506078306, -87.64335804234075)"
LARAMIE AND MADISON,2044,5200 W MADISON STREET,05/08/2016,22,1141706.965522802,1899567.55684314,41.880480752,-87.755130433,"(41.88048075170171, -87.75513043296509)"
CENTRAL AND IRVING PARK,1182,4000 N CENTRAL AVENUE,05/07/2016,1,1138258.614129764,1926071.172884932,41.953272751,-87.767150151,"(41.95327275103541, -87.76715015131407)"
WESTERN AND CERMAK,1002,2200 S WESTERN AVENUE,05/08/2016,9,1160669.42562757,1889318.196820393,41.85198384,-87.685785704,"(41.85198383957328, -87.68578570420526)"
DAMEN AND 63RD,2702,6300 S DAMEN AVENUE,05/07/2016,8,1164069.407943298,1862830.277442834,41.779226921,-87.674052731,"(41.77922692069256, -87.67405273137854)"
CICERO AND ADDISON,1611,3600 N CICERO AVENUE,05/07/2016,7,1143698.904601495,1923517.005821035,41.946163524,-87.747215169,"(41.94616352362556, -87.74721516897007)"
PERSHING AND WESTERN,2112,3900 S WESTERN BLVD,05/07/2016,4,1161130.992078755,1878746.226354636,41.822963628,-87.684384785,"(41.82296362788048, -87.68438478541296)"
FULLERTON AND NARRAGANSETT,1553,6400 W FULLERTON AVENU,05/08/2016,7,1133317.594499059,1915293.661305931,41.923786189,-87.785567206,"(41.92378618871128, -87.78556720562165)"
PULASKI AND LAWRENCE,1173,4000 W LAWRENCE AVENUE,05/08/2016,3,1148844.220085601,1931638.45430438,41.968351285,-87.728091672,"(41.96835128527914, -87.72809167198088)"
MILWAUKEE AND MONTROSE,1362,4400 N MILWAUKEE AVEN,05/07/2016,2,1141643.943268783,1928770.256316239,41.96061723,-87.75463824,"(41.9606172296957, -87.75463824007085)"
WESTERN AND 79TH,2481,7900 S WESTERN AVE,05/07/2016,8,1161711.516404028,1852181.685686118,41.750054934,-87.682992203,"(41.750054933649984, -87.68299220290213)"
LASALLE AND KINZIE,1921,400 N LASALLE,06/02/2017,10,1175028.579766798,1903002.552291359,41.889225372,-87.632674115,"(41.88922537162015, -87.63267411498495)"
CENTRAL AND IRVING PARK,1182,4000 N CENTRAL AVENUE,05/08/2016,2,1138258.614129764,1926071.172884932,41.953272751,-87.767150151,"(41.95327275103541, -87.76715015131407)"
CALIFORNIA AND DIVERSEY,1514,2800 W DIVERSEY,05/07/2016,67,1157212.54253358,1918526.674434943,41.932205395,-87.697679244,"(41.93220539506452, -87.6976792438691)"
WESTERN AND 79TH,2481,7900 S WESTERN AVE,06/02/2017,3,1161711.516404028,1852181.685686118,41.750054934,-87.682992203,"(41.750054933649984, -87.68299220290213)"
WESTERN AND FULLERTON,1671,2400 N WESTERN AVENUE,05/07/2016,11,1159923.309342995,1915897.778561358,41.924935944,-87.687790255,"(41.92493594409127, -87.68779025471278)"
CICERO AND CHICAGO,1783,4800 W CHICAGO AVENUE,05/07/2016,3,1144175.291152764,1904916.255225279,41.895112219,-87.745932427,"(41.89511221857764, -87.74593242701515)"
115TH AND HALSTED,2553,800 W 115TH STREET,06/02/2017,2,1173010.735357888,1828632.242070332,41.685190056,-87.642279564,"(41.68519005571938, -87.64227956401977)"
LAFAYETTE AND 87TH,2502,8700 S LAFAYETTE AVEN,05/07/2016,20,1177417.493180297,1847243.988223464,41.73616511,-87.625587569,"(41.73616511008592, -87.62558756899932)"
PULASKI AND ARCHER,2154,5000 S ARCHER AVE,05/08/2016,5,1150501.818909837,1871162.311703322,41.802365973,-87.723576766,"(41.80236597333895, -87.72357676611004)"
55TH and PULASKI,2244,4000 W 55TH ST,05/07/2016,2,1150621.676903861,1867864.274865394,41.793313334,-87.723223038,"(41.79331333358753, -87.72322303812588)"
CENTRAL AND BELMONT,1602,3200 N CENTRAL AVENUE,05/07/2016,2,1138430.432324593,1920731.654410336,41.938617463,-87.766648297,"(41.938617463272884, -87.76664829683827)"
CICERO AND FULLERTON,1472,2400 N CICERO AVE,05/08/2016,1,1143961.592189569,1915545.343094087,41.92428359,-87.74645019,"(41.92428358982701, -87.74645019028947)"
BELMONT AND KEDZIE,1372,3200 N KEDZIE AVE,06/02/2017,19,1154426.977874407,1921110.466549542,41.93935173,-87.707846594,"(41.93935173030961, -87.70784659359776)"
WESTERN AND ADDISON,1562,3600 N WESTERN AVENUE,05/07/2016,8,1159695.573342728,1923871.086283556,41.94681992,-87.688406662,"(41.94681991986288, -87.68840666206194)"
HOLLYWOOD AND SHERIDAN,1343,1000 W HOLLYWOOD AVE,06/02/2017,10,1168580.228926466,1938090.295189338,41.985649799,-87.655335807,"(41.98564979859328, -87.65533580655139)"
HAMLIN AND LAKE,1882,300 N HAMLIN AVENUE,05/08/2016,3,1150970.026856642,1901381.688308858,41.885282636,-87.721069539,"(41.88528263580913, -87.72106953854511)"
WESTERN AND 71ST,2614,2400 W 71ST STREET,05/07/2016,3,1161584.506819846,1857557.788853485,41.764810388,-87.683308769,"(41.76481038827884, -87.68330876944678)"
WESTERN AND CERMAK,1002,2200 S WESTERN AVENUE,05/07/2016,5,1160669.42562757,1889318.196820393,41.85198384,-87.685785704,"(41.85198383957328, -87.68578570420526)"
LARAMIE AND MADISON,2043,5200 W MADISON STREET,05/07/2016,11,1141706.965522802,1899567.55684314,41.880480752,-87.755130433,"(41.88048075170171, -87.75513043296509)"
BROADWAY/SHERIDAN AND DEVON,1122,6400 N SHERIDAN ROAD,05/07/2016,17,1167087.151194129,1942658.704988689,41.998217921,-87.660695256,"(41.99821792053241, -87.6606952555721)"
KEDZIE AND 26TH,2382,2600 S KEDZIE AVENUE,05/08/2016,3,1155404.235510285,1886524.460033054,41.844424831,-87.705185452,"(41.84442483084393, -87.70518545233183)"
ASHLAND AND LAWRENCE,1142,4800 N ASHLAND AVENUE,05/07/2016,4,1164751.686785145,1932001.206626392,41.96902343,-87.669590434,"(41.969023429614026, -87.66959043354217)"
CHICAGO AND CLARK,1963,100 W CHICAGO AVENUE,05/07/2016,8,1175374.528739575,1905745.47783364,41.896744347,-87.631321248,"(41.896744346875806, -87.63132124815151)"
MILWAUKEE AND MONTROSE,1362,4400 N MILWAUKEE AVEN,05/08/2016,1,1141643.943268783,1928770.256316239,41.96061723,-87.75463824,"(41.9606172296957, -87.75463824007085)"
LASALLE AND KINZIE,1923,140 W KINZIE,05/07/2016,3,1175048.09765242,1903028.894760294,41.889297219,-87.632601648,"(41.88929721947309, -87.63260164817305)"
HALSTED AND FULLERTON,1701,2400 N HALSTED STREET,05/07/2016,2,1170501.602639925,1916200.061550148,41.925540315,-87.648912156,"(41.925540315431995, -87.64891215551155)"
CICERO AND I55,2251,4200 S CICERO AVENUE,05/08/2016,66,1145023.742859509,1876358.276835519,41.816729387,-87.743536712,"(41.81672938674739, -87.74353671247594)"
RIDGE AND CLARK,1051,5930 N CLARK STREET,06/02/2017,3,1164554.784723473,1939388.511516442,41.98929863,-87.670104121,"(41.98929863013193, -87.67010412112992)"
LAWRENCE AND WESTERN,1193,2400 W LAWRENCE AVENUE,05/08/2016,5,1159482.648570304,1931851.989492596,41.968724349,-87.688968727,"(41.96872434882172, -87.68896872699601)"
4700 WESTERN,2141,4700 S WESTERN AVENUE,05/07/2016,5,1161120.438879703,1873431.066474726,41.808378408,-87.684570717,"(41.808378407946726, -87.68457071689552)"
OGDEN AND KOSTNER,2223,4400 W OGDEN AVENUE,05/08/2016,5,1147406.592439224,1887689.099869462,41.847777523,-87.734505969,"(41.84777752280453, -87.73450596874825)"
JEFFERY AND 95TH,2523,2000 E 95TH ST,05/07/2016,1,1191188.381103057,1842410.411853539,41.722579473,-87.575292523,"(41.722579473126416, -87.57529252250366)"
PETERSON AND WESTERN,1011,6000 N WESTERN AVE,06/02/2017,7,1159190.625032041,1939816.75471116,41.990586042,-87.689822473,"(41.99058604241958, -87.68982247294417)"
FULLERTON AND NARRAGANSETT,1554,6400 W FULLERTON AVENU,05/08/2016,8,1133317.594499059,1915293.661305931,41.923786189,-87.785567206,"(41.92378618871128, -87.78556720562165)"
WESTERN AND 71ST,2614,2400 W 71ST STREET,05/08/2016,3,1161584.506819846,1857557.788853485,41.764810388,-87.683308769,"(41.76481038827884, -87.68330876944678)"
MONTROSE AND WESTERN,1224,2400 W MONTROSE AVENUE,05/08/2016,2,1159562.971802959,1929191.337701253,41.961421726,-87.68874698,"(41.961421726406314, -87.68874697983858)"
ROOSEVELT AND PULASKI,2314,4000 W ROOSEVELT ROAD,05/07/2016,1,1149885.032049683,1894449.464076882,41.866281003,-87.72523422,"(41.866281002664536, -87.72523421983905)"
STONEY ISLAND AND 76TH,2631,7600 S STONY ISLAND A,05/07/2016,23,1188092.796191935,1854889.354158304,41.756897173,-87.586234285,"(41.75689717260223, -87.58623428506996)"
119TH AND HALSTED,2402,11900 S HALSTED,05/07/2016,5,1173094.774616191,1825911.054609338,41.677720829,-87.642051845,"(41.67772082924762, -87.64205184498218)"
MILWAUKEE AND DEVON,1274,6400 W DEVON AVENUE,05/08/2016,1,1132590.619798275,1942138.532048656,41.997463981,-87.787610243,"(41.99746398102873, -87.78761024341388)"
CICERO AND ADDISON,1611,3600 N CICERO AVENUE,06/02/2017,3,1143698.904601495,1923517.005821035,41.946163524,-87.747215169,"(41.94616352362556, -87.74721516897007)"
LASALLE AND KINZIE,1921,400 N LASALLE,05/07/2016,3,1175028.579766798,1903002.552291359,41.889225372,-87.632674115,"(41.88922537162015, -87.63267411498495)"
PULASKI AND ARMITAGE,1844,4000 W ARMITAGE AVENUE,05/08/2016,2,1149375.428872108,1913028.984273181,41.917275069,-87.726622746,"(41.91727506940875, -87.72662274644799)"
CALIFORNIA AND DIVERSEY,1513,2800 W DIVERSEY,05/07/2016,9,1157212.54253358,1918526.674434943,41.932205395,-87.697679244,"(41.93220539506452, -87.6976792438691)"
KOSTNER AND NORTH,2012,4400 W GRAND AVE,05/08/2016,9,1146773.519128439,1910425.663958581,41.91018141,-87.73624887,"(41.910181409597406, -87.73624887040725)"
ROOSEVELT AND HALSTED,2234,800 W ROOSEVELT ROAD,05/08/2016,26,1171199.282357741,1894968.056393724,41.867263098,-87.646972686,"(41.86726309836901, -87.64697268601648)"
PULASKI AND DIVERSEY,1543,4000 W DIVERSEY AVENUE,05/08/2016,2,1149206.496130705,1918356.569267582,41.931897723,-87.72710503,"(41.9318977231462, -87.72710503045386)"
SACRAMENTO AND LAKE,1821,150 N SACRAMENTO BOUL,05/08/2016,6,1156319.560664766,1900957.489351962,41.884012178,-87.701436479,"(41.88401217771363, -87.7014364786693)"
PULASKI AND IRVING PARK,1572,4000 N PULASKI ROAD,05/08/2016,2,1148970.255325552,1926313.600468643,41.953737051,-87.727766612,"(41.95373705144353, -87.72776661179896)"
DIVISION AND DAMEN,1734,2000 W DIVISION,05/07/2016,8,1162815.710860194,1908034.672555531,41.903298793,-87.677383247,"(41.903298792681944, -87.67738324739636)"
TOUHY AND OSCEOLA,1243,7432 W TOUHY AVENUE,05/08/2016,2,1125717.010560011,1947269.685461107,42.011661765,-87.812781431,"(42.01166176507329, -87.81278143114147)"
CICERO AND ADDISON,1612,3600 N CICERO AVENUE,05/08/2016,7,1143698.904601495,1923517.005821035,41.946163524,-87.747215169,"(41.94616352362556, -87.74721516897007)"
71ST AND ASHLAND,2394,1600 W 71ST,05/07/2016,6,1166890.012333149,1857674.2502247,41.765018306,-87.66385923,"(41.76501830555763, -87.66385923012646)"
BELMONT AND KEDZIE,1371,3200 N KEDZIE AVENUE,05/08/2016,3,1154426.977874407,1921110.466549542,41.93935173,-87.707846594,"(41.93935173030961, -87.70784659359776)"
DAMEN AND 63RD,2702,6300 S DAMEN AVENUE,05/08/2016,3,1164069.407943298,1862830.277442834,41.779226921,-87.674052731,"(41.77922692069256, -87.67405273137854)"
HALSTED AND 103RD,2592,10300 S HALSTED STREE,05/08/2016,10,,,,,
CALIFORNIA AND DIVERSEY,1513,2800 W DIVERSEY,05/08/2016,9,1157212.54253358,1918526.674434943,41.932205395,-87.697679244,"(41.93220539506452, -87.6976792438691)"
CANAL AND ROOSEVELT,2291,1200 S CANAL STREET,06/02/2017,11,1173268.771030949,1894952.634878732,41.867175125,-87.639375813,"(41.86717512472001, -87.63937581258092)"
CICERO AND FULLERTON,1472,2400 N CICERO AVE,05/07/2016,3,1143961.592189569,1915545.343094087,41.92428359,-87.74645019,"(41.92428358982701, -87.74645019028947)"
PULASKI AND DIVISION,1802,1200 N PULASKI ROAD,05/08/2016,5,1149459.590666926,1907723.219884254,41.902713902,-87.726451457,"(41.902713901936174, -87.72645145715836)"
PULASKI AND 63RD,2342,6300 S PULASKI RD,05/08/2016,9,1150746.00309079,1862516.747695325,41.778636469,-87.722906356,"(41.77863646878099, -87.72290635568541)"
CENTRAL AND ADDISON,1682,3600 N CENTRAL AVENUE,06/02/2017,4,1138343.117435682,1923392.067464765,41.945919491,-87.766904594,"(41.945919490555106, -87.76690459426293)"
KEDZIE AND 31ST,2134,3200 W 31ST STREET,05/07/2016,1,1155487.128005646,1883943.061106793,41.8373395,-87.704950558,"(41.83733950029648, -87.70495055800411)"
JEFFERY AND 95TH,2523,2000 E 95TH ST,06/02/2017,3,1191188.381103057,1842410.411853539,41.722579473,-87.575292523,"(41.722579473126416, -87.57529252250366)"
CALIFORNIA AND DEVON,1321,6400 N CALIFORNIA AVE,05/08/2016,2,1156461.150245401,1942370.37710537,41.997649133,-87.699792629,"(41.997649133049336, -87.69979262891378)"
IRVING PARK AND CALIFORNIA,1233,2800 W IRVING PARK ROA,05/08/2016,8,,,,,
PULASKI AND NORTH,1994,4000 W NORTH AVENUE,05/07/2016,3,1149456.2688422,1910376.774019002,41.909995582,-87.726394693,"(41.90999558160536, -87.72639469321471)"
HARLEM AND BELMONT,1391,3200 N HARLEM AVE,05/08/2016,1,1127481.020995451,1920467.613239239,41.938084468,-87.806896749,"(41.93808446822169, -87.80689674887883)"
35TH AND WESTERN,2092,3500 S WESTERN,05/07/2016,2,1160894.949857101,1881376.851112895,41.830187255,-87.685177925,"(41.83018725526863, -87.68517792510231)"
WESTERN AND FULLERTON,1672,2400 N WESTERN AVENUE,05/08/2016,1,1159923.309342995,1915897.778561358,41.924935944,-87.687790255,"(41.92493594409127, -87.68779025471278)"
ASHLAND AND DIVISION,1791,1200 N ASHLAND AVENUE,05/08/2016,6,1165466.997046718,1908083.767015974,41.903377468,-87.667643142,"(41.903377467566784, -87.66764314227497)"
IRVING PARK AND KEDZIE,1354,3200 W IRVING PARK ROAD,05/08/2016,10,1154325.140302006,1926458.463197156,41.954029047,-87.708077494,"(41.95402904691877, -87.70807749383191)"
FOSTER AND BROADWAY,1111,5200 N BROADWAY ST,05/07/2016,5,1167334.508577915,1934714.008346532,41.976412143,-87.660015082,"(41.97641214294823, -87.66001508205365)"
MADISON AND WESTERN,1931,1 S WESTERN AVE,05/07/2016,1,1160453.827721979,1899933.703473746,41.881118279,-87.686283339,"(41.881118278833966, -87.686283338873)"
PULASKI AND FOSTER,1104,4000 W FOSTER AVE,05/07/2016,4,1148759.16134887,1934294.249006446,41.975640616,-87.728335469,"(41.975640616231914, -87.72833546926573)"
KOSTNER AND NORTH,2012,4400 W GRAND AVE,05/07/2016,3,1146773.519128439,1910425.663958581,41.91018141,-87.73624887,"(41.910181409597406, -87.73624887040725)"
PULASKI AND LAWRENCE,1172,4800 N PULASKI ROAD,05/07/2016,4,1148821.701520117,1931605.974570937,41.968262595,-87.728175316,"(41.968262595100775, -87.7281753157596)"
AUSTIN AND ADDISON,1491,3600 N AUSTIN AVENUE,05/08/2016,2,1135691.599896458,1923335.967306169,41.945813215,-87.776652162,"(41.9458132146695, -87.77665216156436)"
KEDZIE AND 63RD,2364,3200 W 63RD ST,05/08/2016,3,1156103.348831225,1862717.565210739,41.779081505,-87.703260365,"(41.77908150488341, -87.70326036544745)"
79TH AND HALSTED,2543,800 W 79TH STREET,05/08/2016,2,1172320.105719411,1852517.9814434,41.750751157,-87.644107793,"(41.75075115747316, -87.64410779300933)"
115TH AND HALSTED,2552,11500 S HALSTED STREE,05/07/2016,17,,,,,
ASHLAND AND 87TH,2454,1600 W 87TH ST,05/07/2016,4,1167171.941297436,1847064.855345151,41.735898617,-87.663128781,"(41.735898617066006, -87.66312878090133)"
CHICAGO AND CLARK,1963,100 W CHICAGO AVENUE,05/08/2016,7,1175374.528739575,1905745.47783364,41.896744347,-87.631321248,"(41.896744346875806, -87.63132124815151)"
LARAMIE AND FULLERTON,1424,5200 W FULLERTON AVENUE,05/08/2016,10,1141305.554932016,1915502.611239048,41.924215797,-87.756210755,"(41.92421579723144, -87.75621075458939)"
BELMONT AND KEDZIE,1371,3200 N KEDZIE AVENUE,05/07/2016,3,1154426.977874407,1921110.466549542,41.93935173,-87.707846594,"(41.93935173030961, -87.70784659359776)"
WESTERN AND FOSTER,1074,2400 W FOSTER AVE,05/07/2016,6,1159379.402846887,1934502.712486132,41.97600019,-87.689275084,"(41.97600018976586, -87.68927508385399)"
CENTRAL AND ADDISON,1682,3600 N CENTRAL AVENUE,05/07/2016,1,1138343.117435682,1923392.067464765,41.945919491,-87.766904594,"(41.945919490555106, -87.76690459426293)"
PULASKI AND FOSTER,1102,5200 N PULASKI RD,05/07/2016,8,1148746.251286324,1934286.914361976,41.97562074,-87.728383135,"(41.97562073966174, -87.72838313514907)"
MILWAUKEE AND DEVON,1274,6400 W DEVON AVENUE,05/07/2016,13,1132590.619798275,1942138.532048656,41.997463981,-87.787610243,"(41.99746398102873, -87.78761024341388)"
HALSTED AND FULLERTON,1704,800 W FULLERTON AVENUE,06/02/2017,7,1170525.624723311,1916208.443992778,41.925562791,-87.648823641,"(41.92556279107417, -87.64882364145232)"
HALSTED AND MADISON,1871,1 S HALSTED STREET,05/07/2016,6,1171092.392868784,1900234.542088741,41.881717056,-87.647210539,"(41.88171705561901, -87.64721053920604)"
KOSTNER AND NORTH,2011,1600 N KOSTNER,05/08/2016,3,1146732.108679105,1910282.120990798,41.909788304,-87.736404667,"(41.90978830394343, -87.73640466739216)"
ROOSEVELT AND PULASKI,2311,1200 S PULASKI ROAD,05/08/2016,6,1149866.002247864,1894375.839200384,41.866079337,-87.725305995,"(41.86607933722178, -87.7253059948758)"
ROOSEVELT AND KOSTNER,2321,1200 S KOSTNER,05/07/2016,9,1147196.304001978,1894305.883269746,41.865938839,-87.735108549,"(41.8659388389088, -87.73510854901264)"
COTTAGE GROVE AND 71ST,2571,7100 S COTTAGE GROVE,05/07/2016,4,1182746.23698699,1858088.011064538,41.765800351,-87.605729127,"(41.76580035131893, -87.6057291269901)"
ELSTON AND ADDISON,1403,3216 W ADDISON ST,05/07/2016,14,1154199.729816868,1923799.345386665,41.946734755,-87.708609774,"(41.946734754927796, -87.7086097735515)"
STONY ISLAND/CORNELL AND 67TH,2731,6700 S CORNELL DRIVE,05/07/2016,4,1188316.454860734,1860851.137456735,41.77325149,-87.5852246,"(41.77325148959568, -87.58522459967712)"
LAFAYETTE AND 87TH,2502,8700 S LAFAYETTE AVEN,05/08/2016,17,1177417.493180297,1847243.988223464,41.73616511,-87.625587569,"(41.73616511008592, -87.62558756899932)"
PULASKI AND CHICAGO,1983,4000 W CHICAGO AVENUE,05/08/2016,6,1149561.855939692,1905086.596446259,41.895476752,-87.72614436,"(41.89547675163723, -87.72614435991626)"
PULASKI AND NORTH,1992,1600 N PULASKI AVENUE,05/07/2016,3,1149432.959240306,1910369.112502195,41.90997501,-87.726480523,"(41.909975010236906, -87.72648052306623)"
CHICAGO AND CLARK,1964,100 W CHICAGO AVENUE,05/08/2016,12,1175374.528739575,1905745.47783364,41.896744347,-87.631321248,"(41.896744346875806, -87.63132124815151)"
CORTLAND AND ASHLAND,1721,1900 N ASHLAND AVE,05/07/2016,35,1165348.084854857,1912736.454335569,41.916147281,-87.667947354,"(41.91614728095272, -87.66794735350443)"
CENTRAL AND DIVERSEY,1642,2800 N CENTRAL AVENUE,05/08/2016,1,1138516.407377375,1918089.499227987,41.931365552,-87.766396529,"(41.93136555236339, -87.76639652879172)"
4700 WESTERN,2142,4700 S WESTERN AVENUE,05/07/2016,7,1161120.438879703,1873431.066474726,41.808378408,-87.684570717,"(41.808378407946726, -87.68457071689552)"
ELSTON AND LAWRENCE,1284,4440 W LAWRENCE AVENUE,05/07/2016,8,1145715.061027481,1931571.0474838,41.968226398,-87.739599251,"(41.96822639754791, -87.73959925065756)"
BELMONT AND KEDZIE,1373,3200 W BELMONT,05/08/2016,4,1154461.587940363,1921143.091003516,41.939440561,-87.707718516,"(41.93944056117365, -87.70771851630873)"
CALIFORNIA AND PETERSON,1311,6000 N CALIFORNIA AVE,05/08/2016,1,1156545.742699118,1939775.775541795,41.990527717,-87.699552084,"(41.990527717148176, -87.69955208405155)"
ASHLAND AND FULLERTON,1651,2400 N ASHLAND AVENUE,05/08/2016,14,1165228.073342838,1916032.319169157,41.92519389,-87.668294363,"(41.92519388981048, -87.66829436339881)"
87TH AND VINCENNES,2412,8700 S VINCENNES,05/07/2016,7,1172026.328989535,1847142.496643776,41.736006565,-87.645341819,"(41.73600656458518, -87.64534181897955)"
4700 WESTERN,2141,4700 S WESTERN AVENUE,05/08/2016,10,1161120.438879703,1873431.066474726,41.808378408,-87.684570717,"(41.808378407946726, -87.68457071689552)"
ASHLAND AND MADISON,1911,0 N ASHLAND AVE,05/07/2016,12,,,,,
ASHLAND AND MADISON,1914,1600 W MADISON,05/08/2016,3,1165723.014733182,1900136.515489506,41.881564167,-87.666929463,"(41.8815641670199, -87.66692946294842)"
KIMBALL AND DIVERSEY,1581,2800 N KIMBALL AVENUE,05/07/2016,7,,,,,
CICERO AND WASHINGTON,1891,100 N CICERO AVENUE,06/02/2017,15,1144328.984091479,1900095.170838459,41.88187971,-87.745489247,"(41.88187970991601, -87.7454892473012)"
119TH AND HALSTED,2404,800 W 119TH STREET,05/07/2016,4,1173111.174088158,1825985.001014405,41.677923389,-87.641989646,"(41.677923389134385, -87.64198964584013)"
SACRAMENTO AND LAKE,1822,150 N SACRAMENTO BOUL,05/07/2016,9,1156319.560664766,1900957.489351962,41.884012178,-87.701436479,"(41.88401217771363, -87.7014364786693)"
4700 WESTERN,2141,4700 S WESTERN AVENUE,06/02/2017,3,1161120.438879703,1873431.066474726,41.808378408,-87.684570717,"(41.808378407946726, -87.68457071689552)"
CICERO AND ARMITAGE,2001,2000 N CICERO AVENUE,05/08/2016,3,1144031.525719004,1912881.8300295,41.916973325,-87.746260223,"(41.91697332451097, -87.74626022251057)"
115TH AND HALSTED,2552,11500 S HALSTED STREE,06/02/2017,3,,,,,
CICERO AND DIVERSEY,1694,4800 W DIVERSEY AVENUE,05/07/2016,1,1143869.848167704,1918226.043989398,41.93164142,-87.746719911,"(41.93164142040689, -87.7467199106462)"
DAMEN AND DIVERSEY,1462,2800 N DAMEN AVENUE,05/08/2016,6,1162490.04851994,1918611.623717091,41.932329494,-87.678282719,"(41.9323294940985, -87.67828271931386)"
PULASKI AND ARMITAGE,1844,4000 W ARMITAGE AVENUE,05/07/2016,2,1149375.428872108,1913028.984273181,41.917275069,-87.726622746,"(41.91727506940875, -87.72662274644799)"
PULASKI AND 63RD,2342,6300 S PULASKI RD,05/07/2016,15,1150746.00309079,1862516.747695325,41.778636469,-87.722906356,"(41.77863646878099, -87.72290635568541)"
ASHLAND AND 95TH,2472,9500 S ASHLAND AVENUE,05/08/2016,4,1167295.830128711,1841695.121217916,41.721160612,-87.662828139,"(41.72116061205213, -87.66282813939165)"
IRVING PARK AND KILPATRICK,2763,4700 W IRVING PARK ROA,06/02/2017,8,,,,,
111TH AND HALSTED,2424,800 W 111TH ST,05/07/2016,6,1172945.404219168,1831282.917027882,41.692465363,-87.642440901,"(41.692465363421874, -87.64244090105778)"
CORTLAND AND ASHLAND,1723,1600 W CORTLAND ST,06/02/2017,5,1165377.660768235,1912768.773647285,41.916235337,-87.667837772,"(41.91623533746878, -87.66783777212962)"
WESTERN AND CHICAGO,1943,2400 W CHICAGO AVE,05/07/2016,7,1160226.686812944,1905300.904544474,41.895851041,-87.686968935,"(41.895851041123755, -87.68696893468467)"
JEFFERY AND 95TH,2522,9500 S JEFFERY AVE,05/08/2016,4,1191132.420601301,1842335.735988875,41.722375907,-87.575499903,"(41.72237590704101, -87.57549990332795)"
WESTERN AND CHICAGO,1941,800 N WESTERN AVE,05/08/2016,2,1160220.967978608,1905277.507115921,41.895786955,-87.686990586,"(41.89578695485361, -87.68699058611217)"
IRVING PARK AND KILPATRICK,2764,4700 W IRVING PARK ROA,05/08/2016,1,,,,,
CENTRAL AND LAKE,1742,400 N CENTRAL AVENUE,05/08/2016,5,1138928.478257537,1902217.926149854,41.887804621,-87.765268498,"(41.88780462053497, -87.76526849810371)"
STONY ISLAND/CORNELL AND 67TH,2721,6700 S STONY ISLAND A,05/07/2016,8,1187984.143047539,1860863.338367666,41.773292896,-87.586442368,"(41.77329289585066, -87.58644236831432)"
CICERO AND I55,2251,4200 S CICERO AVENUE,05/07/2016,55,1145023.742859509,1876358.276835519,41.816729387,-87.743536712,"(41.81672938674739, -87.74353671247594)"
ELSTON AND IRVING PARK,1503,3700 W IRVING PARK ROA,05/08/2016,4,,,,,
AUSTIN AND ADDISON,1491,3600 N AUSTIN AVENUE,06/02/2017,2,1135691.599896458,1923335.967306169,41.945813215,-87.776652162,"(41.9458132146695, -87.77665216156436)"
COTTAGE GROVE AND 71ST,2571,7100 S COTTAGE GROVE,06/02/2017,4,1182746.23698699,1858088.011064538,41.765800351,-87.605729127,"(41.76580035131893, -87.6057291269901)"
PULASKI AND CHICAGO,1983,4000 W CHICAGO AVENUE,05/07/2016,8,1149561.855939692,1905086.596446259,41.895476752,-87.72614436,"(41.89547675163723, -87.72614435991626)"
55TH AND WESTERN,2213,2400 W 55TH STREET,05/08/2016,6,1161277.012730599,1868185.749490228,41.793981347,-87.684141741,"(41.7939813465735, -87.68414174128355)"
LAFAYETTE AND 87TH,2503,30 W 87TH STREET,06/02/2017,10,1177407.651800237,1847320.772058312,41.736376037,-87.625621311,"(41.736376036604916, -87.62562131092602)"
WESTERN AND NORTH,1853,2400 W NORTH AVE,05/08/2016,6,1160100.839010995,1910612.783367238,41.910429862,-87.687284221,"(41.91042986235867, -87.68728422050837)"
CENTRAL AND FULLERTON,1444,5600 W FULLERTON AVENU,05/07/2016,4,1138627.279189421,1915438.969256439,41.924090199,-87.76605353,"(41.92409019883488, -87.76605353016079)"
111TH AND HALSTED,2422,11100 S HALSTED ST,05/07/2016,19,1172923.657689312,1831209.044179248,41.692263123,-87.642522688,"(41.692263123425136, -87.6425226876268)"
HAMLIN AND MADISON,1903,3800 W MADISON STREET,05/08/2016,11,1151032.709141294,1899784.033986533,41.880897273,-87.720881226,"(41.880897273491264, -87.72088122613924)"
HALSTED AND NORTH,1764,800 W NORTH AVENUE,06/02/2017,5,1170700.68422007,1910913.190749698,41.91102851,-87.648335806,"(41.91102850981186, -87.64833580602037)"
KEDZIE AND 31ST,2134,3200 W 31ST STREET,05/08/2016,3,1155487.128005646,1883943.061106793,41.8373395,-87.704950558,"(41.83733950029648, -87.70495055800411)"
TOUHY AND OSCEOLA,1244,7432 W TOUHY AVENUE,05/07/2016,2,1125717.010560011,1947269.685461107,42.011661765,-87.812781431,"(42.01166176507329, -87.81278143114147)"
DIVISION AND DAMEN,1734,2000 W DIVISION,05/08/2016,16,1162815.710860194,1908034.672555531,41.903298793,-87.677383247,"(41.903298792681944, -87.67738324739636)"
KEDZIE AND 26TH,2381,2600 S KEDZIE AVENUE,05/09/2016,1,1155404.235510285,1886524.460033054,41.844424831,-87.705185452,"(41.84442483084393, -87.70518545233183)"
DAMEN AND DIVERSEY,1462,2800 N DAMEN AVENUE,05/09/2016,7,1162490.04851994,1918611.623717091,41.932329494,-87.678282719,"(41.9323294940985, -87.67828271931386)"
WESTERN AND CHICAGO,1943,2400 W CHICAGO AVE,05/09/2016,1,1160226.686812944,1905300.904544474,41.895851041,-87.686968935,"(41.895851041123755, -87.68696893468467)"
VAN BUREN AND WESTERN,2052,400 S WESTERN AVENUE,05/09/2016,34,1160431.682297829,1898091.942371589,41.876064776,-87.686415631,"(41.87606477642526, -87.68641563098768)"
PULASKI AND IRVING PARK,1574,4000 W IRVING PARK RD,05/09/2016,6,1148988.727877253,1926320.954938409,41.953756874,-87.727698513,"(41.95375687447515, -87.72769851312907)"
ROOSEVELT AND PULASKI,2314,4000 W ROOSEVELT ROAD,05/09/2016,6,1149885.032049683,1894449.464076882,41.866281003,-87.72523422,"(41.866281002664536, -87.72523421983905)"
STONEY ISLAND AND 79TH,2464,1600 E 79TH ST,05/09/2016,1,1188284.704439907,1852964.829047574,41.751611523,-87.585592284,"(41.75161152327319, -87.58559228428787)"
PULASKI AND ARMITAGE,1844,4000 W ARMITAGE AVENUE,05/09/2016,2,1149375.428872108,1913028.984273181,41.917275069,-87.726622746,"(41.91727506940875, -87.72662274644799)"
HALSTED AND 103RD,2592,10300 S HALSTED STREE,05/09/2016,3,,,,,
STONEY ISLAND AND 76TH,2632,7600 S STONY ISLAND A,05/09/2016,17,1188092.796191935,1854889.354158304,41.756897173,-87.586234285,"(41.75689717260223, -87.58623428506996)"
MONTROSE AND WESTERN,1221,4400 N WESTERN AVENUE,05/09/2016,6,1159539.733234718,1929183.918095502,41.961401846,-87.688832623,"(41.961401846278505, -87.6888326227788)"
SHERIDAN AND FOSTER,1134,1000 W FOSTER AVE,05/09/2016,2,1168689.247756979,1934758.578141654,41.976505116,-87.655031882,"(41.97650511595711, -87.65503188224778)"
ROOSEVELT AND PULASKI,2311,1200 S PULASKI ROAD,05/09/2016,2,1149866.002247864,1894375.839200384,41.866079337,-87.725305995,"(41.86607933722178, -87.7253059948758)"
115TH AND HALSTED,2553,800 W 115TH STREET,05/09/2016,5,1173010.735357888,1828632.242070332,41.685190056,-87.642279564,"(41.68519005571938, -87.64227956401977)"
87TH AND VINCENNES,2412,8700 S VINCENNES,05/09/2016,4,1172026.328989535,1847142.496643776,41.736006565,-87.645341819,"(41.73600656458518, -87.64534181897955)"
PULASKI AND DIVERSEY,1542,2800 N PULASKI ROAD,05/09/2016,3,1149200.724531183,1918332.222549679,41.931831026,-87.727126873,"(41.93183102561505, -87.72712687300454)"
KEDZIE AND 63RD,2364,3200 W 63RD ST,05/09/2016,7,1156103.348831225,1862717.565210739,41.779081505,-87.703260365,"(41.77908150488341, -87.70326036544745)"
PETERSON AND WESTERN,1014,2400 W PETERSON,05/09/2016,1,1159214.211316277,1939825.301874586,41.99060901,-87.689735481,"(41.990609009807294, -87.68973548092968)"
CALIFORNIA AND DEVON,1323,2800 W DEVON AVENUE,05/09/2016,2,1156484.528078038,1942377.980662191,41.997669523,-87.699706423,"(41.99766952286052, -87.69970642324591)"
KOSTNER AND NORTH,2012,4400 W GRAND AVE,05/09/2016,3,1146773.519128439,1910425.663958581,41.91018141,-87.73624887,"(41.910181409597406, -87.73624887040725)"
MADISON AND WESTERN,1931,1 S WESTERN AVE,05/09/2016,3,1160453.827721979,1899933.703473746,41.881118279,-87.686283339,"(41.881118278833966, -87.686283338873)"
ELSTON AND IRVING PARK,1502,4000 N ELSTON AVENUE,05/09/2016,3,1151273.974828198,1926311.849469842,41.953687266,-87.719297882,"(41.95368726563273, -87.71929788151473)"
CORTLAND AND ASHLAND,1723,1600 W CORTLAND ST,05/09/2016,3,1165377.660768235,1912768.773647285,41.916235337,-87.667837772,"(41.91623533746878, -87.66783777212962)"
55TH AND KEDZIE,2163,3200 W 55TH STREET,05/09/2016,1,1155966.956993183,1868015.593764152,41.793622803,-87.703618141,"(41.79362280329978, -87.70361814062049)"
ASHLAND AND IRVING PARK,1151,4000 N ASHLAND AVENUE,05/09/2016,5,1164899.463802581,1926665.661118925,41.954379326,-87.66919912,"(41.954379326212695, -87.66919911980419)"
63RD AND STATE,2714,1 E 63RD ST,05/09/2016,4,1177367.518733101,1863199.17768559,41.779949105,-87.625289553,"(41.779949104569106, -87.62528955333775)"
CICERO AND WASHINGTON,1891,100 N CICERO AVENUE,05/09/2016,4,1144328.984091479,1900095.170838459,41.88187971,-87.745489247,"(41.88187970991601, -87.7454892473012)"
HALSTED AND MADISON,1872,1 N HALSTED STREET,06/02/2017,8,1171090.967986833,1900270.454015136,41.881815632,-87.647214717,"(41.88181563164203, -87.64721471704077)"
ELSTON AND IRVING PARK,1503,3700 W IRVING PARK ROA,05/09/2016,6,,,,,
OGDEN AND KOSTNER,2223,4400 W OGDEN AVENUE,05/09/2016,6,1147406.592439224,1887689.099869462,41.847777523,-87.734505969,"(41.84777752280453, -87.73450596874825)"
CICERO AND FULLERTON,1474,4800 W FULLERTON AVE,05/09/2016,4,1143967.570794243,1915568.504954477,41.924347036,-87.74642764,"(41.924347036010694, -87.74642763965628)"
CENTRAL AND LAKE,1743,5600 W LAKE STREET,05/09/2016,5,1138951.495695032,1902230.510465733,41.887838735,-87.765183663,"(41.887838735330206, -87.76518366338465)"
MILWAUKEE AND MONTROSE,1362,4400 N MILWAUKEE AVEN,05/09/2016,1,1141643.943268783,1928770.256316239,41.96061723,-87.75463824,"(41.9606172296957, -87.75463824007085)"
IRVING PARK AND NARRAGANSETT,1024,6400 W IRVING PK,05/09/2016,2,1132945.939118726,1925946.304925137,41.953024751,-87.786683238,"(41.95302475075328, -87.78668323766634)"
CICERO AND WASHINGTON,1892,100 N CICERO AVENUE,05/09/2016,6,1144328.984091479,1900095.170838459,41.88187971,-87.745489247,"(41.88187970991601, -87.7454892473012)"
MILWAUKEE AND MONTROSE,1364,5075 W MONTROSE AVENUE,05/09/2016,2,1141716.746618898,1928736.076639057,41.960522088,-87.754371424,"(41.96052208819935, -87.75437142402293)"
4700 WESTERN,2142,4700 S WESTERN AVENUE,05/09/2016,8,1161120.438879703,1873431.066474726,41.808378408,-87.684570717,"(41.808378407946726, -87.68457071689552)"
ARCHER AND CICERO,2081,5200 S CICERO AVE,05/09/2016,24,1145195.931989777,1869737.708306623,41.798558278,-87.743071866,"(41.798558278193305, -87.74307186616427)"
WENTWORTH AND GARFIELD,2261,5500 S WENTWORTH AVEN,05/09/2016,11,,,,,
COLUMBUS AND ILLINOIS,1951,500 N COLUMBUS DRIVE,05/09/2016,6,1178372.808407292,1903693.06016042,41.891044569,-87.620371839,"(41.891044569124276, -87.620371839074)"
CALIFORNIA AND DIVERSEY,1514,2800 W DIVERSEY,05/09/2016,33,1157212.54253358,1918526.674434943,41.932205395,-87.697679244,"(41.93220539506452, -87.6976792438691)"
PULASKI AND ARCHER,2153,5000 S ARCHER AVE,06/02/2017,3,1150501.818909837,1871162.311703322,41.802365973,-87.723576766,"(41.80236597333895, -87.72357676611004)"
35TH AND WESTERN,2091,3500 S WESTERN,05/09/2016,4,1160894.949857101,1881376.851112895,41.830187255,-87.685177925,"(41.83018725526863, -87.68517792510231)"
ROOSEVELT AND HALSTED,2234,800 W ROOSEVELT ROAD,05/09/2016,14,1171199.282357741,1894968.056393724,41.867263098,-87.646972686,"(41.86726309836901, -87.64697268601648)"
AUSTIN AND ADDISON,1491,3600 N AUSTIN AVENUE,05/09/2016,3,1135691.599896458,1923335.967306169,41.945813215,-87.776652162,"(41.9458132146695, -87.77665216156436)"
WESTERN AND 63RD,2373,2400 W 63RD ST,05/09/2016,1,1161444.415758584,1862848.534703658,41.779331844,-87.683675761,"(41.77933184429814, -87.68367576084798)"
WESTERN AND FOSTER,1074,2400 W FOSTER AVE,05/09/2016,2,1159379.402846887,1934502.712486132,41.97600019,-87.689275084,"(41.97600018976586, -87.68927508385399)"
PULASKI AND DIVERSEY,1543,4000 W DIVERSEY AVENUE,05/09/2016,1,1149206.496130705,1918356.569267582,41.931897723,-87.72710503,"(41.9318977231462, -87.72710503045386)"
WESTERN AND FOSTER,1072,5200 N WESTERN AVE,05/09/2016,2,1159372.922497116,1934478.313674003,41.975933372,-87.689299589,"(41.97593337199358, -87.6892995891816)"
SACRAMENTO AND LAKE,1821,150 N SACRAMENTO BOUL,05/09/2016,4,1156319.560664766,1900957.489351962,41.884012178,-87.701436479,"(41.88401217771363, -87.7014364786693)"
TOUHY AND OSCEOLA,1244,7432 W TOUHY AVENUE,05/09/2016,4,1125717.010560011,1947269.685461107,42.011661765,-87.812781431,"(42.01166176507329, -87.81278143114147)"
WESTERN AND CERMAK,1002,2200 S WESTERN AVENUE,05/09/2016,5,1160669.42562757,1889318.196820393,41.85198384,-87.685785704,"(41.85198383957328, -87.68578570420526)"
STONEY ISLAND AND 79TH,2462,7900 S STONEY ISLAND,05/09/2016,2,1188181.571068297,1852908.934789311,41.751460603,-87.585971993,"(41.75146060316686, -87.5859719929647)"
PULASKI AND DIVISION,1802,1200 N PULASKI ROAD,05/09/2016,2,1149459.590666926,1907723.219884254,41.902713902,-87.726451457,"(41.902713901936174, -87.72645145715836)"
ASHLAND AND FULLERTON,1651,2400 N ASHLAND AVENUE,05/09/2016,6,1165228.073342838,1916032.319169157,41.92519389,-87.668294363,"(41.92519388981048, -87.66829436339881)"
DAMEN AND 63RD,2702,6300 S DAMEN AVENUE,05/09/2016,4,1164069.407943298,1862830.277442834,41.779226921,-87.674052731,"(41.77922692069256, -87.67405273137854)"
JEFFERY AND 95TH,2522,9500 S JEFFERY AVE,05/09/2016,4,1191132.420601301,1842335.735988875,41.722375907,-87.575499903,"(41.72237590704101, -87.57549990332795)"
BELMONT AND KEDZIE,1373,3200 W BELMONT,05/09/2016,2,1154461.587940363,1921143.091003516,41.939440561,-87.707718516,"(41.93944056117365, -87.70771851630873)"
63RD AND STATE,2712,6300 S STATE ST,05/09/2016,7,1177303.801895084,1863220.216755923,41.780008277,-87.625522512,"(41.78000827740796, -87.6255225119157)"
ELSTON AND ADDISON,1403,3216 W ADDISON ST,05/09/2016,4,1154199.729816868,1923799.345386665,41.946734755,-87.708609774,"(41.946734754927796, -87.7086097735515)"
WESTERN AND FULLERTON,1672,2400 N WESTERN AVENUE,05/09/2016,1,1159923.309342995,1915897.778561358,41.924935944,-87.687790255,"(41.92493594409127, -87.68779025471278)"
ROOSEVELT AND KOSTNER,2323,4400 W ROOSEVELT,05/09/2016,4,1147200.963258796,1894379.538078088,41.866140868,-87.73508956,"(41.866140867641654, -87.73508956008207)"
PULASKI AND CHICAGO,1983,4000 W CHICAGO AVENUE,05/09/2016,3,1149561.855939692,1905086.596446259,41.895476752,-87.72614436,"(41.89547675163723, -87.72614435991626)"
ASHLAND AND DIVISION,1791,1200 N ASHLAND AVENUE,06/02/2017,12,1165466.997046718,1908083.767015974,41.903377468,-87.667643142,"(41.903377467566784, -87.66764314227497)"
111TH AND HALSTED,2424,800 W 111TH ST,05/09/2016,4,1172945.404219168,1831282.917027882,41.692465363,-87.642440901,"(41.692465363421874, -87.64244090105778)"
ASHLAND AND LAWRENCE,1142,4800 N ASHLAND AVENUE,05/09/2016,6,1164751.686785145,1932001.206626392,41.96902343,-87.669590434,"(41.969023429614026, -87.66959043354217)"
DIVISION AND DAMEN,1733,2000 W DIVISION,05/09/2016,2,1162815.710860194,1908034.672555531,41.903298793,-87.677383247,"(41.903298792681944, -87.67738324739636)"
CICERO AND DIVERSEY,1691,2800 N CICERO AVENUE,06/02/2017,3,1143863.647574835,1918202.018463414,41.931575608,-87.746743301,"(41.93157560844622, -87.74674330113561)"
KOSTNER AND NORTH,2011,1600 N KOSTNER,05/09/2016,1,1146732.108679105,1910282.120990798,41.909788304,-87.736404667,"(41.90978830394343, -87.73640466739216)"
ADDISON AND HARLEM,1591,3600 N HARLEM AVENUE,05/09/2016,6,1127394.594070737,1923110.532422811,41.945338412,-87.807154769,"(41.94533841246591, -87.80715476912044)"
IRVING PARK AND LARAMIE,1533,5200 W IRVING PARK ROA,05/09/2016,6,,,,,
WESTERN AND 71ST,2614,2400 W 71ST STREET,05/09/2016,1,1161584.506819846,1857557.788853485,41.764810388,-87.683308769,"(41.76481038827884, -87.68330876944678)"
BELMONT AND KEDZIE,1372,3200 N KEDZIE AVE,05/09/2016,14,1154426.977874407,1921110.466549542,41.93935173,-87.707846594,"(41.93935173030961, -87.70784659359776)"
HOLLYWOOD AND SHERIDAN,1344,1000 W HOLLYWOOD AVE,05/09/2016,6,1168580.228926466,1938090.295189338,41.985649799,-87.655335807,"(41.98564979859328, -87.65533580655139)"
CENTRAL AND FULLERTON,1444,5600 W FULLERTON AVENU,05/09/2016,3,1138627.279189421,1915438.969256439,41.924090199,-87.76605353,"(41.92409019883488, -87.76605353016079)"
DIVERSEY AND WESTERN,1434,2400 W DIVERSEY AVENUE,05/09/2016,2,1159859.648423836,1918576.255784305,41.932287183,-87.687950093,"(41.93228718299094, -87.6879500934122)"
HARLEM AND BELMONT,1394,7200 W BELMONT AVE,05/09/2016,5,1127504.698153561,1920475.415440844,41.938105479,-87.806809552,"(41.93810547939496, -87.80680955240743)"
OGDEN AND KOSTNER,2222,2348 S KOSTNER AVENUE,05/09/2016,3,1147394.548182079,1887795.177782082,41.848068845,-87.734547457,"(41.8480688449598, -87.73454745748458)"
ASHLAND AND DIVISION,1791,1200 N ASHLAND AVENUE,05/09/2016,9,1165466.997046718,1908083.767015974,41.903377468,-87.667643142,"(41.903377467566784, -87.66764314227497)"
HALSTED AND 103RD,2593,800 W 103RD STREET,05/09/2016,6,1172778.570616036,1836587.755252818,41.70702632,-87.642896007,"(41.707026319812215, -87.64289600741817)"
DAMEN AND DIVERSEY,1464,2000 W DIVERSEY PARKWAY,05/09/2016,5,1162519.714934025,1918635.417634925,41.932394164,-87.678173031,"(41.93239416403691, -87.67817303087757)"
71ST AND ASHLAND,2394,1600 W 71ST,05/09/2016,2,1166890.012333149,1857674.2502247,41.765018306,-87.66385923,"(41.76501830555763, -87.66385923012646)"
FOSTER AND BROADWAY,1111,5200 N BROADWAY ST,05/09/2016,1,1167334.508577915,1934714.008346532,41.976412143,-87.660015082,"(41.97641214294823, -87.66001508205365)"
STONY ISLAND/CORNELL AND 67TH,2731,6700 S CORNELL DRIVE,05/09/2016,11,1188316.454860734,1860851.137456735,41.77325149,-87.5852246,"(41.77325148959568, -87.58522459967712)"
111TH AND HALSTED,2422,11100 S HALSTED ST,05/09/2016,7,1172923.657689312,1831209.044179248,41.692263123,-87.642522688,"(41.692263123425136, -87.6425226876268)"
IRVING PARK AND KEDZIE,1354,3200 W IRVING PARK ROAD,05/09/2016,6,1154325.140302006,1926458.463197156,41.954029047,-87.708077494,"(41.95402904691877, -87.70807749383191)"
WESTERN AND FULLERTON,1671,2400 N WESTERN AVENUE,05/09/2016,10,1159923.309342995,1915897.778561358,41.924935944,-87.687790255,"(41.92493594409127, -87.68779025471278)"
TOUHY AND OSCEOLA,1243,7432 W TOUHY AVENUE,05/09/2016,2,1125717.010560011,1947269.685461107,42.011661765,-87.812781431,"(42.01166176507329, -87.81278143114147)"
FULLERTON AND NARRAGANSETT,1553,6400 W FULLERTON AVENU,05/09/2016,2,1133317.594499059,1915293.661305931,41.923786189,-87.785567206,"(41.92378618871128, -87.78556720562165)"
MONTROSE AND WESTERN,1224,2400 W MONTROSE AVENUE,06/02/2017,1,1159562.971802959,1929191.337701253,41.961421726,-87.68874698,"(41.961421726406314, -87.68874697983858)"
119TH AND HALSTED,2402,11900 S HALSTED,05/09/2016,6,1173094.774616191,1825911.054609338,41.677720829,-87.642051845,"(41.67772082924762, -87.64205184498218)"
79TH AND KEDZIE,2443,3200 W 79TH ST,05/09/2016,5,1156402.644780165,1852104.649370984,41.749952001,-87.702448478,"(41.74995200142266, -87.70244847808695)"
HAMLIN AND LAKE,1882,300 N HAMLIN AVENUE,06/02/2017,3,1150970.026856642,1901381.688308858,41.885282636,-87.721069539,"(41.88528263580913, -87.72106953854511)"
CICERO AND ARMITAGE,2001,2000 N CICERO AVENUE,05/09/2016,3,1144031.525719004,1912881.8300295,41.916973325,-87.746260223,"(41.91697332451097, -87.74626022251057)"
PULASKI AND IRVING PARK,1572,4000 N PULASKI ROAD,05/09/2016,1,1148970.255325552,1926313.600468643,41.953737051,-87.727766612,"(41.95373705144353, -87.72776661179896)"
55TH AND WESTERN,2212,5500 S WESTERN AVE,05/09/2016,4,1161269.521335262,1867963.111601251,41.793370554,-87.684175377,"(41.79337055433029, -87.6841753767592)"
CERMAK AND PULASKI,2334,4000 W CERMAK,05/09/2016,3,1150018.476053666,1889120.238540361,41.851654369,-87.724882975,"(41.85165436867626, -87.7248829753078)"
PULASKI AND PETERSON,1262,6000 N PULASKI ROAD,05/09/2016,2,1148598.016685695,1939584.645960177,41.990160923,-87.728790748,"(41.99016092280557, -87.72879074759867)"
CICERO AND I55,2251,4200 S CICERO AVENUE,05/09/2016,61,1145023.742859509,1876358.276835519,41.816729387,-87.743536712,"(41.81672938674739, -87.74353671247594)"
CENTRAL AND ADDISON,1682,3600 N CENTRAL AVENUE,05/09/2016,3,1138343.117435682,1923392.067464765,41.945919491,-87.766904594,"(41.945919490555106, -87.76690459426293)"
4700 WESTERN,2141,4700 S WESTERN AVENUE,05/09/2016,5,1161120.438879703,1873431.066474726,41.808378408,-87.684570717,"(41.808378407946726, -87.68457071689552)"
WESTERN AND FOSTER,1072,5200 N WESTERN AVE,06/02/2017,1,1159372.922497116,1934478.313674003,41.975933372,-87.689299589,"(41.97593337199358, -87.6892995891816)"
HAMLIN AND LAKE,1881,300 N HAMLIN AVENUE,05/09/2016,2,1150970.026856642,1901381.688308858,41.885282636,-87.721069539,"(41.88528263580913, -87.72106953854511)"
WESTERN AND DEVON,1212,6400 N WESTERN AVENUE,05/09/2016,2,1159113.585759434,1942451.622367891,41.997817807,-87.690033035,"(41.997817807026, -87.69003303469276)"
ELSTON AND LAWRENCE,1282,4800 N ELSTON AVENUE,05/09/2016,2,1145529.344259918,1931501.601268983,41.968039361,-87.740283894,"(41.96803936143674, -87.74028389448999)"
STONY ISLAND/CORNELL AND 67TH,2721,6700 S STONY ISLAND A,05/09/2016,14,1187984.143047539,1860863.338367666,41.773292896,-87.586442368,"(41.77329289585066, -87.58644236831432)"
KIMBALL AND DIVERSEY,1583,3400 W DIVERSEY AVENUE,05/09/2016,3,1153211.149172713,1918454.477800566,41.932087747,-87.71238583,"(41.932087747378944, -87.71238582951281)"
HALSTED AND MADISON,1871,1 S HALSTED STREET,05/09/2016,3,1171092.392868784,1900234.542088741,41.881717056,-87.647210539,"(41.88171705561901, -87.64721053920604)"
115TH AND HALSTED,2552,11500 S HALSTED STREE,05/09/2016,10,,,,,
WESTERN AND NORTH,1853,2400 W NORTH AVE,05/09/2016,2,1160100.839010995,1910612.783367238,41.910429862,-87.687284221,"(41.91042986235867, -87.68728422050837)"
CICERO AND DIVERSEY,1694,4800 W DIVERSEY AVENUE,05/09/2016,1,1143869.848167704,1918226.043989398,41.93164142,-87.746719911,"(41.93164142040689, -87.7467199106462)"
WESTERN AND DEVON,1211,6400 N WESTERN AVENUE,05/09/2016,1,1159113.585759434,1942451.622367891,41.997817807,-87.690033035,"(41.997817807026, -87.69003303469276)"
MONTROSE AND WESTERN,1224,2400 W MONTROSE AVENUE,05/09/2016,1,1159562.971802959,1929191.337701253,41.961421726,-87.68874698,"(41.961421726406314, -87.68874697983858)"
55TH AND KEDZIE,2162,5500 S KEDZIE AVENUE,05/09/2016,2,1155945.854705238,1867941.621374192,41.793420237,-87.703697508,"(41.793420236755864, -87.70369750845424)"
LAFAYETTE AND 87TH,2503,30 W 87TH STREET,05/09/2016,17,1177407.651800237,1847320.772058312,41.736376037,-87.625621311,"(41.736376036604916, -87.62562131092602)"
SACRAMENTO AND LAKE,1822,150 N SACRAMENTO BOUL,05/09/2016,9,1156319.560664766,1900957.489351962,41.884012178,-87.701436479,"(41.88401217771363, -87.7014364786693)"
55TH and PULASKI,2242,5500 S PULASKI,05/09/2016,8,1150600.072649439,1867806.44512718,41.793155061,-87.723303765,"(41.793155060731024, -87.72330376464247)"
PULASKI AND DIVISION,1801,1200 N PULASKI ROAD,05/09/2016,1,1149459.590666926,1907723.219884254,41.902713902,-87.726451457,"(41.902713901936174, -87.72645145715836)"
MADISON AND WESTERN,1934,2400 W MADISON,06/02/2017,7,1160384.621277157,1899988.655722373,41.881270504,-87.68653594,"(41.88127050428818, -87.68653594017124)"
ASHLAND AND 95TH,2472,9500 S ASHLAND AVENUE,05/09/2016,4,1167295.830128711,1841695.121217916,41.721160612,-87.662828139,"(41.72116061205213, -87.66282813939165)"
DAMEN AND FULLERTON,1663,2000 W FULLERTON AVE,05/09/2016,8,1162596.935552891,1915990.579747891,41.925134944,-87.677963546,"(41.92513494374925, -87.67796354553815)"
ASHLAND AND IRVING PARK,1153,1600 W IRVING PARK ROA,05/09/2016,5,,,,,
CENTRAL AND LAKE,1742,400 N CENTRAL AVENUE,05/09/2016,2,1138928.478257537,1902217.926149854,41.887804621,-87.765268498,"(41.88780462053497, -87.76526849810371)"
COTTAGE GROVE AND 71ST,2572,7100 S COTTAGE GROVE,05/09/2016,10,1182746.23698699,1858088.011064538,41.765800351,-87.605729127,"(41.76580035131893, -87.6057291269901)"
CHICAGO AND CLARK,1963,100 W CHICAGO AVENUE,05/09/2016,3,1175374.528739575,1905745.47783364,41.896744347,-87.631321248,"(41.896744346875806, -87.63132124815151)"
CENTRAL AND FULLERTON,1442,2400 N CENTRAL AVENUE,05/09/2016,1,1138603.468418662,1915431.058212414,41.924068922,-87.766141214,"(41.92406892227644, -87.76614121413186)"
KEDZIE AND 31ST,2134,3200 W 31ST STREET,05/09/2016,4,1155487.128005646,1883943.061106793,41.8373395,-87.704950558,"(41.83733950029648, -87.70495055800411)"
SACRAMENTO AND CHICAGO,1814,3000 W CHICAGO AVENUE,05/09/2016,1,1156075.266375505,1905216.604770718,41.895704525,-87.702218524,"(41.895704524946225, -87.70221852353758)"
CORTLAND AND ASHLAND,1721,1900 N ASHLAND AVE,05/09/2016,16,1165348.084854857,1912736.454335569,41.916147281,-87.667947354,"(41.91614728095272, -87.66794735350443)"
4700 WESTERN,2142,4700 S WESTERN AVENUE,06/02/2017,3,1161120.438879703,1873431.066474726,41.808378408,-87.684570717,"(41.808378407946726, -87.68457071689552)"
75TH AND STATE,2621,7500 S STATE STREET,05/09/2016,4,1177538.763040612,1855235.551345519,41.758092176,-87.624902228,"(41.75809217638291, -87.6249022282473)"
ASHLAND AND 87TH,2452,8700 S ASHLAND AVE,05/09/2016,2,1167150.470087748,1846991.212339794,41.735696989,-87.663209544,"(41.73569698863625, -87.66320954445679)"
KEDZIE AND 31ST,2132,3100 S KEDZIE AVENUE,05/09/2016,4,1155483.167539854,1883867.660503274,41.837132671,-87.704967115,"(41.837132671422296, -87.70496711478727)"
BROADWAY/SHERIDAN AND DEVON,1122,6400 N SHERIDAN ROAD,05/09/2016,7,1167087.151194129,1942658.704988689,41.998217921,-87.660695256,"(41.99821792053241, -87.6606952555721)"
LAWRENCE AND WESTERN,1193,2400 W LAWRENCE AVENUE,05/09/2016,1,1159482.648570304,1931851.989492596,41.968724349,-87.688968727,"(41.96872434882172, -87.68896872699601)"
CICERO AND CHICAGO,1781,800 N CICERO AVENUE,05/09/2016,3,1144169.162482127,1904893.189220372,41.895049038,-87.745955516,"(41.89504903796389, -87.74595551626888)"
PULASKI AND FOSTER,1102,5200 N PULASKI RD,06/02/2017,4,1148746.251286324,1934286.914361976,41.97562074,-87.728383135,"(41.97562073966174, -87.72838313514907)"
CLARK AND FULLERTON,1632,2400 N CLARK ST,05/09/2016,4,1172749.562209477,1916238.997132859,41.925597623,-87.640650973,"(41.925597623023144, -87.64065097309872)"
WESTERN AND NORTH,1851,1600 N WESTERN AVE,05/09/2016,3,1160077.474351131,1910605.013316134,41.910409024,-87.687370268,"(41.91040902362901, -87.687370268401)"
WESTERN AND MARQUETTE,2672,6700 S WESTERN AVENUE,05/09/2016,6,1161488.747635042,1860134.788366884,41.771884028,-87.683588402,"(41.77188402771193, -87.68358840206334)"
HALSTED AND MADISON,1872,1 N HALSTED STREET,05/09/2016,1,1171090.967986833,1900270.454015136,41.881815632,-87.647214717,"(41.88181563164203, -87.64721471704077)"
KOSTNER AND NORTH,2011,1600 N KOSTNER,06/02/2017,1,1146732.108679105,1910282.120990798,41.909788304,-87.736404667,"(41.90978830394343, -87.73640466739216)"
AUSTIN AND ADDISON,1493,6000 W ADDISON STREET,06/02/2017,1,1135698.173154422,1923360.229527805,41.945879676,-87.776627421,"(41.94587967559099, -87.77662742093737)"
CICERO AND ADDISON,1611,3600 N CICERO AVENUE,05/09/2016,1,1143698.904601495,1923517.005821035,41.946163524,-87.747215169,"(41.94616352362556, -87.74721516897007)"
WESTERN AND ADDISON,1562,3600 N WESTERN AVENUE,05/09/2016,4,1159695.573342728,1923871.086283556,41.94681992,-87.688406662,"(41.94681991986288, -87.68840666206194)"
MILWAUKEE AND DEVON,1274,6400 W DEVON AVENUE,05/09/2016,10,1132590.619798275,1942138.532048656,41.997463981,-87.787610243,"(41.99746398102873, -87.78761024341388)"
HAMLIN AND MADISON,1903,3800 W MADISON STREET,05/09/2016,4,1151032.709141294,1899784.033986533,41.880897273,-87.720881226,"(41.880897273491264, -87.72088122613924)"
CLARK AND IRVING PARK,1091,4000 N CLARK STREET,05/09/2016,1,1166736.149822904,1926699.323624709,41.954432441,-87.662446259,"(41.95443244141688, -87.66244625914061)"
PULASKI AND NORTH,1994,4000 W NORTH AVENUE,05/09/2016,1,1149456.2688422,1910376.774019002,41.909995582,-87.726394693,"(41.90999558160536, -87.72639469321471)"
SHERIDAN AND FOSTER,1132,5200 N SHERIDAN ROAD,06/02/2017,1,1168661.623718229,1934753.842272756,41.976492721,-87.655133605,"(41.97649272077833, -87.65513360456677)"
PULASKI AND CHICAGO,1983,4000 W CHICAGO AVENUE,06/02/2017,6,1149561.855939692,1905086.596446259,41.895476752,-87.72614436,"(41.89547675163723, -87.72614435991626)"
KEDZIE AND ARMITAGE,1832,2000 N KEDZIE AVENUE,05/09/2016,11,1154684.031809326,1913129.496340896,41.917446172,-87.707116072,"(41.91744617191702, -87.70711607187832)"
CORTLAND AND ASHLAND,1721,1900 N ASHLAND AVE,06/02/2017,21,1165348.084854857,1912736.454335569,41.916147281,-87.667947354,"(41.91614728095272, -87.66794735350443)"
CENTRAL AND CHICAGO,1972,800 N CENTRAL AVENUE,05/09/2016,2,1138836.562608552,1904801.732832435,41.894896579,-87.765543258,"(41.89489657939746, -87.76554325845893)"
99TH AND HALSTED,2433,800 W 99TH ST,05/09/2016,10,1172710.642565684,1839246.330602143,41.714323337,-87.643066714,"(41.71432333701137, -87.64306671421937)"
KEDZIE AND 47TH,2104,3200 W 47TH ST,05/09/2016,1,1155815.231505056,1873336.169728074,41.808226246,-87.704031672,"(41.808226246244026, -87.70403167215984)"
HOMAN/KIMBALL AND NORTH,1773,3400 W NORTH AVE,05/09/2016,12,1153386.578905125,1910465.87061722,41.910162847,-87.711953868,"(41.91016284680269, -87.71195386769125)"
WESTERN AND DEVON,1211,6400 N WESTERN AVENUE,06/02/2017,2,1159113.585759434,1942451.622367891,41.997817807,-87.690033035,"(41.997817807026, -87.69003303469276)"
PULASKI AND FOSTER,1104,4000 W FOSTER AVE,05/09/2016,8,1148759.16134887,1934294.249006446,41.975640616,-87.728335469,"(41.975640616231914, -87.72833546926573)"
KEDZIE AND ARMITAGE,1834,3200 W ARMITAGE AVENUE,05/09/2016,1,1154700.851347995,1913153.252187904,41.917511023,-87.707053639,"(41.91751102291878, -87.7070536388797)"
COLUMBUS AND ILLINOIS,1952,500 N COLUMBUS DRIVE,05/09/2016,3,1178372.808407292,1903693.06016042,41.891044569,-87.620371839,"(41.891044569124276, -87.620371839074)"
FOSTER AND NAGLE,1031,5200 N NAGLE,05/09/2016,10,1132529.656558223,1934201.702060651,41.97568567,-87.788020406,"(41.97568566971868, -87.78802040620296)"
CALIFORNIA AND DEVON,1321,6400 N CALIFORNIA AVE,05/09/2016,2,1156461.150245401,1942370.37710537,41.997649133,-87.699792629,"(41.997649133049336, -87.69979262891378)"
WESTERN AND TOUHY,1252,7200 N WESTERN AVENUE,05/09/2016,2,1158975.66256211,1947754.286963361,42.012371335,-87.690393917,"(42.012371334791766, -87.69039391737863)"
IRVING PARK AND LARAMIE,1534,5200 W IRVING PARK ROA,05/09/2016,2,,,,,
35TH AND WESTERN,2092,3500 S WESTERN,05/09/2016,7,1160894.949857101,1881376.851112895,41.830187255,-87.685177925,"(41.83018725526863, -87.68517792510231)"
CICERO AND NORTH,2033,4800 W NORTH AVENUE,05/09/2016,1,1144053.733747163,1910243.80567041,41.90973389,-87.746244973,"(41.909733890131285, -87.74624497295898)"
KOSTNER AND NORTH,2013,4400 W NORTH,05/09/2016,7,1146738.551618032,1910309.595368032,41.909863573,-87.736380296,"(41.90986357340246, -87.73638029605371)"
ELSTON AND ADDISON,1402,3600 N ELSTON AVE,05/09/2016,2,1154106.95251778,1923731.036211081,41.946549165,-87.708952626,"(41.94654916480637, -87.70895262603513)"
FULLERTON AND NARRAGANSETT,1554,6400 W FULLERTON AVENU,05/09/2016,5,1133317.594499059,1915293.661305931,41.923786189,-87.785567206,"(41.92378618871128, -87.78556720562165)"
HALSTED AND FULLERTON,1704,800 W FULLERTON AVENUE,05/09/2016,5,1170525.624723311,1916208.443992778,41.925562791,-87.648823641,"(41.92556279107417, -87.64882364145232)"
CICERO AND PETERSON,1202,6000 N CICERO AVENUE,05/09/2016,9,1143247.733553094,1939479.342905704,41.989973915,-87.748473024,"(41.98997391514614, -87.74847302426933)"
STATE AND 79TH,2654,1 E 79TH STREET,05/09/2016,20,1177680.113652821,1852598.313477786,41.750852096,-87.624463832,"(41.75085209551078, -87.62446383210285)"
ELSTON AND LAWRENCE,1284,4440 W LAWRENCE AVENUE,05/09/2016,8,1145715.061027481,1931571.0474838,41.968226398,-87.739599251,"(41.96822639754791, -87.73959925065756)"
IRVING PARK AND NARRAGANSETT,1024,6400 W IRVING PK,06/02/2017,1,1132945.939118726,1925946.304925137,41.953024751,-87.786683238,"(41.95302475075328, -87.78668323766634)"
WESTERN AND CHICAGO,1941,800 N WESTERN AVE,05/09/2016,3,1160220.967978608,1905277.507115921,41.895786955,-87.686990586,"(41.89578695485361, -87.68699058611217)"
HALSTED AND 103RD,2593,800 W 103RD STREET,06/02/2017,3,1172778.570616036,1836587.755252818,41.70702632,-87.642896007,"(41.707026319812215, -87.64289600741817)"
55TH and PULASKI,2244,4000 W 55TH ST,05/09/2016,1,1150621.676903861,1867864.274865394,41.793313334,-87.723223038,"(41.79331333358753, -87.72322303812588)"
ROOSEVELT AND PULASKI,2311,1200 S PULASKI ROAD,06/02/2017,6,1149866.002247864,1894375.839200384,41.866079337,-87.725305995,"(41.86607933722178, -87.7253059948758)"
PULASKI AND FOSTER,1102,5200 N PULASKI RD,05/09/2016,8,1148746.251286324,1934286.914361976,41.97562074,-87.728383135,"(41.97562073966174, -87.72838313514907)"
CLARK AND IRVING PARK,1093,1300 W IRVING PARK ROAD,05/09/2016,3,1166777.545456989,1926719.73687357,41.954487567,-87.662293496,"(41.95448756687966, -87.66229349585691)"
COLUMBUS AND ILLINOIS,1952,500 N COLUMBUS DRIVE,06/02/2017,13,1178372.808407292,1903693.06016042,41.891044569,-87.620371839,"(41.891044569124276, -87.620371839074)"
CICERO AND PETERSON,1204,4800 W PETERSON AVENUE,05/09/2016,1,1143273.766829016,1939491.944645127,41.990008007,-87.748376951,"(41.99000800729908, -87.74837695118997)"
PULASKI AND BELMONT,1382,3200 N PULASKI RD,05/09/2016,1,1149125.621478734,1920994.556178086,41.939138154,-87.72733371,"(41.939138153500274, -87.7273337101426)"
HALSTED AND DIVISION,1714,800 W DIVISION,05/09/2016,13,1170767.827960358,1908259.644151662,41.903745557,-87.648167011,"(41.90374555734733, -87.64816701062779)"
CALIFORNIA AND PETERSON,1313,2800 W PETERSON AVENUE,05/09/2016,2,1156569.515341857,1939784.830544118,41.990552082,-87.699464396,"(41.990552081681564, -87.69946439622785)"
FOSTER AND BROADWAY,1113,1200 W FOSTER AVE,05/09/2016,4,1167357.095930752,1934721.393266777,41.97643192,-87.659931806,"(41.97643192018459, -87.65993180604016)"
31ST ST AND MARTIN LUTHER KING DRIVE,2123,400 E 31ST STREET,05/09/2016,3,1179437.985396417,1884565.84226022,41.838534018,-87.617046113,"(41.838534018118914, -87.61704611345726)"
PULASKI AND 63RD,2342,6300 S PULASKI RD,05/09/2016,7,1150746.00309079,1862516.747695325,41.778636469,-87.722906356,"(41.77863646878099, -87.72290635568541)"
CICERO AND HARRISON,2022,600 S CICERO AVENUE,05/09/2016,10,1144444.97442848,1896894.622216872,41.873094833,-87.745143869,"(41.873094832519136, -87.74514386884542)"
HOMAN/KIMBALL AND NORTH,1771,1600 N HOMAN AVENUE,05/09/2016,3,,,,,
DIVISION AND DAMEN,1734,2000 W DIVISION,05/09/2016,7,1162815.710860194,1908034.672555531,41.903298793,-87.677383247,"(41.903298792681944, -87.67738324739636)"
PULASKI AND ARCHER,2154,5000 S ARCHER AVE,05/09/2016,3,1150501.818909837,1871162.311703322,41.802365973,-87.723576766,"(41.80236597333895, -87.72357676611004)"
CICERO AND 47TH,2204,4800 W 47TH ST,05/09/2016,6,1145130.048925744,1873078.44198302,41.807727017,-87.743229366,"(41.80772701677172, -87.74322936566276)"
CICERO AND FULLERTON,1472,2400 N CICERO AVE,05/09/2016,2,1143961.592189569,1915545.343094087,41.92428359,-87.74645019,"(41.92428358982701, -87.74645019028947)"
HALSTED AND NORTH,1761,1600 N HALSTED STREET,05/09/2016,3,1170678.283433825,1910880.991397547,41.910940644,-87.648419043,"(41.91094064391597, -87.64841904272998)"
DAMEN AND DIVERSEY,1464,2000 W DIVERSEY PARKWAY,06/02/2017,3,1162519.714934025,1918635.417634925,41.932394164,-87.678173031,"(41.93239416403691, -87.67817303087757)"
CICERO AND ADDISON,1612,3600 N CICERO AVENUE,05/09/2016,7,1143698.904601495,1923517.005821035,41.946163524,-87.747215169,"(41.94616352362556, -87.74721516897007)"
LAKE SHORE DR AND BELMONT,1412,3200 N LAKESHORE DRIV,05/09/2016,11,1173053.220555078,1921821.380831705,41.940909163,-87.63936916,"(41.94090916326764, -87.63936915995522)"
CICERO AND 47TH,2202,4700 S CICERO AVE,05/09/2016,1,1145112.150373471,1873006.659918126,41.807530373,-87.743296821,"(41.80753037289406, -87.7432968212423)"
IRVING PARK AND CALIFORNIA,1234,2800 W IRVING PARK ROA,05/09/2016,1,,,,,
75TH AND STATE,2624,1 E 75TH STREET,06/02/2017,16,1177601.72646404,1855229.486604181,41.758074111,-87.624671658,"(41.75807411097799, -87.62467165835182)"
HAMLIN AND LAKE,1882,300 N HAMLIN AVENUE,05/09/2016,3,1150970.026856642,1901381.688308858,41.885282636,-87.721069539,"(41.88528263580913, -87.72106953854511)"
WESTERN AND 79TH,2481,7900 S WESTERN AVE,05/09/2016,7,1161711.516404028,1852181.685686118,41.750054934,-87.682992203,"(41.750054933649984, -87.68299220290213)"
AUSTIN AND IRVING PARK,1161,4000 N AUSTIN AVENUE,05/09/2016,4,1135599.956110927,1926006.862619986,41.953144059,-87.776925284,"(41.95314405904539, -87.77692528423394)"
IRVING PARK AND KILPATRICK,2764,4700 W IRVING PARK ROA,05/09/2016,1,,,,,
HALSTED AND FULLERTON,1701,2400 N HALSTED STREET,05/09/2016,1,1170501.602639925,1916200.061550148,41.925540315,-87.648912156,"(41.925540315431995, -87.64891215551155)"
CENTRAL AND CHICAGO,1973,5600 W CHICAGO AVENUE,05/09/2016,2,1138858.856732452,1904825.827586656,41.894962293,-87.765460791,"(41.89496229349977, -87.76546079122906)"
LARAMIE AND MADISON,2043,5200 W MADISON STREET,06/02/2017,5,1141706.965522802,1899567.55684314,41.880480752,-87.755130433,"(41.88048075170171, -87.75513043296509)"
KEDZIE AND 71ST,2354,3200 W 71ST STREET,05/09/2016,1,1156246.862901455,1857404.014959868,41.764497433,-87.702877023,"(41.76449743256955, -87.70287702335861)"
PULASKI AND PETERSON,1263,4000 W PETERSON AVENUE,05/09/2016,7,1148618.560490339,1939615.133928395,41.990244186,-87.728714391,"(41.99024418564742, -87.7287143910091)"
DIVERSEY AND WESTERN,1431,2800 N WESTERN AVENUE,05/09/2016,5,1159837.205417355,1918550.506189309,41.932216988,-87.688033281,"(41.93221698794738, -87.68803328089533)"
55TH AND WESTERN,2213,2400 W 55TH STREET,05/09/2016,6,1161277.012730599,1868185.749490228,41.793981347,-87.684141741,"(41.7939813465735, -87.68414174128355)"
IRVING PARK AND KILPATRICK,2764,4700 W IRVING PARK ROA,06/02/2017,1,,,,,
CALIFORNIA AND DIVERSEY,1514,2800 W DIVERSEY,06/02/2017,28,1157212.54253358,1918526.674434943,41.932205395,-87.697679244,"(41.93220539506452, -87.6976792438691)"
LAFAYETTE AND 87TH,2502,8700 S LAFAYETTE AVEN,05/09/2016,12,1177417.493180297,1847243.988223464,41.73616511,-87.625587569,"(41.73616511008592, -87.62558756899932)"
ASHLAND AND 87TH,2454,1600 W 87TH ST,05/09/2016,2,1167171.941297436,1847064.855345151,41.735898617,-87.663128781,"(41.735898617066006, -87.66312878090133)"
79TH AND HALSTED,2541,7900 S HALSTED STREET,05/09/2016,3,1172298.707400847,1852444.344822186,41.750549559,-87.644188368,"(41.750549559438944, -87.64418836784098)"
ASHLAND AND MADISON,1911,0 N ASHLAND AVE,05/09/2016,11,,,,,
PULASKI AND ARCHER,2153,5000 S ARCHER AVE,05/09/2016,1,1150501.818909837,1871162.311703322,41.802365973,-87.723576766,"(41.80236597333895, -87.72357676611004)"
DAMEN AND 63RD,2701,6300 S DAMEN AVENUE,05/09/2016,3,1164069.407943298,1862830.277442834,41.779226921,-87.674052731,"(41.77922692069256, -87.67405273137854)"
ASHLAND AND LAWRENCE,1143,1600 W LAWRENCE AVENUE,05/09/2016,7,1164771.946929007,1931988.254061312,41.968987457,-87.669516307,"(41.96898745654617, -87.66951630654926)"
WESTERN AND 79TH,2484,2400 W 79TH ST,05/09/2016,1,1161758.68085177,1852242.255513454,41.750220168,-87.682817693,"(41.75022016799851, -87.68281769253687)"
ASHLAND AND FULLERTON,1652,2400 N ASHLAND AVENUE,05/09/2016,10,1165228.073342838,1916032.319169157,41.92519389,-87.668294363,"(41.92519388981048, -87.66829436339881)"
PERSHING AND WESTERN,2114,2400 W PERSHING ROAD,05/09/2016,4,1160957.773623189,1878793.434193427,41.82309676,-87.685018951,"(41.82309676016606, -87.68501895061576)"
CANAL AND ROOSEVELT,2294,500 W ROOSEVELT ROAD,05/09/2016,12,1173290.72186561,1895021.166235495,41.867362693,-87.639293195,"(41.867362692616666, -87.63929319464197)"
CANAL AND ROOSEVELT,2291,1200 S CANAL STREET,05/09/2016,11,1173268.771030949,1894952.634878732,41.867175125,-87.639375813,"(41.86717512472001, -87.63937581258092)"
HOLLYWOOD AND SHERIDAN,1343,1000 W HOLLYWOOD AVE,05/09/2016,4,1168580.228926466,1938090.295189338,41.985649799,-87.655335807,"(41.98564979859328, -87.65533580655139)"
LARAMIE AND MADISON,2044,5200 W MADISON STREET,05/09/2016,9,1141706.965522802,1899567.55684314,41.880480752,-87.755130433,"(41.88048075170171, -87.75513043296509)"
IRVING PARK AND CALIFORNIA,1233,2800 W IRVING PARK ROA,05/09/2016,2,,,,,
LASALLE AND KINZIE,1921,400 N LASALLE,05/09/2016,5,1175028.579766798,1903002.552291359,41.889225372,-87.632674115,"(41.88922537162015, -87.63267411498495)"
HARLEM AND BELMONT,1391,3200 N HARLEM AVE,05/09/2016,3,1127481.020995451,1920467.613239239,41.938084468,-87.806896749,"(41.93808446822169, -87.80689674887883)"
PULASKI AND ARMITAGE,1843,4000 W ARMITAGE AVENUE,05/09/2016,5,1149375.428872108,1913028.984273181,41.917275069,-87.726622746,"(41.91727506940875, -87.72662274644799)"
75TH AND STATE,2624,1 E 75TH STREET,05/09/2016,9,1177601.72646404,1855229.486604181,41.758074111,-87.624671658,"(41.75807411097799, -87.62467165835182)"
HALSTED AND 95TH,2581,9500 S HALSTED STREET,05/09/2016,2,1172610.538363645,1841811.61926207,41.721365061,-87.643358042,"(41.72136506078306, -87.64335804234075)"
ASHLAND AND 95TH,2473,1600 W 95TH STREET,05/09/2016,4,1167323.753394196,1841755.029221382,41.721324412,-87.662724153,"(41.721324411975246, -87.66272415265087)"
KEDZIE AND 71ST,2352,7100 S KEDZIE AVENUE,05/09/2016,1,1156225.540366296,1857330.103443232,41.764295037,-87.702957162,"(41.764295036756856, -87.70295716211793)"
CALIFORNIA AND DIVERSEY,1513,2800 W DIVERSEY,05/09/2016,3,1157212.54253358,1918526.674434943,41.932205395,-87.697679244,"(41.93220539506452, -87.6976792438691)"
CERMAK AND PULASKI,2332,2200 S PULASKI,05/09/2016,2,1150012.876838243,1889071.75851865,41.851521442,-87.724904787,"(41.85152144233116, -87.7249047867499)"
LARAMIE AND MADISON,2043,5200 W MADISON STREET,05/09/2016,12,1141706.965522802,1899567.55684314,41.880480752,-87.755130433,"(41.88048075170171, -87.75513043296509)"
LAKE SHORE DR AND BELMONT,1413,400 W BELMONT AVE,05/09/2016,57,1172981.744869382,1921577.376128802,41.940241193,-87.639639114,"(41.94024119325571, -87.63963911427594)"
FOSTER AND NAGLE,1034,6400 W FOSTER,05/09/2016,1,1132552.893142153,1934229.875527466,41.975762574,-87.787934296,"(41.97576257447203, -87.7879342955108)"
PULASKI AND LAWRENCE,1173,4000 W LAWRENCE AVENUE,05/09/2016,2,1148844.220085601,1931638.45430438,41.968351285,-87.728091672,"(41.96835128527914, -87.72809167198088)"
CICERO AND CHICAGO,1783,4800 W CHICAGO AVENUE,05/09/2016,1,1144175.291152764,1904916.255225279,41.895112219,-87.745932427,"(41.89511221857764, -87.74593242701515)"
VAN BUREN AND WESTERN,2054,2400 W VAN BUREN STREE,05/09/2016,7,,,,,
STATE AND 79TH,2651,7900 S STATE STREET,05/09/2016,4,1177618.166929966,1852621.870232838,41.750918138,-87.624690123,"(41.7509181383154, -87.62469012251644)"
CICERO AND HARRISON,2023,4800 W HARRISON STREET,05/09/2016,3,1144451.867388303,1896949.561959463,41.873245464,-87.745117179,"(41.873245464379586, -87.7451171788807)"
ASHLAND AND MADISON,1914,1600 W MADISON,05/09/2016,3,1165723.014733182,1900136.515489506,41.881564167,-87.666929463,"(41.8815641670199, -87.66692946294842)"
IRVING PARK AND KILPATRICK,2763,4700 W IRVING PARK ROA,05/09/2016,5,,,,,
STONEY ISLAND AND 76TH,2631,7600 S STONY ISLAND A,05/09/2016,17,1188092.796191935,1854889.354158304,41.756897173,-87.586234285,"(41.75689717260223, -87.58623428506996)"
KEDZIE AND 26TH,2382,2600 S KEDZIE AVENUE,05/09/2016,2,1155404.235510285,1886524.460033054,41.844424831,-87.705185452,"(41.84442483084393, -87.70518545233183)"
CICERO AND I55,2252,4200 S CICERO AVENUE,06/02/2017,5,1145023.742859509,1876358.276835519,41.816729387,-87.743536712,"(41.81672938674739, -87.74353671247594)"
WESTERN AND ADDISON,1563,2400 W ADDISON,05/09/2016,2,1159719.041544334,1923878.577275797,41.946839991,-87.688320193,"(41.9468399910054, -87.68832019252964)"
CHICAGO AND CLARK,1964,100 W CHICAGO AVENUE,05/09/2016,5,1175374.528739575,1905745.47783364,41.896744347,-87.631321248,"(41.896744346875806, -87.63132124815151)"
CHICAGO AND CLARK,1963,100 W CHICAGO AVENUE,05/10/2016,7,1175374.528739575,1905745.47783364,41.896744347,-87.631321248,"(41.896744346875806, -87.63132124815151)"
CENTRAL AND DIVERSEY,1642,2800 N CENTRAL AVENUE,06/02/2017,2,1138516.407377375,1918089.499227987,41.931365552,-87.766396529,"(41.93136555236339, -87.76639652879172)"
STONEY ISLAND AND 79TH,2464,1600 E 79TH ST,05/10/2016,3,1188284.704439907,1852964.829047574,41.751611523,-87.585592284,"(41.75161152327319, -87.58559228428787)"
CICERO AND I55,2251,4200 S CICERO AVENUE,05/10/2016,73,1145023.742859509,1876358.276835519,41.816729387,-87.743536712,"(41.81672938674739, -87.74353671247594)"
CICERO AND HARRISON,2023,4800 W HARRISON STREET,05/08/2016,2,1144451.867388303,1896949.561959463,41.873245464,-87.745117179,"(41.873245464379586, -87.7451171788807)"
STATE AND 79TH,2651,7900 S STATE STREET,05/10/2016,14,1177618.166929966,1852621.870232838,41.750918138,-87.624690123,"(41.7509181383154, -87.62469012251644)"
DIVERSEY AND AUSTIN,1453,6000 W DIVERSEY AVENUE,06/02/2017,1,1135895.736169343,1918029.70673837,41.931248624,-87.776028612,"(41.931248623643455, -87.77602861172493)"
PULASKI AND BELMONT,1382,3200 N PULASKI RD,05/10/2016,1,1149125.621478734,1920994.556178086,41.939138154,-87.72733371,"(41.939138153500274, -87.7273337101426)"
HALSTED AND 103RD,2593,800 W 103RD STREET,05/10/2016,1,1172778.570616036,1836587.755252818,41.70702632,-87.642896007,"(41.707026319812215, -87.64289600741817)"
119TH AND HALSTED,2404,800 W 119TH STREET,05/10/2016,2,1173111.174088158,1825985.001014405,41.677923389,-87.641989646,"(41.677923389134385, -87.64198964584013)"
PULASKI AND ARCHER,2153,5000 S ARCHER AVE,05/10/2016,2,1150501.818909837,1871162.311703322,41.802365973,-87.723576766,"(41.80236597333895, -87.72357676611004)"
HALSTED AND DIVISION,1714,800 W DIVISION,05/10/2016,2,1170767.827960358,1908259.644151662,41.903745557,-87.648167011,"(41.90374555734733, -87.64816701062779)"
STONEY ISLAND AND 76TH,2631,7600 S STONY ISLAND A,06/02/2017,23,1188092.796191935,1854889.354158304,41.756897173,-87.586234285,"(41.75689717260223, -87.58623428506996)"
ROOSEVELT AND PULASKI,2311,1200 S PULASKI ROAD,05/10/2016,3,1149866.002247864,1894375.839200384,41.866079337,-87.725305995,"(41.86607933722178, -87.7253059948758)"
35TH AND WESTERN,2092,3500 S WESTERN,05/10/2016,2,1160894.949857101,1881376.851112895,41.830187255,-87.685177925,"(41.83018725526863, -87.68517792510231)"
LAWRENCE AND WESTERN,1193,2400 W LAWRENCE AVENUE,05/10/2016,3,1159482.648570304,1931851.989492596,41.968724349,-87.688968727,"(41.96872434882172, -87.68896872699601)"
CLARK AND IRVING PARK,1091,4000 N CLARK STREET,05/10/2016,1,1166736.149822904,1926699.323624709,41.954432441,-87.662446259,"(41.95443244141688, -87.66244625914061)"
CICERO AND PETERSON,1202,6000 N CICERO AVENUE,05/10/2016,5,1143247.733553094,1939479.342905704,41.989973915,-87.748473024,"(41.98997391514614, -87.74847302426933)"
CICERO AND HARRISON,2022,600 S CICERO AVENUE,05/10/2016,5,1144444.97442848,1896894.622216872,41.873094833,-87.745143869,"(41.873094832519136, -87.74514386884542)"
HALSTED AND 95TH,2581,9500 S HALSTED STREET,05/08/2016,6,1172610.538363645,1841811.61926207,41.721365061,-87.643358042,"(41.72136506078306, -87.64335804234075)"
99TH AND HALSTED,2431,9900 S HALSTED ST,05/09/2016,15,1172689.754200318,1839171.652197216,41.714118868,-87.643145408,"(41.714118868089905, -87.64314540818165)"
KEDZIE AND 47TH,2104,3200 W 47TH ST,05/10/2016,4,1155815.231505056,1873336.169728074,41.808226246,-87.704031672,"(41.808226246244026, -87.70403167215984)"
CENTRAL AND BELMONT,1602,3200 N CENTRAL AVENUE,05/10/2016,1,1138430.432324593,1920731.654410336,41.938617463,-87.766648297,"(41.938617463272884, -87.76664829683827)"
HALSTED AND MADISON,1871,1 S HALSTED STREET,05/10/2016,5,1171092.392868784,1900234.542088741,41.881717056,-87.647210539,"(41.88171705561901, -87.64721053920604)"
JEFFERY AND 95TH,2522,9500 S JEFFERY AVE,05/10/2016,1,1191132.420601301,1842335.735988875,41.722375907,-87.575499903,"(41.72237590704101, -87.57549990332795)"
DAMEN AND FULLERTON,1663,2000 W FULLERTON AVE,05/10/2016,13,1162596.935552891,1915990.579747891,41.925134944,-87.677963546,"(41.92513494374925, -87.67796354553815)"
WESTERN AND NORTH,1851,1600 N WESTERN AVE,05/10/2016,8,1160077.474351131,1910605.013316134,41.910409024,-87.687370268,"(41.91040902362901, -87.687370268401)"
STONY ISLAND/CORNELL AND 67TH,2731,6700 S CORNELL DRIVE,06/02/2017,13,1188316.454860734,1860851.137456735,41.77325149,-87.5852246,"(41.77325148959568, -87.58522459967712)"
DAMEN AND 63RD,2702,6300 S DAMEN AVENUE,05/10/2016,6,1164069.407943298,1862830.277442834,41.779226921,-87.674052731,"(41.77922692069256, -87.67405273137854)"
ROOSEVELT AND KOSTNER,2321,1200 S KOSTNER,05/10/2016,4,1147196.304001978,1894305.883269746,41.865938839,-87.735108549,"(41.8659388389088, -87.73510854901264)"
ASHLAND AND FULLERTON,1651,2400 N ASHLAND AVENUE,05/10/2016,8,1165228.073342838,1916032.319169157,41.92519389,-87.668294363,"(41.92519388981048, -87.66829436339881)"
WESTERN AND CHICAGO,1943,2400 W CHICAGO AVE,05/10/2016,1,1160226.686812944,1905300.904544474,41.895851041,-87.686968935,"(41.895851041123755, -87.68696893468467)"
HALSTED AND 103RD,2592,10300 S HALSTED STREE,06/02/2017,6,,,,,
IRVING PARK AND LARAMIE,1534,5200 W IRVING PARK ROA,05/10/2016,1,,,,,
SHERIDAN AND FOSTER,1132,5200 N SHERIDAN ROAD,05/10/2016,3,1168661.623718229,1934753.842272756,41.976492721,-87.655133605,"(41.97649272077833, -87.65513360456677)"
STONY ISLAND/CORNELL AND 67TH,2721,6700 S STONY ISLAND A,05/10/2016,10,1187984.143047539,1860863.338367666,41.773292896,-87.586442368,"(41.77329289585066, -87.58644236831432)"
CENTRAL AND ADDISON,1682,3600 N CENTRAL AVENUE,05/10/2016,1,1138343.117435682,1923392.067464765,41.945919491,-87.766904594,"(41.945919490555106, -87.76690459426293)"
STONEY ISLAND AND 79TH,2461,7900 S SOUTH CHICAGO AVE,06/02/2017,3,1188274.655498937,1852865.685797892,41.751339705,-87.585632266,"(41.751339704589455, -87.58563226565187)"
LAWRENCE AND CICERO,1041,4800 N CICERO AVE,06/02/2017,5,1143464.651785526,1931490.551883203,41.968048007,-87.747875985,"(41.968048007293845, -87.74787598468126)"
PULASKI AND DIVISION,1801,1200 N PULASKI ROAD,05/10/2016,3,1149459.590666926,1907723.219884254,41.902713902,-87.726451457,"(41.902713901936174, -87.72645145715836)"
119TH AND HALSTED,2404,800 W 119TH STREET,05/08/2016,2,1173111.174088158,1825985.001014405,41.677923389,-87.641989646,"(41.677923389134385, -87.64198964584013)"
ASHLAND AND MADISON,1911,0 N ASHLAND AVE,05/10/2016,1,,,,,
ASHLAND AND IRVING PARK,1153,1600 W IRVING PARK ROA,06/02/2017,3,,,,,
OGDEN AND KOSTNER,2223,4400 W OGDEN AVENUE,05/10/2016,6,1147406.592439224,1887689.099869462,41.847777523,-87.734505969,"(41.84777752280453, -87.73450596874825)"
KOSTNER AND NORTH,2013,4400 W NORTH,05/10/2016,5,1146738.551618032,1910309.595368032,41.909863573,-87.736380296,"(41.90986357340246, -87.73638029605371)"
KEDZIE AND 31ST,2134,3200 W 31ST STREET,05/10/2016,1,1155487.128005646,1883943.061106793,41.8373395,-87.704950558,"(41.83733950029648, -87.70495055800411)"
BROADWAY/SHERIDAN AND DEVON,1122,6400 N SHERIDAN ROAD,05/10/2016,16,1167087.151194129,1942658.704988689,41.998217921,-87.660695256,"(41.99821792053241, -87.6606952555721)"
KIMBALL AND DIVERSEY,1581,2800 N KIMBALL AVENUE,03/18/2017,4,,,,,
HALSTED AND 103RD,2592,10300 S HALSTED STREE,05/10/2016,7,,,,,
CENTRAL AND ADDISON,1683,5600 W ADDISON STREET,05/10/2016,1,1138349.663302502,1923416.02157061,41.945985104,-87.766879952,"(41.94598510430888, -87.76687995165918)"
KIMBALL AND DIVERSEY,1583,3400 W DIVERSEY AVENUE,05/10/2016,1,1153211.149172713,1918454.477800566,41.932087747,-87.71238583,"(41.932087747378944, -87.71238582951281)"
CALIFORNIA AND PETERSON,1313,2800 W PETERSON AVENUE,05/10/2016,2,1156569.515341857,1939784.830544118,41.990552082,-87.699464396,"(41.990552081681564, -87.69946439622785)"
MONTROSE AND WESTERN,1221,4400 N WESTERN AVENUE,05/10/2016,16,1159539.733234718,1929183.918095502,41.961401846,-87.688832623,"(41.961401846278505, -87.6888326227788)"
STONEY ISLAND AND 76TH,2631,7600 S STONY ISLAND A,05/10/2016,16,1188092.796191935,1854889.354158304,41.756897173,-87.586234285,"(41.75689717260223, -87.58623428506996)"
CICERO AND ARMITAGE,2003,4800 W ARMITAGE AVENUE,06/02/2017,5,1144054.25126508,1912907.00926109,41.917041992,-87.746176095,"(41.91704199201953, -87.74617609464687)"
CHICAGO AND CLARK,1964,100 W CHICAGO AVENUE,05/10/2016,7,1175374.528739575,1905745.47783364,41.896744347,-87.631321248,"(41.896744346875806, -87.63132124815151)"
55TH AND WESTERN,2212,5500 S WESTERN AVE,05/06/2016,11,1161269.521335262,1867963.111601251,41.793370554,-87.684175377,"(41.79337055433029, -87.6841753767592)"
COLUMBUS AND ILLINOIS,1951,500 N COLUMBUS DRIVE,05/10/2016,13,1178372.808407292,1903693.06016042,41.891044569,-87.620371839,"(41.891044569124276, -87.620371839074)"
ARCHER AND CICERO,2081,5200 S CICERO AVE,05/08/2016,40,1145195.931989777,1869737.708306623,41.798558278,-87.743071866,"(41.798558278193305, -87.74307186616427)"
WESTERN AND ADDISON,1562,3600 N WESTERN AVENUE,05/10/2016,6,1159695.573342728,1923871.086283556,41.94681992,-87.688406662,"(41.94681991986288, -87.68840666206194)"
SACRAMENTO AND CHICAGO,1814,3000 W CHICAGO AVENUE,05/10/2016,4,1156075.266375505,1905216.604770718,41.895704525,-87.702218524,"(41.895704524946225, -87.70221852353758)"
CENTRAL AND LAKE,1742,400 N CENTRAL AVENUE,05/10/2016,7,1138928.478257537,1902217.926149854,41.887804621,-87.765268498,"(41.88780462053497, -87.76526849810371)"
87TH AND VINCENNES,2412,8700 S VINCENNES,05/10/2016,4,1172026.328989535,1847142.496643776,41.736006565,-87.645341819,"(41.73600656458518, -87.64534181897955)"
MONTROSE AND WESTERN,1224,2400 W MONTROSE AVENUE,05/10/2016,2,1159562.971802959,1929191.337701253,41.961421726,-87.68874698,"(41.961421726406314, -87.68874697983858)"
HAMLIN AND LAKE,1882,300 N HAMLIN AVENUE,05/10/2016,1,1150970.026856642,1901381.688308858,41.885282636,-87.721069539,"(41.88528263580913, -87.72106953854511)"
LAKE SHORE DR AND BELMONT,1413,400 W BELMONT AVE,05/10/2016,28,1172981.744869382,1921577.376128802,41.940241193,-87.639639114,"(41.94024119325571, -87.63963911427594)"
LASALLE AND KINZIE,1921,400 N LASALLE,05/10/2016,6,1175028.579766798,1903002.552291359,41.889225372,-87.632674115,"(41.88922537162015, -87.63267411498495)"
CLARK AND FULLERTON,1631,2400 N CLARK ST,06/02/2017,1,1172749.562209477,1916238.997132859,41.925597623,-87.640650973,"(41.925597623023144, -87.64065097309872)"
WESTERN AND FULLERTON,1671,2400 N WESTERN AVENUE,05/10/2016,10,1159923.309342995,1915897.778561358,41.924935944,-87.687790255,"(41.92493594409127, -87.68779025471278)"
PULASKI AND FULLERTON,1484,4000 W FULLERTON AVE,06/02/2017,5,1149303.081963737,1915695.275222648,41.924593022,-87.726819268,"(41.92459302175305, -87.7268192684032)"
LASALLE AND KINZIE,1923,140 W KINZIE,05/10/2016,2,1175048.09765242,1903028.894760294,41.889297219,-87.632601648,"(41.88929721947309, -87.63260164817305)"
99TH AND HALSTED,2431,9900 S HALSTED ST,05/10/2016,12,1172689.754200318,1839171.652197216,41.714118868,-87.643145408,"(41.714118868089905, -87.64314540818165)"
CHICAGO AND CLARK,1963,100 W CHICAGO AVENUE,06/02/2017,10,1175374.528739575,1905745.47783364,41.896744347,-87.631321248,"(41.896744346875806, -87.63132124815151)"
111TH AND HALSTED,2424,800 W 111TH ST,05/10/2016,6,1172945.404219168,1831282.917027882,41.692465363,-87.642440901,"(41.692465363421874, -87.64244090105778)"
PULASKI AND FOSTER,1104,4000 W FOSTER AVE,05/10/2016,6,1148759.16134887,1934294.249006446,41.975640616,-87.728335469,"(41.975640616231914, -87.72833546926573)"
STONEY ISLAND AND 76TH,2632,7600 S STONY ISLAND A,05/10/2016,13,1188092.796191935,1854889.354158304,41.756897173,-87.586234285,"(41.75689717260223, -87.58623428506996)"
CICERO AND ADDISON,1612,3600 N CICERO AVENUE,05/10/2016,6,1143698.904601495,1923517.005821035,41.946163524,-87.747215169,"(41.94616352362556, -87.74721516897007)"
HOMAN/KIMBALL AND NORTH,1771,1600 N HOMAN AVENUE,05/10/2016,2,,,,,
HALSTED AND FULLERTON,1704,800 W FULLERTON AVENUE,05/10/2016,4,1170525.624723311,1916208.443992778,41.925562791,-87.648823641,"(41.92556279107417, -87.64882364145232)"
PETERSON AND WESTERN,1014,2400 W PETERSON,05/10/2016,6,1159214.211316277,1939825.301874586,41.99060901,-87.689735481,"(41.990609009807294, -87.68973548092968)"
WESTERN AND TOUHY,1251,7200 N WESTERN AVENUE,05/10/2016,1,1158975.66256211,1947754.286963361,42.012371335,-87.690393917,"(42.012371334791766, -87.69039391737863)"
PULASKI AND DIVERSEY,1543,4000 W DIVERSEY AVENUE,05/10/2016,2,1149206.496130705,1918356.569267582,41.931897723,-87.72710503,"(41.9318977231462, -87.72710503045386)"
119TH AND HALSTED,2402,11900 S HALSTED,05/08/2016,11,1173094.774616191,1825911.054609338,41.677720829,-87.642051845,"(41.67772082924762, -87.64205184498218)"
ROOSEVELT AND HALSTED,2234,800 W ROOSEVELT ROAD,05/10/2016,18,1171199.282357741,1894968.056393724,41.867263098,-87.646972686,"(41.86726309836901, -87.64697268601648)"
75TH AND STATE,2621,7500 S STATE STREET,05/07/2016,8,1177538.763040612,1855235.551345519,41.758092176,-87.624902228,"(41.75809217638291, -87.6249022282473)"
CENTRAL AND BELMONT,1604,5600 W BELMONT AVENUE,06/02/2017,3,1138453.617438343,1920755.972768412,41.938683775,-87.766562494,"(41.93868377475747, -87.76656249384537)"
ASHLAND AND 87TH,2452,8700 S ASHLAND AVE,05/08/2016,7,1167150.470087748,1846991.212339794,41.735696989,-87.663209544,"(41.73569698863625, -87.66320954445679)"
WENTWORTH AND GARFIELD,2261,5500 S WENTWORTH AVEN,05/10/2016,20,,,,,
ASHLAND AND 95TH,2473,1600 W 95TH STREET,06/02/2017,5,1167323.753394196,1841755.029221382,41.721324412,-87.662724153,"(41.721324411975246, -87.66272415265087)"
CORTLAND AND ASHLAND,1723,1600 W CORTLAND ST,05/10/2016,9,1165377.660768235,1912768.773647285,41.916235337,-87.667837772,"(41.91623533746878, -87.66783777212962)"
PULASKI AND LAWRENCE,1173,4000 W LAWRENCE AVENUE,05/10/2016,1,1148844.220085601,1931638.45430438,41.968351285,-87.728091672,"(41.96835128527914, -87.72809167198088)"
STATE AND 79TH,2654,1 E 79TH STREET,05/10/2016,26,1177680.113652821,1852598.313477786,41.750852096,-87.624463832,"(41.75085209551078, -87.62446383210285)"
CICERO AND HARRISON,2023,4800 W HARRISON STREET,05/10/2016,1,1144451.867388303,1896949.561959463,41.873245464,-87.745117179,"(41.873245464379586, -87.7451171788807)"
OGDEN AND KOSTNER,2223,4400 W OGDEN AVENUE,06/02/2017,12,1147406.592439224,1887689.099869462,41.847777523,-87.734505969,"(41.84777752280453, -87.73450596874825)"
COTTAGE GROVE AND 71ST,2572,7100 S COTTAGE GROVE,05/10/2016,6,1182746.23698699,1858088.011064538,41.765800351,-87.605729127,"(41.76580035131893, -87.6057291269901)"
HALSTED AND FULLERTON,1701,2400 N HALSTED STREET,05/10/2016,2,1170501.602639925,1916200.061550148,41.925540315,-87.648912156,"(41.925540315431995, -87.64891215551155)"
71ST AND ASHLAND,2394,1600 W 71ST,05/08/2016,5,1166890.012333149,1857674.2502247,41.765018306,-87.66385923,"(41.76501830555763, -87.66385923012646)"
WESTERN AND DEVON,1212,6400 N WESTERN AVENUE,06/02/2017,1,1159113.585759434,1942451.622367891,41.997817807,-87.690033035,"(41.997817807026, -87.69003303469276)"
CICERO AND NORTH,2033,4800 W NORTH AVENUE,06/02/2017,6,1144053.733747163,1910243.80567041,41.90973389,-87.746244973,"(41.909733890131285, -87.74624497295898)"
WESTERN AND FULLERTON,1672,2400 N WESTERN AVENUE,05/10/2016,1,1159923.309342995,1915897.778561358,41.924935944,-87.687790255,"(41.92493594409127, -87.68779025471278)"
CICERO AND FULLERTON,1474,4800 W FULLERTON AVE,05/10/2016,5,1143967.570794243,1915568.504954477,41.924347036,-87.74642764,"(41.924347036010694, -87.74642763965628)"
ADDISON AND HARLEM,1591,3600 N HARLEM AVENUE,05/10/2016,4,1127394.594070737,1923110.532422811,41.945338412,-87.807154769,"(41.94533841246591, -87.80715476912044)"
CICERO AND PETERSON,1204,4800 W PETERSON AVENUE,05/10/2016,1,1143273.766829016,1939491.944645127,41.990008007,-87.748376951,"(41.99000800729908, -87.74837695118997)"
ASHLAND AND LAWRENCE,1143,1600 W LAWRENCE AVENUE,05/10/2016,1,1164771.946929007,1931988.254061312,41.968987457,-87.669516307,"(41.96898745654617, -87.66951630654926)"
PULASKI AND FOSTER,1102,5200 N PULASKI RD,05/10/2016,6,1148746.251286324,1934286.914361976,41.97562074,-87.728383135,"(41.97562073966174, -87.72838313514907)"
KIMBALL AND DIVERSEY,1581,2800 N KIMBALL AVENUE,05/10/2016,1,,,,,
AUSTIN AND ADDISON,1491,3600 N AUSTIN AVENUE,05/10/2016,5,1135691.599896458,1923335.967306169,41.945813215,-87.776652162,"(41.9458132146695, -87.77665216156436)"
CENTRAL AND CHICAGO,1972,800 N CENTRAL AVENUE,05/10/2016,6,1138836.562608552,1904801.732832435,41.894896579,-87.765543258,"(41.89489657939746, -87.76554325845893)"
CICERO AND NORTH,2034,4800 W NORTH AVENUE,05/10/2016,4,1144053.733747163,1910243.80567041,41.90973389,-87.746244973,"(41.909733890131285, -87.74624497295898)"
KOSTNER AND NORTH,2012,4400 W GRAND AVE,05/10/2016,8,1146773.519128439,1910425.663958581,41.91018141,-87.73624887,"(41.910181409597406, -87.73624887040725)"
WESTERN AND CHICAGO,1941,800 N WESTERN AVE,05/10/2016,2,1160220.967978608,1905277.507115921,41.895786955,-87.686990586,"(41.89578695485361, -87.68699058611217)"
HOLLYWOOD AND SHERIDAN,1344,1000 W HOLLYWOOD AVE,05/08/2016,5,1168580.228926466,1938090.295189338,41.985649799,-87.655335807,"(41.98564979859328, -87.65533580655139)"
WESTERN AND NORTH,1853,2400 W NORTH AVE,05/10/2016,2,1160100.839010995,1910612.783367238,41.910429862,-87.687284221,"(41.91042986235867, -87.68728422050837)"
WENTWORTH AND GARFIELD,2264,200 W GARFIELD BLVD,05/10/2016,17,1175889.574397302,1868551.750512227,41.794670385,-87.630547476,"(41.79467038468937, -87.63054747605638)"
PULASKI AND ARMITAGE,1844,4000 W ARMITAGE AVENUE,05/10/2016,1,1149375.428872108,1913028.984273181,41.917275069,-87.726622746,"(41.91727506940875, -87.72662274644799)"
CALIFORNIA AND DIVERSEY,1513,2800 W DIVERSEY,05/10/2016,7,1157212.54253358,1918526.674434943,41.932205395,-87.697679244,"(41.93220539506452, -87.6976792438691)"
COLUMBUS AND ILLINOIS,1952,500 N COLUMBUS DRIVE,05/10/2016,5,1178372.808407292,1903693.06016042,41.891044569,-87.620371839,"(41.891044569124276, -87.620371839074)"
HALSTED AND NORTH,1761,1600 N HALSTED STREET,05/10/2016,2,1170678.283433825,1910880.991397547,41.910940644,-87.648419043,"(41.91094064391597, -87.64841904272998)"
115TH AND HALSTED,2552,11500 S HALSTED STREE,05/10/2016,9,,,,,
CANAL AND ROOSEVELT,2291,1200 S CANAL STREET,05/10/2016,4,1173268.771030949,1894952.634878732,41.867175125,-87.639375813,"(41.86717512472001, -87.63937581258092)"
HOLLYWOOD AND SHERIDAN,1343,1000 W HOLLYWOOD AVE,05/10/2016,6,1168580.228926466,1938090.295189338,41.985649799,-87.655335807,"(41.98564979859328, -87.65533580655139)"
STONY ISLAND/CORNELL AND 67TH,2731,6700 S CORNELL DRIVE,05/06/2016,19,1188316.454860734,1860851.137456735,41.77325149,-87.5852246,"(41.77325148959568, -87.58522459967712)"
IRVING PARK AND KEDZIE,1354,3200 W IRVING PARK ROAD,05/10/2016,6,1154325.140302006,1926458.463197156,41.954029047,-87.708077494,"(41.95402904691877, -87.70807749383191)"
71ST AND ASHLAND,2394,1600 W 71ST,06/02/2017,8,1166890.012333149,1857674.2502247,41.765018306,-87.66385923,"(41.76501830555763, -87.66385923012646)"
LAFAYETTE AND 87TH,2502,8700 S LAFAYETTE AVEN,05/10/2016,13,1177417.493180297,1847243.988223464,41.73616511,-87.625587569,"(41.73616511008592, -87.62558756899932)"
WESTERN AND DEVON,1212,6400 N WESTERN AVENUE,05/10/2016,1,1159113.585759434,1942451.622367891,41.997817807,-87.690033035,"(41.997817807026, -87.69003303469276)"
FOSTER AND NAGLE,1031,5200 N NAGLE,05/08/2016,9,1132529.656558223,1934201.702060651,41.97568567,-87.788020406,"(41.97568566971868, -87.78802040620296)"
WESTERN AND NORTH,1851,1600 N WESTERN AVE,06/02/2017,7,1160077.474351131,1910605.013316134,41.910409024,-87.687370268,"(41.91040902362901, -87.687370268401)"
CALIFORNIA AND DEVON,1323,2800 W DEVON AVENUE,05/10/2016,2,1156484.528078038,1942377.980662191,41.997669523,-87.699706423,"(41.99766952286052, -87.69970642324591)"
WESTERN AND FOSTER,1074,2400 W FOSTER AVE,05/10/2016,2,1159379.402846887,1934502.712486132,41.97600019,-87.689275084,"(41.97600018976586, -87.68927508385399)"
HAMLIN AND MADISON,1901,0 N HAMLIN BOULEVARD,05/10/2016,2,,,,,
ELSTON AND IRVING PARK,1502,4000 N ELSTON AVENUE,05/10/2016,3,1151273.974828198,1926311.849469842,41.953687266,-87.719297882,"(41.95368726563273, -87.71929788151473)"
ASHLAND AND 95TH,2473,1600 W 95TH STREET,05/10/2016,3,1167323.753394196,1841755.029221382,41.721324412,-87.662724153,"(41.721324411975246, -87.66272415265087)"
IRVING PARK AND NARRAGANSETT,1024,6400 W IRVING PK,05/10/2016,3,1132945.939118726,1925946.304925137,41.953024751,-87.786683238,"(41.95302475075328, -87.78668323766634)"
CENTRAL AND IRVING PARK,1182,4000 N CENTRAL AVENUE,05/10/2016,4,1138258.614129764,1926071.172884932,41.953272751,-87.767150151,"(41.95327275103541, -87.76715015131407)"
WESTERN AND MARQUETTE,2672,6700 S WESTERN AVENUE,05/10/2016,4,1161488.747635042,1860134.788366884,41.771884028,-87.683588402,"(41.77188402771193, -87.68358840206334)"
MONTROSE AND WESTERN,1221,4400 N WESTERN AVENUE,05/07/2016,11,1159539.733234718,1929183.918095502,41.961401846,-87.688832623,"(41.961401846278505, -87.6888326227788)"
CICERO AND ARMITAGE,2001,2000 N CICERO AVENUE,05/10/2016,2,1144031.525719004,1912881.8300295,41.916973325,-87.746260223,"(41.91697332451097, -87.74626022251057)"
99TH AND HALSTED,2433,800 W 99TH ST,05/10/2016,11,1172710.642565684,1839246.330602143,41.714323337,-87.643066714,"(41.71432333701137, -87.64306671421937)"
COTTAGE GROVE AND 71ST,2571,7100 S COTTAGE GROVE,05/10/2016,1,1182746.23698699,1858088.011064538,41.765800351,-87.605729127,"(41.76580035131893, -87.6057291269901)"
LARAMIE AND MADISON,2043,5200 W MADISON STREET,05/10/2016,13,1141706.965522802,1899567.55684314,41.880480752,-87.755130433,"(41.88048075170171, -87.75513043296509)"
FOSTER AND BROADWAY,1113,1200 W FOSTER AVE,05/10/2016,4,1167357.095930752,1934721.393266777,41.97643192,-87.659931806,"(41.97643192018459, -87.65993180604016)"
CICERO AND DIVERSEY,1694,4800 W DIVERSEY AVENUE,05/10/2016,1,1143869.848167704,1918226.043989398,41.93164142,-87.746719911,"(41.93164142040689, -87.7467199106462)"
TOUHY AND OSCEOLA,1244,7432 W TOUHY AVENUE,05/10/2016,3,1125717.010560011,1947269.685461107,42.011661765,-87.812781431,"(42.01166176507329, -87.81278143114147)"
99TH AND HALSTED,2433,800 W 99TH ST,06/02/2017,27,1172710.642565684,1839246.330602143,41.714323337,-87.643066714,"(41.71432333701137, -87.64306671421937)"
STONEY ISLAND AND 79TH,2464,1600 E 79TH ST,05/08/2016,7,1188284.704439907,1852964.829047574,41.751611523,-87.585592284,"(41.75161152327319, -87.58559228428787)"
ELSTON AND LAWRENCE,1284,4440 W LAWRENCE AVENUE,05/10/2016,3,1145715.061027481,1931571.0474838,41.968226398,-87.739599251,"(41.96822639754791, -87.73959925065756)"
CICERO AND ADDISON,1612,3600 N CICERO AVENUE,06/02/2017,11,1143698.904601495,1923517.005821035,41.946163524,-87.747215169,"(41.94616352362556, -87.74721516897007)"
PULASKI AND CHICAGO,1983,4000 W CHICAGO AVENUE,05/10/2016,3,1149561.855939692,1905086.596446259,41.895476752,-87.72614436,"(41.89547675163723, -87.72614435991626)"
CICERO AND 47TH,2204,4800 W 47TH ST,05/10/2016,12,1145130.048925744,1873078.44198302,41.807727017,-87.743229366,"(41.80772701677172, -87.74322936566276)"
PULASKI AND IRVING PARK,1574,4000 W IRVING PARK RD,05/10/2016,6,1148988.727877253,1926320.954938409,41.953756874,-87.727698513,"(41.95375687447515, -87.72769851312907)"
HARLEM AND BELMONT,1391,3200 N HARLEM AVE,05/10/2016,3,1127481.020995451,1920467.613239239,41.938084468,-87.806896749,"(41.93808446822169, -87.80689674887883)"
IRVING PARK AND CALIFORNIA,1234,2800 W IRVING PARK ROA,05/10/2016,9,,,,,
BELMONT AND KEDZIE,1373,3200 W BELMONT,05/10/2016,5,1154461.587940363,1921143.091003516,41.939440561,-87.707718516,"(41.93944056117365, -87.70771851630873)"
4700 WESTERN,2142,4700 S WESTERN AVENUE,05/10/2016,5,1161120.438879703,1873431.066474726,41.808378408,-87.684570717,"(41.808378407946726, -87.68457071689552)"
WESTERN AND 71ST,2612,7100 S WESTERN AVENUE,05/10/2016,5,1161563.704681724,1857484.211306323,41.764608912,-87.683387053,"(41.76460891223613, -87.68338705328121)"
ROOSEVELT AND PULASKI,2314,4000 W ROOSEVELT ROAD,05/10/2016,2,1149885.032049683,1894449.464076882,41.866281003,-87.72523422,"(41.866281002664536, -87.72523421983905)"
CALIFORNIA AND DEVON,1321,6400 N CALIFORNIA AVE,05/10/2016,1,1156461.150245401,1942370.37710537,41.997649133,-87.699792629,"(41.997649133049336, -87.69979262891378)"
WESTERN AND 79TH,2481,7900 S WESTERN AVE,05/10/2016,4,1161711.516404028,1852181.685686118,41.750054934,-87.682992203,"(41.750054933649984, -87.68299220290213)"
FULLERTON AND NARRAGANSETT,1553,6400 W FULLERTON AVENU,05/10/2016,4,1133317.594499059,1915293.661305931,41.923786189,-87.785567206,"(41.92378618871128, -87.78556720562165)"
111TH AND HALSTED,2422,11100 S HALSTED ST,05/10/2016,4,1172923.657689312,1831209.044179248,41.692263123,-87.642522688,"(41.692263123425136, -87.6425226876268)"
FOSTER AND NAGLE,1031,5200 N NAGLE,05/10/2016,4,1132529.656558223,1934201.702060651,41.97568567,-87.788020406,"(41.97568566971868, -87.78802040620296)"
75TH AND STATE,2624,1 E 75TH STREET,05/10/2016,9,1177601.72646404,1855229.486604181,41.758074111,-87.624671658,"(41.75807411097799, -87.62467165835182)"
55TH AND KEDZIE,2162,5500 S KEDZIE AVENUE,05/10/2016,1,1155945.854705238,1867941.621374192,41.793420237,-87.703697508,"(41.793420236755864, -87.70369750845424)"
55TH AND WESTERN,2213,2400 W 55TH STREET,05/10/2016,6,1161277.012730599,1868185.749490228,41.793981347,-87.684141741,"(41.7939813465735, -87.68414174128355)"
IRVING PARK AND KILPATRICK,2763,4700 W IRVING PARK ROA,05/10/2016,4,,,,,
63RD AND STATE,2714,1 E 63RD ST,05/10/2016,7,1177367.518733101,1863199.17768559,41.779949105,-87.625289553,"(41.779949104569106, -87.62528955333775)"
HOLLYWOOD AND SHERIDAN,1344,1000 W HOLLYWOOD AVE,05/10/2016,8,1168580.228926466,1938090.295189338,41.985649799,-87.655335807,"(41.98564979859328, -87.65533580655139)"
KEDZIE AND 71ST,2352,7100 S KEDZIE AVENUE,05/10/2016,1,1156225.540366296,1857330.103443232,41.764295037,-87.702957162,"(41.764295036756856, -87.70295716211793)"
CERMAK AND PULASKI,2334,4000 W CERMAK,05/10/2016,2,1150018.476053666,1889120.238540361,41.851654369,-87.724882975,"(41.85165436867626, -87.7248829753078)"
MILWAUKEE AND MONTROSE,1364,5075 W MONTROSE AVENUE,05/10/2016,1,1141716.746618898,1928736.076639057,41.960522088,-87.754371424,"(41.96052208819935, -87.75437142402293)"
WESTERN AND ADDISON,1563,2400 W ADDISON,05/10/2016,2,1159719.041544334,1923878.577275797,41.946839991,-87.688320193,"(41.9468399910054, -87.68832019252964)"
TOUHY AND OSCEOLA,1243,7432 W TOUHY AVENUE,05/10/2016,9,1125717.010560011,1947269.685461107,42.011661765,-87.812781431,"(42.01166176507329, -87.81278143114147)"
119TH AND HALSTED,2402,11900 S HALSTED,05/10/2016,4,1173094.774616191,1825911.054609338,41.677720829,-87.642051845,"(41.67772082924762, -87.64205184498218)"
CICERO AND CHICAGO,1781,800 N CICERO AVENUE,05/10/2016,2,1144169.162482127,1904893.189220372,41.895049038,-87.745955516,"(41.89504903796389, -87.74595551626888)"
KEDZIE AND ARMITAGE,1832,2000 N KEDZIE AVENUE,05/10/2016,5,1154684.031809326,1913129.496340896,41.917446172,-87.707116072,"(41.91744617191702, -87.70711607187832)"
CICERO AND WASHINGTON,1891,100 N CICERO AVENUE,05/10/2016,9,1144328.984091479,1900095.170838459,41.88187971,-87.745489247,"(41.88187970991601, -87.7454892473012)"
ASHLAND AND 87TH,2452,8700 S ASHLAND AVE,05/10/2016,5,1167150.470087748,1846991.212339794,41.735696989,-87.663209544,"(41.73569698863625, -87.66320954445679)"
ASHLAND AND MADISON,1914,1600 W MADISON,05/10/2016,4,1165723.014733182,1900136.515489506,41.881564167,-87.666929463,"(41.8815641670199, -87.66692946294842)"
STONY ISLAND/CORNELL AND 67TH,2731,6700 S CORNELL DRIVE,05/10/2016,14,1188316.454860734,1860851.137456735,41.77325149,-87.5852246,"(41.77325148959568, -87.58522459967712)"
PULASKI AND PETERSON,1263,4000 W PETERSON AVENUE,05/10/2016,4,1148618.560490339,1939615.133928395,41.990244186,-87.728714391,"(41.99024418564742, -87.7287143910091)"
31ST ST AND MARTIN LUTHER KING DRIVE,2123,400 E 31ST STREET,05/10/2016,6,1179437.985396417,1884565.84226022,41.838534018,-87.617046113,"(41.838534018118914, -87.61704611345726)"
KOSTNER AND NORTH,2011,1600 N KOSTNER,04/08/2016,2,1146732.108679105,1910282.120990798,41.909788304,-87.736404667,"(41.90978830394343, -87.73640466739216)"
ROOSEVELT AND HALSTED,2233,800 W ROOSEVELT ROAD,05/09/2016,4,1171199.282357741,1894968.056393724,41.867263098,-87.646972686,"(41.86726309836901, -87.64697268601648)"
HAMLIN AND MADISON,1903,3800 W MADISON STREET,05/10/2016,11,1151032.709141294,1899784.033986533,41.880897273,-87.720881226,"(41.880897273491264, -87.72088122613924)"
KEDZIE AND ARMITAGE,1834,3200 W ARMITAGE AVENUE,05/10/2016,2,1154700.851347995,1913153.252187904,41.917511023,-87.707053639,"(41.91751102291878, -87.7070536388797)"
FULLERTON AND NARRAGANSETT,1554,6400 W FULLERTON AVENU,05/10/2016,9,1133317.594499059,1915293.661305931,41.923786189,-87.785567206,"(41.92378618871128, -87.78556720562165)"
79TH AND HALSTED,2543,800 W 79TH STREET,05/10/2016,1,1172320.105719411,1852517.9814434,41.750751157,-87.644107793,"(41.75075115747316, -87.64410779300933)"
MILWAUKEE AND DEVON,1274,6400 W DEVON AVENUE,05/10/2016,9,1132590.619798275,1942138.532048656,41.997463981,-87.787610243,"(41.99746398102873, -87.78761024341388)"
CICERO AND DIVERSEY,1694,4800 W DIVERSEY AVENUE,06/02/2017,2,1143869.848167704,1918226.043989398,41.93164142,-87.746719911,"(41.93164142040689, -87.7467199106462)"
ELSTON AND LAWRENCE,1282,4800 N ELSTON AVENUE,05/10/2016,1,1145529.344259918,1931501.601268983,41.968039361,-87.740283894,"(41.96803936143674, -87.74028389448999)"
KEDZIE AND 31ST,2132,3100 S KEDZIE AVENUE,05/08/2016,5,1155483.167539854,1883867.660503274,41.837132671,-87.704967115,"(41.837132671422296, -87.70496711478727)"
HALSTED AND NORTH,1764,800 W NORTH AVENUE,05/10/2016,1,1170700.68422007,1910913.190749698,41.91102851,-87.648335806,"(41.91102850981186, -87.64833580602037)"
STONEY ISLAND AND 79TH,2462,7900 S STONEY ISLAND,05/10/2016,3,1188181.571068297,1852908.934789311,41.751460603,-87.585971993,"(41.75146060316686, -87.5859719929647)"
71ST AND ASHLAND,2394,1600 W 71ST,05/10/2016,5,1166890.012333149,1857674.2502247,41.765018306,-87.66385923,"(41.76501830555763, -87.66385923012646)"
IRVING PARK AND LARAMIE,1533,5200 W IRVING PARK ROA,05/10/2016,2,,,,,
PULASKI AND DIVERSEY,1542,2800 N PULASKI ROAD,06/02/2017,3,1149200.724531183,1918332.222549679,41.931831026,-87.727126873,"(41.93183102561505, -87.72712687300454)"
CICERO AND FULLERTON,1472,2400 N CICERO AVE,05/10/2016,2,1143961.592189569,1915545.343094087,41.92428359,-87.74645019,"(41.92428358982701, -87.74645019028947)"
DAMEN AND DIVERSEY,1462,2800 N DAMEN AVENUE,05/10/2016,9,1162490.04851994,1918611.623717091,41.932329494,-87.678282719,"(41.9323294940985, -87.67828271931386)"
WESTERN AND FOSTER,1072,5200 N WESTERN AVE,05/10/2016,6,1159372.922497116,1934478.313674003,41.975933372,-87.689299589,"(41.97593337199358, -87.6892995891816)"
31ST ST AND MARTIN LUTHER KING DRIVE,2123,400 E 31ST STREET,06/02/2017,8,1179437.985396417,1884565.84226022,41.838534018,-87.617046113,"(41.838534018118914, -87.61704611345726)"
SACRAMENTO AND LAKE,1822,150 N SACRAMENTO BOUL,05/10/2016,3,1156319.560664766,1900957.489351962,41.884012178,-87.701436479,"(41.88401217771363, -87.7014364786693)"
FULLERTON AND NARRAGANSETT,1554,6400 W FULLERTON AVENU,05/08/2017,7,1133317.594499059,1915293.661305931,41.923786189,-87.785567206,"(41.92378618871128, -87.78556720562165)"
KEDZIE AND 63RD,2364,3200 W 63RD ST,05/10/2016,3,1156103.348831225,1862717.565210739,41.779081505,-87.703260365,"(41.77908150488341, -87.70326036544745)"
71ST AND ASHLAND,2391,7100 S ASHLAND,05/10/2016,1,1166868.379865725,1857616.168087255,41.764859382,-87.663940176,"(41.764859382425385, -87.66394017630476)"
WENTWORTH AND GARFIELD,2264,200 W GARFIELD BLVD,05/09/2016,13,1175889.574397302,1868551.750512227,41.794670385,-87.630547476,"(41.79467038468937, -87.63054747605638)"
IRVING PARK AND KILPATRICK,2764,4700 W IRVING PARK ROA,05/10/2016,1,,,,,
CICERO AND ADDISON,1611,3600 N CICERO AVENUE,05/10/2016,4,1143698.904601495,1923517.005821035,41.946163524,-87.747215169,"(41.94616352362556, -87.74721516897007)"
STONY ISLAND/CORNELL AND 67TH,2731,6700 S CORNELL DRIVE,05/08/2016,9,1188316.454860734,1860851.137456735,41.77325149,-87.5852246,"(41.77325148959568, -87.58522459967712)"
ROOSEVELT AND KOSTNER,2323,4400 W ROOSEVELT,05/10/2016,4,1147200.963258796,1894379.538078088,41.866140868,-87.73508956,"(41.866140867641654, -87.73508956008207)"
CICERO AND CHICAGO,1783,4800 W CHICAGO AVENUE,06/02/2017,2,1144175.291152764,1904916.255225279,41.895112219,-87.745932427,"(41.89511221857764, -87.74593242701515)"
DIVISION AND DAMEN,1733,2000 W DIVISION,05/10/2016,5,1162815.710860194,1908034.672555531,41.903298793,-87.677383247,"(41.903298792681944, -87.67738324739636)"
CICERO AND NORTH,2033,4800 W NORTH AVENUE,05/10/2016,9,1144053.733747163,1910243.80567041,41.90973389,-87.746244973,"(41.909733890131285, -87.74624497295898)"
ASHLAND AND 95TH,2472,9500 S ASHLAND AVENUE,05/10/2016,6,1167295.830128711,1841695.121217916,41.721160612,-87.662828139,"(41.72116061205213, -87.66282813939165)"
WESTERN AND CERMAK,1002,2200 S WESTERN AVENUE,05/10/2016,3,1160669.42562757,1889318.196820393,41.85198384,-87.685785704,"(41.85198383957328, -87.68578570420526)"
ELSTON AND IRVING PARK,1503,3700 W IRVING PARK ROA,05/10/2016,11,,,,,
CANAL AND ROOSEVELT,2294,500 W ROOSEVELT ROAD,05/10/2016,11,1173290.72186561,1895021.166235495,41.867362693,-87.639293195,"(41.867362692616666, -87.63929319464197)"
63RD AND STATE,2712,6300 S STATE ST,05/10/2016,6,1177303.801895084,1863220.216755923,41.780008277,-87.625522512,"(41.78000827740796, -87.6255225119157)"
KEDZIE AND 71ST,2354,3200 W 71ST STREET,05/08/2016,3,1156246.862901455,1857404.014959868,41.764497433,-87.702877023,"(41.76449743256955, -87.70287702335861)"
ASHLAND AND FULLERTON,1652,2400 N ASHLAND AVENUE,05/10/2016,7,1165228.073342838,1916032.319169157,41.92519389,-87.668294363,"(41.92519388981048, -87.66829436339881)"
PULASKI AND DIVISION,1802,1200 N PULASKI ROAD,05/10/2016,1,1149459.590666926,1907723.219884254,41.902713902,-87.726451457,"(41.902713901936174, -87.72645145715836)"
115TH AND HALSTED,2552,11500 S HALSTED STREE,05/08/2016,27,,,,,
BELMONT AND KEDZIE,1372,3200 N KEDZIE AVE,05/10/2016,20,1154426.977874407,1921110.466549542,41.93935173,-87.707846594,"(41.93935173030961, -87.70784659359776)"
KEDZIE AND 71ST,2354,3200 W 71ST STREET,05/10/2016,3,1156246.862901455,1857404.014959868,41.764497433,-87.702877023,"(41.76449743256955, -87.70287702335861)"
HALSTED AND NORTH,1761,1600 N HALSTED STREET,06/02/2017,7,1170678.283433825,1910880.991397547,41.910940644,-87.648419043,"(41.91094064391597, -87.64841904272998)"
ELSTON AND ADDISON,1402,3600 N ELSTON AVE,05/10/2016,2,1154106.95251778,1923731.036211081,41.946549165,-87.708952626,"(41.94654916480637, -87.70895262603513)"
CICERO AND ARMITAGE,2003,4800 W ARMITAGE AVENUE,05/10/2016,1,1144054.25126508,1912907.00926109,41.917041992,-87.746176095,"(41.91704199201953, -87.74617609464687)"
PULASKI AND 63RD,2342,6300 S PULASKI RD,05/10/2016,12,1150746.00309079,1862516.747695325,41.778636469,-87.722906356,"(41.77863646878099, -87.72290635568541)"
55TH and PULASKI,2242,5500 S PULASKI,05/10/2016,4,1150600.072649439,1867806.44512718,41.793155061,-87.723303765,"(41.793155060731024, -87.72330376464247)"
VAN BUREN AND WESTERN,2054,2400 W VAN BUREN STREE,05/10/2016,15,,,,,
79TH AND HALSTED,2541,7900 S HALSTED STREET,05/10/2016,10,1172298.707400847,1852444.344822186,41.750549559,-87.644188368,"(41.750549559438944, -87.64418836784098)"
DAMEN AND DIVERSEY,1464,2000 W DIVERSEY PARKWAY,05/10/2016,4,1162519.714934025,1918635.417634925,41.932394164,-87.678173031,"(41.93239416403691, -87.67817303087757)"
CORTLAND AND ASHLAND,1721,1900 N ASHLAND AVE,05/10/2016,11,1165348.084854857,1912736.454335569,41.916147281,-87.667947354,"(41.91614728095272, -87.66794735350443)"
CERMAK AND PULASKI,2332,2200 S PULASKI,05/10/2016,6,1150012.876838243,1889071.75851865,41.851521442,-87.724904787,"(41.85152144233116, -87.7249047867499)"
CICERO AND CHICAGO,1783,4800 W CHICAGO AVENUE,05/10/2016,2,1144175.291152764,1904916.255225279,41.895112219,-87.745932427,"(41.89511221857764, -87.74593242701515)"
79TH AND KEDZIE,2443,3200 W 79TH ST,05/10/2016,3,1156402.644780165,1852104.649370984,41.749952001,-87.702448478,"(41.74995200142266, -87.70244847808695)"
LARAMIE AND MADISON,2044,5200 W MADISON STREET,05/10/2016,13,1141706.965522802,1899567.55684314,41.880480752,-87.755130433,"(41.88048075170171, -87.75513043296509)"
PULASKI AND DIVERSEY,1542,2800 N PULASKI ROAD,05/10/2016,1,1149200.724531183,1918332.222549679,41.931831026,-87.727126873,"(41.93183102561505, -87.72712687300454)"
AUSTIN AND IRVING PARK,1161,4000 N AUSTIN AVENUE,05/10/2016,1,1135599.956110927,1926006.862619986,41.953144059,-87.776925284,"(41.95314405904539, -87.77692528423394)"
DAMEN AND 63RD,2701,6300 S DAMEN AVENUE,05/10/2016,4,1164069.407943298,1862830.277442834,41.779226921,-87.674052731,"(41.77922692069256, -87.67405273137854)"
KEDZIE AND 31ST,2132,3100 S KEDZIE AVENUE,05/10/2016,4,1155483.167539854,1883867.660503274,41.837132671,-87.704967115,"(41.837132671422296, -87.70496711478727)"
ELSTON AND ADDISON,1403,3216 W ADDISON ST,05/10/2016,12,1154199.729816868,1923799.345386665,41.946734755,-87.708609774,"(41.946734754927796, -87.7086097735515)"
WENTWORTH AND GARFIELD,2261,5500 S WENTWORTH AVEN,05/08/2016,35,,,,,
CICERO AND FULLERTON,1474,4800 W FULLERTON AVE,05/08/2016,4,1143967.570794243,1915568.504954477,41.924347036,-87.74642764,"(41.924347036010694, -87.74642763965628)"
CENTRAL AND DIVERSEY,1642,2800 N CENTRAL AVENUE,05/10/2016,1,1138516.407377375,1918089.499227987,41.931365552,-87.766396529,"(41.93136555236339, -87.76639652879172)"
BELMONT AND KEDZIE,1371,3200 N KEDZIE AVENUE,05/10/2016,4,1154426.977874407,1921110.466549542,41.93935173,-87.707846594,"(41.93935173030961, -87.70784659359776)"
CENTRAL AND FULLERTON,1444,5600 W FULLERTON AVENU,05/10/2016,4,1138627.279189421,1915438.969256439,41.924090199,-87.76605353,"(41.92409019883488, -87.76605353016079)"
STATE AND 79TH,2651,7900 S STATE STREET,05/06/2016,8,1177618.166929966,1852621.870232838,41.750918138,-87.624690123,"(41.7509181383154, -87.62469012251644)"
PERSHING AND WESTERN,2112,3900 S WESTERN BLVD,05/10/2016,5,1161130.992078755,1878746.226354636,41.822963628,-87.684384785,"(41.82296362788048, -87.68438478541296)"
ROOSEVELT AND HALSTED,2233,800 W ROOSEVELT ROAD,05/10/2016,3,1171199.282357741,1894968.056393724,41.867263098,-87.646972686,"(41.86726309836901, -87.64697268601648)"
PULASKI AND NORTH,1994,4000 W NORTH AVENUE,05/10/2016,3,1149456.2688422,1910376.774019002,41.909995582,-87.726394693,"(41.90999558160536, -87.72639469321471)"
DIVERSEY AND WESTERN,1431,2800 N WESTERN AVENUE,05/10/2016,6,1159837.205417355,1918550.506189309,41.932216988,-87.688033281,"(41.93221698794738, -87.68803328089533)"
KEDZIE AND 63RD,2361,6300 S KEDZIE AVE,05/10/2016,1,1156097.505177228,1862668.051775093,41.77894575,-87.703283119,"(41.77894575017997, -87.70328311900342)"
55TH and PULASKI,2244,4000 W 55TH ST,05/10/2016,1,1150621.676903861,1867864.274865394,41.793313334,-87.723223038,"(41.79331333358753, -87.72322303812588)"
DIVISION AND DAMEN,1734,2000 W DIVISION,05/10/2016,5,1162815.710860194,1908034.672555531,41.903298793,-87.677383247,"(41.903298792681944, -87.67738324739636)"
WESTERN AND 71ST,2614,2400 W 71ST STREET,05/10/2016,2,1161584.506819846,1857557.788853485,41.764810388,-87.683308769,"(41.76481038827884, -87.68330876944678)"
55TH AND WESTERN,2212,5500 S WESTERN AVE,05/10/2016,8,1161269.521335262,1867963.111601251,41.793370554,-87.684175377,"(41.79337055433029, -87.6841753767592)"
PULASKI AND ARMITAGE,1843,4000 W ARMITAGE AVENUE,05/10/2016,4,1149375.428872108,1913028.984273181,41.917275069,-87.726622746,"(41.91727506940875, -87.72662274644799)"
35TH AND WESTERN,2091,3500 S WESTERN,05/10/2016,1,1160894.949857101,1881376.851112895,41.830187255,-87.685177925,"(41.83018725526863, -87.68517792510231)"
HALSTED AND MADISON,1872,1 N HALSTED STREET,05/10/2016,7,1171090.967986833,1900270.454015136,41.881815632,-87.647214717,"(41.88181563164203, -87.64721471704077)"
4700 WESTERN,2141,4700 S WESTERN AVENUE,05/10/2016,13,1161120.438879703,1873431.066474726,41.808378408,-87.684570717,"(41.808378407946726, -87.68457071689552)"
55TH AND KEDZIE,2163,3200 W 55TH STREET,05/10/2016,3,1155966.956993183,1868015.593764152,41.793622803,-87.703618141,"(41.79362280329978, -87.70361814062049)"
4700 WESTERN,2142,4700 S WESTERN AVENUE,05/08/2016,7,1161120.438879703,1873431.066474726,41.808378408,-87.684570717,"(41.808378407946726, -87.68457071689552)"
HALSTED AND 95TH,2582,9500 S HALSTED STREET,06/02/2017,1,1172610.538363645,1841811.61926207,41.721365061,-87.643358042,"(41.72136506078306, -87.64335804234075)"
CENTRAL AND IRVING PARK,1183,5600 W IRVING PARK ROAD,05/10/2016,1,1138281.535484986,1926078.647777633,41.953292847,-87.767065708,"(41.953292847298, -87.76706570775266)"
115TH AND HALSTED,2553,800 W 115TH STREET,05/10/2016,1,1173010.735357888,1828632.242070332,41.685190056,-87.642279564,"(41.68519005571938, -87.64227956401977)"
CENTRAL AND LAKE,1743,5600 W LAKE STREET,05/10/2016,3,1138951.495695032,1902230.510465733,41.887838735,-87.765183663,"(41.887838735330206, -87.76518366338465)"
SHERIDAN AND FOSTER,1134,1000 W FOSTER AVE,05/10/2016,2,1168689.247756979,1934758.578141654,41.976505116,-87.655031882,"(41.97650511595711, -87.65503188224778)"
CLARK AND IRVING PARK,1093,1300 W IRVING PARK ROAD,05/10/2016,7,1166777.545456989,1926719.73687357,41.954487567,-87.662293496,"(41.95448756687966, -87.66229349585691)"
LARAMIE AND FULLERTON,1424,5200 W FULLERTON AVENUE,05/10/2016,6,1141305.554932016,1915502.611239048,41.924215797,-87.756210755,"(41.92421579723144, -87.75621075458939)"
ASHLAND AND LAWRENCE,1142,4800 N ASHLAND AVENUE,05/10/2016,2,1164751.686785145,1932001.206626392,41.96902343,-87.669590434,"(41.969023429614026, -87.66959043354217)"
CENTRAL AND FULLERTON,1442,2400 N CENTRAL AVENUE,05/10/2016,1,1138603.468418662,1915431.058212414,41.924068922,-87.766141214,"(41.92406892227644, -87.76614121413186)"
LAFAYETTE AND 87TH,2503,30 W 87TH STREET,05/10/2016,31,1177407.651800237,1847320.772058312,41.736376037,-87.625621311,"(41.736376036604916, -87.62562131092602)"
CERMAK AND PULASKI,2332,2200 S PULASKI,06/02/2017,5,1150012.876838243,1889071.75851865,41.851521442,-87.724904787,"(41.85152144233116, -87.7249047867499)"
VAN BUREN AND WESTERN,2052,400 S WESTERN AVENUE,05/10/2016,21,1160431.682297829,1898091.942371589,41.876064776,-87.686415631,"(41.87606477642526, -87.68641563098768)"
OGDEN AND KOSTNER,2222,2348 S KOSTNER AVENUE,05/10/2016,2,1147394.548182079,1887795.177782082,41.848068845,-87.734547457,"(41.8480688449598, -87.73454745748458)"
HAMLIN AND LAKE,1881,300 N HAMLIN AVENUE,05/10/2016,3,1150970.026856642,1901381.688308858,41.885282636,-87.721069539,"(41.88528263580913, -87.72106953854511)"
ELSTON AND LAWRENCE,1282,4800 N ELSTON AVENUE,05/11/2016,2,1145529.344259918,1931501.601268983,41.968039361,-87.740283894,"(41.96803936143674, -87.74028389448999)"
PERSHING AND WESTERN,2114,2400 W PERSHING ROAD,05/11/2016,2,1160957.773623189,1878793.434193427,41.82309676,-87.685018951,"(41.82309676016606, -87.68501895061576)"
55TH and PULASKI,2244,4000 W 55TH ST,05/11/2016,1,1150621.676903861,1867864.274865394,41.793313334,-87.723223038,"(41.79331333358753, -87.72322303812588)"
DAMEN AND FULLERTON,1663,2000 W FULLERTON AVE,05/11/2016,6,1162596.935552891,1915990.579747891,41.925134944,-87.677963546,"(41.92513494374925, -87.67796354553815)"
CENTRAL AND ADDISON,1682,3600 N CENTRAL AVENUE,05/11/2016,2,1138343.117435682,1923392.067464765,41.945919491,-87.766904594,"(41.945919490555106, -87.76690459426293)"
CALIFORNIA AND PETERSON,1311,6000 N CALIFORNIA AVE,05/11/2016,2,1156545.742699118,1939775.775541795,41.990527717,-87.699552084,"(41.990527717148176, -87.69955208405155)"
CICERO AND HARRISON,2023,4800 W HARRISON STREET,05/11/2016,3,1144451.867388303,1896949.561959463,41.873245464,-87.745117179,"(41.873245464379586, -87.7451171788807)"
LASALLE AND KINZIE,1921,400 N LASALLE,05/11/2016,4,1175028.579766798,1903002.552291359,41.889225372,-87.632674115,"(41.88922537162015, -87.63267411498495)"
KEDZIE AND 47TH,2104,3200 W 47TH ST,05/11/2016,2,1155815.231505056,1873336.169728074,41.808226246,-87.704031672,"(41.808226246244026, -87.70403167215984)"
99TH AND HALSTED,2431,9900 S HALSTED ST,05/08/2016,27,1172689.754200318,1839171.652197216,41.714118868,-87.643145408,"(41.714118868089905, -87.64314540818165)"
WESTERN AND NORTH,1851,1600 N WESTERN AVE,05/11/2016,6,1160077.474351131,1910605.013316134,41.910409024,-87.687370268,"(41.91040902362901, -87.687370268401)"
CALIFORNIA AND DIVERSEY,1514,2800 W DIVERSEY,05/11/2016,36,1157212.54253358,1918526.674434943,41.932205395,-87.697679244,"(41.93220539506452, -87.6976792438691)"
31ST ST AND MARTIN LUTHER KING DRIVE,2123,400 E 31ST STREET,05/11/2016,3,1179437.985396417,1884565.84226022,41.838534018,-87.617046113,"(41.838534018118914, -87.61704611345726)"
CHICAGO AND CLARK,1964,100 W CHICAGO AVENUE,05/11/2016,7,1175374.528739575,1905745.47783364,41.896744347,-87.631321248,"(41.896744346875806, -87.63132124815151)"
VAN BUREN AND WESTERN,2052,400 S WESTERN AVENUE,05/11/2016,24,1160431.682297829,1898091.942371589,41.876064776,-87.686415631,"(41.87606477642526, -87.68641563098768)"
WESTERN AND NORTH,1853,2400 W NORTH AVE,05/11/2016,2,1160100.839010995,1910612.783367238,41.910429862,-87.687284221,"(41.91042986235867, -87.68728422050837)"
FOSTER AND BROADWAY,1113,1200 W FOSTER AVE,05/11/2016,3,1167357.095930752,1934721.393266777,41.97643192,-87.659931806,"(41.97643192018459, -87.65993180604016)"
WESTERN AND CHICAGO,1943,2400 W CHICAGO AVE,06/02/2017,1,1160226.686812944,1905300.904544474,41.895851041,-87.686968935,"(41.895851041123755, -87.68696893468467)"
ROOSEVELT AND HALSTED,,800 W ROOSEVELT ROAD,05/11/2016,1,1171199.282357741,1894968.056393724,41.867263098,-87.646972686,"(41.86726309836901, -87.64697268601648)"
CANAL AND ROOSEVELT,2294,500 W ROOSEVELT ROAD,05/11/2016,15,1173290.72186561,1895021.166235495,41.867362693,-87.639293195,"(41.867362692616666, -87.63929319464197)"
ROOSEVELT AND PULASKI,2311,1200 S PULASKI ROAD,05/11/2016,3,1149866.002247864,1894375.839200384,41.866079337,-87.725305995,"(41.86607933722178, -87.7253059948758)"
SACRAMENTO AND CHICAGO,1814,3000 W CHICAGO AVENUE,05/11/2016,2,1156075.266375505,1905216.604770718,41.895704525,-87.702218524,"(41.895704524946225, -87.70221852353758)"
LARAMIE AND MADISON,2044,5200 W MADISON STREET,05/11/2016,5,1141706.965522802,1899567.55684314,41.880480752,-87.755130433,"(41.88048075170171, -87.75513043296509)"
KEDZIE AND 63RD,2361,6300 S KEDZIE AVE,05/11/2016,2,1156097.505177228,1862668.051775093,41.77894575,-87.703283119,"(41.77894575017997, -87.70328311900342)"
ADDISON AND HARLEM,1591,3600 N HARLEM AVENUE,06/02/2017,4,1127394.594070737,1923110.532422811,41.945338412,-87.807154769,"(41.94533841246591, -87.80715476912044)"
PULASKI AND ARCHER,2153,5000 S ARCHER AVE,05/11/2016,2,1150501.818909837,1871162.311703322,41.802365973,-87.723576766,"(41.80236597333895, -87.72357676611004)"
ROOSEVELT AND HALSTED,2234,800 W ROOSEVELT ROAD,05/11/2016,28,1171199.282357741,1894968.056393724,41.867263098,-87.646972686,"(41.86726309836901, -87.64697268601648)"
71ST AND ASHLAND,2394,1600 W 71ST,05/11/2016,2,1166890.012333149,1857674.2502247,41.765018306,-87.66385923,"(41.76501830555763, -87.66385923012646)"
HARLEM AND BELMONT,1394,7200 W BELMONT AVE,05/11/2016,3,1127504.698153561,1920475.415440844,41.938105479,-87.806809552,"(41.93810547939496, -87.80680955240743)"
KEDZIE AND 71ST,2352,7100 S KEDZIE AVENUE,05/11/2016,1,1156225.540366296,1857330.103443232,41.764295037,-87.702957162,"(41.764295036756856, -87.70295716211793)"
HOMAN/KIMBALL AND NORTH,1771,1600 N HOMAN AVENUE,05/11/2016,1,,,,,
HOMAN/KIMBALL AND NORTH,1771,1600 N HOMAN AVENUE,06/02/2017,1,,,,,
WESTERN AND CERMAK,1002,2200 S WESTERN AVENUE,05/11/2016,7,1160669.42562757,1889318.196820393,41.85198384,-87.685785704,"(41.85198383957328, -87.68578570420526)"
FOSTER AND NAGLE,1031,5200 N NAGLE,05/11/2016,8,1132529.656558223,1934201.702060651,41.97568567,-87.788020406,"(41.97568566971868, -87.78802040620296)"
WESTERN AND FOSTER,1072,5200 N WESTERN AVE,05/11/2016,6,1159372.922497116,1934478.313674003,41.975933372,-87.689299589,"(41.97593337199358, -87.6892995891816)"
HOLLYWOOD AND SHERIDAN,1343,1000 W HOLLYWOOD AVE,05/11/2016,11,1168580.228926466,1938090.295189338,41.985649799,-87.655335807,"(41.98564979859328, -87.65533580655139)"
PULASKI AND ARMITAGE,1843,4000 W ARMITAGE AVENUE,05/11/2016,3,1149375.428872108,1913028.984273181,41.917275069,-87.726622746,"(41.91727506940875, -87.72662274644799)"
STONY ISLAND/CORNELL AND 67TH,2731,6700 S CORNELL DRIVE,05/11/2016,23,1188316.454860734,1860851.137456735,41.77325149,-87.5852246,"(41.77325148959568, -87.58522459967712)"
HALSTED AND DIVISION,1714,800 W DIVISION,05/11/2016,1,1170767.827960358,1908259.644151662,41.903745557,-87.648167011,"(41.90374555734733, -87.64816701062779)"
KEDZIE AND 31ST,2132,3100 S KEDZIE AVENUE,05/11/2016,3,1155483.167539854,1883867.660503274,41.837132671,-87.704967115,"(41.837132671422296, -87.70496711478727)"
ELSTON AND LAWRENCE,1284,4440 W LAWRENCE AVENUE,05/11/2016,7,1145715.061027481,1931571.0474838,41.968226398,-87.739599251,"(41.96822639754791, -87.73959925065756)"
KEDZIE AND 31ST,2134,3200 W 31ST STREET,05/11/2016,2,1155487.128005646,1883943.061106793,41.8373395,-87.704950558,"(41.83733950029648, -87.70495055800411)"
SACRAMENTO AND LAKE,1822,150 N SACRAMENTO BOUL,05/11/2016,5,1156319.560664766,1900957.489351962,41.884012178,-87.701436479,"(41.88401217771363, -87.7014364786693)"
BROADWAY/SHERIDAN AND DEVON,1122,6400 N SHERIDAN ROAD,05/11/2016,14,1167087.151194129,1942658.704988689,41.998217921,-87.660695256,"(41.99821792053241, -87.6606952555721)"
PULASKI AND PETERSON,1262,6000 N PULASKI ROAD,05/11/2016,1,1148598.016685695,1939584.645960177,41.990160923,-87.728790748,"(41.99016092280557, -87.72879074759867)"
99TH AND HALSTED,2431,9900 S HALSTED ST,05/11/2016,23,1172689.754200318,1839171.652197216,41.714118868,-87.643145408,"(41.714118868089905, -87.64314540818165)"
KEDZIE AND 26TH,2381,2600 S KEDZIE AVENUE,05/11/2016,2,1155404.235510285,1886524.460033054,41.844424831,-87.705185452,"(41.84442483084393, -87.70518545233183)"
99TH AND HALSTED,2433,800 W 99TH ST,05/11/2016,6,1172710.642565684,1839246.330602143,41.714323337,-87.643066714,"(41.71432333701137, -87.64306671421937)"
CICERO AND PETERSON,1202,6000 N CICERO AVENUE,05/11/2016,2,1143247.733553094,1939479.342905704,41.989973915,-87.748473024,"(41.98997391514614, -87.74847302426933)"
CICERO AND 47TH,2202,4700 S CICERO AVE,05/11/2016,1,1145112.150373471,1873006.659918126,41.807530373,-87.743296821,"(41.80753037289406, -87.7432968212423)"
55TH AND KEDZIE,2162,5500 S KEDZIE AVENUE,05/11/2016,1,1155945.854705238,1867941.621374192,41.793420237,-87.703697508,"(41.793420236755864, -87.70369750845424)"
79TH AND HALSTED,2543,800 W 79TH STREET,05/11/2016,1,1172320.105719411,1852517.9814434,41.750751157,-87.644107793,"(41.75075115747316, -87.64410779300933)"
HAMLIN AND LAKE,1881,300 N HAMLIN AVENUE,05/11/2016,1,1150970.026856642,1901381.688308858,41.885282636,-87.721069539,"(41.88528263580913, -87.72106953854511)"
LARAMIE AND FULLERTON,1424,5200 W FULLERTON AVENUE,05/11/2016,6,1141305.554932016,1915502.611239048,41.924215797,-87.756210755,"(41.92421579723144, -87.75621075458939)"
79TH AND KEDZIE,2443,3200 W 79TH ST,05/11/2016,9,1156402.644780165,1852104.649370984,41.749952001,-87.702448478,"(41.74995200142266, -87.70244847808695)"
CENTRAL AND IRVING PARK,1182,4000 N CENTRAL AVENUE,05/11/2016,1,1138258.614129764,1926071.172884932,41.953272751,-87.767150151,"(41.95327275103541, -87.76715015131407)"
HAMLIN AND LAKE,1882,300 N HAMLIN AVENUE,05/11/2016,2,1150970.026856642,1901381.688308858,41.885282636,-87.721069539,"(41.88528263580913, -87.72106953854511)"
COLUMBUS AND ILLINOIS,1951,500 N COLUMBUS DRIVE,05/11/2016,11,1178372.808407292,1903693.06016042,41.891044569,-87.620371839,"(41.891044569124276, -87.620371839074)"
IRVING PARK AND NARRAGANSETT,1024,6400 W IRVING PK,05/11/2016,6,1132945.939118726,1925946.304925137,41.953024751,-87.786683238,"(41.95302475075328, -87.78668323766634)"
55TH AND WESTERN,2212,5500 S WESTERN AVE,05/11/2016,6,1161269.521335262,1867963.111601251,41.793370554,-87.684175377,"(41.79337055433029, -87.6841753767592)"
PULASKI AND BELMONT,1382,3200 N PULASKI RD,05/11/2016,3,1149125.621478734,1920994.556178086,41.939138154,-87.72733371,"(41.939138153500274, -87.7273337101426)"
CLARK AND FULLERTON,1632,2400 N CLARK ST,05/11/2016,1,1172749.562209477,1916238.997132859,41.925597623,-87.640650973,"(41.925597623023144, -87.64065097309872)"
PULASKI AND LAWRENCE,1172,4800 N PULASKI ROAD,05/11/2016,2,1148821.701520117,1931605.974570937,41.968262595,-87.728175316,"(41.968262595100775, -87.7281753157596)"
MILWAUKEE AND DEVON,1274,6400 W DEVON AVENUE,05/11/2016,7,1132590.619798275,1942138.532048656,41.997463981,-87.787610243,"(41.99746398102873, -87.78761024341388)"
55TH AND WESTERN,2213,2400 W 55TH STREET,05/11/2016,2,1161277.012730599,1868185.749490228,41.793981347,-87.684141741,"(41.7939813465735, -87.68414174128355)"
ROOSEVELT AND PULASKI,2314,4000 W ROOSEVELT ROAD,05/11/2016,3,1149885.032049683,1894449.464076882,41.866281003,-87.72523422,"(41.866281002664536, -87.72523421983905)"
BELMONT AND KEDZIE,1372,3200 N KEDZIE AVE,05/11/2016,21,1154426.977874407,1921110.466549542,41.93935173,-87.707846594,"(41.93935173030961, -87.70784659359776)"
CENTRAL AND FULLERTON,1444,5600 W FULLERTON AVENU,05/11/2016,3,1138627.279189421,1915438.969256439,41.924090199,-87.76605353,"(41.92409019883488, -87.76605353016079)"
75TH AND STATE,2624,1 E 75TH STREET,05/11/2016,8,1177601.72646404,1855229.486604181,41.758074111,-87.624671658,"(41.75807411097799, -87.62467165835182)"
KOSTNER AND NORTH,2013,4400 W NORTH,05/11/2016,5,1146738.551618032,1910309.595368032,41.909863573,-87.736380296,"(41.90986357340246, -87.73638029605371)"
CICERO AND NORTH,2033,4800 W NORTH AVENUE,05/11/2016,7,1144053.733747163,1910243.80567041,41.90973389,-87.746244973,"(41.909733890131285, -87.74624497295898)"
CICERO AND ADDISON,1612,3600 N CICERO AVENUE,05/11/2016,7,1143698.904601495,1923517.005821035,41.946163524,-87.747215169,"(41.94616352362556, -87.74721516897007)"
87TH AND VINCENNES,2412,8700 S VINCENNES,06/02/2017,6,1172026.328989535,1847142.496643776,41.736006565,-87.645341819,"(41.73600656458518, -87.64534181897955)"
CICERO AND CHICAGO,1781,800 N CICERO AVENUE,05/11/2016,5,1144169.162482127,1904893.189220372,41.895049038,-87.745955516,"(41.89504903796389, -87.74595551626888)"
PULASKI AND DIVISION,1801,1200 N PULASKI ROAD,05/11/2016,2,1149459.590666926,1907723.219884254,41.902713902,-87.726451457,"(41.902713901936174, -87.72645145715836)"
MONTROSE AND WESTERN,1224,2400 W MONTROSE AVENUE,05/11/2016,2,1159562.971802959,1929191.337701253,41.961421726,-87.68874698,"(41.961421726406314, -87.68874697983858)"
DAMEN AND DIVERSEY,1464,2000 W DIVERSEY PARKWAY,05/11/2016,1,1162519.714934025,1918635.417634925,41.932394164,-87.678173031,"(41.93239416403691, -87.67817303087757)"
HALSTED AND FULLERTON,1701,2400 N HALSTED STREET,05/11/2016,2,1170501.602639925,1916200.061550148,41.925540315,-87.648912156,"(41.925540315431995, -87.64891215551155)"
STATE AND 79TH,2651,7900 S STATE STREET,05/11/2016,5,1177618.166929966,1852621.870232838,41.750918138,-87.624690123,"(41.7509181383154, -87.62469012251644)"
71ST AND ASHLAND,2391,7100 S ASHLAND,05/11/2016,7,1166868.379865725,1857616.168087255,41.764859382,-87.663940176,"(41.764859382425385, -87.66394017630476)"
CORTLAND AND ASHLAND,1723,1600 W CORTLAND ST,05/11/2016,11,1165377.660768235,1912768.773647285,41.916235337,-87.667837772,"(41.91623533746878, -87.66783777212962)"
HALSTED AND 95TH,2581,9500 S HALSTED STREET,05/11/2016,3,1172610.538363645,1841811.61926207,41.721365061,-87.643358042,"(41.72136506078306, -87.64335804234075)"
PULASKI AND PETERSON,1263,4000 W PETERSON AVENUE,05/11/2016,4,1148618.560490339,1939615.133928395,41.990244186,-87.728714391,"(41.99024418564742, -87.7287143910091)"
PULASKI AND FOSTER,1102,5200 N PULASKI RD,05/11/2016,6,1148746.251286324,1934286.914361976,41.97562074,-87.728383135,"(41.97562073966174, -87.72838313514907)"
CICERO AND WASHINGTON,1892,100 N CICERO AVENUE,05/11/2016,4,1144328.984091479,1900095.170838459,41.88187971,-87.745489247,"(41.88187970991601, -87.7454892473012)"
111TH AND HALSTED,2422,11100 S HALSTED ST,05/11/2016,4,1172923.657689312,1831209.044179248,41.692263123,-87.642522688,"(41.692263123425136, -87.6425226876268)"
MILWAUKEE AND DEVON,1272,6400 N MILWAUKEE AVEN,06/02/2017,1,1132463.750397878,1942107.911507627,41.997382173,-87.788077674,"(41.99738217345368, -87.78807767391953)"
CICERO AND ARMITAGE,2001,2000 N CICERO AVENUE,05/11/2016,1,1144031.525719004,1912881.8300295,41.916973325,-87.746260223,"(41.91697332451097, -87.74626022251057)"
PULASKI AND NORTH,1994,4000 W NORTH AVENUE,05/11/2016,2,1149456.2688422,1910376.774019002,41.909995582,-87.726394693,"(41.90999558160536, -87.72639469321471)"
PULASKI AND NORTH,1992,1600 N PULASKI AVENUE,05/11/2016,1,1149432.959240306,1910369.112502195,41.90997501,-87.726480523,"(41.909975010236906, -87.72648052306623)"
35TH AND WESTERN,2092,3500 S WESTERN,05/11/2016,2,1160894.949857101,1881376.851112895,41.830187255,-87.685177925,"(41.83018725526863, -87.68517792510231)"
WESTERN AND TOUHY,1252,7200 N WESTERN AVENUE,05/11/2016,2,1158975.66256211,1947754.286963361,42.012371335,-87.690393917,"(42.012371334791766, -87.69039391737863)"
CICERO AND DIVERSEY,1694,4800 W DIVERSEY AVENUE,05/11/2016,2,1143869.848167704,1918226.043989398,41.93164142,-87.746719911,"(41.93164142040689, -87.7467199106462)"
119TH AND HALSTED,2404,800 W 119TH STREET,05/11/2016,1,1173111.174088158,1825985.001014405,41.677923389,-87.641989646,"(41.677923389134385, -87.64198964584013)"
OGDEN AND KOSTNER,2222,2348 S KOSTNER AVENUE,05/11/2016,7,1147394.548182079,1887795.177782082,41.848068845,-87.734547457,"(41.8480688449598, -87.73454745748458)"
WESTERN AND TOUHY,1251,7200 N WESTERN AVENUE,05/11/2016,1,1158975.66256211,1947754.286963361,42.012371335,-87.690393917,"(42.012371334791766, -87.69039391737863)"
FULLERTON AND NARRAGANSETT,1553,6400 W FULLERTON AVENU,06/02/2017,5,1133317.594499059,1915293.661305931,41.923786189,-87.785567206,"(41.92378618871128, -87.78556720562165)"
ASHLAND AND MADISON,1911,0 N ASHLAND AVE,05/11/2016,11,,,,,
CENTRAL AND CHICAGO,1973,5600 W CHICAGO AVENUE,05/11/2016,4,1138858.856732452,1904825.827586656,41.894962293,-87.765460791,"(41.89496229349977, -87.76546079122906)"
CLARK AND IRVING PARK,1091,4000 N CLARK STREET,06/02/2017,4,1166736.149822904,1926699.323624709,41.954432441,-87.662446259,"(41.95443244141688, -87.66244625914061)"
CICERO AND WASHINGTON,1891,100 N CICERO AVENUE,05/11/2016,9,1144328.984091479,1900095.170838459,41.88187971,-87.745489247,"(41.88187970991601, -87.7454892473012)"
LAKE SHORE DR AND BELMONT,1413,400 W BELMONT AVE,05/11/2016,53,1172981.744869382,1921577.376128802,41.940241193,-87.639639114,"(41.94024119325571, -87.63963911427594)"
ELSTON AND IRVING PARK,1503,3700 W IRVING PARK ROA,05/11/2016,7,,,,,
CICERO AND HARRISON,2022,600 S CICERO AVENUE,05/11/2016,5,1144444.97442848,1896894.622216872,41.873094833,-87.745143869,"(41.873094832519136, -87.74514386884542)"
TOUHY AND OSCEOLA,1243,7432 W TOUHY AVENUE,05/11/2016,5,1125717.010560011,1947269.685461107,42.011661765,-87.812781431,"(42.01166176507329, -87.81278143114147)"
HAMLIN AND MADISON,1903,3800 W MADISON STREET,05/11/2016,8,1151032.709141294,1899784.033986533,41.880897273,-87.720881226,"(41.880897273491264, -87.72088122613924)"
SHERIDAN AND FOSTER,1134,1000 W FOSTER AVE,05/11/2016,1,1168689.247756979,1934758.578141654,41.976505116,-87.655031882,"(41.97650511595711, -87.65503188224778)"
IRVING PARK AND LARAMIE,1533,5200 W IRVING PARK ROA,05/11/2016,2,,,,,
WESTERN AND 63RD,2373,2400 W 63RD ST,05/11/2016,2,1161444.415758584,1862848.534703658,41.779331844,-87.683675761,"(41.77933184429814, -87.68367576084798)"
HALSTED AND MADISON,1872,1 N HALSTED STREET,05/11/2016,1,1171090.967986833,1900270.454015136,41.881815632,-87.647214717,"(41.88181563164203, -87.64721471704077)"
WESTERN AND FULLERTON,1672,2400 N WESTERN AVENUE,05/11/2016,1,1159923.309342995,1915897.778561358,41.924935944,-87.687790255,"(41.92493594409127, -87.68779025471278)"
CENTRAL AND CHICAGO,1972,800 N CENTRAL AVENUE,05/11/2016,5,1138836.562608552,1904801.732832435,41.894896579,-87.765543258,"(41.89489657939746, -87.76554325845893)"
JEFFERY AND 95TH,2523,2000 E 95TH ST,05/11/2016,1,1191188.381103057,1842410.411853539,41.722579473,-87.575292523,"(41.722579473126416, -87.57529252250366)"
ASHLAND AND FULLERTON,1651,2400 N ASHLAND AVENUE,05/11/2016,10,1165228.073342838,1916032.319169157,41.92519389,-87.668294363,"(41.92519388981048, -87.66829436339881)"
PULASKI AND CHICAGO,1982,800 N PULASKI ROAD,06/02/2017,2,1149538.444844035,1905079.034990625,41.895456457,-87.726230541,"(41.895456456825386, -87.72623054051289)"
PULASKI AND ARMITAGE,1844,4000 W ARMITAGE AVENUE,06/02/2017,3,1149375.428872108,1913028.984273181,41.917275069,-87.726622746,"(41.91727506940875, -87.72662274644799)"
PULASKI AND ARMITAGE,1844,4000 W ARMITAGE AVENUE,05/11/2016,3,1149375.428872108,1913028.984273181,41.917275069,-87.726622746,"(41.91727506940875, -87.72662274644799)"
HALSTED AND MADISON,1871,1 S HALSTED STREET,05/11/2016,2,1171092.392868784,1900234.542088741,41.881717056,-87.647210539,"(41.88171705561901, -87.64721053920604)"
IRVING PARK AND LARAMIE,1534,5200 W IRVING PARK ROA,05/11/2016,4,,,,,
STONEY ISLAND AND 79TH,2461,7900 S SOUTH CHICAGO AVE,05/11/2016,1,1188274.655498937,1852865.685797892,41.751339705,-87.585632266,"(41.751339704589455, -87.58563226565187)"
LARAMIE AND MADISON,2043,5200 W MADISON STREET,05/11/2016,10,1141706.965522802,1899567.55684314,41.880480752,-87.755130433,"(41.88048075170171, -87.75513043296509)"
ROOSEVELT AND KOSTNER,2321,1200 S KOSTNER,06/02/2017,2,1147196.304001978,1894305.883269746,41.865938839,-87.735108549,"(41.8659388389088, -87.73510854901264)"
CHICAGO AND CLARK,1963,100 W CHICAGO AVENUE,05/11/2016,7,1175374.528739575,1905745.47783364,41.896744347,-87.631321248,"(41.896744346875806, -87.63132124815151)"
IRVING PARK AND NARRAGANSETT,1023,6400 W IRVING PK,05/11/2016,2,1132945.939118726,1925946.304925137,41.953024751,-87.786683238,"(41.95302475075328, -87.78668323766634)"
FULLERTON AND NARRAGANSETT,1554,6400 W FULLERTON AVENU,05/11/2016,7,1133317.594499059,1915293.661305931,41.923786189,-87.785567206,"(41.92378618871128, -87.78556720562165)"
CERMAK AND PULASKI,2332,2200 S PULASKI,05/11/2016,5,1150012.876838243,1889071.75851865,41.851521442,-87.724904787,"(41.85152144233116, -87.7249047867499)"
HALSTED AND NORTH,1764,800 W NORTH AVENUE,05/11/2016,1,1170700.68422007,1910913.190749698,41.91102851,-87.648335806,"(41.91102850981186, -87.64833580602037)"
CICERO AND ARMITAGE,2003,4800 W ARMITAGE AVENUE,05/11/2016,1,1144054.25126508,1912907.00926109,41.917041992,-87.746176095,"(41.91704199201953, -87.74617609464687)"
BELMONT AND KEDZIE,1373,3200 W BELMONT,06/02/2017,3,1154461.587940363,1921143.091003516,41.939440561,-87.707718516,"(41.93944056117365, -87.70771851630873)"
CICERO AND ADDISON,1611,3600 N CICERO AVENUE,05/11/2016,12,1143698.904601495,1923517.005821035,41.946163524,-87.747215169,"(41.94616352362556, -87.74721516897007)"
STATE AND 79TH,2654,1 E 79TH STREET,05/11/2016,26,1177680.113652821,1852598.313477786,41.750852096,-87.624463832,"(41.75085209551078, -87.62446383210285)"
AUSTIN AND ADDISON,1491,3600 N AUSTIN AVENUE,05/11/2016,4,1135691.599896458,1923335.967306169,41.945813215,-87.776652162,"(41.9458132146695, -87.77665216156436)"
WENTWORTH AND GARFIELD,2264,200 W GARFIELD BLVD,05/11/2016,14,1175889.574397302,1868551.750512227,41.794670385,-87.630547476,"(41.79467038468937, -87.63054747605638)"
HARLEM AND BELMONT,1391,3200 N HARLEM AVE,05/11/2016,6,1127481.020995451,1920467.613239239,41.938084468,-87.806896749,"(41.93808446822169, -87.80689674887883)"
KEDZIE AND 71ST,2354,3200 W 71ST STREET,05/11/2016,2,1156246.862901455,1857404.014959868,41.764497433,-87.702877023,"(41.76449743256955, -87.70287702335861)"
PULASKI AND CHICAGO,1983,4000 W CHICAGO AVENUE,05/11/2016,2,1149561.855939692,1905086.596446259,41.895476752,-87.72614436,"(41.89547675163723, -87.72614435991626)"
IRVING PARK AND CALIFORNIA,1234,2800 W IRVING PARK ROA,05/11/2016,13,,,,,
CICERO AND I55,2251,4200 S CICERO AVENUE,05/11/2016,71,1145023.742859509,1876358.276835519,41.816729387,-87.743536712,"(41.81672938674739, -87.74353671247594)"
WESTERN AND 71ST,2614,2400 W 71ST STREET,05/11/2016,4,1161584.506819846,1857557.788853485,41.764810388,-87.683308769,"(41.76481038827884, -87.68330876944678)"
ROOSEVELT AND KOSTNER,2321,1200 S KOSTNER,05/11/2016,3,1147196.304001978,1894305.883269746,41.865938839,-87.735108549,"(41.8659388389088, -87.73510854901264)"
HOMAN/KIMBALL AND NORTH,1773,3400 W NORTH AVE,05/11/2016,15,1153386.578905125,1910465.87061722,41.910162847,-87.711953868,"(41.91016284680269, -87.71195386769125)"
CALIFORNIA AND PETERSON,1313,2800 W PETERSON AVENUE,05/11/2016,2,1156569.515341857,1939784.830544118,41.990552082,-87.699464396,"(41.990552081681564, -87.69946439622785)"
KEDZIE AND 26TH,2382,2600 S KEDZIE AVENUE,05/11/2016,2,1155404.235510285,1886524.460033054,41.844424831,-87.705185452,"(41.84442483084393, -87.70518545233183)"
ASHLAND AND 87TH,2452,8700 S ASHLAND AVE,05/11/2016,5,1167150.470087748,1846991.212339794,41.735696989,-87.663209544,"(41.73569698863625, -87.66320954445679)"
CENTRAL AND FULLERTON,1442,2400 N CENTRAL AVENUE,05/11/2016,2,1138603.468418662,1915431.058212414,41.924068922,-87.766141214,"(41.92406892227644, -87.76614121413186)"
ASHLAND AND MADISON,1914,1600 W MADISON,05/11/2016,9,1165723.014733182,1900136.515489506,41.881564167,-87.666929463,"(41.8815641670199, -87.66692946294842)"
BROADWAY/SHERIDAN AND DEVON,1122,6400 N SHERIDAN ROAD,06/02/2017,7,1167087.151194129,1942658.704988689,41.998217921,-87.660695256,"(41.99821792053241, -87.6606952555721)"
PULASKI AND IRVING PARK,1574,4000 W IRVING PARK RD,05/11/2016,9,1148988.727877253,1926320.954938409,41.953756874,-87.727698513,"(41.95375687447515, -87.72769851312907)"
STONEY ISLAND AND 79TH,2464,1600 E 79TH ST,05/11/2016,3,1188284.704439907,1852964.829047574,41.751611523,-87.585592284,"(41.75161152327319, -87.58559228428787)"
CICERO AND CHICAGO,1783,4800 W CHICAGO AVENUE,05/11/2016,2,1144175.291152764,1904916.255225279,41.895112219,-87.745932427,"(41.89511221857764, -87.74593242701515)"
HALSTED AND 95TH,2582,9500 S HALSTED STREET,05/11/2016,3,1172610.538363645,1841811.61926207,41.721365061,-87.643358042,"(41.72136506078306, -87.64335804234075)"
CICERO AND FULLERTON,1474,4800 W FULLERTON AVE,05/11/2016,6,1143967.570794243,1915568.504954477,41.924347036,-87.74642764,"(41.924347036010694, -87.74642763965628)"
PULASKI AND DIVISION,1802,1200 N PULASKI ROAD,05/11/2016,3,1149459.590666926,1907723.219884254,41.902713902,-87.726451457,"(41.902713901936174, -87.72645145715836)"
WESTERN AND 79TH,2481,7900 S WESTERN AVE,05/11/2016,9,1161711.516404028,1852181.685686118,41.750054934,-87.682992203,"(41.750054933649984, -87.68299220290213)"
HAMLIN AND MADISON,1901,0 N HAMLIN BOULEVARD,05/11/2016,5,,,,,
CERMAK AND PULASKI,2334,4000 W CERMAK,05/11/2016,5,1150018.476053666,1889120.238540361,41.851654369,-87.724882975,"(41.85165436867626, -87.7248829753078)"
HALSTED AND NORTH,1761,1600 N HALSTED STREET,05/11/2016,3,1170678.283433825,1910880.991397547,41.910940644,-87.648419043,"(41.91094064391597, -87.64841904272998)"
CLARK AND IRVING PARK,1093,1300 W IRVING PARK ROAD,05/11/2016,2,1166777.545456989,1926719.73687357,41.954487567,-87.662293496,"(41.95448756687966, -87.66229349585691)"
79TH AND HALSTED,2541,7900 S HALSTED STREET,05/11/2016,3,1172298.707400847,1852444.344822186,41.750549559,-87.644188368,"(41.750549559438944, -87.64418836784098)"
LASALLE AND KINZIE,1923,140 W KINZIE,05/11/2016,1,1175048.09765242,1903028.894760294,41.889297219,-87.632601648,"(41.88929721947309, -87.63260164817305)"
ASHLAND AND IRVING PARK,1153,1600 W IRVING PARK ROA,05/11/2016,1,,,,,
CANAL AND ROOSEVELT,2291,1200 S CANAL STREET,05/11/2016,9,1173268.771030949,1894952.634878732,41.867175125,-87.639375813,"(41.86717512472001, -87.63937581258092)"
55TH and PULASKI,2242,5500 S PULASKI,05/11/2016,8,1150600.072649439,1867806.44512718,41.793155061,-87.723303765,"(41.793155060731024, -87.72330376464247)"
IRVING PARK AND KILPATRICK,2763,4700 W IRVING PARK ROA,05/11/2016,4,,,,,
DIVISION AND DAMEN,1734,2000 W DIVISION,05/11/2016,8,1162815.710860194,1908034.672555531,41.903298793,-87.677383247,"(41.903298792681944, -87.67738324739636)"
WESTERN AND DEVON,1212,6400 N WESTERN AVENUE,05/11/2016,2,1159113.585759434,1942451.622367891,41.997817807,-87.690033035,"(41.997817807026, -87.69003303469276)"
4700 WESTERN,2142,4700 S WESTERN AVENUE,05/11/2016,6,1161120.438879703,1873431.066474726,41.808378408,-87.684570717,"(41.808378407946726, -87.68457071689552)"
LAKE SHORE DR AND BELMONT,1412,3200 N LAKESHORE DRIV,05/11/2016,7,1173053.220555078,1921821.380831705,41.940909163,-87.63936916,"(41.94090916326764, -87.63936915995522)"
OGDEN AND KOSTNER,2223,4400 W OGDEN AVENUE,05/11/2016,8,1147406.592439224,1887689.099869462,41.847777523,-87.734505969,"(41.84777752280453, -87.73450596874825)"
119TH AND HALSTED,2402,11900 S HALSTED,05/11/2016,6,1173094.774616191,1825911.054609338,41.677720829,-87.642051845,"(41.67772082924762, -87.64205184498218)"
119TH AND HALSTED,2402,11900 S HALSTED,06/02/2017,5,1173094.774616191,1825911.054609338,41.677720829,-87.642051845,"(41.67772082924762, -87.64205184498218)"
CENTRAL AND LAKE,1742,400 N CENTRAL AVENUE,05/11/2016,4,1138928.478257537,1902217.926149854,41.887804621,-87.765268498,"(41.88780462053497, -87.76526849810371)"
COTTAGE GROVE AND 71ST,2572,7100 S COTTAGE GROVE,05/11/2016,5,1182746.23698699,1858088.011064538,41.765800351,-87.605729127,"(41.76580035131893, -87.6057291269901)"
FOSTER AND BROADWAY,1111,5200 N BROADWAY ST,05/11/2016,2,1167334.508577915,1934714.008346532,41.976412143,-87.660015082,"(41.97641214294823, -87.66001508205365)"
DAMEN AND 63RD,2701,6300 S DAMEN AVENUE,05/11/2016,2,1164069.407943298,1862830.277442834,41.779226921,-87.674052731,"(41.77922692069256, -87.67405273137854)"
CALIFORNIA AND PETERSON,1311,6000 N CALIFORNIA AVE,06/02/2017,1,1156545.742699118,1939775.775541795,41.990527717,-87.699552084,"(41.990527717148176, -87.69955208405155)"
LAWRENCE AND WESTERN,1193,2400 W LAWRENCE AVENUE,05/11/2016,2,1159482.648570304,1931851.989492596,41.968724349,-87.688968727,"(41.96872434882172, -87.68896872699601)"
PULASKI AND DIVERSEY,1543,4000 W DIVERSEY AVENUE,05/11/2016,1,1149206.496130705,1918356.569267582,41.931897723,-87.72710503,"(41.9318977231462, -87.72710503045386)"
DIVERSEY AND WESTERN,1431,2800 N WESTERN AVENUE,05/11/2016,2,1159837.205417355,1918550.506189309,41.932216988,-87.688033281,"(41.93221698794738, -87.68803328089533)"
DIVISION AND DAMEN,1733,2000 W DIVISION,05/11/2016,4,1162815.710860194,1908034.672555531,41.903298793,-87.677383247,"(41.903298792681944, -87.67738324739636)"
ASHLAND AND LAWRENCE,1142,4800 N ASHLAND AVENUE,06/02/2017,8,1164751.686785145,1932001.206626392,41.96902343,-87.669590434,"(41.969023429614026, -87.66959043354217)"
ELSTON AND ADDISON,1403,3216 W ADDISON ST,05/11/2016,9,1154199.729816868,1923799.345386665,41.946734755,-87.708609774,"(41.946734754927796, -87.7086097735515)"
ASHLAND AND FULLERTON,1652,2400 N ASHLAND AVENUE,05/11/2016,11,1165228.073342838,1916032.319169157,41.92519389,-87.668294363,"(41.92519388981048, -87.66829436339881)"
HALSTED AND FULLERTON,1704,800 W FULLERTON AVENUE,05/11/2016,8,1170525.624723311,1916208.443992778,41.925562791,-87.648823641,"(41.92556279107417, -87.64882364145232)"
CANAL AND ROOSEVELT,2294,500 W ROOSEVELT ROAD,06/02/2017,14,1173290.72186561,1895021.166235495,41.867362693,-87.639293195,"(41.867362692616666, -87.63929319464197)"
LARAMIE AND FULLERTON,1421,2400 N LARAMIE AVENUE,05/11/2016,1,1141282.877477884,1915479.163971956,41.924151874,-87.756294662,"(41.92415187425276, -87.75629466175003)"
PULASKI AND ARCHER,2154,5000 S ARCHER AVE,05/11/2016,1,1150501.818909837,1871162.311703322,41.802365973,-87.723576766,"(41.80236597333895, -87.72357676611004)"
CICERO AND PETERSON,1204,4800 W PETERSON AVENUE,05/11/2016,4,1143273.766829016,1939491.944645127,41.990008007,-87.748376951,"(41.99000800729908, -87.74837695118997)"
ASHLAND AND 87TH,2454,1600 W 87TH ST,05/11/2016,4,1167171.941297436,1847064.855345151,41.735898617,-87.663128781,"(41.735898617066006, -87.66312878090133)"
KOSTNER AND NORTH,2012,4400 W GRAND AVE,05/11/2016,2,1146773.519128439,1910425.663958581,41.91018141,-87.73624887,"(41.910181409597406, -87.73624887040725)"
PULASKI AND DIVERSEY,1542,2800 N PULASKI ROAD,05/11/2016,5,1149200.724531183,1918332.222549679,41.931831026,-87.727126873,"(41.93183102561505, -87.72712687300454)"
IRVING PARK AND CALIFORNIA,1233,2800 W IRVING PARK ROA,05/11/2016,3,,,,,
ASHLAND AND 95TH,2473,1600 W 95TH STREET,05/11/2016,5,1167323.753394196,1841755.029221382,41.721324412,-87.662724153,"(41.721324411975246, -87.66272415265087)"
WESTERN AND DEVON,1211,6400 N WESTERN AVENUE,05/11/2016,1,1159113.585759434,1942451.622367891,41.997817807,-87.690033035,"(41.997817807026, -87.69003303469276)"
CALIFORNIA AND DIVERSEY,1513,2800 W DIVERSEY,05/11/2016,3,1157212.54253358,1918526.674434943,41.932205395,-87.697679244,"(41.93220539506452, -87.6976792438691)"
MILWAUKEE AND MONTROSE,1364,5075 W MONTROSE AVENUE,05/11/2016,2,1141716.746618898,1928736.076639057,41.960522088,-87.754371424,"(41.96052208819935, -87.75437142402293)"
STONEY ISLAND AND 76TH,2631,7600 S STONY ISLAND A,05/11/2016,19,1188092.796191935,1854889.354158304,41.756897173,-87.586234285,"(41.75689717260223, -87.58623428506996)"
LAFAYETTE AND 87TH,2502,8700 S LAFAYETTE AVEN,05/11/2016,15,1177417.493180297,1847243.988223464,41.73616511,-87.625587569,"(41.73616511008592, -87.62558756899932)"
LARAMIE AND MADISON,2044,5200 W MADISON STREET,06/02/2017,13,1141706.965522802,1899567.55684314,41.880480752,-87.755130433,"(41.88048075170171, -87.75513043296509)"
HOLLYWOOD AND SHERIDAN,1344,1000 W HOLLYWOOD AVE,05/11/2016,5,1168580.228926466,1938090.295189338,41.985649799,-87.655335807,"(41.98564979859328, -87.65533580655139)"
KIMBALL AND DIVERSEY,1581,2800 N KIMBALL AVENUE,05/11/2016,5,,,,,
63RD AND STATE,2712,6300 S STATE ST,05/11/2016,9,1177303.801895084,1863220.216755923,41.780008277,-87.625522512,"(41.78000827740796, -87.6255225119157)"
PULASKI AND DIVERSEY,1543,4000 W DIVERSEY AVENUE,06/02/2017,3,1149206.496130705,1918356.569267582,41.931897723,-87.72710503,"(41.9318977231462, -87.72710503045386)"
STONY ISLAND/CORNELL AND 67TH,2721,6700 S STONY ISLAND A,05/11/2016,7,1187984.143047539,1860863.338367666,41.773292896,-87.586442368,"(41.77329289585066, -87.58644236831432)"
WESTERN AND CHICAGO,1943,2400 W CHICAGO AVE,05/11/2016,5,1160226.686812944,1905300.904544474,41.895851041,-87.686968935,"(41.895851041123755, -87.68696893468467)"
CENTRAL AND LAKE,1743,5600 W LAKE STREET,05/11/2016,3,1138951.495695032,1902230.510465733,41.887838735,-87.765183663,"(41.887838735330206, -87.76518366338465)"
CERMAK AND PULASKI,2334,4000 W CERMAK,06/02/2017,5,1150018.476053666,1889120.238540361,41.851654369,-87.724882975,"(41.85165436867626, -87.7248829753078)"
MADISON AND WESTERN,1931,1 S WESTERN AVE,05/11/2016,3,1160453.827721979,1899933.703473746,41.881118279,-87.686283339,"(41.881118278833966, -87.686283338873)"
CENTRAL AND DIVERSEY,1644,5600 W DIVERSEY AVENUE,05/11/2016,1,1138539.758528398,1918097.096677271,41.931385977,-87.766310532,"(41.93138597683265, -87.76631053155157)"
KEDZIE AND 63RD,2364,3200 W 63RD ST,05/11/2016,3,1156103.348831225,1862717.565210739,41.779081505,-87.703260365,"(41.77908150488341, -87.70326036544745)"
35TH AND WESTERN,2091,3500 S WESTERN,05/11/2016,2,1160894.949857101,1881376.851112895,41.830187255,-87.685177925,"(41.83018725526863, -87.68517792510231)"
DAMEN AND 63RD,2702,6300 S DAMEN AVENUE,05/11/2016,6,1164069.407943298,1862830.277442834,41.779226921,-87.674052731,"(41.77922692069256, -87.67405273137854)"
35TH AND WESTERN,2092,3500 S WESTERN,06/02/2017,2,1160894.949857101,1881376.851112895,41.830187255,-87.685177925,"(41.83018725526863, -87.68517792510231)"
MILWAUKEE AND MONTROSE,1362,4400 N MILWAUKEE AVEN,05/11/2016,3,1141643.943268783,1928770.256316239,41.96061723,-87.75463824,"(41.9606172296957, -87.75463824007085)"
31ST ST AND MARTIN LUTHER KING DRIVE,2121,3100 S DR MARTIN L KING,05/11/2016,6,,,,,
CICERO AND 47TH,2204,4800 W 47TH ST,05/11/2016,7,1145130.048925744,1873078.44198302,41.807727017,-87.743229366,"(41.80772701677172, -87.74322936566276)"
KEDZIE AND 47TH,2101,4700 S KEDZIE AVE,06/02/2017,6,1155791.949302478,1873270.778481327,41.808047272,-87.704118822,"(41.80804727165029, -87.70411882229871)"
IRVING PARK AND KILPATRICK,2764,4700 W IRVING PARK ROA,05/11/2016,3,,,,,
ASHLAND AND LAWRENCE,1143,1600 W LAWRENCE AVENUE,05/11/2016,2,1164771.946929007,1931988.254061312,41.968987457,-87.669516307,"(41.96898745654617, -87.66951630654926)"
PETERSON AND WESTERN,1014,2400 W PETERSON,05/11/2016,4,1159214.211316277,1939825.301874586,41.99060901,-87.689735481,"(41.990609009807294, -87.68973548092968)"
CORTLAND AND ASHLAND,1721,1900 N ASHLAND AVE,05/11/2016,18,1165348.084854857,1912736.454335569,41.916147281,-87.667947354,"(41.91614728095272, -87.66794735350443)"
CICERO AND NORTH,2034,4800 W NORTH AVENUE,05/11/2016,2,1144053.733747163,1910243.80567041,41.90973389,-87.746244973,"(41.909733890131285, -87.74624497295898)"
CENTRAL AND BELMONT,1604,5600 W BELMONT AVENUE,05/11/2016,1,1138453.617438343,1920755.972768412,41.938683775,-87.766562494,"(41.93868377475747, -87.76656249384537)"
CALIFORNIA AND DEVON,1321,6400 N CALIFORNIA AVE,05/11/2016,1,1156461.150245401,1942370.37710537,41.997649133,-87.699792629,"(41.997649133049336, -87.69979262891378)"
WESTERN AND MARQUETTE,2672,6700 S WESTERN AVENUE,05/11/2016,2,1161488.747635042,1860134.788366884,41.771884028,-87.683588402,"(41.77188402771193, -87.68358840206334)"
WESTERN AND 71ST,2612,7100 S WESTERN AVENUE,05/11/2016,7,1161563.704681724,1857484.211306323,41.764608912,-87.683387053,"(41.76460891223613, -87.68338705328121)"
4700 WESTERN,2141,4700 S WESTERN AVENUE,05/11/2016,5,1161120.438879703,1873431.066474726,41.808378408,-87.684570717,"(41.808378407946726, -87.68457071689552)"
WESTERN AND FOSTER,1074,2400 W FOSTER AVE,05/11/2016,6,1159379.402846887,1934502.712486132,41.97600019,-87.689275084,"(41.97600018976586, -87.68927508385399)"
BELMONT AND KEDZIE,1371,3200 N KEDZIE AVENUE,05/11/2016,4,1154426.977874407,1921110.466549542,41.93935173,-87.707846594,"(41.93935173030961, -87.70784659359776)"
WESTERN AND ADDISON,1562,3600 N WESTERN AVENUE,05/11/2016,8,1159695.573342728,1923871.086283556,41.94681992,-87.688406662,"(41.94681991986288, -87.68840666206194)"
CLARK AND FULLERTON,1631,2400 N CLARK ST,05/11/2016,1,1172749.562209477,1916238.997132859,41.925597623,-87.640650973,"(41.925597623023144, -87.64065097309872)"
ASHLAND AND LAWRENCE,1142,4800 N ASHLAND AVENUE,05/11/2016,6,1164751.686785145,1932001.206626392,41.96902343,-87.669590434,"(41.969023429614026, -87.66959043354217)"
MONTROSE AND WESTERN,1221,4400 N WESTERN AVENUE,05/11/2016,13,1159539.733234718,1929183.918095502,41.961401846,-87.688832623,"(41.961401846278505, -87.6888326227788)"
JEFFERY AND 95TH,2522,9500 S JEFFERY AVE,05/11/2016,4,1191132.420601301,1842335.735988875,41.722375907,-87.575499903,"(41.72237590704101, -87.57549990332795)"
ASHLAND AND 95TH,2472,9500 S ASHLAND AVENUE,05/11/2016,10,1167295.830128711,1841695.121217916,41.721160612,-87.662828139,"(41.72116061205213, -87.66282813939165)"
PERSHING AND WESTERN,2112,3900 S WESTERN BLVD,05/11/2016,3,1161130.992078755,1878746.226354636,41.822963628,-87.684384785,"(41.82296362788048, -87.68438478541296)"
DIVERSEY AND WESTERN,1434,2400 W DIVERSEY AVENUE,05/11/2016,1,1159859.648423836,1918576.255784305,41.932287183,-87.687950093,"(41.93228718299094, -87.6879500934122)"
STONEY ISLAND AND 79TH,2462,7900 S STONEY ISLAND,05/11/2016,6,1188181.571068297,1852908.934789311,41.751460603,-87.585971993,"(41.75146060316686, -87.5859719929647)"
CLARK AND IRVING PARK,1091,4000 N CLARK STREET,05/11/2016,6,1166736.149822904,1926699.323624709,41.954432441,-87.662446259,"(41.95443244141688, -87.66244625914061)"
WESTERN AND 63RD,2371,6300 S WESTERN AVE,06/02/2017,2,1161415.712688877,1862772.38856596,41.779123484,-87.683783099,"(41.77912348383963, -87.68378309863576)"
63RD AND STATE,2714,1 E 63RD ST,05/11/2016,4,1177367.518733101,1863199.17768559,41.779949105,-87.625289553,"(41.779949104569106, -87.62528955333775)"
ARCHER AND CICERO,2081,5200 S CICERO AVE,05/11/2016,29,1145195.931989777,1869737.708306623,41.798558278,-87.743071866,"(41.798558278193305, -87.74307186616427)"
KEDZIE AND ARMITAGE,1834,3200 W ARMITAGE AVENUE,05/11/2016,2,1154700.851347995,1913153.252187904,41.917511023,-87.707053639,"(41.91751102291878, -87.7070536388797)"
87TH AND VINCENNES,2412,8700 S VINCENNES,05/11/2016,3,1172026.328989535,1847142.496643776,41.736006565,-87.645341819,"(41.73600656458518, -87.64534181897955)"
PULASKI AND FOSTER,1104,4000 W FOSTER AVE,05/11/2016,3,1148759.16134887,1934294.249006446,41.975640616,-87.728335469,"(41.975640616231914, -87.72833546926573)"
DAMEN AND DIVERSEY,1462,2800 N DAMEN AVENUE,06/02/2017,7,1162490.04851994,1918611.623717091,41.932329494,-87.678282719,"(41.9323294940985, -87.67828271931386)"
HALSTED AND 103RD,2593,800 W 103RD STREET,05/11/2016,1,1172778.570616036,1836587.755252818,41.70702632,-87.642896007,"(41.707026319812215, -87.64289600741817)"
KEDZIE AND ARMITAGE,1832,2000 N KEDZIE AVENUE,06/02/2017,3,1154684.031809326,1913129.496340896,41.917446172,-87.707116072,"(41.91744617191702, -87.70711607187832)"
KEDZIE AND ARMITAGE,1832,2000 N KEDZIE AVENUE,05/11/2016,8,1154684.031809326,1913129.496340896,41.917446172,-87.707116072,"(41.91744617191702, -87.70711607187832)"
WESTERN AND CHICAGO,1941,800 N WESTERN AVE,05/11/2016,2,1160220.967978608,1905277.507115921,41.895786955,-87.686990586,"(41.89578695485361, -87.68699058611217)"
55TH AND KEDZIE,2163,3200 W 55TH STREET,06/02/2017,3,1155966.956993183,1868015.593764152,41.793622803,-87.703618141,"(41.79362280329978, -87.70361814062049)"
WESTERN AND ADDISON,1563,2400 W ADDISON,05/11/2016,5,1159719.041544334,1923878.577275797,41.946839991,-87.688320193,"(41.9468399910054, -87.68832019252964)"
CICERO AND FULLERTON,1472,2400 N CICERO AVE,05/11/2016,5,1143961.592189569,1915545.343094087,41.92428359,-87.74645019,"(41.92428358982701, -87.74645019028947)"
STATE AND 79TH,2654,1 E 79TH STREET,06/02/2017,49,1177680.113652821,1852598.313477786,41.750852096,-87.624463832,"(41.75085209551078, -87.62446383210285)"
BELMONT AND KEDZIE,1373,3200 W BELMONT,05/11/2016,5,1154461.587940363,1921143.091003516,41.939440561,-87.707718516,"(41.93944056117365, -87.70771851630873)"
WESTERN AND FULLERTON,1671,2400 N WESTERN AVENUE,05/11/2016,9,1159923.309342995,1915897.778561358,41.924935944,-87.687790255,"(41.92493594409127, -87.68779025471278)"
COTTAGE GROVE AND 71ST,2571,7100 S COTTAGE GROVE,05/11/2016,1,1182746.23698699,1858088.011064538,41.765800351,-87.605729127,"(41.76580035131893, -87.6057291269901)"
AUSTIN AND IRVING PARK,1161,4000 N AUSTIN AVENUE,05/11/2016,3,1135599.956110927,1926006.862619986,41.953144059,-87.776925284,"(41.95314405904539, -87.77692528423394)"
PULASKI AND 63RD,2342,6300 S PULASKI RD,05/11/2016,14,1150746.00309079,1862516.747695325,41.778636469,-87.722906356,"(41.77863646878099, -87.72290635568541)"
STONEY ISLAND AND 76TH,2632,7600 S STONY ISLAND A,05/11/2016,4,1188092.796191935,1854889.354158304,41.756897173,-87.586234285,"(41.75689717260223, -87.58623428506996)"
ROOSEVELT AND HALSTED,2233,800 W ROOSEVELT ROAD,05/11/2016,9,1171199.282357741,1894968.056393724,41.867263098,-87.646972686,"(41.86726309836901, -87.64697268601648)"
WENTWORTH AND GARFIELD,2261,5500 S WENTWORTH AVEN,05/11/2016,34,,,,,
IRVING PARK AND KEDZIE,1354,3200 W IRVING PARK ROAD,05/11/2016,8,1154325.140302006,1926458.463197156,41.954029047,-87.708077494,"(41.95402904691877, -87.70807749383191)"
IRVING PARK AND KEDZIE,1353,3200 W IRVING PARK ROAD,05/11/2016,2,1154325.140302006,1926458.463197156,41.954029047,-87.708077494,"(41.95402904691877, -87.70807749383191)"
ADDISON AND HARLEM,1591,3600 N HARLEM AVENUE,05/11/2016,6,1127394.594070737,1923110.532422811,41.945338412,-87.807154769,"(41.94533841246591, -87.80715476912044)"
FULLERTON AND NARRAGANSETT,1553,6400 W FULLERTON AVENU,05/11/2016,1,1133317.594499059,1915293.661305931,41.923786189,-87.785567206,"(41.92378618871128, -87.78556720562165)"
WESTERN AND FOSTER,1074,2400 W FOSTER AVE,03/02/2017,5,1159379.402846887,1934502.712486132,41.97600019,-87.689275084,"(41.97600018976586, -87.68927508385399)"
DAMEN AND DIVERSEY,1462,2800 N DAMEN AVENUE,05/11/2016,9,1162490.04851994,1918611.623717091,41.932329494,-87.678282719,"(41.9323294940985, -87.67828271931386)"
ROOSEVELT AND KOSTNER,2323,4400 W ROOSEVELT,05/11/2016,6,1147200.963258796,1894379.538078088,41.866140868,-87.73508956,"(41.866140867641654, -87.73508956008207)"
CENTRAL AND IRVING PARK,1183,5600 W IRVING PARK ROAD,05/11/2016,3,1138281.535484986,1926078.647777633,41.953292847,-87.767065708,"(41.953292847298, -87.76706570775266)"
PULASKI AND 79TH,2492,7900 S PULASKI ROAD,06/02/2017,2,1151054.87395657,1851842.663854121,41.749339,-87.722052091,"(41.74933900008238, -87.72205209091501)"
ELSTON AND LAWRENCE,1282,4800 N ELSTON AVENUE,05/12/2016,3,1145529.344259918,1931501.601268983,41.968039361,-87.740283894,"(41.96803936143674, -87.74028389448999)"
PULASKI AND ARMITAGE,1844,4000 W ARMITAGE AVENUE,05/12/2016,2,1149375.428872108,1913028.984273181,41.917275069,-87.726622746,"(41.91727506940875, -87.72662274644799)"
WESTERN AND ADDISON,1562,3600 N WESTERN AVENUE,05/12/2016,6,1159695.573342728,1923871.086283556,41.94681992,-87.688406662,"(41.94681991986288, -87.68840666206194)"
COLUMBUS AND ILLINOIS,1951,500 N COLUMBUS DRIVE,05/12/2016,13,1178372.808407292,1903693.06016042,41.891044569,-87.620371839,"(41.891044569124276, -87.620371839074)"
ROOSEVELT AND HALSTED,2234,800 W ROOSEVELT ROAD,05/12/2016,24,1171199.282357741,1894968.056393724,41.867263098,-87.646972686,"(41.86726309836901, -87.64697268601648)"
ARCHER AND CICERO,2084,5400 S ARCHER AVE,06/02/2017,10,1145209.426392053,1869810.657411975,41.798758208,-87.743020541,"(41.798758207843264, -87.74302054146467)"
55TH and PULASKI,2242,5500 S PULASKI,05/12/2016,3,1150600.072649439,1867806.44512718,41.793155061,-87.723303765,"(41.793155060731024, -87.72330376464247)"
DAMEN AND 63RD,2701,6300 S DAMEN AVENUE,05/12/2016,6,1164069.407943298,1862830.277442834,41.779226921,-87.674052731,"(41.77922692069256, -87.67405273137854)"
KEDZIE AND 71ST,2354,3200 W 71ST STREET,05/12/2016,1,1156246.862901455,1857404.014959868,41.764497433,-87.702877023,"(41.76449743256955, -87.70287702335861)"
PULASKI AND 63RD,2342,6300 S PULASKI RD,05/12/2016,12,1150746.00309079,1862516.747695325,41.778636469,-87.722906356,"(41.77863646878099, -87.72290635568541)"
CANAL AND ROOSEVELT,2294,500 W ROOSEVELT ROAD,05/12/2016,11,1173290.72186561,1895021.166235495,41.867362693,-87.639293195,"(41.867362692616666, -87.63929319464197)"
CICERO AND NORTH,2034,4800 W NORTH AVENUE,06/02/2017,4,1144053.733747163,1910243.80567041,41.90973389,-87.746244973,"(41.909733890131285, -87.74624497295898)"
ELSTON AND ADDISON,1402,3600 N ELSTON AVE,05/12/2016,1,1154106.95251778,1923731.036211081,41.946549165,-87.708952626,"(41.94654916480637, -87.70895262603513)"
HOMAN/KIMBALL AND NORTH,1773,3400 W NORTH AVE,05/12/2016,10,1153386.578905125,1910465.87061722,41.910162847,-87.711953868,"(41.91016284680269, -87.71195386769125)"
WESTERN AND 71ST,2614,2400 W 71ST STREET,05/12/2016,1,1161584.506819846,1857557.788853485,41.764810388,-87.683308769,"(41.76481038827884, -87.68330876944678)"
WENTWORTH AND GARFIELD,2261,5500 S WENTWORTH AVEN,05/12/2016,18,,,,,
CICERO AND ARMITAGE,2001,2000 N CICERO AVENUE,06/02/2017,4,1144031.525719004,1912881.8300295,41.916973325,-87.746260223,"(41.91697332451097, -87.74626022251057)"
PETERSON AND WESTERN,1014,2400 W PETERSON,05/12/2016,4,1159214.211316277,1939825.301874586,41.99060901,-87.689735481,"(41.990609009807294, -87.68973548092968)"
IRVING PARK AND KILPATRICK,2763,4700 W IRVING PARK ROA,05/12/2016,2,,,,,
BROADWAY/SHERIDAN AND DEVON,1122,6400 N SHERIDAN ROAD,05/12/2016,16,1167087.151194129,1942658.704988689,41.998217921,-87.660695256,"(41.99821792053241, -87.6606952555721)"
WESTERN AND FOSTER,1074,2400 W FOSTER AVE,05/12/2016,1,1159379.402846887,1934502.712486132,41.97600019,-87.689275084,"(41.97600018976586, -87.68927508385399)"
CICERO AND PETERSON,1204,4800 W PETERSON AVENUE,05/12/2016,1,1143273.766829016,1939491.944645127,41.990008007,-87.748376951,"(41.99000800729908, -87.74837695118997)"
HALSTED AND FULLERTON,1701,2400 N HALSTED STREET,05/12/2016,2,1170501.602639925,1916200.061550148,41.925540315,-87.648912156,"(41.925540315431995, -87.64891215551155)"
PULASKI AND ARMITAGE,1843,4000 W ARMITAGE AVENUE,05/12/2016,4,1149375.428872108,1913028.984273181,41.917275069,-87.726622746,"(41.91727506940875, -87.72662274644799)"
ROOSEVELT AND PULASKI,2311,1200 S PULASKI ROAD,05/12/2016,4,1149866.002247864,1894375.839200384,41.866079337,-87.725305995,"(41.86607933722178, -87.7253059948758)"
DIVISION AND DAMEN,1734,2000 W DIVISION,05/12/2016,9,1162815.710860194,1908034.672555531,41.903298793,-87.677383247,"(41.903298792681944, -87.67738324739636)"
MILWAUKEE AND DEVON,1274,6400 W DEVON AVENUE,05/12/2016,2,1132590.619798275,1942138.532048656,41.997463981,-87.787610243,"(41.99746398102873, -87.78761024341388)"
CICERO AND NORTH,2033,4800 W NORTH AVENUE,05/12/2016,6,1144053.733747163,1910243.80567041,41.90973389,-87.746244973,"(41.909733890131285, -87.74624497295898)"
FULLERTON AND NARRAGANSETT,1554,6400 W FULLERTON AVENU,05/12/2016,12,1133317.594499059,1915293.661305931,41.923786189,-87.785567206,"(41.92378618871128, -87.78556720562165)"
STATE AND 79TH,2654,1 E 79TH STREET,05/12/2016,23,1177680.113652821,1852598.313477786,41.750852096,-87.624463832,"(41.75085209551078, -87.62446383210285)"
BELMONT AND KEDZIE,1373,3200 W BELMONT,05/12/2016,2,1154461.587940363,1921143.091003516,41.939440561,-87.707718516,"(41.93944056117365, -87.70771851630873)"
87TH AND VINCENNES,2412,8700 S VINCENNES,05/12/2016,10,1172026.328989535,1847142.496643776,41.736006565,-87.645341819,"(41.73600656458518, -87.64534181897955)"
KEDZIE AND 31ST,2132,3100 S KEDZIE AVENUE,05/12/2016,6,1155483.167539854,1883867.660503274,41.837132671,-87.704967115,"(41.837132671422296, -87.70496711478727)"
ASHLAND AND FULLERTON,1652,2400 N ASHLAND AVENUE,05/12/2016,4,1165228.073342838,1916032.319169157,41.92519389,-87.668294363,"(41.92519388981048, -87.66829436339881)"
111TH AND HALSTED,2424,800 W 111TH ST,05/12/2016,4,1172945.404219168,1831282.917027882,41.692465363,-87.642440901,"(41.692465363421874, -87.64244090105778)"
JEFFERY AND 95TH,2523,2000 E 95TH ST,05/12/2016,3,1191188.381103057,1842410.411853539,41.722579473,-87.575292523,"(41.722579473126416, -87.57529252250366)"
CERMAK AND PULASKI,2332,2200 S PULASKI,05/12/2016,5,1150012.876838243,1889071.75851865,41.851521442,-87.724904787,"(41.85152144233116, -87.7249047867499)"
ROOSEVELT AND PULASKI,2314,4000 W ROOSEVELT ROAD,05/12/2016,9,1149885.032049683,1894449.464076882,41.866281003,-87.72523422,"(41.866281002664536, -87.72523421983905)"
HOMAN/KIMBALL AND NORTH,1771,1600 N HOMAN AVENUE,05/12/2016,3,,,,,
63RD AND STATE,2714,1 E 63RD ST,05/12/2016,8,1177367.518733101,1863199.17768559,41.779949105,-87.625289553,"(41.779949104569106, -87.62528955333775)"
HARLEM AND BELMONT,1391,3200 N HARLEM AVE,05/12/2016,3,1127481.020995451,1920467.613239239,41.938084468,-87.806896749,"(41.93808446822169, -87.80689674887883)"
CANAL AND ROOSEVELT,2291,1200 S CANAL STREET,05/12/2016,9,1173268.771030949,1894952.634878732,41.867175125,-87.639375813,"(41.86717512472001, -87.63937581258092)"
ADDISON AND HARLEM,1591,3600 N HARLEM AVENUE,05/12/2016,5,1127394.594070737,1923110.532422811,41.945338412,-87.807154769,"(41.94533841246591, -87.80715476912044)"
HALSTED AND NORTH,1761,1600 N HALSTED STREET,05/12/2016,9,1170678.283433825,1910880.991397547,41.910940644,-87.648419043,"(41.91094064391597, -87.64841904272998)"
STATE AND 79TH,2651,7900 S STATE STREET,05/12/2016,9,1177618.166929966,1852621.870232838,41.750918138,-87.624690123,"(41.7509181383154, -87.62469012251644)"
KEDZIE AND 26TH,2381,2600 S KEDZIE AVENUE,05/12/2016,3,1155404.235510285,1886524.460033054,41.844424831,-87.705185452,"(41.84442483084393, -87.70518545233183)"
CICERO AND WASHINGTON,1891,100 N CICERO AVENUE,05/12/2016,11,1144328.984091479,1900095.170838459,41.88187971,-87.745489247,"(41.88187970991601, -87.7454892473012)"
MILWAUKEE AND MONTROSE,1362,4400 N MILWAUKEE AVEN,05/12/2016,5,1141643.943268783,1928770.256316239,41.96061723,-87.75463824,"(41.9606172296957, -87.75463824007085)"
HALSTED AND MADISON,1871,1 S HALSTED STREET,05/12/2016,4,1171092.392868784,1900234.542088741,41.881717056,-87.647210539,"(41.88171705561901, -87.64721053920604)"
IRVING PARK AND KILPATRICK,2764,4700 W IRVING PARK ROA,05/12/2016,2,,,,,
CALIFORNIA AND DEVON,1321,6400 N CALIFORNIA AVE,06/02/2017,3,1156461.150245401,1942370.37710537,41.997649133,-87.699792629,"(41.997649133049336, -87.69979262891378)"
CICERO AND WASHINGTON,1892,100 N CICERO AVENUE,05/12/2016,6,1144328.984091479,1900095.170838459,41.88187971,-87.745489247,"(41.88187970991601, -87.7454892473012)"
PULASKI AND NORTH,1994,4000 W NORTH AVENUE,05/12/2016,2,1149456.2688422,1910376.774019002,41.909995582,-87.726394693,"(41.90999558160536, -87.72639469321471)"
CALIFORNIA AND DEVON,1323,2800 W DEVON AVENUE,05/12/2016,2,1156484.528078038,1942377.980662191,41.997669523,-87.699706423,"(41.99766952286052, -87.69970642324591)"
STONEY ISLAND AND 79TH,2464,1600 E 79TH ST,05/12/2016,2,1188284.704439907,1852964.829047574,41.751611523,-87.585592284,"(41.75161152327319, -87.58559228428787)"
JEFFERY AND 95TH,2522,9500 S JEFFERY AVE,05/12/2016,2,1191132.420601301,1842335.735988875,41.722375907,-87.575499903,"(41.72237590704101, -87.57549990332795)"
ASHLAND AND FULLERTON,1651,2400 N ASHLAND AVENUE,05/12/2016,6,1165228.073342838,1916032.319169157,41.92519389,-87.668294363,"(41.92519388981048, -87.66829436339881)"
119TH AND HALSTED,2404,800 W 119TH STREET,05/12/2016,7,1173111.174088158,1825985.001014405,41.677923389,-87.641989646,"(41.677923389134385, -87.64198964584013)"
LASALLE AND KINZIE,1921,400 N LASALLE,05/12/2016,8,1175028.579766798,1903002.552291359,41.889225372,-87.632674115,"(41.88922537162015, -87.63267411498495)"
CENTRAL AND CHICAGO,1973,5600 W CHICAGO AVENUE,05/12/2016,3,1138858.856732452,1904825.827586656,41.894962293,-87.765460791,"(41.89496229349977, -87.76546079122906)"
LAKE SHORE DR AND BELMONT,1413,400 W BELMONT AVE,05/12/2016,50,1172981.744869382,1921577.376128802,41.940241193,-87.639639114,"(41.94024119325571, -87.63963911427594)"
BROADWAY/SHERIDAN AND DEVON,1123,1200 W DEVON AVE,05/12/2016,1,1167109.644248166,1942688.147952186,41.998298228,-87.660611661,"(41.99829822771884, -87.66061166063517)"
LAKE SHORE DR AND BELMONT,1412,3200 N LAKESHORE DRIV,05/12/2016,13,1173053.220555078,1921821.380831705,41.940909163,-87.63936916,"(41.94090916326764, -87.63936915995522)"
SACRAMENTO AND LAKE,1821,150 N SACRAMENTO BOUL,06/02/2017,5,1156319.560664766,1900957.489351962,41.884012178,-87.701436479,"(41.88401217771363, -87.7014364786693)"
BELMONT AND KEDZIE,1372,3200 N KEDZIE AVE,05/12/2016,18,1154426.977874407,1921110.466549542,41.93935173,-87.707846594,"(41.93935173030961, -87.70784659359776)"
IRVING PARK AND CALIFORNIA,1233,2800 W IRVING PARK ROA,05/12/2016,6,,,,,
PULASKI AND BELMONT,1382,3200 N PULASKI RD,05/12/2016,2,1149125.621478734,1920994.556178086,41.939138154,-87.72733371,"(41.939138153500274, -87.7273337101426)"
AUSTIN AND ADDISON,1491,3600 N AUSTIN AVENUE,05/12/2016,1,1135691.599896458,1923335.967306169,41.945813215,-87.776652162,"(41.9458132146695, -87.77665216156436)"
115TH AND HALSTED,2553,800 W 115TH STREET,05/12/2016,1,1173010.735357888,1828632.242070332,41.685190056,-87.642279564,"(41.68519005571938, -87.64227956401977)"
LARAMIE AND MADISON,2044,5200 W MADISON STREET,05/12/2016,13,1141706.965522802,1899567.55684314,41.880480752,-87.755130433,"(41.88048075170171, -87.75513043296509)"
KIMBALL AND DIVERSEY,1581,2800 N KIMBALL AVENUE,05/12/2016,2,,,,,
HALSTED AND 95TH,2582,9500 S HALSTED STREET,05/12/2016,1,1172610.538363645,1841811.61926207,41.721365061,-87.643358042,"(41.72136506078306, -87.64335804234075)"
STONEY ISLAND AND 79TH,2464,1600 E 79TH ST,06/02/2017,6,1188284.704439907,1852964.829047574,41.751611523,-87.585592284,"(41.75161152327319, -87.58559228428787)"
CALIFORNIA AND DIVERSEY,1513,2800 W DIVERSEY,05/12/2016,3,1157212.54253358,1918526.674434943,41.932205395,-87.697679244,"(41.93220539506452, -87.6976792438691)"
CICERO AND I55,2251,4200 S CICERO AVENUE,06/02/2017,80,1145023.742859509,1876358.276835519,41.816729387,-87.743536712,"(41.81672938674739, -87.74353671247594)"
VAN BUREN AND WESTERN,2052,400 S WESTERN AVENUE,05/12/2016,23,1160431.682297829,1898091.942371589,41.876064776,-87.686415631,"(41.87606477642526, -87.68641563098768)"
HALSTED AND 103RD,2593,800 W 103RD STREET,05/12/2016,4,1172778.570616036,1836587.755252818,41.70702632,-87.642896007,"(41.707026319812215, -87.64289600741817)"
KEDZIE AND 63RD,2361,6300 S KEDZIE AVE,05/12/2016,2,1156097.505177228,1862668.051775093,41.77894575,-87.703283119,"(41.77894575017997, -87.70328311900342)"
PULASKI AND PETERSON,1263,4000 W PETERSON AVENUE,05/12/2016,5,1148618.560490339,1939615.133928395,41.990244186,-87.728714391,"(41.99024418564742, -87.7287143910091)"
115TH AND HALSTED,2552,11500 S HALSTED STREE,05/12/2016,9,,,,,
STONEY ISLAND AND 76TH,2632,7600 S STONY ISLAND A,05/12/2016,7,1188092.796191935,1854889.354158304,41.756897173,-87.586234285,"(41.75689717260223, -87.58623428506996)"
KOSTNER AND NORTH,2013,4400 W NORTH,05/12/2016,5,1146738.551618032,1910309.595368032,41.909863573,-87.736380296,"(41.90986357340246, -87.73638029605371)"
PULASKI AND IRVING PARK,1574,4000 W IRVING PARK RD,05/12/2016,4,1148988.727877253,1926320.954938409,41.953756874,-87.727698513,"(41.95375687447515, -87.72769851312907)"
TOUHY AND OSCEOLA,1244,7432 W TOUHY AVENUE,05/12/2016,4,1125717.010560011,1947269.685461107,42.011661765,-87.812781431,"(42.01166176507329, -87.81278143114147)"
OGDEN AND KOSTNER,2223,4400 W OGDEN AVENUE,05/12/2016,10,1147406.592439224,1887689.099869462,41.847777523,-87.734505969,"(41.84777752280453, -87.73450596874825)"
STONY ISLAND/CORNELL AND 67TH,2721,6700 S STONY ISLAND A,05/12/2016,15,1187984.143047539,1860863.338367666,41.773292896,-87.586442368,"(41.77329289585066, -87.58644236831432)"
79TH AND HALSTED,2543,800 W 79TH STREET,05/12/2016,3,1172320.105719411,1852517.9814434,41.750751157,-87.644107793,"(41.75075115747316, -87.64410779300933)"
ROOSEVELT AND KOSTNER,2323,4400 W ROOSEVELT,05/12/2016,9,1147200.963258796,1894379.538078088,41.866140868,-87.73508956,"(41.866140867641654, -87.73508956008207)"
CICERO AND PETERSON,1202,6000 N CICERO AVENUE,05/12/2016,4,1143247.733553094,1939479.342905704,41.989973915,-87.748473024,"(41.98997391514614, -87.74847302426933)"
PULASKI AND LAWRENCE,1172,4800 N PULASKI ROAD,05/12/2016,1,1148821.701520117,1931605.974570937,41.968262595,-87.728175316,"(41.968262595100775, -87.7281753157596)"
CENTRAL AND IRVING PARK,1183,5600 W IRVING PARK ROAD,05/12/2016,5,1138281.535484986,1926078.647777633,41.953292847,-87.767065708,"(41.953292847298, -87.76706570775266)"
55TH AND WESTERN,2212,5500 S WESTERN AVE,05/12/2016,10,1161269.521335262,1867963.111601251,41.793370554,-87.684175377,"(41.79337055433029, -87.6841753767592)"
119TH AND HALSTED,2402,11900 S HALSTED,05/12/2016,9,1173094.774616191,1825911.054609338,41.677720829,-87.642051845,"(41.67772082924762, -87.64205184498218)"
FOSTER AND BROADWAY,1113,1200 W FOSTER AVE,05/12/2016,3,1167357.095930752,1934721.393266777,41.97643192,-87.659931806,"(41.97643192018459, -87.65993180604016)"
KEDZIE AND 31ST,2134,3200 W 31ST STREET,05/12/2016,2,1155487.128005646,1883943.061106793,41.8373395,-87.704950558,"(41.83733950029648, -87.70495055800411)"
75TH AND STATE,2624,1 E 75TH STREET,05/12/2016,9,1177601.72646404,1855229.486604181,41.758074111,-87.624671658,"(41.75807411097799, -87.62467165835182)"
ELSTON AND IRVING PARK,1503,3700 W IRVING PARK ROA,05/12/2016,4,,,,,
CICERO AND 47TH,2204,4800 W 47TH ST,05/12/2016,11,1145130.048925744,1873078.44198302,41.807727017,-87.743229366,"(41.80772701677172, -87.74322936566276)"
CENTRAL AND IRVING PARK,1182,4000 N CENTRAL AVENUE,05/12/2016,2,1138258.614129764,1926071.172884932,41.953272751,-87.767150151,"(41.95327275103541, -87.76715015131407)"
CORTLAND AND ASHLAND,1723,1600 W CORTLAND ST,05/12/2016,7,1165377.660768235,1912768.773647285,41.916235337,-87.667837772,"(41.91623533746878, -87.66783777212962)"
DAMEN AND FULLERTON,1663,2000 W FULLERTON AVE,05/12/2016,13,1162596.935552891,1915990.579747891,41.925134944,-87.677963546,"(41.92513494374925, -87.67796354553815)"
ROOSEVELT AND HALSTED,2233,800 W ROOSEVELT ROAD,05/12/2016,9,1171199.282357741,1894968.056393724,41.867263098,-87.646972686,"(41.86726309836901, -87.64697268601648)"
KEDZIE AND 63RD,2364,3200 W 63RD ST,05/12/2016,2,1156103.348831225,1862717.565210739,41.779081505,-87.703260365,"(41.77908150488341, -87.70326036544745)"
DAMEN AND 63RD,2702,6300 S DAMEN AVENUE,05/12/2016,5,1164069.407943298,1862830.277442834,41.779226921,-87.674052731,"(41.77922692069256, -87.67405273137854)"
WESTERN AND FULLERTON,1671,2400 N WESTERN AVENUE,05/12/2016,13,1159923.309342995,1915897.778561358,41.924935944,-87.687790255,"(41.92493594409127, -87.68779025471278)"
WESTERN AND NORTH,1853,2400 W NORTH AVE,05/12/2016,2,1160100.839010995,1910612.783367238,41.910429862,-87.687284221,"(41.91042986235867, -87.68728422050837)"
MILWAUKEE AND MONTROSE,1364,5075 W MONTROSE AVENUE,05/12/2016,3,1141716.746618898,1928736.076639057,41.960522088,-87.754371424,"(41.96052208819935, -87.75437142402293)"
TOUHY AND OSCEOLA,1243,7432 W TOUHY AVENUE,05/12/2016,6,1125717.010560011,1947269.685461107,42.011661765,-87.812781431,"(42.01166176507329, -87.81278143114147)"
DIVERSEY AND AUSTIN,1454,6000 W DIVERSEY AVENUE,05/12/2016,3,1135895.736169343,1918029.70673837,41.931248624,-87.776028612,"(41.931248623643455, -87.77602861172493)"
ELSTON AND ADDISON,1403,3216 W ADDISON ST,05/12/2016,14,1154199.729816868,1923799.345386665,41.946734755,-87.708609774,"(41.946734754927796, -87.7086097735515)"
ASHLAND AND DIVISION,1793,1600 W DIVISION STREET,06/02/2017,2,1165489.684200442,1908112.312963909,41.903455316,-87.667558994,"(41.903455316483814, -87.66755899396976)"
CHICAGO AND CLARK,1963,100 W CHICAGO AVENUE,05/12/2016,7,1175374.528739575,1905745.47783364,41.896744347,-87.631321248,"(41.896744346875806, -87.63132124815151)"
SHERIDAN AND FOSTER,1132,5200 N SHERIDAN ROAD,05/12/2016,3,1168661.623718229,1934753.842272756,41.976492721,-87.655133605,"(41.97649272077833, -87.65513360456677)"
WESTERN AND CHICAGO,1943,2400 W CHICAGO AVE,05/12/2016,1,1160226.686812944,1905300.904544474,41.895851041,-87.686968935,"(41.895851041123755, -87.68696893468467)"
55TH AND WESTERN,2213,2400 W 55TH STREET,05/12/2016,4,1161277.012730599,1868185.749490228,41.793981347,-87.684141741,"(41.7939813465735, -87.68414174128355)"
CALIFORNIA AND PETERSON,1313,2800 W PETERSON AVENUE,05/12/2016,3,1156569.515341857,1939784.830544118,41.990552082,-87.699464396,"(41.990552081681564, -87.69946439622785)"
SHERIDAN AND FOSTER,1134,1000 W FOSTER AVE,05/12/2016,1,1168689.247756979,1934758.578141654,41.976505116,-87.655031882,"(41.97650511595711, -87.65503188224778)"
CENTRAL AND LAKE,1743,5600 W LAKE STREET,05/12/2016,4,1138951.495695032,1902230.510465733,41.887838735,-87.765183663,"(41.887838735330206, -87.76518366338465)"
PULASKI AND DIVISION,1802,1200 N PULASKI ROAD,05/12/2016,4,1149459.590666926,1907723.219884254,41.902713902,-87.726451457,"(41.902713901936174, -87.72645145715836)"
PULASKI AND NORTH,1992,1600 N PULASKI AVENUE,05/12/2016,1,1149432.959240306,1910369.112502195,41.90997501,-87.726480523,"(41.909975010236906, -87.72648052306623)"
CENTRAL AND DIVERSEY,1644,5600 W DIVERSEY AVENUE,05/12/2016,3,1138539.758528398,1918097.096677271,41.931385977,-87.766310532,"(41.93138597683265, -87.76631053155157)"
HAMLIN AND LAKE,1881,300 N HAMLIN AVENUE,05/12/2016,5,1150970.026856642,1901381.688308858,41.885282636,-87.721069539,"(41.88528263580913, -87.72106953854511)"
WENTWORTH AND GARFIELD,2264,200 W GARFIELD BLVD,05/12/2016,20,1175889.574397302,1868551.750512227,41.794670385,-87.630547476,"(41.79467038468937, -87.63054747605638)"
PULASKI AND IRVING PARK,1572,4000 N PULASKI ROAD,05/12/2016,3,1148970.255325552,1926313.600468643,41.953737051,-87.727766612,"(41.95373705144353, -87.72776661179896)"
CICERO AND ADDISON,1612,3600 N CICERO AVENUE,05/12/2016,4,1143698.904601495,1923517.005821035,41.946163524,-87.747215169,"(41.94616352362556, -87.74721516897007)"
WESTERN AND MARQUETTE,2672,6700 S WESTERN AVENUE,05/12/2016,1,1161488.747635042,1860134.788366884,41.771884028,-87.683588402,"(41.77188402771193, -87.68358840206334)"
ASHLAND AND LAWRENCE,1143,1600 W LAWRENCE AVENUE,06/02/2017,5,1164771.946929007,1931988.254061312,41.968987457,-87.669516307,"(41.96898745654617, -87.66951630654926)"
CERMAK AND PULASKI,2334,4000 W CERMAK,05/12/2016,3,1150018.476053666,1889120.238540361,41.851654369,-87.724882975,"(41.85165436867626, -87.7248829753078)"
CICERO AND ADDISON,1611,3600 N CICERO AVENUE,05/12/2016,5,1143698.904601495,1923517.005821035,41.946163524,-87.747215169,"(41.94616352362556, -87.74721516897007)"
IRVING PARK AND LARAMIE,1533,5200 W IRVING PARK ROA,05/12/2016,1,,,,,
HALSTED AND 95TH,2581,9500 S HALSTED STREET,05/12/2016,3,1172610.538363645,1841811.61926207,41.721365061,-87.643358042,"(41.72136506078306, -87.64335804234075)"
CENTRAL AND DIVERSEY,1642,2800 N CENTRAL AVENUE,05/12/2016,2,1138516.407377375,1918089.499227987,41.931365552,-87.766396529,"(41.93136555236339, -87.76639652879172)"
35TH AND WESTERN,2091,3500 S WESTERN,06/02/2017,1,1160894.949857101,1881376.851112895,41.830187255,-87.685177925,"(41.83018725526863, -87.68517792510231)"
HAMLIN AND MADISON,1903,3800 W MADISON STREET,05/12/2016,7,1151032.709141294,1899784.033986533,41.880897273,-87.720881226,"(41.880897273491264, -87.72088122613924)"
LAFAYETTE AND 87TH,2503,30 W 87TH STREET,05/12/2016,29,1177407.651800237,1847320.772058312,41.736376037,-87.625621311,"(41.736376036604916, -87.62562131092602)"
STONEY ISLAND AND 76TH,2631,7600 S STONY ISLAND A,05/12/2016,22,1188092.796191935,1854889.354158304,41.756897173,-87.586234285,"(41.75689717260223, -87.58623428506996)"
CLARK AND IRVING PARK,1091,4000 N CLARK STREET,05/12/2016,1,1166736.149822904,1926699.323624709,41.954432441,-87.662446259,"(41.95443244141688, -87.66244625914061)"
4700 WESTERN,2142,4700 S WESTERN AVENUE,05/12/2016,6,1161120.438879703,1873431.066474726,41.808378408,-87.684570717,"(41.808378407946726, -87.68457071689552)"
ELSTON AND LAWRENCE,1284,4440 W LAWRENCE AVENUE,05/12/2016,5,1145715.061027481,1931571.0474838,41.968226398,-87.739599251,"(41.96822639754791, -87.73959925065756)"
WESTERN AND 63RD,2373,2400 W 63RD ST,05/12/2016,2,1161444.415758584,1862848.534703658,41.779331844,-87.683675761,"(41.77933184429814, -87.68367576084798)"
WESTERN AND TOUHY,1251,7200 N WESTERN AVENUE,05/12/2016,1,1158975.66256211,1947754.286963361,42.012371335,-87.690393917,"(42.012371334791766, -87.69039391737863)"
111TH AND HALSTED,2422,11100 S HALSTED ST,05/12/2016,8,1172923.657689312,1831209.044179248,41.692263123,-87.642522688,"(41.692263123425136, -87.6425226876268)"
CICERO AND I55,2251,4200 S CICERO AVENUE,05/12/2016,65,1145023.742859509,1876358.276835519,41.816729387,-87.743536712,"(41.81672938674739, -87.74353671247594)"
ASHLAND AND MADISON,1914,1600 W MADISON,05/12/2016,7,1165723.014733182,1900136.515489506,41.881564167,-87.666929463,"(41.8815641670199, -87.66692946294842)"
DAMEN AND DIVERSEY,1464,2000 W DIVERSEY PARKWAY,05/12/2016,2,1162519.714934025,1918635.417634925,41.932394164,-87.678173031,"(41.93239416403691, -87.67817303087757)"
CALIFORNIA AND DIVERSEY,1514,2800 W DIVERSEY,05/12/2016,46,1157212.54253358,1918526.674434943,41.932205395,-87.697679244,"(41.93220539506452, -87.6976792438691)"
CALIFORNIA AND DEVON,1321,6400 N CALIFORNIA AVE,05/12/2016,1,1156461.150245401,1942370.37710537,41.997649133,-87.699792629,"(41.997649133049336, -87.69979262891378)"
IRVING PARK AND NARRAGANSETT,1023,6400 W IRVING PK,05/12/2016,2,1132945.939118726,1925946.304925137,41.953024751,-87.786683238,"(41.95302475075328, -87.78668323766634)"
STONEY ISLAND AND 79TH,2461,7900 S SOUTH CHICAGO AVE,05/12/2016,2,1188274.655498937,1852865.685797892,41.751339705,-87.585632266,"(41.751339704589455, -87.58563226565187)"
55TH AND KEDZIE,2162,5500 S KEDZIE AVENUE,05/12/2016,1,1155945.854705238,1867941.621374192,41.793420237,-87.703697508,"(41.793420236755864, -87.70369750845424)"
CICERO AND CHICAGO,1783,4800 W CHICAGO AVENUE,05/12/2016,4,1144175.291152764,1904916.255225279,41.895112219,-87.745932427,"(41.89511221857764, -87.74593242701515)"
IRVING PARK AND KEDZIE,1354,3200 W IRVING PARK ROAD,05/12/2016,7,1154325.140302006,1926458.463197156,41.954029047,-87.708077494,"(41.95402904691877, -87.70807749383191)"
VAN BUREN AND WESTERN,2054,2400 W VAN BUREN STREE,05/12/2016,21,,,,,
KEDZIE AND 26TH,2382,2600 S KEDZIE AVENUE,05/12/2016,1,1155404.235510285,1886524.460033054,41.844424831,-87.705185452,"(41.84442483084393, -87.70518545233183)"
HALSTED AND DIVISION,1714,800 W DIVISION,05/12/2016,13,1170767.827960358,1908259.644151662,41.903745557,-87.648167011,"(41.90374555734733, -87.64816701062779)"
WESTERN AND CHICAGO,1941,800 N WESTERN AVE,05/12/2016,2,1160220.967978608,1905277.507115921,41.895786955,-87.686990586,"(41.89578695485361, -87.68699058611217)"
ASHLAND AND LAWRENCE,1143,1600 W LAWRENCE AVENUE,05/12/2016,3,1164771.946929007,1931988.254061312,41.968987457,-87.669516307,"(41.96898745654617, -87.66951630654926)"
COTTAGE GROVE AND 71ST,2572,7100 S COTTAGE GROVE,05/12/2016,3,1182746.23698699,1858088.011064538,41.765800351,-87.605729127,"(41.76580035131893, -87.6057291269901)"
WENTWORTH AND GARFIELD,2261,5500 S WENTWORTH AVEN,06/01/2017,16,,,,,
PULASKI AND PETERSON,1262,6000 N PULASKI ROAD,05/12/2016,1,1148598.016685695,1939584.645960177,41.990160923,-87.728790748,"(41.99016092280557, -87.72879074759867)"
HALSTED AND 103RD,2592,10300 S HALSTED STREE,05/12/2016,5,,,,,
OGDEN AND KOSTNER,2222,2348 S KOSTNER AVENUE,05/12/2016,1,1147394.548182079,1887795.177782082,41.848068845,-87.734547457,"(41.8480688449598, -87.73454745748458)"
LAWRENCE AND WESTERN,1193,2400 W LAWRENCE AVENUE,05/12/2016,3,1159482.648570304,1931851.989492596,41.968724349,-87.688968727,"(41.96872434882172, -87.68896872699601)"
HOLLYWOOD AND SHERIDAN,1343,1000 W HOLLYWOOD AVE,05/12/2016,9,1168580.228926466,1938090.295189338,41.985649799,-87.655335807,"(41.98564979859328, -87.65533580655139)"
63RD AND STATE,2712,6300 S STATE ST,05/12/2016,6,1177303.801895084,1863220.216755923,41.780008277,-87.625522512,"(41.78000827740796, -87.6255225119157)"
LARAMIE AND MADISON,2043,5200 W MADISON STREET,05/12/2016,12,1141706.965522802,1899567.55684314,41.880480752,-87.755130433,"(41.88048075170171, -87.75513043296509)"
WESTERN AND CERMAK,1003,2400 W CERMAK ROAD,05/12/2016,2,1160678.000607329,1889375.645335924,41.852141307,-87.685752642,"(41.85214130680468, -87.6857526415569)"
STONY ISLAND/CORNELL AND 67TH,2731,6700 S CORNELL DRIVE,05/12/2016,10,1188316.454860734,1860851.137456735,41.77325149,-87.5852246,"(41.77325148959568, -87.58522459967712)"
ELSTON AND ADDISON,1403,3216 W ADDISON ST,06/02/2017,9,1154199.729816868,1923799.345386665,41.946734755,-87.708609774,"(41.946734754927796, -87.7086097735515)"
CLARK AND FULLERTON,1631,2400 N CLARK ST,05/12/2016,1,1172749.562209477,1916238.997132859,41.925597623,-87.640650973,"(41.925597623023144, -87.64065097309872)"
55TH AND WESTERN,2212,5500 S WESTERN AVE,06/02/2017,4,1161269.521335262,1867963.111601251,41.793370554,-87.684175377,"(41.79337055433029, -87.6841753767592)"
IRVING PARK AND CALIFORNIA,1234,2800 W IRVING PARK ROA,05/12/2016,1,,,,,
CALIFORNIA AND DEVON,1323,2800 W DEVON AVENUE,06/02/2017,3,1156484.528078038,1942377.980662191,41.997669523,-87.699706423,"(41.99766952286052, -87.69970642324591)"
KIMBALL AND DIVERSEY,1583,3400 W DIVERSEY AVENUE,05/12/2016,1,1153211.149172713,1918454.477800566,41.932087747,-87.71238583,"(41.932087747378944, -87.71238582951281)"
CENTRAL AND FULLERTON,1444,5600 W FULLERTON AVENU,05/12/2016,2,1138627.279189421,1915438.969256439,41.924090199,-87.76605353,"(41.92409019883488, -87.76605353016079)"
IRVING PARK AND KEDZIE,1353,3200 W IRVING PARK ROAD,05/12/2016,1,1154325.140302006,1926458.463197156,41.954029047,-87.708077494,"(41.95402904691877, -87.70807749383191)"
HALSTED AND NORTH,1764,800 W NORTH AVENUE,05/12/2016,1,1170700.68422007,1910913.190749698,41.91102851,-87.648335806,"(41.91102850981186, -87.64833580602037)"
STONEY ISLAND AND 79TH,2462,7900 S STONEY ISLAND,05/12/2016,4,1188181.571068297,1852908.934789311,41.751460603,-87.585971993,"(41.75146060316686, -87.5859719929647)"
WESTERN AND 79TH,2481,7900 S WESTERN AVE,05/12/2016,7,1161711.516404028,1852181.685686118,41.750054934,-87.682992203,"(41.750054933649984, -87.68299220290213)"
LARAMIE AND FULLERTON,1424,5200 W FULLERTON AVENUE,05/12/2016,4,1141305.554932016,1915502.611239048,41.924215797,-87.756210755,"(41.92421579723144, -87.75621075458939)"
ASHLAND AND 87TH,2454,1600 W 87TH ST,05/12/2016,3,1167171.941297436,1847064.855345151,41.735898617,-87.663128781,"(41.735898617066006, -87.66312878090133)"
IRVING PARK AND LARAMIE,1534,5200 W IRVING PARK ROA,05/12/2016,1,,,,,
HAMLIN AND LAKE,1882,300 N HAMLIN AVENUE,05/12/2016,4,1150970.026856642,1901381.688308858,41.885282636,-87.721069539,"(41.88528263580913, -87.72106953854511)"
CHICAGO AND CLARK,1964,100 W CHICAGO AVENUE,06/02/2017,6,1175374.528739575,1905745.47783364,41.896744347,-87.631321248,"(41.896744346875806, -87.63132124815151)"
ASHLAND AND LAWRENCE,1142,4800 N ASHLAND AVENUE,05/12/2016,4,1164751.686785145,1932001.206626392,41.96902343,-87.669590434,"(41.969023429614026, -87.66959043354217)"
99TH AND HALSTED,2433,800 W 99TH ST,05/12/2016,12,1172710.642565684,1839246.330602143,41.714323337,-87.643066714,"(41.71432333701137, -87.64306671421937)"
COTTAGE GROVE AND 71ST,2571,7100 S COTTAGE GROVE,05/12/2016,6,1182746.23698699,1858088.011064538,41.765800351,-87.605729127,"(41.76580035131893, -87.6057291269901)"
CORTLAND AND ASHLAND,1721,1900 N ASHLAND AVE,05/12/2016,16,1165348.084854857,1912736.454335569,41.916147281,-87.667947354,"(41.91614728095272, -87.66794735350443)"
ASHLAND AND 95TH,2473,1600 W 95TH STREET,05/12/2016,5,1167323.753394196,1841755.029221382,41.721324412,-87.662724153,"(41.721324411975246, -87.66272415265087)"
HOLLYWOOD AND SHERIDAN,1344,1000 W HOLLYWOOD AVE,05/12/2016,9,1168580.228926466,1938090.295189338,41.985649799,-87.655335807,"(41.98564979859328, -87.65533580655139)"
79TH AND HALSTED,2541,7900 S HALSTED STREET,05/12/2016,4,1172298.707400847,1852444.344822186,41.750549559,-87.644188368,"(41.750549559438944, -87.64418836784098)"
WESTERN AND ADDISON,1563,2400 W ADDISON,05/12/2016,1,1159719.041544334,1923878.577275797,41.946839991,-87.688320193,"(41.9468399910054, -87.68832019252964)"
WESTERN AND DEVON,1211,6400 N WESTERN AVENUE,03/31/2017,1,1159113.585759434,1942451.622367891,41.997817807,-87.690033035,"(41.997817807026, -87.69003303469276)"
CICERO AND ARMITAGE,2001,2000 N CICERO AVENUE,05/12/2016,6,1144031.525719004,1912881.8300295,41.916973325,-87.746260223,"(41.91697332451097, -87.74626022251057)"
PULASKI AND CHICAGO,1983,4000 W CHICAGO AVENUE,05/12/2016,5,1149561.855939692,1905086.596446259,41.895476752,-87.72614436,"(41.89547675163723, -87.72614435991626)"
55TH and PULASKI,2244,4000 W 55TH ST,05/12/2016,3,1150621.676903861,1867864.274865394,41.793313334,-87.723223038,"(41.79331333358753, -87.72322303812588)"
71ST AND ASHLAND,2391,7100 S ASHLAND,05/12/2016,7,1166868.379865725,1857616.168087255,41.764859382,-87.663940176,"(41.764859382425385, -87.66394017630476)"
CLARK AND IRVING PARK,1093,1300 W IRVING PARK ROAD,05/12/2016,5,1166777.545456989,1926719.73687357,41.954487567,-87.662293496,"(41.95448756687966, -87.66229349585691)"
CICERO AND ARMITAGE,2003,4800 W ARMITAGE AVENUE,05/12/2016,1,1144054.25126508,1912907.00926109,41.917041992,-87.746176095,"(41.91704199201953, -87.74617609464687)"
LASALLE AND KINZIE,1923,140 W KINZIE,06/02/2017,1,1175048.09765242,1903028.894760294,41.889297219,-87.632601648,"(41.88929721947309, -87.63260164817305)"
CICERO AND WASHINGTON,1892,100 N CICERO AVENUE,06/02/2017,6,1144328.984091479,1900095.170838459,41.88187971,-87.745489247,"(41.88187970991601, -87.7454892473012)"
PULASKI AND FOSTER,1104,4000 W FOSTER AVE,05/12/2016,2,1148759.16134887,1934294.249006446,41.975640616,-87.728335469,"(41.975640616231914, -87.72833546926573)"
HAMLIN AND MADISON,1901,0 N HAMLIN BOULEVARD,05/12/2016,3,,,,,
75TH AND STATE,2621,7500 S STATE STREET,05/12/2016,11,1177538.763040612,1855235.551345519,41.758092176,-87.624902228,"(41.75809217638291, -87.6249022282473)"
MONTROSE AND WESTERN,1224,2400 W MONTROSE AVENUE,05/12/2016,2,1159562.971802959,1929191.337701253,41.961421726,-87.68874698,"(41.961421726406314, -87.68874697983858)"
CICERO AND 47TH,2202,4700 S CICERO AVE,05/12/2016,2,1145112.150373471,1873006.659918126,41.807530373,-87.743296821,"(41.80753037289406, -87.7432968212423)"
PERSHING AND WESTERN,2112,3900 S WESTERN BLVD,05/12/2016,5,1161130.992078755,1878746.226354636,41.822963628,-87.684384785,"(41.82296362788048, -87.68438478541296)"
WESTERN AND FOSTER,1072,5200 N WESTERN AVE,05/12/2016,3,1159372.922497116,1934478.313674003,41.975933372,-87.689299589,"(41.97593337199358, -87.6892995891816)"
PULASKI AND FOSTER,1102,5200 N PULASKI RD,05/12/2016,4,1148746.251286324,1934286.914361976,41.97562074,-87.728383135,"(41.97562073966174, -87.72838313514907)"
CENTRAL AND LAKE,1742,400 N CENTRAL AVENUE,05/12/2016,4,1138928.478257537,1902217.926149854,41.887804621,-87.765268498,"(41.88780462053497, -87.76526849810371)"
WESTERN AND NORTH,1851,1600 N WESTERN AVE,05/12/2016,3,1160077.474351131,1910605.013316134,41.910409024,-87.687370268,"(41.91040902362901, -87.687370268401)"
SACRAMENTO AND LAKE,1821,150 N SACRAMENTO BOUL,05/12/2016,4,1156319.560664766,1900957.489351962,41.884012178,-87.701436479,"(41.88401217771363, -87.7014364786693)"
CICERO AND HARRISON,2022,600 S CICERO AVENUE,05/12/2016,11,1144444.97442848,1896894.622216872,41.873094833,-87.745143869,"(41.873094832519136, -87.74514386884542)"
79TH AND KEDZIE,2443,3200 W 79TH ST,05/12/2016,6,1156402.644780165,1852104.649370984,41.749952001,-87.702448478,"(41.74995200142266, -87.70244847808695)"
MONTROSE AND WESTERN,1221,4400 N WESTERN AVENUE,05/12/2016,18,1159539.733234718,1929183.918095502,41.961401846,-87.688832623,"(41.961401846278505, -87.6888326227788)"
CICERO AND FULLERTON,1474,4800 W FULLERTON AVE,05/12/2016,1,1143967.570794243,1915568.504954477,41.924347036,-87.74642764,"(41.924347036010694, -87.74642763965628)"
PERSHING AND WESTERN,2114,2400 W PERSHING ROAD,05/12/2016,8,1160957.773623189,1878793.434193427,41.82309676,-87.685018951,"(41.82309676016606, -87.68501895061576)"
WESTERN AND 71ST,2612,7100 S WESTERN AVENUE,05/12/2016,9,1161563.704681724,1857484.211306323,41.764608912,-87.683387053,"(41.76460891223613, -87.68338705328121)"
FOSTER AND NAGLE,1031,5200 N NAGLE,05/12/2016,1,1132529.656558223,1934201.702060651,41.97568567,-87.788020406,"(41.97568566971868, -87.78802040620296)"
PULASKI AND ARCHER,2153,5000 S ARCHER AVE,05/12/2016,4,1150501.818909837,1871162.311703322,41.802365973,-87.723576766,"(41.80236597333895, -87.72357676611004)"
CENTRAL AND FULLERTON,1442,2400 N CENTRAL AVENUE,05/12/2016,3,1138603.468418662,1915431.058212414,41.924068922,-87.766141214,"(41.92406892227644, -87.76614121413186)"
HARLEM AND BELMONT,1394,7200 W BELMONT AVE,05/12/2016,3,1127504.698153561,1920475.415440844,41.938105479,-87.806809552,"(41.93810547939496, -87.80680955240743)"
CICERO AND CHICAGO,1781,800 N CICERO AVENUE,05/12/2016,3,1144169.162482127,1904893.189220372,41.895049038,-87.745955516,"(41.89504903796389, -87.74595551626888)"
ASHLAND AND IRVING PARK,1153,1600 W IRVING PARK ROA,05/12/2016,4,,,,,
CALIFORNIA AND DIVERSEY,1511,2800 N CALIFORNIA AVE,06/02/2017,6,1157189.355049829,1918495.644754069,41.932120719,-87.6977653,"(41.93212071910647, -87.69776530036465)"
CENTRAL AND CHICAGO,1972,800 N CENTRAL AVENUE,05/12/2016,4,1138836.562608552,1904801.732832435,41.894896579,-87.765543258,"(41.89489657939746, -87.76554325845893)"
MADISON AND WESTERN,1931,1 S WESTERN AVE,05/12/2016,2,1160453.827721979,1899933.703473746,41.881118279,-87.686283339,"(41.881118278833966, -87.686283338873)"
AUSTIN AND ADDISON,1493,6000 W ADDISON STREET,06/13/2017,2,1135698.173154422,1923360.229527805,41.945879676,-87.776627421,"(41.94587967559099, -87.77662742093737)"
31ST ST AND MARTIN LUTHER KING DRIVE,2121,3100 S DR MARTIN L KING,05/12/2016,7,,,,,
LAFAYETTE AND 87TH,2502,8700 S LAFAYETTE AVEN,05/12/2016,13,1177417.493180297,1847243.988223464,41.73616511,-87.625587569,"(41.73616511008592, -87.62558756899932)"
WESTERN AND CERMAK,1002,2200 S WESTERN AVENUE,05/12/2016,5,1160669.42562757,1889318.196820393,41.85198384,-87.685785704,"(41.85198383957328, -87.68578570420526)"
35TH AND WESTERN,2092,3500 S WESTERN,05/12/2016,6,1160894.949857101,1881376.851112895,41.830187255,-87.685177925,"(41.83018725526863, -87.68517792510231)"
KOSTNER AND NORTH,2012,4400 W GRAND AVE,05/12/2016,4,1146773.519128439,1910425.663958581,41.91018141,-87.73624887,"(41.910181409597406, -87.73624887040725)"
HALSTED AND MADISON,1872,1 N HALSTED STREET,05/12/2016,3,1171090.967986833,1900270.454015136,41.881815632,-87.647214717,"(41.88181563164203, -87.64721471704077)"
DIVISION AND DAMEN,1733,2000 W DIVISION,06/13/2017,5,1162815.710860194,1908034.672555531,41.903298793,-87.677383247,"(41.903298792681944, -87.67738324739636)"
99TH AND HALSTED,2431,9900 S HALSTED ST,05/12/2016,17,1172689.754200318,1839171.652197216,41.714118868,-87.643145408,"(41.714118868089905, -87.64314540818165)"
WESTERN AND DEVON,1212,6400 N WESTERN AVENUE,05/12/2016,4,1159113.585759434,1942451.622367891,41.997817807,-87.690033035,"(41.997817807026, -87.69003303469276)"
CICERO AND NORTH,2034,4800 W NORTH AVENUE,05/12/2016,1,1144053.733747163,1910243.80567041,41.90973389,-87.746244973,"(41.909733890131285, -87.74624497295898)"
ASHLAND AND 87TH,2452,8700 S ASHLAND AVE,05/12/2016,4,1167150.470087748,1846991.212339794,41.735696989,-87.663209544,"(41.73569698863625, -87.66320954445679)"
MILWAUKEE AND DEVON,1272,6400 N MILWAUKEE AVEN,05/12/2016,1,1132463.750397878,1942107.911507627,41.997382173,-87.788077674,"(41.99738217345368, -87.78807767391953)"
SACRAMENTO AND CHICAGO,1814,3000 W CHICAGO AVENUE,05/12/2016,1,1156075.266375505,1905216.604770718,41.895704525,-87.702218524,"(41.895704524946225, -87.70221852353758)"
STATE AND 79TH,2654,1 E 79TH STREET,06/03/2017,63,1177680.113652821,1852598.313477786,41.750852096,-87.624463832,"(41.75085209551078, -87.62446383210285)"
ROOSEVELT AND PULASKI,2311,1200 S PULASKI ROAD,06/03/2017,3,1149866.002247864,1894375.839200384,41.866079337,-87.725305995,"(41.86607933722178, -87.7253059948758)"
AUSTIN AND IRVING PARK,1161,4000 N AUSTIN AVENUE,05/12/2016,5,1135599.956110927,1926006.862619986,41.953144059,-87.776925284,"(41.95314405904539, -87.77692528423394)"
HOMAN/KIMBALL AND NORTH,1773,3400 W NORTH AVE,11/22/2016,4,1153386.578905125,1910465.87061722,41.910162847,-87.711953868,"(41.91016284680269, -87.71195386769125)"
CENTRAL AND ADDISON,1682,3600 N CENTRAL AVENUE,05/12/2016,7,1138343.117435682,1923392.067464765,41.945919491,-87.766904594,"(41.945919490555106, -87.76690459426293)"
CENTRAL AND ADDISON,1683,5600 W ADDISON STREET,05/12/2016,1,1138349.663302502,1923416.02157061,41.945985104,-87.766879952,"(41.94598510430888, -87.76687995165918)"
35TH AND WESTERN,2091,3500 S WESTERN,05/12/2016,2,1160894.949857101,1881376.851112895,41.830187255,-87.685177925,"(41.83018725526863, -87.68517792510231)"
DAMEN AND DIVERSEY,1462,2800 N DAMEN AVENUE,05/12/2016,8,1162490.04851994,1918611.623717091,41.932329494,-87.678282719,"(41.9323294940985, -87.67828271931386)"
ASHLAND AND IRVING PARK,1151,4000 N ASHLAND AVENUE,05/12/2016,3,1164899.463802581,1926665.661118925,41.954379326,-87.66919912,"(41.954379326212695, -87.66919911980419)"
ARCHER AND CICERO,2081,5200 S CICERO AVE,05/12/2016,42,1145195.931989777,1869737.708306623,41.798558278,-87.743071866,"(41.798558278193305, -87.74307186616427)"
IRVING PARK AND NARRAGANSETT,1024,6400 W IRVING PK,05/12/2016,2,1132945.939118726,1925946.304925137,41.953024751,-87.786683238,"(41.95302475075328, -87.78668323766634)"
LASALLE AND KINZIE,1923,140 W KINZIE,06/03/2017,2,1175048.09765242,1903028.894760294,41.889297219,-87.632601648,"(41.88929721947309, -87.63260164817305)"
AUSTIN AND IRVING PARK,1163,6000 W IRVING PARK ROAD,06/03/2017,3,1135622.402636023,1926014.192063646,41.953163772,-87.776842593,"(41.95316377185154, -87.77684259284736)"
LASALLE AND KINZIE,1923,140 W KINZIE,05/12/2016,4,1175048.09765242,1903028.894760294,41.889297219,-87.632601648,"(41.88929721947309, -87.63260164817305)"
KEDZIE AND ARMITAGE,1832,2000 N KEDZIE AVENUE,05/12/2016,6,1154684.031809326,1913129.496340896,41.917446172,-87.707116072,"(41.91744617191702, -87.70711607187832)"
4700 WESTERN,2141,4700 S WESTERN AVENUE,05/12/2016,6,1161120.438879703,1873431.066474726,41.808378408,-87.684570717,"(41.808378407946726, -87.68457071689552)"
KEDZIE AND ARMITAGE,1834,3200 W ARMITAGE AVENUE,05/12/2016,4,1154700.851347995,1913153.252187904,41.917511023,-87.707053639,"(41.91751102291878, -87.7070536388797)"
LARAMIE AND FULLERTON,1424,5200 W FULLERTON AVENUE,06/03/2017,4,1141305.554932016,1915502.611239048,41.924215797,-87.756210755,"(41.92421579723144, -87.75621075458939)"
ASHLAND AND 95TH,2472,9500 S ASHLAND AVENUE,05/12/2016,10,1167295.830128711,1841695.121217916,41.721160612,-87.662828139,"(41.72116061205213, -87.66282813939165)"
CENTRAL AND BELMONT,1604,5600 W BELMONT AVENUE,05/12/2016,2,1138453.617438343,1920755.972768412,41.938683775,-87.766562494,"(41.93868377475747, -87.76656249384537)"
PULASKI AND DIVISION,1801,1200 N PULASKI ROAD,05/12/2016,4,1149459.590666926,1907723.219884254,41.902713902,-87.726451457,"(41.902713901936174, -87.72645145715836)"
CENTRAL AND BELMONT,1602,3200 N CENTRAL AVENUE,05/12/2016,1,1138430.432324593,1920731.654410336,41.938617463,-87.766648297,"(41.938617463272884, -87.76664829683827)"
DIVISION AND DAMEN,1733,2000 W DIVISION,05/12/2016,3,1162815.710860194,1908034.672555531,41.903298793,-87.677383247,"(41.903298792681944, -87.67738324739636)"
LARAMIE AND MADISON,2044,5200 W MADISON STREET,06/03/2017,18,1141706.965522802,1899567.55684314,41.880480752,-87.755130433,"(41.88048075170171, -87.75513043296509)"
COLUMBUS AND ILLINOIS,1952,500 N COLUMBUS DRIVE,05/12/2016,5,1178372.808407292,1903693.06016042,41.891044569,-87.620371839,"(41.891044569124276, -87.620371839074)"
FULLERTON AND NARRAGANSETT,1553,6400 W FULLERTON AVENU,05/12/2016,6,1133317.594499059,1915293.661305931,41.923786189,-87.785567206,"(41.92378618871128, -87.78556720562165)"
STONY ISLAND/CORNELL AND 67TH,2731,6700 S CORNELL DRIVE,06/03/2017,7,1188316.454860734,1860851.137456735,41.77325149,-87.5852246,"(41.77325148959568, -87.58522459967712)"
PULASKI AND FOSTER,1102,5200 N PULASKI RD,05/13/2016,3,1148746.251286324,1934286.914361976,41.97562074,-87.728383135,"(41.97562073966174, -87.72838313514907)"
STONEY ISLAND AND 79TH,2462,7900 S STONEY ISLAND,05/13/2016,4,1188181.571068297,1852908.934789311,41.751460603,-87.585971993,"(41.75146060316686, -87.5859719929647)"
63RD AND STATE,2712,6300 S STATE ST,05/13/2016,6,1177303.801895084,1863220.216755923,41.780008277,-87.625522512,"(41.78000827740796, -87.6255225119157)"
STONY ISLAND/CORNELL AND 67TH,2731,6700 S CORNELL DRIVE,05/13/2016,25,1188316.454860734,1860851.137456735,41.77325149,-87.5852246,"(41.77325148959568, -87.58522459967712)"
HOLLYWOOD AND SHERIDAN,1343,1000 W HOLLYWOOD AVE,06/03/2017,12,1168580.228926466,1938090.295189338,41.985649799,-87.655335807,"(41.98564979859328, -87.65533580655139)"
PERSHING AND WESTERN,2114,2400 W PERSHING ROAD,05/10/2016,4,1160957.773623189,1878793.434193427,41.82309676,-87.685018951,"(41.82309676016606, -87.68501895061576)"
PULASKI AND LAWRENCE,1172,4800 N PULASKI ROAD,05/13/2016,1,1148821.701520117,1931605.974570937,41.968262595,-87.728175316,"(41.968262595100775, -87.7281753157596)"
IRVING PARK AND NARRAGANSETT,1023,6400 W IRVING PK,05/13/2016,5,1132945.939118726,1925946.304925137,41.953024751,-87.786683238,"(41.95302475075328, -87.78668323766634)"
HOLLYWOOD AND SHERIDAN,1343,1000 W HOLLYWOOD AVE,05/13/2016,5,1168580.228926466,1938090.295189338,41.985649799,-87.655335807,"(41.98564979859328, -87.65533580655139)"
HALSTED AND 95TH,2582,9500 S HALSTED STREET,06/03/2017,2,1172610.538363645,1841811.61926207,41.721365061,-87.643358042,"(41.72136506078306, -87.64335804234075)"
BELMONT AND KEDZIE,1371,3200 N KEDZIE AVENUE,05/13/2016,2,1154426.977874407,1921110.466549542,41.93935173,-87.707846594,"(41.93935173030961, -87.70784659359776)"
CHICAGO AND CLARK,1964,100 W CHICAGO AVENUE,05/13/2016,5,1175374.528739575,1905745.47783364,41.896744347,-87.631321248,"(41.896744346875806, -87.63132124815151)"
CALIFORNIA AND DIVERSEY,1514,2800 W DIVERSEY,05/13/2016,39,1157212.54253358,1918526.674434943,41.932205395,-87.697679244,"(41.93220539506452, -87.6976792438691)"
CICERO AND NORTH,2034,4800 W NORTH AVENUE,05/13/2016,2,1144053.733747163,1910243.80567041,41.90973389,-87.746244973,"(41.909733890131285, -87.74624497295898)"
CHICAGO AND CLARK,1964,100 W CHICAGO AVENUE,05/12/2016,10,1175374.528739575,1905745.47783364,41.896744347,-87.631321248,"(41.896744346875806, -87.63132124815151)"
IRVING PARK AND NARRAGANSETT,1023,6400 W IRVING PK,06/03/2017,2,1132945.939118726,1925946.304925137,41.953024751,-87.786683238,"(41.95302475075328, -87.78668323766634)"
CICERO AND WASHINGTON,1891,100 N CICERO AVENUE,05/13/2016,8,1144328.984091479,1900095.170838459,41.88187971,-87.745489247,"(41.88187970991601, -87.7454892473012)"
31ST ST AND MARTIN LUTHER KING DRIVE,2121,3100 S DR MARTIN L KING,05/10/2016,13,,,,,
KOSTNER AND NORTH,2012,4400 W GRAND AVE,05/13/2016,7,1146773.519128439,1910425.663958581,41.91018141,-87.73624887,"(41.910181409597406, -87.73624887040725)"
HALSTED AND NORTH,1764,800 W NORTH AVENUE,05/13/2016,4,1170700.68422007,1910913.190749698,41.91102851,-87.648335806,"(41.91102850981186, -87.64833580602037)"
STONEY ISLAND AND 76TH,2632,7600 S STONY ISLAND A,06/03/2017,26,1188092.796191935,1854889.354158304,41.756897173,-87.586234285,"(41.75689717260223, -87.58623428506996)"
PULASKI AND PETERSON,1263,4000 W PETERSON AVENUE,05/13/2016,10,1148618.560490339,1939615.133928395,41.990244186,-87.728714391,"(41.99024418564742, -87.7287143910091)"
OGDEN AND KOSTNER,2223,4400 W OGDEN AVENUE,05/13/2016,12,1147406.592439224,1887689.099869462,41.847777523,-87.734505969,"(41.84777752280453, -87.73450596874825)"
PULASKI AND DIVERSEY,1542,2800 N PULASKI ROAD,05/13/2016,1,1149200.724531183,1918332.222549679,41.931831026,-87.727126873,"(41.93183102561505, -87.72712687300454)"
WESTERN AND TOUHY,1251,7200 N WESTERN AVENUE,05/13/2016,3,1158975.66256211,1947754.286963361,42.012371335,-87.690393917,"(42.012371334791766, -87.69039391737863)"
115TH AND HALSTED,2552,11500 S HALSTED STREE,05/11/2016,13,,,,,
CERMAK AND PULASKI,2332,2200 S PULASKI,05/13/2016,10,1150012.876838243,1889071.75851865,41.851521442,-87.724904787,"(41.85152144233116, -87.7249047867499)"
SACRAMENTO AND LAKE,1822,150 N SACRAMENTO BOUL,05/13/2016,6,1156319.560664766,1900957.489351962,41.884012178,-87.701436479,"(41.88401217771363, -87.7014364786693)"
PULASKI AND DIVERSEY,1543,4000 W DIVERSEY AVENUE,05/13/2016,2,1149206.496130705,1918356.569267582,41.931897723,-87.72710503,"(41.9318977231462, -87.72710503045386)"
FOSTER AND NAGLE,1034,6400 W FOSTER,05/13/2016,1,1132552.893142153,1934229.875527466,41.975762574,-87.787934296,"(41.97576257447203, -87.7879342955108)"
CENTRAL AND DIVERSEY,1644,5600 W DIVERSEY AVENUE,05/13/2016,1,1138539.758528398,1918097.096677271,41.931385977,-87.766310532,"(41.93138597683265, -87.76631053155157)"
CENTRAL AND ADDISON,1683,5600 W ADDISON STREET,05/13/2016,1,1138349.663302502,1923416.02157061,41.945985104,-87.766879952,"(41.94598510430888, -87.76687995165918)"
PULASKI AND NORTH,1994,4000 W NORTH AVENUE,05/13/2016,2,1149456.2688422,1910376.774019002,41.909995582,-87.726394693,"(41.90999558160536, -87.72639469321471)"
MILWAUKEE AND MONTROSE,1364,5075 W MONTROSE AVENUE,05/13/2016,1,1141716.746618898,1928736.076639057,41.960522088,-87.754371424,"(41.96052208819935, -87.75437142402293)"
31ST ST AND MARTIN LUTHER KING DRIVE,2121,3100 S DR MARTIN L KING,05/13/2016,5,,,,,
PERSHING AND WESTERN,2114,2400 W PERSHING ROAD,05/13/2016,4,1160957.773623189,1878793.434193427,41.82309676,-87.685018951,"(41.82309676016606, -87.68501895061576)"
STONEY ISLAND AND 76TH,2632,7600 S STONY ISLAND A,05/13/2016,13,1188092.796191935,1854889.354158304,41.756897173,-87.586234285,"(41.75689717260223, -87.58623428506996)"
SACRAMENTO AND LAKE,1822,150 N SACRAMENTO BOUL,06/03/2017,5,1156319.560664766,1900957.489351962,41.884012178,-87.701436479,"(41.88401217771363, -87.7014364786693)"
CICERO AND ARMITAGE,2001,2000 N CICERO AVENUE,05/13/2016,1,1144031.525719004,1912881.8300295,41.916973325,-87.746260223,"(41.91697332451097, -87.74626022251057)"
CICERO AND NORTH,2033,4800 W NORTH AVENUE,06/03/2017,2,1144053.733747163,1910243.80567041,41.90973389,-87.746244973,"(41.909733890131285, -87.74624497295898)"
PULASKI AND BELMONT,1382,3200 N PULASKI RD,05/13/2016,2,1149125.621478734,1920994.556178086,41.939138154,-87.72733371,"(41.939138153500274, -87.7273337101426)"
87TH AND VINCENNES,2412,8700 S VINCENNES,05/13/2016,17,1172026.328989535,1847142.496643776,41.736006565,-87.645341819,"(41.73600656458518, -87.64534181897955)"
ASHLAND AND IRVING PARK,1151,4000 N ASHLAND AVENUE,05/13/2016,4,1164899.463802581,1926665.661118925,41.954379326,-87.66919912,"(41.954379326212695, -87.66919911980419)"
71ST AND ASHLAND,2391,7100 S ASHLAND,05/13/2016,9,1166868.379865725,1857616.168087255,41.764859382,-87.663940176,"(41.764859382425385, -87.66394017630476)"
CHICAGO AND CLARK,1963,100 W CHICAGO AVENUE,05/13/2016,7,1175374.528739575,1905745.47783364,41.896744347,-87.631321248,"(41.896744346875806, -87.63132124815151)"
HARLEM AND BELMONT,1394,7200 W BELMONT AVE,05/13/2016,4,1127504.698153561,1920475.415440844,41.938105479,-87.806809552,"(41.93810547939496, -87.80680955240743)"
WESTERN AND 71ST,2612,7100 S WESTERN AVENUE,05/13/2016,6,1161563.704681724,1857484.211306323,41.764608912,-87.683387053,"(41.76460891223613, -87.68338705328121)"
CENTRAL AND LAKE,1743,5600 W LAKE STREET,05/13/2016,6,1138951.495695032,1902230.510465733,41.887838735,-87.765183663,"(41.887838735330206, -87.76518366338465)"
COLUMBUS AND ILLINOIS,1951,500 N COLUMBUS DRIVE,05/13/2016,15,1178372.808407292,1903693.06016042,41.891044569,-87.620371839,"(41.891044569124276, -87.620371839074)"
ASHLAND AND FULLERTON,1652,2400 N ASHLAND AVENUE,05/13/2016,6,1165228.073342838,1916032.319169157,41.92519389,-87.668294363,"(41.92519388981048, -87.66829436339881)"
HALSTED AND MADISON,1871,1 S HALSTED STREET,05/13/2016,6,1171092.392868784,1900234.542088741,41.881717056,-87.647210539,"(41.88171705561901, -87.64721053920604)"
SHERIDAN AND FOSTER,1132,5200 N SHERIDAN ROAD,05/13/2016,2,1168661.623718229,1934753.842272756,41.976492721,-87.655133605,"(41.97649272077833, -87.65513360456677)"
35TH AND WESTERN,2092,3500 S WESTERN,05/13/2016,3,1160894.949857101,1881376.851112895,41.830187255,-87.685177925,"(41.83018725526863, -87.68517792510231)"
IRVING PARK AND NARRAGANSETT,1024,6400 W IRVING PK,06/03/2017,5,1132945.939118726,1925946.304925137,41.953024751,-87.786683238,"(41.95302475075328, -87.78668323766634)"
LAKE SHORE DR AND BELMONT,1412,3200 N LAKESHORE DRIV,05/10/2016,11,1173053.220555078,1921821.380831705,41.940909163,-87.63936916,"(41.94090916326764, -87.63936915995522)"
SACRAMENTO AND CHICAGO,1814,3000 W CHICAGO AVENUE,05/13/2016,3,1156075.266375505,1905216.604770718,41.895704525,-87.702218524,"(41.895704524946225, -87.70221852353758)"
HALSTED AND NORTH,1761,1600 N HALSTED STREET,05/13/2016,6,1170678.283433825,1910880.991397547,41.910940644,-87.648419043,"(41.91094064391597, -87.64841904272998)"
DAMEN AND DIVERSEY,1462,2800 N DAMEN AVENUE,05/13/2016,8,1162490.04851994,1918611.623717091,41.932329494,-87.678282719,"(41.9323294940985, -87.67828271931386)"
WESTERN AND CERMAK,1002,2200 S WESTERN AVENUE,05/13/2016,6,1160669.42562757,1889318.196820393,41.85198384,-87.685785704,"(41.85198383957328, -87.68578570420526)"
CENTRAL AND LAKE,1742,400 N CENTRAL AVENUE,05/13/2016,5,1138928.478257537,1902217.926149854,41.887804621,-87.765268498,"(41.88780462053497, -87.76526849810371)"
STONEY ISLAND AND 79TH,2464,1600 E 79TH ST,05/13/2016,1,1188284.704439907,1852964.829047574,41.751611523,-87.585592284,"(41.75161152327319, -87.58559228428787)"
WESTERN AND NORTH,1851,1600 N WESTERN AVE,05/13/2016,5,1160077.474351131,1910605.013316134,41.910409024,-87.687370268,"(41.91040902362901, -87.687370268401)"
VAN BUREN AND WESTERN,2054,2400 W VAN BUREN STREE,05/11/2016,14,,,,,
DAMEN AND FULLERTON,1663,2000 W FULLERTON AVE,05/13/2016,6,1162596.935552891,1915990.579747891,41.925134944,-87.677963546,"(41.92513494374925, -87.67796354553815)"
CLARK AND FULLERTON,1632,2400 N CLARK ST,06/03/2017,1,1172749.562209477,1916238.997132859,41.925597623,-87.640650973,"(41.925597623023144, -87.64065097309872)"
63RD AND STATE,2714,1 E 63RD ST,05/13/2016,6,1177367.518733101,1863199.17768559,41.779949105,-87.625289553,"(41.779949104569106, -87.62528955333775)"
CORTLAND AND ASHLAND,1721,1900 N ASHLAND AVE,05/13/2016,17,1165348.084854857,1912736.454335569,41.916147281,-87.667947354,"(41.91614728095272, -87.66794735350443)"
CICERO AND WASHINGTON,1892,100 N CICERO AVENUE,05/10/2016,7,1144328.984091479,1900095.170838459,41.88187971,-87.745489247,"(41.88187970991601, -87.7454892473012)"
ELSTON AND IRVING PARK,1503,3700 W IRVING PARK ROA,05/13/2016,10,,,,,
JEFFERY AND 95TH,2523,2000 E 95TH ST,05/13/2016,1,1191188.381103057,1842410.411853539,41.722579473,-87.575292523,"(41.722579473126416, -87.57529252250366)"
ELSTON AND ADDISON,1403,3216 W ADDISON ST,06/03/2017,8,1154199.729816868,1923799.345386665,41.946734755,-87.708609774,"(41.946734754927796, -87.7086097735515)"
HALSTED AND 95TH,2581,9500 S HALSTED STREET,05/13/2016,3,1172610.538363645,1841811.61926207,41.721365061,-87.643358042,"(41.72136506078306, -87.64335804234075)"
CICERO AND FULLERTON,1474,4800 W FULLERTON AVE,05/13/2016,3,1143967.570794243,1915568.504954477,41.924347036,-87.74642764,"(41.924347036010694, -87.74642763965628)"
CALIFORNIA AND PETERSON,1313,2800 W PETERSON AVENUE,05/13/2016,5,1156569.515341857,1939784.830544118,41.990552082,-87.699464396,"(41.990552081681564, -87.69946439622785)"
STATE AND 79TH,2651,7900 S STATE STREET,05/13/2016,5,1177618.166929966,1852621.870232838,41.750918138,-87.624690123,"(41.7509181383154, -87.62469012251644)"
KEDZIE AND 47TH,2104,3200 W 47TH ST,05/13/2016,4,1155815.231505056,1873336.169728074,41.808226246,-87.704031672,"(41.808226246244026, -87.70403167215984)"
IRVING PARK AND CALIFORNIA,1234,2800 W IRVING PARK ROA,05/13/2016,9,,,,,
35TH AND WESTERN,2091,3500 S WESTERN,05/13/2016,1,1160894.949857101,1881376.851112895,41.830187255,-87.685177925,"(41.83018725526863, -87.68517792510231)"
HOMAN/KIMBALL AND NORTH,1771,1600 N HOMAN AVENUE,05/13/2016,3,,,,,
PETERSON AND WESTERN,1014,2400 W PETERSON,05/13/2016,7,1159214.211316277,1939825.301874586,41.99060901,-87.689735481,"(41.990609009807294, -87.68973548092968)"
CICERO AND FULLERTON,1472,2400 N CICERO AVE,05/13/2016,7,1143961.592189569,1915545.343094087,41.92428359,-87.74645019,"(41.92428358982701, -87.74645019028947)"
CICERO AND DIVERSEY,1694,4800 W DIVERSEY AVENUE,05/13/2016,5,1143869.848167704,1918226.043989398,41.93164142,-87.746719911,"(41.93164142040689, -87.7467199106462)"
FOSTER AND NAGLE,1031,5200 N NAGLE,06/03/2017,9,1132529.656558223,1934201.702060651,41.97568567,-87.788020406,"(41.97568566971868, -87.78802040620296)"
MONTROSE AND WESTERN,1224,2400 W MONTROSE AVENUE,05/13/2016,3,1159562.971802959,1929191.337701253,41.961421726,-87.68874698,"(41.961421726406314, -87.68874697983858)"
KEDZIE AND 31ST,2134,3200 W 31ST STREET,06/03/2017,5,1155487.128005646,1883943.061106793,41.8373395,-87.704950558,"(41.83733950029648, -87.70495055800411)"
LAWRENCE AND WESTERN,1193,2400 W LAWRENCE AVENUE,05/13/2016,4,1159482.648570304,1931851.989492596,41.968724349,-87.688968727,"(41.96872434882172, -87.68896872699601)"
KEDZIE AND 31ST,2134,3200 W 31ST STREET,05/13/2016,1,1155487.128005646,1883943.061106793,41.8373395,-87.704950558,"(41.83733950029648, -87.70495055800411)"
CICERO AND PETERSON,1204,4800 W PETERSON AVENUE,06/03/2017,3,1143273.766829016,1939491.944645127,41.990008007,-87.748376951,"(41.99000800729908, -87.74837695118997)"
CENTRAL AND IRVING PARK,1182,4000 N CENTRAL AVENUE,05/13/2016,4,1138258.614129764,1926071.172884932,41.953272751,-87.767150151,"(41.95327275103541, -87.76715015131407)"
WESTERN AND FOSTER,1072,5200 N WESTERN AVE,05/13/2016,3,1159372.922497116,1934478.313674003,41.975933372,-87.689299589,"(41.97593337199358, -87.6892995891816)"
PERSHING AND WESTERN,2112,3900 S WESTERN BLVD,05/13/2016,8,1161130.992078755,1878746.226354636,41.822963628,-87.684384785,"(41.82296362788048, -87.68438478541296)"
VAN BUREN AND WESTERN,2054,2400 W VAN BUREN STREE,05/13/2016,22,,,,,
BELMONT AND KEDZIE,1373,3200 W BELMONT,05/13/2016,4,1154461.587940363,1921143.091003516,41.939440561,-87.707718516,"(41.93944056117365, -87.70771851630873)"
IRVING PARK AND NARRAGANSETT,1024,6400 W IRVING PK,05/13/2016,4,1132945.939118726,1925946.304925137,41.953024751,-87.786683238,"(41.95302475075328, -87.78668323766634)"
ROOSEVELT AND PULASKI,2314,4000 W ROOSEVELT ROAD,05/13/2016,10,1149885.032049683,1894449.464076882,41.866281003,-87.72523422,"(41.866281002664536, -87.72523421983905)"
FOSTER AND NAGLE,1031,5200 N NAGLE,05/13/2016,10,1132529.656558223,1934201.702060651,41.97568567,-87.788020406,"(41.97568566971868, -87.78802040620296)"
WESTERN AND DEVON,1212,6400 N WESTERN AVENUE,05/13/2016,3,1159113.585759434,1942451.622367891,41.997817807,-87.690033035,"(41.997817807026, -87.69003303469276)"
HALSTED AND DIVISION,1714,800 W DIVISION,06/03/2017,1,1170767.827960358,1908259.644151662,41.903745557,-87.648167011,"(41.90374555734733, -87.64816701062779)"
CENTRAL AND ADDISON,1682,3600 N CENTRAL AVENUE,06/03/2017,2,1138343.117435682,1923392.067464765,41.945919491,-87.766904594,"(41.945919490555106, -87.76690459426293)"
DAMEN AND 63RD,2702,6300 S DAMEN AVENUE,05/13/2016,10,1164069.407943298,1862830.277442834,41.779226921,-87.674052731,"(41.77922692069256, -87.67405273137854)"
CORTLAND AND ASHLAND,1721,1900 N ASHLAND AVE,06/03/2017,32,1165348.084854857,1912736.454335569,41.916147281,-87.667947354,"(41.91614728095272, -87.66794735350443)"
ROOSEVELT AND PULASKI,2311,1200 S PULASKI ROAD,05/13/2016,3,1149866.002247864,1894375.839200384,41.866079337,-87.725305995,"(41.86607933722178, -87.7253059948758)"
FULLERTON AND NARRAGANSETT,1553,6400 W FULLERTON AVENU,05/13/2016,2,1133317.594499059,1915293.661305931,41.923786189,-87.785567206,"(41.92378618871128, -87.78556720562165)"
LASALLE AND KINZIE,1921,400 N LASALLE,05/13/2016,4,1175028.579766798,1903002.552291359,41.889225372,-87.632674115,"(41.88922537162015, -87.63267411498495)"
TOUHY AND OSCEOLA,1243,7432 W TOUHY AVENUE,05/13/2016,5,1125717.010560011,1947269.685461107,42.011661765,-87.812781431,"(42.01166176507329, -87.81278143114147)"
STONEY ISLAND AND 79TH,2464,1600 E 79TH ST,06/03/2017,9,1188284.704439907,1852964.829047574,41.751611523,-87.585592284,"(41.75161152327319, -87.58559228428787)"
CICERO AND I55,2251,4200 S CICERO AVENUE,05/13/2016,71,1145023.742859509,1876358.276835519,41.816729387,-87.743536712,"(41.81672938674739, -87.74353671247594)"
ELSTON AND LAWRENCE,1282,4800 N ELSTON AVENUE,05/13/2016,4,1145529.344259918,1931501.601268983,41.968039361,-87.740283894,"(41.96803936143674, -87.74028389448999)"
PULASKI AND IRVING PARK,1574,4000 W IRVING PARK RD,05/13/2016,6,1148988.727877253,1926320.954938409,41.953756874,-87.727698513,"(41.95375687447515, -87.72769851312907)"
IRVING PARK AND KILPATRICK,2763,4700 W IRVING PARK ROA,05/13/2016,5,,,,,
CICERO AND NORTH,2033,4800 W NORTH AVENUE,05/13/2016,4,1144053.733747163,1910243.80567041,41.90973389,-87.746244973,"(41.909733890131285, -87.74624497295898)"
71ST AND ASHLAND,2394,1600 W 71ST,05/13/2016,6,1166890.012333149,1857674.2502247,41.765018306,-87.66385923,"(41.76501830555763, -87.66385923012646)"
JEFFERY AND 95TH,2522,9500 S JEFFERY AVE,06/03/2017,4,1191132.420601301,1842335.735988875,41.722375907,-87.575499903,"(41.72237590704101, -87.57549990332795)"
HAMLIN AND LAKE,1881,300 N HAMLIN AVENUE,05/13/2016,5,1150970.026856642,1901381.688308858,41.885282636,-87.721069539,"(41.88528263580913, -87.72106953854511)"
PULASKI AND DIVISION,1801,1200 N PULASKI ROAD,05/13/2016,4,1149459.590666926,1907723.219884254,41.902713902,-87.726451457,"(41.902713901936174, -87.72645145715836)"
ROOSEVELT AND HALSTED,2234,800 W ROOSEVELT ROAD,05/13/2016,41,1171199.282357741,1894968.056393724,41.867263098,-87.646972686,"(41.86726309836901, -87.64697268601648)"
MILWAUKEE AND DEVON,1274,6400 W DEVON AVENUE,05/13/2016,14,1132590.619798275,1942138.532048656,41.997463981,-87.787610243,"(41.99746398102873, -87.78761024341388)"
79TH AND KEDZIE,2443,3200 W 79TH ST,05/13/2016,8,1156402.644780165,1852104.649370984,41.749952001,-87.702448478,"(41.74995200142266, -87.70244847808695)"
HAMLIN AND LAKE,1882,300 N HAMLIN AVENUE,05/13/2016,2,1150970.026856642,1901381.688308858,41.885282636,-87.721069539,"(41.88528263580913, -87.72106953854511)"
WENTWORTH AND GARFIELD,2261,5500 S WENTWORTH AVEN,05/13/2016,25,,,,,
OGDEN AND KOSTNER,2222,2348 S KOSTNER AVENUE,05/13/2016,1,1147394.548182079,1887795.177782082,41.848068845,-87.734547457,"(41.8480688449598, -87.73454745748458)"
HALSTED AND 95TH,2582,9500 S HALSTED STREET,05/13/2016,3,1172610.538363645,1841811.61926207,41.721365061,-87.643358042,"(41.72136506078306, -87.64335804234075)"
JEFFERY AND 95TH,2522,9500 S JEFFERY AVE,05/13/2016,2,1191132.420601301,1842335.735988875,41.722375907,-87.575499903,"(41.72237590704101, -87.57549990332795)"
55TH AND WESTERN,2212,5500 S WESTERN AVE,05/13/2016,12,1161269.521335262,1867963.111601251,41.793370554,-87.684175377,"(41.79337055433029, -87.6841753767592)"
KEDZIE AND 63RD,2364,3200 W 63RD ST,05/13/2016,2,1156103.348831225,1862717.565210739,41.779081505,-87.703260365,"(41.77908150488341, -87.70326036544745)"
JEFFERY AND 95TH,2523,2000 E 95TH ST,06/03/2017,1,1191188.381103057,1842410.411853539,41.722579473,-87.575292523,"(41.722579473126416, -87.57529252250366)"
CENTRAL AND CHICAGO,1973,5600 W CHICAGO AVENUE,05/13/2016,1,1138858.856732452,1904825.827586656,41.894962293,-87.765460791,"(41.89496229349977, -87.76546079122906)"
111TH AND HALSTED,2422,11100 S HALSTED ST,05/13/2016,14,1172923.657689312,1831209.044179248,41.692263123,-87.642522688,"(41.692263123425136, -87.6425226876268)"
75TH AND STATE,2621,7500 S STATE STREET,06/03/2017,24,1177538.763040612,1855235.551345519,41.758092176,-87.624902228,"(41.75809217638291, -87.6249022282473)"
ELSTON AND IRVING PARK,1502,4000 N ELSTON AVENUE,05/13/2016,3,1151273.974828198,1926311.849469842,41.953687266,-87.719297882,"(41.95368726563273, -87.71929788151473)"
ARCHER AND CICERO,2081,5200 S CICERO AVE,05/10/2016,36,1145195.931989777,1869737.708306623,41.798558278,-87.743071866,"(41.798558278193305, -87.74307186616427)"
CANAL AND ROOSEVELT,2294,500 W ROOSEVELT ROAD,05/13/2016,13,1173290.72186561,1895021.166235495,41.867362693,-87.639293195,"(41.867362692616666, -87.63929319464197)"
WESTERN AND ADDISON,1562,3600 N WESTERN AVENUE,05/13/2016,6,1159695.573342728,1923871.086283556,41.94681992,-87.688406662,"(41.94681991986288, -87.68840666206194)"
COTTAGE GROVE AND 71ST,2572,7100 S COTTAGE GROVE,05/13/2016,5,1182746.23698699,1858088.011064538,41.765800351,-87.605729127,"(41.76580035131893, -87.6057291269901)"
PULASKI AND ARMITAGE,1844,4000 W ARMITAGE AVENUE,05/13/2016,1,1149375.428872108,1913028.984273181,41.917275069,-87.726622746,"(41.91727506940875, -87.72662274644799)"
ASHLAND AND IRVING PARK,1153,1600 W IRVING PARK ROA,05/13/2016,5,,,,,
99TH AND HALSTED,2433,800 W 99TH ST,05/13/2016,14,1172710.642565684,1839246.330602143,41.714323337,-87.643066714,"(41.71432333701137, -87.64306671421937)"
HALSTED AND FULLERTON,1704,800 W FULLERTON AVENUE,05/13/2016,6,1170525.624723311,1916208.443992778,41.925562791,-87.648823641,"(41.92556279107417, -87.64882364145232)"
IRVING PARK AND LARAMIE,1534,5200 W IRVING PARK ROA,05/13/2016,8,,,,,
WESTERN AND FOSTER,1074,2400 W FOSTER AVE,05/13/2016,4,1159379.402846887,1934502.712486132,41.97600019,-87.689275084,"(41.97600018976586, -87.68927508385399)"
IRVING PARK AND LARAMIE,1533,5200 W IRVING PARK ROA,05/13/2016,4,,,,,
119TH AND HALSTED,2402,11900 S HALSTED,05/13/2016,14,1173094.774616191,1825911.054609338,41.677720829,-87.642051845,"(41.67772082924762, -87.64205184498218)"
KEDZIE AND 26TH,2381,2600 S KEDZIE AVENUE,05/13/2016,3,1155404.235510285,1886524.460033054,41.844424831,-87.705185452,"(41.84442483084393, -87.70518545233183)"
DAMEN AND DIVERSEY,1464,2000 W DIVERSEY PARKWAY,05/13/2016,5,1162519.714934025,1918635.417634925,41.932394164,-87.678173031,"(41.93239416403691, -87.67817303087757)"
IRVING PARK AND KILPATRICK,2764,4700 W IRVING PARK ROA,05/13/2016,2,,,,,
WESTERN AND CHICAGO,1941,800 N WESTERN AVE,05/13/2016,3,1160220.967978608,1905277.507115921,41.895786955,-87.686990586,"(41.89578695485361, -87.68699058611217)"
KIMBALL AND DIVERSEY,1583,3400 W DIVERSEY AVENUE,05/13/2016,3,1153211.149172713,1918454.477800566,41.932087747,-87.71238583,"(41.932087747378944, -87.71238582951281)"
HAMLIN AND LAKE,1882,300 N HAMLIN AVENUE,06/03/2017,3,1150970.026856642,1901381.688308858,41.885282636,-87.721069539,"(41.88528263580913, -87.72106953854511)"
WESTERN AND CHICAGO,1943,2400 W CHICAGO AVE,05/13/2016,1,1160226.686812944,1905300.904544474,41.895851041,-87.686968935,"(41.895851041123755, -87.68696893468467)"
HALSTED AND 103RD,2593,800 W 103RD STREET,06/03/2017,4,1172778.570616036,1836587.755252818,41.70702632,-87.642896007,"(41.707026319812215, -87.64289600741817)"
ASHLAND AND MADISON,1914,1600 W MADISON,05/13/2016,1,1165723.014733182,1900136.515489506,41.881564167,-87.666929463,"(41.8815641670199, -87.66692946294842)"
CENTRAL AND ADDISON,1682,3600 N CENTRAL AVENUE,05/13/2016,5,1138343.117435682,1923392.067464765,41.945919491,-87.766904594,"(41.945919490555106, -87.76690459426293)"
PULASKI AND NORTH,1992,1600 N PULASKI AVENUE,05/13/2016,1,1149432.959240306,1910369.112502195,41.90997501,-87.726480523,"(41.909975010236906, -87.72648052306623)"
PULASKI AND 63RD,2342,6300 S PULASKI RD,05/13/2016,9,1150746.00309079,1862516.747695325,41.778636469,-87.722906356,"(41.77863646878099, -87.72290635568541)"
HOLLYWOOD AND SHERIDAN,1344,1000 W HOLLYWOOD AVE,05/13/2016,13,1168580.228926466,1938090.295189338,41.985649799,-87.655335807,"(41.98564979859328, -87.65533580655139)"
75TH AND STATE,2621,7500 S STATE STREET,05/13/2016,14,1177538.763040612,1855235.551345519,41.758092176,-87.624902228,"(41.75809217638291, -87.6249022282473)"
PULASKI AND ARCHER,2154,5000 S ARCHER AVE,05/13/2016,4,1150501.818909837,1871162.311703322,41.802365973,-87.723576766,"(41.80236597333895, -87.72357676611004)"
ASHLAND AND 87TH,2454,1600 W 87TH ST,05/13/2016,4,1167171.941297436,1847064.855345151,41.735898617,-87.663128781,"(41.735898617066006, -87.66312878090133)"
KEDZIE AND ARMITAGE,1834,3200 W ARMITAGE AVENUE,05/13/2016,5,1154700.851347995,1913153.252187904,41.917511023,-87.707053639,"(41.91751102291878, -87.7070536388797)"
WESTERN AND 71ST,2614,2400 W 71ST STREET,05/13/2016,1,1161584.506819846,1857557.788853485,41.764810388,-87.683308769,"(41.76481038827884, -87.68330876944678)"
CICERO AND CHICAGO,1783,4800 W CHICAGO AVENUE,05/13/2016,4,1144175.291152764,1904916.255225279,41.895112219,-87.745932427,"(41.89511221857764, -87.74593242701515)"
MILWAUKEE AND DEVON,1272,6400 N MILWAUKEE AVEN,05/13/2016,6,1132463.750397878,1942107.911507627,41.997382173,-87.788077674,"(41.99738217345368, -87.78807767391953)"
ELSTON AND ADDISON,1402,3600 N ELSTON AVE,05/13/2016,1,1154106.95251778,1923731.036211081,41.946549165,-87.708952626,"(41.94654916480637, -87.70895262603513)"
KIMBALL AND DIVERSEY,1583,3400 W DIVERSEY AVENUE,06/03/2017,4,1153211.149172713,1918454.477800566,41.932087747,-87.71238583,"(41.932087747378944, -87.71238582951281)"
BELMONT AND KEDZIE,1372,3200 N KEDZIE AVE,05/13/2016,17,1154426.977874407,1921110.466549542,41.93935173,-87.707846594,"(41.93935173030961, -87.70784659359776)"
KEDZIE AND ARMITAGE,1832,2000 N KEDZIE AVENUE,06/03/2017,6,1154684.031809326,1913129.496340896,41.917446172,-87.707116072,"(41.91744617191702, -87.70711607187832)"
ELSTON AND LAWRENCE,1284,4440 W LAWRENCE AVENUE,05/13/2016,11,1145715.061027481,1931571.0474838,41.968226398,-87.739599251,"(41.96822639754791, -87.73959925065756)"
CLARK AND IRVING PARK,1091,4000 N CLARK STREET,05/13/2016,3,1166736.149822904,1926699.323624709,41.954432441,-87.662446259,"(41.95443244141688, -87.66244625914061)"
111TH AND HALSTED,2424,800 W 111TH ST,05/13/2016,2,1172945.404219168,1831282.917027882,41.692465363,-87.642440901,"(41.692465363421874, -87.64244090105778)"
LAFAYETTE AND 87TH,2503,30 W 87TH STREET,05/11/2016,21,1177407.651800237,1847320.772058312,41.736376037,-87.625621311,"(41.736376036604916, -87.62562131092602)"
4700 WESTERN,2141,4700 S WESTERN AVENUE,05/13/2016,12,1161120.438879703,1873431.066474726,41.808378408,-87.684570717,"(41.808378407946726, -87.68457071689552)"
PULASKI AND FOSTER,1104,4000 W FOSTER AVE,05/13/2016,5,1148759.16134887,1934294.249006446,41.975640616,-87.728335469,"(41.975640616231914, -87.72833546926573)"
ELSTON AND ADDISON,1403,3216 W ADDISON ST,05/13/2016,16,1154199.729816868,1923799.345386665,41.946734755,-87.708609774,"(41.946734754927796, -87.7086097735515)"
WESTERN AND NORTH,1853,2400 W NORTH AVE,05/13/2016,1,1160100.839010995,1910612.783367238,41.910429862,-87.687284221,"(41.91042986235867, -87.68728422050837)"
115TH AND HALSTED,2553,800 W 115TH STREET,05/11/2016,2,1173010.735357888,1828632.242070332,41.685190056,-87.642279564,"(41.68519005571938, -87.64227956401977)"
CENTRAL AND DIVERSEY,1642,2800 N CENTRAL AVENUE,05/13/2016,1,1138516.407377375,1918089.499227987,41.931365552,-87.766396529,"(41.93136555236339, -87.76639652879172)"
CICERO AND ADDISON,1611,3600 N CICERO AVENUE,05/13/2016,10,1143698.904601495,1923517.005821035,41.946163524,-87.747215169,"(41.94616352362556, -87.74721516897007)"
ASHLAND AND MADISON,1911,0 N ASHLAND AVE,05/13/2016,18,,,,,
99TH AND HALSTED,2431,9900 S HALSTED ST,05/13/2016,22,1172689.754200318,1839171.652197216,41.714118868,-87.643145408,"(41.714118868089905, -87.64314540818165)"
CENTRAL AND FULLERTON,1444,5600 W FULLERTON AVENU,05/13/2016,4,1138627.279189421,1915438.969256439,41.924090199,-87.76605353,"(41.92409019883488, -87.76605353016079)"
PULASKI AND PETERSON,1262,6000 N PULASKI ROAD,05/13/2016,3,1148598.016685695,1939584.645960177,41.990160923,-87.728790748,"(41.99016092280557, -87.72879074759867)"
KEDZIE AND 31ST,2132,3100 S KEDZIE AVENUE,06/03/2017,8,1155483.167539854,1883867.660503274,41.837132671,-87.704967115,"(41.837132671422296, -87.70496711478727)"
CICERO AND HARRISON,2023,4800 W HARRISON STREET,05/13/2016,3,1144451.867388303,1896949.561959463,41.873245464,-87.745117179,"(41.873245464379586, -87.7451171788807)"
HARLEM AND BELMONT,1391,3200 N HARLEM AVE,05/13/2016,2,1127481.020995451,1920467.613239239,41.938084468,-87.806896749,"(41.93808446822169, -87.80689674887883)"
CENTRAL AND FULLERTON,1442,2400 N CENTRAL AVENUE,05/13/2016,1,1138603.468418662,1915431.058212414,41.924068922,-87.766141214,"(41.92406892227644, -87.76614121413186)"
79TH AND HALSTED,2543,800 W 79TH STREET,05/13/2016,1,1172320.105719411,1852517.9814434,41.750751157,-87.644107793,"(41.75075115747316, -87.64410779300933)"
PULASKI AND 79TH,2492,7900 S PULASKI ROAD,06/03/2017,2,1151054.87395657,1851842.663854121,41.749339,-87.722052091,"(41.74933900008238, -87.72205209091501)"
ROOSEVELT AND KOSTNER,2323,4400 W ROOSEVELT,05/13/2016,11,1147200.963258796,1894379.538078088,41.866140868,-87.73508956,"(41.866140867641654, -87.73508956008207)"
115TH AND HALSTED,2552,11500 S HALSTED STREE,05/13/2016,12,,,,,
HALSTED AND DIVISION,1714,800 W DIVISION,05/13/2016,7,1170767.827960358,1908259.644151662,41.903745557,-87.648167011,"(41.90374555734733, -87.64816701062779)"
ADDISON AND HARLEM,1591,3600 N HARLEM AVENUE,06/03/2017,6,1127394.594070737,1923110.532422811,41.945338412,-87.807154769,"(41.94533841246591, -87.80715476912044)"
LAFAYETTE AND 87TH,2502,8700 S LAFAYETTE AVEN,05/13/2016,28,1177417.493180297,1847243.988223464,41.73616511,-87.625587569,"(41.73616511008592, -87.62558756899932)"
STATE AND 79TH,2654,1 E 79TH STREET,05/13/2016,40,1177680.113652821,1852598.313477786,41.750852096,-87.624463832,"(41.75085209551078, -87.62446383210285)"
CICERO AND PETERSON,1202,6000 N CICERO AVENUE,05/13/2016,6,1143247.733553094,1939479.342905704,41.989973915,-87.748473024,"(41.98997391514614, -87.74847302426933)"
CERMAK AND PULASKI,2334,4000 W CERMAK,05/13/2016,5,1150018.476053666,1889120.238540361,41.851654369,-87.724882975,"(41.85165436867626, -87.7248829753078)"
ROOSEVELT AND HALSTED,2233,800 W ROOSEVELT ROAD,05/13/2016,7,1171199.282357741,1894968.056393724,41.867263098,-87.646972686,"(41.86726309836901, -87.64697268601648)"
79TH AND HALSTED,2541,7900 S HALSTED STREET,05/13/2016,8,1172298.707400847,1852444.344822186,41.750549559,-87.644188368,"(41.750549559438944, -87.64418836784098)"
HALSTED AND 103RD,2593,800 W 103RD STREET,05/13/2016,3,1172778.570616036,1836587.755252818,41.70702632,-87.642896007,"(41.707026319812215, -87.64289600741817)"
CANAL AND ROOSEVELT,2291,1200 S CANAL STREET,05/13/2016,12,1173268.771030949,1894952.634878732,41.867175125,-87.639375813,"(41.86717512472001, -87.63937581258092)"
CLARK AND IRVING PARK,1093,1300 W IRVING PARK ROAD,05/13/2016,6,1166777.545456989,1926719.73687357,41.954487567,-87.662293496,"(41.95448756687966, -87.66229349585691)"
CLARK AND FULLERTON,1631,2400 N CLARK ST,05/13/2016,3,1172749.562209477,1916238.997132859,41.925597623,-87.640650973,"(41.925597623023144, -87.64065097309872)"
55TH AND WESTERN,2213,2400 W 55TH STREET,05/13/2016,4,1161277.012730599,1868185.749490228,41.793981347,-87.684141741,"(41.7939813465735, -87.68414174128355)"
LAKE SHORE DR AND BELMONT,1412,3200 N LAKESHORE DRIV,05/13/2016,12,1173053.220555078,1921821.380831705,41.940909163,-87.63936916,"(41.94090916326764, -87.63936915995522)"
STONEY ISLAND AND 79TH,2461,7900 S SOUTH CHICAGO AVE,05/13/2016,2,1188274.655498937,1852865.685797892,41.751339705,-87.585632266,"(41.751339704589455, -87.58563226565187)"
STONEY ISLAND AND 76TH,2631,7600 S STONY ISLAND A,05/13/2016,25,1188092.796191935,1854889.354158304,41.756897173,-87.586234285,"(41.75689717260223, -87.58623428506996)"
DAMEN AND 63RD,2701,6300 S DAMEN AVENUE,05/13/2016,4,1164069.407943298,1862830.277442834,41.779226921,-87.674052731,"(41.77922692069256, -87.67405273137854)"
IRVING PARK AND CALIFORNIA,1233,2800 W IRVING PARK ROA,05/13/2016,7,,,,,
CALIFORNIA AND DIVERSEY,1514,2800 W DIVERSEY,05/10/2016,49,1157212.54253358,1918526.674434943,41.932205395,-87.697679244,"(41.93220539506452, -87.6976792438691)"
SACRAMENTO AND LAKE,1821,150 N SACRAMENTO BOUL,05/13/2016,3,1156319.560664766,1900957.489351962,41.884012178,-87.701436479,"(41.88401217771363, -87.7014364786693)"
PULASKI AND LAWRENCE,1173,4000 W LAWRENCE AVENUE,05/13/2016,1,1148844.220085601,1931638.45430438,41.968351285,-87.728091672,"(41.96835128527914, -87.72809167198088)"
WESTERN AND 79TH,2481,7900 S WESTERN AVE,05/13/2016,9,1161711.516404028,1852181.685686118,41.750054934,-87.682992203,"(41.750054933649984, -87.68299220290213)"
55TH AND KEDZIE,2163,3200 W 55TH STREET,05/13/2016,1,1155966.956993183,1868015.593764152,41.793622803,-87.703618141,"(41.79362280329978, -87.70361814062049)"
119TH AND HALSTED,2404,800 W 119TH STREET,05/13/2016,2,1173111.174088158,1825985.001014405,41.677923389,-87.641989646,"(41.677923389134385, -87.64198964584013)"
CICERO AND FULLERTON,1472,2400 N CICERO AVE,05/12/2016,1,1143961.592189569,1915545.343094087,41.92428359,-87.74645019,"(41.92428358982701, -87.74645019028947)"
LASALLE AND KINZIE,1923,140 W KINZIE,05/13/2016,4,1175048.09765242,1903028.894760294,41.889297219,-87.632601648,"(41.88929721947309, -87.63260164817305)"
CICERO AND WASHINGTON,1891,100 N CICERO AVENUE,06/03/2017,16,1144328.984091479,1900095.170838459,41.88187971,-87.745489247,"(41.88187970991601, -87.7454892473012)"
CICERO AND CHICAGO,1781,800 N CICERO AVENUE,05/13/2016,9,1144169.162482127,1904893.189220372,41.895049038,-87.745955516,"(41.89504903796389, -87.74595551626888)"
HAMLIN AND MADISON,1901,0 N HAMLIN BOULEVARD,05/13/2016,6,,,,,
31ST ST AND MARTIN LUTHER KING DRIVE,2123,400 E 31ST STREET,05/13/2016,2,1179437.985396417,1884565.84226022,41.838534018,-87.617046113,"(41.838534018118914, -87.61704611345726)"
4700 WESTERN,2142,4700 S WESTERN AVENUE,05/13/2016,7,1161120.438879703,1873431.066474726,41.808378408,-87.684570717,"(41.808378407946726, -87.68457071689552)"
55TH and PULASKI,2242,5500 S PULASKI,05/13/2016,4,1150600.072649439,1867806.44512718,41.793155061,-87.723303765,"(41.793155060731024, -87.72330376464247)"
AUSTIN AND ADDISON,1491,3600 N AUSTIN AVENUE,05/13/2016,2,1135691.599896458,1923335.967306169,41.945813215,-87.776652162,"(41.9458132146695, -87.77665216156436)"
LAFAYETTE AND 87TH,2503,30 W 87TH STREET,05/13/2016,29,1177407.651800237,1847320.772058312,41.736376037,-87.625621311,"(41.736376036604916, -87.62562131092602)"
SHERIDAN AND FOSTER,1134,1000 W FOSTER AVE,05/13/2016,3,1168689.247756979,1934758.578141654,41.976505116,-87.655031882,"(41.97650511595711, -87.65503188224778)"
COTTAGE GROVE AND 71ST,2571,7100 S COTTAGE GROVE,05/13/2016,2,1182746.23698699,1858088.011064538,41.765800351,-87.605729127,"(41.76580035131893, -87.6057291269901)"
DIVISION AND DAMEN,1733,2000 W DIVISION,05/13/2016,9,1162815.710860194,1908034.672555531,41.903298793,-87.677383247,"(41.903298792681944, -87.67738324739636)"
HOMAN/KIMBALL AND NORTH,1773,3400 W NORTH AVE,05/13/2016,11,1153386.578905125,1910465.87061722,41.910162847,-87.711953868,"(41.91016284680269, -87.71195386769125)"
WESTERN AND MARQUETTE,2672,6700 S WESTERN AVENUE,05/13/2016,1,1161488.747635042,1860134.788366884,41.771884028,-87.683588402,"(41.77188402771193, -87.68358840206334)"
ASHLAND AND LAWRENCE,1143,1600 W LAWRENCE AVENUE,05/13/2016,7,1164771.946929007,1931988.254061312,41.968987457,-87.669516307,"(41.96898745654617, -87.66951630654926)"
LARAMIE AND MADISON,2043,5200 W MADISON STREET,05/13/2016,8,1141706.965522802,1899567.55684314,41.880480752,-87.755130433,"(41.88048075170171, -87.75513043296509)"
WESTERN AND TOUHY,1252,7200 N WESTERN AVENUE,05/13/2016,4,1158975.66256211,1947754.286963361,42.012371335,-87.690393917,"(42.012371334791766, -87.69039391737863)"
LARAMIE AND FULLERTON,1424,5200 W FULLERTON AVENUE,05/13/2016,7,1141305.554932016,1915502.611239048,41.924215797,-87.756210755,"(41.92421579723144, -87.75621075458939)"
CALIFORNIA AND DEVON,1321,6400 N CALIFORNIA AVE,05/13/2016,1,1156461.150245401,1942370.37710537,41.997649133,-87.699792629,"(41.997649133049336, -87.69979262891378)"
IRVING PARK AND LARAMIE,1533,5200 W IRVING PARK ROA,06/03/2017,8,,,,,
PULASKI AND DIVISION,1802,1200 N PULASKI ROAD,05/13/2016,3,1149459.590666926,1907723.219884254,41.902713902,-87.726451457,"(41.902713901936174, -87.72645145715836)"
ASHLAND AND 87TH,2452,8700 S ASHLAND AVE,05/13/2016,7,1167150.470087748,1846991.212339794,41.735696989,-87.663209544,"(41.73569698863625, -87.66320954445679)"
HAMLIN AND MADISON,1903,3800 W MADISON STREET,05/13/2016,10,1151032.709141294,1899784.033986533,41.880897273,-87.720881226,"(41.880897273491264, -87.72088122613924)"
LARAMIE AND FULLERTON,1421,2400 N LARAMIE AVENUE,05/13/2016,1,1141282.877477884,1915479.163971956,41.924151874,-87.756294662,"(41.92415187425276, -87.75629466175003)"
CICERO AND ARMITAGE,2003,4800 W ARMITAGE AVENUE,05/13/2016,1,1144054.25126508,1912907.00926109,41.917041992,-87.746176095,"(41.91704199201953, -87.74617609464687)"
PULASKI AND ARCHER,2153,5000 S ARCHER AVE,05/13/2016,5,1150501.818909837,1871162.311703322,41.802365973,-87.723576766,"(41.80236597333895, -87.72357676611004)"
PULASKI AND IRVING PARK,1572,4000 N PULASKI ROAD,06/03/2017,3,1148970.255325552,1926313.600468643,41.953737051,-87.727766612,"(41.95373705144353, -87.72776661179896)"
WESTERN AND FULLERTON,1671,2400 N WESTERN AVENUE,05/13/2016,13,1159923.309342995,1915897.778561358,41.924935944,-87.687790255,"(41.92493594409127, -87.68779025471278)"
CALIFORNIA AND DIVERSEY,1513,2800 W DIVERSEY,05/13/2016,3,1157212.54253358,1918526.674434943,41.932205395,-87.697679244,"(41.93220539506452, -87.6976792438691)"
CALIFORNIA AND PETERSON,1311,6000 N CALIFORNIA AVE,05/13/2016,2,1156545.742699118,1939775.775541795,41.990527717,-87.699552084,"(41.990527717148176, -87.69955208405155)"
TOUHY AND OSCEOLA,1244,7432 W TOUHY AVENUE,05/13/2016,4,1125717.010560011,1947269.685461107,42.011661765,-87.812781431,"(42.01166176507329, -87.81278143114147)"
COLUMBUS AND ILLINOIS,1952,500 N COLUMBUS DRIVE,05/13/2016,7,1178372.808407292,1903693.06016042,41.891044569,-87.620371839,"(41.891044569124276, -87.620371839074)"
