95TH AND STONEY ISLAND,2513,1600 E 95TH STREET,07/04/2016,7,1188537.746187743,1842339.840767953,41.722449457,-87.585003569,"(41.72244945701069, -87.58500356910938)"
AUSTIN AND IRVING PARK,1163,6000 W IRVING PARK ROAD,07/11/2016,4,1135622.402636023,1926014.192063646,41.953163772,-87.776842593,"(41.95316377185154, -87.77684259284736)"
AUSTIN AND IRVING PARK,1163,6000 W IRVING PARK ROAD,02/05/2015,1,1135622.402636023,1926014.192063646,41.953163772,-87.776842593,"(41.95316377185154, -87.77684259284736)"
71ST AND ASHLAND,2394,1600 W 71ST,04/18/2017,3,1166890.012333149,1857674.2502247,41.765018306,-87.66385923,"(41.76501830555763, -87.66385923012646)"
SACRAMENTO AND CHICAGO,1812,800 N SACRAMENTO AVEN,01/23/2015,2,1156039.008141929,1905193.084100581,41.895640714,-87.702352328,"(41.89564071387542, -87.70235232767416)"
MADISON AND WESTERN,1934,2400 W MADISON,07/09/2016,2,1160384.621277157,1899988.655722373,41.881270504,-87.68653594,"(41.88127050428818, -87.68653594017124)"
HALSTED AND DIVISION,1711,1200 N HALSTED,01/11/2015,1,1170746.639428735,1908242.256010774,41.903698308,-87.648245351,"(41.90369830765008, -87.64824535062563)"
95TH AND STONEY ISLAND,2514,1600 E 95TH STREET,10/29/2016,5,1188537.746187743,1842339.840767953,41.722449457,-87.585003569,"(41.72244945701069, -87.58500356910938)"
79TH AND KEDZIE,2442,7900 S KEDZIE AVE,01/05/2015,2,1156378.39667768,1852021.375281577,41.749723972,-87.702539572,"(41.749723971726056, -87.70253957167394)"
LAWRENCE AND WESTERN,1192,4800 N WESTERN AVENUE,04/17/2015,4,1159459.622430471,1931821.342623414,41.968640727,-87.689054241,"(41.96864072747715, -87.6890542408374)"
KEDZIE AND 47TH,2101,4700 S KEDZIE AVE,04/10/2015,3,1155791.949302478,1873270.778481327,41.808047272,-87.704118822,"(41.80804727165029, -87.70411882229871)"
ADDISON AND HARLEM,1593,7200 W ADDISON,02/09/2016,1,1127417.488447099,1923123.407710965,41.945373358,-87.807070326,"(41.94537335809189, -87.80707032561135)"
PULASKI AND BELMONT,1383,4000 W BELMONT AVE,03/13/2017,2,1149131.866894851,1921018.50498026,41.93920375,-87.727310134,"(41.93920374986553, -87.72731013414392)"
GRAND AND OAK PARK,1523,6800 W GRAND AVENUE,01/19/2017,5,1130668.89526974,1915248.469290467,41.923708193,-87.795300781,"(41.92370819286044, -87.79530078123082)"
BELMONT AND KEDZIE,1373,3200 W BELMONT,12/24/2016,2,1154461.587940363,1921143.091003516,41.939440561,-87.707718516,"(41.93944056117365, -87.70771851630873)"
PULASKI AND 63RD,2343,4000 W 63RD ST,09/23/2014,3,1150768.346768175,1862564.615405259,41.77876739,-87.722823195,"(41.778767390084305, -87.72282319530368)"
GRAND AND OAK PARK,1524,6800 W GRAND AVENUE,10/27/2015,4,1130668.89526974,1915248.469290467,41.923708193,-87.795300781,"(41.92370819286044, -87.79530078123082)"
115TH AND HALSTED,2553,800 W 115TH STREET,04/18/2017,2,1173010.735357888,1828632.242070332,41.685190056,-87.642279564,"(41.68519005571938, -87.64227956401977)"
LAWRENCE AND CICERO,1042,4800 N CICERO AVENUE,02/17/2015,3,1143464.651785526,1931490.551883203,41.968048007,-87.747875985,"(41.968048007293845, -87.74787598468126)"
LAWRENCE AND CICERO,1041,4800 N CICERO AVE,09/23/2016,10,1143464.651785526,1931490.551883203,41.968048007,-87.747875985,"(41.968048007293845, -87.74787598468126)"
PULASKI AND CHICAGO,1982,800 N PULASKI ROAD,09/20/2016,2,1149538.444844035,1905079.034990625,41.895456457,-87.726230541,"(41.895456456825386, -87.72623054051289)"
GRAND AND OAK PARK,1524,6800 W GRAND AVENUE,07/15/2015,1,1130668.89526974,1915248.469290467,41.923708193,-87.795300781,"(41.92370819286044, -87.79530078123082)"
ARCHER/NARRAGANSETT AND 55TH,2074,6400 W ARCHER AVE,09/15/2014,5,1134629.248133949,1867443.543796524,41.792455256,-87.78187685,"(41.79245525550523, -87.78187684987694)"
87TH AND VINCENNES,2413,848 W 87TH STREET,01/23/2016,10,1172002.531006759,1847197.326168367,41.736157546,-87.6454274,"(41.73615754630335, -87.64542740049411)"
RIDGE AND CLARK,1051,5930 N CLARK STREET,03/10/2017,3,1164554.784723473,1939388.511516442,41.98929863,-87.670104121,"(41.98929863013193, -87.67010412112992)"
SACRAMENTO AND CHICAGO,1812,800 N SACRAMENTO AVEN,11/21/2014,5,1156039.008141929,1905193.084100581,41.895640714,-87.702352328,"(41.89564071387542, -87.70235232767416)"
ASHLAND AND DIVISION,1793,1600 W DIVISION STREET,05/17/2017,4,1165489.684200442,1908112.312963909,41.903455316,-87.667558994,"(41.903455316483814, -87.66755899396976)"
AUSTIN AND ADDISON,1493,6000 W ADDISON STREET,11/27/2015,4,1135698.173154422,1923360.229527805,41.945879676,-87.776627421,"(41.94587967559099, -87.77662742093737)"
WESTERN AND 63RD,2371,6300 S WESTERN AVE,07/18/2014,5,1161415.712688877,1862772.38856596,41.779123484,-87.683783099,"(41.77912348383963, -87.68378309863576)"
PULASKI AND CHICAGO,1982,800 N PULASKI ROAD,10/15/2014,3,1149538.444844035,1905079.034990625,41.895456457,-87.726230541,"(41.895456456825386, -87.72623054051289)"
ARCHER AND CICERO,2084,5400 S ARCHER AVE,03/31/2016,7,1145209.426392053,1869810.657411975,41.798758208,-87.743020541,"(41.798758207843264, -87.74302054146467)"
RIDGE AND CLARK,1051,5930 N CLARK STREET,07/18/2016,14,1164554.784723473,1939388.511516442,41.98929863,-87.670104121,"(41.98929863013193, -87.67010412112992)"
CALIFORNIA AND DIVERSEY,1511,2800 N CALIFORNIA AVE,03/16/2015,4,1157189.355049829,1918495.644754069,41.932120719,-87.6977653,"(41.93212071910647, -87.69776530036465)"
PULASKI AND IRVING PARK,1572,4000 N PULASKI ROAD,05/30/2017,3,1148970.255325552,1926313.600468643,41.953737051,-87.727766612,"(41.95373705144353, -87.72776661179896)"
SACRAMENTO AND CHICAGO,1812,800 N SACRAMENTO AVEN,03/11/2017,8,1156039.008141929,1905193.084100581,41.895640714,-87.702352328,"(41.89564071387542, -87.70235232767416)"
HALSTED AND DIVISION,1711,1200 N HALSTED,08/27/2014,22,1170746.639428735,1908242.256010774,41.903698308,-87.648245351,"(41.90369830765008, -87.64824535062563)"
LAWRENCE AND CICERO,1042,4800 N CICERO AVENUE,03/21/2017,6,1143464.651785526,1931490.551883203,41.968048007,-87.747875985,"(41.968048007293845, -87.74787598468126)"
CALIFORNIA AND DIVERSEY,1511,2800 N CALIFORNIA AVE,11/13/2014,3,1157189.355049829,1918495.644754069,41.932120719,-87.6977653,"(41.93212071910647, -87.69776530036465)"
ARCHER AND CICERO,2084,5400 S ARCHER AVE,02/23/2016,5,1145209.426392053,1869810.657411975,41.798758208,-87.743020541,"(41.798758207843264, -87.74302054146467)"
95TH AND STONEY ISLAND,2513,1600 E 95TH STREET,05/29/2017,2,1188537.746187743,1842339.840767953,41.722449457,-87.585003569,"(41.72244945701069, -87.58500356910938)"
RIDGE AND CLARK,1051,5930 N CLARK STREET,02/22/2016,3,1164554.784723473,1939388.511516442,41.98929863,-87.670104121,"(41.98929863013193, -87.67010412112992)"
GRAND AND OAK PARK,1523,6800 W GRAND AVENUE,05/18/2015,4,1130668.89526974,1915248.469290467,41.923708193,-87.795300781,"(41.92370819286044, -87.79530078123082)"
PULASKI AND 63RD,2343,4000 W 63RD ST,12/09/2014,1,1150768.346768175,1862564.615405259,41.77876739,-87.722823195,"(41.778767390084305, -87.72282319530368)"
CALIFORNIA AND DIVERSEY,1511,2800 N CALIFORNIA AVE,02/11/2017,9,1157189.355049829,1918495.644754069,41.932120719,-87.6977653,"(41.93212071910647, -87.69776530036465)"
ADDISON AND HARLEM,1593,7200 W ADDISON,12/19/2015,1,1127417.488447099,1923123.407710965,41.945373358,-87.807070326,"(41.94537335809189, -87.80707032561135)"
CICERO AND DIVERSEY,1691,2800 N CICERO AVENUE,06/19/2015,4,1143863.647574835,1918202.018463414,41.931575608,-87.746743301,"(41.93157560844622, -87.74674330113561)"
ADDISON AND HARLEM,1593,7200 W ADDISON,12/08/2016,1,1127417.488447099,1923123.407710965,41.945373358,-87.807070326,"(41.94537335809189, -87.80707032561135)"
RIDGE AND CLARK,1051,5930 N CLARK STREET,01/18/2015,7,1164554.784723473,1939388.511516442,41.98929863,-87.670104121,"(41.98929863013193, -87.67010412112992)"
MADISON AND WESTERN,1934,2400 W MADISON,07/03/2015,1,1160384.621277157,1899988.655722373,41.881270504,-87.68653594,"(41.88127050428818, -87.68653594017124)"
PULASKI AND 79TH,2492,7900 S PULASKI ROAD,12/26/2015,5,1151054.87395657,1851842.663854121,41.749339,-87.722052091,"(41.74933900008238, -87.72205209091501)"
MADISON AND WESTERN,1934,2400 W MADISON,06/20/2016,1,1160384.621277157,1899988.655722373,41.881270504,-87.68653594,"(41.88127050428818, -87.68653594017124)"
WESTERN AND MARQUETTE,2674,2400 W MARQUETTE ROAD,03/02/2017,1,1161509.889315231,1860208.627404126,41.772086214,-87.683508858,"(41.772086214104526, -87.68350885781568)"
KEDZIE AND 47TH,2101,4700 S KEDZIE AVE,05/07/2016,5,1155791.949302478,1873270.778481327,41.808047272,-87.704118822,"(41.80804727165029, -87.70411882229871)"
AUSTIN AND ADDISON,1493,6000 W ADDISON STREET,11/26/2016,5,1135698.173154422,1923360.229527805,41.945879676,-87.776627421,"(41.94587967559099, -87.77662742093737)"
95TH AND STONEY ISLAND,2513,1600 E 95TH STREET,12/19/2016,1,1188537.746187743,1842339.840767953,41.722449457,-87.585003569,"(41.72244945701069, -87.58500356910938)"
GARFIELD AND ASHLAND,2274,1600 W GARFIELD BLVD,02/19/2015,4,1166593.072608676,1868281.842213365,41.79413322,-87.664645263,"(41.79413322022423, -87.66464526320254)"
KEDZIE AND 47TH,2101,4700 S KEDZIE AVE,07/20/2014,1,1155791.949302478,1873270.778481327,41.808047272,-87.704118822,"(41.80804727165029, -87.70411882229871)"
WESTERN AND MARQUETTE,2674,2400 W MARQUETTE ROAD,06/10/2015,3,1161509.889315231,1860208.627404126,41.772086214,-87.683508858,"(41.772086214104526, -87.68350885781568)"
PULASKI AND 79TH,2494,4000 W 79TH STREET,07/01/2015,4,1151074.116357501,1851966.830243835,41.749679359,-87.721978345,"(41.74967935883473, -87.72197834524168)"
GARFIELD AND ASHLAND,2274,1600 W GARFIELD BLVD,08/13/2014,12,1166593.072608676,1868281.842213365,41.79413322,-87.664645263,"(41.79413322022423, -87.66464526320254)"
AUSTIN AND ADDISON,1493,6000 W ADDISON STREET,05/10/2015,1,1135698.173154422,1923360.229527805,41.945879676,-87.776627421,"(41.94587967559099, -87.77662742093737)"
PULASKI AND 63RD,2343,4000 W 63RD ST,10/27/2015,2,1150768.346768175,1862564.615405259,41.77876739,-87.722823195,"(41.778767390084305, -87.72282319530368)"
GRAND AND OAK PARK,1523,6800 W GRAND AVENUE,04/01/2017,8,1130668.89526974,1915248.469290467,41.923708193,-87.795300781,"(41.92370819286044, -87.79530078123082)"
79TH AND KEDZIE,2442,7900 S KEDZIE AVE,03/28/2016,1,1156378.39667768,1852021.375281577,41.749723972,-87.702539572,"(41.749723971726056, -87.70253957167394)"
ASHLAND AND IRVING PARK,1151,4000 N ASHLAND AVENUE,12/24/2016,2,1164899.463802581,1926665.661118925,41.954379326,-87.66919912,"(41.954379326212695, -87.66919911980419)"
PULASKI AND 79TH,2492,7900 S PULASKI ROAD,07/27/2015,1,1151054.87395657,1851842.663854121,41.749339,-87.722052091,"(41.74933900008238, -87.72205209091501)"
LAWRENCE AND WESTERN,1192,4800 N WESTERN AVENUE,08/11/2016,5,1159459.622430471,1931821.342623414,41.968640727,-87.689054241,"(41.96864072747715, -87.6890542408374)"
95TH AND STONEY ISLAND,2513,1600 E 95TH STREET,01/03/2016,3,1188537.746187743,1842339.840767953,41.722449457,-87.585003569,"(41.72244945701069, -87.58500356910938)"
ARCHER/NARRAGANSETT AND 55TH,2074,6400 W ARCHER AVE,02/01/2015,4,1134629.248133949,1867443.543796524,41.792455256,-87.78187685,"(41.79245525550523, -87.78187684987694)"
87TH AND VINCENNES,2413,848 W 87TH STREET,09/22/2014,9,1172002.531006759,1847197.326168367,41.736157546,-87.6454274,"(41.73615754630335, -87.64542740049411)"
RIDGE AND CLARK,1051,5930 N CLARK STREET,07/04/2014,4,1164554.784723473,1939388.511516442,41.98929863,-87.670104121,"(41.98929863013193, -87.67010412112992)"
MADISON AND CENTRAL,1754,5600 W MADISON STREET,10/30/2014,7,1139033.690528149,1899503.712147867,41.880354556,-87.764948136,"(41.88035455632559, -87.76494813634785)"
RIDGE AND CLARK,1051,5930 N CLARK STREET,05/01/2017,2,1164554.784723473,1939388.511516442,41.98929863,-87.670104121,"(41.98929863013193, -87.67010412112992)"
CICERO AND DIVERSEY,1691,2800 N CICERO AVENUE,03/22/2016,2,1143863.647574835,1918202.018463414,41.931575608,-87.746743301,"(41.93157560844622, -87.74674330113561)"
GARFIELD AND ASHLAND,2274,1600 W GARFIELD BLVD,11/10/2014,6,1166593.072608676,1868281.842213365,41.79413322,-87.664645263,"(41.79413322022423, -87.66464526320254)"
PULASKI AND FULLERTON,1484,4000 W FULLERTON AVE,07/22/2016,3,1149303.081963737,1915695.275222648,41.924593022,-87.726819268,"(41.92459302175305, -87.7268192684032)"
KEDZIE AND 47TH,2101,4700 S KEDZIE AVE,05/07/2015,1,1155791.949302478,1873270.778481327,41.808047272,-87.704118822,"(41.80804727165029, -87.70411882229871)"
MADISON AND WESTERN,1934,2400 W MADISON,09/19/2016,3,1160384.621277157,1899988.655722373,41.881270504,-87.68653594,"(41.88127050428818, -87.68653594017124)"
RIDGE AND CLARK,1052,5930 N CLARK STREET,07/23/2014,2,1164554.784723473,1939388.511516442,41.98929863,-87.670104121,"(41.98929863013193, -87.67010412112992)"
GRAND AND OAK PARK,1524,6800 W GRAND AVENUE,12/04/2015,7,1130668.89526974,1915248.469290467,41.923708193,-87.795300781,"(41.92370819286044, -87.79530078123082)"
SACRAMENTO AND CHICAGO,1812,800 N SACRAMENTO AVEN,11/03/2014,3,1156039.008141929,1905193.084100581,41.895640714,-87.702352328,"(41.89564071387542, -87.70235232767416)"
KEDZIE AND 47TH,2101,4700 S KEDZIE AVE,08/11/2015,2,1155791.949302478,1873270.778481327,41.808047272,-87.704118822,"(41.80804727165029, -87.70411882229871)"
MADISON AND CENTRAL,1754,5600 W MADISON STREET,10/17/2014,7,1139033.690528149,1899503.712147867,41.880354556,-87.764948136,"(41.88035455632559, -87.76494813634785)"
RIDGE AND CLARK,1051,5930 N CLARK STREET,06/24/2015,5,1164554.784723473,1939388.511516442,41.98929863,-87.670104121,"(41.98929863013193, -87.67010412112992)"
SACRAMENTO AND CHICAGO,1812,800 N SACRAMENTO AVEN,03/24/2015,9,1156039.008141929,1905193.084100581,41.895640714,-87.702352328,"(41.89564071387542, -87.70235232767416)"
GRAND AND OAK PARK,1524,6800 W GRAND AVENUE,07/04/2015,10,1130668.89526974,1915248.469290467,41.923708193,-87.795300781,"(41.92370819286044, -87.79530078123082)"
OGDEN AND KOSTNER,2223,4400 W OGDEN AVENUE,05/30/2017,11,1147406.592439224,1887689.099869462,41.847777523,-87.734505969,"(41.84777752280453, -87.73450596874825)"
PULASKI AND CHICAGO,1982,800 N PULASKI ROAD,05/28/2015,1,1149538.444844035,1905079.034990625,41.895456457,-87.726230541,"(41.895456456825386, -87.72623054051289)"
95TH AND STONEY ISLAND,2513,1600 E 95TH STREET,01/18/2016,3,1188537.746187743,1842339.840767953,41.722449457,-87.585003569,"(41.72244945701069, -87.58500356910938)"
LAWRENCE AND CICERO,1042,4800 N CICERO AVENUE,12/21/2016,5,1143464.651785526,1931490.551883203,41.968048007,-87.747875985,"(41.968048007293845, -87.74787598468126)"
PETERSON AND WESTERN,1011,6000 N WESTERN AVE,07/09/2014,4,1159190.625032041,1939816.75471116,41.990586042,-87.689822473,"(41.99058604241958, -87.68982247294417)"
LAWRENCE AND CICERO,1042,4800 N CICERO AVENUE,07/26/2014,5,1143464.651785526,1931490.551883203,41.968048007,-87.747875985,"(41.968048007293845, -87.74787598468126)"
CICERO AND DIVERSEY,1691,2800 N CICERO AVENUE,07/06/2016,5,1143863.647574835,1918202.018463414,41.931575608,-87.746743301,"(41.93157560844622, -87.74674330113561)"
95TH AND STONEY ISLAND,2514,1600 E 95TH STREET,08/10/2014,6,1188537.746187743,1842339.840767953,41.722449457,-87.585003569,"(41.72244945701069, -87.58500356910938)"
AUSTIN AND ADDISON,1493,6000 W ADDISON STREET,11/01/2014,2,1135698.173154422,1923360.229527805,41.945879676,-87.776627421,"(41.94587967559099, -87.77662742093737)"
WESTERN AND 63RD,2371,6300 S WESTERN AVE,01/08/2017,1,1161415.712688877,1862772.38856596,41.779123484,-87.683783099,"(41.77912348383963, -87.68378309863576)"
AUSTIN AND IRVING PARK,1163,6000 W IRVING PARK ROAD,11/05/2014,2,1135622.402636023,1926014.192063646,41.953163772,-87.776842593,"(41.95316377185154, -87.77684259284736)"
HALSTED AND DIVISION,1711,1200 N HALSTED,09/07/2014,31,1170746.639428735,1908242.256010774,41.903698308,-87.648245351,"(41.90369830765008, -87.64824535062563)"
MADISON AND CENTRAL,1754,5600 W MADISON STREET,10/26/2014,3,1139033.690528149,1899503.712147867,41.880354556,-87.764948136,"(41.88035455632559, -87.76494813634785)"
RIDGE AND CLARK,1051,5930 N CLARK STREET,02/26/2017,8,1164554.784723473,1939388.511516442,41.98929863,-87.670104121,"(41.98929863013193, -87.67010412112992)"
55TH AND WESTERN,2213,2400 W 55TH STREET,04/18/2017,5,1161277.012730599,1868185.749490228,41.793981347,-87.684141741,"(41.7939813465735, -87.68414174128355)"
SACRAMENTO AND CHICAGO,1812,800 N SACRAMENTO AVEN,06/09/2015,10,1156039.008141929,1905193.084100581,41.895640714,-87.702352328,"(41.89564071387542, -87.70235232767416)"
95TH AND STONEY ISLAND,2514,1600 E 95TH STREET,04/24/2015,4,1188537.746187743,1842339.840767953,41.722449457,-87.585003569,"(41.72244945701069, -87.58500356910938)"
PULASKI AND CHICAGO,1982,800 N PULASKI ROAD,12/20/2016,4,1149538.444844035,1905079.034990625,41.895456457,-87.726230541,"(41.895456456825386, -87.72623054051289)"
95TH AND STONEY ISLAND,2513,1600 E 95TH STREET,11/15/2015,1,1188537.746187743,1842339.840767953,41.722449457,-87.585003569,"(41.72244945701069, -87.58500356910938)"
RIDGE AND CLARK,1051,5930 N CLARK STREET,05/05/2017,1,1164554.784723473,1939388.511516442,41.98929863,-87.670104121,"(41.98929863013193, -87.67010412112992)"
RIDGE AND CLARK,1052,5930 N CLARK STREET,07/27/2015,2,1164554.784723473,1939388.511516442,41.98929863,-87.670104121,"(41.98929863013193, -87.67010412112992)"
ADDISON AND HARLEM,1593,7200 W ADDISON,07/28/2016,1,1127417.488447099,1923123.407710965,41.945373358,-87.807070326,"(41.94537335809189, -87.80707032561135)"
ASHLAND AND DIVISION,1793,1600 W DIVISION STREET,06/04/2016,5,1165489.684200442,1908112.312963909,41.903455316,-87.667558994,"(41.903455316483814, -87.66755899396976)"
AUSTIN AND ADDISON,1493,6000 W ADDISON STREET,03/20/2017,2,1135698.173154422,1923360.229527805,41.945879676,-87.776627421,"(41.94587967559099, -87.77662742093737)"
119TH AND HALSTED,2402,11900 S HALSTED,05/04/2017,5,1173094.774616191,1825911.054609338,41.677720829,-87.642051845,"(41.67772082924762, -87.64205184498218)"
AUSTIN AND IRVING PARK,1163,6000 W IRVING PARK ROAD,04/28/2017,4,1135622.402636023,1926014.192063646,41.953163772,-87.776842593,"(41.95316377185154, -87.77684259284736)"
PULASKI AND 79TH,2494,4000 W 79TH STREET,07/21/2016,3,1151074.116357501,1851966.830243835,41.749679359,-87.721978345,"(41.74967935883473, -87.72197834524168)"
PULASKI AND BELMONT,1383,4000 W BELMONT AVE,01/26/2015,1,1149131.866894851,1921018.50498026,41.93920375,-87.727310134,"(41.93920374986553, -87.72731013414392)"
GRAND AND OAK PARK,1524,6800 W GRAND AVENUE,10/11/2014,2,1130668.89526974,1915248.469290467,41.923708193,-87.795300781,"(41.92370819286044, -87.79530078123082)"
ADDISON AND HARLEM,1593,7200 W ADDISON,03/12/2016,3,1127417.488447099,1923123.407710965,41.945373358,-87.807070326,"(41.94537335809189, -87.80707032561135)"
LAWRENCE AND WESTERN,1192,4800 N WESTERN AVENUE,01/28/2016,1,1159459.622430471,1931821.342623414,41.968640727,-87.689054241,"(41.96864072747715, -87.6890542408374)"
ASHLAND AND DIVISION,1793,1600 W DIVISION STREET,11/25/2016,2,1165489.684200442,1908112.312963909,41.903455316,-87.667558994,"(41.903455316483814, -87.66755899396976)"
MADISON AND WESTERN,1934,2400 W MADISON,02/11/2016,2,1160384.621277157,1899988.655722373,41.881270504,-87.68653594,"(41.88127050428818, -87.68653594017124)"
PULASKI AND CHICAGO,1982,800 N PULASKI ROAD,01/23/2017,1,1149538.444844035,1905079.034990625,41.895456457,-87.726230541,"(41.895456456825386, -87.72623054051289)"
PULASKI AND 63RD,2343,4000 W 63RD ST,08/17/2016,4,1150768.346768175,1862564.615405259,41.77876739,-87.722823195,"(41.778767390084305, -87.72282319530368)"
CICERO AND DIVERSEY,1691,2800 N CICERO AVENUE,08/02/2014,5,1143863.647574835,1918202.018463414,41.931575608,-87.746743301,"(41.93157560844622, -87.74674330113561)"
LAWRENCE AND WESTERN,1192,4800 N WESTERN AVENUE,01/13/2017,4,1159459.622430471,1931821.342623414,41.968640727,-87.689054241,"(41.96864072747715, -87.6890542408374)"
PULASKI AND FULLERTON,1484,4000 W FULLERTON AVE,02/06/2015,1,1149303.081963737,1915695.275222648,41.924593022,-87.726819268,"(41.92459302175305, -87.7268192684032)"
PULASKI AND FULLERTON,1484,4000 W FULLERTON AVE,10/17/2015,4,1149303.081963737,1915695.275222648,41.924593022,-87.726819268,"(41.92459302175305, -87.7268192684032)"
KEDZIE AND 47TH,2101,4700 S KEDZIE AVE,04/21/2016,1,1155791.949302478,1873270.778481327,41.808047272,-87.704118822,"(41.80804727165029, -87.70411882229871)"
AUSTIN AND IRVING PARK,1163,6000 W IRVING PARK ROAD,11/29/2015,2,1135622.402636023,1926014.192063646,41.953163772,-87.776842593,"(41.95316377185154, -87.77684259284736)"
95TH AND STONEY ISLAND,2513,1600 E 95TH STREET,04/13/2017,5,1188537.746187743,1842339.840767953,41.722449457,-87.585003569,"(41.72244945701069, -87.58500356910938)"
95TH AND STONEY ISLAND,2513,1600 E 95TH STREET,02/06/2017,2,1188537.746187743,1842339.840767953,41.722449457,-87.585003569,"(41.72244945701069, -87.58500356910938)"
95TH AND STONEY ISLAND,2514,1600 E 95TH STREET,10/07/2014,8,1188537.746187743,1842339.840767953,41.722449457,-87.585003569,"(41.72244945701069, -87.58500356910938)"
KEDZIE AND 47TH,2101,4700 S KEDZIE AVE,02/18/2017,13,1155791.949302478,1873270.778481327,41.808047272,-87.704118822,"(41.80804727165029, -87.70411882229871)"
RIDGE AND CLARK,1052,5930 N CLARK STREET,12/10/2015,5,1164554.784723473,1939388.511516442,41.98929863,-87.670104121,"(41.98929863013193, -87.67010412112992)"
PULASKI AND FULLERTON,1481,2400 N PULASKI RD,12/01/2014,1,1149275.963864089,1915687.631931757,41.924572574,-87.726919111,"(41.92457257416937, -87.72691911144182)"
CICERO AND DIVERSEY,1691,2800 N CICERO AVENUE,05/09/2015,5,1143863.647574835,1918202.018463414,41.931575608,-87.746743301,"(41.93157560844622, -87.74674330113561)"
GARFIELD AND ASHLAND,2274,1600 W GARFIELD BLVD,08/19/2014,7,1166593.072608676,1868281.842213365,41.79413322,-87.664645263,"(41.79413322022423, -87.66464526320254)"
PULASKI AND 79TH,2492,7900 S PULASKI ROAD,10/18/2014,3,1151054.87395657,1851842.663854121,41.749339,-87.722052091,"(41.74933900008238, -87.72205209091501)"
RIDGE AND CLARK,1051,5930 N CLARK STREET,05/29/2016,15,1164554.784723473,1939388.511516442,41.98929863,-87.670104121,"(41.98929863013193, -87.67010412112992)"
ASHLAND AND DIVISION,1793,1600 W DIVISION STREET,12/12/2016,4,1165489.684200442,1908112.312963909,41.903455316,-87.667558994,"(41.903455316483814, -87.66755899396976)"
PULASKI AND 79TH,2494,4000 W 79TH STREET,10/18/2015,4,1151074.116357501,1851966.830243835,41.749679359,-87.721978345,"(41.74967935883473, -87.72197834524168)"
LAWRENCE AND CICERO,1041,4800 N CICERO AVE,02/10/2017,8,1143464.651785526,1931490.551883203,41.968048007,-87.747875985,"(41.968048007293845, -87.74787598468126)"
WESTERN AND MARQUETTE,2674,2400 W MARQUETTE ROAD,08/30/2014,1,1161509.889315231,1860208.627404126,41.772086214,-87.683508858,"(41.772086214104526, -87.68350885781568)"
LAWRENCE AND WESTERN,1192,4800 N WESTERN AVENUE,10/30/2015,3,1159459.622430471,1931821.342623414,41.968640727,-87.689054241,"(41.96864072747715, -87.6890542408374)"
LAWRENCE AND WESTERN,1192,4800 N WESTERN AVENUE,04/08/2015,3,1159459.622430471,1931821.342623414,41.968640727,-87.689054241,"(41.96864072747715, -87.6890542408374)"
95TH AND STONEY ISLAND,2514,1600 E 95TH STREET,07/22/2014,6,1188537.746187743,1842339.840767953,41.722449457,-87.585003569,"(41.72244945701069, -87.58500356910938)"
MADISON AND WESTERN,1934,2400 W MADISON,09/06/2016,2,1160384.621277157,1899988.655722373,41.881270504,-87.68653594,"(41.88127050428818, -87.68653594017124)"
HALSTED AND DIVISION,1711,1200 N HALSTED,08/03/2016,9,1170746.639428735,1908242.256010774,41.903698308,-87.648245351,"(41.90369830765008, -87.64824535062563)"
AUSTIN AND ADDISON,1491,3600 N AUSTIN AVENUE,03/20/2017,2,1135691.599896458,1923335.967306169,41.945813215,-87.776652162,"(41.9458132146695, -87.77665216156436)"
MADISON AND CENTRAL,1754,5600 W MADISON STREET,02/12/2015,1,1139033.690528149,1899503.712147867,41.880354556,-87.764948136,"(41.88035455632559, -87.76494813634785)"
RIDGE AND CLARK,1052,5930 N CLARK STREET,03/29/2017,2,1164554.784723473,1939388.511516442,41.98929863,-87.670104121,"(41.98929863013193, -87.67010412112992)"
79TH AND KEDZIE,2442,7900 S KEDZIE AVE,07/03/2015,1,1156378.39667768,1852021.375281577,41.749723972,-87.702539572,"(41.749723971726056, -87.70253957167394)"
ASHLAND AND DIVISION,1793,1600 W DIVISION STREET,11/21/2014,3,1165489.684200442,1908112.312963909,41.903455316,-87.667558994,"(41.903455316483814, -87.66755899396976)"
95TH AND STONEY ISLAND,2514,1600 E 95TH STREET,12/15/2014,4,1188537.746187743,1842339.840767953,41.722449457,-87.585003569,"(41.72244945701069, -87.58500356910938)"
KEDZIE AND 71ST,2354,3200 W 71ST STREET,12/25/2016,3,1156246.862901455,1857404.014959868,41.764497433,-87.702877023,"(41.76449743256955, -87.70287702335861)"
PULASKI AND BELMONT,1383,4000 W BELMONT AVE,08/29/2014,3,1149131.866894851,1921018.50498026,41.93920375,-87.727310134,"(41.93920374986553, -87.72731013414392)"
KIMBALL AND DIVERSEY,1583,3400 W DIVERSEY AVENUE,04/18/2017,3,1153211.149172713,1918454.477800566,41.932087747,-87.71238583,"(41.932087747378944, -87.71238582951281)"
PULASKI AND 63RD,2343,4000 W 63RD ST,12/17/2015,4,1150768.346768175,1862564.615405259,41.77876739,-87.722823195,"(41.778767390084305, -87.72282319530368)"
MADISON AND WESTERN,1934,2400 W MADISON,09/04/2016,3,1160384.621277157,1899988.655722373,41.881270504,-87.68653594,"(41.88127050428818, -87.68653594017124)"
95TH AND STONEY ISLAND,2514,1600 E 95TH STREET,04/11/2015,17,1188537.746187743,1842339.840767953,41.722449457,-87.585003569,"(41.72244945701069, -87.58500356910938)"
GRAND AND OAK PARK,1523,6800 W GRAND AVENUE,05/04/2015,4,1130668.89526974,1915248.469290467,41.923708193,-87.795300781,"(41.92370819286044, -87.79530078123082)"
PULASKI AND FULLERTON,1484,4000 W FULLERTON AVE,12/23/2016,4,1149303.081963737,1915695.275222648,41.924593022,-87.726819268,"(41.92459302175305, -87.7268192684032)"
ARCHER AND CICERO,2084,5400 S ARCHER AVE,12/01/2016,6,1145209.426392053,1869810.657411975,41.798758208,-87.743020541,"(41.798758207843264, -87.74302054146467)"
ASHLAND AND DIVISION,1793,1600 W DIVISION STREET,02/09/2016,1,1165489.684200442,1908112.312963909,41.903455316,-87.667558994,"(41.903455316483814, -87.66755899396976)"
LAWRENCE AND CICERO,1042,4800 N CICERO AVENUE,01/15/2016,2,1143464.651785526,1931490.551883203,41.968048007,-87.747875985,"(41.968048007293845, -87.74787598468126)"
87TH AND VINCENNES,2413,848 W 87TH STREET,10/26/2016,14,1172002.531006759,1847197.326168367,41.736157546,-87.6454274,"(41.73615754630335, -87.64542740049411)"
LAWRENCE AND WESTERN,1192,4800 N WESTERN AVENUE,10/19/2015,2,1159459.622430471,1931821.342623414,41.968640727,-87.689054241,"(41.96864072747715, -87.6890542408374)"
PULASKI AND CHICAGO,1982,800 N PULASKI ROAD,07/17/2015,2,1149538.444844035,1905079.034990625,41.895456457,-87.726230541,"(41.895456456825386, -87.72623054051289)"
LAWRENCE AND CICERO,1042,4800 N CICERO AVENUE,04/08/2017,5,1143464.651785526,1931490.551883203,41.968048007,-87.747875985,"(41.968048007293845, -87.74787598468126)"
PULASKI AND FULLERTON,1484,4000 W FULLERTON AVE,02/19/2016,1,1149303.081963737,1915695.275222648,41.924593022,-87.726819268,"(41.92459302175305, -87.7268192684032)"
RIDGE AND CLARK,1051,5930 N CLARK STREET,06/30/2015,9,1164554.784723473,1939388.511516442,41.98929863,-87.670104121,"(41.98929863013193, -87.67010412112992)"
ASHLAND AND DIVISION,1793,1600 W DIVISION STREET,03/20/2017,4,1165489.684200442,1908112.312963909,41.903455316,-87.667558994,"(41.903455316483814, -87.66755899396976)"
MADISON AND WESTERN,1934,2400 W MADISON,03/10/2017,5,1160384.621277157,1899988.655722373,41.881270504,-87.68653594,"(41.88127050428818, -87.68653594017124)"
ADDISON AND HARLEM,1593,7200 W ADDISON,05/20/2015,4,1127417.488447099,1923123.407710965,41.945373358,-87.807070326,"(41.94537335809189, -87.80707032561135)"
ASHLAND AND DIVISION,1793,1600 W DIVISION STREET,06/19/2015,3,1165489.684200442,1908112.312963909,41.903455316,-87.667558994,"(41.903455316483814, -87.66755899396976)"
PULASKI AND 63RD,2343,4000 W 63RD ST,12/30/2016,2,1150768.346768175,1862564.615405259,41.77876739,-87.722823195,"(41.778767390084305, -87.72282319530368)"
LAWRENCE AND WESTERN,1192,4800 N WESTERN AVENUE,07/12/2015,2,1159459.622430471,1931821.342623414,41.968640727,-87.689054241,"(41.96864072747715, -87.6890542408374)"
MADISON AND WESTERN,1934,2400 W MADISON,10/21/2014,1,1160384.621277157,1899988.655722373,41.881270504,-87.68653594,"(41.88127050428818, -87.68653594017124)"
SACRAMENTO AND CHICAGO,1812,800 N SACRAMENTO AVEN,02/26/2017,9,1156039.008141929,1905193.084100581,41.895640714,-87.702352328,"(41.89564071387542, -87.70235232767416)"
CALIFORNIA AND DIVERSEY,1511,2800 N CALIFORNIA AVE,11/10/2016,2,1157189.355049829,1918495.644754069,41.932120719,-87.6977653,"(41.93212071910647, -87.69776530036465)"
PULASKI AND 63RD,2343,4000 W 63RD ST,07/15/2015,1,1150768.346768175,1862564.615405259,41.77876739,-87.722823195,"(41.778767390084305, -87.72282319530368)"
ARCHER/NARRAGANSETT AND 55TH,2073,6400 W ARCHER AVE,02/05/2015,4,1134629.248133949,1867443.543796524,41.792455256,-87.78187685,"(41.79245525550523, -87.78187684987694)"
LARAMIE AND FULLERTON,1424,5200 W FULLERTON AVENUE,05/04/2017,3,1141305.554932016,1915502.611239048,41.924215797,-87.756210755,"(41.92421579723144, -87.75621075458939)"
MADISON AND WESTERN,1934,2400 W MADISON,11/14/2014,1,1160384.621277157,1899988.655722373,41.881270504,-87.68653594,"(41.88127050428818, -87.68653594017124)"
RIDGE AND CLARK,1052,5930 N CLARK STREET,08/21/2016,2,1164554.784723473,1939388.511516442,41.98929863,-87.670104121,"(41.98929863013193, -87.67010412112992)"
87TH AND VINCENNES,2413,848 W 87TH STREET,03/04/2016,7,1172002.531006759,1847197.326168367,41.736157546,-87.6454274,"(41.73615754630335, -87.64542740049411)"
MADISON AND WESTERN,1934,2400 W MADISON,09/22/2016,3,1160384.621277157,1899988.655722373,41.881270504,-87.68653594,"(41.88127050428818, -87.68653594017124)"
CALIFORNIA AND DIVERSEY,1511,2800 N CALIFORNIA AVE,06/30/2016,7,1157189.355049829,1918495.644754069,41.932120719,-87.6977653,"(41.93212071910647, -87.69776530036465)"
PULASKI AND 79TH,2492,7900 S PULASKI ROAD,08/28/2016,4,1151054.87395657,1851842.663854121,41.749339,-87.722052091,"(41.74933900008238, -87.72205209091501)"
CICERO AND DIVERSEY,1691,2800 N CICERO AVENUE,03/08/2015,4,1143863.647574835,1918202.018463414,41.931575608,-87.746743301,"(41.93157560844622, -87.74674330113561)"
GARFIELD AND ASHLAND,2274,1600 W GARFIELD BLVD,09/18/2014,8,1166593.072608676,1868281.842213365,41.79413322,-87.664645263,"(41.79413322022423, -87.66464526320254)"
87TH AND VINCENNES,2413,848 W 87TH STREET,07/09/2014,9,1172002.531006759,1847197.326168367,41.736157546,-87.6454274,"(41.73615754630335, -87.64542740049411)"
GRAND AND OAK PARK,1524,6800 W GRAND AVENUE,09/24/2016,3,1130668.89526974,1915248.469290467,41.923708193,-87.795300781,"(41.92370819286044, -87.79530078123082)"
CALIFORNIA AND DIVERSEY,1511,2800 N CALIFORNIA AVE,10/23/2015,5,1157189.355049829,1918495.644754069,41.932120719,-87.6977653,"(41.93212071910647, -87.69776530036465)"
PULASKI AND 79TH,2492,7900 S PULASKI ROAD,03/09/2017,3,1151054.87395657,1851842.663854121,41.749339,-87.722052091,"(41.74933900008238, -87.72205209091501)"
PULASKI AND 63RD,2343,4000 W 63RD ST,08/02/2014,3,1150768.346768175,1862564.615405259,41.77876739,-87.722823195,"(41.778767390084305, -87.72282319530368)"
WESTERN AND MARQUETTE,2674,2400 W MARQUETTE ROAD,06/30/2015,3,1161509.889315231,1860208.627404126,41.772086214,-87.683508858,"(41.772086214104526, -87.68350885781568)"
PULASKI AND FULLERTON,1484,4000 W FULLERTON AVE,10/18/2016,5,1149303.081963737,1915695.275222648,41.924593022,-87.726819268,"(41.92459302175305, -87.7268192684032)"
LAWRENCE AND WESTERN,1192,4800 N WESTERN AVENUE,05/22/2015,1,1159459.622430471,1931821.342623414,41.968640727,-87.689054241,"(41.96864072747715, -87.6890542408374)"
SACRAMENTO AND CHICAGO,1812,800 N SACRAMENTO AVEN,03/08/2017,12,1156039.008141929,1905193.084100581,41.895640714,-87.702352328,"(41.89564071387542, -87.70235232767416)"
GRAND AND OAK PARK,1523,6800 W GRAND AVENUE,05/19/2016,4,1130668.89526974,1915248.469290467,41.923708193,-87.795300781,"(41.92370819286044, -87.79530078123082)"
GRAND AND OAK PARK,1523,6800 W GRAND AVENUE,04/22/2015,8,1130668.89526974,1915248.469290467,41.923708193,-87.795300781,"(41.92370819286044, -87.79530078123082)"
PULASKI AND 63RD,2343,4000 W 63RD ST,07/28/2015,3,1150768.346768175,1862564.615405259,41.77876739,-87.722823195,"(41.778767390084305, -87.72282319530368)"
WESTERN AND MARQUETTE,2674,2400 W MARQUETTE ROAD,04/15/2017,15,1161509.889315231,1860208.627404126,41.772086214,-87.683508858,"(41.772086214104526, -87.68350885781568)"
AUSTIN AND IRVING PARK,1163,6000 W IRVING PARK ROAD,07/13/2016,3,1135622.402636023,1926014.192063646,41.953163772,-87.776842593,"(41.95316377185154, -87.77684259284736)"
ADDISON AND HARLEM,1593,7200 W ADDISON,05/21/2015,1,1127417.488447099,1923123.407710965,41.945373358,-87.807070326,"(41.94537335809189, -87.80707032561135)"
LAWRENCE AND CICERO,1042,4800 N CICERO AVENUE,01/12/2016,2,1143464.651785526,1931490.551883203,41.968048007,-87.747875985,"(41.968048007293845, -87.74787598468126)"
PETERSON AND WESTERN,1011,6000 N WESTERN AVE,03/23/2015,2,1159190.625032041,1939816.75471116,41.990586042,-87.689822473,"(41.99058604241958, -87.68982247294417)"
RIDGE AND CLARK,1052,5930 N CLARK STREET,07/31/2015,3,1164554.784723473,1939388.511516442,41.98929863,-87.670104121,"(41.98929863013193, -87.67010412112992)"
AUSTIN AND ADDISON,1493,6000 W ADDISON STREET,10/01/2015,4,1135698.173154422,1923360.229527805,41.945879676,-87.776627421,"(41.94587967559099, -87.77662742093737)"
CALIFORNIA AND DIVERSEY,1511,2800 N CALIFORNIA AVE,03/25/2015,2,1157189.355049829,1918495.644754069,41.932120719,-87.6977653,"(41.93212071910647, -87.69776530036465)"
LAWRENCE AND CICERO,1041,4800 N CICERO AVE,11/23/2016,6,1143464.651785526,1931490.551883203,41.968048007,-87.747875985,"(41.968048007293845, -87.74787598468126)"
LAWRENCE AND CICERO,1041,4800 N CICERO AVE,01/09/2016,7,1143464.651785526,1931490.551883203,41.968048007,-87.747875985,"(41.968048007293845, -87.74787598468126)"
RIDGE AND CLARK,1051,5930 N CLARK STREET,12/02/2014,7,1164554.784723473,1939388.511516442,41.98929863,-87.670104121,"(41.98929863013193, -87.67010412112992)"
AUSTIN AND ADDISON,1493,6000 W ADDISON STREET,04/15/2015,3,1135698.173154422,1923360.229527805,41.945879676,-87.776627421,"(41.94587967559099, -87.77662742093737)"
87TH AND VINCENNES,2413,848 W 87TH STREET,07/28/2015,10,1172002.531006759,1847197.326168367,41.736157546,-87.6454274,"(41.73615754630335, -87.64542740049411)"
PETERSON AND WESTERN,1011,6000 N WESTERN AVE,08/18/2015,3,1159190.625032041,1939816.75471116,41.990586042,-87.689822473,"(41.99058604241958, -87.68982247294417)"
87TH AND VINCENNES,2413,848 W 87TH STREET,04/04/2016,1,1172002.531006759,1847197.326168367,41.736157546,-87.6454274,"(41.73615754630335, -87.64542740049411)"
PULASKI AND FULLERTON,1481,2400 N PULASKI RD,08/25/2015,4,1149275.963864089,1915687.631931757,41.924572574,-87.726919111,"(41.92457257416937, -87.72691911144182)"
CICERO AND DIVERSEY,1691,2800 N CICERO AVENUE,12/09/2015,5,1143863.647574835,1918202.018463414,41.931575608,-87.746743301,"(41.93157560844622, -87.74674330113561)"
CICERO AND DIVERSEY,1691,2800 N CICERO AVENUE,08/06/2014,8,1143863.647574835,1918202.018463414,41.931575608,-87.746743301,"(41.93157560844622, -87.74674330113561)"
WESTERN AND MARQUETTE,2674,2400 W MARQUETTE ROAD,10/02/2015,1,1161509.889315231,1860208.627404126,41.772086214,-87.683508858,"(41.772086214104526, -87.68350885781568)"
BLUE ISLAND AND DAMEN,2281,2416 S DAMEN AVENUE,09/14/2014,12,1163378.697434511,1887916.370760201,41.848080596,-87.675881338,"(41.84808059558783, -87.67588133802435)"
RIDGE AND CLARK,1052,5930 N CLARK STREET,11/23/2015,4,1164554.784723473,1939388.511516442,41.98929863,-87.670104121,"(41.98929863013193, -87.67010412112992)"
SACRAMENTO AND CHICAGO,1812,800 N SACRAMENTO AVEN,12/16/2015,9,1156039.008141929,1905193.084100581,41.895640714,-87.702352328,"(41.89564071387542, -87.70235232767416)"
95TH AND STONEY ISLAND,2513,1600 E 95TH STREET,08/18/2015,4,1188537.746187743,1842339.840767953,41.722449457,-87.585003569,"(41.72244945701069, -87.58500356910938)"
WESTERN AND 63RD,2371,6300 S WESTERN AVE,05/11/2015,2,1161415.712688877,1862772.38856596,41.779123484,-87.683783099,"(41.77912348383963, -87.68378309863576)"
MADISON AND WESTERN,1934,2400 W MADISON,10/16/2015,2,1160384.621277157,1899988.655722373,41.881270504,-87.68653594,"(41.88127050428818, -87.68653594017124)"
95TH AND STONEY ISLAND,2514,1600 E 95TH STREET,03/11/2017,6,1188537.746187743,1842339.840767953,41.722449457,-87.585003569,"(41.72244945701069, -87.58500356910938)"
HALSTED AND DIVISION,1711,1200 N HALSTED,03/16/2016,13,1170746.639428735,1908242.256010774,41.903698308,-87.648245351,"(41.90369830765008, -87.64824535062563)"
CALIFORNIA AND DIVERSEY,1511,2800 N CALIFORNIA AVE,06/21/2016,5,1157189.355049829,1918495.644754069,41.932120719,-87.6977653,"(41.93212071910647, -87.69776530036465)"
PULASKI AND 79TH,2492,7900 S PULASKI ROAD,03/06/2017,4,1151054.87395657,1851842.663854121,41.749339,-87.722052091,"(41.74933900008238, -87.72205209091501)"
ADDISON AND HARLEM,1593,7200 W ADDISON,05/15/2017,2,1127417.488447099,1923123.407710965,41.945373358,-87.807070326,"(41.94537335809189, -87.80707032561135)"
RIDGE AND CLARK,1052,5930 N CLARK STREET,08/22/2014,2,1164554.784723473,1939388.511516442,41.98929863,-87.670104121,"(41.98929863013193, -87.67010412112992)"
PULASKI AND FULLERTON,1484,4000 W FULLERTON AVE,10/12/2016,6,1149303.081963737,1915695.275222648,41.924593022,-87.726819268,"(41.92459302175305, -87.7268192684032)"
PULASKI AND CHICAGO,1982,800 N PULASKI ROAD,10/30/2016,3,1149538.444844035,1905079.034990625,41.895456457,-87.726230541,"(41.895456456825386, -87.72623054051289)"
HALSTED AND DIVISION,1711,1200 N HALSTED,05/01/2016,9,1170746.639428735,1908242.256010774,41.903698308,-87.648245351,"(41.90369830765008, -87.64824535062563)"
LAWRENCE AND WESTERN,1192,4800 N WESTERN AVENUE,11/03/2015,3,1159459.622430471,1931821.342623414,41.968640727,-87.689054241,"(41.96864072747715, -87.6890542408374)"
GRAND AND OAK PARK,1524,6800 W GRAND AVENUE,01/21/2017,5,1130668.89526974,1915248.469290467,41.923708193,-87.795300781,"(41.92370819286044, -87.79530078123082)"
KIMBALL AND LINCOLN,2741,6200 N KIMBALL AVENUE,02/11/2015,1,1152543.355058345,1940954.1008022,41.993841437,-87.714242493,"(41.99384143707685, -87.71424249302686)"
WESTERN AND 63RD,2371,6300 S WESTERN AVE,03/10/2015,2,1161415.712688877,1862772.38856596,41.779123484,-87.683783099,"(41.77912348383963, -87.68378309863576)"
AUSTIN AND ADDISON,1493,6000 W ADDISON STREET,04/22/2017,1,1135698.173154422,1923360.229527805,41.945879676,-87.776627421,"(41.94587967559099, -87.77662742093737)"
PULASKI AND 79TH,2494,4000 W 79TH STREET,05/20/2017,4,1151074.116357501,1851966.830243835,41.749679359,-87.721978345,"(41.74967935883473, -87.72197834524168)"
PULASKI AND BELMONT,1383,4000 W BELMONT AVE,10/07/2015,1,1149131.866894851,1921018.50498026,41.93920375,-87.727310134,"(41.93920374986553, -87.72731013414392)"
ADDISON AND HARLEM,1593,7200 W ADDISON,01/23/2015,3,1127417.488447099,1923123.407710965,41.945373358,-87.807070326,"(41.94537335809189, -87.80707032561135)"
ASHLAND AND DIVISION,1793,1600 W DIVISION STREET,05/21/2015,4,1165489.684200442,1908112.312963909,41.903455316,-87.667558994,"(41.903455316483814, -87.66755899396976)"
PULASKI AND 79TH,2494,4000 W 79TH STREET,08/23/2015,7,1151074.116357501,1851966.830243835,41.749679359,-87.721978345,"(41.74967935883473, -87.72197834524168)"
PULASKI AND FULLERTON,1484,4000 W FULLERTON AVE,06/06/2015,5,1149303.081963737,1915695.275222648,41.924593022,-87.726819268,"(41.92459302175305, -87.7268192684032)"
ARCHER AND CICERO,2084,5400 S ARCHER AVE,09/25/2015,13,1145209.426392053,1869810.657411975,41.798758208,-87.743020541,"(41.798758207843264, -87.74302054146467)"
CICERO AND DIVERSEY,1691,2800 N CICERO AVENUE,04/11/2017,2,1143863.647574835,1918202.018463414,41.931575608,-87.746743301,"(41.93157560844622, -87.74674330113561)"
87TH AND VINCENNES,2413,848 W 87TH STREET,08/15/2015,13,1172002.531006759,1847197.326168367,41.736157546,-87.6454274,"(41.73615754630335, -87.64542740049411)"
WESTERN AND 63RD,2371,6300 S WESTERN AVE,02/20/2016,1,1161415.712688877,1862772.38856596,41.779123484,-87.683783099,"(41.77912348383963, -87.68378309863576)"
LAWRENCE AND CICERO,1041,4800 N CICERO AVE,08/03/2014,6,1143464.651785526,1931490.551883203,41.968048007,-87.747875985,"(41.968048007293845, -87.74787598468126)"
PULASKI AND FULLERTON,1481,2400 N PULASKI RD,10/10/2015,2,1149275.963864089,1915687.631931757,41.924572574,-87.726919111,"(41.92457257416937, -87.72691911144182)"
PULASKI AND 63RD,2343,4000 W 63RD ST,04/18/2017,3,1150768.346768175,1862564.615405259,41.77876739,-87.722823195,"(41.778767390084305, -87.72282319530368)"
111TH AND HALSTED,2422,11100 S HALSTED ST,12/25/2016,6,1172923.657689312,1831209.044179248,41.692263123,-87.642522688,"(41.692263123425136, -87.6425226876268)"
PULASKI AND FULLERTON,1484,4000 W FULLERTON AVE,09/16/2016,4,1149303.081963737,1915695.275222648,41.924593022,-87.726819268,"(41.92459302175305, -87.7268192684032)"
95TH AND STONEY ISLAND,2514,1600 E 95TH STREET,04/28/2015,1,1188537.746187743,1842339.840767953,41.722449457,-87.585003569,"(41.72244945701069, -87.58500356910938)"
SACRAMENTO AND CHICAGO,1812,800 N SACRAMENTO AVEN,12/07/2014,5,1156039.008141929,1905193.084100581,41.895640714,-87.702352328,"(41.89564071387542, -87.70235232767416)"
ARCHER/NARRAGANSETT AND 55TH,2073,6400 W ARCHER AVE,09/23/2014,8,1134629.248133949,1867443.543796524,41.792455256,-87.78187685,"(41.79245525550523, -87.78187684987694)"
PULASKI AND FULLERTON,1481,2400 N PULASKI RD,03/12/2016,1,1149275.963864089,1915687.631931757,41.924572574,-87.726919111,"(41.92457257416937, -87.72691911144182)"
AUSTIN AND ADDISON,1493,6000 W ADDISON STREET,04/09/2016,1,1135698.173154422,1923360.229527805,41.945879676,-87.776627421,"(41.94587967559099, -87.77662742093737)"
PULASKI AND FULLERTON,1484,4000 W FULLERTON AVE,10/29/2016,2,1149303.081963737,1915695.275222648,41.924593022,-87.726819268,"(41.92459302175305, -87.7268192684032)"
ADDISON AND HARLEM,1593,7200 W ADDISON,07/08/2015,1,1127417.488447099,1923123.407710965,41.945373358,-87.807070326,"(41.94537335809189, -87.80707032561135)"
LAWRENCE AND CICERO,1042,4800 N CICERO AVENUE,10/30/2015,2,1143464.651785526,1931490.551883203,41.968048007,-87.747875985,"(41.968048007293845, -87.74787598468126)"
GRAND AND OAK PARK,1523,6800 W GRAND AVENUE,10/08/2016,7,1130668.89526974,1915248.469290467,41.923708193,-87.795300781,"(41.92370819286044, -87.79530078123082)"
CORTLAND AND ASHLAND,1723,1600 W CORTLAND ST,05/04/2017,4,1165377.660768235,1912768.773647285,41.916235337,-87.667837772,"(41.91623533746878, -87.66783777212962)"
CALIFORNIA AND DIVERSEY,1511,2800 N CALIFORNIA AVE,10/01/2016,6,1157189.355049829,1918495.644754069,41.932120719,-87.6977653,"(41.93212071910647, -87.69776530036465)"
PULASKI AND 79TH,2492,7900 S PULASKI ROAD,12/24/2016,1,1151054.87395657,1851842.663854121,41.749339,-87.722052091,"(41.74933900008238, -87.72205209091501)"
GRAND AND OAK PARK,1523,6800 W GRAND AVENUE,05/02/2015,9,1130668.89526974,1915248.469290467,41.923708193,-87.795300781,"(41.92370819286044, -87.79530078123082)"
PETERSON AND WESTERN,1011,6000 N WESTERN AVE,08/21/2015,2,1159190.625032041,1939816.75471116,41.990586042,-87.689822473,"(41.99058604241958, -87.68982247294417)"
PULASKI AND 79TH,2492,7900 S PULASKI ROAD,06/30/2016,7,1151054.87395657,1851842.663854121,41.749339,-87.722052091,"(41.74933900008238, -87.72205209091501)"
WESTERN AND 63RD,2371,6300 S WESTERN AVE,02/28/2016,2,1161415.712688877,1862772.38856596,41.779123484,-87.683783099,"(41.77912348383963, -87.68378309863576)"
AUSTIN AND IRVING PARK,1163,6000 W IRVING PARK ROAD,06/29/2015,1,1135622.402636023,1926014.192063646,41.953163772,-87.776842593,"(41.95316377185154, -87.77684259284736)"
PULASKI AND CHICAGO,1982,800 N PULASKI ROAD,04/22/2015,2,1149538.444844035,1905079.034990625,41.895456457,-87.726230541,"(41.895456456825386, -87.72623054051289)"
PULASKI AND CHICAGO,1982,800 N PULASKI ROAD,01/21/2016,1,1149538.444844035,1905079.034990625,41.895456457,-87.726230541,"(41.895456456825386, -87.72623054051289)"
GRAND AND OAK PARK,1524,6800 W GRAND AVENUE,11/16/2014,10,1130668.89526974,1915248.469290467,41.923708193,-87.795300781,"(41.92370819286044, -87.79530078123082)"
ASHLAND AND DIVISION,1793,1600 W DIVISION STREET,06/22/2015,2,1165489.684200442,1908112.312963909,41.903455316,-87.667558994,"(41.903455316483814, -87.66755899396976)"
95TH AND STONEY ISLAND,2513,1600 E 95TH STREET,04/03/2016,1,1188537.746187743,1842339.840767953,41.722449457,-87.585003569,"(41.72244945701069, -87.58500356910938)"
MADISON AND WESTERN,1934,2400 W MADISON,11/25/2016,3,1160384.621277157,1899988.655722373,41.881270504,-87.68653594,"(41.88127050428818, -87.68653594017124)"
AUSTIN AND ADDISON,1493,6000 W ADDISON STREET,07/21/2014,2,1135698.173154422,1923360.229527805,41.945879676,-87.776627421,"(41.94587967559099, -87.77662742093737)"
CALIFORNIA AND DIVERSEY,1511,2800 N CALIFORNIA AVE,01/01/2015,8,1157189.355049829,1918495.644754069,41.932120719,-87.6977653,"(41.93212071910647, -87.69776530036465)"
HALSTED AND DIVISION,1711,1200 N HALSTED,01/14/2015,1,1170746.639428735,1908242.256010774,41.903698308,-87.648245351,"(41.90369830765008, -87.64824535062563)"
MADISON AND WESTERN,1934,2400 W MADISON,12/04/2014,2,1160384.621277157,1899988.655722373,41.881270504,-87.68653594,"(41.88127050428818, -87.68653594017124)"
WESTERN AND MARQUETTE,2674,2400 W MARQUETTE ROAD,05/27/2015,3,1161509.889315231,1860208.627404126,41.772086214,-87.683508858,"(41.772086214104526, -87.68350885781568)"
AUSTIN AND ADDISON,1493,6000 W ADDISON STREET,09/29/2014,2,1135698.173154422,1923360.229527805,41.945879676,-87.776627421,"(41.94587967559099, -87.77662742093737)"
PETERSON AND WESTERN,1011,6000 N WESTERN AVE,05/24/2017,2,1159190.625032041,1939816.75471116,41.990586042,-87.689822473,"(41.99058604241958, -87.68982247294417)"
PULASKI AND FULLERTON,1481,2400 N PULASKI RD,01/02/2015,2,1149275.963864089,1915687.631931757,41.924572574,-87.726919111,"(41.92457257416937, -87.72691911144182)"
ARCHER/NARRAGANSETT AND 55TH,2073,6400 W ARCHER AVE,07/26/2014,4,1134629.248133949,1867443.543796524,41.792455256,-87.78187685,"(41.79245525550523, -87.78187684987694)"
PULASKI AND 79TH,2492,7900 S PULASKI ROAD,05/07/2015,2,1151054.87395657,1851842.663854121,41.749339,-87.722052091,"(41.74933900008238, -87.72205209091501)"
CALIFORNIA AND DIVERSEY,1511,2800 N CALIFORNIA AVE,03/20/2015,3,1157189.355049829,1918495.644754069,41.932120719,-87.6977653,"(41.93212071910647, -87.69776530036465)"
PULASKI AND MONTROSE,1292,4400 N PULASKI ROAD,07/19/2014,3,1148894.146173785,1928968.481843755,41.961023721,-87.727977456,"(41.961023721270585, -87.72797745595682)"
STONY ISLAND/CORNELL AND 67TH,2731,6700 S CORNELL DRIVE,05/04/2017,12,1188316.454860734,1860851.137456735,41.77325149,-87.5852246,"(41.77325148959568, -87.58522459967712)"
RIDGE AND CLARK,1051,5930 N CLARK STREET,12/17/2015,3,1164554.784723473,1939388.511516442,41.98929863,-87.670104121,"(41.98929863013193, -87.67010412112992)"
ADDISON AND HARLEM,1593,7200 W ADDISON,12/26/2015,1,1127417.488447099,1923123.407710965,41.945373358,-87.807070326,"(41.94537335809189, -87.80707032561135)"
PULASKI AND FULLERTON,1481,2400 N PULASKI RD,09/25/2015,4,1149275.963864089,1915687.631931757,41.924572574,-87.726919111,"(41.92457257416937, -87.72691911144182)"
SACRAMENTO AND CHICAGO,1812,800 N SACRAMENTO AVEN,05/26/2017,9,1156039.008141929,1905193.084100581,41.895640714,-87.702352328,"(41.89564071387542, -87.70235232767416)"
LAWRENCE AND CICERO,1041,4800 N CICERO AVE,12/07/2016,4,1143464.651785526,1931490.551883203,41.968048007,-87.747875985,"(41.968048007293845, -87.74787598468126)"
PULASKI AND BELMONT,1383,4000 W BELMONT AVE,02/20/2015,1,1149131.866894851,1921018.50498026,41.93920375,-87.727310134,"(41.93920374986553, -87.72731013414392)"
PETERSON AND WESTERN,1011,6000 N WESTERN AVE,06/25/2016,6,1159190.625032041,1939816.75471116,41.990586042,-87.689822473,"(41.99058604241958, -87.68982247294417)"
LAWRENCE AND CICERO,1041,4800 N CICERO AVE,10/23/2014,5,1143464.651785526,1931490.551883203,41.968048007,-87.747875985,"(41.968048007293845, -87.74787598468126)"
PULASKI AND 79TH,2494,4000 W 79TH STREET,06/10/2016,6,1151074.116357501,1851966.830243835,41.749679359,-87.721978345,"(41.74967935883473, -87.72197834524168)"
HOMAN/KIMBALL AND NORTH,1771,1600 N HOMAN AVENUE,12/25/2016,2,,,,,
87TH AND VINCENNES,2413,848 W 87TH STREET,08/05/2015,7,1172002.531006759,1847197.326168367,41.736157546,-87.6454274,"(41.73615754630335, -87.64542740049411)"
GRAND AND OAK PARK,1523,6800 W GRAND AVENUE,03/14/2016,6,1130668.89526974,1915248.469290467,41.923708193,-87.795300781,"(41.92370819286044, -87.79530078123082)"
GRAND AND OAK PARK,1523,6800 W GRAND AVENUE,08/21/2014,12,1130668.89526974,1915248.469290467,41.923708193,-87.795300781,"(41.92370819286044, -87.79530078123082)"
PULASKI AND 63RD,2343,4000 W 63RD ST,07/17/2015,4,1150768.346768175,1862564.615405259,41.77876739,-87.722823195,"(41.778767390084305, -87.72282319530368)"
CALIFORNIA AND DIVERSEY,1511,2800 N CALIFORNIA AVE,08/31/2016,8,1157189.355049829,1918495.644754069,41.932120719,-87.6977653,"(41.93212071910647, -87.69776530036465)"
SACRAMENTO AND CHICAGO,1812,800 N SACRAMENTO AVEN,10/29/2015,6,1156039.008141929,1905193.084100581,41.895640714,-87.702352328,"(41.89564071387542, -87.70235232767416)"
CALIFORNIA AND DIVERSEY,1511,2800 N CALIFORNIA AVE,07/01/2015,3,1157189.355049829,1918495.644754069,41.932120719,-87.6977653,"(41.93212071910647, -87.69776530036465)"
ADDISON AND HARLEM,1593,7200 W ADDISON,08/01/2014,2,1127417.488447099,1923123.407710965,41.945373358,-87.807070326,"(41.94537335809189, -87.80707032561135)"
PULASKI AND FULLERTON,1484,4000 W FULLERTON AVE,03/24/2015,2,1149303.081963737,1915695.275222648,41.924593022,-87.726819268,"(41.92459302175305, -87.7268192684032)"
AUSTIN AND IRVING PARK,1163,6000 W IRVING PARK ROAD,02/15/2016,1,1135622.402636023,1926014.192063646,41.953163772,-87.776842593,"(41.95316377185154, -87.77684259284736)"
ADDISON AND HARLEM,1593,7200 W ADDISON,08/11/2016,2,1127417.488447099,1923123.407710965,41.945373358,-87.807070326,"(41.94537335809189, -87.80707032561135)"
RIDGE AND CLARK,1051,5930 N CLARK STREET,05/18/2015,5,1164554.784723473,1939388.511516442,41.98929863,-87.670104121,"(41.98929863013193, -87.67010412112992)"
MADISON AND WESTERN,1934,2400 W MADISON,05/15/2017,3,1160384.621277157,1899988.655722373,41.881270504,-87.68653594,"(41.88127050428818, -87.68653594017124)"
ADDISON AND HARLEM,1593,7200 W ADDISON,09/14/2014,3,1127417.488447099,1923123.407710965,41.945373358,-87.807070326,"(41.94537335809189, -87.80707032561135)"
AUSTIN AND IRVING PARK,1163,6000 W IRVING PARK ROAD,02/14/2017,2,1135622.402636023,1926014.192063646,41.953163772,-87.776842593,"(41.95316377185154, -87.77684259284736)"
ARCHER AND CICERO,2084,5400 S ARCHER AVE,08/30/2014,6,1145209.426392053,1869810.657411975,41.798758208,-87.743020541,"(41.798758207843264, -87.74302054146467)"
CALIFORNIA AND DIVERSEY,1511,2800 N CALIFORNIA AVE,04/06/2016,3,1157189.355049829,1918495.644754069,41.932120719,-87.6977653,"(41.93212071910647, -87.69776530036465)"
WESTERN AND MARQUETTE,2674,2400 W MARQUETTE ROAD,08/11/2014,3,1161509.889315231,1860208.627404126,41.772086214,-87.683508858,"(41.772086214104526, -87.68350885781568)"
ASHLAND AND 87TH,2454,1600 W 87TH ST,05/30/2017,6,1167171.941297436,1847064.855345151,41.735898617,-87.663128781,"(41.735898617066006, -87.66312878090133)"
LAWRENCE AND CICERO,1041,4800 N CICERO AVE,12/19/2016,9,1143464.651785526,1931490.551883203,41.968048007,-87.747875985,"(41.968048007293845, -87.74787598468126)"
AUSTIN AND IRVING PARK,1163,6000 W IRVING PARK ROAD,07/12/2015,5,1135622.402636023,1926014.192063646,41.953163772,-87.776842593,"(41.95316377185154, -87.77684259284736)"
ARCHER AND CICERO,2084,5400 S ARCHER AVE,03/13/2015,5,1145209.426392053,1869810.657411975,41.798758208,-87.743020541,"(41.798758207843264, -87.74302054146467)"
GRAND AND OAK PARK,1523,6800 W GRAND AVENUE,04/22/2017,4,1130668.89526974,1915248.469290467,41.923708193,-87.795300781,"(41.92370819286044, -87.79530078123082)"
ADDISON AND HARLEM,1593,7200 W ADDISON,12/13/2015,3,1127417.488447099,1923123.407710965,41.945373358,-87.807070326,"(41.94537335809189, -87.80707032561135)"
95TH AND STONEY ISLAND,2513,1600 E 95TH STREET,06/01/2015,3,1188537.746187743,1842339.840767953,41.722449457,-87.585003569,"(41.72244945701069, -87.58500356910938)"
LAWRENCE AND CICERO,1041,4800 N CICERO AVE,01/22/2015,6,1143464.651785526,1931490.551883203,41.968048007,-87.747875985,"(41.968048007293845, -87.74787598468126)"
87TH AND VINCENNES,2413,848 W 87TH STREET,05/05/2015,16,1172002.531006759,1847197.326168367,41.736157546,-87.6454274,"(41.73615754630335, -87.64542740049411)"
PULASKI AND FULLERTON,1484,4000 W FULLERTON AVE,05/18/2015,3,1149303.081963737,1915695.275222648,41.924593022,-87.726819268,"(41.92459302175305, -87.7268192684032)"
LAWRENCE AND CICERO,1041,4800 N CICERO AVE,01/02/2017,6,1143464.651785526,1931490.551883203,41.968048007,-87.747875985,"(41.968048007293845, -87.74787598468126)"
PULASKI AND BELMONT,1383,4000 W BELMONT AVE,06/21/2016,1,1149131.866894851,1921018.50498026,41.93920375,-87.727310134,"(41.93920374986553, -87.72731013414392)"
PULASKI AND CHICAGO,1982,800 N PULASKI ROAD,11/08/2015,1,1149538.444844035,1905079.034990625,41.895456457,-87.726230541,"(41.895456456825386, -87.72623054051289)"
RIDGE AND CLARK,1051,5930 N CLARK STREET,06/22/2016,8,1164554.784723473,1939388.511516442,41.98929863,-87.670104121,"(41.98929863013193, -87.67010412112992)"
PULASKI AND FULLERTON,1484,4000 W FULLERTON AVE,05/23/2016,4,1149303.081963737,1915695.275222648,41.924593022,-87.726819268,"(41.92459302175305, -87.7268192684032)"
RIDGE AND CLARK,1052,5930 N CLARK STREET,02/17/2017,7,1164554.784723473,1939388.511516442,41.98929863,-87.670104121,"(41.98929863013193, -87.67010412112992)"
KEDZIE AND 47TH,2101,4700 S KEDZIE AVE,05/14/2015,3,1155791.949302478,1873270.778481327,41.808047272,-87.704118822,"(41.80804727165029, -87.70411882229871)"
MADISON AND WESTERN,1934,2400 W MADISON,04/17/2015,1,1160384.621277157,1899988.655722373,41.881270504,-87.68653594,"(41.88127050428818, -87.68653594017124)"
95TH AND STONEY ISLAND,2513,1600 E 95TH STREET,12/23/2015,3,1188537.746187743,1842339.840767953,41.722449457,-87.585003569,"(41.72244945701069, -87.58500356910938)"
ASHLAND AND DIVISION,1793,1600 W DIVISION STREET,08/02/2016,4,1165489.684200442,1908112.312963909,41.903455316,-87.667558994,"(41.903455316483814, -87.66755899396976)"
LAWRENCE AND CICERO,1041,4800 N CICERO AVE,06/12/2016,4,1143464.651785526,1931490.551883203,41.968048007,-87.747875985,"(41.968048007293845, -87.74787598468126)"
ARCHER AND CICERO,2084,5400 S ARCHER AVE,09/07/2015,8,1145209.426392053,1869810.657411975,41.798758208,-87.743020541,"(41.798758207843264, -87.74302054146467)"
KEDZIE AND 47TH,2101,4700 S KEDZIE AVE,10/16/2014,1,1155791.949302478,1873270.778481327,41.808047272,-87.704118822,"(41.80804727165029, -87.70411882229871)"
CALIFORNIA AND DIVERSEY,1513,2800 W DIVERSEY,03/24/2017,2,1157212.54253358,1918526.674434943,41.932205395,-87.697679244,"(41.93220539506452, -87.6976792438691)"
MADISON AND WESTERN,1934,2400 W MADISON,12/07/2016,1,1160384.621277157,1899988.655722373,41.881270504,-87.68653594,"(41.88127050428818, -87.68653594017124)"
CICERO AND DIVERSEY,1691,2800 N CICERO AVENUE,07/06/2014,4,1143863.647574835,1918202.018463414,41.931575608,-87.746743301,"(41.93157560844622, -87.74674330113561)"
MADISON AND WESTERN,1934,2400 W MADISON,09/16/2015,1,1160384.621277157,1899988.655722373,41.881270504,-87.68653594,"(41.88127050428818, -87.68653594017124)"
MADISON AND CENTRAL,1754,5600 W MADISON STREET,12/25/2014,2,1139033.690528149,1899503.712147867,41.880354556,-87.764948136,"(41.88035455632559, -87.76494813634785)"
AUSTIN AND IRVING PARK,1163,6000 W IRVING PARK ROAD,08/28/2016,2,1135622.402636023,1926014.192063646,41.953163772,-87.776842593,"(41.95316377185154, -87.77684259284736)"
WESTERN AND 63RD,2371,6300 S WESTERN AVE,06/24/2016,1,1161415.712688877,1862772.38856596,41.779123484,-87.683783099,"(41.77912348383963, -87.68378309863576)"
AUSTIN AND IRVING PARK,1163,6000 W IRVING PARK ROAD,04/28/2015,2,1135622.402636023,1926014.192063646,41.953163772,-87.776842593,"(41.95316377185154, -87.77684259284736)"
95TH AND STONEY ISLAND,2514,1600 E 95TH STREET,08/03/2015,7,1188537.746187743,1842339.840767953,41.722449457,-87.585003569,"(41.72244945701069, -87.58500356910938)"
ARCHER AND CICERO,2084,5400 S ARCHER AVE,02/24/2017,9,1145209.426392053,1869810.657411975,41.798758208,-87.743020541,"(41.798758207843264, -87.74302054146467)"
PULASKI AND FULLERTON,1484,4000 W FULLERTON AVE,12/13/2014,2,1149303.081963737,1915695.275222648,41.924593022,-87.726819268,"(41.92459302175305, -87.7268192684032)"
MADISON AND WESTERN,1934,2400 W MADISON,10/17/2015,4,1160384.621277157,1899988.655722373,41.881270504,-87.68653594,"(41.88127050428818, -87.68653594017124)"
CALIFORNIA AND DIVERSEY,1511,2800 N CALIFORNIA AVE,08/27/2015,7,1157189.355049829,1918495.644754069,41.932120719,-87.6977653,"(41.93212071910647, -87.69776530036465)"
RIDGE AND CLARK,1052,5930 N CLARK STREET,03/07/2016,6,1164554.784723473,1939388.511516442,41.98929863,-87.670104121,"(41.98929863013193, -87.67010412112992)"
79TH AND KEDZIE,2442,7900 S KEDZIE AVE,06/04/2015,1,1156378.39667768,1852021.375281577,41.749723972,-87.702539572,"(41.749723971726056, -87.70253957167394)"
95TH AND STONEY ISLAND,2513,1600 E 95TH STREET,01/21/2016,5,1188537.746187743,1842339.840767953,41.722449457,-87.585003569,"(41.72244945701069, -87.58500356910938)"
HALSTED AND DIVISION,1711,1200 N HALSTED,02/26/2016,12,1170746.639428735,1908242.256010774,41.903698308,-87.648245351,"(41.90369830765008, -87.64824535062563)"
IRVING PARK AND LARAMIE,1533,5200 W IRVING PARK ROA,05/29/2017,2,,,,,
PETERSON AND WESTERN,1011,6000 N WESTERN AVE,02/13/2016,5,1159190.625032041,1939816.75471116,41.990586042,-87.689822473,"(41.99058604241958, -87.68982247294417)"
STONY ISLAND/CORNELL AND 67TH,2731,6700 S CORNELL DRIVE,12/25/2016,1,1188316.454860734,1860851.137456735,41.77325149,-87.5852246,"(41.77325148959568, -87.58522459967712)"
RIDGE AND CLARK,1052,5930 N CLARK STREET,12/09/2015,2,1164554.784723473,1939388.511516442,41.98929863,-87.670104121,"(41.98929863013193, -87.67010412112992)"
AUSTIN AND IRVING PARK,1163,6000 W IRVING PARK ROAD,04/24/2016,1,1135622.402636023,1926014.192063646,41.953163772,-87.776842593,"(41.95316377185154, -87.77684259284736)"
CALIFORNIA AND DIVERSEY,1511,2800 N CALIFORNIA AVE,09/05/2014,6,1157189.355049829,1918495.644754069,41.932120719,-87.6977653,"(41.93212071910647, -87.69776530036465)"
AUSTIN AND IRVING PARK,1163,6000 W IRVING PARK ROAD,09/17/2015,2,1135622.402636023,1926014.192063646,41.953163772,-87.776842593,"(41.95316377185154, -87.77684259284736)"
HALSTED AND DIVISION,1711,1200 N HALSTED,10/20/2014,2,1170746.639428735,1908242.256010774,41.903698308,-87.648245351,"(41.90369830765008, -87.64824535062563)"
CALIFORNIA AND DIVERSEY,1511,2800 N CALIFORNIA AVE,11/14/2014,2,1157189.355049829,1918495.644754069,41.932120719,-87.6977653,"(41.93212071910647, -87.69776530036465)"
PULASKI AND 79TH,2494,4000 W 79TH STREET,11/03/2015,8,1151074.116357501,1851966.830243835,41.749679359,-87.721978345,"(41.74967935883473, -87.72197834524168)"
CICERO AND DIVERSEY,1691,2800 N CICERO AVENUE,03/11/2016,3,1143863.647574835,1918202.018463414,41.931575608,-87.746743301,"(41.93157560844622, -87.74674330113561)"
LAWRENCE AND WESTERN,1192,4800 N WESTERN AVENUE,11/10/2016,6,1159459.622430471,1931821.342623414,41.968640727,-87.689054241,"(41.96864072747715, -87.6890542408374)"
RIDGE AND CLARK,1052,5930 N CLARK STREET,05/14/2017,4,1164554.784723473,1939388.511516442,41.98929863,-87.670104121,"(41.98929863013193, -87.67010412112992)"
SACRAMENTO AND CHICAGO,1812,800 N SACRAMENTO AVEN,01/19/2017,8,1156039.008141929,1905193.084100581,41.895640714,-87.702352328,"(41.89564071387542, -87.70235232767416)"
PULASKI AND 79TH,2494,4000 W 79TH STREET,12/16/2014,1,1151074.116357501,1851966.830243835,41.749679359,-87.721978345,"(41.74967935883473, -87.72197834524168)"
PETERSON AND WESTERN,1011,6000 N WESTERN AVE,01/05/2016,1,1159190.625032041,1939816.75471116,41.990586042,-87.689822473,"(41.99058604241958, -87.68982247294417)"
RIDGE AND CLARK,1051,5930 N CLARK STREET,11/05/2015,8,1164554.784723473,1939388.511516442,41.98929863,-87.670104121,"(41.98929863013193, -87.67010412112992)"
PULASKI AND 63RD,2343,4000 W 63RD ST,08/17/2014,6,1150768.346768175,1862564.615405259,41.77876739,-87.722823195,"(41.778767390084305, -87.72282319530368)"
HALSTED AND DIVISION,1711,1200 N HALSTED,07/18/2014,32,1170746.639428735,1908242.256010774,41.903698308,-87.648245351,"(41.90369830765008, -87.64824535062563)"
PULASKI AND FULLERTON,1484,4000 W FULLERTON AVE,06/29/2015,2,1149303.081963737,1915695.275222648,41.924593022,-87.726819268,"(41.92459302175305, -87.7268192684032)"
AUSTIN AND IRVING PARK,1163,6000 W IRVING PARK ROAD,10/20/2014,2,1135622.402636023,1926014.192063646,41.953163772,-87.776842593,"(41.95316377185154, -87.77684259284736)"
GRAND AND OAK PARK,1523,6800 W GRAND AVENUE,04/18/2017,4,1130668.89526974,1915248.469290467,41.923708193,-87.795300781,"(41.92370819286044, -87.79530078123082)"
HALSTED AND DIVISION,1711,1200 N HALSTED,06/25/2015,3,1170746.639428735,1908242.256010774,41.903698308,-87.648245351,"(41.90369830765008, -87.64824535062563)"
PULASKI AND FULLERTON,1481,2400 N PULASKI RD,10/11/2014,1,1149275.963864089,1915687.631931757,41.924572574,-87.726919111,"(41.92457257416937, -87.72691911144182)"
RIDGE AND CLARK,1051,5930 N CLARK STREET,07/16/2014,6,1164554.784723473,1939388.511516442,41.98929863,-87.670104121,"(41.98929863013193, -87.67010412112992)"
PULASKI AND FULLERTON,1481,2400 N PULASKI RD,11/07/2016,1,1149275.963864089,1915687.631931757,41.924572574,-87.726919111,"(41.92457257416937, -87.72691911144182)"
31ST AND CALIFORNIA,2061,3100 S CALIFORNIA,08/06/2014,2,1158151.943135347,1883939.950079683,41.83727705,-87.695172247,"(41.837277050366296, -87.69517224651918)"
95TH AND STONEY ISLAND,2513,1600 E 95TH STREET,01/23/2015,4,1188537.746187743,1842339.840767953,41.722449457,-87.585003569,"(41.72244945701069, -87.58500356910938)"
ADDISON AND HARLEM,1593,7200 W ADDISON,01/08/2015,1,1127417.488447099,1923123.407710965,41.945373358,-87.807070326,"(41.94537335809189, -87.80707032561135)"
AUSTIN AND ADDISON,1493,6000 W ADDISON STREET,11/18/2016,5,1135698.173154422,1923360.229527805,41.945879676,-87.776627421,"(41.94587967559099, -87.77662742093737)"
ASHLAND AND DIVISION,1793,1600 W DIVISION STREET,06/25/2016,1,1165489.684200442,1908112.312963909,41.903455316,-87.667558994,"(41.903455316483814, -87.66755899396976)"
PULASKI AND BELMONT,1383,4000 W BELMONT AVE,05/27/2017,3,1149131.866894851,1921018.50498026,41.93920375,-87.727310134,"(41.93920374986553, -87.72731013414392)"
AUSTIN AND IRVING PARK,1163,6000 W IRVING PARK ROAD,02/16/2015,2,1135622.402636023,1926014.192063646,41.953163772,-87.776842593,"(41.95316377185154, -87.77684259284736)"
CALIFORNIA AND DIVERSEY,1511,2800 N CALIFORNIA AVE,11/06/2015,4,1157189.355049829,1918495.644754069,41.932120719,-87.6977653,"(41.93212071910647, -87.69776530036465)"
79TH AND KEDZIE,2442,7900 S KEDZIE AVE,02/01/2015,1,1156378.39667768,1852021.375281577,41.749723972,-87.702539572,"(41.749723971726056, -87.70253957167394)"
LAWRENCE AND WESTERN,1192,4800 N WESTERN AVENUE,07/19/2014,5,1159459.622430471,1931821.342623414,41.968640727,-87.689054241,"(41.96864072747715, -87.6890542408374)"
WESTERN AND 63RD,2371,6300 S WESTERN AVE,09/20/2016,2,1161415.712688877,1862772.38856596,41.779123484,-87.683783099,"(41.77912348383963, -87.68378309863576)"
95TH AND STONEY ISLAND,2513,1600 E 95TH STREET,10/19/2015,2,1188537.746187743,1842339.840767953,41.722449457,-87.585003569,"(41.72244945701069, -87.58500356910938)"
KIMBALL AND LINCOLN,2741,6200 N KIMBALL AVENUE,07/27/2014,5,1152543.355058345,1940954.1008022,41.993841437,-87.714242493,"(41.99384143707685, -87.71424249302686)"
AUSTIN AND ADDISON,1493,6000 W ADDISON STREET,08/14/2015,2,1135698.173154422,1923360.229527805,41.945879676,-87.776627421,"(41.94587967559099, -87.77662742093737)"
HALSTED AND DIVISION,1711,1200 N HALSTED,04/17/2015,2,1170746.639428735,1908242.256010774,41.903698308,-87.648245351,"(41.90369830765008, -87.64824535062563)"
KOSTNER AND NORTH,2013,4400 W NORTH,05/29/2017,4,1146738.551618032,1910309.595368032,41.909863573,-87.736380296,"(41.90986357340246, -87.73638029605371)"
LAWRENCE AND WESTERN,1192,4800 N WESTERN AVENUE,10/07/2016,8,1159459.622430471,1931821.342623414,41.968640727,-87.689054241,"(41.96864072747715, -87.6890542408374)"
RIDGE AND CLARK,1051,5930 N CLARK STREET,08/01/2016,13,1164554.784723473,1939388.511516442,41.98929863,-87.670104121,"(41.98929863013193, -87.67010412112992)"
PULASKI AND FULLERTON,1484,4000 W FULLERTON AVE,08/18/2014,3,1149303.081963737,1915695.275222648,41.924593022,-87.726819268,"(41.92459302175305, -87.7268192684032)"
AUSTIN AND ADDISON,1493,6000 W ADDISON STREET,06/26/2015,1,1135698.173154422,1923360.229527805,41.945879676,-87.776627421,"(41.94587967559099, -87.77662742093737)"
87TH AND VINCENNES,2413,848 W 87TH STREET,03/20/2016,8,1172002.531006759,1847197.326168367,41.736157546,-87.6454274,"(41.73615754630335, -87.64542740049411)"
PULASKI AND FULLERTON,1484,4000 W FULLERTON AVE,10/04/2015,1,1149303.081963737,1915695.275222648,41.924593022,-87.726819268,"(41.92459302175305, -87.7268192684032)"
SACRAMENTO AND CHICAGO,1812,800 N SACRAMENTO AVEN,10/15/2014,1,1156039.008141929,1905193.084100581,41.895640714,-87.702352328,"(41.89564071387542, -87.70235232767416)"
PULASKI AND BELMONT,1383,4000 W BELMONT AVE,10/05/2014,1,1149131.866894851,1921018.50498026,41.93920375,-87.727310134,"(41.93920374986553, -87.72731013414392)"
AUSTIN AND IRVING PARK,1163,6000 W IRVING PARK ROAD,04/20/2015,2,1135622.402636023,1926014.192063646,41.953163772,-87.776842593,"(41.95316377185154, -87.77684259284736)"
RIDGE AND CLARK,1051,5930 N CLARK STREET,02/09/2015,5,1164554.784723473,1939388.511516442,41.98929863,-87.670104121,"(41.98929863013193, -87.67010412112992)"
CICERO AND DIVERSEY,1691,2800 N CICERO AVENUE,01/10/2015,2,1143863.647574835,1918202.018463414,41.931575608,-87.746743301,"(41.93157560844622, -87.74674330113561)"
LAWRENCE AND CICERO,1042,4800 N CICERO AVENUE,08/16/2016,10,1143464.651785526,1931490.551883203,41.968048007,-87.747875985,"(41.968048007293845, -87.74787598468126)"
LAWRENCE AND WESTERN,1192,4800 N WESTERN AVENUE,03/29/2015,2,1159459.622430471,1931821.342623414,41.968640727,-87.689054241,"(41.96864072747715, -87.6890542408374)"
PETERSON AND WESTERN,1011,6000 N WESTERN AVE,03/12/2017,5,1159190.625032041,1939816.75471116,41.990586042,-87.689822473,"(41.99058604241958, -87.68982247294417)"
RIDGE AND CLARK,1052,5930 N CLARK STREET,09/25/2015,3,1164554.784723473,1939388.511516442,41.98929863,-87.670104121,"(41.98929863013193, -87.67010412112992)"
KEDZIE AND 47TH,2101,4700 S KEDZIE AVE,07/01/2016,3,1155791.949302478,1873270.778481327,41.808047272,-87.704118822,"(41.80804727165029, -87.70411882229871)"
WESTERN AND MARQUETTE,2674,2400 W MARQUETTE ROAD,09/22/2014,4,1161509.889315231,1860208.627404126,41.772086214,-87.683508858,"(41.772086214104526, -87.68350885781568)"
ARCHER AND CICERO,2084,5400 S ARCHER AVE,08/07/2015,5,1145209.426392053,1869810.657411975,41.798758208,-87.743020541,"(41.798758207843264, -87.74302054146467)"
87TH AND VINCENNES,2413,848 W 87TH STREET,06/27/2016,18,1172002.531006759,1847197.326168367,41.736157546,-87.6454274,"(41.73615754630335, -87.64542740049411)"
KEDZIE AND 47TH,2101,4700 S KEDZIE AVE,03/11/2016,2,1155791.949302478,1873270.778481327,41.808047272,-87.704118822,"(41.80804727165029, -87.70411882229871)"
SACRAMENTO AND CHICAGO,1812,800 N SACRAMENTO AVEN,11/08/2016,3,1156039.008141929,1905193.084100581,41.895640714,-87.702352328,"(41.89564071387542, -87.70235232767416)"
PULASKI AND 79TH,2494,4000 W 79TH STREET,12/09/2014,2,1151074.116357501,1851966.830243835,41.749679359,-87.721978345,"(41.74967935883473, -87.72197834524168)"
PULASKI AND FULLERTON,1484,4000 W FULLERTON AVE,02/16/2017,7,1149303.081963737,1915695.275222648,41.924593022,-87.726819268,"(41.92459302175305, -87.7268192684032)"
AUSTIN AND ADDISON,1493,6000 W ADDISON STREET,03/31/2017,1,1135698.173154422,1923360.229527805,41.945879676,-87.776627421,"(41.94587967559099, -87.77662742093737)"
RIDGE AND CLARK,1052,5930 N CLARK STREET,08/24/2014,3,1164554.784723473,1939388.511516442,41.98929863,-87.670104121,"(41.98929863013193, -87.67010412112992)"
PULASKI AND 63RD,2343,4000 W 63RD ST,07/20/2015,1,1150768.346768175,1862564.615405259,41.77876739,-87.722823195,"(41.778767390084305, -87.72282319530368)"
CALIFORNIA AND DIVERSEY,1511,2800 N CALIFORNIA AVE,08/25/2014,2,1157189.355049829,1918495.644754069,41.932120719,-87.6977653,"(41.93212071910647, -87.69776530036465)"
MADISON AND CENTRAL,1754,5600 W MADISON STREET,09/20/2014,1,1139033.690528149,1899503.712147867,41.880354556,-87.764948136,"(41.88035455632559, -87.76494813634785)"
KEDZIE AND 47TH,2101,4700 S KEDZIE AVE,01/04/2015,1,1155791.949302478,1873270.778481327,41.808047272,-87.704118822,"(41.80804727165029, -87.70411882229871)"
PULASKI AND 63RD,2343,4000 W 63RD ST,11/09/2016,1,1150768.346768175,1862564.615405259,41.77876739,-87.722823195,"(41.778767390084305, -87.72282319530368)"
PETERSON AND WESTERN,1011,6000 N WESTERN AVE,05/19/2016,2,1159190.625032041,1939816.75471116,41.990586042,-87.689822473,"(41.99058604241958, -87.68982247294417)"
79TH AND KEDZIE,2442,7900 S KEDZIE AVE,10/23/2015,1,1156378.39667768,1852021.375281577,41.749723972,-87.702539572,"(41.749723971726056, -87.70253957167394)"
ARCHER AND CICERO,2084,5400 S ARCHER AVE,08/19/2015,4,1145209.426392053,1869810.657411975,41.798758208,-87.743020541,"(41.798758207843264, -87.74302054146467)"
ARCHER/NARRAGANSETT AND 55TH,2074,6400 W ARCHER AVE,02/22/2015,3,1134629.248133949,1867443.543796524,41.792455256,-87.78187685,"(41.79245525550523, -87.78187684987694)"
PULASKI AND CHICAGO,1982,800 N PULASKI ROAD,03/05/2016,3,1149538.444844035,1905079.034990625,41.895456457,-87.726230541,"(41.895456456825386, -87.72623054051289)"
PULASKI AND FULLERTON,1484,4000 W FULLERTON AVE,07/26/2015,6,1149303.081963737,1915695.275222648,41.924593022,-87.726819268,"(41.92459302175305, -87.7268192684032)"
KEDZIE AND 47TH,2101,4700 S KEDZIE AVE,11/01/2014,1,1155791.949302478,1873270.778481327,41.808047272,-87.704118822,"(41.80804727165029, -87.70411882229871)"
MILWAUKEE AND MONTROSE,1362,4400 N MILWAUKEE AVEN,05/04/2017,1,1141643.943268783,1928770.256316239,41.96061723,-87.75463824,"(41.9606172296957, -87.75463824007085)"
PULASKI AND 63RD,2343,4000 W 63RD ST,10/18/2014,1,1150768.346768175,1862564.615405259,41.77876739,-87.722823195,"(41.778767390084305, -87.72282319530368)"
LAWRENCE AND WESTERN,1192,4800 N WESTERN AVENUE,11/24/2016,4,1159459.622430471,1931821.342623414,41.968640727,-87.689054241,"(41.96864072747715, -87.6890542408374)"
RIDGE AND CLARK,1051,5930 N CLARK STREET,04/14/2017,2,1164554.784723473,1939388.511516442,41.98929863,-87.670104121,"(41.98929863013193, -87.67010412112992)"
PETERSON AND WESTERN,1011,6000 N WESTERN AVE,08/02/2014,1,1159190.625032041,1939816.75471116,41.990586042,-87.689822473,"(41.99058604241958, -87.68982247294417)"
PULASKI AND FULLERTON,1484,4000 W FULLERTON AVE,03/08/2017,5,1149303.081963737,1915695.275222648,41.924593022,-87.726819268,"(41.92459302175305, -87.7268192684032)"
PULASKI AND CHICAGO,1982,800 N PULASKI ROAD,08/18/2016,3,1149538.444844035,1905079.034990625,41.895456457,-87.726230541,"(41.895456456825386, -87.72623054051289)"
87TH AND VINCENNES,2413,848 W 87TH STREET,11/04/2015,8,1172002.531006759,1847197.326168367,41.736157546,-87.6454274,"(41.73615754630335, -87.64542740049411)"
PULASKI AND 63RD,2343,4000 W 63RD ST,08/20/2015,4,1150768.346768175,1862564.615405259,41.77876739,-87.722823195,"(41.778767390084305, -87.72282319530368)"
PULASKI AND 79TH,2492,7900 S PULASKI ROAD,04/07/2015,2,1151054.87395657,1851842.663854121,41.749339,-87.722052091,"(41.74933900008238, -87.72205209091501)"
SACRAMENTO AND CHICAGO,1812,800 N SACRAMENTO AVEN,03/28/2015,7,1156039.008141929,1905193.084100581,41.895640714,-87.702352328,"(41.89564071387542, -87.70235232767416)"
PULASKI AND FULLERTON,1484,4000 W FULLERTON AVE,09/10/2016,10,1149303.081963737,1915695.275222648,41.924593022,-87.726819268,"(41.92459302175305, -87.7268192684032)"
OGDEN AND KOSTNER,2222,2348 S KOSTNER AVENUE,05/04/2017,6,1147394.548182079,1887795.177782082,41.848068845,-87.734547457,"(41.8480688449598, -87.73454745748458)"
GRAND AND OAK PARK,1523,6800 W GRAND AVENUE,02/16/2017,7,1130668.89526974,1915248.469290467,41.923708193,-87.795300781,"(41.92370819286044, -87.79530078123082)"
95TH AND STONEY ISLAND,2513,1600 E 95TH STREET,10/09/2016,6,1188537.746187743,1842339.840767953,41.722449457,-87.585003569,"(41.72244945701069, -87.58500356910938)"
WESTERN AND MARQUETTE,2674,2400 W MARQUETTE ROAD,08/02/2015,11,1161509.889315231,1860208.627404126,41.772086214,-87.683508858,"(41.772086214104526, -87.68350885781568)"
PULASKI AND FULLERTON,1481,2400 N PULASKI RD,11/17/2016,2,1149275.963864089,1915687.631931757,41.924572574,-87.726919111,"(41.92457257416937, -87.72691911144182)"
GRAND AND OAK PARK,1524,6800 W GRAND AVENUE,10/23/2015,7,1130668.89526974,1915248.469290467,41.923708193,-87.795300781,"(41.92370819286044, -87.79530078123082)"
RIDGE AND CLARK,1051,5930 N CLARK STREET,02/10/2016,7,1164554.784723473,1939388.511516442,41.98929863,-87.670104121,"(41.98929863013193, -87.67010412112992)"
PETERSON AND WESTERN,1011,6000 N WESTERN AVE,09/30/2015,6,1159190.625032041,1939816.75471116,41.990586042,-87.689822473,"(41.99058604241958, -87.68982247294417)"
ASHLAND AND DIVISION,1793,1600 W DIVISION STREET,03/19/2017,4,1165489.684200442,1908112.312963909,41.903455316,-87.667558994,"(41.903455316483814, -87.66755899396976)"
PETERSON AND WESTERN,1011,6000 N WESTERN AVE,08/27/2016,3,1159190.625032041,1939816.75471116,41.990586042,-87.689822473,"(41.99058604241958, -87.68982247294417)"
ADDISON AND HARLEM,1593,7200 W ADDISON,07/24/2015,6,1127417.488447099,1923123.407710965,41.945373358,-87.807070326,"(41.94537335809189, -87.80707032561135)"
LAWRENCE AND WESTERN,1192,4800 N WESTERN AVENUE,01/20/2016,2,1159459.622430471,1931821.342623414,41.968640727,-87.689054241,"(41.96864072747715, -87.6890542408374)"
ADDISON AND HARLEM,1593,7200 W ADDISON,11/08/2015,1,1127417.488447099,1923123.407710965,41.945373358,-87.807070326,"(41.94537335809189, -87.80707032561135)"
PULASKI AND 63RD,2343,4000 W 63RD ST,11/30/2015,1,1150768.346768175,1862564.615405259,41.77876739,-87.722823195,"(41.778767390084305, -87.72282319530368)"
RIDGE AND CLARK,1052,5930 N CLARK STREET,05/19/2017,2,1164554.784723473,1939388.511516442,41.98929863,-87.670104121,"(41.98929863013193, -87.67010412112992)"
ARCHER/NARRAGANSETT AND 55TH,2073,6400 W ARCHER AVE,09/15/2014,8,1134629.248133949,1867443.543796524,41.792455256,-87.78187685,"(41.79245525550523, -87.78187684987694)"
HALSTED AND DIVISION,1711,1200 N HALSTED,12/09/2016,7,1170746.639428735,1908242.256010774,41.903698308,-87.648245351,"(41.90369830765008, -87.64824535062563)"
CALIFORNIA AND DIVERSEY,1511,2800 N CALIFORNIA AVE,11/03/2014,2,1157189.355049829,1918495.644754069,41.932120719,-87.6977653,"(41.93212071910647, -87.69776530036465)"
87TH AND VINCENNES,2413,848 W 87TH STREET,02/25/2016,11,1172002.531006759,1847197.326168367,41.736157546,-87.6454274,"(41.73615754630335, -87.64542740049411)"
PULASKI AND 79TH,2492,7900 S PULASKI ROAD,07/14/2015,1,1151054.87395657,1851842.663854121,41.749339,-87.722052091,"(41.74933900008238, -87.72205209091501)"
RIDGE AND CLARK,1051,5930 N CLARK STREET,05/16/2016,9,1164554.784723473,1939388.511516442,41.98929863,-87.670104121,"(41.98929863013193, -87.67010412112992)"
GRAND AND OAK PARK,1524,6800 W GRAND AVENUE,09/01/2014,4,1130668.89526974,1915248.469290467,41.923708193,-87.795300781,"(41.92370819286044, -87.79530078123082)"
WESTERN AND 63RD,2371,6300 S WESTERN AVE,06/13/2016,2,1161415.712688877,1862772.38856596,41.779123484,-87.683783099,"(41.77912348383963, -87.68378309863576)"
GRAND AND OAK PARK,1523,6800 W GRAND AVENUE,09/08/2016,7,1130668.89526974,1915248.469290467,41.923708193,-87.795300781,"(41.92370819286044, -87.79530078123082)"
PULASKI AND 79TH,2494,4000 W 79TH STREET,07/08/2016,7,1151074.116357501,1851966.830243835,41.749679359,-87.721978345,"(41.74967935883473, -87.72197834524168)"
MILWAUKEE AND MONTROSE,1362,4400 N MILWAUKEE AVEN,12/24/2016,6,1141643.943268783,1928770.256316239,41.96061723,-87.75463824,"(41.9606172296957, -87.75463824007085)"
ASHLAND AND DIVISION,1793,1600 W DIVISION STREET,01/29/2017,4,1165489.684200442,1908112.312963909,41.903455316,-87.667558994,"(41.903455316483814, -87.66755899396976)"
87TH AND VINCENNES,2413,848 W 87TH STREET,04/08/2017,12,1172002.531006759,1847197.326168367,41.736157546,-87.6454274,"(41.73615754630335, -87.64542740049411)"
PETERSON AND WESTERN,1011,6000 N WESTERN AVE,04/14/2017,7,1159190.625032041,1939816.75471116,41.990586042,-87.689822473,"(41.99058604241958, -87.68982247294417)"
ARCHER AND CICERO,2084,5400 S ARCHER AVE,09/06/2016,11,1145209.426392053,1869810.657411975,41.798758208,-87.743020541,"(41.798758207843264, -87.74302054146467)"
GRAND AND OAK PARK,1524,6800 W GRAND AVENUE,12/28/2015,1,1130668.89526974,1915248.469290467,41.923708193,-87.795300781,"(41.92370819286044, -87.79530078123082)"
LAWRENCE AND CICERO,1042,4800 N CICERO AVENUE,05/20/2017,1,1143464.651785526,1931490.551883203,41.968048007,-87.747875985,"(41.968048007293845, -87.74787598468126)"
PULASKI AND FULLERTON,1484,4000 W FULLERTON AVE,12/05/2015,3,1149303.081963737,1915695.275222648,41.924593022,-87.726819268,"(41.92459302175305, -87.7268192684032)"
PULASKI AND 79TH,2492,7900 S PULASKI ROAD,02/10/2017,4,1151054.87395657,1851842.663854121,41.749339,-87.722052091,"(41.74933900008238, -87.72205209091501)"
PULASKI AND 63RD,2343,4000 W 63RD ST,08/25/2016,4,1150768.346768175,1862564.615405259,41.77876739,-87.722823195,"(41.778767390084305, -87.72282319530368)"
CICERO AND HARRISON,2022,600 S CICERO AVENUE,12/24/2016,8,1144444.97442848,1896894.622216872,41.873094833,-87.745143869,"(41.873094832519136, -87.74514386884542)"
PULASKI AND BELMONT,1383,4000 W BELMONT AVE,05/11/2016,2,1149131.866894851,1921018.50498026,41.93920375,-87.727310134,"(41.93920374986553, -87.72731013414392)"
PULASKI AND MONTROSE,1292,4400 N PULASKI ROAD,09/03/2014,1,1148894.146173785,1928968.481843755,41.961023721,-87.727977456,"(41.961023721270585, -87.72797745595682)"
HALSTED AND DIVISION,1711,1200 N HALSTED,03/12/2016,14,1170746.639428735,1908242.256010774,41.903698308,-87.648245351,"(41.90369830765008, -87.64824535062563)"
MADISON AND CENTRAL,1754,5600 W MADISON STREET,09/05/2014,2,1139033.690528149,1899503.712147867,41.880354556,-87.764948136,"(41.88035455632559, -87.76494813634785)"
LAWRENCE AND CICERO,1042,4800 N CICERO AVENUE,12/27/2016,3,1143464.651785526,1931490.551883203,41.968048007,-87.747875985,"(41.968048007293845, -87.74787598468126)"
KEDZIE AND 47TH,2101,4700 S KEDZIE AVE,06/11/2016,7,1155791.949302478,1873270.778481327,41.808047272,-87.704118822,"(41.80804727165029, -87.70411882229871)"
AUSTIN AND ADDISON,1493,6000 W ADDISON STREET,03/13/2017,1,1135698.173154422,1923360.229527805,41.945879676,-87.776627421,"(41.94587967559099, -87.77662742093737)"
ARCHER/NARRAGANSETT AND 55TH,2073,6400 W ARCHER AVE,12/14/2014,11,1134629.248133949,1867443.543796524,41.792455256,-87.78187685,"(41.79245525550523, -87.78187684987694)"
AUSTIN AND ADDISON,1493,6000 W ADDISON STREET,05/20/2015,2,1135698.173154422,1923360.229527805,41.945879676,-87.776627421,"(41.94587967559099, -87.77662742093737)"
RIDGE AND CLARK,1052,5930 N CLARK STREET,03/14/2015,8,1164554.784723473,1939388.511516442,41.98929863,-87.670104121,"(41.98929863013193, -87.67010412112992)"
WESTERN AND MARQUETTE,2674,2400 W MARQUETTE ROAD,07/31/2016,8,1161509.889315231,1860208.627404126,41.772086214,-87.683508858,"(41.772086214104526, -87.68350885781568)"
LAWRENCE AND CICERO,1042,4800 N CICERO AVENUE,08/30/2016,6,1143464.651785526,1931490.551883203,41.968048007,-87.747875985,"(41.968048007293845, -87.74787598468126)"
AUSTIN AND ADDISON,1493,6000 W ADDISON STREET,08/08/2014,1,1135698.173154422,1923360.229527805,41.945879676,-87.776627421,"(41.94587967559099, -87.77662742093737)"
ASHLAND AND DIVISION,1793,1600 W DIVISION STREET,12/30/2015,2,1165489.684200442,1908112.312963909,41.903455316,-87.667558994,"(41.903455316483814, -87.66755899396976)"
HALSTED AND DIVISION,1711,1200 N HALSTED,02/03/2015,4,1170746.639428735,1908242.256010774,41.903698308,-87.648245351,"(41.90369830765008, -87.64824535062563)"
PETERSON AND WESTERN,1011,6000 N WESTERN AVE,11/07/2014,2,1159190.625032041,1939816.75471116,41.990586042,-87.689822473,"(41.99058604241958, -87.68982247294417)"
95TH AND STONEY ISLAND,2513,1600 E 95TH STREET,08/26/2016,9,1188537.746187743,1842339.840767953,41.722449457,-87.585003569,"(41.72244945701069, -87.58500356910938)"
PULASKI AND 79TH,2494,4000 W 79TH STREET,03/07/2017,2,1151074.116357501,1851966.830243835,41.749679359,-87.721978345,"(41.74967935883473, -87.72197834524168)"
PULASKI AND 79TH,2492,7900 S PULASKI ROAD,10/28/2015,5,1151054.87395657,1851842.663854121,41.749339,-87.722052091,"(41.74933900008238, -87.72205209091501)"
95TH AND STONEY ISLAND,2514,1600 E 95TH STREET,02/11/2015,2,1188537.746187743,1842339.840767953,41.722449457,-87.585003569,"(41.72244945701069, -87.58500356910938)"
87TH AND VINCENNES,2413,848 W 87TH STREET,02/27/2015,3,1172002.531006759,1847197.326168367,41.736157546,-87.6454274,"(41.73615754630335, -87.64542740049411)"
PULASKI AND 79TH,2492,7900 S PULASKI ROAD,10/20/2016,3,1151054.87395657,1851842.663854121,41.749339,-87.722052091,"(41.74933900008238, -87.72205209091501)"
WESTERN AND 63RD,2371,6300 S WESTERN AVE,07/19/2014,9,1161415.712688877,1862772.38856596,41.779123484,-87.683783099,"(41.77912348383963, -87.68378309863576)"
WESTERN AND MARQUETTE,2674,2400 W MARQUETTE ROAD,07/05/2014,4,1161509.889315231,1860208.627404126,41.772086214,-87.683508858,"(41.772086214104526, -87.68350885781568)"
LAWRENCE AND WESTERN,1192,4800 N WESTERN AVENUE,09/16/2016,2,1159459.622430471,1931821.342623414,41.968640727,-87.689054241,"(41.96864072747715, -87.6890542408374)"
PULASKI AND 79TH,2492,7900 S PULASKI ROAD,11/09/2016,2,1151054.87395657,1851842.663854121,41.749339,-87.722052091,"(41.74933900008238, -87.72205209091501)"
AUSTIN AND ADDISON,1493,6000 W ADDISON STREET,12/20/2015,2,1135698.173154422,1923360.229527805,41.945879676,-87.776627421,"(41.94587967559099, -87.77662742093737)"
ASHLAND AND DIVISION,1793,1600 W DIVISION STREET,11/29/2016,2,1165489.684200442,1908112.312963909,41.903455316,-87.667558994,"(41.903455316483814, -87.66755899396976)"
LAWRENCE AND WESTERN,1192,4800 N WESTERN AVENUE,04/27/2017,2,1159459.622430471,1931821.342623414,41.968640727,-87.689054241,"(41.96864072747715, -87.6890542408374)"
PULASKI AND FULLERTON,1481,2400 N PULASKI RD,09/26/2014,1,1149275.963864089,1915687.631931757,41.924572574,-87.726919111,"(41.92457257416937, -87.72691911144182)"
PULASKI AND FULLERTON,1481,2400 N PULASKI RD,12/14/2014,2,1149275.963864089,1915687.631931757,41.924572574,-87.726919111,"(41.92457257416937, -87.72691911144182)"
PULASKI AND FULLERTON,1484,4000 W FULLERTON AVE,05/05/2016,1,1149303.081963737,1915695.275222648,41.924593022,-87.726819268,"(41.92459302175305, -87.7268192684032)"
PULASKI AND 79TH,2492,7900 S PULASKI ROAD,12/13/2014,3,1151054.87395657,1851842.663854121,41.749339,-87.722052091,"(41.74933900008238, -87.72205209091501)"
ADDISON AND HARLEM,1593,7200 W ADDISON,04/05/2016,1,1127417.488447099,1923123.407710965,41.945373358,-87.807070326,"(41.94537335809189, -87.80707032561135)"
ARCHER AND CICERO,2084,5400 S ARCHER AVE,04/20/2017,2,1145209.426392053,1869810.657411975,41.798758208,-87.743020541,"(41.798758207843264, -87.74302054146467)"
WESTERN AND CERMAK,1003,2400 W CERMAK ROAD,12/25/2016,1,1160678.000607329,1889375.645335924,41.852141307,-87.685752642,"(41.85214130680468, -87.6857526415569)"
CICERO AND DIVERSEY,1691,2800 N CICERO AVENUE,08/17/2016,5,1143863.647574835,1918202.018463414,41.931575608,-87.746743301,"(41.93157560844622, -87.74674330113561)"
PULASKI AND FULLERTON,1484,4000 W FULLERTON AVE,07/31/2016,6,1149303.081963737,1915695.275222648,41.924593022,-87.726819268,"(41.92459302175305, -87.7268192684032)"
WESTERN AND 63RD,2371,6300 S WESTERN AVE,04/10/2017,2,1161415.712688877,1862772.38856596,41.779123484,-87.683783099,"(41.77912348383963, -87.68378309863576)"
MADISON AND WESTERN,1934,2400 W MADISON,06/17/2015,3,1160384.621277157,1899988.655722373,41.881270504,-87.68653594,"(41.88127050428818, -87.68653594017124)"
PULASKI AND BELMONT,1383,4000 W BELMONT AVE,10/30/2016,1,1149131.866894851,1921018.50498026,41.93920375,-87.727310134,"(41.93920374986553, -87.72731013414392)"
GRAND AND OAK PARK,1524,6800 W GRAND AVENUE,07/06/2016,14,1130668.89526974,1915248.469290467,41.923708193,-87.795300781,"(41.92370819286044, -87.79530078123082)"
GRAND AND OAK PARK,1523,6800 W GRAND AVENUE,11/13/2015,3,1130668.89526974,1915248.469290467,41.923708193,-87.795300781,"(41.92370819286044, -87.79530078123082)"
SACRAMENTO AND CHICAGO,1812,800 N SACRAMENTO AVEN,12/17/2015,7,1156039.008141929,1905193.084100581,41.895640714,-87.702352328,"(41.89564071387542, -87.70235232767416)"
95TH AND STONEY ISLAND,2513,1600 E 95TH STREET,05/20/2017,3,1188537.746187743,1842339.840767953,41.722449457,-87.585003569,"(41.72244945701069, -87.58500356910938)"
LAWRENCE AND CICERO,1041,4800 N CICERO AVE,05/13/2016,6,1143464.651785526,1931490.551883203,41.968048007,-87.747875985,"(41.968048007293845, -87.74787598468126)"
PULASKI AND CHICAGO,1982,800 N PULASKI ROAD,08/03/2015,3,1149538.444844035,1905079.034990625,41.895456457,-87.726230541,"(41.895456456825386, -87.72623054051289)"
ARCHER AND CICERO,2084,5400 S ARCHER AVE,11/11/2014,7,1145209.426392053,1869810.657411975,41.798758208,-87.743020541,"(41.798758207843264, -87.74302054146467)"
GRAND AND OAK PARK,1523,6800 W GRAND AVENUE,03/08/2016,4,1130668.89526974,1915248.469290467,41.923708193,-87.795300781,"(41.92370819286044, -87.79530078123082)"
AUSTIN AND ADDISON,1493,6000 W ADDISON STREET,09/16/2014,4,1135698.173154422,1923360.229527805,41.945879676,-87.776627421,"(41.94587967559099, -87.77662742093737)"
MADISON AND WESTERN,1934,2400 W MADISON,03/21/2016,1,1160384.621277157,1899988.655722373,41.881270504,-87.68653594,"(41.88127050428818, -87.68653594017124)"
PULASKI AND 79TH,2494,4000 W 79TH STREET,10/26/2016,1,1151074.116357501,1851966.830243835,41.749679359,-87.721978345,"(41.74967935883473, -87.72197834524168)"
95TH AND STONEY ISLAND,2513,1600 E 95TH STREET,02/25/2017,6,1188537.746187743,1842339.840767953,41.722449457,-87.585003569,"(41.72244945701069, -87.58500356910938)"
ASHLAND AND DIVISION,1793,1600 W DIVISION STREET,08/09/2016,2,1165489.684200442,1908112.312963909,41.903455316,-87.667558994,"(41.903455316483814, -87.66755899396976)"
63RD AND STATE,2714,1 E 63RD ST,05/04/2017,10,1177367.518733101,1863199.17768559,41.779949105,-87.625289553,"(41.779949104569106, -87.62528955333775)"
87TH AND VINCENNES,2413,848 W 87TH STREET,05/31/2015,12,1172002.531006759,1847197.326168367,41.736157546,-87.6454274,"(41.73615754630335, -87.64542740049411)"
87TH AND VINCENNES,2413,848 W 87TH STREET,03/30/2015,6,1172002.531006759,1847197.326168367,41.736157546,-87.6454274,"(41.73615754630335, -87.64542740049411)"
95TH AND STONEY ISLAND,2514,1600 E 95TH STREET,10/11/2016,4,1188537.746187743,1842339.840767953,41.722449457,-87.585003569,"(41.72244945701069, -87.58500356910938)"
AUSTIN AND IRVING PARK,1163,6000 W IRVING PARK ROAD,05/06/2017,1,1135622.402636023,1926014.192063646,41.953163772,-87.776842593,"(41.95316377185154, -87.77684259284736)"
ADDISON AND HARLEM,1593,7200 W ADDISON,08/17/2015,6,1127417.488447099,1923123.407710965,41.945373358,-87.807070326,"(41.94537335809189, -87.80707032561135)"
ADDISON AND HARLEM,1593,7200 W ADDISON,10/26/2014,1,1127417.488447099,1923123.407710965,41.945373358,-87.807070326,"(41.94537335809189, -87.80707032561135)"
PETERSON AND WESTERN,1011,6000 N WESTERN AVE,05/08/2017,4,1159190.625032041,1939816.75471116,41.990586042,-87.689822473,"(41.99058604241958, -87.68982247294417)"
MADISON AND WESTERN,1934,2400 W MADISON,02/10/2015,2,1160384.621277157,1899988.655722373,41.881270504,-87.68653594,"(41.88127050428818, -87.68653594017124)"
PULASKI AND 79TH,2494,4000 W 79TH STREET,12/01/2016,7,1151074.116357501,1851966.830243835,41.749679359,-87.721978345,"(41.74967935883473, -87.72197834524168)"
AUSTIN AND ADDISON,1493,6000 W ADDISON STREET,10/29/2015,3,1135698.173154422,1923360.229527805,41.945879676,-87.776627421,"(41.94587967559099, -87.77662742093737)"
KEDZIE AND 47TH,2101,4700 S KEDZIE AVE,11/05/2016,9,1155791.949302478,1873270.778481327,41.808047272,-87.704118822,"(41.80804727165029, -87.70411882229871)"
AUSTIN AND IRVING PARK,1163,6000 W IRVING PARK ROAD,09/06/2016,3,1135622.402636023,1926014.192063646,41.953163772,-87.776842593,"(41.95316377185154, -87.77684259284736)"
PULASKI AND 79TH,2492,7900 S PULASKI ROAD,01/12/2015,5,1151054.87395657,1851842.663854121,41.749339,-87.722052091,"(41.74933900008238, -87.72205209091501)"
CALIFORNIA AND DIVERSEY,1511,2800 N CALIFORNIA AVE,03/05/2016,6,1157189.355049829,1918495.644754069,41.932120719,-87.6977653,"(41.93212071910647, -87.69776530036465)"
GRAND AND OAK PARK,1524,6800 W GRAND AVENUE,02/19/2017,5,1130668.89526974,1915248.469290467,41.923708193,-87.795300781,"(41.92370819286044, -87.79530078123082)"
KEDZIE AND 47TH,2101,4700 S KEDZIE AVE,09/12/2016,7,1155791.949302478,1873270.778481327,41.808047272,-87.704118822,"(41.80804727165029, -87.70411882229871)"
PULASKI AND FULLERTON,1481,2400 N PULASKI RD,09/21/2016,1,1149275.963864089,1915687.631931757,41.924572574,-87.726919111,"(41.92457257416937, -87.72691911144182)"
ADDISON AND HARLEM,1593,7200 W ADDISON,08/16/2014,1,1127417.488447099,1923123.407710965,41.945373358,-87.807070326,"(41.94537335809189, -87.80707032561135)"
RIDGE AND CLARK,1052,5930 N CLARK STREET,12/08/2014,2,1164554.784723473,1939388.511516442,41.98929863,-87.670104121,"(41.98929863013193, -87.67010412112992)"
KEDZIE AND 47TH,2101,4700 S KEDZIE AVE,12/14/2016,4,1155791.949302478,1873270.778481327,41.808047272,-87.704118822,"(41.80804727165029, -87.70411882229871)"
ARCHER/NARRAGANSETT AND 55TH,2073,6400 W ARCHER AVE,12/01/2014,10,1134629.248133949,1867443.543796524,41.792455256,-87.78187685,"(41.79245525550523, -87.78187684987694)"
AUSTIN AND ADDISON,1493,6000 W ADDISON STREET,03/15/2016,2,1135698.173154422,1923360.229527805,41.945879676,-87.776627421,"(41.94587967559099, -87.77662742093737)"
LAWRENCE AND WESTERN,1192,4800 N WESTERN AVENUE,03/25/2015,3,1159459.622430471,1931821.342623414,41.968640727,-87.689054241,"(41.96864072747715, -87.6890542408374)"
CALIFORNIA AND DIVERSEY,1511,2800 N CALIFORNIA AVE,11/03/2015,4,1157189.355049829,1918495.644754069,41.932120719,-87.6977653,"(41.93212071910647, -87.69776530036465)"
KIMBALL AND LINCOLN,2741,6200 N KIMBALL AVENUE,09/24/2014,2,1152543.355058345,1940954.1008022,41.993841437,-87.714242493,"(41.99384143707685, -87.71424249302686)"
PULASKI AND 79TH,2492,7900 S PULASKI ROAD,07/08/2015,2,1151054.87395657,1851842.663854121,41.749339,-87.722052091,"(41.74933900008238, -87.72205209091501)"
ADDISON AND HARLEM,1593,7200 W ADDISON,02/27/2017,2,1127417.488447099,1923123.407710965,41.945373358,-87.807070326,"(41.94537335809189, -87.80707032561135)"
CICERO AND DIVERSEY,1691,2800 N CICERO AVENUE,10/19/2016,4,1143863.647574835,1918202.018463414,41.931575608,-87.746743301,"(41.93157560844622, -87.74674330113561)"
PULASKI AND FULLERTON,1484,4000 W FULLERTON AVE,08/14/2016,8,1149303.081963737,1915695.275222648,41.924593022,-87.726819268,"(41.92459302175305, -87.7268192684032)"
WESTERN AND 71ST,2614,2400 W 71ST STREET,05/04/2017,1,1161584.506819846,1857557.788853485,41.764810388,-87.683308769,"(41.76481038827884, -87.68330876944678)"
87TH AND VINCENNES,2413,848 W 87TH STREET,10/29/2014,5,1172002.531006759,1847197.326168367,41.736157546,-87.6454274,"(41.73615754630335, -87.64542740049411)"
LAWRENCE AND CICERO,1042,4800 N CICERO AVENUE,10/03/2016,5,1143464.651785526,1931490.551883203,41.968048007,-87.747875985,"(41.968048007293845, -87.74787598468126)"
PULASKI AND BELMONT,1383,4000 W BELMONT AVE,11/24/2016,1,1149131.866894851,1921018.50498026,41.93920375,-87.727310134,"(41.93920374986553, -87.72731013414392)"
WESTERN AND 63RD,2371,6300 S WESTERN AVE,05/26/2016,1,1161415.712688877,1862772.38856596,41.779123484,-87.683783099,"(41.77912348383963, -87.68378309863576)"
LAWRENCE AND CICERO,1042,4800 N CICERO AVENUE,03/15/2016,4,1143464.651785526,1931490.551883203,41.968048007,-87.747875985,"(41.968048007293845, -87.74787598468126)"
95TH AND STONEY ISLAND,2513,1600 E 95TH STREET,05/23/2016,4,1188537.746187743,1842339.840767953,41.722449457,-87.585003569,"(41.72244945701069, -87.58500356910938)"
ASHLAND AND DIVISION,1793,1600 W DIVISION STREET,03/29/2017,1,1165489.684200442,1908112.312963909,41.903455316,-87.667558994,"(41.903455316483814, -87.66755899396976)"
CALIFORNIA AND DIVERSEY,1511,2800 N CALIFORNIA AVE,04/05/2015,6,1157189.355049829,1918495.644754069,41.932120719,-87.6977653,"(41.93212071910647, -87.69776530036465)"
CICERO AND DIVERSEY,1691,2800 N CICERO AVENUE,12/01/2016,3,1143863.647574835,1918202.018463414,41.931575608,-87.746743301,"(41.93157560844622, -87.74674330113561)"
PULASKI AND 79TH,2494,4000 W 79TH STREET,07/27/2015,2,1151074.116357501,1851966.830243835,41.749679359,-87.721978345,"(41.74967935883473, -87.72197834524168)"
SACRAMENTO AND CHICAGO,1812,800 N SACRAMENTO AVEN,01/08/2015,2,1156039.008141929,1905193.084100581,41.895640714,-87.702352328,"(41.89564071387542, -87.70235232767416)"
AUSTIN AND ADDISON,1493,6000 W ADDISON STREET,06/15/2015,2,1135698.173154422,1923360.229527805,41.945879676,-87.776627421,"(41.94587967559099, -87.77662742093737)"
PETERSON AND WESTERN,1011,6000 N WESTERN AVE,11/06/2015,1,1159190.625032041,1939816.75471116,41.990586042,-87.689822473,"(41.99058604241958, -87.68982247294417)"
HALSTED AND DIVISION,1711,1200 N HALSTED,11/26/2016,8,1170746.639428735,1908242.256010774,41.903698308,-87.648245351,"(41.90369830765008, -87.64824535062563)"
IRVING PARK AND NARRAGANSETT,1024,6400 W IRVING PK,03/24/2017,2,1132945.939118726,1925946.304925137,41.953024751,-87.786683238,"(41.95302475075328, -87.78668323766634)"
KEDZIE AND 47TH,2101,4700 S KEDZIE AVE,04/05/2017,4,1155791.949302478,1873270.778481327,41.808047272,-87.704118822,"(41.80804727165029, -87.70411882229871)"
KEDZIE AND 47TH,2101,4700 S KEDZIE AVE,10/28/2015,3,1155791.949302478,1873270.778481327,41.808047272,-87.704118822,"(41.80804727165029, -87.70411882229871)"
PULASKI AND 79TH,2492,7900 S PULASKI ROAD,04/28/2015,3,1151054.87395657,1851842.663854121,41.749339,-87.722052091,"(41.74933900008238, -87.72205209091501)"
RIDGE AND CLARK,1051,5930 N CLARK STREET,03/19/2015,4,1164554.784723473,1939388.511516442,41.98929863,-87.670104121,"(41.98929863013193, -87.67010412112992)"
PULASKI AND 79TH,2494,4000 W 79TH STREET,10/04/2015,5,1151074.116357501,1851966.830243835,41.749679359,-87.721978345,"(41.74967935883473, -87.72197834524168)"
HALSTED AND DIVISION,1711,1200 N HALSTED,10/18/2014,5,1170746.639428735,1908242.256010774,41.903698308,-87.648245351,"(41.90369830765008, -87.64824535062563)"
HAMLIN AND MADISON,1901,0 N HAMLIN BOULEVARD,04/18/2017,6,,,,,
WESTERN AND 63RD,2371,6300 S WESTERN AVE,10/12/2016,3,1161415.712688877,1862772.38856596,41.779123484,-87.683783099,"(41.77912348383963, -87.68378309863576)"
LAWRENCE AND CICERO,1042,4800 N CICERO AVENUE,09/18/2016,9,1143464.651785526,1931490.551883203,41.968048007,-87.747875985,"(41.968048007293845, -87.74787598468126)"
ASHLAND AND DIVISION,1793,1600 W DIVISION STREET,09/15/2014,3,1165489.684200442,1908112.312963909,41.903455316,-87.667558994,"(41.903455316483814, -87.66755899396976)"
ADDISON AND HARLEM,1593,7200 W ADDISON,10/18/2016,1,1127417.488447099,1923123.407710965,41.945373358,-87.807070326,"(41.94537335809189, -87.80707032561135)"
COTTAGE GROVE AND 95TH,2602,9500 S COTTAGE GROVE,11/11/2014,4,1183531.307692447,1842122.302108743,41.721970465,-87.60334804,"(41.72197046522736, -87.60334804007711)"
RIDGE AND CLARK,1051,5930 N CLARK STREET,09/07/2016,10,1164554.784723473,1939388.511516442,41.98929863,-87.670104121,"(41.98929863013193, -87.67010412112992)"
GARFIELD AND ASHLAND,2274,1600 W GARFIELD BLVD,10/31/2014,2,1166593.072608676,1868281.842213365,41.79413322,-87.664645263,"(41.79413322022423, -87.66464526320254)"
WESTERN AND MARQUETTE,2674,2400 W MARQUETTE ROAD,11/16/2014,1,1161509.889315231,1860208.627404126,41.772086214,-87.683508858,"(41.772086214104526, -87.68350885781568)"
HALSTED AND DIVISION,1711,1200 N HALSTED,08/28/2015,8,1170746.639428735,1908242.256010774,41.903698308,-87.648245351,"(41.90369830765008, -87.64824535062563)"
WESTERN AND 63RD,2371,6300 S WESTERN AVE,10/26/2014,2,1161415.712688877,1862772.38856596,41.779123484,-87.683783099,"(41.77912348383963, -87.68378309863576)"
LAWRENCE AND CICERO,1042,4800 N CICERO AVENUE,10/14/2015,3,1143464.651785526,1931490.551883203,41.968048007,-87.747875985,"(41.968048007293845, -87.74787598468126)"
GRAND AND OAK PARK,1523,6800 W GRAND AVENUE,04/15/2015,6,1130668.89526974,1915248.469290467,41.923708193,-87.795300781,"(41.92370819286044, -87.79530078123082)"
AUSTIN AND ADDISON,1493,6000 W ADDISON STREET,11/19/2014,3,1135698.173154422,1923360.229527805,41.945879676,-87.776627421,"(41.94587967559099, -87.77662742093737)"
95TH AND STONEY ISLAND,2514,1600 E 95TH STREET,07/30/2015,8,1188537.746187743,1842339.840767953,41.722449457,-87.585003569,"(41.72244945701069, -87.58500356910938)"
SACRAMENTO AND CHICAGO,1812,800 N SACRAMENTO AVEN,07/27/2014,12,1156039.008141929,1905193.084100581,41.895640714,-87.702352328,"(41.89564071387542, -87.70235232767416)"
CALIFORNIA AND DIVERSEY,1511,2800 N CALIFORNIA AVE,04/07/2015,3,1157189.355049829,1918495.644754069,41.932120719,-87.6977653,"(41.93212071910647, -87.69776530036465)"
79TH AND KEDZIE,2442,7900 S KEDZIE AVE,02/23/2017,1,1156378.39667768,1852021.375281577,41.749723972,-87.702539572,"(41.749723971726056, -87.70253957167394)"
HALSTED AND DIVISION,1711,1200 N HALSTED,07/19/2016,11,1170746.639428735,1908242.256010774,41.903698308,-87.648245351,"(41.90369830765008, -87.64824535062563)"
PETERSON AND WESTERN,1011,6000 N WESTERN AVE,06/04/2015,2,1159190.625032041,1939816.75471116,41.990586042,-87.689822473,"(41.99058604241958, -87.68982247294417)"
WESTERN AND MARQUETTE,2674,2400 W MARQUETTE ROAD,02/11/2017,5,1161509.889315231,1860208.627404126,41.772086214,-87.683508858,"(41.772086214104526, -87.68350885781568)"
87TH AND VINCENNES,2413,848 W 87TH STREET,04/30/2015,20,1172002.531006759,1847197.326168367,41.736157546,-87.6454274,"(41.73615754630335, -87.64542740049411)"
95TH AND STONEY ISLAND,2513,1600 E 95TH STREET,10/31/2014,16,1188537.746187743,1842339.840767953,41.722449457,-87.585003569,"(41.72244945701069, -87.58500356910938)"
35TH AND WESTERN,2092,3500 S WESTERN,03/20/2017,3,1160894.949857101,1881376.851112895,41.830187255,-87.685177925,"(41.83018725526863, -87.68517792510231)"
CALIFORNIA AND DIVERSEY,1511,2800 N CALIFORNIA AVE,09/13/2014,7,1157189.355049829,1918495.644754069,41.932120719,-87.6977653,"(41.93212071910647, -87.69776530036465)"
ADDISON AND HARLEM,1593,7200 W ADDISON,05/17/2017,1,1127417.488447099,1923123.407710965,41.945373358,-87.807070326,"(41.94537335809189, -87.80707032561135)"
PULASKI AND 79TH,2494,4000 W 79TH STREET,07/31/2016,7,1151074.116357501,1851966.830243835,41.749679359,-87.721978345,"(41.74967935883473, -87.72197834524168)"
LAWRENCE AND CICERO,1042,4800 N CICERO AVENUE,10/25/2016,1,1143464.651785526,1931490.551883203,41.968048007,-87.747875985,"(41.968048007293845, -87.74787598468126)"
LAWRENCE AND CICERO,1042,4800 N CICERO AVENUE,11/16/2014,5,1143464.651785526,1931490.551883203,41.968048007,-87.747875985,"(41.968048007293845, -87.74787598468126)"
95TH AND STONEY ISLAND,2514,1600 E 95TH STREET,09/09/2014,4,1188537.746187743,1842339.840767953,41.722449457,-87.585003569,"(41.72244945701069, -87.58500356910938)"
87TH AND VINCENNES,2413,848 W 87TH STREET,11/20/2014,6,1172002.531006759,1847197.326168367,41.736157546,-87.6454274,"(41.73615754630335, -87.64542740049411)"
GRAND AND OAK PARK,1523,6800 W GRAND AVENUE,04/23/2016,4,1130668.89526974,1915248.469290467,41.923708193,-87.795300781,"(41.92370819286044, -87.79530078123082)"
CICERO AND DIVERSEY,1691,2800 N CICERO AVENUE,06/23/2016,7,1143863.647574835,1918202.018463414,41.931575608,-87.746743301,"(41.93157560844622, -87.74674330113561)"
HALSTED AND DIVISION,1711,1200 N HALSTED,05/23/2016,12,1170746.639428735,1908242.256010774,41.903698308,-87.648245351,"(41.90369830765008, -87.64824535062563)"
PULASKI AND 79TH,2492,7900 S PULASKI ROAD,05/24/2016,3,1151054.87395657,1851842.663854121,41.749339,-87.722052091,"(41.74933900008238, -87.72205209091501)"
95TH AND STONEY ISLAND,2514,1600 E 95TH STREET,02/08/2015,1,1188537.746187743,1842339.840767953,41.722449457,-87.585003569,"(41.72244945701069, -87.58500356910938)"
RIDGE AND CLARK,1052,5930 N CLARK STREET,06/05/2016,7,1164554.784723473,1939388.511516442,41.98929863,-87.670104121,"(41.98929863013193, -87.67010412112992)"
CALIFORNIA AND DIVERSEY,1511,2800 N CALIFORNIA AVE,07/29/2016,8,1157189.355049829,1918495.644754069,41.932120719,-87.6977653,"(41.93212071910647, -87.69776530036465)"
CICERO AND DIVERSEY,1691,2800 N CICERO AVENUE,01/03/2016,4,1143863.647574835,1918202.018463414,41.931575608,-87.746743301,"(41.93157560844622, -87.74674330113561)"
HALSTED AND DIVISION,1711,1200 N HALSTED,10/18/2016,8,1170746.639428735,1908242.256010774,41.903698308,-87.648245351,"(41.90369830765008, -87.64824535062563)"
WESTERN AND 63RD,2371,6300 S WESTERN AVE,07/16/2014,6,1161415.712688877,1862772.38856596,41.779123484,-87.683783099,"(41.77912348383963, -87.68378309863576)"
ASHLAND AND DIVISION,1793,1600 W DIVISION STREET,11/30/2014,4,1165489.684200442,1908112.312963909,41.903455316,-87.667558994,"(41.903455316483814, -87.66755899396976)"
PULASKI AND FULLERTON,1484,4000 W FULLERTON AVE,03/06/2016,3,1149303.081963737,1915695.275222648,41.924593022,-87.726819268,"(41.92459302175305, -87.7268192684032)"
LAWRENCE AND WESTERN,1192,4800 N WESTERN AVENUE,11/19/2014,4,1159459.622430471,1931821.342623414,41.968640727,-87.689054241,"(41.96864072747715, -87.6890542408374)"
ROOSEVELT AND HALSTED,2234,800 W ROOSEVELT ROAD,05/29/2017,5,1171199.282357741,1894968.056393724,41.867263098,-87.646972686,"(41.86726309836901, -87.64697268601648)"
PULASKI AND BELMONT,1383,4000 W BELMONT AVE,06/29/2015,5,1149131.866894851,1921018.50498026,41.93920375,-87.727310134,"(41.93920374986553, -87.72731013414392)"
AUSTIN AND ADDISON,1493,6000 W ADDISON STREET,04/20/2016,2,1135698.173154422,1923360.229527805,41.945879676,-87.776627421,"(41.94587967559099, -87.77662742093737)"
PULASKI AND BELMONT,1383,4000 W BELMONT AVE,04/04/2017,1,1149131.866894851,1921018.50498026,41.93920375,-87.727310134,"(41.93920374986553, -87.72731013414392)"
GRAND AND OAK PARK,1523,6800 W GRAND AVENUE,10/04/2014,7,1130668.89526974,1915248.469290467,41.923708193,-87.795300781,"(41.92370819286044, -87.79530078123082)"
WESTERN AND 63RD,2371,6300 S WESTERN AVE,09/12/2015,2,1161415.712688877,1862772.38856596,41.779123484,-87.683783099,"(41.77912348383963, -87.68378309863576)"
HALSTED AND DIVISION,1711,1200 N HALSTED,12/03/2016,13,1170746.639428735,1908242.256010774,41.903698308,-87.648245351,"(41.90369830765008, -87.64824535062563)"
LAWRENCE AND CICERO,1042,4800 N CICERO AVENUE,07/05/2016,7,1143464.651785526,1931490.551883203,41.968048007,-87.747875985,"(41.968048007293845, -87.74787598468126)"
ADDISON AND HARLEM,1591,3600 N HARLEM AVENUE,05/04/2017,4,1127394.594070737,1923110.532422811,41.945338412,-87.807154769,"(41.94533841246591, -87.80715476912044)"
LAWRENCE AND WESTERN,1192,4800 N WESTERN AVENUE,09/23/2016,2,1159459.622430471,1931821.342623414,41.968640727,-87.689054241,"(41.96864072747715, -87.6890542408374)"
ARCHER AND CICERO,2084,5400 S ARCHER AVE,12/05/2016,3,1145209.426392053,1869810.657411975,41.798758208,-87.743020541,"(41.798758207843264, -87.74302054146467)"
HALSTED AND DIVISION,1711,1200 N HALSTED,10/24/2016,6,1170746.639428735,1908242.256010774,41.903698308,-87.648245351,"(41.90369830765008, -87.64824535062563)"
CALIFORNIA AND DIVERSEY,1511,2800 N CALIFORNIA AVE,11/22/2014,7,1157189.355049829,1918495.644754069,41.932120719,-87.6977653,"(41.93212071910647, -87.69776530036465)"
CALIFORNIA AND DIVERSEY,1511,2800 N CALIFORNIA AVE,05/16/2015,4,1157189.355049829,1918495.644754069,41.932120719,-87.6977653,"(41.93212071910647, -87.69776530036465)"
SACRAMENTO AND CHICAGO,1812,800 N SACRAMENTO AVEN,12/27/2015,8,1156039.008141929,1905193.084100581,41.895640714,-87.702352328,"(41.89564071387542, -87.70235232767416)"
PULASKI AND MONTROSE,1292,4400 N PULASKI ROAD,09/24/2014,1,1148894.146173785,1928968.481843755,41.961023721,-87.727977456,"(41.961023721270585, -87.72797745595682)"
PULASKI AND BELMONT,1383,4000 W BELMONT AVE,09/17/2016,6,1149131.866894851,1921018.50498026,41.93920375,-87.727310134,"(41.93920374986553, -87.72731013414392)"
KEDZIE AND 47TH,2101,4700 S KEDZIE AVE,07/30/2016,6,1155791.949302478,1873270.778481327,41.808047272,-87.704118822,"(41.80804727165029, -87.70411882229871)"
WESTERN AND MARQUETTE,2674,2400 W MARQUETTE ROAD,10/01/2015,2,1161509.889315231,1860208.627404126,41.772086214,-87.683508858,"(41.772086214104526, -87.68350885781568)"
GRAND AND OAK PARK,1523,6800 W GRAND AVENUE,07/09/2016,9,1130668.89526974,1915248.469290467,41.923708193,-87.795300781,"(41.92370819286044, -87.79530078123082)"
WESTERN AND 63RD,2371,6300 S WESTERN AVE,11/03/2016,3,1161415.712688877,1862772.38856596,41.779123484,-87.683783099,"(41.77912348383963, -87.68378309863576)"
HALSTED AND DIVISION,1711,1200 N HALSTED,10/07/2016,11,1170746.639428735,1908242.256010774,41.903698308,-87.648245351,"(41.90369830765008, -87.64824535062563)"
CICERO AND DIVERSEY,1691,2800 N CICERO AVENUE,12/28/2014,1,1143863.647574835,1918202.018463414,41.931575608,-87.746743301,"(41.93157560844622, -87.74674330113561)"
CICERO AND DIVERSEY,1691,2800 N CICERO AVENUE,10/30/2015,2,1143863.647574835,1918202.018463414,41.931575608,-87.746743301,"(41.93157560844622, -87.74674330113561)"
PULASKI AND FULLERTON,1481,2400 N PULASKI RD,05/04/2015,2,1149275.963864089,1915687.631931757,41.924572574,-87.726919111,"(41.92457257416937, -87.72691911144182)"
HALSTED AND DIVISION,1711,1200 N HALSTED,08/21/2016,8,1170746.639428735,1908242.256010774,41.903698308,-87.648245351,"(41.90369830765008, -87.64824535062563)"
95TH AND STONEY ISLAND,2514,1600 E 95TH STREET,01/13/2016,3,1188537.746187743,1842339.840767953,41.722449457,-87.585003569,"(41.72244945701069, -87.58500356910938)"
LAWRENCE AND CICERO,1041,4800 N CICERO AVE,08/23/2016,6,1143464.651785526,1931490.551883203,41.968048007,-87.747875985,"(41.968048007293845, -87.74787598468126)"
ARCHER AND CICERO,2084,5400 S ARCHER AVE,07/26/2015,4,1145209.426392053,1869810.657411975,41.798758208,-87.743020541,"(41.798758207843264, -87.74302054146467)"
KEDZIE AND 47TH,2101,4700 S KEDZIE AVE,04/08/2016,1,1155791.949302478,1873270.778481327,41.808047272,-87.704118822,"(41.80804727165029, -87.70411882229871)"
PULASKI AND 63RD,2343,4000 W 63RD ST,04/13/2015,3,1150768.346768175,1862564.615405259,41.77876739,-87.722823195,"(41.778767390084305, -87.72282319530368)"
87TH AND VINCENNES,2413,848 W 87TH STREET,03/27/2017,9,1172002.531006759,1847197.326168367,41.736157546,-87.6454274,"(41.73615754630335, -87.64542740049411)"
HALSTED AND DIVISION,1711,1200 N HALSTED,06/27/2015,7,1170746.639428735,1908242.256010774,41.903698308,-87.648245351,"(41.90369830765008, -87.64824535062563)"
SACRAMENTO AND CHICAGO,1812,800 N SACRAMENTO AVEN,01/11/2016,12,1156039.008141929,1905193.084100581,41.895640714,-87.702352328,"(41.89564071387542, -87.70235232767416)"
PULASKI AND 79TH,2492,7900 S PULASKI ROAD,10/01/2014,1,1151054.87395657,1851842.663854121,41.749339,-87.722052091,"(41.74933900008238, -87.72205209091501)"
SACRAMENTO AND CHICAGO,1812,800 N SACRAMENTO AVEN,01/16/2015,7,1156039.008141929,1905193.084100581,41.895640714,-87.702352328,"(41.89564071387542, -87.70235232767416)"
87TH AND VINCENNES,2413,848 W 87TH STREET,11/24/2014,11,1172002.531006759,1847197.326168367,41.736157546,-87.6454274,"(41.73615754630335, -87.64542740049411)"
ASHLAND AND DIVISION,1793,1600 W DIVISION STREET,06/29/2015,1,1165489.684200442,1908112.312963909,41.903455316,-87.667558994,"(41.903455316483814, -87.66755899396976)"
LAWRENCE AND CICERO,1042,4800 N CICERO AVENUE,05/07/2015,2,1143464.651785526,1931490.551883203,41.968048007,-87.747875985,"(41.968048007293845, -87.74787598468126)"
HALSTED AND DIVISION,1711,1200 N HALSTED,07/22/2015,10,1170746.639428735,1908242.256010774,41.903698308,-87.648245351,"(41.90369830765008, -87.64824535062563)"
ADDISON AND HARLEM,1593,7200 W ADDISON,03/11/2016,3,1127417.488447099,1923123.407710965,41.945373358,-87.807070326,"(41.94537335809189, -87.80707032561135)"
LAWRENCE AND CICERO,1042,4800 N CICERO AVENUE,05/09/2015,3,1143464.651785526,1931490.551883203,41.968048007,-87.747875985,"(41.968048007293845, -87.74787598468126)"
LAWRENCE AND CICERO,1041,4800 N CICERO AVE,09/28/2015,3,1143464.651785526,1931490.551883203,41.968048007,-87.747875985,"(41.968048007293845, -87.74787598468126)"
GRAND AND OAK PARK,1524,6800 W GRAND AVENUE,02/13/2015,9,1130668.89526974,1915248.469290467,41.923708193,-87.795300781,"(41.92370819286044, -87.79530078123082)"
95TH AND STONEY ISLAND,2514,1600 E 95TH STREET,05/04/2017,3,1188537.746187743,1842339.840767953,41.722449457,-87.585003569,"(41.72244945701069, -87.58500356910938)"
RIDGE AND CLARK,1052,5930 N CLARK STREET,09/16/2016,10,1164554.784723473,1939388.511516442,41.98929863,-87.670104121,"(41.98929863013193, -87.67010412112992)"
AUSTIN AND ADDISON,1493,6000 W ADDISON STREET,02/18/2016,1,1135698.173154422,1923360.229527805,41.945879676,-87.776627421,"(41.94587967559099, -87.77662742093737)"
LAWRENCE AND WESTERN,1192,4800 N WESTERN AVENUE,07/20/2015,4,1159459.622430471,1931821.342623414,41.968640727,-87.689054241,"(41.96864072747715, -87.6890542408374)"
AUSTIN AND IRVING PARK,1163,6000 W IRVING PARK ROAD,08/03/2015,2,1135622.402636023,1926014.192063646,41.953163772,-87.776842593,"(41.95316377185154, -87.77684259284736)"
87TH AND VINCENNES,2413,848 W 87TH STREET,01/13/2015,6,1172002.531006759,1847197.326168367,41.736157546,-87.6454274,"(41.73615754630335, -87.64542740049411)"
PULASKI AND 79TH,2494,4000 W 79TH STREET,01/23/2017,3,1151074.116357501,1851966.830243835,41.749679359,-87.721978345,"(41.74967935883473, -87.72197834524168)"
WESTERN AND 63RD,2373,2400 W 63RD ST,03/24/2017,1,1161444.415758584,1862848.534703658,41.779331844,-87.683675761,"(41.77933184429814, -87.68367576084798)"
PULASKI AND 79TH,2494,4000 W 79TH STREET,11/24/2015,2,1151074.116357501,1851966.830243835,41.749679359,-87.721978345,"(41.74967935883473, -87.72197834524168)"
95TH AND STONEY ISLAND,2514,1600 E 95TH STREET,01/25/2015,1,1188537.746187743,1842339.840767953,41.722449457,-87.585003569,"(41.72244945701069, -87.58500356910938)"
95TH AND STONEY ISLAND,2514,1600 E 95TH STREET,06/10/2016,6,1188537.746187743,1842339.840767953,41.722449457,-87.585003569,"(41.72244945701069, -87.58500356910938)"
RIDGE AND CLARK,1052,5930 N CLARK STREET,08/07/2015,7,1164554.784723473,1939388.511516442,41.98929863,-87.670104121,"(41.98929863013193, -87.67010412112992)"
GRAND AND OAK PARK,1524,6800 W GRAND AVENUE,06/19/2015,9,1130668.89526974,1915248.469290467,41.923708193,-87.795300781,"(41.92370819286044, -87.79530078123082)"
PULASKI AND 63RD,2343,4000 W 63RD ST,06/24/2015,3,1150768.346768175,1862564.615405259,41.77876739,-87.722823195,"(41.778767390084305, -87.72282319530368)"
95TH AND STONEY ISLAND,2513,1600 E 95TH STREET,05/06/2016,5,1188537.746187743,1842339.840767953,41.722449457,-87.585003569,"(41.72244945701069, -87.58500356910938)"
PULASKI AND BELMONT,1383,4000 W BELMONT AVE,03/04/2015,1,1149131.866894851,1921018.50498026,41.93920375,-87.727310134,"(41.93920374986553, -87.72731013414392)"
GRAND AND OAK PARK,1524,6800 W GRAND AVENUE,08/25/2015,19,1130668.89526974,1915248.469290467,41.923708193,-87.795300781,"(41.92370819286044, -87.79530078123082)"
95TH AND STONEY ISLAND,2514,1600 E 95TH STREET,12/08/2014,7,1188537.746187743,1842339.840767953,41.722449457,-87.585003569,"(41.72244945701069, -87.58500356910938)"
95TH AND STONEY ISLAND,2514,1600 E 95TH STREET,05/15/2017,4,1188537.746187743,1842339.840767953,41.722449457,-87.585003569,"(41.72244945701069, -87.58500356910938)"
PULASKI AND FULLERTON,1481,2400 N PULASKI RD,05/20/2015,1,1149275.963864089,1915687.631931757,41.924572574,-87.726919111,"(41.92457257416937, -87.72691911144182)"
CALIFORNIA AND DIVERSEY,1511,2800 N CALIFORNIA AVE,07/28/2014,2,1157189.355049829,1918495.644754069,41.932120719,-87.6977653,"(41.93212071910647, -87.69776530036465)"
WESTERN AND MARQUETTE,2674,2400 W MARQUETTE ROAD,02/23/2015,1,1161509.889315231,1860208.627404126,41.772086214,-87.683508858,"(41.772086214104526, -87.68350885781568)"
GRAND AND OAK PARK,1524,6800 W GRAND AVENUE,11/01/2015,8,1130668.89526974,1915248.469290467,41.923708193,-87.795300781,"(41.92370819286044, -87.79530078123082)"
LAWRENCE AND WESTERN,1192,4800 N WESTERN AVENUE,03/14/2015,2,1159459.622430471,1931821.342623414,41.968640727,-87.689054241,"(41.96864072747715, -87.6890542408374)"
87TH AND VINCENNES,2413,848 W 87TH STREET,10/15/2015,11,1172002.531006759,1847197.326168367,41.736157546,-87.6454274,"(41.73615754630335, -87.64542740049411)"
WESTERN AND MARQUETTE,2674,2400 W MARQUETTE ROAD,05/07/2016,2,1161509.889315231,1860208.627404126,41.772086214,-87.683508858,"(41.772086214104526, -87.68350885781568)"
RIDGE AND CLARK,1051,5930 N CLARK STREET,09/25/2016,16,1164554.784723473,1939388.511516442,41.98929863,-87.670104121,"(41.98929863013193, -87.67010412112992)"
AUSTIN AND IRVING PARK,1163,6000 W IRVING PARK ROAD,03/21/2017,4,1135622.402636023,1926014.192063646,41.953163772,-87.776842593,"(41.95316377185154, -87.77684259284736)"
ARCHER/NARRAGANSETT AND 55TH,2073,6400 W ARCHER AVE,01/30/2015,7,1134629.248133949,1867443.543796524,41.792455256,-87.78187685,"(41.79245525550523, -87.78187684987694)"
LAWRENCE AND CICERO,1041,4800 N CICERO AVE,02/04/2015,2,1143464.651785526,1931490.551883203,41.968048007,-87.747875985,"(41.968048007293845, -87.74787598468126)"
GRAND AND OAK PARK,1523,6800 W GRAND AVENUE,02/02/2017,5,1130668.89526974,1915248.469290467,41.923708193,-87.795300781,"(41.92370819286044, -87.79530078123082)"
LAWRENCE AND WESTERN,1192,4800 N WESTERN AVENUE,11/14/2015,1,1159459.622430471,1931821.342623414,41.968640727,-87.689054241,"(41.96864072747715, -87.6890542408374)"
87TH AND VINCENNES,2413,848 W 87TH STREET,10/03/2015,1,1172002.531006759,1847197.326168367,41.736157546,-87.6454274,"(41.73615754630335, -87.64542740049411)"
95TH AND STONEY ISLAND,2513,1600 E 95TH STREET,11/09/2014,11,1188537.746187743,1842339.840767953,41.722449457,-87.585003569,"(41.72244945701069, -87.58500356910938)"
KEDZIE AND 47TH,2101,4700 S KEDZIE AVE,03/24/2016,1,1155791.949302478,1873270.778481327,41.808047272,-87.704118822,"(41.80804727165029, -87.70411882229871)"
ARCHER AND CICERO,2084,5400 S ARCHER AVE,01/21/2016,5,1145209.426392053,1869810.657411975,41.798758208,-87.743020541,"(41.798758207843264, -87.74302054146467)"
PULASKI AND 79TH,2494,4000 W 79TH STREET,10/16/2016,3,1151074.116357501,1851966.830243835,41.749679359,-87.721978345,"(41.74967935883473, -87.72197834524168)"
PULASKI AND BELMONT,1383,4000 W BELMONT AVE,04/27/2015,2,1149131.866894851,1921018.50498026,41.93920375,-87.727310134,"(41.93920374986553, -87.72731013414392)"
MADISON AND WESTERN,1934,2400 W MADISON,07/09/2014,2,1160384.621277157,1899988.655722373,41.881270504,-87.68653594,"(41.88127050428818, -87.68653594017124)"
PULASKI AND FULLERTON,1484,4000 W FULLERTON AVE,09/22/2014,2,1149303.081963737,1915695.275222648,41.924593022,-87.726819268,"(41.92459302175305, -87.7268192684032)"
CICERO AND DIVERSEY,1691,2800 N CICERO AVENUE,03/14/2016,3,1143863.647574835,1918202.018463414,41.931575608,-87.746743301,"(41.93157560844622, -87.74674330113561)"
KEDZIE AND 47TH,2101,4700 S KEDZIE AVE,12/07/2014,2,1155791.949302478,1873270.778481327,41.808047272,-87.704118822,"(41.80804727165029, -87.70411882229871)"
ASHLAND AND DIVISION,1793,1600 W DIVISION STREET,05/06/2016,5,1165489.684200442,1908112.312963909,41.903455316,-87.667558994,"(41.903455316483814, -87.66755899396976)"
RIDGE AND CLARK,1052,5930 N CLARK STREET,06/02/2015,2,1164554.784723473,1939388.511516442,41.98929863,-87.670104121,"(41.98929863013193, -87.67010412112992)"
KEDZIE AND 47TH,2101,4700 S KEDZIE AVE,07/20/2016,5,1155791.949302478,1873270.778481327,41.808047272,-87.704118822,"(41.80804727165029, -87.70411882229871)"
87TH AND VINCENNES,2413,848 W 87TH STREET,03/11/2015,17,1172002.531006759,1847197.326168367,41.736157546,-87.6454274,"(41.73615754630335, -87.64542740049411)"
79TH AND HALSTED,2541,7900 S HALSTED STREET,03/24/2017,7,1172298.707400847,1852444.344822186,41.750549559,-87.644188368,"(41.750549559438944, -87.64418836784098)"
87TH AND VINCENNES,2413,848 W 87TH STREET,02/14/2015,12,1172002.531006759,1847197.326168367,41.736157546,-87.6454274,"(41.73615754630335, -87.64542740049411)"
ADDISON AND HARLEM,1593,7200 W ADDISON,08/29/2014,5,1127417.488447099,1923123.407710965,41.945373358,-87.807070326,"(41.94537335809189, -87.80707032561135)"
COTTAGE GROVE AND 95TH,2602,9500 S COTTAGE GROVE,02/04/2015,3,1183531.307692447,1842122.302108743,41.721970465,-87.60334804,"(41.72197046522736, -87.60334804007711)"
SACRAMENTO AND CHICAGO,1812,800 N SACRAMENTO AVEN,04/02/2016,9,1156039.008141929,1905193.084100581,41.895640714,-87.702352328,"(41.89564071387542, -87.70235232767416)"
SACRAMENTO AND CHICAGO,1812,800 N SACRAMENTO AVEN,01/28/2017,9,1156039.008141929,1905193.084100581,41.895640714,-87.702352328,"(41.89564071387542, -87.70235232767416)"
ARCHER/NARRAGANSETT AND 55TH,2074,6400 W ARCHER AVE,08/12/2014,10,1134629.248133949,1867443.543796524,41.792455256,-87.78187685,"(41.79245525550523, -87.78187684987694)"
PULASKI AND BELMONT,1383,4000 W BELMONT AVE,03/22/2016,2,1149131.866894851,1921018.50498026,41.93920375,-87.727310134,"(41.93920374986553, -87.72731013414392)"
HALSTED AND DIVISION,1711,1200 N HALSTED,05/25/2016,9,1170746.639428735,1908242.256010774,41.903698308,-87.648245351,"(41.90369830765008, -87.64824535062563)"
KEDZIE AND 47TH,2101,4700 S KEDZIE AVE,12/16/2016,3,1155791.949302478,1873270.778481327,41.808047272,-87.704118822,"(41.80804727165029, -87.70411882229871)"
87TH AND VINCENNES,2413,848 W 87TH STREET,09/19/2015,8,1172002.531006759,1847197.326168367,41.736157546,-87.6454274,"(41.73615754630335, -87.64542740049411)"
PULASKI AND CHICAGO,1982,800 N PULASKI ROAD,10/26/2014,1,1149538.444844035,1905079.034990625,41.895456457,-87.726230541,"(41.895456456825386, -87.72623054051289)"
ASHLAND AND DIVISION,1793,1600 W DIVISION STREET,01/31/2017,2,1165489.684200442,1908112.312963909,41.903455316,-87.667558994,"(41.903455316483814, -87.66755899396976)"
PULASKI AND DIVISION,1801,1200 N PULASKI ROAD,05/04/2017,1,1149459.590666926,1907723.219884254,41.902713902,-87.726451457,"(41.902713901936174, -87.72645145715836)"
SACRAMENTO AND CHICAGO,1812,800 N SACRAMENTO AVEN,11/05/2015,6,1156039.008141929,1905193.084100581,41.895640714,-87.702352328,"(41.89564071387542, -87.70235232767416)"
LAWRENCE AND CICERO,1042,4800 N CICERO AVENUE,11/03/2014,8,1143464.651785526,1931490.551883203,41.968048007,-87.747875985,"(41.968048007293845, -87.74787598468126)"
PULASKI AND 79TH,2494,4000 W 79TH STREET,11/18/2015,1,1151074.116357501,1851966.830243835,41.749679359,-87.721978345,"(41.74967935883473, -87.72197834524168)"
RIDGE AND CLARK,1051,5930 N CLARK STREET,03/23/2015,2,1164554.784723473,1939388.511516442,41.98929863,-87.670104121,"(41.98929863013193, -87.67010412112992)"
ARCHER/NARRAGANSETT AND 55TH,2074,6400 W ARCHER AVE,12/20/2014,3,1134629.248133949,1867443.543796524,41.792455256,-87.78187685,"(41.79245525550523, -87.78187684987694)"
KIMBALL AND LINCOLN,2741,6200 N KIMBALL AVENUE,07/21/2014,6,1152543.355058345,1940954.1008022,41.993841437,-87.714242493,"(41.99384143707685, -87.71424249302686)"
RIDGE AND CLARK,1051,5930 N CLARK STREET,08/17/2014,9,1164554.784723473,1939388.511516442,41.98929863,-87.670104121,"(41.98929863013193, -87.67010412112992)"
PULASKI AND DIVISION,1801,1200 N PULASKI ROAD,12/25/2016,1,1149459.590666926,1907723.219884254,41.902713902,-87.726451457,"(41.902713901936174, -87.72645145715836)"
RIDGE AND CLARK,1052,5930 N CLARK STREET,10/15/2015,4,1164554.784723473,1939388.511516442,41.98929863,-87.670104121,"(41.98929863013193, -87.67010412112992)"
AUSTIN AND IRVING PARK,1163,6000 W IRVING PARK ROAD,12/12/2015,2,1135622.402636023,1926014.192063646,41.953163772,-87.776842593,"(41.95316377185154, -87.77684259284736)"
ARCHER AND CICERO,2084,5400 S ARCHER AVE,08/17/2015,9,1145209.426392053,1869810.657411975,41.798758208,-87.743020541,"(41.798758207843264, -87.74302054146467)"
PULASKI AND 79TH,2494,4000 W 79TH STREET,12/26/2016,4,1151074.116357501,1851966.830243835,41.749679359,-87.721978345,"(41.74967935883473, -87.72197834524168)"
PULASKI AND FULLERTON,1484,4000 W FULLERTON AVE,03/17/2016,8,1149303.081963737,1915695.275222648,41.924593022,-87.726819268,"(41.92459302175305, -87.7268192684032)"
RIDGE AND CLARK,1052,5930 N CLARK STREET,07/17/2015,10,1164554.784723473,1939388.511516442,41.98929863,-87.670104121,"(41.98929863013193, -87.67010412112992)"
95TH AND STONEY ISLAND,2514,1600 E 95TH STREET,09/10/2014,3,1188537.746187743,1842339.840767953,41.722449457,-87.585003569,"(41.72244945701069, -87.58500356910938)"
PULASKI AND FULLERTON,1484,4000 W FULLERTON AVE,11/06/2014,4,1149303.081963737,1915695.275222648,41.924593022,-87.726819268,"(41.92459302175305, -87.7268192684032)"
AUSTIN AND ADDISON,1493,6000 W ADDISON STREET,08/20/2014,6,1135698.173154422,1923360.229527805,41.945879676,-87.776627421,"(41.94587967559099, -87.77662742093737)"
GRAND AND OAK PARK,1524,6800 W GRAND AVENUE,03/27/2016,8,1130668.89526974,1915248.469290467,41.923708193,-87.795300781,"(41.92370819286044, -87.79530078123082)"
PULASKI AND CHICAGO,1982,800 N PULASKI ROAD,03/21/2016,1,1149538.444844035,1905079.034990625,41.895456457,-87.726230541,"(41.895456456825386, -87.72623054051289)"
PETERSON AND WESTERN,1011,6000 N WESTERN AVE,11/25/2015,2,1159190.625032041,1939816.75471116,41.990586042,-87.689822473,"(41.99058604241958, -87.68982247294417)"
GRAND AND OAK PARK,1524,6800 W GRAND AVENUE,02/05/2016,4,1130668.89526974,1915248.469290467,41.923708193,-87.795300781,"(41.92370819286044, -87.79530078123082)"
95TH AND STONEY ISLAND,2514,1600 E 95TH STREET,10/14/2014,9,1188537.746187743,1842339.840767953,41.722449457,-87.585003569,"(41.72244945701069, -87.58500356910938)"
CALIFORNIA AND DIVERSEY,1511,2800 N CALIFORNIA AVE,07/26/2016,11,1157189.355049829,1918495.644754069,41.932120719,-87.6977653,"(41.93212071910647, -87.69776530036465)"
WESTERN AND MARQUETTE,2674,2400 W MARQUETTE ROAD,04/14/2017,2,1161509.889315231,1860208.627404126,41.772086214,-87.683508858,"(41.772086214104526, -87.68350885781568)"
PULASKI AND 63RD,2343,4000 W 63RD ST,05/20/2015,1,1150768.346768175,1862564.615405259,41.77876739,-87.722823195,"(41.778767390084305, -87.72282319530368)"
95TH AND STONEY ISLAND,2513,1600 E 95TH STREET,06/02/2015,3,1188537.746187743,1842339.840767953,41.722449457,-87.585003569,"(41.72244945701069, -87.58500356910938)"
GRAND AND OAK PARK,1524,6800 W GRAND AVENUE,06/04/2015,8,1130668.89526974,1915248.469290467,41.923708193,-87.795300781,"(41.92370819286044, -87.79530078123082)"
95TH AND STONEY ISLAND,2513,1600 E 95TH STREET,04/02/2016,7,1188537.746187743,1842339.840767953,41.722449457,-87.585003569,"(41.72244945701069, -87.58500356910938)"
95TH AND STONEY ISLAND,2513,1600 E 95TH STREET,11/14/2015,4,1188537.746187743,1842339.840767953,41.722449457,-87.585003569,"(41.72244945701069, -87.58500356910938)"
SACRAMENTO AND CHICAGO,1812,800 N SACRAMENTO AVEN,11/23/2014,6,1156039.008141929,1905193.084100581,41.895640714,-87.702352328,"(41.89564071387542, -87.70235232767416)"
LAWRENCE AND CICERO,1041,4800 N CICERO AVE,08/01/2014,6,1143464.651785526,1931490.551883203,41.968048007,-87.747875985,"(41.968048007293845, -87.74787598468126)"
LAWRENCE AND CICERO,1041,4800 N CICERO AVE,09/20/2015,1,1143464.651785526,1931490.551883203,41.968048007,-87.747875985,"(41.968048007293845, -87.74787598468126)"
ARCHER/NARRAGANSETT AND 55TH,2074,6400 W ARCHER AVE,01/20/2015,5,1134629.248133949,1867443.543796524,41.792455256,-87.78187685,"(41.79245525550523, -87.78187684987694)"
KEDZIE AND 47TH,2101,4700 S KEDZIE AVE,03/08/2016,4,1155791.949302478,1873270.778481327,41.808047272,-87.704118822,"(41.80804727165029, -87.70411882229871)"
WESTERN AND FULLERTON,1671,2400 N WESTERN AVENUE,05/30/2017,6,1159923.309342995,1915897.778561358,41.924935944,-87.687790255,"(41.92493594409127, -87.68779025471278)"
PETERSON AND WESTERN,1011,6000 N WESTERN AVE,09/07/2014,6,1159190.625032041,1939816.75471116,41.990586042,-87.689822473,"(41.99058604241958, -87.68982247294417)"
GRAND AND OAK PARK,1524,6800 W GRAND AVENUE,07/14/2015,2,1130668.89526974,1915248.469290467,41.923708193,-87.795300781,"(41.92370819286044, -87.79530078123082)"
PULASKI AND 63RD,2343,4000 W 63RD ST,11/22/2014,3,1150768.346768175,1862564.615405259,41.77876739,-87.722823195,"(41.778767390084305, -87.72282319530368)"
WESTERN AND MARQUETTE,2674,2400 W MARQUETTE ROAD,10/04/2016,2,1161509.889315231,1860208.627404126,41.772086214,-87.683508858,"(41.772086214104526, -87.68350885781568)"
MADISON AND WESTERN,1934,2400 W MADISON,04/12/2015,1,1160384.621277157,1899988.655722373,41.881270504,-87.68653594,"(41.88127050428818, -87.68653594017124)"
RIDGE AND CLARK,1051,5930 N CLARK STREET,10/30/2015,4,1164554.784723473,1939388.511516442,41.98929863,-87.670104121,"(41.98929863013193, -87.67010412112992)"
WESTERN AND MARQUETTE,2674,2400 W MARQUETTE ROAD,01/26/2016,3,1161509.889315231,1860208.627404126,41.772086214,-87.683508858,"(41.772086214104526, -87.68350885781568)"
GRAND AND OAK PARK,1524,6800 W GRAND AVENUE,04/10/2015,4,1130668.89526974,1915248.469290467,41.923708193,-87.795300781,"(41.92370819286044, -87.79530078123082)"
ARCHER AND CICERO,2084,5400 S ARCHER AVE,08/04/2014,8,1145209.426392053,1869810.657411975,41.798758208,-87.743020541,"(41.798758207843264, -87.74302054146467)"
95TH AND STONEY ISLAND,2513,1600 E 95TH STREET,10/03/2016,5,1188537.746187743,1842339.840767953,41.722449457,-87.585003569,"(41.72244945701069, -87.58500356910938)"
SACRAMENTO AND CHICAGO,1814,3000 W CHICAGO AVENUE,12/25/2016,3,1156075.266375505,1905216.604770718,41.895704525,-87.702218524,"(41.895704524946225, -87.70221852353758)"
LAWRENCE AND WESTERN,1192,4800 N WESTERN AVENUE,12/24/2016,3,1159459.622430471,1931821.342623414,41.968640727,-87.689054241,"(41.96864072747715, -87.6890542408374)"
79TH AND KEDZIE,2442,7900 S KEDZIE AVE,06/16/2016,2,1156378.39667768,1852021.375281577,41.749723972,-87.702539572,"(41.749723971726056, -87.70253957167394)"
PULASKI AND 79TH,2492,7900 S PULASKI ROAD,09/03/2014,2,1151054.87395657,1851842.663854121,41.749339,-87.722052091,"(41.74933900008238, -87.72205209091501)"
PULASKI AND 63RD,2343,4000 W 63RD ST,11/14/2015,1,1150768.346768175,1862564.615405259,41.77876739,-87.722823195,"(41.778767390084305, -87.72282319530368)"
63RD AND STATE,2712,6300 S STATE ST,05/04/2017,6,1177303.801895084,1863220.216755923,41.780008277,-87.625522512,"(41.78000827740796, -87.6255225119157)"
CALIFORNIA AND DIVERSEY,1511,2800 N CALIFORNIA AVE,03/09/2017,2,1157189.355049829,1918495.644754069,41.932120719,-87.6977653,"(41.93212071910647, -87.69776530036465)"
SACRAMENTO AND CHICAGO,1812,800 N SACRAMENTO AVEN,05/08/2015,11,1156039.008141929,1905193.084100581,41.895640714,-87.702352328,"(41.89564071387542, -87.70235232767416)"
95TH AND STONEY ISLAND,2514,1600 E 95TH STREET,02/01/2015,1,1188537.746187743,1842339.840767953,41.722449457,-87.585003569,"(41.72244945701069, -87.58500356910938)"
MADISON AND WESTERN,1934,2400 W MADISON,04/30/2016,1,1160384.621277157,1899988.655722373,41.881270504,-87.68653594,"(41.88127050428818, -87.68653594017124)"
CICERO AND DIVERSEY,1691,2800 N CICERO AVENUE,08/30/2014,2,1143863.647574835,1918202.018463414,41.931575608,-87.746743301,"(41.93157560844622, -87.74674330113561)"
ASHLAND AND FULLERTON,1652,2400 N ASHLAND AVENUE,05/30/2017,6,1165228.073342838,1916032.319169157,41.92519389,-87.668294363,"(41.92519388981048, -87.66829436339881)"
WESTERN AND 63RD,2371,6300 S WESTERN AVE,09/22/2014,2,1161415.712688877,1862772.38856596,41.779123484,-87.683783099,"(41.77912348383963, -87.68378309863576)"
PULASKI AND 63RD,2343,4000 W 63RD ST,07/10/2016,1,1150768.346768175,1862564.615405259,41.77876739,-87.722823195,"(41.778767390084305, -87.72282319530368)"
RIDGE AND CLARK,1052,5930 N CLARK STREET,04/21/2015,2,1164554.784723473,1939388.511516442,41.98929863,-87.670104121,"(41.98929863013193, -87.67010412112992)"
87TH AND VINCENNES,2413,848 W 87TH STREET,02/15/2016,12,1172002.531006759,1847197.326168367,41.736157546,-87.6454274,"(41.73615754630335, -87.64542740049411)"
AUSTIN AND ADDISON,1493,6000 W ADDISON STREET,11/23/2014,3,1135698.173154422,1923360.229527805,41.945879676,-87.776627421,"(41.94587967559099, -87.77662742093737)"
ASHLAND AND DIVISION,1793,1600 W DIVISION STREET,05/22/2017,1,1165489.684200442,1908112.312963909,41.903455316,-87.667558994,"(41.903455316483814, -87.66755899396976)"
BLUE ISLAND AND DAMEN,2281,2416 S DAMEN AVENUE,01/11/2015,6,1163378.697434511,1887916.370760201,41.848080596,-87.675881338,"(41.84808059558783, -87.67588133802435)"
ADDISON AND HARLEM,1593,7200 W ADDISON,06/21/2016,3,1127417.488447099,1923123.407710965,41.945373358,-87.807070326,"(41.94537335809189, -87.80707032561135)"
GRAND AND OAK PARK,1523,6800 W GRAND AVENUE,12/27/2016,5,1130668.89526974,1915248.469290467,41.923708193,-87.795300781,"(41.92370819286044, -87.79530078123082)"
KEDZIE AND 47TH,2101,4700 S KEDZIE AVE,07/13/2015,2,1155791.949302478,1873270.778481327,41.808047272,-87.704118822,"(41.80804727165029, -87.70411882229871)"
PULASKI AND FULLERTON,1481,2400 N PULASKI RD,02/23/2017,2,1149275.963864089,1915687.631931757,41.924572574,-87.726919111,"(41.92457257416937, -87.72691911144182)"
LAWRENCE AND CICERO,1041,4800 N CICERO AVE,12/31/2016,5,1143464.651785526,1931490.551883203,41.968048007,-87.747875985,"(41.968048007293845, -87.74787598468126)"
GARFIELD AND ASHLAND,2274,1600 W GARFIELD BLVD,08/02/2014,6,1166593.072608676,1868281.842213365,41.79413322,-87.664645263,"(41.79413322022423, -87.66464526320254)"
LAWRENCE AND WESTERN,1192,4800 N WESTERN AVENUE,04/18/2016,4,1159459.622430471,1931821.342623414,41.968640727,-87.689054241,"(41.96864072747715, -87.6890542408374)"
111TH AND HALSTED,2422,11100 S HALSTED ST,12/24/2016,6,1172923.657689312,1831209.044179248,41.692263123,-87.642522688,"(41.692263123425136, -87.6425226876268)"
PULASKI AND 79TH,2494,4000 W 79TH STREET,07/16/2015,3,1151074.116357501,1851966.830243835,41.749679359,-87.721978345,"(41.74967935883473, -87.72197834524168)"
WESTERN AND 63RD,2371,6300 S WESTERN AVE,08/22/2014,2,1161415.712688877,1862772.38856596,41.779123484,-87.683783099,"(41.77912348383963, -87.68378309863576)"
RIDGE AND CLARK,1052,5930 N CLARK STREET,05/26/2015,2,1164554.784723473,1939388.511516442,41.98929863,-87.670104121,"(41.98929863013193, -87.67010412112992)"
WESTERN AND 63RD,2371,6300 S WESTERN AVE,05/06/2016,1,1161415.712688877,1862772.38856596,41.779123484,-87.683783099,"(41.77912348383963, -87.68378309863576)"
SACRAMENTO AND CHICAGO,1812,800 N SACRAMENTO AVEN,10/25/2015,7,1156039.008141929,1905193.084100581,41.895640714,-87.702352328,"(41.89564071387542, -87.70235232767416)"
87TH AND VINCENNES,2413,848 W 87TH STREET,09/27/2015,18,1172002.531006759,1847197.326168367,41.736157546,-87.6454274,"(41.73615754630335, -87.64542740049411)"
SACRAMENTO AND CHICAGO,1812,800 N SACRAMENTO AVEN,02/24/2015,5,1156039.008141929,1905193.084100581,41.895640714,-87.702352328,"(41.89564071387542, -87.70235232767416)"
87TH AND VINCENNES,2413,848 W 87TH STREET,07/08/2016,5,1172002.531006759,1847197.326168367,41.736157546,-87.6454274,"(41.73615754630335, -87.64542740049411)"
PULASKI AND 79TH,2492,7900 S PULASKI ROAD,10/23/2016,3,1151054.87395657,1851842.663854121,41.749339,-87.722052091,"(41.74933900008238, -87.72205209091501)"
PULASKI AND 79TH,2494,4000 W 79TH STREET,11/24/2014,1,1151074.116357501,1851966.830243835,41.749679359,-87.721978345,"(41.74967935883473, -87.72197834524168)"
PULASKI AND FULLERTON,1484,4000 W FULLERTON AVE,11/29/2014,1,1149303.081963737,1915695.275222648,41.924593022,-87.726819268,"(41.92459302175305, -87.7268192684032)"
RIDGE AND CLARK,1052,5930 N CLARK STREET,01/11/2016,1,1164554.784723473,1939388.511516442,41.98929863,-87.670104121,"(41.98929863013193, -87.67010412112992)"
LAWRENCE AND CICERO,1042,4800 N CICERO AVENUE,06/02/2016,7,1143464.651785526,1931490.551883203,41.968048007,-87.747875985,"(41.968048007293845, -87.74787598468126)"
87TH AND VINCENNES,2413,848 W 87TH STREET,12/22/2016,16,1172002.531006759,1847197.326168367,41.736157546,-87.6454274,"(41.73615754630335, -87.64542740049411)"
ARCHER/NARRAGANSETT AND 55TH,2074,6400 W ARCHER AVE,09/20/2014,7,1134629.248133949,1867443.543796524,41.792455256,-87.78187685,"(41.79245525550523, -87.78187684987694)"
PULASKI AND 79TH,2492,7900 S PULASKI ROAD,07/04/2016,5,1151054.87395657,1851842.663854121,41.749339,-87.722052091,"(41.74933900008238, -87.72205209091501)"
LAWRENCE AND CICERO,1041,4800 N CICERO AVE,02/05/2016,1,1143464.651785526,1931490.551883203,41.968048007,-87.747875985,"(41.968048007293845, -87.74787598468126)"
LAWRENCE AND CICERO,1041,4800 N CICERO AVE,11/11/2015,1,1143464.651785526,1931490.551883203,41.968048007,-87.747875985,"(41.968048007293845, -87.74787598468126)"
RIDGE AND CLARK,1052,5930 N CLARK STREET,08/18/2016,6,1164554.784723473,1939388.511516442,41.98929863,-87.670104121,"(41.98929863013193, -87.67010412112992)"
SACRAMENTO AND CHICAGO,1812,800 N SACRAMENTO AVEN,06/19/2016,14,1156039.008141929,1905193.084100581,41.895640714,-87.702352328,"(41.89564071387542, -87.70235232767416)"
PETERSON AND WESTERN,1011,6000 N WESTERN AVE,07/19/2014,7,1159190.625032041,1939816.75471116,41.990586042,-87.689822473,"(41.99058604241958, -87.68982247294417)"
111TH AND HALSTED,2424,800 W 111TH ST,12/24/2016,4,1172945.404219168,1831282.917027882,41.692465363,-87.642440901,"(41.692465363421874, -87.64244090105778)"
SACRAMENTO AND CHICAGO,1812,800 N SACRAMENTO AVEN,01/30/2016,9,1156039.008141929,1905193.084100581,41.895640714,-87.702352328,"(41.89564071387542, -87.70235232767416)"
RIDGE AND CLARK,1051,5930 N CLARK STREET,04/27/2017,1,1164554.784723473,1939388.511516442,41.98929863,-87.670104121,"(41.98929863013193, -87.67010412112992)"
JEFFERY AND 95TH,2523,2000 E 95TH ST,05/29/2017,2,1191188.381103057,1842410.411853539,41.722579473,-87.575292523,"(41.722579473126416, -87.57529252250366)"
PULASKI AND CHICAGO,1982,800 N PULASKI ROAD,02/05/2017,1,1149538.444844035,1905079.034990625,41.895456457,-87.726230541,"(41.895456456825386, -87.72623054051289)"
GRAND AND OAK PARK,1523,6800 W GRAND AVENUE,09/15/2014,3,1130668.89526974,1915248.469290467,41.923708193,-87.795300781,"(41.92370819286044, -87.79530078123082)"
PULASKI AND FULLERTON,1481,2400 N PULASKI RD,01/21/2015,1,1149275.963864089,1915687.631931757,41.924572574,-87.726919111,"(41.92457257416937, -87.72691911144182)"
HALSTED AND DIVISION,1714,800 W DIVISION,03/24/2017,6,1170767.827960358,1908259.644151662,41.903745557,-87.648167011,"(41.90374555734733, -87.64816701062779)"
LAWRENCE AND CICERO,1042,4800 N CICERO AVENUE,10/12/2014,5,1143464.651785526,1931490.551883203,41.968048007,-87.747875985,"(41.968048007293845, -87.74787598468126)"
RIDGE AND CLARK,1051,5930 N CLARK STREET,01/23/2016,4,1164554.784723473,1939388.511516442,41.98929863,-87.670104121,"(41.98929863013193, -87.67010412112992)"
ASHLAND AND DIVISION,1793,1600 W DIVISION STREET,12/22/2014,1,1165489.684200442,1908112.312963909,41.903455316,-87.667558994,"(41.903455316483814, -87.66755899396976)"
ROOSEVELT AND HALSTED,2234,800 W ROOSEVELT ROAD,03/20/2017,7,1171199.282357741,1894968.056393724,41.867263098,-87.646972686,"(41.86726309836901, -87.64697268601648)"
HALSTED AND DIVISION,1711,1200 N HALSTED,08/31/2015,4,1170746.639428735,1908242.256010774,41.903698308,-87.648245351,"(41.90369830765008, -87.64824535062563)"
SACRAMENTO AND CHICAGO,1812,800 N SACRAMENTO AVEN,03/23/2015,9,1156039.008141929,1905193.084100581,41.895640714,-87.702352328,"(41.89564071387542, -87.70235232767416)"
PULASKI AND 63RD,2343,4000 W 63RD ST,05/17/2015,3,1150768.346768175,1862564.615405259,41.77876739,-87.722823195,"(41.778767390084305, -87.72282319530368)"
GRAND AND OAK PARK,1524,6800 W GRAND AVENUE,07/18/2014,5,1130668.89526974,1915248.469290467,41.923708193,-87.795300781,"(41.92370819286044, -87.79530078123082)"
WESTERN AND MARQUETTE,2674,2400 W MARQUETTE ROAD,02/18/2017,2,1161509.889315231,1860208.627404126,41.772086214,-87.683508858,"(41.772086214104526, -87.68350885781568)"
87TH AND VINCENNES,2413,848 W 87TH STREET,04/09/2017,15,1172002.531006759,1847197.326168367,41.736157546,-87.6454274,"(41.73615754630335, -87.64542740049411)"
PULASKI AND CHICAGO,1982,800 N PULASKI ROAD,04/12/2016,1,1149538.444844035,1905079.034990625,41.895456457,-87.726230541,"(41.895456456825386, -87.72623054051289)"
PULASKI AND 79TH,2492,7900 S PULASKI ROAD,01/14/2017,1,1151054.87395657,1851842.663854121,41.749339,-87.722052091,"(41.74933900008238, -87.72205209091501)"
PETERSON AND WESTERN,1011,6000 N WESTERN AVE,10/03/2015,3,1159190.625032041,1939816.75471116,41.990586042,-87.689822473,"(41.99058604241958, -87.68982247294417)"
87TH AND VINCENNES,2413,848 W 87TH STREET,01/24/2017,8,1172002.531006759,1847197.326168367,41.736157546,-87.6454274,"(41.73615754630335, -87.64542740049411)"
GRAND AND OAK PARK,1523,6800 W GRAND AVENUE,11/29/2016,6,1130668.89526974,1915248.469290467,41.923708193,-87.795300781,"(41.92370819286044, -87.79530078123082)"
WESTERN AND 63RD,2371,6300 S WESTERN AVE,04/25/2017,2,1161415.712688877,1862772.38856596,41.779123484,-87.683783099,"(41.77912348383963, -87.68378309863576)"
ARCHER AND CICERO,2084,5400 S ARCHER AVE,10/07/2016,16,1145209.426392053,1869810.657411975,41.798758208,-87.743020541,"(41.798758207843264, -87.74302054146467)"
PULASKI AND 79TH,2492,7900 S PULASKI ROAD,02/26/2015,4,1151054.87395657,1851842.663854121,41.749339,-87.722052091,"(41.74933900008238, -87.72205209091501)"
RIDGE AND CLARK,1051,5930 N CLARK STREET,04/23/2015,9,1164554.784723473,1939388.511516442,41.98929863,-87.670104121,"(41.98929863013193, -87.67010412112992)"
LAWRENCE AND WESTERN,1193,2400 W LAWRENCE AVENUE,12/25/2016,3,1159482.648570304,1931851.989492596,41.968724349,-87.688968727,"(41.96872434882172, -87.68896872699601)"
HALSTED AND DIVISION,1711,1200 N HALSTED,06/19/2016,9,1170746.639428735,1908242.256010774,41.903698308,-87.648245351,"(41.90369830765008, -87.64824535062563)"
PULASKI AND BELMONT,1383,4000 W BELMONT AVE,08/25/2016,1,1149131.866894851,1921018.50498026,41.93920375,-87.727310134,"(41.93920374986553, -87.72731013414392)"
CALIFORNIA AND PETERSON,1311,6000 N CALIFORNIA AVE,12/25/2016,1,1156545.742699118,1939775.775541795,41.990527717,-87.699552084,"(41.990527717148176, -87.69955208405155)"
HALSTED AND DIVISION,1711,1200 N HALSTED,03/29/2016,12,1170746.639428735,1908242.256010774,41.903698308,-87.648245351,"(41.90369830765008, -87.64824535062563)"
87TH AND VINCENNES,2413,848 W 87TH STREET,11/19/2014,5,1172002.531006759,1847197.326168367,41.736157546,-87.6454274,"(41.73615754630335, -87.64542740049411)"
MADISON AND CENTRAL,1754,5600 W MADISON STREET,09/07/2014,3,1139033.690528149,1899503.712147867,41.880354556,-87.764948136,"(41.88035455632559, -87.76494813634785)"
31ST AND CALIFORNIA,2061,3100 S CALIFORNIA,01/05/2015,1,1158151.943135347,1883939.950079683,41.83727705,-87.695172247,"(41.837277050366296, -87.69517224651918)"
71ST AND ASHLAND,2394,1600 W 71ST,12/25/2016,6,1166890.012333149,1857674.2502247,41.765018306,-87.66385923,"(41.76501830555763, -87.66385923012646)"
95TH AND STONEY ISLAND,2513,1600 E 95TH STREET,10/05/2015,6,1188537.746187743,1842339.840767953,41.722449457,-87.585003569,"(41.72244945701069, -87.58500356910938)"
ASHLAND AND DIVISION,1793,1600 W DIVISION STREET,09/16/2014,2,1165489.684200442,1908112.312963909,41.903455316,-87.667558994,"(41.903455316483814, -87.66755899396976)"
95TH AND STONEY ISLAND,2514,1600 E 95TH STREET,02/13/2016,4,1188537.746187743,1842339.840767953,41.722449457,-87.585003569,"(41.72244945701069, -87.58500356910938)"
GRAND AND OAK PARK,1523,6800 W GRAND AVENUE,09/04/2014,2,1130668.89526974,1915248.469290467,41.923708193,-87.795300781,"(41.92370819286044, -87.79530078123082)"
SACRAMENTO AND CHICAGO,1812,800 N SACRAMENTO AVEN,09/06/2016,9,1156039.008141929,1905193.084100581,41.895640714,-87.702352328,"(41.89564071387542, -87.70235232767416)"
ADDISON AND HARLEM,1593,7200 W ADDISON,04/21/2015,4,1127417.488447099,1923123.407710965,41.945373358,-87.807070326,"(41.94537335809189, -87.80707032561135)"
LAWRENCE AND CICERO,1041,4800 N CICERO AVE,02/19/2016,5,1143464.651785526,1931490.551883203,41.968048007,-87.747875985,"(41.968048007293845, -87.74787598468126)"
RIDGE AND CLARK,1051,5930 N CLARK STREET,05/23/2017,2,1164554.784723473,1939388.511516442,41.98929863,-87.670104121,"(41.98929863013193, -87.67010412112992)"
BLUE ISLAND AND DAMEN,2281,2416 S DAMEN AVENUE,12/14/2014,2,1163378.697434511,1887916.370760201,41.848080596,-87.675881338,"(41.84808059558783, -87.67588133802435)"
PULASKI AND BELMONT,1383,4000 W BELMONT AVE,04/22/2016,8,1149131.866894851,1921018.50498026,41.93920375,-87.727310134,"(41.93920374986553, -87.72731013414392)"
LAWRENCE AND WESTERN,1192,4800 N WESTERN AVENUE,10/22/2014,6,1159459.622430471,1931821.342623414,41.968640727,-87.689054241,"(41.96864072747715, -87.6890542408374)"
AUSTIN AND IRVING PARK,1163,6000 W IRVING PARK ROAD,08/13/2014,3,1135622.402636023,1926014.192063646,41.953163772,-87.776842593,"(41.95316377185154, -87.77684259284736)"
PETERSON AND WESTERN,1011,6000 N WESTERN AVE,11/02/2016,6,1159190.625032041,1939816.75471116,41.990586042,-87.689822473,"(41.99058604241958, -87.68982247294417)"
PULASKI AND FULLERTON,1484,4000 W FULLERTON AVE,06/19/2015,3,1149303.081963737,1915695.275222648,41.924593022,-87.726819268,"(41.92459302175305, -87.7268192684032)"
ARCHER AND CICERO,2084,5400 S ARCHER AVE,05/15/2016,6,1145209.426392053,1869810.657411975,41.798758208,-87.743020541,"(41.798758207843264, -87.74302054146467)"
87TH AND VINCENNES,2413,848 W 87TH STREET,12/26/2016,8,1172002.531006759,1847197.326168367,41.736157546,-87.6454274,"(41.73615754630335, -87.64542740049411)"
PULASKI AND BELMONT,1383,4000 W BELMONT AVE,05/20/2016,1,1149131.866894851,1921018.50498026,41.93920375,-87.727310134,"(41.93920374986553, -87.72731013414392)"
LAWRENCE AND CICERO,1041,4800 N CICERO AVE,11/03/2015,3,1143464.651785526,1931490.551883203,41.968048007,-87.747875985,"(41.968048007293845, -87.74787598468126)"
LAWRENCE AND WESTERN,1192,4800 N WESTERN AVENUE,12/02/2014,1,1159459.622430471,1931821.342623414,41.968640727,-87.689054241,"(41.96864072747715, -87.6890542408374)"
PULASKI AND 79TH,2494,4000 W 79TH STREET,03/04/2015,4,1151074.116357501,1851966.830243835,41.749679359,-87.721978345,"(41.74967935883473, -87.72197834524168)"
SACRAMENTO AND CHICAGO,1812,800 N SACRAMENTO AVEN,07/19/2014,10,1156039.008141929,1905193.084100581,41.895640714,-87.702352328,"(41.89564071387542, -87.70235232767416)"
GRAND AND OAK PARK,1524,6800 W GRAND AVENUE,08/12/2015,2,1130668.89526974,1915248.469290467,41.923708193,-87.795300781,"(41.92370819286044, -87.79530078123082)"
PULASKI AND 79TH,2492,7900 S PULASKI ROAD,02/11/2015,1,1151054.87395657,1851842.663854121,41.749339,-87.722052091,"(41.74933900008238, -87.72205209091501)"
87TH AND VINCENNES,2413,848 W 87TH STREET,01/15/2015,9,1172002.531006759,1847197.326168367,41.736157546,-87.6454274,"(41.73615754630335, -87.64542740049411)"
AUSTIN AND ADDISON,1493,6000 W ADDISON STREET,01/09/2016,4,1135698.173154422,1923360.229527805,41.945879676,-87.776627421,"(41.94587967559099, -87.77662742093737)"
RIDGE AND CLARK,1052,5930 N CLARK STREET,11/29/2016,2,1164554.784723473,1939388.511516442,41.98929863,-87.670104121,"(41.98929863013193, -87.67010412112992)"
ADDISON AND HARLEM,1593,7200 W ADDISON,07/04/2015,2,1127417.488447099,1923123.407710965,41.945373358,-87.807070326,"(41.94537335809189, -87.80707032561135)"
SACRAMENTO AND CHICAGO,1812,800 N SACRAMENTO AVEN,12/18/2015,7,1156039.008141929,1905193.084100581,41.895640714,-87.702352328,"(41.89564071387542, -87.70235232767416)"
CALIFORNIA AND DIVERSEY,1511,2800 N CALIFORNIA AVE,04/18/2017,5,1157189.355049829,1918495.644754069,41.932120719,-87.6977653,"(41.93212071910647, -87.69776530036465)"
LAWRENCE AND CICERO,1041,4800 N CICERO AVE,03/08/2015,3,1143464.651785526,1931490.551883203,41.968048007,-87.747875985,"(41.968048007293845, -87.74787598468126)"
PULASKI AND CHICAGO,1982,800 N PULASKI ROAD,10/17/2014,3,1149538.444844035,1905079.034990625,41.895456457,-87.726230541,"(41.895456456825386, -87.72623054051289)"
LAWRENCE AND CICERO,1041,4800 N CICERO AVE,10/22/2016,9,1143464.651785526,1931490.551883203,41.968048007,-87.747875985,"(41.968048007293845, -87.74787598468126)"
WESTERN AND MARQUETTE,2674,2400 W MARQUETTE ROAD,03/13/2016,4,1161509.889315231,1860208.627404126,41.772086214,-87.683508858,"(41.772086214104526, -87.68350885781568)"
CICERO AND DIVERSEY,1694,4800 W DIVERSEY AVENUE,12/25/2016,3,1143869.848167704,1918226.043989398,41.93164142,-87.746719911,"(41.93164142040689, -87.7467199106462)"
PULASKI AND 79TH,2494,4000 W 79TH STREET,12/23/2016,5,1151074.116357501,1851966.830243835,41.749679359,-87.721978345,"(41.74967935883473, -87.72197834524168)"
87TH AND VINCENNES,2413,848 W 87TH STREET,01/29/2016,5,1172002.531006759,1847197.326168367,41.736157546,-87.6454274,"(41.73615754630335, -87.64542740049411)"
95TH AND STONEY ISLAND,2514,1600 E 95TH STREET,08/19/2014,9,1188537.746187743,1842339.840767953,41.722449457,-87.585003569,"(41.72244945701069, -87.58500356910938)"
LAWRENCE AND CICERO,1041,4800 N CICERO AVE,12/23/2014,4,1143464.651785526,1931490.551883203,41.968048007,-87.747875985,"(41.968048007293845, -87.74787598468126)"
AUSTIN AND ADDISON,1493,6000 W ADDISON STREET,12/07/2015,1,1135698.173154422,1923360.229527805,41.945879676,-87.776627421,"(41.94587967559099, -87.77662742093737)"
RIDGE AND CLARK,1051,5930 N CLARK STREET,07/06/2016,7,1164554.784723473,1939388.511516442,41.98929863,-87.670104121,"(41.98929863013193, -87.67010412112992)"
GRAND AND OAK PARK,1523,6800 W GRAND AVENUE,10/05/2015,8,1130668.89526974,1915248.469290467,41.923708193,-87.795300781,"(41.92370819286044, -87.79530078123082)"
87TH AND VINCENNES,2413,848 W 87TH STREET,03/05/2015,6,1172002.531006759,1847197.326168367,41.736157546,-87.6454274,"(41.73615754630335, -87.64542740049411)"
LAWRENCE AND WESTERN,1192,4800 N WESTERN AVENUE,02/13/2016,3,1159459.622430471,1931821.342623414,41.968640727,-87.689054241,"(41.96864072747715, -87.6890542408374)"
87TH AND VINCENNES,2413,848 W 87TH STREET,03/17/2017,15,1172002.531006759,1847197.326168367,41.736157546,-87.6454274,"(41.73615754630335, -87.64542740049411)"
95TH AND STONEY ISLAND,2514,1600 E 95TH STREET,01/07/2017,5,1188537.746187743,1842339.840767953,41.722449457,-87.585003569,"(41.72244945701069, -87.58500356910938)"
LAWRENCE AND CICERO,1042,4800 N CICERO AVENUE,10/25/2014,3,1143464.651785526,1931490.551883203,41.968048007,-87.747875985,"(41.968048007293845, -87.74787598468126)"
PULASKI AND BELMONT,1383,4000 W BELMONT AVE,02/15/2017,2,1149131.866894851,1921018.50498026,41.93920375,-87.727310134,"(41.93920374986553, -87.72731013414392)"
GRAND AND OAK PARK,1523,6800 W GRAND AVENUE,09/16/2014,6,1130668.89526974,1915248.469290467,41.923708193,-87.795300781,"(41.92370819286044, -87.79530078123082)"
LAWRENCE AND CICERO,1042,4800 N CICERO AVENUE,10/10/2014,9,1143464.651785526,1931490.551883203,41.968048007,-87.747875985,"(41.968048007293845, -87.74787598468126)"
PULASKI AND 79TH,2494,4000 W 79TH STREET,08/03/2014,5,1151074.116357501,1851966.830243835,41.749679359,-87.721978345,"(41.74967935883473, -87.72197834524168)"
PULASKI AND FULLERTON,1481,2400 N PULASKI RD,04/29/2017,3,1149275.963864089,1915687.631931757,41.924572574,-87.726919111,"(41.92457257416937, -87.72691911144182)"
PULASKI AND FULLERTON,1484,4000 W FULLERTON AVE,09/23/2016,2,1149303.081963737,1915695.275222648,41.924593022,-87.726819268,"(41.92459302175305, -87.7268192684032)"
87TH AND VINCENNES,2413,848 W 87TH STREET,01/25/2015,1,1172002.531006759,1847197.326168367,41.736157546,-87.6454274,"(41.73615754630335, -87.64542740049411)"
CALIFORNIA AND DIVERSEY,1511,2800 N CALIFORNIA AVE,07/02/2014,3,1157189.355049829,1918495.644754069,41.932120719,-87.6977653,"(41.93212071910647, -87.69776530036465)"
CICERO AND DIVERSEY,1691,2800 N CICERO AVENUE,06/28/2016,3,1143863.647574835,1918202.018463414,41.931575608,-87.746743301,"(41.93157560844622, -87.74674330113561)"
LAWRENCE AND CICERO,1042,4800 N CICERO AVENUE,03/15/2015,2,1143464.651785526,1931490.551883203,41.968048007,-87.747875985,"(41.968048007293845, -87.74787598468126)"
KEDZIE AND 47TH,2101,4700 S KEDZIE AVE,09/15/2014,1,1155791.949302478,1873270.778481327,41.808047272,-87.704118822,"(41.80804727165029, -87.70411882229871)"
PULASKI AND 79TH,2494,4000 W 79TH STREET,12/23/2014,1,1151074.116357501,1851966.830243835,41.749679359,-87.721978345,"(41.74967935883473, -87.72197834524168)"
PULASKI AND 79TH,2494,4000 W 79TH STREET,07/09/2014,4,1151074.116357501,1851966.830243835,41.749679359,-87.721978345,"(41.74967935883473, -87.72197834524168)"
PULASKI AND 79TH,2494,4000 W 79TH STREET,10/23/2014,3,1151074.116357501,1851966.830243835,41.749679359,-87.721978345,"(41.74967935883473, -87.72197834524168)"
RIDGE AND CLARK,1051,5930 N CLARK STREET,07/01/2014,12,1164554.784723473,1939388.511516442,41.98929863,-87.670104121,"(41.98929863013193, -87.67010412112992)"
PULASKI AND FULLERTON,1484,4000 W FULLERTON AVE,03/11/2015,1,1149303.081963737,1915695.275222648,41.924593022,-87.726819268,"(41.92459302175305, -87.7268192684032)"
LAWRENCE AND CICERO,1042,4800 N CICERO AVENUE,07/16/2015,2,1143464.651785526,1931490.551883203,41.968048007,-87.747875985,"(41.968048007293845, -87.74787598468126)"
SACRAMENTO AND CHICAGO,1812,800 N SACRAMENTO AVEN,08/27/2015,4,1156039.008141929,1905193.084100581,41.895640714,-87.702352328,"(41.89564071387542, -87.70235232767416)"
95TH AND STONEY ISLAND,2514,1600 E 95TH STREET,06/18/2015,6,1188537.746187743,1842339.840767953,41.722449457,-87.585003569,"(41.72244945701069, -87.58500356910938)"
PULASKI AND FULLERTON,1484,4000 W FULLERTON AVE,04/21/2016,1,1149303.081963737,1915695.275222648,41.924593022,-87.726819268,"(41.92459302175305, -87.7268192684032)"
LAWRENCE AND CICERO,1041,4800 N CICERO AVE,02/01/2017,2,1143464.651785526,1931490.551883203,41.968048007,-87.747875985,"(41.968048007293845, -87.74787598468126)"
ARCHER/NARRAGANSETT AND 55TH,2074,6400 W ARCHER AVE,10/13/2014,3,1134629.248133949,1867443.543796524,41.792455256,-87.78187685,"(41.79245525550523, -87.78187684987694)"
PETERSON AND WESTERN,1011,6000 N WESTERN AVE,08/28/2014,1,1159190.625032041,1939816.75471116,41.990586042,-87.689822473,"(41.99058604241958, -87.68982247294417)"
SACRAMENTO AND CHICAGO,1812,800 N SACRAMENTO AVEN,09/28/2014,10,1156039.008141929,1905193.084100581,41.895640714,-87.702352328,"(41.89564071387542, -87.70235232767416)"
ARCHER AND CICERO,2084,5400 S ARCHER AVE,05/31/2015,2,1145209.426392053,1869810.657411975,41.798758208,-87.743020541,"(41.798758207843264, -87.74302054146467)"
95TH AND STONEY ISLAND,2513,1600 E 95TH STREET,04/21/2016,6,1188537.746187743,1842339.840767953,41.722449457,-87.585003569,"(41.72244945701069, -87.58500356910938)"
AUSTIN AND IRVING PARK,1163,6000 W IRVING PARK ROAD,06/27/2016,2,1135622.402636023,1926014.192063646,41.953163772,-87.776842593,"(41.95316377185154, -87.77684259284736)"
PULASKI AND BELMONT,1383,4000 W BELMONT AVE,12/24/2016,3,1149131.866894851,1921018.50498026,41.93920375,-87.727310134,"(41.93920374986553, -87.72731013414392)"
PULASKI AND 79TH,2494,4000 W 79TH STREET,02/01/2017,4,1151074.116357501,1851966.830243835,41.749679359,-87.721978345,"(41.74967935883473, -87.72197834524168)"
95TH AND STONEY ISLAND,2513,1600 E 95TH STREET,05/29/2016,7,1188537.746187743,1842339.840767953,41.722449457,-87.585003569,"(41.72244945701069, -87.58500356910938)"
KEDZIE AND 47TH,2101,4700 S KEDZIE AVE,06/11/2015,4,1155791.949302478,1873270.778481327,41.808047272,-87.704118822,"(41.80804727165029, -87.70411882229871)"
LAWRENCE AND CICERO,1042,4800 N CICERO AVENUE,06/23/2015,8,1143464.651785526,1931490.551883203,41.968048007,-87.747875985,"(41.968048007293845, -87.74787598468126)"
PULASKI AND 63RD,2343,4000 W 63RD ST,12/10/2015,1,1150768.346768175,1862564.615405259,41.77876739,-87.722823195,"(41.778767390084305, -87.72282319530368)"
PULASKI AND 79TH,2494,4000 W 79TH STREET,10/21/2015,3,1151074.116357501,1851966.830243835,41.749679359,-87.721978345,"(41.74967935883473, -87.72197834524168)"
PULASKI AND 79TH,2494,4000 W 79TH STREET,05/22/2015,2,1151074.116357501,1851966.830243835,41.749679359,-87.721978345,"(41.74967935883473, -87.72197834524168)"
LAWRENCE AND WESTERN,1192,4800 N WESTERN AVENUE,09/20/2016,3,1159459.622430471,1931821.342623414,41.968640727,-87.689054241,"(41.96864072747715, -87.6890542408374)"
PULASKI AND FULLERTON,1484,4000 W FULLERTON AVE,08/08/2015,2,1149303.081963737,1915695.275222648,41.924593022,-87.726819268,"(41.92459302175305, -87.7268192684032)"
HALSTED AND DIVISION,1711,1200 N HALSTED,07/04/2016,9,1170746.639428735,1908242.256010774,41.903698308,-87.648245351,"(41.90369830765008, -87.64824535062563)"
ELSTON AND ADDISON,1402,3600 N ELSTON AVE,05/04/2017,8,1154106.95251778,1923731.036211081,41.946549165,-87.708952626,"(41.94654916480637, -87.70895262603513)"
ARCHER AND CICERO,2084,5400 S ARCHER AVE,05/24/2017,8,1145209.426392053,1869810.657411975,41.798758208,-87.743020541,"(41.798758207843264, -87.74302054146467)"
ADDISON AND HARLEM,1593,7200 W ADDISON,08/30/2014,1,1127417.488447099,1923123.407710965,41.945373358,-87.807070326,"(41.94537335809189, -87.80707032561135)"
WESTERN AND 63RD,2371,6300 S WESTERN AVE,03/07/2015,4,1161415.712688877,1862772.38856596,41.779123484,-87.683783099,"(41.77912348383963, -87.68378309863576)"
95TH AND STONEY ISLAND,2514,1600 E 95TH STREET,06/05/2016,6,1188537.746187743,1842339.840767953,41.722449457,-87.585003569,"(41.72244945701069, -87.58500356910938)"
SACRAMENTO AND CHICAGO,1812,800 N SACRAMENTO AVEN,05/03/2016,3,1156039.008141929,1905193.084100581,41.895640714,-87.702352328,"(41.89564071387542, -87.70235232767416)"
GRAND AND OAK PARK,1524,6800 W GRAND AVENUE,12/03/2014,15,1130668.89526974,1915248.469290467,41.923708193,-87.795300781,"(41.92370819286044, -87.79530078123082)"
PULASKI AND FULLERTON,1484,4000 W FULLERTON AVE,08/24/2015,2,1149303.081963737,1915695.275222648,41.924593022,-87.726819268,"(41.92459302175305, -87.7268192684032)"
SACRAMENTO AND CHICAGO,1812,800 N SACRAMENTO AVEN,08/28/2014,5,1156039.008141929,1905193.084100581,41.895640714,-87.702352328,"(41.89564071387542, -87.70235232767416)"
SACRAMENTO AND CHICAGO,1812,800 N SACRAMENTO AVEN,09/04/2014,10,1156039.008141929,1905193.084100581,41.895640714,-87.702352328,"(41.89564071387542, -87.70235232767416)"
87TH AND VINCENNES,2413,848 W 87TH STREET,03/26/2017,15,1172002.531006759,1847197.326168367,41.736157546,-87.6454274,"(41.73615754630335, -87.64542740049411)"
PULASKI AND MONTROSE,1292,4400 N PULASKI ROAD,09/11/2014,1,1148894.146173785,1928968.481843755,41.961023721,-87.727977456,"(41.961023721270585, -87.72797745595682)"
PULASKI AND FOSTER,1104,4000 W FOSTER AVE,12/24/2016,4,1148759.16134887,1934294.249006446,41.975640616,-87.728335469,"(41.975640616231914, -87.72833546926573)"
MADISON AND WESTERN,1934,2400 W MADISON,07/17/2016,2,1160384.621277157,1899988.655722373,41.881270504,-87.68653594,"(41.88127050428818, -87.68653594017124)"
ADDISON AND HARLEM,1593,7200 W ADDISON,12/13/2014,2,1127417.488447099,1923123.407710965,41.945373358,-87.807070326,"(41.94537335809189, -87.80707032561135)"
PULASKI AND CHICAGO,1982,800 N PULASKI ROAD,10/02/2014,1,1149538.444844035,1905079.034990625,41.895456457,-87.726230541,"(41.895456456825386, -87.72623054051289)"
87TH AND VINCENNES,2413,848 W 87TH STREET,02/14/2016,13,1172002.531006759,1847197.326168367,41.736157546,-87.6454274,"(41.73615754630335, -87.64542740049411)"
KEDZIE AND 47TH,2101,4700 S KEDZIE AVE,08/18/2016,4,1155791.949302478,1873270.778481327,41.808047272,-87.704118822,"(41.80804727165029, -87.70411882229871)"
PULASKI AND 79TH,2494,4000 W 79TH STREET,06/19/2016,2,1151074.116357501,1851966.830243835,41.749679359,-87.721978345,"(41.74967935883473, -87.72197834524168)"
95TH AND STONEY ISLAND,2513,1600 E 95TH STREET,11/12/2014,7,1188537.746187743,1842339.840767953,41.722449457,-87.585003569,"(41.72244945701069, -87.58500356910938)"
PETERSON AND WESTERN,1011,6000 N WESTERN AVE,12/29/2014,3,1159190.625032041,1939816.75471116,41.990586042,-87.689822473,"(41.99058604241958, -87.68982247294417)"
RIDGE AND CLARK,1051,5930 N CLARK STREET,04/27/2016,8,1164554.784723473,1939388.511516442,41.98929863,-87.670104121,"(41.98929863013193, -87.67010412112992)"
AUSTIN AND ADDISON,1493,6000 W ADDISON STREET,10/04/2015,2,1135698.173154422,1923360.229527805,41.945879676,-87.776627421,"(41.94587967559099, -87.77662742093737)"
CALIFORNIA AND DIVERSEY,1511,2800 N CALIFORNIA AVE,04/01/2015,2,1157189.355049829,1918495.644754069,41.932120719,-87.6977653,"(41.93212071910647, -87.69776530036465)"
CALIFORNIA AND DIVERSEY,1511,2800 N CALIFORNIA AVE,02/24/2015,2,1157189.355049829,1918495.644754069,41.932120719,-87.6977653,"(41.93212071910647, -87.69776530036465)"
CALIFORNIA AND DIVERSEY,1511,2800 N CALIFORNIA AVE,01/01/2016,8,1157189.355049829,1918495.644754069,41.932120719,-87.6977653,"(41.93212071910647, -87.69776530036465)"
BLUE ISLAND AND DAMEN,2281,2416 S DAMEN AVENUE,01/07/2015,7,1163378.697434511,1887916.370760201,41.848080596,-87.675881338,"(41.84808059558783, -87.67588133802435)"
GRAND AND OAK PARK,1523,6800 W GRAND AVENUE,12/11/2016,8,1130668.89526974,1915248.469290467,41.923708193,-87.795300781,"(41.92370819286044, -87.79530078123082)"
PULASKI AND CHICAGO,1982,800 N PULASKI ROAD,01/16/2015,2,1149538.444844035,1905079.034990625,41.895456457,-87.726230541,"(41.895456456825386, -87.72623054051289)"
GRAND AND OAK PARK,1523,6800 W GRAND AVENUE,01/25/2015,7,1130668.89526974,1915248.469290467,41.923708193,-87.795300781,"(41.92370819286044, -87.79530078123082)"
RIDGE AND CLARK,1051,5930 N CLARK STREET,02/19/2015,7,1164554.784723473,1939388.511516442,41.98929863,-87.670104121,"(41.98929863013193, -87.67010412112992)"
PULASKI AND 79TH,2494,4000 W 79TH STREET,12/30/2016,8,1151074.116357501,1851966.830243835,41.749679359,-87.721978345,"(41.74967935883473, -87.72197834524168)"
HALSTED AND DIVISION,1711,1200 N HALSTED,09/24/2016,14,1170746.639428735,1908242.256010774,41.903698308,-87.648245351,"(41.90369830765008, -87.64824535062563)"
RIDGE AND CLARK,1052,5930 N CLARK STREET,04/10/2016,5,1164554.784723473,1939388.511516442,41.98929863,-87.670104121,"(41.98929863013193, -87.67010412112992)"
CALIFORNIA AND DIVERSEY,1511,2800 N CALIFORNIA AVE,01/08/2015,5,1157189.355049829,1918495.644754069,41.932120719,-87.6977653,"(41.93212071910647, -87.69776530036465)"
PULASKI AND FULLERTON,1481,2400 N PULASKI RD,12/29/2016,2,1149275.963864089,1915687.631931757,41.924572574,-87.726919111,"(41.92457257416937, -87.72691911144182)"
LAWRENCE AND CICERO,1042,4800 N CICERO AVENUE,11/05/2014,11,1143464.651785526,1931490.551883203,41.968048007,-87.747875985,"(41.968048007293845, -87.74787598468126)"
LAWRENCE AND CICERO,1042,4800 N CICERO AVENUE,09/10/2015,3,1143464.651785526,1931490.551883203,41.968048007,-87.747875985,"(41.968048007293845, -87.74787598468126)"
ADDISON AND HARLEM,1593,7200 W ADDISON,05/29/2016,1,1127417.488447099,1923123.407710965,41.945373358,-87.807070326,"(41.94537335809189, -87.80707032561135)"
LAWRENCE AND WESTERN,1192,4800 N WESTERN AVENUE,05/08/2015,1,1159459.622430471,1931821.342623414,41.968640727,-87.689054241,"(41.96864072747715, -87.6890542408374)"
31ST AND CALIFORNIA,2061,3100 S CALIFORNIA,09/14/2014,1,1158151.943135347,1883939.950079683,41.83727705,-87.695172247,"(41.837277050366296, -87.69517224651918)"
CLARK AND FULLERTON,1631,2400 N CLARK ST,12/25/2016,2,1172749.562209477,1916238.997132859,41.925597623,-87.640650973,"(41.925597623023144, -87.64065097309872)"
WESTERN AND MARQUETTE,2674,2400 W MARQUETTE ROAD,02/02/2017,4,1161509.889315231,1860208.627404126,41.772086214,-87.683508858,"(41.772086214104526, -87.68350885781568)"
ARCHER AND CICERO,2084,5400 S ARCHER AVE,01/30/2017,7,1145209.426392053,1869810.657411975,41.798758208,-87.743020541,"(41.798758207843264, -87.74302054146467)"
LAWRENCE AND CICERO,1041,4800 N CICERO AVE,07/13/2016,3,1143464.651785526,1931490.551883203,41.968048007,-87.747875985,"(41.968048007293845, -87.74787598468126)"
PULASKI AND FULLERTON,1484,4000 W FULLERTON AVE,08/21/2015,6,1149303.081963737,1915695.275222648,41.924593022,-87.726819268,"(41.92459302175305, -87.7268192684032)"
GRAND AND OAK PARK,1524,6800 W GRAND AVENUE,09/18/2015,13,1130668.89526974,1915248.469290467,41.923708193,-87.795300781,"(41.92370819286044, -87.79530078123082)"
PETERSON AND WESTERN,1011,6000 N WESTERN AVE,06/12/2015,6,1159190.625032041,1939816.75471116,41.990586042,-87.689822473,"(41.99058604241958, -87.68982247294417)"
ASHLAND AND DIVISION,1793,1600 W DIVISION STREET,06/26/2015,3,1165489.684200442,1908112.312963909,41.903455316,-87.667558994,"(41.903455316483814, -87.66755899396976)"
GRAND AND OAK PARK,1523,6800 W GRAND AVENUE,11/21/2015,4,1130668.89526974,1915248.469290467,41.923708193,-87.795300781,"(41.92370819286044, -87.79530078123082)"
RIDGE AND CLARK,1051,5930 N CLARK STREET,05/12/2017,1,1164554.784723473,1939388.511516442,41.98929863,-87.670104121,"(41.98929863013193, -87.67010412112992)"
LAWRENCE AND WESTERN,1192,4800 N WESTERN AVENUE,09/04/2014,2,1159459.622430471,1931821.342623414,41.968640727,-87.689054241,"(41.96864072747715, -87.6890542408374)"
PULASKI AND 79TH,2492,7900 S PULASKI ROAD,12/18/2014,2,1151054.87395657,1851842.663854121,41.749339,-87.722052091,"(41.74933900008238, -87.72205209091501)"
WESTERN AND 63RD,2371,6300 S WESTERN AVE,10/14/2014,8,1161415.712688877,1862772.38856596,41.779123484,-87.683783099,"(41.77912348383963, -87.68378309863576)"
PULASKI AND 63RD,2343,4000 W 63RD ST,07/26/2014,5,1150768.346768175,1862564.615405259,41.77876739,-87.722823195,"(41.778767390084305, -87.72282319530368)"
PULASKI AND BELMONT,1383,4000 W BELMONT AVE,11/15/2015,1,1149131.866894851,1921018.50498026,41.93920375,-87.727310134,"(41.93920374986553, -87.72731013414392)"
WESTERN AND 63RD,2371,6300 S WESTERN AVE,01/25/2015,2,1161415.712688877,1862772.38856596,41.779123484,-87.683783099,"(41.77912348383963, -87.68378309863576)"
ARCHER AND CICERO,2084,5400 S ARCHER AVE,07/15/2015,5,1145209.426392053,1869810.657411975,41.798758208,-87.743020541,"(41.798758207843264, -87.74302054146467)"
ADDISON AND HARLEM,1593,7200 W ADDISON,12/01/2014,1,1127417.488447099,1923123.407710965,41.945373358,-87.807070326,"(41.94537335809189, -87.80707032561135)"
79TH AND KEDZIE,2442,7900 S KEDZIE AVE,03/16/2016,1,1156378.39667768,1852021.375281577,41.749723972,-87.702539572,"(41.749723971726056, -87.70253957167394)"
PULASKI AND BELMONT,1383,4000 W BELMONT AVE,08/04/2015,1,1149131.866894851,1921018.50498026,41.93920375,-87.727310134,"(41.93920374986553, -87.72731013414392)"
KEDZIE AND 47TH,2101,4700 S KEDZIE AVE,08/12/2016,5,1155791.949302478,1873270.778481327,41.808047272,-87.704118822,"(41.80804727165029, -87.70411882229871)"
95TH AND STONEY ISLAND,2514,1600 E 95TH STREET,08/06/2014,13,1188537.746187743,1842339.840767953,41.722449457,-87.585003569,"(41.72244945701069, -87.58500356910938)"
95TH AND STONEY ISLAND,2513,1600 E 95TH STREET,01/07/2017,1,1188537.746187743,1842339.840767953,41.722449457,-87.585003569,"(41.72244945701069, -87.58500356910938)"
PULASKI AND 79TH,2494,4000 W 79TH STREET,07/04/2015,4,1151074.116357501,1851966.830243835,41.749679359,-87.721978345,"(41.74967935883473, -87.72197834524168)"
MADISON AND WESTERN,1934,2400 W MADISON,07/16/2015,2,1160384.621277157,1899988.655722373,41.881270504,-87.68653594,"(41.88127050428818, -87.68653594017124)"
95TH AND STONEY ISLAND,2514,1600 E 95TH STREET,11/26/2016,5,1188537.746187743,1842339.840767953,41.722449457,-87.585003569,"(41.72244945701069, -87.58500356910938)"
CICERO AND DIVERSEY,1691,2800 N CICERO AVENUE,11/18/2015,1,1143863.647574835,1918202.018463414,41.931575608,-87.746743301,"(41.93157560844622, -87.74674330113561)"
87TH AND VINCENNES,2413,848 W 87TH STREET,11/23/2014,16,1172002.531006759,1847197.326168367,41.736157546,-87.6454274,"(41.73615754630335, -87.64542740049411)"
LAWRENCE AND WESTERN,1192,4800 N WESTERN AVENUE,02/28/2015,4,1159459.622430471,1931821.342623414,41.968640727,-87.689054241,"(41.96864072747715, -87.6890542408374)"
31ST AND CALIFORNIA,2061,3100 S CALIFORNIA,11/19/2014,4,1158151.943135347,1883939.950079683,41.83727705,-87.695172247,"(41.837277050366296, -87.69517224651918)"
HALSTED AND DIVISION,1711,1200 N HALSTED,08/28/2016,11,1170746.639428735,1908242.256010774,41.903698308,-87.648245351,"(41.90369830765008, -87.64824535062563)"
PULASKI AND 63RD,2342,6300 S PULASKI RD,04/18/2017,4,1150746.00309079,1862516.747695325,41.778636469,-87.722906356,"(41.77863646878099, -87.72290635568541)"
CALIFORNIA AND DIVERSEY,1511,2800 N CALIFORNIA AVE,11/02/2014,6,1157189.355049829,1918495.644754069,41.932120719,-87.6977653,"(41.93212071910647, -87.69776530036465)"
ADDISON AND HARLEM,1593,7200 W ADDISON,04/22/2016,3,1127417.488447099,1923123.407710965,41.945373358,-87.807070326,"(41.94537335809189, -87.80707032561135)"
COTTAGE GROVE AND 95TH,2602,9500 S COTTAGE GROVE,12/15/2014,2,1183531.307692447,1842122.302108743,41.721970465,-87.60334804,"(41.72197046522736, -87.60334804007711)"
RIDGE AND CLARK,1051,5930 N CLARK STREET,10/20/2016,18,1164554.784723473,1939388.511516442,41.98929863,-87.670104121,"(41.98929863013193, -87.67010412112992)"
PETERSON AND WESTERN,1011,6000 N WESTERN AVE,01/09/2016,2,1159190.625032041,1939816.75471116,41.990586042,-87.689822473,"(41.99058604241958, -87.68982247294417)"
GRAND AND OAK PARK,1524,6800 W GRAND AVENUE,03/05/2015,8,1130668.89526974,1915248.469290467,41.923708193,-87.795300781,"(41.92370819286044, -87.79530078123082)"
LAWRENCE AND CICERO,1042,4800 N CICERO AVENUE,05/26/2016,4,1143464.651785526,1931490.551883203,41.968048007,-87.747875985,"(41.968048007293845, -87.74787598468126)"
PULASKI AND 79TH,2492,7900 S PULASKI ROAD,12/10/2015,4,1151054.87395657,1851842.663854121,41.749339,-87.722052091,"(41.74933900008238, -87.72205209091501)"
ARCHER AND CICERO,2084,5400 S ARCHER AVE,07/25/2016,33,1145209.426392053,1869810.657411975,41.798758208,-87.743020541,"(41.798758207843264, -87.74302054146467)"
GARFIELD AND ASHLAND,2274,1600 W GARFIELD BLVD,08/30/2014,8,1166593.072608676,1868281.842213365,41.79413322,-87.664645263,"(41.79413322022423, -87.66464526320254)"
GRAND AND OAK PARK,1524,6800 W GRAND AVENUE,07/03/2016,9,1130668.89526974,1915248.469290467,41.923708193,-87.795300781,"(41.92370819286044, -87.79530078123082)"
RIDGE AND CLARK,1052,5930 N CLARK STREET,07/30/2014,5,1164554.784723473,1939388.511516442,41.98929863,-87.670104121,"(41.98929863013193, -87.67010412112992)"
95TH AND STONEY ISLAND,2513,1600 E 95TH STREET,03/02/2015,4,1188537.746187743,1842339.840767953,41.722449457,-87.585003569,"(41.72244945701069, -87.58500356910938)"
PETERSON AND WESTERN,1011,6000 N WESTERN AVE,06/13/2015,4,1159190.625032041,1939816.75471116,41.990586042,-87.689822473,"(41.99058604241958, -87.68982247294417)"
AUSTIN AND ADDISON,1493,6000 W ADDISON STREET,03/25/2015,2,1135698.173154422,1923360.229527805,41.945879676,-87.776627421,"(41.94587967559099, -87.77662742093737)"
ELSTON AND LAWRENCE,1284,4440 W LAWRENCE AVENUE,05/29/2017,1,1145715.061027481,1931571.0474838,41.968226398,-87.739599251,"(41.96822639754791, -87.73959925065756)"
PULASKI AND FULLERTON,1481,2400 N PULASKI RD,01/27/2015,1,1149275.963864089,1915687.631931757,41.924572574,-87.726919111,"(41.92457257416937, -87.72691911144182)"
ARCHER AND CICERO,2084,5400 S ARCHER AVE,02/22/2015,3,1145209.426392053,1869810.657411975,41.798758208,-87.743020541,"(41.798758207843264, -87.74302054146467)"
87TH AND VINCENNES,2413,848 W 87TH STREET,04/26/2015,14,1172002.531006759,1847197.326168367,41.736157546,-87.6454274,"(41.73615754630335, -87.64542740049411)"
AUSTIN AND IRVING PARK,1163,6000 W IRVING PARK ROAD,01/24/2017,2,1135622.402636023,1926014.192063646,41.953163772,-87.776842593,"(41.95316377185154, -87.77684259284736)"
ADDISON AND HARLEM,1593,7200 W ADDISON,12/01/2016,1,1127417.488447099,1923123.407710965,41.945373358,-87.807070326,"(41.94537335809189, -87.80707032561135)"
ARCHER/NARRAGANSETT AND 55TH,2073,6400 W ARCHER AVE,07/14/2014,5,1134629.248133949,1867443.543796524,41.792455256,-87.78187685,"(41.79245525550523, -87.78187684987694)"
SACRAMENTO AND CHICAGO,1812,800 N SACRAMENTO AVEN,09/08/2016,13,1156039.008141929,1905193.084100581,41.895640714,-87.702352328,"(41.89564071387542, -87.70235232767416)"
PULASKI AND 79TH,2494,4000 W 79TH STREET,05/03/2016,3,1151074.116357501,1851966.830243835,41.749679359,-87.721978345,"(41.74967935883473, -87.72197834524168)"
GRAND AND OAK PARK,1523,6800 W GRAND AVENUE,10/07/2016,8,1130668.89526974,1915248.469290467,41.923708193,-87.795300781,"(41.92370819286044, -87.79530078123082)"
PULASKI AND CHICAGO,1982,800 N PULASKI ROAD,07/22/2014,1,1149538.444844035,1905079.034990625,41.895456457,-87.726230541,"(41.895456456825386, -87.72623054051289)"
AUSTIN AND IRVING PARK,1163,6000 W IRVING PARK ROAD,04/16/2015,3,1135622.402636023,1926014.192063646,41.953163772,-87.776842593,"(41.95316377185154, -87.77684259284736)"
PULASKI AND 79TH,2494,4000 W 79TH STREET,08/23/2014,3,1151074.116357501,1851966.830243835,41.749679359,-87.721978345,"(41.74967935883473, -87.72197834524168)"
ARCHER AND CICERO,2084,5400 S ARCHER AVE,05/04/2015,4,1145209.426392053,1869810.657411975,41.798758208,-87.743020541,"(41.798758207843264, -87.74302054146467)"
PETERSON AND WESTERN,1011,6000 N WESTERN AVE,09/24/2016,6,1159190.625032041,1939816.75471116,41.990586042,-87.689822473,"(41.99058604241958, -87.68982247294417)"
LAWRENCE AND CICERO,1042,4800 N CICERO AVENUE,01/07/2017,2,1143464.651785526,1931490.551883203,41.968048007,-87.747875985,"(41.968048007293845, -87.74787598468126)"
HALSTED AND DIVISION,1711,1200 N HALSTED,10/18/2015,11,1170746.639428735,1908242.256010774,41.903698308,-87.648245351,"(41.90369830765008, -87.64824535062563)"
ARCHER AND CICERO,2084,5400 S ARCHER AVE,07/03/2016,2,1145209.426392053,1869810.657411975,41.798758208,-87.743020541,"(41.798758207843264, -87.74302054146467)"
87TH AND VINCENNES,2413,848 W 87TH STREET,09/14/2014,9,1172002.531006759,1847197.326168367,41.736157546,-87.6454274,"(41.73615754630335, -87.64542740049411)"
95TH AND STONEY ISLAND,2513,1600 E 95TH STREET,07/31/2016,5,1188537.746187743,1842339.840767953,41.722449457,-87.585003569,"(41.72244945701069, -87.58500356910938)"
SACRAMENTO AND CHICAGO,1812,800 N SACRAMENTO AVEN,11/17/2016,8,1156039.008141929,1905193.084100581,41.895640714,-87.702352328,"(41.89564071387542, -87.70235232767416)"
PULASKI AND FULLERTON,1481,2400 N PULASKI RD,08/09/2016,2,1149275.963864089,1915687.631931757,41.924572574,-87.726919111,"(41.92457257416937, -87.72691911144182)"
87TH AND VINCENNES,2413,848 W 87TH STREET,06/07/2016,10,1172002.531006759,1847197.326168367,41.736157546,-87.6454274,"(41.73615754630335, -87.64542740049411)"
PULASKI AND CHICAGO,1982,800 N PULASKI ROAD,03/29/2015,1,1149538.444844035,1905079.034990625,41.895456457,-87.726230541,"(41.895456456825386, -87.72623054051289)"
95TH AND STONEY ISLAND,2514,1600 E 95TH STREET,07/17/2016,8,1188537.746187743,1842339.840767953,41.722449457,-87.585003569,"(41.72244945701069, -87.58500356910938)"
PULASKI AND FULLERTON,1484,4000 W FULLERTON AVE,11/06/2015,4,1149303.081963737,1915695.275222648,41.924593022,-87.726819268,"(41.92459302175305, -87.7268192684032)"
WESTERN AND MARQUETTE,2674,2400 W MARQUETTE ROAD,06/18/2015,3,1161509.889315231,1860208.627404126,41.772086214,-87.683508858,"(41.772086214104526, -87.68350885781568)"
COTTAGE GROVE AND 95TH,2602,9500 S COTTAGE GROVE,02/07/2015,7,1183531.307692447,1842122.302108743,41.721970465,-87.60334804,"(41.72197046522736, -87.60334804007711)"
ASHLAND AND DIVISION,1793,1600 W DIVISION STREET,12/18/2016,4,1165489.684200442,1908112.312963909,41.903455316,-87.667558994,"(41.903455316483814, -87.66755899396976)"
95TH AND STONEY ISLAND,2514,1600 E 95TH STREET,09/26/2016,11,1188537.746187743,1842339.840767953,41.722449457,-87.585003569,"(41.72244945701069, -87.58500356910938)"
ADDISON AND HARLEM,1593,7200 W ADDISON,08/21/2014,3,1127417.488447099,1923123.407710965,41.945373358,-87.807070326,"(41.94537335809189, -87.80707032561135)"
ARCHER AND CICERO,2084,5400 S ARCHER AVE,10/10/2015,8,1145209.426392053,1869810.657411975,41.798758208,-87.743020541,"(41.798758207843264, -87.74302054146467)"
PULASKI AND BELMONT,1383,4000 W BELMONT AVE,04/25/2016,3,1149131.866894851,1921018.50498026,41.93920375,-87.727310134,"(41.93920374986553, -87.72731013414392)"
31ST AND CALIFORNIA,2061,3100 S CALIFORNIA,02/28/2015,1,1158151.943135347,1883939.950079683,41.83727705,-87.695172247,"(41.837277050366296, -87.69517224651918)"
WESTERN AND 63RD,2371,6300 S WESTERN AVE,05/20/2017,5,1161415.712688877,1862772.38856596,41.779123484,-87.683783099,"(41.77912348383963, -87.68378309863576)"
PETERSON AND WESTERN,1011,6000 N WESTERN AVE,04/09/2016,2,1159190.625032041,1939816.75471116,41.990586042,-87.689822473,"(41.99058604241958, -87.68982247294417)"
CALIFORNIA AND DIVERSEY,1511,2800 N CALIFORNIA AVE,01/23/2017,6,1157189.355049829,1918495.644754069,41.932120719,-87.6977653,"(41.93212071910647, -87.69776530036465)"
GRAND AND OAK PARK,1524,6800 W GRAND AVENUE,11/02/2015,12,1130668.89526974,1915248.469290467,41.923708193,-87.795300781,"(41.92370819286044, -87.79530078123082)"
LAWRENCE AND CICERO,1042,4800 N CICERO AVENUE,09/20/2014,10,1143464.651785526,1931490.551883203,41.968048007,-87.747875985,"(41.968048007293845, -87.74787598468126)"
CICERO AND DIVERSEY,1691,2800 N CICERO AVENUE,04/26/2016,6,1143863.647574835,1918202.018463414,41.931575608,-87.746743301,"(41.93157560844622, -87.74674330113561)"
ASHLAND AND DIVISION,1793,1600 W DIVISION STREET,01/07/2016,2,1165489.684200442,1908112.312963909,41.903455316,-87.667558994,"(41.903455316483814, -87.66755899396976)"
MADISON AND WESTERN,1934,2400 W MADISON,01/08/2017,5,1160384.621277157,1899988.655722373,41.881270504,-87.68653594,"(41.88127050428818, -87.68653594017124)"
PULASKI AND CHICAGO,1982,800 N PULASKI ROAD,04/16/2015,1,1149538.444844035,1905079.034990625,41.895456457,-87.726230541,"(41.895456456825386, -87.72623054051289)"
GRAND AND OAK PARK,1523,6800 W GRAND AVENUE,10/09/2015,5,1130668.89526974,1915248.469290467,41.923708193,-87.795300781,"(41.92370819286044, -87.79530078123082)"
87TH AND VINCENNES,2413,848 W 87TH STREET,03/13/2015,5,1172002.531006759,1847197.326168367,41.736157546,-87.6454274,"(41.73615754630335, -87.64542740049411)"
87TH AND VINCENNES,2413,848 W 87TH STREET,05/22/2017,16,1172002.531006759,1847197.326168367,41.736157546,-87.6454274,"(41.73615754630335, -87.64542740049411)"
PULASKI AND 79TH,2494,4000 W 79TH STREET,09/28/2016,5,1151074.116357501,1851966.830243835,41.749679359,-87.721978345,"(41.74967935883473, -87.72197834524168)"
SACRAMENTO AND CHICAGO,1812,800 N SACRAMENTO AVEN,10/26/2015,9,1156039.008141929,1905193.084100581,41.895640714,-87.702352328,"(41.89564071387542, -87.70235232767416)"
95TH AND STONEY ISLAND,2513,1600 E 95TH STREET,12/17/2014,7,1188537.746187743,1842339.840767953,41.722449457,-87.585003569,"(41.72244945701069, -87.58500356910938)"
PULASKI AND FULLERTON,1481,2400 N PULASKI RD,03/05/2017,2,1149275.963864089,1915687.631931757,41.924572574,-87.726919111,"(41.92457257416937, -87.72691911144182)"
ASHLAND AND DIVISION,1793,1600 W DIVISION STREET,05/08/2015,2,1165489.684200442,1908112.312963909,41.903455316,-87.667558994,"(41.903455316483814, -87.66755899396976)"
CICERO AND DIVERSEY,1691,2800 N CICERO AVENUE,11/06/2016,3,1143863.647574835,1918202.018463414,41.931575608,-87.746743301,"(41.93157560844622, -87.74674330113561)"
95TH AND STONEY ISLAND,2514,1600 E 95TH STREET,04/17/2015,9,1188537.746187743,1842339.840767953,41.722449457,-87.585003569,"(41.72244945701069, -87.58500356910938)"
AUSTIN AND ADDISON,1493,6000 W ADDISON STREET,08/14/2016,1,1135698.173154422,1923360.229527805,41.945879676,-87.776627421,"(41.94587967559099, -87.77662742093737)"
HALSTED AND DIVISION,1711,1200 N HALSTED,10/17/2016,6,1170746.639428735,1908242.256010774,41.903698308,-87.648245351,"(41.90369830765008, -87.64824535062563)"
PULASKI AND BELMONT,1383,4000 W BELMONT AVE,01/01/2016,4,1149131.866894851,1921018.50498026,41.93920375,-87.727310134,"(41.93920374986553, -87.72731013414392)"
LAWRENCE AND CICERO,1041,4800 N CICERO AVE,12/21/2016,9,1143464.651785526,1931490.551883203,41.968048007,-87.747875985,"(41.968048007293845, -87.74787598468126)"
HALSTED AND DIVISION,1711,1200 N HALSTED,09/25/2015,8,1170746.639428735,1908242.256010774,41.903698308,-87.648245351,"(41.90369830765008, -87.64824535062563)"
PULASKI AND FULLERTON,1484,4000 W FULLERTON AVE,04/02/2017,4,1149303.081963737,1915695.275222648,41.924593022,-87.726819268,"(41.92459302175305, -87.7268192684032)"
PULASKI AND 79TH,2494,4000 W 79TH STREET,11/23/2015,3,1151074.116357501,1851966.830243835,41.749679359,-87.721978345,"(41.74967935883473, -87.72197834524168)"
RIDGE AND CLARK,1052,5930 N CLARK STREET,02/11/2015,3,1164554.784723473,1939388.511516442,41.98929863,-87.670104121,"(41.98929863013193, -87.67010412112992)"
PULASKI AND 63RD,2343,4000 W 63RD ST,05/23/2017,5,1150768.346768175,1862564.615405259,41.77876739,-87.722823195,"(41.778767390084305, -87.72282319530368)"
95TH AND STONEY ISLAND,2513,1600 E 95TH STREET,12/03/2015,3,1188537.746187743,1842339.840767953,41.722449457,-87.585003569,"(41.72244945701069, -87.58500356910938)"
WESTERN AND MARQUETTE,2674,2400 W MARQUETTE ROAD,06/16/2015,2,1161509.889315231,1860208.627404126,41.772086214,-87.683508858,"(41.772086214104526, -87.68350885781568)"
PETERSON AND WESTERN,1011,6000 N WESTERN AVE,01/08/2015,2,1159190.625032041,1939816.75471116,41.990586042,-87.689822473,"(41.99058604241958, -87.68982247294417)"
SACRAMENTO AND CHICAGO,1812,800 N SACRAMENTO AVEN,09/17/2014,5,1156039.008141929,1905193.084100581,41.895640714,-87.702352328,"(41.89564071387542, -87.70235232767416)"
CENTRAL AND CHICAGO,1972,800 N CENTRAL AVENUE,12/25/2016,4,1138836.562608552,1904801.732832435,41.894896579,-87.765543258,"(41.89489657939746, -87.76554325845893)"
KEDZIE AND 47TH,2101,4700 S KEDZIE AVE,05/22/2015,1,1155791.949302478,1873270.778481327,41.808047272,-87.704118822,"(41.80804727165029, -87.70411882229871)"
ARCHER/NARRAGANSETT AND 55TH,2074,6400 W ARCHER AVE,09/01/2014,6,1134629.248133949,1867443.543796524,41.792455256,-87.78187685,"(41.79245525550523, -87.78187684987694)"
AUSTIN AND IRVING PARK,1163,6000 W IRVING PARK ROAD,10/10/2016,4,1135622.402636023,1926014.192063646,41.953163772,-87.776842593,"(41.95316377185154, -87.77684259284736)"
PULASKI AND BELMONT,1383,4000 W BELMONT AVE,04/04/2015,1,1149131.866894851,1921018.50498026,41.93920375,-87.727310134,"(41.93920374986553, -87.72731013414392)"
PULASKI AND ARCHER,2153,5000 S ARCHER AVE,04/18/2017,2,1150501.818909837,1871162.311703322,41.802365973,-87.723576766,"(41.80236597333895, -87.72357676611004)"
MADISON AND WESTERN,1934,2400 W MADISON,11/06/2015,3,1160384.621277157,1899988.655722373,41.881270504,-87.68653594,"(41.88127050428818, -87.68653594017124)"
35TH AND WESTERN,2091,3500 S WESTERN,05/04/2017,2,1160894.949857101,1881376.851112895,41.830187255,-87.685177925,"(41.83018725526863, -87.68517792510231)"
PULASKI AND 79TH,2494,4000 W 79TH STREET,01/03/2016,1,1151074.116357501,1851966.830243835,41.749679359,-87.721978345,"(41.74967935883473, -87.72197834524168)"
PULASKI AND CHICAGO,1982,800 N PULASKI ROAD,02/28/2016,1,1149538.444844035,1905079.034990625,41.895456457,-87.726230541,"(41.895456456825386, -87.72623054051289)"
AUSTIN AND IRVING PARK,1163,6000 W IRVING PARK ROAD,10/21/2014,1,1135622.402636023,1926014.192063646,41.953163772,-87.776842593,"(41.95316377185154, -87.77684259284736)"
CICERO AND DIVERSEY,1691,2800 N CICERO AVENUE,12/31/2016,5,1143863.647574835,1918202.018463414,41.931575608,-87.746743301,"(41.93157560844622, -87.74674330113561)"
AUSTIN AND IRVING PARK,1163,6000 W IRVING PARK ROAD,04/10/2015,1,1135622.402636023,1926014.192063646,41.953163772,-87.776842593,"(41.95316377185154, -87.77684259284736)"
CALIFORNIA AND DIVERSEY,1511,2800 N CALIFORNIA AVE,04/08/2017,6,1157189.355049829,1918495.644754069,41.932120719,-87.6977653,"(41.93212071910647, -87.69776530036465)"
RIDGE AND CLARK,1051,5930 N CLARK STREET,12/15/2015,6,1164554.784723473,1939388.511516442,41.98929863,-87.670104121,"(41.98929863013193, -87.67010412112992)"
95TH AND STONEY ISLAND,2514,1600 E 95TH STREET,08/11/2014,6,1188537.746187743,1842339.840767953,41.722449457,-87.585003569,"(41.72244945701069, -87.58500356910938)"
MADISON AND CENTRAL,1754,5600 W MADISON STREET,08/03/2014,2,1139033.690528149,1899503.712147867,41.880354556,-87.764948136,"(41.88035455632559, -87.76494813634785)"
AUSTIN AND ADDISON,1493,6000 W ADDISON STREET,12/17/2015,3,1135698.173154422,1923360.229527805,41.945879676,-87.776627421,"(41.94587967559099, -87.77662742093737)"
WESTERN AND MARQUETTE,2674,2400 W MARQUETTE ROAD,07/29/2016,5,1161509.889315231,1860208.627404126,41.772086214,-87.683508858,"(41.772086214104526, -87.68350885781568)"
CICERO AND ADDISON,1612,3600 N CICERO AVENUE,12/25/2016,3,1143698.904601495,1923517.005821035,41.946163524,-87.747215169,"(41.94616352362556, -87.74721516897007)"
CALIFORNIA AND DIVERSEY,1511,2800 N CALIFORNIA AVE,06/13/2015,7,1157189.355049829,1918495.644754069,41.932120719,-87.6977653,"(41.93212071910647, -87.69776530036465)"
71ST AND ASHLAND,2394,1600 W 71ST,03/24/2017,5,1166890.012333149,1857674.2502247,41.765018306,-87.66385923,"(41.76501830555763, -87.66385923012646)"
STATE AND 79TH,2654,1 E 79TH STREET,05/30/2017,28,1177680.113652821,1852598.313477786,41.750852096,-87.624463832,"(41.75085209551078, -87.62446383210285)"
87TH AND VINCENNES,2413,848 W 87TH STREET,12/23/2014,3,1172002.531006759,1847197.326168367,41.736157546,-87.6454274,"(41.73615754630335, -87.64542740049411)"
PULASKI AND 79TH,2492,7900 S PULASKI ROAD,01/16/2016,5,1151054.87395657,1851842.663854121,41.749339,-87.722052091,"(41.74933900008238, -87.72205209091501)"
WESTERN AND MARQUETTE,2674,2400 W MARQUETTE ROAD,04/27/2015,1,1161509.889315231,1860208.627404126,41.772086214,-87.683508858,"(41.772086214104526, -87.68350885781568)"
95TH AND STONEY ISLAND,2513,1600 E 95TH STREET,11/17/2016,3,1188537.746187743,1842339.840767953,41.722449457,-87.585003569,"(41.72244945701069, -87.58500356910938)"
PETERSON AND WESTERN,1011,6000 N WESTERN AVE,09/03/2016,1,1159190.625032041,1939816.75471116,41.990586042,-87.689822473,"(41.99058604241958, -87.68982247294417)"
KEDZIE AND 47TH,2101,4700 S KEDZIE AVE,08/13/2015,3,1155791.949302478,1873270.778481327,41.808047272,-87.704118822,"(41.80804727165029, -87.70411882229871)"
GARFIELD AND ASHLAND,2274,1600 W GARFIELD BLVD,01/08/2015,4,1166593.072608676,1868281.842213365,41.79413322,-87.664645263,"(41.79413322022423, -87.66464526320254)"
PETERSON AND WESTERN,1011,6000 N WESTERN AVE,07/13/2014,7,1159190.625032041,1939816.75471116,41.990586042,-87.689822473,"(41.99058604241958, -87.68982247294417)"
PULASKI AND FULLERTON,1484,4000 W FULLERTON AVE,11/15/2015,2,1149303.081963737,1915695.275222648,41.924593022,-87.726819268,"(41.92459302175305, -87.7268192684032)"
BLUE ISLAND AND DAMEN,2281,2416 S DAMEN AVENUE,11/29/2014,8,1163378.697434511,1887916.370760201,41.848080596,-87.675881338,"(41.84808059558783, -87.67588133802435)"
LAWRENCE AND CICERO,1042,4800 N CICERO AVENUE,11/07/2015,5,1143464.651785526,1931490.551883203,41.968048007,-87.747875985,"(41.968048007293845, -87.74787598468126)"
PULASKI AND FULLERTON,1484,4000 W FULLERTON AVE,11/02/2016,7,1149303.081963737,1915695.275222648,41.924593022,-87.726819268,"(41.92459302175305, -87.7268192684032)"
ARCHER AND CICERO,2084,5400 S ARCHER AVE,01/03/2016,3,1145209.426392053,1869810.657411975,41.798758208,-87.743020541,"(41.798758207843264, -87.74302054146467)"
PULASKI AND 79TH,2494,4000 W 79TH STREET,11/27/2014,1,1151074.116357501,1851966.830243835,41.749679359,-87.721978345,"(41.74967935883473, -87.72197834524168)"
RIDGE AND CLARK,1052,5930 N CLARK STREET,03/01/2016,3,1164554.784723473,1939388.511516442,41.98929863,-87.670104121,"(41.98929863013193, -87.67010412112992)"
PULASKI AND FULLERTON,1481,2400 N PULASKI RD,10/31/2016,3,1149275.963864089,1915687.631931757,41.924572574,-87.726919111,"(41.92457257416937, -87.72691911144182)"
KEDZIE AND 47TH,2101,4700 S KEDZIE AVE,04/03/2016,3,1155791.949302478,1873270.778481327,41.808047272,-87.704118822,"(41.80804727165029, -87.70411882229871)"
KEDZIE AND 47TH,2101,4700 S KEDZIE AVE,07/16/2015,5,1155791.949302478,1873270.778481327,41.808047272,-87.704118822,"(41.80804727165029, -87.70411882229871)"
GRAND AND OAK PARK,1523,6800 W GRAND AVENUE,02/27/2016,5,1130668.89526974,1915248.469290467,41.923708193,-87.795300781,"(41.92370819286044, -87.79530078123082)"
99TH AND HALSTED,2433,800 W 99TH ST,12/24/2016,12,1172710.642565684,1839246.330602143,41.714323337,-87.643066714,"(41.71432333701137, -87.64306671421937)"
PULASKI AND BELMONT,1383,4000 W BELMONT AVE,01/02/2016,2,1149131.866894851,1921018.50498026,41.93920375,-87.727310134,"(41.93920374986553, -87.72731013414392)"
HALSTED AND DIVISION,1711,1200 N HALSTED,08/01/2015,6,1170746.639428735,1908242.256010774,41.903698308,-87.648245351,"(41.90369830765008, -87.64824535062563)"
ARCHER AND CICERO,2084,5400 S ARCHER AVE,10/19/2016,7,1145209.426392053,1869810.657411975,41.798758208,-87.743020541,"(41.798758207843264, -87.74302054146467)"
LAWRENCE AND CICERO,1042,4800 N CICERO AVENUE,05/29/2017,3,1143464.651785526,1931490.551883203,41.968048007,-87.747875985,"(41.968048007293845, -87.74787598468126)"
GRAND AND OAK PARK,1524,6800 W GRAND AVENUE,05/06/2017,5,1130668.89526974,1915248.469290467,41.923708193,-87.795300781,"(41.92370819286044, -87.79530078123082)"
CICERO AND DIVERSEY,1691,2800 N CICERO AVENUE,06/14/2015,1,1143863.647574835,1918202.018463414,41.931575608,-87.746743301,"(41.93157560844622, -87.74674330113561)"
GRAND AND OAK PARK,1523,6800 W GRAND AVENUE,01/25/2016,2,1130668.89526974,1915248.469290467,41.923708193,-87.795300781,"(41.92370819286044, -87.79530078123082)"
PULASKI AND 63RD,2343,4000 W 63RD ST,08/28/2014,5,1150768.346768175,1862564.615405259,41.77876739,-87.722823195,"(41.778767390084305, -87.72282319530368)"
LAWRENCE AND CICERO,1041,4800 N CICERO AVE,01/31/2015,8,1143464.651785526,1931490.551883203,41.968048007,-87.747875985,"(41.968048007293845, -87.74787598468126)"
GRAND AND OAK PARK,1523,6800 W GRAND AVENUE,08/21/2015,10,1130668.89526974,1915248.469290467,41.923708193,-87.795300781,"(41.92370819286044, -87.79530078123082)"
ADDISON AND HARLEM,1593,7200 W ADDISON,11/16/2014,2,1127417.488447099,1923123.407710965,41.945373358,-87.807070326,"(41.94537335809189, -87.80707032561135)"
ASHLAND AND DIVISION,1793,1600 W DIVISION STREET,01/09/2017,1,1165489.684200442,1908112.312963909,41.903455316,-87.667558994,"(41.903455316483814, -87.66755899396976)"
GRAND AND OAK PARK,1523,6800 W GRAND AVENUE,08/14/2014,4,1130668.89526974,1915248.469290467,41.923708193,-87.795300781,"(41.92370819286044, -87.79530078123082)"
STATE AND 79TH,2651,7900 S STATE STREET,05/30/2017,8,1177618.166929966,1852621.870232838,41.750918138,-87.624690123,"(41.7509181383154, -87.62469012251644)"
PULASKI AND 79TH,2492,7900 S PULASKI ROAD,12/28/2016,1,1151054.87395657,1851842.663854121,41.749339,-87.722052091,"(41.74933900008238, -87.72205209091501)"
PULASKI AND MONTROSE,1292,4400 N PULASKI ROAD,11/21/2014,3,1148894.146173785,1928968.481843755,41.961023721,-87.727977456,"(41.961023721270585, -87.72797745595682)"
WESTERN AND 63RD,2371,6300 S WESTERN AVE,10/25/2015,5,1161415.712688877,1862772.38856596,41.779123484,-87.683783099,"(41.77912348383963, -87.68378309863576)"
LAWRENCE AND CICERO,1041,4800 N CICERO AVE,04/24/2016,3,1143464.651785526,1931490.551883203,41.968048007,-87.747875985,"(41.968048007293845, -87.74787598468126)"
95TH AND STONEY ISLAND,2514,1600 E 95TH STREET,08/10/2015,7,1188537.746187743,1842339.840767953,41.722449457,-87.585003569,"(41.72244945701069, -87.58500356910938)"
PULASKI AND 63RD,2343,4000 W 63RD ST,06/05/2016,2,1150768.346768175,1862564.615405259,41.77876739,-87.722823195,"(41.778767390084305, -87.72282319530368)"
87TH AND VINCENNES,2413,848 W 87TH STREET,03/07/2016,4,1172002.531006759,1847197.326168367,41.736157546,-87.6454274,"(41.73615754630335, -87.64542740049411)"
AUSTIN AND ADDISON,1493,6000 W ADDISON STREET,05/19/2016,3,1135698.173154422,1923360.229527805,41.945879676,-87.776627421,"(41.94587967559099, -87.77662742093737)"
PULASKI AND 63RD,2343,4000 W 63RD ST,10/10/2015,3,1150768.346768175,1862564.615405259,41.77876739,-87.722823195,"(41.778767390084305, -87.72282319530368)"
79TH AND KEDZIE,2442,7900 S KEDZIE AVE,09/27/2014,1,1156378.39667768,1852021.375281577,41.749723972,-87.702539572,"(41.749723971726056, -87.70253957167394)"
AUSTIN AND ADDISON,1493,6000 W ADDISON STREET,03/09/2017,1,1135698.173154422,1923360.229527805,41.945879676,-87.776627421,"(41.94587967559099, -87.77662742093737)"
WESTERN AND 63RD,2371,6300 S WESTERN AVE,08/24/2014,1,1161415.712688877,1862772.38856596,41.779123484,-87.683783099,"(41.77912348383963, -87.68378309863576)"
GRAND AND OAK PARK,1523,6800 W GRAND AVENUE,05/19/2017,3,1130668.89526974,1915248.469290467,41.923708193,-87.795300781,"(41.92370819286044, -87.79530078123082)"
HALSTED AND DIVISION,1711,1200 N HALSTED,09/07/2015,10,1170746.639428735,1908242.256010774,41.903698308,-87.648245351,"(41.90369830765008, -87.64824535062563)"
GRAND AND OAK PARK,1523,6800 W GRAND AVENUE,03/03/2017,6,1130668.89526974,1915248.469290467,41.923708193,-87.795300781,"(41.92370819286044, -87.79530078123082)"
LAWRENCE AND CICERO,1041,4800 N CICERO AVE,05/26/2016,10,1143464.651785526,1931490.551883203,41.968048007,-87.747875985,"(41.968048007293845, -87.74787598468126)"
LAWRENCE AND CICERO,1041,4800 N CICERO AVE,06/13/2016,8,1143464.651785526,1931490.551883203,41.968048007,-87.747875985,"(41.968048007293845, -87.74787598468126)"
87TH AND VINCENNES,2413,848 W 87TH STREET,05/14/2015,6,1172002.531006759,1847197.326168367,41.736157546,-87.6454274,"(41.73615754630335, -87.64542740049411)"
PULASKI AND 79TH,2492,7900 S PULASKI ROAD,09/26/2015,3,1151054.87395657,1851842.663854121,41.749339,-87.722052091,"(41.74933900008238, -87.72205209091501)"
ADDISON AND HARLEM,1593,7200 W ADDISON,01/30/2017,1,1127417.488447099,1923123.407710965,41.945373358,-87.807070326,"(41.94537335809189, -87.80707032561135)"
95TH AND STONEY ISLAND,2513,1600 E 95TH STREET,08/21/2014,8,1188537.746187743,1842339.840767953,41.722449457,-87.585003569,"(41.72244945701069, -87.58500356910938)"
CALIFORNIA AND DIVERSEY,1511,2800 N CALIFORNIA AVE,02/22/2015,3,1157189.355049829,1918495.644754069,41.932120719,-87.6977653,"(41.93212071910647, -87.69776530036465)"
87TH AND VINCENNES,2413,848 W 87TH STREET,03/27/2016,16,1172002.531006759,1847197.326168367,41.736157546,-87.6454274,"(41.73615754630335, -87.64542740049411)"
GRAND AND OAK PARK,1524,6800 W GRAND AVENUE,05/08/2015,5,1130668.89526974,1915248.469290467,41.923708193,-87.795300781,"(41.92370819286044, -87.79530078123082)"
CICERO AND DIVERSEY,1691,2800 N CICERO AVENUE,01/24/2016,3,1143863.647574835,1918202.018463414,41.931575608,-87.746743301,"(41.93157560844622, -87.74674330113561)"
LAWRENCE AND CICERO,1042,4800 N CICERO AVENUE,07/01/2015,1,1143464.651785526,1931490.551883203,41.968048007,-87.747875985,"(41.968048007293845, -87.74787598468126)"
WESTERN AND 63RD,2371,6300 S WESTERN AVE,01/01/2015,1,1161415.712688877,1862772.38856596,41.779123484,-87.683783099,"(41.77912348383963, -87.68378309863576)"
PULASKI AND BELMONT,1383,4000 W BELMONT AVE,05/10/2015,1,1149131.866894851,1921018.50498026,41.93920375,-87.727310134,"(41.93920374986553, -87.72731013414392)"
COTTAGE GROVE AND 95TH,2602,9500 S COTTAGE GROVE,10/09/2014,5,1183531.307692447,1842122.302108743,41.721970465,-87.60334804,"(41.72197046522736, -87.60334804007711)"
PULASKI AND 63RD,2343,4000 W 63RD ST,02/05/2017,4,1150768.346768175,1862564.615405259,41.77876739,-87.722823195,"(41.778767390084305, -87.72282319530368)"
LAWRENCE AND WESTERN,1192,4800 N WESTERN AVENUE,11/14/2016,7,1159459.622430471,1931821.342623414,41.968640727,-87.689054241,"(41.96864072747715, -87.6890542408374)"
RIDGE AND CLARK,1052,5930 N CLARK STREET,03/26/2015,6,1164554.784723473,1939388.511516442,41.98929863,-87.670104121,"(41.98929863013193, -87.67010412112992)"
KEDZIE AND 47TH,2101,4700 S KEDZIE AVE,10/21/2016,9,1155791.949302478,1873270.778481327,41.808047272,-87.704118822,"(41.80804727165029, -87.70411882229871)"
AUSTIN AND ADDISON,1493,6000 W ADDISON STREET,02/25/2017,2,1135698.173154422,1923360.229527805,41.945879676,-87.776627421,"(41.94587967559099, -87.77662742093737)"
PULASKI AND FULLERTON,1481,2400 N PULASKI RD,08/01/2014,1,1149275.963864089,1915687.631931757,41.924572574,-87.726919111,"(41.92457257416937, -87.72691911144182)"
79TH AND KEDZIE,2443,3200 W 79TH ST,04/18/2017,6,1156402.644780165,1852104.649370984,41.749952001,-87.702448478,"(41.74995200142266, -87.70244847808695)"
LAWRENCE AND WESTERN,1192,4800 N WESTERN AVENUE,11/04/2014,1,1159459.622430471,1931821.342623414,41.968640727,-87.689054241,"(41.96864072747715, -87.6890542408374)"
PETERSON AND WESTERN,1011,6000 N WESTERN AVE,02/03/2017,3,1159190.625032041,1939816.75471116,41.990586042,-87.689822473,"(41.99058604241958, -87.68982247294417)"
PULASKI AND 63RD,2343,4000 W 63RD ST,03/06/2016,3,1150768.346768175,1862564.615405259,41.77876739,-87.722823195,"(41.778767390084305, -87.72282319530368)"
CICERO AND DIVERSEY,1691,2800 N CICERO AVENUE,02/10/2016,3,1143863.647574835,1918202.018463414,41.931575608,-87.746743301,"(41.93157560844622, -87.74674330113561)"
LAWRENCE AND CICERO,1041,4800 N CICERO AVE,05/05/2016,13,1143464.651785526,1931490.551883203,41.968048007,-87.747875985,"(41.968048007293845, -87.74787598468126)"
AUSTIN AND IRVING PARK,1163,6000 W IRVING PARK ROAD,07/11/2014,4,1135622.402636023,1926014.192063646,41.953163772,-87.776842593,"(41.95316377185154, -87.77684259284736)"
CALIFORNIA AND DIVERSEY,1511,2800 N CALIFORNIA AVE,10/13/2014,4,1157189.355049829,1918495.644754069,41.932120719,-87.6977653,"(41.93212071910647, -87.69776530036465)"
MADISON AND WESTERN,1934,2400 W MADISON,06/11/2016,1,1160384.621277157,1899988.655722373,41.881270504,-87.68653594,"(41.88127050428818, -87.68653594017124)"
AUSTIN AND ADDISON,1493,6000 W ADDISON STREET,09/05/2016,4,1135698.173154422,1923360.229527805,41.945879676,-87.776627421,"(41.94587967559099, -87.77662742093737)"
KEDZIE AND 47TH,2101,4700 S KEDZIE AVE,04/11/2015,5,1155791.949302478,1873270.778481327,41.808047272,-87.704118822,"(41.80804727165029, -87.70411882229871)"
PULASKI AND 79TH,2494,4000 W 79TH STREET,10/12/2016,5,1151074.116357501,1851966.830243835,41.749679359,-87.721978345,"(41.74967935883473, -87.72197834524168)"
ELSTON AND LAWRENCE,1282,4800 N ELSTON AVENUE,12/24/2016,1,1145529.344259918,1931501.601268983,41.968039361,-87.740283894,"(41.96803936143674, -87.74028389448999)"
WESTERN AND MARQUETTE,2674,2400 W MARQUETTE ROAD,12/03/2015,2,1161509.889315231,1860208.627404126,41.772086214,-87.683508858,"(41.772086214104526, -87.68350885781568)"
PULASKI AND BELMONT,1383,4000 W BELMONT AVE,06/24/2016,1,1149131.866894851,1921018.50498026,41.93920375,-87.727310134,"(41.93920374986553, -87.72731013414392)"
87TH AND VINCENNES,2413,848 W 87TH STREET,09/25/2014,4,1172002.531006759,1847197.326168367,41.736157546,-87.6454274,"(41.73615754630335, -87.64542740049411)"
MADISON AND WESTERN,1934,2400 W MADISON,04/16/2015,1,1160384.621277157,1899988.655722373,41.881270504,-87.68653594,"(41.88127050428818, -87.68653594017124)"
PULASKI AND FULLERTON,1484,4000 W FULLERTON AVE,07/31/2014,2,1149303.081963737,1915695.275222648,41.924593022,-87.726819268,"(41.92459302175305, -87.7268192684032)"
PULASKI AND 79TH,2494,4000 W 79TH STREET,12/06/2014,1,1151074.116357501,1851966.830243835,41.749679359,-87.721978345,"(41.74967935883473, -87.72197834524168)"
PULASKI AND 79TH,2492,7900 S PULASKI ROAD,11/28/2014,3,1151054.87395657,1851842.663854121,41.749339,-87.722052091,"(41.74933900008238, -87.72205209091501)"
KEDZIE AND 47TH,2101,4700 S KEDZIE AVE,09/01/2016,5,1155791.949302478,1873270.778481327,41.808047272,-87.704118822,"(41.80804727165029, -87.70411882229871)"
ARCHER/NARRAGANSETT AND 55TH,2074,6400 W ARCHER AVE,01/24/2015,2,1134629.248133949,1867443.543796524,41.792455256,-87.78187685,"(41.79245525550523, -87.78187684987694)"
PULASKI AND CHICAGO,1982,800 N PULASKI ROAD,01/11/2016,2,1149538.444844035,1905079.034990625,41.895456457,-87.726230541,"(41.895456456825386, -87.72623054051289)"
AUSTIN AND IRVING PARK,1163,6000 W IRVING PARK ROAD,11/24/2015,1,1135622.402636023,1926014.192063646,41.953163772,-87.776842593,"(41.95316377185154, -87.77684259284736)"
GRAND AND OAK PARK,1524,6800 W GRAND AVENUE,10/11/2016,7,1130668.89526974,1915248.469290467,41.923708193,-87.795300781,"(41.92370819286044, -87.79530078123082)"
SACRAMENTO AND CHICAGO,1812,800 N SACRAMENTO AVEN,11/28/2014,4,1156039.008141929,1905193.084100581,41.895640714,-87.702352328,"(41.89564071387542, -87.70235232767416)"
95TH AND STONEY ISLAND,2514,1600 E 95TH STREET,11/05/2016,3,1188537.746187743,1842339.840767953,41.722449457,-87.585003569,"(41.72244945701069, -87.58500356910938)"
WESTERN AND MARQUETTE,2674,2400 W MARQUETTE ROAD,02/21/2016,3,1161509.889315231,1860208.627404126,41.772086214,-87.683508858,"(41.772086214104526, -87.68350885781568)"
MADISON AND WESTERN,1934,2400 W MADISON,01/23/2016,1,1160384.621277157,1899988.655722373,41.881270504,-87.68653594,"(41.88127050428818, -87.68653594017124)"
PULASKI AND 79TH,2494,4000 W 79TH STREET,01/19/2017,2,1151074.116357501,1851966.830243835,41.749679359,-87.721978345,"(41.74967935883473, -87.72197834524168)"
99TH AND HALSTED,2433,800 W 99TH ST,05/04/2017,2,1172710.642565684,1839246.330602143,41.714323337,-87.643066714,"(41.71432333701137, -87.64306671421937)"
MADISON AND WESTERN,1934,2400 W MADISON,11/27/2016,3,1160384.621277157,1899988.655722373,41.881270504,-87.68653594,"(41.88127050428818, -87.68653594017124)"
LAWRENCE AND CICERO,1042,4800 N CICERO AVENUE,10/07/2015,2,1143464.651785526,1931490.551883203,41.968048007,-87.747875985,"(41.968048007293845, -87.74787598468126)"
AUSTIN AND ADDISON,1493,6000 W ADDISON STREET,12/11/2014,1,1135698.173154422,1923360.229527805,41.945879676,-87.776627421,"(41.94587967559099, -87.77662742093737)"
PULASKI AND 79TH,2494,4000 W 79TH STREET,04/29/2017,2,1151074.116357501,1851966.830243835,41.749679359,-87.721978345,"(41.74967935883473, -87.72197834524168)"
PULASKI AND 79TH,2494,4000 W 79TH STREET,09/15/2015,1,1151074.116357501,1851966.830243835,41.749679359,-87.721978345,"(41.74967935883473, -87.72197834524168)"
LAWRENCE AND CICERO,1041,4800 N CICERO AVE,08/06/2014,9,1143464.651785526,1931490.551883203,41.968048007,-87.747875985,"(41.968048007293845, -87.74787598468126)"
MADISON AND WESTERN,1934,2400 W MADISON,01/20/2016,2,1160384.621277157,1899988.655722373,41.881270504,-87.68653594,"(41.88127050428818, -87.68653594017124)"
4700 WESTERN,2142,4700 S WESTERN AVENUE,05/04/2017,2,1161120.438879703,1873431.066474726,41.808378408,-87.684570717,"(41.808378407946726, -87.68457071689552)"
GRAND AND OAK PARK,1523,6800 W GRAND AVENUE,03/29/2015,14,1130668.89526974,1915248.469290467,41.923708193,-87.795300781,"(41.92370819286044, -87.79530078123082)"
WESTERN AND 63RD,2371,6300 S WESTERN AVE,11/22/2015,4,1161415.712688877,1862772.38856596,41.779123484,-87.683783099,"(41.77912348383963, -87.68378309863576)"
PULASKI AND CHICAGO,1982,800 N PULASKI ROAD,09/29/2014,3,1149538.444844035,1905079.034990625,41.895456457,-87.726230541,"(41.895456456825386, -87.72623054051289)"
PULASKI AND 79TH,2492,7900 S PULASKI ROAD,07/16/2015,1,1151054.87395657,1851842.663854121,41.749339,-87.722052091,"(41.74933900008238, -87.72205209091501)"
95TH AND STONEY ISLAND,2513,1600 E 95TH STREET,10/28/2014,8,1188537.746187743,1842339.840767953,41.722449457,-87.585003569,"(41.72244945701069, -87.58500356910938)"
PULASKI AND 79TH,2494,4000 W 79TH STREET,11/12/2014,1,1151074.116357501,1851966.830243835,41.749679359,-87.721978345,"(41.74967935883473, -87.72197834524168)"
SACRAMENTO AND CHICAGO,1812,800 N SACRAMENTO AVEN,03/18/2015,4,1156039.008141929,1905193.084100581,41.895640714,-87.702352328,"(41.89564071387542, -87.70235232767416)"
87TH AND VINCENNES,2413,848 W 87TH STREET,10/23/2014,2,1172002.531006759,1847197.326168367,41.736157546,-87.6454274,"(41.73615754630335, -87.64542740049411)"
95TH AND STONEY ISLAND,2514,1600 E 95TH STREET,04/19/2015,4,1188537.746187743,1842339.840767953,41.722449457,-87.585003569,"(41.72244945701069, -87.58500356910938)"
LAWRENCE AND WESTERN,1192,4800 N WESTERN AVENUE,10/24/2015,1,1159459.622430471,1931821.342623414,41.968640727,-87.689054241,"(41.96864072747715, -87.6890542408374)"
95TH AND STONEY ISLAND,2513,1600 E 95TH STREET,01/10/2017,1,1188537.746187743,1842339.840767953,41.722449457,-87.585003569,"(41.72244945701069, -87.58500356910938)"
GRAND AND OAK PARK,1524,6800 W GRAND AVENUE,08/17/2015,1,1130668.89526974,1915248.469290467,41.923708193,-87.795300781,"(41.92370819286044, -87.79530078123082)"
119TH AND HALSTED,2404,800 W 119TH STREET,12/24/2016,4,1173111.174088158,1825985.001014405,41.677923389,-87.641989646,"(41.677923389134385, -87.64198964584013)"
PULASKI AND FULLERTON,1484,4000 W FULLERTON AVE,10/03/2015,8,1149303.081963737,1915695.275222648,41.924593022,-87.726819268,"(41.92459302175305, -87.7268192684032)"
LAWRENCE AND CICERO,1041,4800 N CICERO AVE,04/14/2016,6,1143464.651785526,1931490.551883203,41.968048007,-87.747875985,"(41.968048007293845, -87.74787598468126)"
LAWRENCE AND CICERO,1041,4800 N CICERO AVE,08/13/2015,3,1143464.651785526,1931490.551883203,41.968048007,-87.747875985,"(41.968048007293845, -87.74787598468126)"
CICERO AND DIVERSEY,1691,2800 N CICERO AVENUE,07/22/2016,2,1143863.647574835,1918202.018463414,41.931575608,-87.746743301,"(41.93157560844622, -87.74674330113561)"
CICERO AND DIVERSEY,1691,2800 N CICERO AVENUE,06/11/2015,2,1143863.647574835,1918202.018463414,41.931575608,-87.746743301,"(41.93157560844622, -87.74674330113561)"
PETERSON AND WESTERN,1011,6000 N WESTERN AVE,04/18/2016,3,1159190.625032041,1939816.75471116,41.990586042,-87.689822473,"(41.99058604241958, -87.68982247294417)"
PULASKI AND 79TH,2494,4000 W 79TH STREET,05/19/2017,5,1151074.116357501,1851966.830243835,41.749679359,-87.721978345,"(41.74967935883473, -87.72197834524168)"
MADISON AND WESTERN,1934,2400 W MADISON,07/14/2015,2,1160384.621277157,1899988.655722373,41.881270504,-87.68653594,"(41.88127050428818, -87.68653594017124)"
LARAMIE AND MADISON,2043,5200 W MADISON STREET,12/24/2016,4,1141706.965522802,1899567.55684314,41.880480752,-87.755130433,"(41.88048075170171, -87.75513043296509)"
ASHLAND AND DIVISION,1793,1600 W DIVISION STREET,01/05/2015,4,1165489.684200442,1908112.312963909,41.903455316,-87.667558994,"(41.903455316483814, -87.66755899396976)"
ARCHER AND CICERO,2084,5400 S ARCHER AVE,05/13/2017,11,1145209.426392053,1869810.657411975,41.798758208,-87.743020541,"(41.798758207843264, -87.74302054146467)"
COTTAGE GROVE AND 95TH,2602,9500 S COTTAGE GROVE,07/14/2014,3,1183531.307692447,1842122.302108743,41.721970465,-87.60334804,"(41.72197046522736, -87.60334804007711)"
LAWRENCE AND CICERO,1041,4800 N CICERO AVE,06/02/2016,6,1143464.651785526,1931490.551883203,41.968048007,-87.747875985,"(41.968048007293845, -87.74787598468126)"
COTTAGE GROVE AND 95TH,2602,9500 S COTTAGE GROVE,10/27/2014,3,1183531.307692447,1842122.302108743,41.721970465,-87.60334804,"(41.72197046522736, -87.60334804007711)"
PETERSON AND WESTERN,1011,6000 N WESTERN AVE,04/26/2015,4,1159190.625032041,1939816.75471116,41.990586042,-87.689822473,"(41.99058604241958, -87.68982247294417)"
GRAND AND OAK PARK,1524,6800 W GRAND AVENUE,06/23/2015,9,1130668.89526974,1915248.469290467,41.923708193,-87.795300781,"(41.92370819286044, -87.79530078123082)"
95TH AND STONEY ISLAND,2514,1600 E 95TH STREET,08/23/2014,10,1188537.746187743,1842339.840767953,41.722449457,-87.585003569,"(41.72244945701069, -87.58500356910938)"
GRAND AND OAK PARK,1523,6800 W GRAND AVENUE,04/25/2016,4,1130668.89526974,1915248.469290467,41.923708193,-87.795300781,"(41.92370819286044, -87.79530078123082)"
PULASKI AND 79TH,2492,7900 S PULASKI ROAD,01/17/2016,3,1151054.87395657,1851842.663854121,41.749339,-87.722052091,"(41.74933900008238, -87.72205209091501)"
87TH AND VINCENNES,2413,848 W 87TH STREET,10/28/2014,8,1172002.531006759,1847197.326168367,41.736157546,-87.6454274,"(41.73615754630335, -87.64542740049411)"
SACRAMENTO AND CHICAGO,1812,800 N SACRAMENTO AVEN,08/31/2016,7,1156039.008141929,1905193.084100581,41.895640714,-87.702352328,"(41.89564071387542, -87.70235232767416)"
AUSTIN AND ADDISON,1493,6000 W ADDISON STREET,11/07/2015,1,1135698.173154422,1923360.229527805,41.945879676,-87.776627421,"(41.94587967559099, -87.77662742093737)"
GARFIELD AND ASHLAND,2274,1600 W GARFIELD BLVD,08/07/2014,6,1166593.072608676,1868281.842213365,41.79413322,-87.664645263,"(41.79413322022423, -87.66464526320254)"
LAWRENCE AND CICERO,1042,4800 N CICERO AVENUE,10/01/2014,3,1143464.651785526,1931490.551883203,41.968048007,-87.747875985,"(41.968048007293845, -87.74787598468126)"
ARCHER/NARRAGANSETT AND 55TH,2073,6400 W ARCHER AVE,01/13/2015,8,1134629.248133949,1867443.543796524,41.792455256,-87.78187685,"(41.79245525550523, -87.78187684987694)"
PULASKI AND 79TH,2492,7900 S PULASKI ROAD,07/20/2014,3,1151054.87395657,1851842.663854121,41.749339,-87.722052091,"(41.74933900008238, -87.72205209091501)"
GRAND AND OAK PARK,1523,6800 W GRAND AVENUE,05/24/2017,5,1130668.89526974,1915248.469290467,41.923708193,-87.795300781,"(41.92370819286044, -87.79530078123082)"
STATE AND 79TH,2654,1 E 79TH STREET,03/24/2017,28,1177680.113652821,1852598.313477786,41.750852096,-87.624463832,"(41.75085209551078, -87.62446383210285)"
BLUE ISLAND AND DAMEN,2281,2416 S DAMEN AVENUE,01/01/2015,2,1163378.697434511,1887916.370760201,41.848080596,-87.675881338,"(41.84808059558783, -87.67588133802435)"
HALSTED AND DIVISION,1711,1200 N HALSTED,05/12/2017,8,1170746.639428735,1908242.256010774,41.903698308,-87.648245351,"(41.90369830765008, -87.64824535062563)"
CICERO AND DIVERSEY,1691,2800 N CICERO AVENUE,11/12/2015,3,1143863.647574835,1918202.018463414,41.931575608,-87.746743301,"(41.93157560844622, -87.74674330113561)"
PULASKI AND 63RD,2343,4000 W 63RD ST,12/16/2016,1,1150768.346768175,1862564.615405259,41.77876739,-87.722823195,"(41.778767390084305, -87.72282319530368)"
79TH AND KEDZIE,2442,7900 S KEDZIE AVE,04/30/2017,1,1156378.39667768,1852021.375281577,41.749723972,-87.702539572,"(41.749723971726056, -87.70253957167394)"
KEDZIE AND 47TH,2101,4700 S KEDZIE AVE,06/27/2016,9,1155791.949302478,1873270.778481327,41.808047272,-87.704118822,"(41.80804727165029, -87.70411882229871)"
WESTERN AND MARQUETTE,2674,2400 W MARQUETTE ROAD,08/01/2015,4,1161509.889315231,1860208.627404126,41.772086214,-87.683508858,"(41.772086214104526, -87.68350885781568)"
PULASKI AND CHICAGO,1982,800 N PULASKI ROAD,08/19/2016,1,1149538.444844035,1905079.034990625,41.895456457,-87.726230541,"(41.895456456825386, -87.72623054051289)"
PULASKI AND FULLERTON,1481,2400 N PULASKI RD,11/07/2015,2,1149275.963864089,1915687.631931757,41.924572574,-87.726919111,"(41.92457257416937, -87.72691911144182)"
LAWRENCE AND WESTERN,1192,4800 N WESTERN AVENUE,11/15/2014,3,1159459.622430471,1931821.342623414,41.968640727,-87.689054241,"(41.96864072747715, -87.6890542408374)"
PULASKI AND CHICAGO,1982,800 N PULASKI ROAD,10/12/2015,1,1149538.444844035,1905079.034990625,41.895456457,-87.726230541,"(41.895456456825386, -87.72623054051289)"
KIMBALL AND LINCOLN,2741,6200 N KIMBALL AVENUE,10/13/2014,1,1152543.355058345,1940954.1008022,41.993841437,-87.714242493,"(41.99384143707685, -87.71424249302686)"
PULASKI AND FULLERTON,1484,4000 W FULLERTON AVE,07/09/2015,1,1149303.081963737,1915695.275222648,41.924593022,-87.726819268,"(41.92459302175305, -87.7268192684032)"
WESTERN AND MARQUETTE,2674,2400 W MARQUETTE ROAD,08/17/2015,3,1161509.889315231,1860208.627404126,41.772086214,-87.683508858,"(41.772086214104526, -87.68350885781568)"
ASHLAND AND DIVISION,1793,1600 W DIVISION STREET,04/09/2015,2,1165489.684200442,1908112.312963909,41.903455316,-87.667558994,"(41.903455316483814, -87.66755899396976)"
AUSTIN AND ADDISON,1493,6000 W ADDISON STREET,12/08/2016,3,1135698.173154422,1923360.229527805,41.945879676,-87.776627421,"(41.94587967559099, -87.77662742093737)"
95TH AND STONEY ISLAND,2513,1600 E 95TH STREET,03/09/2017,2,1188537.746187743,1842339.840767953,41.722449457,-87.585003569,"(41.72244945701069, -87.58500356910938)"
PULASKI AND 79TH,2494,4000 W 79TH STREET,03/14/2017,3,1151074.116357501,1851966.830243835,41.749679359,-87.721978345,"(41.74967935883473, -87.72197834524168)"
HALSTED AND DIVISION,1711,1200 N HALSTED,12/15/2014,3,1170746.639428735,1908242.256010774,41.903698308,-87.648245351,"(41.90369830765008, -87.64824535062563)"
ASHLAND AND DIVISION,1793,1600 W DIVISION STREET,05/08/2016,4,1165489.684200442,1908112.312963909,41.903455316,-87.667558994,"(41.903455316483814, -87.66755899396976)"
SACRAMENTO AND CHICAGO,1812,800 N SACRAMENTO AVEN,12/30/2016,13,1156039.008141929,1905193.084100581,41.895640714,-87.702352328,"(41.89564071387542, -87.70235232767416)"
RIDGE AND CLARK,1052,5930 N CLARK STREET,07/24/2015,3,1164554.784723473,1939388.511516442,41.98929863,-87.670104121,"(41.98929863013193, -87.67010412112992)"
CICERO AND 47TH,2204,4800 W 47TH ST,05/04/2017,5,1145130.048925744,1873078.44198302,41.807727017,-87.743229366,"(41.80772701677172, -87.74322936566276)"
79TH AND KEDZIE,2442,7900 S KEDZIE AVE,08/30/2014,1,1156378.39667768,1852021.375281577,41.749723972,-87.702539572,"(41.749723971726056, -87.70253957167394)"
GRAND AND OAK PARK,1524,6800 W GRAND AVENUE,09/20/2015,13,1130668.89526974,1915248.469290467,41.923708193,-87.795300781,"(41.92370819286044, -87.79530078123082)"
LAWRENCE AND CICERO,1042,4800 N CICERO AVENUE,12/24/2016,1,1143464.651785526,1931490.551883203,41.968048007,-87.747875985,"(41.968048007293845, -87.74787598468126)"
ARCHER AND CICERO,2084,5400 S ARCHER AVE,09/09/2015,7,1145209.426392053,1869810.657411975,41.798758208,-87.743020541,"(41.798758207843264, -87.74302054146467)"
FOSTER AND NAGLE,1031,5200 N NAGLE,05/04/2017,7,1132529.656558223,1934201.702060651,41.97568567,-87.788020406,"(41.97568566971868, -87.78802040620296)"
PULASKI AND 63RD,2343,4000 W 63RD ST,12/03/2015,1,1150768.346768175,1862564.615405259,41.77876739,-87.722823195,"(41.778767390084305, -87.72282319530368)"
PULASKI AND 79TH,2492,7900 S PULASKI ROAD,12/07/2016,4,1151054.87395657,1851842.663854121,41.749339,-87.722052091,"(41.74933900008238, -87.72205209091501)"
CALIFORNIA AND DIVERSEY,1511,2800 N CALIFORNIA AVE,05/15/2015,7,1157189.355049829,1918495.644754069,41.932120719,-87.6977653,"(41.93212071910647, -87.69776530036465)"
LAWRENCE AND CICERO,1041,4800 N CICERO AVE,07/28/2016,8,1143464.651785526,1931490.551883203,41.968048007,-87.747875985,"(41.968048007293845, -87.74787598468126)"
PULASKI AND FULLERTON,1481,2400 N PULASKI RD,05/14/2015,1,1149275.963864089,1915687.631931757,41.924572574,-87.726919111,"(41.92457257416937, -87.72691911144182)"
ARCHER AND CICERO,2084,5400 S ARCHER AVE,09/23/2014,5,1145209.426392053,1869810.657411975,41.798758208,-87.743020541,"(41.798758207843264, -87.74302054146467)"
95TH AND STONEY ISLAND,2513,1600 E 95TH STREET,07/18/2014,8,1188537.746187743,1842339.840767953,41.722449457,-87.585003569,"(41.72244945701069, -87.58500356910938)"
WESTERN AND 63RD,2371,6300 S WESTERN AVE,11/19/2014,1,1161415.712688877,1862772.38856596,41.779123484,-87.683783099,"(41.77912348383963, -87.68378309863576)"
PULASKI AND BELMONT,1383,4000 W BELMONT AVE,09/11/2015,1,1149131.866894851,1921018.50498026,41.93920375,-87.727310134,"(41.93920374986553, -87.72731013414392)"
95TH AND STONEY ISLAND,2514,1600 E 95TH STREET,03/18/2017,6,1188537.746187743,1842339.840767953,41.722449457,-87.585003569,"(41.72244945701069, -87.58500356910938)"
HALSTED AND DIVISION,1711,1200 N HALSTED,12/06/2016,4,1170746.639428735,1908242.256010774,41.903698308,-87.648245351,"(41.90369830765008, -87.64824535062563)"
ARCHER/NARRAGANSETT AND 55TH,2073,6400 W ARCHER AVE,11/28/2014,6,1134629.248133949,1867443.543796524,41.792455256,-87.78187685,"(41.79245525550523, -87.78187684987694)"
95TH AND STONEY ISLAND,2514,1600 E 95TH STREET,04/20/2016,6,1188537.746187743,1842339.840767953,41.722449457,-87.585003569,"(41.72244945701069, -87.58500356910938)"
LAWRENCE AND CICERO,1042,4800 N CICERO AVENUE,05/16/2016,2,1143464.651785526,1931490.551883203,41.968048007,-87.747875985,"(41.968048007293845, -87.74787598468126)"
ADDISON AND HARLEM,1593,7200 W ADDISON,09/29/2016,3,1127417.488447099,1923123.407710965,41.945373358,-87.807070326,"(41.94537335809189, -87.80707032561135)"
MADISON AND WESTERN,1934,2400 W MADISON,12/15/2014,1,1160384.621277157,1899988.655722373,41.881270504,-87.68653594,"(41.88127050428818, -87.68653594017124)"
WESTERN AND MARQUETTE,2674,2400 W MARQUETTE ROAD,02/20/2017,2,1161509.889315231,1860208.627404126,41.772086214,-87.683508858,"(41.772086214104526, -87.68350885781568)"
AUSTIN AND IRVING PARK,1163,6000 W IRVING PARK ROAD,05/22/2017,4,1135622.402636023,1926014.192063646,41.953163772,-87.776842593,"(41.95316377185154, -87.77684259284736)"
HALSTED AND MADISON,1872,1 N HALSTED STREET,12/24/2016,2,1171090.967986833,1900270.454015136,41.881815632,-87.647214717,"(41.88181563164203, -87.64721471704077)"
KEDZIE AND 47TH,2101,4700 S KEDZIE AVE,03/24/2017,5,1155791.949302478,1873270.778481327,41.808047272,-87.704118822,"(41.80804727165029, -87.70411882229871)"
PULASKI AND FULLERTON,1481,2400 N PULASKI RD,04/16/2017,3,1149275.963864089,1915687.631931757,41.924572574,-87.726919111,"(41.92457257416937, -87.72691911144182)"
AUSTIN AND IRVING PARK,1163,6000 W IRVING PARK ROAD,01/18/2015,1,1135622.402636023,1926014.192063646,41.953163772,-87.776842593,"(41.95316377185154, -87.77684259284736)"
SACRAMENTO AND CHICAGO,1812,800 N SACRAMENTO AVEN,12/12/2015,12,1156039.008141929,1905193.084100581,41.895640714,-87.702352328,"(41.89564071387542, -87.70235232767416)"
87TH AND VINCENNES,2413,848 W 87TH STREET,05/19/2015,11,1172002.531006759,1847197.326168367,41.736157546,-87.6454274,"(41.73615754630335, -87.64542740049411)"
SACRAMENTO AND CHICAGO,1812,800 N SACRAMENTO AVEN,03/11/2015,2,1156039.008141929,1905193.084100581,41.895640714,-87.702352328,"(41.89564071387542, -87.70235232767416)"
LAWRENCE AND CICERO,1041,4800 N CICERO AVE,10/28/2014,5,1143464.651785526,1931490.551883203,41.968048007,-87.747875985,"(41.968048007293845, -87.74787598468126)"
95TH AND STONEY ISLAND,2513,1600 E 95TH STREET,09/28/2015,2,1188537.746187743,1842339.840767953,41.722449457,-87.585003569,"(41.72244945701069, -87.58500356910938)"
ARCHER/NARRAGANSETT AND 55TH,2074,6400 W ARCHER AVE,11/30/2014,4,1134629.248133949,1867443.543796524,41.792455256,-87.78187685,"(41.79245525550523, -87.78187684987694)"
HALSTED AND DIVISION,1711,1200 N HALSTED,11/02/2015,18,1170746.639428735,1908242.256010774,41.903698308,-87.648245351,"(41.90369830765008, -87.64824535062563)"
RIDGE AND CLARK,1051,5930 N CLARK STREET,11/22/2015,5,1164554.784723473,1939388.511516442,41.98929863,-87.670104121,"(41.98929863013193, -87.67010412112992)"
LAWRENCE AND CICERO,1042,4800 N CICERO AVENUE,12/11/2016,4,1143464.651785526,1931490.551883203,41.968048007,-87.747875985,"(41.968048007293845, -87.74787598468126)"
GRAND AND OAK PARK,1524,6800 W GRAND AVENUE,04/06/2016,7,1130668.89526974,1915248.469290467,41.923708193,-87.795300781,"(41.92370819286044, -87.79530078123082)"
95TH AND STONEY ISLAND,2514,1600 E 95TH STREET,02/09/2016,3,1188537.746187743,1842339.840767953,41.722449457,-87.585003569,"(41.72244945701069, -87.58500356910938)"
AUSTIN AND IRVING PARK,1163,6000 W IRVING PARK ROAD,09/01/2016,6,1135622.402636023,1926014.192063646,41.953163772,-87.776842593,"(41.95316377185154, -87.77684259284736)"
PETERSON AND WESTERN,1011,6000 N WESTERN AVE,10/15/2015,6,1159190.625032041,1939816.75471116,41.990586042,-87.689822473,"(41.99058604241958, -87.68982247294417)"
95TH AND STONEY ISLAND,2514,1600 E 95TH STREET,07/15/2016,12,1188537.746187743,1842339.840767953,41.722449457,-87.585003569,"(41.72244945701069, -87.58500356910938)"
WESTERN AND MARQUETTE,2674,2400 W MARQUETTE ROAD,03/12/2017,2,1161509.889315231,1860208.627404126,41.772086214,-87.683508858,"(41.772086214104526, -87.68350885781568)"
SACRAMENTO AND CHICAGO,1812,800 N SACRAMENTO AVEN,11/04/2015,3,1156039.008141929,1905193.084100581,41.895640714,-87.702352328,"(41.89564071387542, -87.70235232767416)"
ASHLAND AND DIVISION,1793,1600 W DIVISION STREET,07/31/2014,2,1165489.684200442,1908112.312963909,41.903455316,-87.667558994,"(41.903455316483814, -87.66755899396976)"
ARCHER AND CICERO,2084,5400 S ARCHER AVE,07/17/2014,8,1145209.426392053,1869810.657411975,41.798758208,-87.743020541,"(41.798758207843264, -87.74302054146467)"
ARCHER/NARRAGANSETT AND 55TH,2074,6400 W ARCHER AVE,03/04/2015,7,1134629.248133949,1867443.543796524,41.792455256,-87.78187685,"(41.79245525550523, -87.78187684987694)"
PULASKI AND CHICAGO,1982,800 N PULASKI ROAD,11/07/2016,1,1149538.444844035,1905079.034990625,41.895456457,-87.726230541,"(41.895456456825386, -87.72623054051289)"
87TH AND VINCENNES,2413,848 W 87TH STREET,03/08/2016,10,1172002.531006759,1847197.326168367,41.736157546,-87.6454274,"(41.73615754630335, -87.64542740049411)"
ARCHER AND CICERO,2084,5400 S ARCHER AVE,11/10/2015,7,1145209.426392053,1869810.657411975,41.798758208,-87.743020541,"(41.798758207843264, -87.74302054146467)"
LAWRENCE AND CICERO,1041,4800 N CICERO AVE,08/10/2015,8,1143464.651785526,1931490.551883203,41.968048007,-87.747875985,"(41.968048007293845, -87.74787598468126)"
115TH AND HALSTED,2552,11500 S HALSTED STREE,05/30/2017,7,,,,,
CALIFORNIA AND DIVERSEY,1511,2800 N CALIFORNIA AVE,03/04/2016,3,1157189.355049829,1918495.644754069,41.932120719,-87.6977653,"(41.93212071910647, -87.69776530036465)"
SACRAMENTO AND CHICAGO,1812,800 N SACRAMENTO AVEN,02/27/2017,14,1156039.008141929,1905193.084100581,41.895640714,-87.702352328,"(41.89564071387542, -87.70235232767416)"
KOSTNER AND NORTH,2011,1600 N KOSTNER,05/30/2017,2,1146732.108679105,1910282.120990798,41.909788304,-87.736404667,"(41.90978830394343, -87.73640466739216)"
31ST AND CALIFORNIA,2061,3100 S CALIFORNIA,08/10/2014,5,1158151.943135347,1883939.950079683,41.83727705,-87.695172247,"(41.837277050366296, -87.69517224651918)"
PULASKI AND 63RD,2343,4000 W 63RD ST,06/18/2015,3,1150768.346768175,1862564.615405259,41.77876739,-87.722823195,"(41.778767390084305, -87.72282319530368)"
GRAND AND OAK PARK,1523,6800 W GRAND AVENUE,01/29/2015,5,1130668.89526974,1915248.469290467,41.923708193,-87.795300781,"(41.92370819286044, -87.79530078123082)"
PULASKI AND BELMONT,1383,4000 W BELMONT AVE,05/06/2017,1,1149131.866894851,1921018.50498026,41.93920375,-87.727310134,"(41.93920374986553, -87.72731013414392)"
ASHLAND AND DIVISION,1793,1600 W DIVISION STREET,07/15/2015,4,1165489.684200442,1908112.312963909,41.903455316,-87.667558994,"(41.903455316483814, -87.66755899396976)"
PULASKI AND CHICAGO,1982,800 N PULASKI ROAD,04/05/2017,1,1149538.444844035,1905079.034990625,41.895456457,-87.726230541,"(41.895456456825386, -87.72623054051289)"
GRAND AND OAK PARK,1523,6800 W GRAND AVENUE,03/11/2017,9,1130668.89526974,1915248.469290467,41.923708193,-87.795300781,"(41.92370819286044, -87.79530078123082)"
PULASKI AND 79TH,2492,7900 S PULASKI ROAD,02/07/2016,3,1151054.87395657,1851842.663854121,41.749339,-87.722052091,"(41.74933900008238, -87.72205209091501)"
GRAND AND OAK PARK,1524,6800 W GRAND AVENUE,01/07/2017,1,1130668.89526974,1915248.469290467,41.923708193,-87.795300781,"(41.92370819286044, -87.79530078123082)"
MADISON AND WESTERN,1934,2400 W MADISON,12/28/2016,2,1160384.621277157,1899988.655722373,41.881270504,-87.68653594,"(41.88127050428818, -87.68653594017124)"
ASHLAND AND FULLERTON,1652,2400 N ASHLAND AVENUE,05/04/2017,6,1165228.073342838,1916032.319169157,41.92519389,-87.668294363,"(41.92519388981048, -87.66829436339881)"
ASHLAND AND DIVISION,1793,1600 W DIVISION STREET,01/21/2015,1,1165489.684200442,1908112.312963909,41.903455316,-87.667558994,"(41.903455316483814, -87.66755899396976)"
ADDISON AND HARLEM,1593,7200 W ADDISON,04/07/2017,2,1127417.488447099,1923123.407710965,41.945373358,-87.807070326,"(41.94537335809189, -87.80707032561135)"
WESTERN AND MARQUETTE,2674,2400 W MARQUETTE ROAD,02/09/2015,2,1161509.889315231,1860208.627404126,41.772086214,-87.683508858,"(41.772086214104526, -87.68350885781568)"
GRAND AND OAK PARK,1524,6800 W GRAND AVENUE,09/17/2016,7,1130668.89526974,1915248.469290467,41.923708193,-87.795300781,"(41.92370819286044, -87.79530078123082)"
PULASKI AND FULLERTON,1484,4000 W FULLERTON AVE,08/27/2016,8,1149303.081963737,1915695.275222648,41.924593022,-87.726819268,"(41.92459302175305, -87.7268192684032)"
AUSTIN AND IRVING PARK,1163,6000 W IRVING PARK ROAD,06/08/2016,2,1135622.402636023,1926014.192063646,41.953163772,-87.776842593,"(41.95316377185154, -87.77684259284736)"
ASHLAND AND DIVISION,1793,1600 W DIVISION STREET,12/29/2014,3,1165489.684200442,1908112.312963909,41.903455316,-87.667558994,"(41.903455316483814, -87.66755899396976)"
CICERO AND DIVERSEY,1691,2800 N CICERO AVENUE,05/20/2016,2,1143863.647574835,1918202.018463414,41.931575608,-87.746743301,"(41.93157560844622, -87.74674330113561)"
KEDZIE AND 47TH,2101,4700 S KEDZIE AVE,10/20/2015,2,1155791.949302478,1873270.778481327,41.808047272,-87.704118822,"(41.80804727165029, -87.70411882229871)"
PULASKI AND 63RD,2343,4000 W 63RD ST,12/07/2014,1,1150768.346768175,1862564.615405259,41.77876739,-87.722823195,"(41.778767390084305, -87.72282319530368)"
KEDZIE AND 47TH,2101,4700 S KEDZIE AVE,12/13/2016,3,1155791.949302478,1873270.778481327,41.808047272,-87.704118822,"(41.80804727165029, -87.70411882229871)"
GRAND AND OAK PARK,1523,6800 W GRAND AVENUE,03/25/2016,9,1130668.89526974,1915248.469290467,41.923708193,-87.795300781,"(41.92370819286044, -87.79530078123082)"
HALSTED AND DIVISION,1711,1200 N HALSTED,12/08/2016,6,1170746.639428735,1908242.256010774,41.903698308,-87.648245351,"(41.90369830765008, -87.64824535062563)"
LAWRENCE AND CICERO,1042,4800 N CICERO AVENUE,11/08/2015,6,1143464.651785526,1931490.551883203,41.968048007,-87.747875985,"(41.968048007293845, -87.74787598468126)"
87TH AND VINCENNES,2413,848 W 87TH STREET,02/11/2016,12,1172002.531006759,1847197.326168367,41.736157546,-87.6454274,"(41.73615754630335, -87.64542740049411)"
PULASKI AND 79TH,2494,4000 W 79TH STREET,10/28/2014,2,1151074.116357501,1851966.830243835,41.749679359,-87.721978345,"(41.74967935883473, -87.72197834524168)"
PULASKI AND BELMONT,1383,4000 W BELMONT AVE,07/20/2014,2,1149131.866894851,1921018.50498026,41.93920375,-87.727310134,"(41.93920374986553, -87.72731013414392)"
SACRAMENTO AND CHICAGO,1812,800 N SACRAMENTO AVEN,10/02/2016,5,1156039.008141929,1905193.084100581,41.895640714,-87.702352328,"(41.89564071387542, -87.70235232767416)"
PETERSON AND WESTERN,1011,6000 N WESTERN AVE,03/08/2016,4,1159190.625032041,1939816.75471116,41.990586042,-87.689822473,"(41.99058604241958, -87.68982247294417)"
WESTERN AND 63RD,2371,6300 S WESTERN AVE,04/05/2015,2,1161415.712688877,1862772.38856596,41.779123484,-87.683783099,"(41.77912348383963, -87.68378309863576)"
KEDZIE AND 47TH,2101,4700 S KEDZIE AVE,10/21/2015,4,1155791.949302478,1873270.778481327,41.808047272,-87.704118822,"(41.80804727165029, -87.70411882229871)"
CICERO AND DIVERSEY,1691,2800 N CICERO AVENUE,03/03/2017,3,1143863.647574835,1918202.018463414,41.931575608,-87.746743301,"(41.93157560844622, -87.74674330113561)"
MADISON AND WESTERN,1934,2400 W MADISON,03/27/2016,6,1160384.621277157,1899988.655722373,41.881270504,-87.68653594,"(41.88127050428818, -87.68653594017124)"
LAWRENCE AND CICERO,1041,4800 N CICERO AVE,12/09/2015,2,1143464.651785526,1931490.551883203,41.968048007,-87.747875985,"(41.968048007293845, -87.74787598468126)"
CICERO AND DIVERSEY,1691,2800 N CICERO AVENUE,10/02/2014,1,1143863.647574835,1918202.018463414,41.931575608,-87.746743301,"(41.93157560844622, -87.74674330113561)"
LAWRENCE AND WESTERN,1192,4800 N WESTERN AVENUE,10/21/2014,7,1159459.622430471,1931821.342623414,41.968640727,-87.689054241,"(41.96864072747715, -87.6890542408374)"
RIDGE AND CLARK,1051,5930 N CLARK STREET,09/18/2015,6,1164554.784723473,1939388.511516442,41.98929863,-87.670104121,"(41.98929863013193, -87.67010412112992)"
DIVERSEY AND AUSTIN,1454,6000 W DIVERSEY AVENUE,04/18/2017,1,1135895.736169343,1918029.70673837,41.931248624,-87.776028612,"(41.931248623643455, -87.77602861172493)"
PULASKI AND CHICAGO,1982,800 N PULASKI ROAD,08/12/2016,1,1149538.444844035,1905079.034990625,41.895456457,-87.726230541,"(41.895456456825386, -87.72623054051289)"
ASHLAND AND DIVISION,1793,1600 W DIVISION STREET,06/09/2016,4,1165489.684200442,1908112.312963909,41.903455316,-87.667558994,"(41.903455316483814, -87.66755899396976)"
AUSTIN AND ADDISON,1493,6000 W ADDISON STREET,03/29/2016,1,1135698.173154422,1923360.229527805,41.945879676,-87.776627421,"(41.94587967559099, -87.77662742093737)"
BLUE ISLAND AND DAMEN,2281,2416 S DAMEN AVENUE,11/28/2014,4,1163378.697434511,1887916.370760201,41.848080596,-87.675881338,"(41.84808059558783, -87.67588133802435)"
PULASKI AND 79TH,2494,4000 W 79TH STREET,04/10/2016,5,1151074.116357501,1851966.830243835,41.749679359,-87.721978345,"(41.74967935883473, -87.72197834524168)"
MADISON AND CENTRAL,1754,5600 W MADISON STREET,01/19/2015,2,1139033.690528149,1899503.712147867,41.880354556,-87.764948136,"(41.88035455632559, -87.76494813634785)"
PULASKI AND FULLERTON,1484,4000 W FULLERTON AVE,01/10/2016,3,1149303.081963737,1915695.275222648,41.924593022,-87.726819268,"(41.92459302175305, -87.7268192684032)"
SACRAMENTO AND CHICAGO,1812,800 N SACRAMENTO AVEN,03/20/2015,8,1156039.008141929,1905193.084100581,41.895640714,-87.702352328,"(41.89564071387542, -87.70235232767416)"
CICERO AND DIVERSEY,1691,2800 N CICERO AVENUE,12/08/2015,3,1143863.647574835,1918202.018463414,41.931575608,-87.746743301,"(41.93157560844622, -87.74674330113561)"
CICERO AND DIVERSEY,1691,2800 N CICERO AVENUE,07/12/2015,4,1143863.647574835,1918202.018463414,41.931575608,-87.746743301,"(41.93157560844622, -87.74674330113561)"
BLUE ISLAND AND DAMEN,2281,2416 S DAMEN AVENUE,09/25/2014,3,1163378.697434511,1887916.370760201,41.848080596,-87.675881338,"(41.84808059558783, -87.67588133802435)"
31ST AND CALIFORNIA,2061,3100 S CALIFORNIA,02/06/2015,4,1158151.943135347,1883939.950079683,41.83727705,-87.695172247,"(41.837277050366296, -87.69517224651918)"
PULASKI AND CHICAGO,1982,800 N PULASKI ROAD,08/24/2016,3,1149538.444844035,1905079.034990625,41.895456457,-87.726230541,"(41.895456456825386, -87.72623054051289)"
ARCHER/NARRAGANSETT AND 55TH,2073,6400 W ARCHER AVE,03/01/2015,8,1134629.248133949,1867443.543796524,41.792455256,-87.78187685,"(41.79245525550523, -87.78187684987694)"
PULASKI AND DIVISION,1802,1200 N PULASKI ROAD,12/25/2016,3,1149459.590666926,1907723.219884254,41.902713902,-87.726451457,"(41.902713901936174, -87.72645145715836)"
LAWRENCE AND WESTERN,1192,4800 N WESTERN AVENUE,01/25/2016,1,1159459.622430471,1931821.342623414,41.968640727,-87.689054241,"(41.96864072747715, -87.6890542408374)"
KEDZIE AND 47TH,2101,4700 S KEDZIE AVE,09/20/2015,2,1155791.949302478,1873270.778481327,41.808047272,-87.704118822,"(41.80804727165029, -87.70411882229871)"
PETERSON AND WESTERN,1011,6000 N WESTERN AVE,04/21/2017,6,1159190.625032041,1939816.75471116,41.990586042,-87.689822473,"(41.99058604241958, -87.68982247294417)"
PULASKI AND 63RD,2343,4000 W 63RD ST,03/20/2017,2,1150768.346768175,1862564.615405259,41.77876739,-87.722823195,"(41.778767390084305, -87.72282319530368)"
WESTERN AND 63RD,2371,6300 S WESTERN AVE,02/12/2017,1,1161415.712688877,1862772.38856596,41.779123484,-87.683783099,"(41.77912348383963, -87.68378309863576)"
GRAND AND OAK PARK,1523,6800 W GRAND AVENUE,04/06/2016,5,1130668.89526974,1915248.469290467,41.923708193,-87.795300781,"(41.92370819286044, -87.79530078123082)"
KEDZIE AND 47TH,2101,4700 S KEDZIE AVE,01/26/2017,7,1155791.949302478,1873270.778481327,41.808047272,-87.704118822,"(41.80804727165029, -87.70411882229871)"
95TH AND STONEY ISLAND,2514,1600 E 95TH STREET,09/13/2014,10,1188537.746187743,1842339.840767953,41.722449457,-87.585003569,"(41.72244945701069, -87.58500356910938)"
87TH AND VINCENNES,2413,848 W 87TH STREET,10/06/2014,4,1172002.531006759,1847197.326168367,41.736157546,-87.6454274,"(41.73615754630335, -87.64542740049411)"
AUSTIN AND IRVING PARK,1163,6000 W IRVING PARK ROAD,08/16/2015,5,1135622.402636023,1926014.192063646,41.953163772,-87.776842593,"(41.95316377185154, -87.77684259284736)"
PULASKI AND 79TH,2494,4000 W 79TH STREET,05/15/2016,2,1151074.116357501,1851966.830243835,41.749679359,-87.721978345,"(41.74967935883473, -87.72197834524168)"
MADISON AND WESTERN,1934,2400 W MADISON,05/01/2016,2,1160384.621277157,1899988.655722373,41.881270504,-87.68653594,"(41.88127050428818, -87.68653594017124)"
ASHLAND AND DIVISION,1793,1600 W DIVISION STREET,05/25/2017,1,1165489.684200442,1908112.312963909,41.903455316,-87.667558994,"(41.903455316483814, -87.66755899396976)"
HALSTED AND DIVISION,1711,1200 N HALSTED,12/12/2016,3,1170746.639428735,1908242.256010774,41.903698308,-87.648245351,"(41.90369830765008, -87.64824535062563)"
87TH AND VINCENNES,2413,848 W 87TH STREET,11/24/2015,11,1172002.531006759,1847197.326168367,41.736157546,-87.6454274,"(41.73615754630335, -87.64542740049411)"
RIDGE AND CLARK,1051,5930 N CLARK STREET,01/08/2016,6,1164554.784723473,1939388.511516442,41.98929863,-87.670104121,"(41.98929863013193, -87.67010412112992)"
MADISON AND WESTERN,1934,2400 W MADISON,03/04/2016,1,1160384.621277157,1899988.655722373,41.881270504,-87.68653594,"(41.88127050428818, -87.68653594017124)"
LAWRENCE AND WESTERN,1192,4800 N WESTERN AVENUE,01/22/2015,2,1159459.622430471,1931821.342623414,41.968640727,-87.689054241,"(41.96864072747715, -87.6890542408374)"
PULASKI AND 63RD,2343,4000 W 63RD ST,03/17/2016,2,1150768.346768175,1862564.615405259,41.77876739,-87.722823195,"(41.778767390084305, -87.72282319530368)"
KIMBALL AND LINCOLN,2741,6200 N KIMBALL AVENUE,07/12/2014,4,1152543.355058345,1940954.1008022,41.993841437,-87.714242493,"(41.99384143707685, -87.71424249302686)"
PULASKI AND FULLERTON,1484,4000 W FULLERTON AVE,08/15/2014,5,1149303.081963737,1915695.275222648,41.924593022,-87.726819268,"(41.92459302175305, -87.7268192684032)"
KEDZIE AND 47TH,2101,4700 S KEDZIE AVE,09/10/2016,4,1155791.949302478,1873270.778481327,41.808047272,-87.704118822,"(41.80804727165029, -87.70411882229871)"
ARCHER/NARRAGANSETT AND 55TH,2073,6400 W ARCHER AVE,11/23/2014,4,1134629.248133949,1867443.543796524,41.792455256,-87.78187685,"(41.79245525550523, -87.78187684987694)"
PULASKI AND CHICAGO,1982,800 N PULASKI ROAD,12/22/2016,3,1149538.444844035,1905079.034990625,41.895456457,-87.726230541,"(41.895456456825386, -87.72623054051289)"
SHERIDAN AND FOSTER,1134,1000 W FOSTER AVE,05/30/2017,2,1168689.247756979,1934758.578141654,41.976505116,-87.655031882,"(41.97650511595711, -87.65503188224778)"
PULASKI AND FULLERTON,1484,4000 W FULLERTON AVE,12/11/2015,10,1149303.081963737,1915695.275222648,41.924593022,-87.726819268,"(41.92459302175305, -87.7268192684032)"
PULASKI AND 63RD,2343,4000 W 63RD ST,12/28/2015,1,1150768.346768175,1862564.615405259,41.77876739,-87.722823195,"(41.778767390084305, -87.72282319530368)"
95TH AND STONEY ISLAND,2513,1600 E 95TH STREET,04/28/2017,4,1188537.746187743,1842339.840767953,41.722449457,-87.585003569,"(41.72244945701069, -87.58500356910938)"
GRAND AND OAK PARK,1524,6800 W GRAND AVENUE,01/20/2015,14,1130668.89526974,1915248.469290467,41.923708193,-87.795300781,"(41.92370819286044, -87.79530078123082)"
PULASKI AND 79TH,2492,7900 S PULASKI ROAD,09/30/2016,2,1151054.87395657,1851842.663854121,41.749339,-87.722052091,"(41.74933900008238, -87.72205209091501)"
PULASKI AND FULLERTON,1484,4000 W FULLERTON AVE,08/16/2014,6,1149303.081963737,1915695.275222648,41.924593022,-87.726819268,"(41.92459302175305, -87.7268192684032)"
RIDGE AND CLARK,1052,5930 N CLARK STREET,07/29/2016,9,1164554.784723473,1939388.511516442,41.98929863,-87.670104121,"(41.98929863013193, -87.67010412112992)"
ASHLAND AND DIVISION,1793,1600 W DIVISION STREET,04/08/2017,3,1165489.684200442,1908112.312963909,41.903455316,-87.667558994,"(41.903455316483814, -87.66755899396976)"
ARCHER AND CICERO,2084,5400 S ARCHER AVE,03/02/2015,4,1145209.426392053,1869810.657411975,41.798758208,-87.743020541,"(41.798758207843264, -87.74302054146467)"
RIDGE AND CLARK,1051,5930 N CLARK STREET,05/03/2017,1,1164554.784723473,1939388.511516442,41.98929863,-87.670104121,"(41.98929863013193, -87.67010412112992)"
WESTERN AND MARQUETTE,2674,2400 W MARQUETTE ROAD,01/31/2015,3,1161509.889315231,1860208.627404126,41.772086214,-87.683508858,"(41.772086214104526, -87.68350885781568)"
ADDISON AND HARLEM,1593,7200 W ADDISON,10/17/2016,1,1127417.488447099,1923123.407710965,41.945373358,-87.807070326,"(41.94537335809189, -87.80707032561135)"
GRAND AND OAK PARK,1524,6800 W GRAND AVENUE,05/28/2016,6,1130668.89526974,1915248.469290467,41.923708193,-87.795300781,"(41.92370819286044, -87.79530078123082)"
WESTERN AND MARQUETTE,2674,2400 W MARQUETTE ROAD,10/26/2014,4,1161509.889315231,1860208.627404126,41.772086214,-87.683508858,"(41.772086214104526, -87.68350885781568)"
ARCHER AND CICERO,2084,5400 S ARCHER AVE,07/28/2016,10,1145209.426392053,1869810.657411975,41.798758208,-87.743020541,"(41.798758207843264, -87.74302054146467)"
87TH AND VINCENNES,2413,848 W 87TH STREET,01/20/2015,5,1172002.531006759,1847197.326168367,41.736157546,-87.6454274,"(41.73615754630335, -87.64542740049411)"
GRAND AND OAK PARK,1523,6800 W GRAND AVENUE,10/03/2016,3,1130668.89526974,1915248.469290467,41.923708193,-87.795300781,"(41.92370819286044, -87.79530078123082)"
LAWRENCE AND CICERO,1042,4800 N CICERO AVENUE,08/03/2014,2,1143464.651785526,1931490.551883203,41.968048007,-87.747875985,"(41.968048007293845, -87.74787598468126)"
MADISON AND CENTRAL,1754,5600 W MADISON STREET,12/16/2014,1,1139033.690528149,1899503.712147867,41.880354556,-87.764948136,"(41.88035455632559, -87.76494813634785)"
PULASKI AND 79TH,2494,4000 W 79TH STREET,08/04/2014,3,1151074.116357501,1851966.830243835,41.749679359,-87.721978345,"(41.74967935883473, -87.72197834524168)"
31ST AND CALIFORNIA,2061,3100 S CALIFORNIA,08/01/2014,6,1158151.943135347,1883939.950079683,41.83727705,-87.695172247,"(41.837277050366296, -87.69517224651918)"
KEDZIE AND 47TH,2101,4700 S KEDZIE AVE,07/28/2015,1,1155791.949302478,1873270.778481327,41.808047272,-87.704118822,"(41.80804727165029, -87.70411882229871)"
GRAND AND OAK PARK,1523,6800 W GRAND AVENUE,01/08/2017,4,1130668.89526974,1915248.469290467,41.923708193,-87.795300781,"(41.92370819286044, -87.79530078123082)"
GRAND AND OAK PARK,1523,6800 W GRAND AVENUE,10/08/2014,9,1130668.89526974,1915248.469290467,41.923708193,-87.795300781,"(41.92370819286044, -87.79530078123082)"
ADDISON AND HARLEM,1593,7200 W ADDISON,02/20/2017,2,1127417.488447099,1923123.407710965,41.945373358,-87.807070326,"(41.94537335809189, -87.80707032561135)"
STONEY ISLAND AND 76TH,2632,7600 S STONY ISLAND A,12/22/2016,9,1188092.796191935,1854889.354158304,41.756897173,-87.586234285,"(41.75689717260223, -87.58623428506996)"
PETERSON AND WESTERN,1011,6000 N WESTERN AVE,02/20/2016,3,1159190.625032041,1939816.75471116,41.990586042,-87.689822473,"(41.99058604241958, -87.68982247294417)"
PULASKI AND 79TH,2494,4000 W 79TH STREET,12/03/2016,5,1151074.116357501,1851966.830243835,41.749679359,-87.721978345,"(41.74967935883473, -87.72197834524168)"
GARFIELD AND ASHLAND,2274,1600 W GARFIELD BLVD,02/03/2015,5,1166593.072608676,1868281.842213365,41.79413322,-87.664645263,"(41.79413322022423, -87.66464526320254)"
GRAND AND OAK PARK,1523,6800 W GRAND AVENUE,07/31/2016,1,1130668.89526974,1915248.469290467,41.923708193,-87.795300781,"(41.92370819286044, -87.79530078123082)"
PULASKI AND 79TH,2492,7900 S PULASKI ROAD,06/19/2015,4,1151054.87395657,1851842.663854121,41.749339,-87.722052091,"(41.74933900008238, -87.72205209091501)"
PULASKI AND BELMONT,1383,4000 W BELMONT AVE,07/26/2015,2,1149131.866894851,1921018.50498026,41.93920375,-87.727310134,"(41.93920374986553, -87.72731013414392)"
35TH AND WESTERN,2091,3500 S WESTERN,12/26/2016,3,1160894.949857101,1881376.851112895,41.830187255,-87.685177925,"(41.83018725526863, -87.68517792510231)"
PULASKI AND FULLERTON,1484,4000 W FULLERTON AVE,01/14/2016,3,1149303.081963737,1915695.275222648,41.924593022,-87.726819268,"(41.92459302175305, -87.7268192684032)"
MILWAUKEE AND MONTROSE,1362,4400 N MILWAUKEE AVEN,05/29/2017,1,1141643.943268783,1928770.256316239,41.96061723,-87.75463824,"(41.9606172296957, -87.75463824007085)"
BLUE ISLAND AND DAMEN,2281,2416 S DAMEN AVENUE,01/09/2015,4,1163378.697434511,1887916.370760201,41.848080596,-87.675881338,"(41.84808059558783, -87.67588133802435)"
ASHLAND AND DIVISION,1793,1600 W DIVISION STREET,07/12/2014,2,1165489.684200442,1908112.312963909,41.903455316,-87.667558994,"(41.903455316483814, -87.66755899396976)"
MADISON AND WESTERN,1934,2400 W MADISON,03/15/2015,3,1160384.621277157,1899988.655722373,41.881270504,-87.68653594,"(41.88127050428818, -87.68653594017124)"
CICERO AND DIVERSEY,1691,2800 N CICERO AVENUE,03/12/2015,3,1143863.647574835,1918202.018463414,41.931575608,-87.746743301,"(41.93157560844622, -87.74674330113561)"
GARFIELD AND ASHLAND,2274,1600 W GARFIELD BLVD,08/27/2014,7,1166593.072608676,1868281.842213365,41.79413322,-87.664645263,"(41.79413322022423, -87.66464526320254)"
ARCHER/NARRAGANSETT AND 55TH,2074,6400 W ARCHER AVE,01/09/2015,8,1134629.248133949,1867443.543796524,41.792455256,-87.78187685,"(41.79245525550523, -87.78187684987694)"
HALSTED AND DIVISION,1711,1200 N HALSTED,12/07/2014,3,1170746.639428735,1908242.256010774,41.903698308,-87.648245351,"(41.90369830765008, -87.64824535062563)"
PULASKI AND CHICAGO,1982,800 N PULASKI ROAD,06/06/2015,3,1149538.444844035,1905079.034990625,41.895456457,-87.726230541,"(41.895456456825386, -87.72623054051289)"
MADISON AND WESTERN,1934,2400 W MADISON,08/17/2015,3,1160384.621277157,1899988.655722373,41.881270504,-87.68653594,"(41.88127050428818, -87.68653594017124)"
LAWRENCE AND CICERO,1041,4800 N CICERO AVE,02/21/2017,2,1143464.651785526,1931490.551883203,41.968048007,-87.747875985,"(41.968048007293845, -87.74787598468126)"
ARCHER AND CICERO,2084,5400 S ARCHER AVE,10/29/2015,7,1145209.426392053,1869810.657411975,41.798758208,-87.743020541,"(41.798758207843264, -87.74302054146467)"
ARCHER AND CICERO,2084,5400 S ARCHER AVE,04/01/2017,6,1145209.426392053,1869810.657411975,41.798758208,-87.743020541,"(41.798758207843264, -87.74302054146467)"
PERSHING AND WESTERN,2112,3900 S WESTERN BLVD,12/24/2016,7,1161130.992078755,1878746.226354636,41.822963628,-87.684384785,"(41.82296362788048, -87.68438478541296)"
AUSTIN AND ADDISON,1493,6000 W ADDISON STREET,07/15/2016,2,1135698.173154422,1923360.229527805,41.945879676,-87.776627421,"(41.94587967559099, -87.77662742093737)"
WESTERN AND 63RD,2371,6300 S WESTERN AVE,04/18/2016,1,1161415.712688877,1862772.38856596,41.779123484,-87.683783099,"(41.77912348383963, -87.68378309863576)"
AUSTIN AND IRVING PARK,1163,6000 W IRVING PARK ROAD,01/31/2015,2,1135622.402636023,1926014.192063646,41.953163772,-87.776842593,"(41.95316377185154, -87.77684259284736)"
GRAND AND OAK PARK,1523,6800 W GRAND AVENUE,02/05/2015,5,1130668.89526974,1915248.469290467,41.923708193,-87.795300781,"(41.92370819286044, -87.79530078123082)"
PULASKI AND FULLERTON,1484,4000 W FULLERTON AVE,02/24/2016,3,1149303.081963737,1915695.275222648,41.924593022,-87.726819268,"(41.92459302175305, -87.7268192684032)"
WESTERN AND MARQUETTE,2674,2400 W MARQUETTE ROAD,02/25/2017,7,1161509.889315231,1860208.627404126,41.772086214,-87.683508858,"(41.772086214104526, -87.68350885781568)"
LAWRENCE AND CICERO,1041,4800 N CICERO AVE,09/11/2015,2,1143464.651785526,1931490.551883203,41.968048007,-87.747875985,"(41.968048007293845, -87.74787598468126)"
MONTROSE AND WESTERN,1221,4400 N WESTERN AVENUE,12/25/2016,2,1159539.733234718,1929183.918095502,41.961401846,-87.688832623,"(41.961401846278505, -87.6888326227788)"
AUSTIN AND IRVING PARK,1163,6000 W IRVING PARK ROAD,06/16/2015,4,1135622.402636023,1926014.192063646,41.953163772,-87.776842593,"(41.95316377185154, -87.77684259284736)"
KEDZIE AND 47TH,2101,4700 S KEDZIE AVE,09/28/2014,1,1155791.949302478,1873270.778481327,41.808047272,-87.704118822,"(41.80804727165029, -87.70411882229871)"
COTTAGE GROVE AND 95TH,2602,9500 S COTTAGE GROVE,07/11/2014,4,1183531.307692447,1842122.302108743,41.721970465,-87.60334804,"(41.72197046522736, -87.60334804007711)"
LAKE SHORE DR AND BELMONT,1413,400 W BELMONT AVE,12/25/2016,22,1172981.744869382,1921577.376128802,41.940241193,-87.639639114,"(41.94024119325571, -87.63963911427594)"
AUSTIN AND ADDISON,1493,6000 W ADDISON STREET,09/05/2014,3,1135698.173154422,1923360.229527805,41.945879676,-87.776627421,"(41.94587967559099, -87.77662742093737)"
LAWRENCE AND WESTERN,1192,4800 N WESTERN AVENUE,06/04/2016,2,1159459.622430471,1931821.342623414,41.968640727,-87.689054241,"(41.96864072747715, -87.6890542408374)"
LAWRENCE AND CICERO,1042,4800 N CICERO AVENUE,08/31/2015,4,1143464.651785526,1931490.551883203,41.968048007,-87.747875985,"(41.968048007293845, -87.74787598468126)"
FOSTER AND BROADWAY,1113,1200 W FOSTER AVE,12/24/2016,5,1167357.095930752,1934721.393266777,41.97643192,-87.659931806,"(41.97643192018459, -87.65993180604016)"
95TH AND STONEY ISLAND,2513,1600 E 95TH STREET,07/15/2016,8,1188537.746187743,1842339.840767953,41.722449457,-87.585003569,"(41.72244945701069, -87.58500356910938)"
95TH AND STONEY ISLAND,2513,1600 E 95TH STREET,02/11/2017,2,1188537.746187743,1842339.840767953,41.722449457,-87.585003569,"(41.72244945701069, -87.58500356910938)"
95TH AND STONEY ISLAND,2513,1600 E 95TH STREET,02/22/2016,6,1188537.746187743,1842339.840767953,41.722449457,-87.585003569,"(41.72244945701069, -87.58500356910938)"
95TH AND STONEY ISLAND,2514,1600 E 95TH STREET,01/04/2017,4,1188537.746187743,1842339.840767953,41.722449457,-87.585003569,"(41.72244945701069, -87.58500356910938)"
LAWRENCE AND CICERO,1041,4800 N CICERO AVE,06/16/2015,7,1143464.651785526,1931490.551883203,41.968048007,-87.747875985,"(41.968048007293845, -87.74787598468126)"
AUSTIN AND IRVING PARK,1163,6000 W IRVING PARK ROAD,10/07/2015,2,1135622.402636023,1926014.192063646,41.953163772,-87.776842593,"(41.95316377185154, -87.77684259284736)"
PULASKI AND CHICAGO,1982,800 N PULASKI ROAD,06/15/2016,2,1149538.444844035,1905079.034990625,41.895456457,-87.726230541,"(41.895456456825386, -87.72623054051289)"
RIDGE AND CLARK,1052,5930 N CLARK STREET,04/04/2015,3,1164554.784723473,1939388.511516442,41.98929863,-87.670104121,"(41.98929863013193, -87.67010412112992)"
PULASKI AND CHICAGO,1982,800 N PULASKI ROAD,10/11/2015,1,1149538.444844035,1905079.034990625,41.895456457,-87.726230541,"(41.895456456825386, -87.72623054051289)"
LAWRENCE AND WESTERN,1192,4800 N WESTERN AVENUE,06/24/2015,3,1159459.622430471,1931821.342623414,41.968640727,-87.689054241,"(41.96864072747715, -87.6890542408374)"
AUSTIN AND IRVING PARK,1163,6000 W IRVING PARK ROAD,10/08/2015,1,1135622.402636023,1926014.192063646,41.953163772,-87.776842593,"(41.95316377185154, -87.77684259284736)"
LAWRENCE AND WESTERN,1192,4800 N WESTERN AVENUE,12/08/2016,4,1159459.622430471,1931821.342623414,41.968640727,-87.689054241,"(41.96864072747715, -87.6890542408374)"
RIDGE AND CLARK,1051,5930 N CLARK STREET,11/14/2014,10,1164554.784723473,1939388.511516442,41.98929863,-87.670104121,"(41.98929863013193, -87.67010412112992)"
CICERO AND DIVERSEY,1691,2800 N CICERO AVENUE,11/25/2015,3,1143863.647574835,1918202.018463414,41.931575608,-87.746743301,"(41.93157560844622, -87.74674330113561)"
PULASKI AND 79TH,2492,7900 S PULASKI ROAD,08/31/2016,6,1151054.87395657,1851842.663854121,41.749339,-87.722052091,"(41.74933900008238, -87.72205209091501)"
MADISON AND WESTERN,1934,2400 W MADISON,04/21/2015,5,1160384.621277157,1899988.655722373,41.881270504,-87.68653594,"(41.88127050428818, -87.68653594017124)"
KEDZIE AND 47TH,2101,4700 S KEDZIE AVE,03/06/2016,3,1155791.949302478,1873270.778481327,41.808047272,-87.704118822,"(41.80804727165029, -87.70411882229871)"
LAWRENCE AND CICERO,1042,4800 N CICERO AVENUE,09/29/2014,3,1143464.651785526,1931490.551883203,41.968048007,-87.747875985,"(41.968048007293845, -87.74787598468126)"
CICERO AND DIVERSEY,1691,2800 N CICERO AVENUE,06/20/2016,4,1143863.647574835,1918202.018463414,41.931575608,-87.746743301,"(41.93157560844622, -87.74674330113561)"
DIVERSEY AND AUSTIN,1454,6000 W DIVERSEY AVENUE,03/20/2017,3,1135895.736169343,1918029.70673837,41.931248624,-87.776028612,"(41.931248623643455, -87.77602861172493)"
PULASKI AND FULLERTON,1484,4000 W FULLERTON AVE,04/25/2017,5,1149303.081963737,1915695.275222648,41.924593022,-87.726819268,"(41.92459302175305, -87.7268192684032)"
LAWRENCE AND WESTERN,1192,4800 N WESTERN AVENUE,03/12/2017,7,1159459.622430471,1931821.342623414,41.968640727,-87.689054241,"(41.96864072747715, -87.6890542408374)"
AUSTIN AND ADDISON,1493,6000 W ADDISON STREET,03/19/2017,2,1135698.173154422,1923360.229527805,41.945879676,-87.776627421,"(41.94587967559099, -87.77662742093737)"
GRAND AND OAK PARK,1524,6800 W GRAND AVENUE,04/25/2016,6,1130668.89526974,1915248.469290467,41.923708193,-87.795300781,"(41.92370819286044, -87.79530078123082)"
PULASKI AND 79TH,2492,7900 S PULASKI ROAD,03/20/2015,4,1151054.87395657,1851842.663854121,41.749339,-87.722052091,"(41.74933900008238, -87.72205209091501)"
GRAND AND OAK PARK,1523,6800 W GRAND AVENUE,08/01/2014,8,1130668.89526974,1915248.469290467,41.923708193,-87.795300781,"(41.92370819286044, -87.79530078123082)"
CICERO AND DIVERSEY,1691,2800 N CICERO AVENUE,04/03/2017,1,1143863.647574835,1918202.018463414,41.931575608,-87.746743301,"(41.93157560844622, -87.74674330113561)"
WESTERN AND MARQUETTE,2674,2400 W MARQUETTE ROAD,06/12/2015,1,1161509.889315231,1860208.627404126,41.772086214,-87.683508858,"(41.772086214104526, -87.68350885781568)"
PULASKI AND FULLERTON,1481,2400 N PULASKI RD,03/02/2017,3,1149275.963864089,1915687.631931757,41.924572574,-87.726919111,"(41.92457257416937, -87.72691911144182)"
ARCHER AND CICERO,2084,5400 S ARCHER AVE,02/09/2016,2,1145209.426392053,1869810.657411975,41.798758208,-87.743020541,"(41.798758207843264, -87.74302054146467)"
PULASKI AND CHICAGO,1982,800 N PULASKI ROAD,11/11/2015,3,1149538.444844035,1905079.034990625,41.895456457,-87.726230541,"(41.895456456825386, -87.72623054051289)"
HALSTED AND DIVISION,1711,1200 N HALSTED,04/20/2017,10,1170746.639428735,1908242.256010774,41.903698308,-87.648245351,"(41.90369830765008, -87.64824535062563)"
SACRAMENTO AND CHICAGO,1812,800 N SACRAMENTO AVEN,11/13/2015,9,1156039.008141929,1905193.084100581,41.895640714,-87.702352328,"(41.89564071387542, -87.70235232767416)"
LAWRENCE AND CICERO,1041,4800 N CICERO AVE,10/06/2015,3,1143464.651785526,1931490.551883203,41.968048007,-87.747875985,"(41.968048007293845, -87.74787598468126)"
PETERSON AND WESTERN,1011,6000 N WESTERN AVE,12/09/2015,2,1159190.625032041,1939816.75471116,41.990586042,-87.689822473,"(41.99058604241958, -87.68982247294417)"
HALSTED AND DIVISION,1711,1200 N HALSTED,07/05/2015,5,1170746.639428735,1908242.256010774,41.903698308,-87.648245351,"(41.90369830765008, -87.64824535062563)"
RIDGE AND CLARK,1051,5930 N CLARK STREET,01/27/2015,11,1164554.784723473,1939388.511516442,41.98929863,-87.670104121,"(41.98929863013193, -87.67010412112992)"
87TH AND VINCENNES,2413,848 W 87TH STREET,07/25/2015,11,1172002.531006759,1847197.326168367,41.736157546,-87.6454274,"(41.73615754630335, -87.64542740049411)"
PULASKI AND FULLERTON,1481,2400 N PULASKI RD,08/18/2015,3,1149275.963864089,1915687.631931757,41.924572574,-87.726919111,"(41.92457257416937, -87.72691911144182)"
LAWRENCE AND WESTERN,1192,4800 N WESTERN AVENUE,11/12/2014,3,1159459.622430471,1931821.342623414,41.968640727,-87.689054241,"(41.96864072747715, -87.6890542408374)"
LAWRENCE AND CICERO,1041,4800 N CICERO AVE,03/31/2017,4,1143464.651785526,1931490.551883203,41.968048007,-87.747875985,"(41.968048007293845, -87.74787598468126)"
WESTERN AND 63RD,2371,6300 S WESTERN AVE,01/07/2017,1,1161415.712688877,1862772.38856596,41.779123484,-87.683783099,"(41.77912348383963, -87.68378309863576)"
LAWRENCE AND CICERO,1042,4800 N CICERO AVENUE,01/16/2017,1,1143464.651785526,1931490.551883203,41.968048007,-87.747875985,"(41.968048007293845, -87.74787598468126)"
ARCHER/NARRAGANSETT AND 55TH,2074,6400 W ARCHER AVE,09/13/2014,3,1134629.248133949,1867443.543796524,41.792455256,-87.78187685,"(41.79245525550523, -87.78187684987694)"
GRAND AND OAK PARK,1523,6800 W GRAND AVENUE,12/13/2016,11,1130668.89526974,1915248.469290467,41.923708193,-87.795300781,"(41.92370819286044, -87.79530078123082)"
MADISON AND CENTRAL,1754,5600 W MADISON STREET,10/24/2014,5,1139033.690528149,1899503.712147867,41.880354556,-87.764948136,"(41.88035455632559, -87.76494813634785)"
HALSTED AND DIVISION,1711,1200 N HALSTED,09/12/2016,8,1170746.639428735,1908242.256010774,41.903698308,-87.648245351,"(41.90369830765008, -87.64824535062563)"
PULASKI AND FULLERTON,1484,4000 W FULLERTON AVE,02/15/2015,1,1149303.081963737,1915695.275222648,41.924593022,-87.726819268,"(41.92459302175305, -87.7268192684032)"
HALSTED AND NORTH,1761,1600 N HALSTED STREET,04/18/2017,6,1170678.283433825,1910880.991397547,41.910940644,-87.648419043,"(41.91094064391597, -87.64841904272998)"
87TH AND VINCENNES,2413,848 W 87TH STREET,01/27/2016,16,1172002.531006759,1847197.326168367,41.736157546,-87.6454274,"(41.73615754630335, -87.64542740049411)"
WESTERN AND MARQUETTE,2674,2400 W MARQUETTE ROAD,02/07/2017,1,1161509.889315231,1860208.627404126,41.772086214,-87.683508858,"(41.772086214104526, -87.68350885781568)"
95TH AND STONEY ISLAND,2513,1600 E 95TH STREET,12/01/2014,5,1188537.746187743,1842339.840767953,41.722449457,-87.585003569,"(41.72244945701069, -87.58500356910938)"
LAWRENCE AND CICERO,1041,4800 N CICERO AVE,12/07/2015,3,1143464.651785526,1931490.551883203,41.968048007,-87.747875985,"(41.968048007293845, -87.74787598468126)"
95TH AND STONEY ISLAND,2514,1600 E 95TH STREET,10/05/2015,6,1188537.746187743,1842339.840767953,41.722449457,-87.585003569,"(41.72244945701069, -87.58500356910938)"
CALIFORNIA AND DEVON,1321,6400 N CALIFORNIA AVE,05/04/2017,1,1156461.150245401,1942370.37710537,41.997649133,-87.699792629,"(41.997649133049336, -87.69979262891378)"
PULASKI AND FULLERTON,1484,4000 W FULLERTON AVE,03/12/2016,4,1149303.081963737,1915695.275222648,41.924593022,-87.726819268,"(41.92459302175305, -87.7268192684032)"
87TH AND VINCENNES,2413,848 W 87TH STREET,06/21/2015,11,1172002.531006759,1847197.326168367,41.736157546,-87.6454274,"(41.73615754630335, -87.64542740049411)"
ADDISON AND HARLEM,1593,7200 W ADDISON,05/25/2017,1,1127417.488447099,1923123.407710965,41.945373358,-87.807070326,"(41.94537335809189, -87.80707032561135)"
PETERSON AND WESTERN,1011,6000 N WESTERN AVE,12/15/2015,1,1159190.625032041,1939816.75471116,41.990586042,-87.689822473,"(41.99058604241958, -87.68982247294417)"
SACRAMENTO AND CHICAGO,1812,800 N SACRAMENTO AVEN,04/12/2016,7,1156039.008141929,1905193.084100581,41.895640714,-87.702352328,"(41.89564071387542, -87.70235232767416)"
KEDZIE AND 47TH,2101,4700 S KEDZIE AVE,08/23/2015,2,1155791.949302478,1873270.778481327,41.808047272,-87.704118822,"(41.80804727165029, -87.70411882229871)"
PULASKI AND CHICAGO,1982,800 N PULASKI ROAD,11/28/2016,2,1149538.444844035,1905079.034990625,41.895456457,-87.726230541,"(41.895456456825386, -87.72623054051289)"
95TH AND STONEY ISLAND,2514,1600 E 95TH STREET,06/15/2016,6,1188537.746187743,1842339.840767953,41.722449457,-87.585003569,"(41.72244945701069, -87.58500356910938)"
MADISON AND WESTERN,1934,2400 W MADISON,07/23/2015,1,1160384.621277157,1899988.655722373,41.881270504,-87.68653594,"(41.88127050428818, -87.68653594017124)"
WESTERN AND CHICAGO,1941,800 N WESTERN AVE,12/19/2016,7,1160220.967978608,1905277.507115921,41.895786955,-87.686990586,"(41.89578695485361, -87.68699058611217)"
PULASKI AND BELMONT,1383,4000 W BELMONT AVE,02/27/2017,3,1149131.866894851,1921018.50498026,41.93920375,-87.727310134,"(41.93920374986553, -87.72731013414392)"
SACRAMENTO AND CHICAGO,1812,800 N SACRAMENTO AVEN,09/07/2015,5,1156039.008141929,1905193.084100581,41.895640714,-87.702352328,"(41.89564071387542, -87.70235232767416)"
GRAND AND OAK PARK,1523,6800 W GRAND AVENUE,01/23/2017,5,1130668.89526974,1915248.469290467,41.923708193,-87.795300781,"(41.92370819286044, -87.79530078123082)"
AUSTIN AND ADDISON,1493,6000 W ADDISON STREET,07/02/2014,5,1135698.173154422,1923360.229527805,41.945879676,-87.776627421,"(41.94587967559099, -87.77662742093737)"
ARCHER/NARRAGANSETT AND 55TH,2073,6400 W ARCHER AVE,02/21/2015,12,1134629.248133949,1867443.543796524,41.792455256,-87.78187685,"(41.79245525550523, -87.78187684987694)"
BLUE ISLAND AND DAMEN,2281,2416 S DAMEN AVENUE,12/23/2014,8,1163378.697434511,1887916.370760201,41.848080596,-87.675881338,"(41.84808059558783, -87.67588133802435)"
WESTERN AND 63RD,2371,6300 S WESTERN AVE,06/29/2015,3,1161415.712688877,1862772.38856596,41.779123484,-87.683783099,"(41.77912348383963, -87.68378309863576)"
95TH AND STONEY ISLAND,2513,1600 E 95TH STREET,10/12/2014,7,1188537.746187743,1842339.840767953,41.722449457,-87.585003569,"(41.72244945701069, -87.58500356910938)"
PULASKI AND IRVING PARK,1574,4000 W IRVING PARK RD,05/29/2017,4,1148988.727877253,1926320.954938409,41.953756874,-87.727698513,"(41.95375687447515, -87.72769851312907)"
95TH AND STONEY ISLAND,2514,1600 E 95TH STREET,03/04/2017,6,1188537.746187743,1842339.840767953,41.722449457,-87.585003569,"(41.72244945701069, -87.58500356910938)"
PULASKI AND FULLERTON,1484,4000 W FULLERTON AVE,07/02/2015,4,1149303.081963737,1915695.275222648,41.924593022,-87.726819268,"(41.92459302175305, -87.7268192684032)"
LAKE SHORE DR AND BELMONT,1412,3200 N LAKESHORE DRIV,03/20/2017,10,1173053.220555078,1921821.380831705,41.940909163,-87.63936916,"(41.94090916326764, -87.63936915995522)"
HALSTED AND DIVISION,1711,1200 N HALSTED,01/05/2016,3,1170746.639428735,1908242.256010774,41.903698308,-87.648245351,"(41.90369830765008, -87.64824535062563)"
LAWRENCE AND CICERO,1041,4800 N CICERO AVE,11/06/2014,4,1143464.651785526,1931490.551883203,41.968048007,-87.747875985,"(41.968048007293845, -87.74787598468126)"
LAWRENCE AND CICERO,1041,4800 N CICERO AVE,06/14/2015,9,1143464.651785526,1931490.551883203,41.968048007,-87.747875985,"(41.968048007293845, -87.74787598468126)"
PETERSON AND WESTERN,1011,6000 N WESTERN AVE,07/26/2016,5,1159190.625032041,1939816.75471116,41.990586042,-87.689822473,"(41.99058604241958, -87.68982247294417)"
RIDGE AND CLARK,1052,5930 N CLARK STREET,11/22/2016,3,1164554.784723473,1939388.511516442,41.98929863,-87.670104121,"(41.98929863013193, -87.67010412112992)"
LAWRENCE AND WESTERN,1192,4800 N WESTERN AVENUE,03/18/2017,6,1159459.622430471,1931821.342623414,41.968640727,-87.689054241,"(41.96864072747715, -87.6890542408374)"
KEDZIE AND 47TH,2101,4700 S KEDZIE AVE,05/06/2015,2,1155791.949302478,1873270.778481327,41.808047272,-87.704118822,"(41.80804727165029, -87.70411882229871)"
CALIFORNIA AND DIVERSEY,1511,2800 N CALIFORNIA AVE,12/09/2016,7,1157189.355049829,1918495.644754069,41.932120719,-87.6977653,"(41.93212071910647, -87.69776530036465)"
PULASKI AND 63RD,2342,6300 S PULASKI RD,05/30/2017,6,1150746.00309079,1862516.747695325,41.778636469,-87.722906356,"(41.77863646878099, -87.72290635568541)"
AUSTIN AND ADDISON,1493,6000 W ADDISON STREET,02/18/2015,3,1135698.173154422,1923360.229527805,41.945879676,-87.776627421,"(41.94587967559099, -87.77662742093737)"
KEDZIE AND 31ST,2132,3100 S KEDZIE AVENUE,05/29/2017,4,1155483.167539854,1883867.660503274,41.837132671,-87.704967115,"(41.837132671422296, -87.70496711478727)"
ARCHER AND CICERO,2084,5400 S ARCHER AVE,04/28/2016,5,1145209.426392053,1869810.657411975,41.798758208,-87.743020541,"(41.798758207843264, -87.74302054146467)"
ARCHER AND CICERO,2084,5400 S ARCHER AVE,03/23/2016,5,1145209.426392053,1869810.657411975,41.798758208,-87.743020541,"(41.798758207843264, -87.74302054146467)"
GRAND AND OAK PARK,1524,6800 W GRAND AVENUE,01/22/2016,4,1130668.89526974,1915248.469290467,41.923708193,-87.795300781,"(41.92370819286044, -87.79530078123082)"
ARCHER AND CICERO,2084,5400 S ARCHER AVE,11/02/2014,3,1145209.426392053,1869810.657411975,41.798758208,-87.743020541,"(41.798758207843264, -87.74302054146467)"
CICERO AND CHICAGO,1783,4800 W CHICAGO AVENUE,05/29/2017,6,1144175.291152764,1904916.255225279,41.895112219,-87.745932427,"(41.89511221857764, -87.74593242701515)"
RIDGE AND CLARK,1051,5930 N CLARK STREET,02/19/2017,12,1164554.784723473,1939388.511516442,41.98929863,-87.670104121,"(41.98929863013193, -87.67010412112992)"
PETERSON AND WESTERN,1011,6000 N WESTERN AVE,11/16/2014,2,1159190.625032041,1939816.75471116,41.990586042,-87.689822473,"(41.99058604241958, -87.68982247294417)"
ASHLAND AND MADISON,1911,0 N ASHLAND AVE,12/25/2016,2,,,,,
AUSTIN AND IRVING PARK,1163,6000 W IRVING PARK ROAD,01/27/2017,1,1135622.402636023,1926014.192063646,41.953163772,-87.776842593,"(41.95316377185154, -87.77684259284736)"
KEDZIE AND 47TH,2101,4700 S KEDZIE AVE,04/13/2016,1,1155791.949302478,1873270.778481327,41.808047272,-87.704118822,"(41.80804727165029, -87.70411882229871)"
WESTERN AND 63RD,2371,6300 S WESTERN AVE,12/25/2015,2,1161415.712688877,1862772.38856596,41.779123484,-87.683783099,"(41.77912348383963, -87.68378309863576)"
PULASKI AND 79TH,2492,7900 S PULASKI ROAD,09/26/2016,5,1151054.87395657,1851842.663854121,41.749339,-87.722052091,"(41.74933900008238, -87.72205209091501)"
PULASKI AND CHICAGO,1982,800 N PULASKI ROAD,02/23/2017,2,1149538.444844035,1905079.034990625,41.895456457,-87.726230541,"(41.895456456825386, -87.72623054051289)"
RIDGE AND CLARK,1051,5930 N CLARK STREET,07/10/2015,9,1164554.784723473,1939388.511516442,41.98929863,-87.670104121,"(41.98929863013193, -87.67010412112992)"
SACRAMENTO AND CHICAGO,1812,800 N SACRAMENTO AVEN,05/29/2017,8,1156039.008141929,1905193.084100581,41.895640714,-87.702352328,"(41.89564071387542, -87.70235232767416)"
LAWRENCE AND CICERO,1041,4800 N CICERO AVE,11/06/2015,3,1143464.651785526,1931490.551883203,41.968048007,-87.747875985,"(41.968048007293845, -87.74787598468126)"
KEDZIE AND 47TH,2101,4700 S KEDZIE AVE,06/03/2015,3,1155791.949302478,1873270.778481327,41.808047272,-87.704118822,"(41.80804727165029, -87.70411882229871)"
AUSTIN AND IRVING PARK,1163,6000 W IRVING PARK ROAD,05/05/2016,3,1135622.402636023,1926014.192063646,41.953163772,-87.776842593,"(41.95316377185154, -87.77684259284736)"
WESTERN AND MARQUETTE,2674,2400 W MARQUETTE ROAD,07/23/2016,5,1161509.889315231,1860208.627404126,41.772086214,-87.683508858,"(41.772086214104526, -87.68350885781568)"
ARCHER AND CICERO,2084,5400 S ARCHER AVE,10/13/2016,6,1145209.426392053,1869810.657411975,41.798758208,-87.743020541,"(41.798758207843264, -87.74302054146467)"
IRVING PARK AND CALIFORNIA,1233,2800 W IRVING PARK ROA,12/25/2016,2,,,,,
AUSTIN AND IRVING PARK,1163,6000 W IRVING PARK ROAD,04/21/2016,2,1135622.402636023,1926014.192063646,41.953163772,-87.776842593,"(41.95316377185154, -87.77684259284736)"
MADISON AND WESTERN,1934,2400 W MADISON,05/03/2016,2,1160384.621277157,1899988.655722373,41.881270504,-87.68653594,"(41.88127050428818, -87.68653594017124)"
CALIFORNIA AND DIVERSEY,1511,2800 N CALIFORNIA AVE,01/28/2017,10,1157189.355049829,1918495.644754069,41.932120719,-87.6977653,"(41.93212071910647, -87.69776530036465)"
KIMBALL AND LINCOLN,2741,6200 N KIMBALL AVENUE,02/22/2015,1,1152543.355058345,1940954.1008022,41.993841437,-87.714242493,"(41.99384143707685, -87.71424249302686)"
AUSTIN AND ADDISON,1493,6000 W ADDISON STREET,03/08/2017,2,1135698.173154422,1923360.229527805,41.945879676,-87.776627421,"(41.94587967559099, -87.77662742093737)"
LAWRENCE AND CICERO,1042,4800 N CICERO AVENUE,05/31/2016,7,1143464.651785526,1931490.551883203,41.968048007,-87.747875985,"(41.968048007293845, -87.74787598468126)"
LAWRENCE AND CICERO,1041,4800 N CICERO AVE,12/23/2016,7,1143464.651785526,1931490.551883203,41.968048007,-87.747875985,"(41.968048007293845, -87.74787598468126)"
AUSTIN AND ADDISON,1493,6000 W ADDISON STREET,07/07/2015,1,1135698.173154422,1923360.229527805,41.945879676,-87.776627421,"(41.94587967559099, -87.77662742093737)"
PULASKI AND FULLERTON,1484,4000 W FULLERTON AVE,09/06/2015,5,1149303.081963737,1915695.275222648,41.924593022,-87.726819268,"(41.92459302175305, -87.7268192684032)"
GRAND AND OAK PARK,1524,6800 W GRAND AVENUE,10/23/2016,11,1130668.89526974,1915248.469290467,41.923708193,-87.795300781,"(41.92370819286044, -87.79530078123082)"
RIDGE AND CLARK,1051,5930 N CLARK STREET,01/02/2017,2,1164554.784723473,1939388.511516442,41.98929863,-87.670104121,"(41.98929863013193, -87.67010412112992)"
PULASKI AND FULLERTON,1484,4000 W FULLERTON AVE,10/06/2014,3,1149303.081963737,1915695.275222648,41.924593022,-87.726819268,"(41.92459302175305, -87.7268192684032)"
PULASKI AND FULLERTON,1481,2400 N PULASKI RD,05/07/2015,1,1149275.963864089,1915687.631931757,41.924572574,-87.726919111,"(41.92457257416937, -87.72691911144182)"
GRAND AND OAK PARK,1523,6800 W GRAND AVENUE,08/21/2016,9,1130668.89526974,1915248.469290467,41.923708193,-87.795300781,"(41.92370819286044, -87.79530078123082)"
AUSTIN AND ADDISON,1493,6000 W ADDISON STREET,01/14/2015,1,1135698.173154422,1923360.229527805,41.945879676,-87.776627421,"(41.94587967559099, -87.77662742093737)"
AUSTIN AND IRVING PARK,1163,6000 W IRVING PARK ROAD,07/23/2015,1,1135622.402636023,1926014.192063646,41.953163772,-87.776842593,"(41.95316377185154, -87.77684259284736)"
PULASKI AND BELMONT,1383,4000 W BELMONT AVE,02/18/2015,1,1149131.866894851,1921018.50498026,41.93920375,-87.727310134,"(41.93920374986553, -87.72731013414392)"
KEDZIE AND 47TH,2101,4700 S KEDZIE AVE,12/23/2016,3,1155791.949302478,1873270.778481327,41.808047272,-87.704118822,"(41.80804727165029, -87.70411882229871)"
RIDGE AND CLARK,1051,5930 N CLARK STREET,07/09/2015,4,1164554.784723473,1939388.511516442,41.98929863,-87.670104121,"(41.98929863013193, -87.67010412112992)"
RIDGE AND CLARK,1051,5930 N CLARK STREET,10/06/2014,9,1164554.784723473,1939388.511516442,41.98929863,-87.670104121,"(41.98929863013193, -87.67010412112992)"
GRAND AND OAK PARK,1524,6800 W GRAND AVENUE,10/17/2014,2,1130668.89526974,1915248.469290467,41.923708193,-87.795300781,"(41.92370819286044, -87.79530078123082)"
AUSTIN AND IRVING PARK,1163,6000 W IRVING PARK ROAD,05/03/2016,1,1135622.402636023,1926014.192063646,41.953163772,-87.776842593,"(41.95316377185154, -87.77684259284736)"
LAWRENCE AND CICERO,1041,4800 N CICERO AVE,08/29/2015,3,1143464.651785526,1931490.551883203,41.968048007,-87.747875985,"(41.968048007293845, -87.74787598468126)"
AUSTIN AND ADDISON,1493,6000 W ADDISON STREET,08/13/2014,1,1135698.173154422,1923360.229527805,41.945879676,-87.776627421,"(41.94587967559099, -87.77662742093737)"
PULASKI AND CHICAGO,1982,800 N PULASKI ROAD,06/05/2015,5,1149538.444844035,1905079.034990625,41.895456457,-87.726230541,"(41.895456456825386, -87.72623054051289)"
ARCHER/NARRAGANSETT AND 55TH,2074,6400 W ARCHER AVE,08/10/2014,8,1134629.248133949,1867443.543796524,41.792455256,-87.78187685,"(41.79245525550523, -87.78187684987694)"
PULASKI AND 79TH,2494,4000 W 79TH STREET,02/09/2017,5,1151074.116357501,1851966.830243835,41.749679359,-87.721978345,"(41.74967935883473, -87.72197834524168)"
HALSTED AND DIVISION,1711,1200 N HALSTED,04/24/2017,13,1170746.639428735,1908242.256010774,41.903698308,-87.648245351,"(41.90369830765008, -87.64824535062563)"
KEDZIE AND 47TH,2101,4700 S KEDZIE AVE,11/04/2016,5,1155791.949302478,1873270.778481327,41.808047272,-87.704118822,"(41.80804727165029, -87.70411882229871)"
WENTWORTH AND GARFIELD,2264,200 W GARFIELD BLVD,05/04/2017,6,1175889.574397302,1868551.750512227,41.794670385,-87.630547476,"(41.79467038468937, -87.63054747605638)"
ARCHER AND CICERO,2084,5400 S ARCHER AVE,06/11/2016,9,1145209.426392053,1869810.657411975,41.798758208,-87.743020541,"(41.798758207843264, -87.74302054146467)"
ADDISON AND HARLEM,1593,7200 W ADDISON,07/14/2016,3,1127417.488447099,1923123.407710965,41.945373358,-87.807070326,"(41.94537335809189, -87.80707032561135)"
HALSTED AND DIVISION,1711,1200 N HALSTED,11/14/2015,8,1170746.639428735,1908242.256010774,41.903698308,-87.648245351,"(41.90369830765008, -87.64824535062563)"
WESTERN AND MARQUETTE,2674,2400 W MARQUETTE ROAD,08/01/2014,2,1161509.889315231,1860208.627404126,41.772086214,-87.683508858,"(41.772086214104526, -87.68350885781568)"
LAWRENCE AND CICERO,1042,4800 N CICERO AVENUE,05/01/2015,2,1143464.651785526,1931490.551883203,41.968048007,-87.747875985,"(41.968048007293845, -87.74787598468126)"
PULASKI AND 79TH,2494,4000 W 79TH STREET,08/11/2015,5,1151074.116357501,1851966.830243835,41.749679359,-87.721978345,"(41.74967935883473, -87.72197834524168)"
PULASKI AND 79TH,2494,4000 W 79TH STREET,08/19/2014,3,1151074.116357501,1851966.830243835,41.749679359,-87.721978345,"(41.74967935883473, -87.72197834524168)"
PULASKI AND 79TH,2492,7900 S PULASKI ROAD,09/28/2015,4,1151054.87395657,1851842.663854121,41.749339,-87.722052091,"(41.74933900008238, -87.72205209091501)"
LAWRENCE AND CICERO,1041,4800 N CICERO AVE,03/01/2016,7,1143464.651785526,1931490.551883203,41.968048007,-87.747875985,"(41.968048007293845, -87.74787598468126)"
KEDZIE AND 47TH,2101,4700 S KEDZIE AVE,08/20/2014,3,1155791.949302478,1873270.778481327,41.808047272,-87.704118822,"(41.80804727165029, -87.70411882229871)"
PULASKI AND BELMONT,1383,4000 W BELMONT AVE,08/01/2016,1,1149131.866894851,1921018.50498026,41.93920375,-87.727310134,"(41.93920374986553, -87.72731013414392)"
PULASKI AND 79TH,2492,7900 S PULASKI ROAD,04/24/2017,1,1151054.87395657,1851842.663854121,41.749339,-87.722052091,"(41.74933900008238, -87.72205209091501)"
LAWRENCE AND WESTERN,1192,4800 N WESTERN AVENUE,11/19/2016,6,1159459.622430471,1931821.342623414,41.968640727,-87.689054241,"(41.96864072747715, -87.6890542408374)"
RIDGE AND CLARK,1051,5930 N CLARK STREET,11/03/2016,19,1164554.784723473,1939388.511516442,41.98929863,-87.670104121,"(41.98929863013193, -87.67010412112992)"
MADISON AND CENTRAL,1754,5600 W MADISON STREET,11/21/2014,3,1139033.690528149,1899503.712147867,41.880354556,-87.764948136,"(41.88035455632559, -87.76494813634785)"
87TH AND VINCENNES,2413,848 W 87TH STREET,01/05/2017,2,1172002.531006759,1847197.326168367,41.736157546,-87.6454274,"(41.73615754630335, -87.64542740049411)"
PULASKI AND 63RD,2343,4000 W 63RD ST,08/17/2015,3,1150768.346768175,1862564.615405259,41.77876739,-87.722823195,"(41.778767390084305, -87.72282319530368)"
87TH AND VINCENNES,2413,848 W 87TH STREET,10/19/2015,8,1172002.531006759,1847197.326168367,41.736157546,-87.6454274,"(41.73615754630335, -87.64542740049411)"
PETERSON AND WESTERN,1011,6000 N WESTERN AVE,12/23/2016,1,1159190.625032041,1939816.75471116,41.990586042,-87.689822473,"(41.99058604241958, -87.68982247294417)"
PULASKI AND CHICAGO,1982,800 N PULASKI ROAD,12/23/2016,1,1149538.444844035,1905079.034990625,41.895456457,-87.726230541,"(41.895456456825386, -87.72623054051289)"
HALSTED AND DIVISION,1711,1200 N HALSTED,03/19/2017,3,1170746.639428735,1908242.256010774,41.903698308,-87.648245351,"(41.90369830765008, -87.64824535062563)"
CALIFORNIA AND DIVERSEY,1511,2800 N CALIFORNIA AVE,05/04/2016,4,1157189.355049829,1918495.644754069,41.932120719,-87.6977653,"(41.93212071910647, -87.69776530036465)"
PULASKI AND 63RD,2343,4000 W 63RD ST,04/07/2017,3,1150768.346768175,1862564.615405259,41.77876739,-87.722823195,"(41.778767390084305, -87.72282319530368)"
GRAND AND OAK PARK,1523,6800 W GRAND AVENUE,04/28/2015,1,1130668.89526974,1915248.469290467,41.923708193,-87.795300781,"(41.92370819286044, -87.79530078123082)"
ARCHER AND CICERO,2084,5400 S ARCHER AVE,10/29/2014,3,1145209.426392053,1869810.657411975,41.798758208,-87.743020541,"(41.798758207843264, -87.74302054146467)"
PULASKI AND BELMONT,1383,4000 W BELMONT AVE,11/19/2016,1,1149131.866894851,1921018.50498026,41.93920375,-87.727310134,"(41.93920374986553, -87.72731013414392)"
PULASKI AND 79TH,2494,4000 W 79TH STREET,04/04/2017,1,1151074.116357501,1851966.830243835,41.749679359,-87.721978345,"(41.74967935883473, -87.72197834524168)"
95TH AND STONEY ISLAND,2514,1600 E 95TH STREET,12/15/2016,2,1188537.746187743,1842339.840767953,41.722449457,-87.585003569,"(41.72244945701069, -87.58500356910938)"
LAWRENCE AND CICERO,1042,4800 N CICERO AVENUE,01/25/2015,2,1143464.651785526,1931490.551883203,41.968048007,-87.747875985,"(41.968048007293845, -87.74787598468126)"
ARCHER AND CICERO,2084,5400 S ARCHER AVE,10/03/2014,3,1145209.426392053,1869810.657411975,41.798758208,-87.743020541,"(41.798758207843264, -87.74302054146467)"
WESTERN AND 63RD,2371,6300 S WESTERN AVE,03/26/2016,3,1161415.712688877,1862772.38856596,41.779123484,-87.683783099,"(41.77912348383963, -87.68378309863576)"
LAFAYETTE AND 87TH,2502,8700 S LAFAYETTE AVEN,05/29/2017,10,1177417.493180297,1847243.988223464,41.73616511,-87.625587569,"(41.73616511008592, -87.62558756899932)"
KEDZIE AND 47TH,2101,4700 S KEDZIE AVE,10/05/2015,3,1155791.949302478,1873270.778481327,41.808047272,-87.704118822,"(41.80804727165029, -87.70411882229871)"
PETERSON AND WESTERN,1011,6000 N WESTERN AVE,08/31/2014,5,1159190.625032041,1939816.75471116,41.990586042,-87.689822473,"(41.99058604241958, -87.68982247294417)"
LAWRENCE AND CICERO,1041,4800 N CICERO AVE,09/01/2016,4,1143464.651785526,1931490.551883203,41.968048007,-87.747875985,"(41.968048007293845, -87.74787598468126)"
HALSTED AND DIVISION,1714,800 W DIVISION,03/20/2017,2,1170767.827960358,1908259.644151662,41.903745557,-87.648167011,"(41.90374555734733, -87.64816701062779)"
RIDGE AND CLARK,1051,5930 N CLARK STREET,09/04/2014,7,1164554.784723473,1939388.511516442,41.98929863,-87.670104121,"(41.98929863013193, -87.67010412112992)"
AUSTIN AND IRVING PARK,1163,6000 W IRVING PARK ROAD,10/31/2014,1,1135622.402636023,1926014.192063646,41.953163772,-87.776842593,"(41.95316377185154, -87.77684259284736)"
PULASKI AND IRVING PARK,1574,4000 W IRVING PARK RD,12/25/2016,10,1148988.727877253,1926320.954938409,41.953756874,-87.727698513,"(41.95375687447515, -87.72769851312907)"
PULASKI AND 63RD,2343,4000 W 63RD ST,04/17/2016,3,1150768.346768175,1862564.615405259,41.77876739,-87.722823195,"(41.778767390084305, -87.72282319530368)"
95TH AND STONEY ISLAND,2513,1600 E 95TH STREET,11/05/2015,3,1188537.746187743,1842339.840767953,41.722449457,-87.585003569,"(41.72244945701069, -87.58500356910938)"
PULASKI AND 79TH,2492,7900 S PULASKI ROAD,04/22/2015,4,1151054.87395657,1851842.663854121,41.749339,-87.722052091,"(41.74933900008238, -87.72205209091501)"
95TH AND STONEY ISLAND,2513,1600 E 95TH STREET,01/02/2016,2,1188537.746187743,1842339.840767953,41.722449457,-87.585003569,"(41.72244945701069, -87.58500356910938)"
87TH AND VINCENNES,2413,848 W 87TH STREET,02/02/2016,10,1172002.531006759,1847197.326168367,41.736157546,-87.6454274,"(41.73615754630335, -87.64542740049411)"
COTTAGE GROVE AND 95TH,2602,9500 S COTTAGE GROVE,01/28/2015,4,1183531.307692447,1842122.302108743,41.721970465,-87.60334804,"(41.72197046522736, -87.60334804007711)"
CERMAK AND PULASKI,2334,4000 W CERMAK,04/17/2017,4,1150018.476053666,1889120.238540361,41.851654369,-87.724882975,"(41.85165436867626, -87.7248829753078)"
ARCHER AND CICERO,2084,5400 S ARCHER AVE,01/28/2015,5,1145209.426392053,1869810.657411975,41.798758208,-87.743020541,"(41.798758207843264, -87.74302054146467)"
LAWRENCE AND CICERO,1042,4800 N CICERO AVENUE,06/29/2015,5,1143464.651785526,1931490.551883203,41.968048007,-87.747875985,"(41.968048007293845, -87.74787598468126)"
PULASKI AND BELMONT,1383,4000 W BELMONT AVE,12/09/2014,1,1149131.866894851,1921018.50498026,41.93920375,-87.727310134,"(41.93920374986553, -87.72731013414392)"
ARCHER AND CICERO,2084,5400 S ARCHER AVE,03/26/2015,4,1145209.426392053,1869810.657411975,41.798758208,-87.743020541,"(41.798758207843264, -87.74302054146467)"
PULASKI AND CHICAGO,1982,800 N PULASKI ROAD,07/25/2014,4,1149538.444844035,1905079.034990625,41.895456457,-87.726230541,"(41.895456456825386, -87.72623054051289)"
PULASKI AND FULLERTON,1481,2400 N PULASKI RD,02/27/2015,3,1149275.963864089,1915687.631931757,41.924572574,-87.726919111,"(41.92457257416937, -87.72691911144182)"
CICERO AND DIVERSEY,1691,2800 N CICERO AVENUE,03/28/2017,1,1143863.647574835,1918202.018463414,41.931575608,-87.746743301,"(41.93157560844622, -87.74674330113561)"
PETERSON AND WESTERN,1011,6000 N WESTERN AVE,08/23/2016,3,1159190.625032041,1939816.75471116,41.990586042,-87.689822473,"(41.99058604241958, -87.68982247294417)"
PULASKI AND CHICAGO,1982,800 N PULASKI ROAD,11/25/2014,1,1149538.444844035,1905079.034990625,41.895456457,-87.726230541,"(41.895456456825386, -87.72623054051289)"
LAWRENCE AND WESTERN,1192,4800 N WESTERN AVENUE,07/22/2014,5,1159459.622430471,1931821.342623414,41.968640727,-87.689054241,"(41.96864072747715, -87.6890542408374)"
KEDZIE AND 47TH,2101,4700 S KEDZIE AVE,08/19/2016,8,1155791.949302478,1873270.778481327,41.808047272,-87.704118822,"(41.80804727165029, -87.70411882229871)"
GRAND AND OAK PARK,1523,6800 W GRAND AVENUE,03/28/2015,8,1130668.89526974,1915248.469290467,41.923708193,-87.795300781,"(41.92370819286044, -87.79530078123082)"
SACRAMENTO AND CHICAGO,1812,800 N SACRAMENTO AVEN,06/16/2015,8,1156039.008141929,1905193.084100581,41.895640714,-87.702352328,"(41.89564071387542, -87.70235232767416)"
RIDGE AND CLARK,1051,5930 N CLARK STREET,08/30/2015,5,1164554.784723473,1939388.511516442,41.98929863,-87.670104121,"(41.98929863013193, -87.67010412112992)"
95TH AND STONEY ISLAND,2513,1600 E 95TH STREET,10/23/2014,11,1188537.746187743,1842339.840767953,41.722449457,-87.585003569,"(41.72244945701069, -87.58500356910938)"
CICERO AND DIVERSEY,1691,2800 N CICERO AVENUE,01/11/2016,1,1143863.647574835,1918202.018463414,41.931575608,-87.746743301,"(41.93157560844622, -87.74674330113561)"
HALSTED AND DIVISION,1711,1200 N HALSTED,07/02/2015,8,1170746.639428735,1908242.256010774,41.903698308,-87.648245351,"(41.90369830765008, -87.64824535062563)"
ADDISON AND HARLEM,1593,7200 W ADDISON,07/01/2015,1,1127417.488447099,1923123.407710965,41.945373358,-87.807070326,"(41.94537335809189, -87.80707032561135)"
WESTERN AND 71ST,2612,7100 S WESTERN AVENUE,03/24/2017,5,1161563.704681724,1857484.211306323,41.764608912,-87.683387053,"(41.76460891223613, -87.68338705328121)"
AUSTIN AND IRVING PARK,1163,6000 W IRVING PARK ROAD,08/08/2014,2,1135622.402636023,1926014.192063646,41.953163772,-87.776842593,"(41.95316377185154, -87.77684259284736)"
LAWRENCE AND CICERO,1041,4800 N CICERO AVE,12/12/2016,8,1143464.651785526,1931490.551883203,41.968048007,-87.747875985,"(41.968048007293845, -87.74787598468126)"
AUSTIN AND ADDISON,1493,6000 W ADDISON STREET,06/01/2016,3,1135698.173154422,1923360.229527805,41.945879676,-87.776627421,"(41.94587967559099, -87.77662742093737)"
LAWRENCE AND WESTERN,1192,4800 N WESTERN AVENUE,02/11/2015,4,1159459.622430471,1931821.342623414,41.968640727,-87.689054241,"(41.96864072747715, -87.6890542408374)"
AUSTIN AND ADDISON,1493,6000 W ADDISON STREET,10/30/2015,3,1135698.173154422,1923360.229527805,41.945879676,-87.776627421,"(41.94587967559099, -87.77662742093737)"
ASHLAND AND DIVISION,1791,1200 N ASHLAND AVENUE,04/18/2017,6,1165466.997046718,1908083.767015974,41.903377468,-87.667643142,"(41.903377467566784, -87.66764314227497)"
PETERSON AND WESTERN,1011,6000 N WESTERN AVE,11/24/2014,4,1159190.625032041,1939816.75471116,41.990586042,-87.689822473,"(41.99058604241958, -87.68982247294417)"
PULASKI AND FULLERTON,1481,2400 N PULASKI RD,05/08/2017,1,1149275.963864089,1915687.631931757,41.924572574,-87.726919111,"(41.92457257416937, -87.72691911144182)"
CICERO AND ADDISON,1612,3600 N CICERO AVENUE,05/29/2017,5,1143698.904601495,1923517.005821035,41.946163524,-87.747215169,"(41.94616352362556, -87.74721516897007)"
CHICAGO AND CLARK,1963,100 W CHICAGO AVENUE,03/20/2017,7,1175374.528739575,1905745.47783364,41.896744347,-87.631321248,"(41.896744346875806, -87.63132124815151)"
PULASKI AND FULLERTON,1481,2400 N PULASKI RD,03/29/2016,1,1149275.963864089,1915687.631931757,41.924572574,-87.726919111,"(41.92457257416937, -87.72691911144182)"
MADISON AND WESTERN,1934,2400 W MADISON,07/12/2016,2,1160384.621277157,1899988.655722373,41.881270504,-87.68653594,"(41.88127050428818, -87.68653594017124)"
RIDGE AND CLARK,1051,5930 N CLARK STREET,11/13/2015,7,1164554.784723473,1939388.511516442,41.98929863,-87.670104121,"(41.98929863013193, -87.67010412112992)"
MADISON AND CENTRAL,1754,5600 W MADISON STREET,07/06/2014,3,1139033.690528149,1899503.712147867,41.880354556,-87.764948136,"(41.88035455632559, -87.76494813634785)"
WESTERN AND 63RD,2371,6300 S WESTERN AVE,09/11/2015,1,1161415.712688877,1862772.38856596,41.779123484,-87.683783099,"(41.77912348383963, -87.68378309863576)"
RIDGE AND CLARK,1051,5930 N CLARK STREET,05/21/2015,8,1164554.784723473,1939388.511516442,41.98929863,-87.670104121,"(41.98929863013193, -87.67010412112992)"
AUSTIN AND IRVING PARK,1163,6000 W IRVING PARK ROAD,06/01/2016,2,1135622.402636023,1926014.192063646,41.953163772,-87.776842593,"(41.95316377185154, -87.77684259284736)"
CICERO AND DIVERSEY,1691,2800 N CICERO AVENUE,09/27/2014,2,1143863.647574835,1918202.018463414,41.931575608,-87.746743301,"(41.93157560844622, -87.74674330113561)"
MADISON AND WESTERN,1934,2400 W MADISON,02/02/2016,2,1160384.621277157,1899988.655722373,41.881270504,-87.68653594,"(41.88127050428818, -87.68653594017124)"
RIDGE AND CLARK,1051,5930 N CLARK STREET,05/09/2015,14,1164554.784723473,1939388.511516442,41.98929863,-87.670104121,"(41.98929863013193, -87.67010412112992)"
95TH AND STONEY ISLAND,2514,1600 E 95TH STREET,04/22/2015,11,1188537.746187743,1842339.840767953,41.722449457,-87.585003569,"(41.72244945701069, -87.58500356910938)"
ARCHER AND CICERO,2084,5400 S ARCHER AVE,04/13/2015,6,1145209.426392053,1869810.657411975,41.798758208,-87.743020541,"(41.798758207843264, -87.74302054146467)"
HALSTED AND DIVISION,1711,1200 N HALSTED,09/26/2014,14,1170746.639428735,1908242.256010774,41.903698308,-87.648245351,"(41.90369830765008, -87.64824535062563)"
PETERSON AND WESTERN,1011,6000 N WESTERN AVE,12/05/2016,5,1159190.625032041,1939816.75471116,41.990586042,-87.689822473,"(41.99058604241958, -87.68982247294417)"
PULASKI AND CHICAGO,1982,800 N PULASKI ROAD,08/02/2016,1,1149538.444844035,1905079.034990625,41.895456457,-87.726230541,"(41.895456456825386, -87.72623054051289)"
LAWRENCE AND CICERO,1042,4800 N CICERO AVENUE,10/09/2015,6,1143464.651785526,1931490.551883203,41.968048007,-87.747875985,"(41.968048007293845, -87.74787598468126)"
ASHLAND AND DIVISION,1793,1600 W DIVISION STREET,06/28/2016,4,1165489.684200442,1908112.312963909,41.903455316,-87.667558994,"(41.903455316483814, -87.66755899396976)"
SACRAMENTO AND CHICAGO,1812,800 N SACRAMENTO AVEN,10/20/2014,9,1156039.008141929,1905193.084100581,41.895640714,-87.702352328,"(41.89564071387542, -87.70235232767416)"
PULASKI AND FULLERTON,1484,4000 W FULLERTON AVE,09/05/2016,3,1149303.081963737,1915695.275222648,41.924593022,-87.726819268,"(41.92459302175305, -87.7268192684032)"
ARCHER AND CICERO,2084,5400 S ARCHER AVE,02/17/2017,10,1145209.426392053,1869810.657411975,41.798758208,-87.743020541,"(41.798758207843264, -87.74302054146467)"
MADISON AND WESTERN,1934,2400 W MADISON,03/18/2017,3,1160384.621277157,1899988.655722373,41.881270504,-87.68653594,"(41.88127050428818, -87.68653594017124)"
87TH AND VINCENNES,2413,848 W 87TH STREET,11/08/2015,13,1172002.531006759,1847197.326168367,41.736157546,-87.6454274,"(41.73615754630335, -87.64542740049411)"
ADDISON AND HARLEM,1593,7200 W ADDISON,07/25/2016,3,1127417.488447099,1923123.407710965,41.945373358,-87.807070326,"(41.94537335809189, -87.80707032561135)"
RIDGE AND CLARK,1052,5930 N CLARK STREET,06/28/2015,2,1164554.784723473,1939388.511516442,41.98929863,-87.670104121,"(41.98929863013193, -87.67010412112992)"
PULASKI AND 63RD,2343,4000 W 63RD ST,06/28/2015,2,1150768.346768175,1862564.615405259,41.77876739,-87.722823195,"(41.778767390084305, -87.72282319530368)"
WESTERN AND 63RD,2371,6300 S WESTERN AVE,03/12/2017,3,1161415.712688877,1862772.38856596,41.779123484,-87.683783099,"(41.77912348383963, -87.68378309863576)"
CALIFORNIA AND DIVERSEY,1511,2800 N CALIFORNIA AVE,04/03/2017,2,1157189.355049829,1918495.644754069,41.932120719,-87.6977653,"(41.93212071910647, -87.69776530036465)"
PULASKI AND FULLERTON,1481,2400 N PULASKI RD,02/11/2017,1,1149275.963864089,1915687.631931757,41.924572574,-87.726919111,"(41.92457257416937, -87.72691911144182)"
LAWRENCE AND CICERO,1042,4800 N CICERO AVENUE,11/04/2014,2,1143464.651785526,1931490.551883203,41.968048007,-87.747875985,"(41.968048007293845, -87.74787598468126)"
79TH AND KEDZIE,2442,7900 S KEDZIE AVE,02/24/2017,1,1156378.39667768,1852021.375281577,41.749723972,-87.702539572,"(41.749723971726056, -87.70253957167394)"
ELSTON AND IRVING PARK,1503,3700 W IRVING PARK ROA,05/29/2017,3,,,,,
PULASKI AND 63RD,2343,4000 W 63RD ST,08/28/2016,1,1150768.346768175,1862564.615405259,41.77876739,-87.722823195,"(41.778767390084305, -87.72282319530368)"
ASHLAND AND DIVISION,1793,1600 W DIVISION STREET,10/10/2016,2,1165489.684200442,1908112.312963909,41.903455316,-87.667558994,"(41.903455316483814, -87.66755899396976)"
RIDGE AND CLARK,1052,5930 N CLARK STREET,11/23/2016,3,1164554.784723473,1939388.511516442,41.98929863,-87.670104121,"(41.98929863013193, -87.67010412112992)"
ADDISON AND HARLEM,1593,7200 W ADDISON,10/08/2014,1,1127417.488447099,1923123.407710965,41.945373358,-87.807070326,"(41.94537335809189, -87.80707032561135)"
KIMBALL AND LINCOLN,2741,6200 N KIMBALL AVENUE,07/08/2014,2,1152543.355058345,1940954.1008022,41.993841437,-87.714242493,"(41.99384143707685, -87.71424249302686)"
ROOSEVELT AND PULASKI,2314,4000 W ROOSEVELT ROAD,12/25/2016,6,1149885.032049683,1894449.464076882,41.866281003,-87.72523422,"(41.866281002664536, -87.72523421983905)"
WESTERN AND MARQUETTE,2674,2400 W MARQUETTE ROAD,03/28/2017,5,1161509.889315231,1860208.627404126,41.772086214,-87.683508858,"(41.772086214104526, -87.68350885781568)"
CALIFORNIA AND DIVERSEY,1511,2800 N CALIFORNIA AVE,03/07/2015,5,1157189.355049829,1918495.644754069,41.932120719,-87.6977653,"(41.93212071910647, -87.69776530036465)"
ASHLAND AND DIVISION,1793,1600 W DIVISION STREET,07/07/2014,3,1165489.684200442,1908112.312963909,41.903455316,-87.667558994,"(41.903455316483814, -87.66755899396976)"
87TH AND VINCENNES,2413,848 W 87TH STREET,09/26/2015,11,1172002.531006759,1847197.326168367,41.736157546,-87.6454274,"(41.73615754630335, -87.64542740049411)"
CICERO AND DIVERSEY,1691,2800 N CICERO AVENUE,04/13/2017,1,1143863.647574835,1918202.018463414,41.931575608,-87.746743301,"(41.93157560844622, -87.74674330113561)"
RIDGE AND CLARK,1052,5930 N CLARK STREET,03/08/2017,9,1164554.784723473,1939388.511516442,41.98929863,-87.670104121,"(41.98929863013193, -87.67010412112992)"
GRAND AND OAK PARK,1523,6800 W GRAND AVENUE,04/25/2017,4,1130668.89526974,1915248.469290467,41.923708193,-87.795300781,"(41.92370819286044, -87.79530078123082)"
MADISON AND WESTERN,1934,2400 W MADISON,02/14/2016,1,1160384.621277157,1899988.655722373,41.881270504,-87.68653594,"(41.88127050428818, -87.68653594017124)"
87TH AND VINCENNES,2413,848 W 87TH STREET,11/09/2015,8,1172002.531006759,1847197.326168367,41.736157546,-87.6454274,"(41.73615754630335, -87.64542740049411)"
STONEY ISLAND AND 79TH,2461,7900 S SOUTH CHICAGO AVE,05/30/2017,2,1188274.655498937,1852865.685797892,41.751339705,-87.585632266,"(41.751339704589455, -87.58563226565187)"
111TH AND HALSTED,2422,11100 S HALSTED ST,03/24/2017,17,1172923.657689312,1831209.044179248,41.692263123,-87.642522688,"(41.692263123425136, -87.6425226876268)"
RIDGE AND CLARK,1052,5930 N CLARK STREET,01/29/2015,3,1164554.784723473,1939388.511516442,41.98929863,-87.670104121,"(41.98929863013193, -87.67010412112992)"
AUSTIN AND IRVING PARK,1163,6000 W IRVING PARK ROAD,07/05/2015,7,1135622.402636023,1926014.192063646,41.953163772,-87.776842593,"(41.95316377185154, -87.77684259284736)"
CALIFORNIA AND DIVERSEY,1511,2800 N CALIFORNIA AVE,11/21/2015,3,1157189.355049829,1918495.644754069,41.932120719,-87.6977653,"(41.93212071910647, -87.69776530036465)"
WESTERN AND CHICAGO,1943,2400 W CHICAGO AVE,03/24/2017,5,1160226.686812944,1905300.904544474,41.895851041,-87.686968935,"(41.895851041123755, -87.68696893468467)"
PULASKI AND 79TH,2494,4000 W 79TH STREET,09/04/2015,4,1151074.116357501,1851966.830243835,41.749679359,-87.721978345,"(41.74967935883473, -87.72197834524168)"
ASHLAND AND DIVISION,1793,1600 W DIVISION STREET,08/01/2015,2,1165489.684200442,1908112.312963909,41.903455316,-87.667558994,"(41.903455316483814, -87.66755899396976)"
ARCHER/NARRAGANSETT AND 55TH,2073,6400 W ARCHER AVE,01/12/2015,1,1134629.248133949,1867443.543796524,41.792455256,-87.78187685,"(41.79245525550523, -87.78187684987694)"
95TH AND STONEY ISLAND,2514,1600 E 95TH STREET,08/01/2016,7,1188537.746187743,1842339.840767953,41.722449457,-87.585003569,"(41.72244945701069, -87.58500356910938)"
HALSTED AND DIVISION,1711,1200 N HALSTED,11/24/2014,3,1170746.639428735,1908242.256010774,41.903698308,-87.648245351,"(41.90369830765008, -87.64824535062563)"
SACRAMENTO AND CHICAGO,1812,800 N SACRAMENTO AVEN,01/15/2015,4,1156039.008141929,1905193.084100581,41.895640714,-87.702352328,"(41.89564071387542, -87.70235232767416)"
PETERSON AND WESTERN,1011,6000 N WESTERN AVE,04/24/2017,5,1159190.625032041,1939816.75471116,41.990586042,-87.689822473,"(41.99058604241958, -87.68982247294417)"
RIDGE AND CLARK,1052,5930 N CLARK STREET,02/16/2017,2,1164554.784723473,1939388.511516442,41.98929863,-87.670104121,"(41.98929863013193, -87.67010412112992)"
DAMEN AND 63RD,2702,6300 S DAMEN AVENUE,05/04/2017,2,1164069.407943298,1862830.277442834,41.779226921,-87.674052731,"(41.77922692069256, -87.67405273137854)"
BLUE ISLAND AND DAMEN,2281,2416 S DAMEN AVENUE,02/02/2015,4,1163378.697434511,1887916.370760201,41.848080596,-87.675881338,"(41.84808059558783, -87.67588133802435)"
MADISON AND WESTERN,1934,2400 W MADISON,07/12/2015,6,1160384.621277157,1899988.655722373,41.881270504,-87.68653594,"(41.88127050428818, -87.68653594017124)"
GRAND AND OAK PARK,1524,6800 W GRAND AVENUE,07/11/2016,10,1130668.89526974,1915248.469290467,41.923708193,-87.795300781,"(41.92370819286044, -87.79530078123082)"
HALSTED AND DIVISION,1711,1200 N HALSTED,02/10/2016,9,1170746.639428735,1908242.256010774,41.903698308,-87.648245351,"(41.90369830765008, -87.64824535062563)"
GRAND AND OAK PARK,1524,6800 W GRAND AVENUE,09/07/2014,2,1130668.89526974,1915248.469290467,41.923708193,-87.795300781,"(41.92370819286044, -87.79530078123082)"
SACRAMENTO AND CHICAGO,1812,800 N SACRAMENTO AVEN,02/10/2017,9,1156039.008141929,1905193.084100581,41.895640714,-87.702352328,"(41.89564071387542, -87.70235232767416)"
CALIFORNIA AND DIVERSEY,1511,2800 N CALIFORNIA AVE,11/30/2016,6,1157189.355049829,1918495.644754069,41.932120719,-87.6977653,"(41.93212071910647, -87.69776530036465)"
PULASKI AND CHICAGO,1982,800 N PULASKI ROAD,02/12/2017,3,1149538.444844035,1905079.034990625,41.895456457,-87.726230541,"(41.895456456825386, -87.72623054051289)"
87TH AND VINCENNES,2413,848 W 87TH STREET,07/19/2016,15,1172002.531006759,1847197.326168367,41.736157546,-87.6454274,"(41.73615754630335, -87.64542740049411)"
ADDISON AND HARLEM,1593,7200 W ADDISON,09/08/2016,4,1127417.488447099,1923123.407710965,41.945373358,-87.807070326,"(41.94537335809189, -87.80707032561135)"
MADISON AND CENTRAL,1754,5600 W MADISON STREET,02/23/2015,5,1139033.690528149,1899503.712147867,41.880354556,-87.764948136,"(41.88035455632559, -87.76494813634785)"
WESTERN AND MARQUETTE,2674,2400 W MARQUETTE ROAD,02/09/2016,3,1161509.889315231,1860208.627404126,41.772086214,-87.683508858,"(41.772086214104526, -87.68350885781568)"
CALIFORNIA AND DIVERSEY,1511,2800 N CALIFORNIA AVE,10/03/2016,3,1157189.355049829,1918495.644754069,41.932120719,-87.6977653,"(41.93212071910647, -87.69776530036465)"
PETERSON AND WESTERN,1011,6000 N WESTERN AVE,06/26/2015,11,1159190.625032041,1939816.75471116,41.990586042,-87.689822473,"(41.99058604241958, -87.68982247294417)"
AUSTIN AND ADDISON,1493,6000 W ADDISON STREET,12/23/2015,1,1135698.173154422,1923360.229527805,41.945879676,-87.776627421,"(41.94587967559099, -87.77662742093737)"
PULASKI AND 79TH,2494,4000 W 79TH STREET,04/15/2016,3,1151074.116357501,1851966.830243835,41.749679359,-87.721978345,"(41.74967935883473, -87.72197834524168)"
PULASKI AND 63RD,2343,4000 W 63RD ST,08/14/2016,6,1150768.346768175,1862564.615405259,41.77876739,-87.722823195,"(41.778767390084305, -87.72282319530368)"
CALIFORNIA AND DIVERSEY,1511,2800 N CALIFORNIA AVE,04/06/2015,2,1157189.355049829,1918495.644754069,41.932120719,-87.6977653,"(41.93212071910647, -87.69776530036465)"
COTTAGE GROVE AND 95TH,2602,9500 S COTTAGE GROVE,07/17/2014,2,1183531.307692447,1842122.302108743,41.721970465,-87.60334804,"(41.72197046522736, -87.60334804007711)"
PULASKI AND FULLERTON,1484,4000 W FULLERTON AVE,06/21/2015,8,1149303.081963737,1915695.275222648,41.924593022,-87.726819268,"(41.92459302175305, -87.7268192684032)"
GARFIELD AND ASHLAND,2274,1600 W GARFIELD BLVD,08/29/2014,6,1166593.072608676,1868281.842213365,41.79413322,-87.664645263,"(41.79413322022423, -87.66464526320254)"
PULASKI AND FULLERTON,1481,2400 N PULASKI RD,10/07/2016,2,1149275.963864089,1915687.631931757,41.924572574,-87.726919111,"(41.92457257416937, -87.72691911144182)"
AUSTIN AND IRVING PARK,1163,6000 W IRVING PARK ROAD,03/24/2017,3,1135622.402636023,1926014.192063646,41.953163772,-87.776842593,"(41.95316377185154, -87.77684259284736)"
MADISON AND WESTERN,1934,2400 W MADISON,02/26/2017,1,1160384.621277157,1899988.655722373,41.881270504,-87.68653594,"(41.88127050428818, -87.68653594017124)"
PULASKI AND 63RD,2343,4000 W 63RD ST,09/19/2015,2,1150768.346768175,1862564.615405259,41.77876739,-87.722823195,"(41.778767390084305, -87.72282319530368)"
87TH AND VINCENNES,2413,848 W 87TH STREET,03/13/2017,13,1172002.531006759,1847197.326168367,41.736157546,-87.6454274,"(41.73615754630335, -87.64542740049411)"
WESTERN AND 63RD,2371,6300 S WESTERN AVE,02/08/2017,2,1161415.712688877,1862772.38856596,41.779123484,-87.683783099,"(41.77912348383963, -87.68378309863576)"
LAWRENCE AND WESTERN,1192,4800 N WESTERN AVENUE,03/16/2015,1,1159459.622430471,1931821.342623414,41.968640727,-87.689054241,"(41.96864072747715, -87.6890542408374)"
WESTERN AND 63RD,2371,6300 S WESTERN AVE,12/01/2015,6,1161415.712688877,1862772.38856596,41.779123484,-87.683783099,"(41.77912348383963, -87.68378309863576)"
SACRAMENTO AND CHICAGO,1812,800 N SACRAMENTO AVEN,02/15/2017,6,1156039.008141929,1905193.084100581,41.895640714,-87.702352328,"(41.89564071387542, -87.70235232767416)"
PULASKI AND FULLERTON,1481,2400 N PULASKI RD,06/30/2015,2,1149275.963864089,1915687.631931757,41.924572574,-87.726919111,"(41.92457257416937, -87.72691911144182)"
MADISON AND WESTERN,1934,2400 W MADISON,02/06/2016,2,1160384.621277157,1899988.655722373,41.881270504,-87.68653594,"(41.88127050428818, -87.68653594017124)"
RIDGE AND CLARK,1051,5930 N CLARK STREET,09/22/2016,17,1164554.784723473,1939388.511516442,41.98929863,-87.670104121,"(41.98929863013193, -87.67010412112992)"
LAWRENCE AND WESTERN,1192,4800 N WESTERN AVENUE,03/06/2017,3,1159459.622430471,1931821.342623414,41.968640727,-87.689054241,"(41.96864072747715, -87.6890542408374)"
LAWRENCE AND CICERO,1042,4800 N CICERO AVENUE,12/04/2015,3,1143464.651785526,1931490.551883203,41.968048007,-87.747875985,"(41.968048007293845, -87.74787598468126)"
HALSTED AND DIVISION,1711,1200 N HALSTED,10/27/2015,7,1170746.639428735,1908242.256010774,41.903698308,-87.648245351,"(41.90369830765008, -87.64824535062563)"
CICERO AND DIVERSEY,1691,2800 N CICERO AVENUE,10/28/2015,5,1143863.647574835,1918202.018463414,41.931575608,-87.746743301,"(41.93157560844622, -87.74674330113561)"
LAWRENCE AND CICERO,1042,4800 N CICERO AVENUE,12/19/2016,6,1143464.651785526,1931490.551883203,41.968048007,-87.747875985,"(41.968048007293845, -87.74787598468126)"
WESTERN AND MARQUETTE,2674,2400 W MARQUETTE ROAD,08/12/2015,3,1161509.889315231,1860208.627404126,41.772086214,-87.683508858,"(41.772086214104526, -87.68350885781568)"
MADISON AND CENTRAL,1754,5600 W MADISON STREET,10/29/2014,4,1139033.690528149,1899503.712147867,41.880354556,-87.764948136,"(41.88035455632559, -87.76494813634785)"
IRVING PARK AND NARRAGANSETT,1023,6400 W IRVING PK,05/30/2017,2,1132945.939118726,1925946.304925137,41.953024751,-87.786683238,"(41.95302475075328, -87.78668323766634)"
PULASKI AND CHICAGO,1982,800 N PULASKI ROAD,05/31/2015,2,1149538.444844035,1905079.034990625,41.895456457,-87.726230541,"(41.895456456825386, -87.72623054051289)"
LAWRENCE AND CICERO,1042,4800 N CICERO AVENUE,04/22/2016,6,1143464.651785526,1931490.551883203,41.968048007,-87.747875985,"(41.968048007293845, -87.74787598468126)"
CALIFORNIA AND DIVERSEY,1511,2800 N CALIFORNIA AVE,10/03/2014,1,1157189.355049829,1918495.644754069,41.932120719,-87.6977653,"(41.93212071910647, -87.69776530036465)"
AUSTIN AND ADDISON,1493,6000 W ADDISON STREET,02/27/2015,1,1135698.173154422,1923360.229527805,41.945879676,-87.776627421,"(41.94587967559099, -87.77662742093737)"
PULASKI AND 79TH,2492,7900 S PULASKI ROAD,02/28/2016,3,1151054.87395657,1851842.663854121,41.749339,-87.722052091,"(41.74933900008238, -87.72205209091501)"
ARCHER AND CICERO,2084,5400 S ARCHER AVE,11/16/2016,11,1145209.426392053,1869810.657411975,41.798758208,-87.743020541,"(41.798758207843264, -87.74302054146467)"
GRAND AND OAK PARK,1524,6800 W GRAND AVENUE,04/27/2016,8,1130668.89526974,1915248.469290467,41.923708193,-87.795300781,"(41.92370819286044, -87.79530078123082)"
AUSTIN AND IRVING PARK,1163,6000 W IRVING PARK ROAD,10/01/2014,1,1135622.402636023,1926014.192063646,41.953163772,-87.776842593,"(41.95316377185154, -87.77684259284736)"
AUSTIN AND IRVING PARK,1163,6000 W IRVING PARK ROAD,08/13/2015,3,1135622.402636023,1926014.192063646,41.953163772,-87.776842593,"(41.95316377185154, -87.77684259284736)"
RIDGE AND CLARK,1051,5930 N CLARK STREET,02/03/2015,3,1164554.784723473,1939388.511516442,41.98929863,-87.670104121,"(41.98929863013193, -87.67010412112992)"
ARCHER/NARRAGANSETT AND 55TH,2074,6400 W ARCHER AVE,08/23/2014,13,1134629.248133949,1867443.543796524,41.792455256,-87.78187685,"(41.79245525550523, -87.78187684987694)"
LAWRENCE AND CICERO,1041,4800 N CICERO AVE,04/13/2017,5,1143464.651785526,1931490.551883203,41.968048007,-87.747875985,"(41.968048007293845, -87.74787598468126)"
GRAND AND OAK PARK,1523,6800 W GRAND AVENUE,03/25/2015,7,1130668.89526974,1915248.469290467,41.923708193,-87.795300781,"(41.92370819286044, -87.79530078123082)"
PULASKI AND 63RD,2343,4000 W 63RD ST,08/31/2014,2,1150768.346768175,1862564.615405259,41.77876739,-87.722823195,"(41.778767390084305, -87.72282319530368)"
WESTERN AND 63RD,2371,6300 S WESTERN AVE,01/29/2015,2,1161415.712688877,1862772.38856596,41.779123484,-87.683783099,"(41.77912348383963, -87.68378309863576)"
ARCHER AND CICERO,2084,5400 S ARCHER AVE,08/15/2014,8,1145209.426392053,1869810.657411975,41.798758208,-87.743020541,"(41.798758207843264, -87.74302054146467)"
ADDISON AND HARLEM,1593,7200 W ADDISON,05/03/2015,2,1127417.488447099,1923123.407710965,41.945373358,-87.807070326,"(41.94537335809189, -87.80707032561135)"
GRAND AND OAK PARK,1523,6800 W GRAND AVENUE,03/16/2016,2,1130668.89526974,1915248.469290467,41.923708193,-87.795300781,"(41.92370819286044, -87.79530078123082)"
ARCHER AND CICERO,2084,5400 S ARCHER AVE,10/27/2014,3,1145209.426392053,1869810.657411975,41.798758208,-87.743020541,"(41.798758207843264, -87.74302054146467)"
HOLLYWOOD AND SHERIDAN,1344,1000 W HOLLYWOOD AVE,12/25/2016,3,1168580.228926466,1938090.295189338,41.985649799,-87.655335807,"(41.98564979859328, -87.65533580655139)"
LAWRENCE AND CICERO,1041,4800 N CICERO AVE,11/21/2014,5,1143464.651785526,1931490.551883203,41.968048007,-87.747875985,"(41.968048007293845, -87.74787598468126)"
AUSTIN AND ADDISON,1493,6000 W ADDISON STREET,05/01/2016,2,1135698.173154422,1923360.229527805,41.945879676,-87.776627421,"(41.94587967559099, -87.77662742093737)"
PULASKI AND BELMONT,1383,4000 W BELMONT AVE,09/13/2016,1,1149131.866894851,1921018.50498026,41.93920375,-87.727310134,"(41.93920374986553, -87.72731013414392)"
PULASKI AND 63RD,2343,4000 W 63RD ST,08/19/2014,4,1150768.346768175,1862564.615405259,41.77876739,-87.722823195,"(41.778767390084305, -87.72282319530368)"
PULASKI AND FOSTER,1104,4000 W FOSTER AVE,04/18/2017,6,1148759.16134887,1934294.249006446,41.975640616,-87.728335469,"(41.975640616231914, -87.72833546926573)"
CLARK AND IRVING PARK,1093,1300 W IRVING PARK ROAD,12/24/2016,2,1166777.545456989,1926719.73687357,41.954487567,-87.662293496,"(41.95448756687966, -87.66229349585691)"
SACRAMENTO AND CHICAGO,1812,800 N SACRAMENTO AVEN,05/23/2017,9,1156039.008141929,1905193.084100581,41.895640714,-87.702352328,"(41.89564071387542, -87.70235232767416)"
ARCHER AND CICERO,2084,5400 S ARCHER AVE,07/20/2014,6,1145209.426392053,1869810.657411975,41.798758208,-87.743020541,"(41.798758207843264, -87.74302054146467)"
PULASKI AND 79TH,2494,4000 W 79TH STREET,12/21/2014,2,1151074.116357501,1851966.830243835,41.749679359,-87.721978345,"(41.74967935883473, -87.72197834524168)"
PULASKI AND FULLERTON,1484,4000 W FULLERTON AVE,10/05/2015,3,1149303.081963737,1915695.275222648,41.924593022,-87.726819268,"(41.92459302175305, -87.7268192684032)"
PULASKI AND 79TH,2494,4000 W 79TH STREET,09/06/2016,7,1151074.116357501,1851966.830243835,41.749679359,-87.721978345,"(41.74967935883473, -87.72197834524168)"
PULASKI AND 63RD,2343,4000 W 63RD ST,07/18/2014,1,1150768.346768175,1862564.615405259,41.77876739,-87.722823195,"(41.778767390084305, -87.72282319530368)"
GRAND AND OAK PARK,1523,6800 W GRAND AVENUE,09/10/2015,4,1130668.89526974,1915248.469290467,41.923708193,-87.795300781,"(41.92370819286044, -87.79530078123082)"
ARCHER AND CICERO,2084,5400 S ARCHER AVE,01/16/2015,2,1145209.426392053,1869810.657411975,41.798758208,-87.743020541,"(41.798758207843264, -87.74302054146467)"
AUSTIN AND IRVING PARK,1163,6000 W IRVING PARK ROAD,01/16/2016,1,1135622.402636023,1926014.192063646,41.953163772,-87.776842593,"(41.95316377185154, -87.77684259284736)"
PULASKI AND 79TH,2494,4000 W 79TH STREET,05/06/2016,9,1151074.116357501,1851966.830243835,41.749679359,-87.721978345,"(41.74967935883473, -87.72197834524168)"
PULASKI AND 63RD,2343,4000 W 63RD ST,12/22/2016,1,1150768.346768175,1862564.615405259,41.77876739,-87.722823195,"(41.778767390084305, -87.72282319530368)"
ARCHER/NARRAGANSETT AND 55TH,2074,6400 W ARCHER AVE,11/06/2014,6,1134629.248133949,1867443.543796524,41.792455256,-87.78187685,"(41.79245525550523, -87.78187684987694)"
CALIFORNIA AND DIVERSEY,1511,2800 N CALIFORNIA AVE,05/13/2015,3,1157189.355049829,1918495.644754069,41.932120719,-87.6977653,"(41.93212071910647, -87.69776530036465)"
LAWRENCE AND CICERO,1041,4800 N CICERO AVE,05/28/2015,9,1143464.651785526,1931490.551883203,41.968048007,-87.747875985,"(41.968048007293845, -87.74787598468126)"
RIDGE AND CLARK,1052,5930 N CLARK STREET,06/04/2016,7,1164554.784723473,1939388.511516442,41.98929863,-87.670104121,"(41.98929863013193, -87.67010412112992)"
RIDGE AND CLARK,1052,5930 N CLARK STREET,06/06/2016,8,1164554.784723473,1939388.511516442,41.98929863,-87.670104121,"(41.98929863013193, -87.67010412112992)"
MADISON AND WESTERN,1934,2400 W MADISON,10/03/2014,1,1160384.621277157,1899988.655722373,41.881270504,-87.68653594,"(41.88127050428818, -87.68653594017124)"
LAWRENCE AND CICERO,1041,4800 N CICERO AVE,09/08/2016,11,1143464.651785526,1931490.551883203,41.968048007,-87.747875985,"(41.968048007293845, -87.74787598468126)"
PULASKI AND CHICAGO,1982,800 N PULASKI ROAD,07/12/2015,1,1149538.444844035,1905079.034990625,41.895456457,-87.726230541,"(41.895456456825386, -87.72623054051289)"
79TH AND KEDZIE,2442,7900 S KEDZIE AVE,08/21/2016,1,1156378.39667768,1852021.375281577,41.749723972,-87.702539572,"(41.749723971726056, -87.70253957167394)"
RIDGE AND CLARK,1051,5930 N CLARK STREET,04/24/2016,5,1164554.784723473,1939388.511516442,41.98929863,-87.670104121,"(41.98929863013193, -87.67010412112992)"
WESTERN AND 63RD,2371,6300 S WESTERN AVE,11/30/2016,1,1161415.712688877,1862772.38856596,41.779123484,-87.683783099,"(41.77912348383963, -87.68378309863576)"
87TH AND VINCENNES,2413,848 W 87TH STREET,07/22/2014,8,1172002.531006759,1847197.326168367,41.736157546,-87.6454274,"(41.73615754630335, -87.64542740049411)"
WESTERN AND 63RD,2371,6300 S WESTERN AVE,02/28/2015,2,1161415.712688877,1862772.38856596,41.779123484,-87.683783099,"(41.77912348383963, -87.68378309863576)"
GRAND AND OAK PARK,1523,6800 W GRAND AVENUE,07/12/2014,9,1130668.89526974,1915248.469290467,41.923708193,-87.795300781,"(41.92370819286044, -87.79530078123082)"
PULASKI AND 79TH,2492,7900 S PULASKI ROAD,06/14/2016,1,1151054.87395657,1851842.663854121,41.749339,-87.722052091,"(41.74933900008238, -87.72205209091501)"
PULASKI AND CHICAGO,1983,4000 W CHICAGO AVENUE,05/04/2017,3,1149561.855939692,1905086.596446259,41.895476752,-87.72614436,"(41.89547675163723, -87.72614435991626)"
LAWRENCE AND WESTERN,1192,4800 N WESTERN AVENUE,10/05/2014,6,1159459.622430471,1931821.342623414,41.968640727,-87.689054241,"(41.96864072747715, -87.6890542408374)"
PETERSON AND WESTERN,1011,6000 N WESTERN AVE,03/20/2017,3,1159190.625032041,1939816.75471116,41.990586042,-87.689822473,"(41.99058604241958, -87.68982247294417)"
KEDZIE AND 47TH,2101,4700 S KEDZIE AVE,11/17/2016,7,1155791.949302478,1873270.778481327,41.808047272,-87.704118822,"(41.80804727165029, -87.70411882229871)"
KEDZIE AND 47TH,2101,4700 S KEDZIE AVE,01/09/2015,2,1155791.949302478,1873270.778481327,41.808047272,-87.704118822,"(41.80804727165029, -87.70411882229871)"
WESTERN AND NORTH,1851,1600 N WESTERN AVE,05/04/2017,6,1160077.474351131,1910605.013316134,41.910409024,-87.687370268,"(41.91040902362901, -87.687370268401)"
ARCHER AND CICERO,2084,5400 S ARCHER AVE,12/08/2016,9,1145209.426392053,1869810.657411975,41.798758208,-87.743020541,"(41.798758207843264, -87.74302054146467)"
PULASKI AND BELMONT,1383,4000 W BELMONT AVE,12/28/2016,1,1149131.866894851,1921018.50498026,41.93920375,-87.727310134,"(41.93920374986553, -87.72731013414392)"
LAWRENCE AND CICERO,1042,4800 N CICERO AVENUE,10/10/2015,2,1143464.651785526,1931490.551883203,41.968048007,-87.747875985,"(41.968048007293845, -87.74787598468126)"
PULASKI AND FULLERTON,1481,2400 N PULASKI RD,05/28/2017,3,1149275.963864089,1915687.631931757,41.924572574,-87.726919111,"(41.92457257416937, -87.72691911144182)"
LAWRENCE AND CICERO,1041,4800 N CICERO AVE,12/12/2014,1,1143464.651785526,1931490.551883203,41.968048007,-87.747875985,"(41.968048007293845, -87.74787598468126)"
RIDGE AND CLARK,1052,5930 N CLARK STREET,11/17/2015,6,1164554.784723473,1939388.511516442,41.98929863,-87.670104121,"(41.98929863013193, -87.67010412112992)"
79TH AND KEDZIE,2442,7900 S KEDZIE AVE,07/19/2015,1,1156378.39667768,1852021.375281577,41.749723972,-87.702539572,"(41.749723971726056, -87.70253957167394)"
SACRAMENTO AND CHICAGO,,800 N SACRAMENTO AVEN,12/16/2014,1,1156039.008141929,1905193.084100581,41.895640714,-87.702352328,"(41.89564071387542, -87.70235232767416)"
RIDGE AND CLARK,1052,5930 N CLARK STREET,01/10/2017,3,1164554.784723473,1939388.511516442,41.98929863,-87.670104121,"(41.98929863013193, -87.67010412112992)"
RIDGE AND CLARK,1051,5930 N CLARK STREET,04/15/2015,11,1164554.784723473,1939388.511516442,41.98929863,-87.670104121,"(41.98929863013193, -87.67010412112992)"
LAWRENCE AND WESTERN,1192,4800 N WESTERN AVENUE,04/22/2017,3,1159459.622430471,1931821.342623414,41.968640727,-87.689054241,"(41.96864072747715, -87.6890542408374)"
AUSTIN AND IRVING PARK,1163,6000 W IRVING PARK ROAD,11/19/2016,4,1135622.402636023,1926014.192063646,41.953163772,-87.776842593,"(41.95316377185154, -87.77684259284736)"
PETERSON AND WESTERN,1011,6000 N WESTERN AVE,05/04/2017,5,1159190.625032041,1939816.75471116,41.990586042,-87.689822473,"(41.99058604241958, -87.68982247294417)"
PULASKI AND CHICAGO,1982,800 N PULASKI ROAD,08/28/2015,1,1149538.444844035,1905079.034990625,41.895456457,-87.726230541,"(41.895456456825386, -87.72623054051289)"
RIDGE AND CLARK,1051,5930 N CLARK STREET,10/29/2014,7,1164554.784723473,1939388.511516442,41.98929863,-87.670104121,"(41.98929863013193, -87.67010412112992)"
PULASKI AND 79TH,2494,4000 W 79TH STREET,01/01/2017,3,1151074.116357501,1851966.830243835,41.749679359,-87.721978345,"(41.74967935883473, -87.72197834524168)"
95TH AND STONEY ISLAND,2514,1600 E 95TH STREET,12/07/2016,3,1188537.746187743,1842339.840767953,41.722449457,-87.585003569,"(41.72244945701069, -87.58500356910938)"
GRAND AND OAK PARK,1524,6800 W GRAND AVENUE,09/01/2016,6,1130668.89526974,1915248.469290467,41.923708193,-87.795300781,"(41.92370819286044, -87.79530078123082)"
PETERSON AND WESTERN,1011,6000 N WESTERN AVE,09/04/2015,2,1159190.625032041,1939816.75471116,41.990586042,-87.689822473,"(41.99058604241958, -87.68982247294417)"
PETERSON AND WESTERN,1011,6000 N WESTERN AVE,12/13/2016,8,1159190.625032041,1939816.75471116,41.990586042,-87.689822473,"(41.99058604241958, -87.68982247294417)"
HALSTED AND 95TH,2582,9500 S HALSTED STREET,05/29/2017,2,1172610.538363645,1841811.61926207,41.721365061,-87.643358042,"(41.72136506078306, -87.64335804234075)"
MADISON AND WESTERN,1934,2400 W MADISON,09/11/2016,3,1160384.621277157,1899988.655722373,41.881270504,-87.68653594,"(41.88127050428818, -87.68653594017124)"
95TH AND STONEY ISLAND,2513,1600 E 95TH STREET,06/26/2015,1,1188537.746187743,1842339.840767953,41.722449457,-87.585003569,"(41.72244945701069, -87.58500356910938)"
LAWRENCE AND WESTERN,1192,4800 N WESTERN AVENUE,05/10/2017,4,1159459.622430471,1931821.342623414,41.968640727,-87.689054241,"(41.96864072747715, -87.6890542408374)"
95TH AND STONEY ISLAND,2513,1600 E 95TH STREET,09/11/2015,2,1188537.746187743,1842339.840767953,41.722449457,-87.585003569,"(41.72244945701069, -87.58500356910938)"
PETERSON AND WESTERN,1011,6000 N WESTERN AVE,11/02/2015,4,1159190.625032041,1939816.75471116,41.990586042,-87.689822473,"(41.99058604241958, -87.68982247294417)"
KEDZIE AND 47TH,2101,4700 S KEDZIE AVE,05/14/2016,13,1155791.949302478,1873270.778481327,41.808047272,-87.704118822,"(41.80804727165029, -87.70411882229871)"
PETERSON AND WESTERN,1011,6000 N WESTERN AVE,08/29/2014,3,1159190.625032041,1939816.75471116,41.990586042,-87.689822473,"(41.99058604241958, -87.68982247294417)"
PULASKI AND FULLERTON,1484,4000 W FULLERTON AVE,07/05/2014,4,1149303.081963737,1915695.275222648,41.924593022,-87.726819268,"(41.92459302175305, -87.7268192684032)"
RIDGE AND CLARK,1051,5930 N CLARK STREET,07/30/2014,8,1164554.784723473,1939388.511516442,41.98929863,-87.670104121,"(41.98929863013193, -87.67010412112992)"
PULASKI AND BELMONT,1383,4000 W BELMONT AVE,09/07/2015,1,1149131.866894851,1921018.50498026,41.93920375,-87.727310134,"(41.93920374986553, -87.72731013414392)"
95TH AND STONEY ISLAND,2513,1600 E 95TH STREET,02/28/2017,2,1188537.746187743,1842339.840767953,41.722449457,-87.585003569,"(41.72244945701069, -87.58500356910938)"
PULASKI AND CHICAGO,1982,800 N PULASKI ROAD,08/17/2015,4,1149538.444844035,1905079.034990625,41.895456457,-87.726230541,"(41.895456456825386, -87.72623054051289)"
95TH AND STONEY ISLAND,2514,1600 E 95TH STREET,09/30/2015,10,1188537.746187743,1842339.840767953,41.722449457,-87.585003569,"(41.72244945701069, -87.58500356910938)"
95TH AND STONEY ISLAND,2513,1600 E 95TH STREET,09/11/2016,8,1188537.746187743,1842339.840767953,41.722449457,-87.585003569,"(41.72244945701069, -87.58500356910938)"
IRVING PARK AND NARRAGANSETT,1023,6400 W IRVING PK,05/04/2017,2,1132945.939118726,1925946.304925137,41.953024751,-87.786683238,"(41.95302475075328, -87.78668323766634)"
AUSTIN AND ADDISON,1493,6000 W ADDISON STREET,09/26/2016,1,1135698.173154422,1923360.229527805,41.945879676,-87.776627421,"(41.94587967559099, -87.77662742093737)"
WESTERN AND 63RD,2371,6300 S WESTERN AVE,07/24/2016,1,1161415.712688877,1862772.38856596,41.779123484,-87.683783099,"(41.77912348383963, -87.68378309863576)"
ASHLAND AND DIVISION,1793,1600 W DIVISION STREET,01/14/2017,3,1165489.684200442,1908112.312963909,41.903455316,-87.667558994,"(41.903455316483814, -87.66755899396976)"
PULASKI AND FULLERTON,1484,4000 W FULLERTON AVE,04/28/2017,3,1149303.081963737,1915695.275222648,41.924593022,-87.726819268,"(41.92459302175305, -87.7268192684032)"
PULASKI AND 79TH,2492,7900 S PULASKI ROAD,05/16/2016,3,1151054.87395657,1851842.663854121,41.749339,-87.722052091,"(41.74933900008238, -87.72205209091501)"
SACRAMENTO AND CHICAGO,1812,800 N SACRAMENTO AVEN,09/26/2015,7,1156039.008141929,1905193.084100581,41.895640714,-87.702352328,"(41.89564071387542, -87.70235232767416)"
GARFIELD AND ASHLAND,2274,1600 W GARFIELD BLVD,07/15/2014,6,1166593.072608676,1868281.842213365,41.79413322,-87.664645263,"(41.79413322022423, -87.66464526320254)"
95TH AND STONEY ISLAND,2513,1600 E 95TH STREET,03/23/2016,4,1188537.746187743,1842339.840767953,41.722449457,-87.585003569,"(41.72244945701069, -87.58500356910938)"
COTTAGE GROVE AND 95TH,2602,9500 S COTTAGE GROVE,01/13/2015,5,1183531.307692447,1842122.302108743,41.721970465,-87.60334804,"(41.72197046522736, -87.60334804007711)"
87TH AND VINCENNES,2413,848 W 87TH STREET,11/11/2015,10,1172002.531006759,1847197.326168367,41.736157546,-87.6454274,"(41.73615754630335, -87.64542740049411)"
AUSTIN AND ADDISON,1493,6000 W ADDISON STREET,02/14/2016,1,1135698.173154422,1923360.229527805,41.945879676,-87.776627421,"(41.94587967559099, -87.77662742093737)"
95TH AND STONEY ISLAND,2513,1600 E 95TH STREET,04/10/2017,3,1188537.746187743,1842339.840767953,41.722449457,-87.585003569,"(41.72244945701069, -87.58500356910938)"
ASHLAND AND DIVISION,1793,1600 W DIVISION STREET,05/09/2015,3,1165489.684200442,1908112.312963909,41.903455316,-87.667558994,"(41.903455316483814, -87.66755899396976)"
ADDISON AND HARLEM,1593,7200 W ADDISON,03/01/2016,1,1127417.488447099,1923123.407710965,41.945373358,-87.807070326,"(41.94537335809189, -87.80707032561135)"
AUSTIN AND ADDISON,1493,6000 W ADDISON STREET,10/09/2016,2,1135698.173154422,1923360.229527805,41.945879676,-87.776627421,"(41.94587967559099, -87.77662742093737)"
GRAND AND OAK PARK,1523,6800 W GRAND AVENUE,09/22/2015,4,1130668.89526974,1915248.469290467,41.923708193,-87.795300781,"(41.92370819286044, -87.79530078123082)"
MADISON AND WESTERN,1934,2400 W MADISON,08/22/2015,2,1160384.621277157,1899988.655722373,41.881270504,-87.68653594,"(41.88127050428818, -87.68653594017124)"
PULASKI AND 63RD,2343,4000 W 63RD ST,09/23/2015,2,1150768.346768175,1862564.615405259,41.77876739,-87.722823195,"(41.778767390084305, -87.72282319530368)"
RIDGE AND CLARK,1051,5930 N CLARK STREET,07/16/2016,20,1164554.784723473,1939388.511516442,41.98929863,-87.670104121,"(41.98929863013193, -87.67010412112992)"
PULASKI AND BELMONT,1383,4000 W BELMONT AVE,04/06/2016,5,1149131.866894851,1921018.50498026,41.93920375,-87.727310134,"(41.93920374986553, -87.72731013414392)"
LAWRENCE AND WESTERN,1192,4800 N WESTERN AVENUE,10/13/2014,4,1159459.622430471,1931821.342623414,41.968640727,-87.689054241,"(41.96864072747715, -87.6890542408374)"
ARCHER AND CICERO,2084,5400 S ARCHER AVE,02/27/2017,9,1145209.426392053,1869810.657411975,41.798758208,-87.743020541,"(41.798758207843264, -87.74302054146467)"
WENTWORTH AND GARFIELD,2261,5500 S WENTWORTH AVEN,04/18/2017,23,,,,,
PULASKI AND CHICAGO,1982,800 N PULASKI ROAD,04/04/2015,1,1149538.444844035,1905079.034990625,41.895456457,-87.726230541,"(41.895456456825386, -87.72623054051289)"
HALSTED AND DIVISION,1711,1200 N HALSTED,07/15/2014,30,1170746.639428735,1908242.256010774,41.903698308,-87.648245351,"(41.90369830765008, -87.64824535062563)"
PULASKI AND FULLERTON,1484,4000 W FULLERTON AVE,10/25/2015,6,1149303.081963737,1915695.275222648,41.924593022,-87.726819268,"(41.92459302175305, -87.7268192684032)"
WESTERN AND MARQUETTE,2674,2400 W MARQUETTE ROAD,08/22/2014,8,1161509.889315231,1860208.627404126,41.772086214,-87.683508858,"(41.772086214104526, -87.68350885781568)"
95TH AND STONEY ISLAND,2513,1600 E 95TH STREET,07/08/2016,2,1188537.746187743,1842339.840767953,41.722449457,-87.585003569,"(41.72244945701069, -87.58500356910938)"
PULASKI AND BELMONT,1383,4000 W BELMONT AVE,10/08/2015,2,1149131.866894851,1921018.50498026,41.93920375,-87.727310134,"(41.93920374986553, -87.72731013414392)"
HALSTED AND DIVISION,1711,1200 N HALSTED,07/11/2015,10,1170746.639428735,1908242.256010774,41.903698308,-87.648245351,"(41.90369830765008, -87.64824535062563)"
MADISON AND WESTERN,1934,2400 W MADISON,03/10/2015,2,1160384.621277157,1899988.655722373,41.881270504,-87.68653594,"(41.88127050428818, -87.68653594017124)"
AUSTIN AND ADDISON,1493,6000 W ADDISON STREET,10/31/2014,5,1135698.173154422,1923360.229527805,41.945879676,-87.776627421,"(41.94587967559099, -87.77662742093737)"
PULASKI AND 63RD,2343,4000 W 63RD ST,01/16/2015,1,1150768.346768175,1862564.615405259,41.77876739,-87.722823195,"(41.778767390084305, -87.72282319530368)"
GRAND AND OAK PARK,1524,6800 W GRAND AVENUE,09/12/2014,7,1130668.89526974,1915248.469290467,41.923708193,-87.795300781,"(41.92370819286044, -87.79530078123082)"
KEDZIE AND 47TH,2101,4700 S KEDZIE AVE,05/02/2015,3,1155791.949302478,1873270.778481327,41.808047272,-87.704118822,"(41.80804727165029, -87.70411882229871)"
LAWRENCE AND WESTERN,1192,4800 N WESTERN AVENUE,02/12/2017,8,1159459.622430471,1931821.342623414,41.968640727,-87.689054241,"(41.96864072747715, -87.6890542408374)"
ARCHER AND CICERO,2084,5400 S ARCHER AVE,12/01/2015,3,1145209.426392053,1869810.657411975,41.798758208,-87.743020541,"(41.798758207843264, -87.74302054146467)"
HALSTED AND DIVISION,1711,1200 N HALSTED,02/03/2017,10,1170746.639428735,1908242.256010774,41.903698308,-87.648245351,"(41.90369830765008, -87.64824535062563)"
87TH AND VINCENNES,2413,848 W 87TH STREET,05/31/2016,13,1172002.531006759,1847197.326168367,41.736157546,-87.6454274,"(41.73615754630335, -87.64542740049411)"
SACRAMENTO AND CHICAGO,1812,800 N SACRAMENTO AVEN,02/28/2016,2,1156039.008141929,1905193.084100581,41.895640714,-87.702352328,"(41.89564071387542, -87.70235232767416)"
HALSTED AND DIVISION,1711,1200 N HALSTED,10/05/2016,11,1170746.639428735,1908242.256010774,41.903698308,-87.648245351,"(41.90369830765008, -87.64824535062563)"
WESTERN AND DEVON,1212,6400 N WESTERN AVENUE,12/25/2016,2,1159113.585759434,1942451.622367891,41.997817807,-87.690033035,"(41.997817807026, -87.69003303469276)"
GRAND AND OAK PARK,1523,6800 W GRAND AVENUE,08/17/2015,3,1130668.89526974,1915248.469290467,41.923708193,-87.795300781,"(41.92370819286044, -87.79530078123082)"
31ST AND CALIFORNIA,2061,3100 S CALIFORNIA,11/25/2014,5,1158151.943135347,1883939.950079683,41.83727705,-87.695172247,"(41.837277050366296, -87.69517224651918)"
PULASKI AND 63RD,2343,4000 W 63RD ST,02/07/2015,1,1150768.346768175,1862564.615405259,41.77876739,-87.722823195,"(41.778767390084305, -87.72282319530368)"
COTTAGE GROVE AND 95TH,2602,9500 S COTTAGE GROVE,01/03/2015,6,1183531.307692447,1842122.302108743,41.721970465,-87.60334804,"(41.72197046522736, -87.60334804007711)"
MADISON AND WESTERN,1934,2400 W MADISON,01/09/2015,2,1160384.621277157,1899988.655722373,41.881270504,-87.68653594,"(41.88127050428818, -87.68653594017124)"
PULASKI AND FULLERTON,1481,2400 N PULASKI RD,09/14/2016,2,1149275.963864089,1915687.631931757,41.924572574,-87.726919111,"(41.92457257416937, -87.72691911144182)"
CALIFORNIA AND DIVERSEY,1511,2800 N CALIFORNIA AVE,09/25/2014,5,1157189.355049829,1918495.644754069,41.932120719,-87.6977653,"(41.93212071910647, -87.69776530036465)"
PULASKI AND BELMONT,1383,4000 W BELMONT AVE,07/14/2015,5,1149131.866894851,1921018.50498026,41.93920375,-87.727310134,"(41.93920374986553, -87.72731013414392)"
PULASKI AND FULLERTON,1484,4000 W FULLERTON AVE,11/16/2014,1,1149303.081963737,1915695.275222648,41.924593022,-87.726819268,"(41.92459302175305, -87.7268192684032)"
CALIFORNIA AND DIVERSEY,1511,2800 N CALIFORNIA AVE,12/29/2015,5,1157189.355049829,1918495.644754069,41.932120719,-87.6977653,"(41.93212071910647, -87.69776530036465)"
PULASKI AND 79TH,2492,7900 S PULASKI ROAD,01/22/2015,3,1151054.87395657,1851842.663854121,41.749339,-87.722052091,"(41.74933900008238, -87.72205209091501)"
WESTERN AND MARQUETTE,2674,2400 W MARQUETTE ROAD,11/02/2015,2,1161509.889315231,1860208.627404126,41.772086214,-87.683508858,"(41.772086214104526, -87.68350885781568)"
MADISON AND CENTRAL,1754,5600 W MADISON STREET,02/06/2015,4,1139033.690528149,1899503.712147867,41.880354556,-87.764948136,"(41.88035455632559, -87.76494813634785)"
PULASKI AND CHICAGO,1982,800 N PULASKI ROAD,05/08/2017,4,1149538.444844035,1905079.034990625,41.895456457,-87.726230541,"(41.895456456825386, -87.72623054051289)"
GRAND AND OAK PARK,1523,6800 W GRAND AVENUE,01/16/2017,3,1130668.89526974,1915248.469290467,41.923708193,-87.795300781,"(41.92370819286044, -87.79530078123082)"
LAWRENCE AND CICERO,1042,4800 N CICERO AVENUE,12/17/2016,8,1143464.651785526,1931490.551883203,41.968048007,-87.747875985,"(41.968048007293845, -87.74787598468126)"
PETERSON AND WESTERN,1011,6000 N WESTERN AVE,07/27/2016,5,1159190.625032041,1939816.75471116,41.990586042,-87.689822473,"(41.99058604241958, -87.68982247294417)"
RIDGE AND CLARK,1052,5930 N CLARK STREET,11/03/2014,3,1164554.784723473,1939388.511516442,41.98929863,-87.670104121,"(41.98929863013193, -87.67010412112992)"
WESTERN AND 63RD,2371,6300 S WESTERN AVE,02/06/2016,1,1161415.712688877,1862772.38856596,41.779123484,-87.683783099,"(41.77912348383963, -87.68378309863576)"
ADDISON AND HARLEM,1593,7200 W ADDISON,04/24/2016,1,1127417.488447099,1923123.407710965,41.945373358,-87.807070326,"(41.94537335809189, -87.80707032561135)"
CALIFORNIA AND DIVERSEY,1511,2800 N CALIFORNIA AVE,08/05/2015,4,1157189.355049829,1918495.644754069,41.932120719,-87.6977653,"(41.93212071910647, -87.69776530036465)"
PULASKI AND 63RD,2343,4000 W 63RD ST,03/23/2017,2,1150768.346768175,1862564.615405259,41.77876739,-87.722823195,"(41.778767390084305, -87.72282319530368)"
PULASKI AND FULLERTON,1484,4000 W FULLERTON AVE,08/06/2015,3,1149303.081963737,1915695.275222648,41.924593022,-87.726819268,"(41.92459302175305, -87.7268192684032)"
HALSTED AND DIVISION,1711,1200 N HALSTED,09/11/2015,2,1170746.639428735,1908242.256010774,41.903698308,-87.648245351,"(41.90369830765008, -87.64824535062563)"
ARCHER AND CICERO,2084,5400 S ARCHER AVE,12/31/2014,1,1145209.426392053,1869810.657411975,41.798758208,-87.743020541,"(41.798758207843264, -87.74302054146467)"
PETERSON AND WESTERN,1011,6000 N WESTERN AVE,12/27/2014,3,1159190.625032041,1939816.75471116,41.990586042,-87.689822473,"(41.99058604241958, -87.68982247294417)"
PULASKI AND 79TH,2494,4000 W 79TH STREET,03/18/2017,7,1151074.116357501,1851966.830243835,41.749679359,-87.721978345,"(41.74967935883473, -87.72197834524168)"
RIDGE AND CLARK,1051,5930 N CLARK STREET,11/01/2016,8,1164554.784723473,1939388.511516442,41.98929863,-87.670104121,"(41.98929863013193, -87.67010412112992)"
ASHLAND AND DIVISION,1793,1600 W DIVISION STREET,01/25/2017,2,1165489.684200442,1908112.312963909,41.903455316,-87.667558994,"(41.903455316483814, -87.66755899396976)"
PULASKI AND BELMONT,1383,4000 W BELMONT AVE,04/26/2016,3,1149131.866894851,1921018.50498026,41.93920375,-87.727310134,"(41.93920374986553, -87.72731013414392)"
CALIFORNIA AND DIVERSEY,1511,2800 N CALIFORNIA AVE,05/06/2016,3,1157189.355049829,1918495.644754069,41.932120719,-87.6977653,"(41.93212071910647, -87.69776530036465)"
PULASKI AND ARCHER,2153,5000 S ARCHER AVE,05/04/2017,3,1150501.818909837,1871162.311703322,41.802365973,-87.723576766,"(41.80236597333895, -87.72357676611004)"
GRAND AND OAK PARK,1524,6800 W GRAND AVENUE,01/19/2016,5,1130668.89526974,1915248.469290467,41.923708193,-87.795300781,"(41.92370819286044, -87.79530078123082)"
KEDZIE AND 47TH,2101,4700 S KEDZIE AVE,02/11/2017,6,1155791.949302478,1873270.778481327,41.808047272,-87.704118822,"(41.80804727165029, -87.70411882229871)"
PULASKI AND 79TH,2494,4000 W 79TH STREET,11/17/2016,4,1151074.116357501,1851966.830243835,41.749679359,-87.721978345,"(41.74967935883473, -87.72197834524168)"
AUSTIN AND ADDISON,1493,6000 W ADDISON STREET,09/14/2015,3,1135698.173154422,1923360.229527805,41.945879676,-87.776627421,"(41.94587967559099, -87.77662742093737)"
PULASKI AND 79TH,2492,7900 S PULASKI ROAD,03/23/2015,2,1151054.87395657,1851842.663854121,41.749339,-87.722052091,"(41.74933900008238, -87.72205209091501)"
CICERO AND DIVERSEY,1691,2800 N CICERO AVENUE,04/02/2015,2,1143863.647574835,1918202.018463414,41.931575608,-87.746743301,"(41.93157560844622, -87.74674330113561)"
GRAND AND OAK PARK,1524,6800 W GRAND AVENUE,11/24/2016,4,1130668.89526974,1915248.469290467,41.923708193,-87.795300781,"(41.92370819286044, -87.79530078123082)"
LAWRENCE AND CICERO,1041,4800 N CICERO AVE,05/20/2015,10,1143464.651785526,1931490.551883203,41.968048007,-87.747875985,"(41.968048007293845, -87.74787598468126)"
CICERO AND DIVERSEY,1691,2800 N CICERO AVENUE,08/05/2014,4,1143863.647574835,1918202.018463414,41.931575608,-87.746743301,"(41.93157560844622, -87.74674330113561)"
MADISON AND WESTERN,1934,2400 W MADISON,04/26/2016,1,1160384.621277157,1899988.655722373,41.881270504,-87.68653594,"(41.88127050428818, -87.68653594017124)"
GARFIELD AND ASHLAND,2274,1600 W GARFIELD BLVD,01/11/2015,5,1166593.072608676,1868281.842213365,41.79413322,-87.664645263,"(41.79413322022423, -87.66464526320254)"
LAWRENCE AND CICERO,1042,4800 N CICERO AVENUE,10/17/2015,2,1143464.651785526,1931490.551883203,41.968048007,-87.747875985,"(41.968048007293845, -87.74787598468126)"
LAWRENCE AND WESTERN,1192,4800 N WESTERN AVENUE,12/01/2016,6,1159459.622430471,1931821.342623414,41.968640727,-87.689054241,"(41.96864072747715, -87.6890542408374)"
WESTERN AND MARQUETTE,2674,2400 W MARQUETTE ROAD,07/23/2014,2,1161509.889315231,1860208.627404126,41.772086214,-87.683508858,"(41.772086214104526, -87.68350885781568)"
95TH AND STONEY ISLAND,2513,1600 E 95TH STREET,09/17/2014,24,1188537.746187743,1842339.840767953,41.722449457,-87.585003569,"(41.72244945701069, -87.58500356910938)"
WESTERN AND 63RD,2371,6300 S WESTERN AVE,08/25/2016,1,1161415.712688877,1862772.38856596,41.779123484,-87.683783099,"(41.77912348383963, -87.68378309863576)"
CICERO AND DIVERSEY,1691,2800 N CICERO AVENUE,04/10/2015,4,1143863.647574835,1918202.018463414,41.931575608,-87.746743301,"(41.93157560844622, -87.74674330113561)"
