DIVERSEY AND WESTERN,1434,2400 W DIVERSEY AVENUE,01/14/2018,1,1159859.648423836,1918576.255784305,41.932287183,-87.687950093,"(41.93228718299094, -87.6879500934122)"
119TH AND HALSTED,2404,800 W 119TH STREET,01/14/2018,5,1173111.174088158,1825985.001014405,41.677923389,-87.641989646,"(41.677923389134385, -87.64198964584013)"
55TH and PULASKI,2242,5500 S PULASKI,01/14/2018,1,1150600.072649439,1867806.44512718,41.793155061,-87.723303765,"(41.793155060731024, -87.72330376464247)"
55TH AND KEDZIE,2162,5500 S KEDZIE AVENUE,01/14/2018,2,1155945.854705238,1867941.621374192,41.793420237,-87.703697508,"(41.793420236755864, -87.70369750845424)"
CHICAGO AND CLARK,1964,100 W CHICAGO AVENUE,01/14/2018,1,1175374.528739575,1905745.47783364,41.896744347,-87.631321248,"(41.896744346875806, -87.63132124815151)"
STONEY ISLAND AND 79TH,2464,1600 E 79TH ST,01/14/2018,1,1188284.704439907,1852964.829047574,41.751611523,-87.585592284,"(41.75161152327319, -87.58559228428787)"
MADISON AND WESTERN,1934,2400 W MADISON,01/14/2018,2,1160384.621277157,1899988.655722373,41.881270504,-87.68653594,"(41.88127050428818, -87.68653594017124)"
ASHLAND AND DIVISION,1793,1600 W DIVISION STREET,01/14/2018,3,1165489.684200442,1908112.312963909,41.903455316,-87.667558994,"(41.903455316483814, -87.66755899396976)"
HAMLIN AND MADISON,1901,0 N HAMLIN BOULEVARD,01/14/2018,6,,,,,
SACRAMENTO AND CHICAGO,1814,3000 W CHICAGO AVENUE,01/14/2018,2,1156075.266375505,1905216.604770718,41.895704525,-87.702218524,"(41.895704524946225, -87.70221852353758)"
OGDEN AND KOSTNER,2223,4400 W OGDEN AVENUE,01/14/2018,5,1147406.592439224,1887689.099869462,41.847777523,-87.734505969,"(41.84777752280453, -87.73450596874825)"
IRVING PARK AND NARRAGANSETT,1023,6400 W IRVING PK,01/14/2018,1,1132945.939118726,1925946.304925137,41.953024751,-87.786683238,"(41.95302475075328, -87.78668323766634)"
FULLERTON AND NARRAGANSETT,1553,6400 W FULLERTON AVENU,01/14/2018,2,1133317.594499059,1915293.661305931,41.923786189,-87.785567206,"(41.92378618871128, -87.78556720562165)"
CENTRAL AND CHICAGO,1972,800 N CENTRAL AVENUE,01/14/2018,3,1138836.562608552,1904801.732832435,41.894896579,-87.765543258,"(41.89489657939746, -87.76554325845893)"
LASALLE AND KINZIE,1921,400 N LASALLE,01/14/2018,6,1175028.579766798,1903002.552291359,41.889225372,-87.632674115,"(41.88922537162015, -87.63267411498495)"
MADISON AND WESTERN,1931,1 S WESTERN AVE,01/14/2018,2,1160453.827721979,1899933.703473746,41.881118279,-87.686283339,"(41.881118278833966, -87.686283338873)"
CICERO AND DIVERSEY,1691,2800 N CICERO AVENUE,01/14/2018,2,1143863.647574835,1918202.018463414,41.931575608,-87.746743301,"(41.93157560844622, -87.74674330113561)"
STONEY ISLAND AND 79TH,2461,7900 S SOUTH CHICAGO AVE,01/14/2018,1,1188274.655498937,1852865.685797892,41.751339705,-87.585632266,"(41.751339704589455, -87.58563226565187)"
CICERO AND CHICAGO,1783,4800 W CHICAGO AVENUE,01/14/2018,4,1144175.291152764,1904916.255225279,41.895112219,-87.745932427,"(41.89511221857764, -87.74593242701515)"
LAWRENCE AND WESTERN,1192,4800 N WESTERN AVENUE,01/14/2018,3,1159459.622430471,1931821.342623414,41.968640727,-87.689054241,"(41.96864072747715, -87.6890542408374)"
STONY ISLAND/CORNELL AND 67TH,2731,6700 S CORNELL DRIVE,01/14/2018,4,1188316.454860734,1860851.137456735,41.77325149,-87.5852246,"(41.77325148959568, -87.58522459967712)"
119TH AND HALSTED,2402,11900 S HALSTED,01/14/2018,11,1173094.774616191,1825911.054609338,41.677720829,-87.642051845,"(41.67772082924762, -87.64205184498218)"
CORTLAND AND ASHLAND,1723,1600 W CORTLAND ST,01/14/2018,7,1165377.660768235,1912768.773647285,41.916235337,-87.667837772,"(41.91623533746878, -87.66783777212962)"
SACRAMENTO AND LAKE,1822,150 N SACRAMENTO BOUL,01/14/2018,2,1156319.560664766,1900957.489351962,41.884012178,-87.701436479,"(41.88401217771363, -87.7014364786693)"
ASHLAND AND IRVING PARK,1153,1600 W IRVING PARK ROA,01/14/2018,2,,,,,
IRVING PARK AND KILPATRICK,2764,4700 W IRVING PARK ROA,01/15/2018,4,,,,,
ASHLAND AND DIVISION,1791,1200 N ASHLAND AVENUE,01/15/2018,3,1165466.997046718,1908083.767015974,41.903377468,-87.667643142,"(41.903377467566784, -87.66764314227497)"
ARCHER AND CICERO,2081,5200 S CICERO AVE,01/15/2018,4,1145195.931989777,1869737.708306623,41.798558278,-87.743071866,"(41.798558278193305, -87.74307186616427)"
LASALLE AND KINZIE,1923,140 W KINZIE,01/15/2018,1,1175048.09765242,1903028.894760294,41.889297219,-87.632601648,"(41.88929721947309, -87.63260164817305)"
FULLERTON AND NARRAGANSETT,1554,6400 W FULLERTON AVENU,01/15/2018,4,1133317.594499059,1915293.661305931,41.923786189,-87.785567206,"(41.92378618871128, -87.78556720562165)"
HAMLIN AND LAKE,1881,300 N HAMLIN AVENUE,01/15/2018,2,1150970.026856642,1901381.688308858,41.885282636,-87.721069539,"(41.88528263580913, -87.72106953854511)"
LASALLE AND KINZIE,1921,400 N LASALLE,01/15/2018,4,1175028.579766798,1903002.552291359,41.889225372,-87.632674115,"(41.88922537162015, -87.63267411498495)"
CICERO AND ADDISON,1612,3600 N CICERO AVENUE,01/15/2018,2,1143698.904601495,1923517.005821035,41.946163524,-87.747215169,"(41.94616352362556, -87.74721516897007)"
OGDEN AND KOSTNER,2223,4400 W OGDEN AVENUE,01/15/2018,3,1147406.592439224,1887689.099869462,41.847777523,-87.734505969,"(41.84777752280453, -87.73450596874825)"
87TH AND VINCENNES,2413,848 W 87TH STREET,01/15/2018,1,1172002.531006759,1847197.326168367,41.736157546,-87.6454274,"(41.73615754630335, -87.64542740049411)"
KEDZIE AND 47TH,2101,4700 S KEDZIE AVE,01/15/2018,4,1155791.949302478,1873270.778481327,41.808047272,-87.704118822,"(41.80804727165029, -87.70411882229871)"
CICERO AND FULLERTON,1472,2400 N CICERO AVE,01/15/2018,1,1143961.592189569,1915545.343094087,41.92428359,-87.74645019,"(41.92428358982701, -87.74645019028947)"
STONEY ISLAND AND 79TH,2462,7900 S STONEY ISLAND,01/15/2018,1,1188181.571068297,1852908.934789311,41.751460603,-87.585971993,"(41.75146060316686, -87.5859719929647)"
JEFFERY AND 95TH,2522,9500 S JEFFERY AVE,01/15/2018,1,1191132.420601301,1842335.735988875,41.722375907,-87.575499903,"(41.72237590704101, -87.57549990332795)"
KIMBALL AND DIVERSEY,1583,3400 W DIVERSEY AVENUE,01/15/2018,1,1153211.149172713,1918454.477800566,41.932087747,-87.71238583,"(41.932087747378944, -87.71238582951281)"
35TH AND WESTERN,2091,3500 S WESTERN,01/15/2018,2,1160894.949857101,1881376.851112895,41.830187255,-87.685177925,"(41.83018725526863, -87.68517792510231)"
CALIFORNIA AND DIVERSEY,1511,2800 N CALIFORNIA AVE,01/15/2018,8,1157189.355049829,1918495.644754069,41.932120719,-87.6977653,"(41.93212071910647, -87.69776530036465)"
ADDISON AND HARLEM,1591,3600 N HARLEM AVENUE,01/15/2018,1,1127394.594070737,1923110.532422811,41.945338412,-87.807154769,"(41.94533841246591, -87.80715476912044)"
MILWAUKEE AND DEVON,1274,6400 W DEVON AVENUE,01/15/2018,5,1132590.619798275,1942138.532048656,41.997463981,-87.787610243,"(41.99746398102873, -87.78761024341388)"
79TH AND HALSTED,2543,800 W 79TH STREET,01/15/2018,1,1172320.105719411,1852517.9814434,41.750751157,-87.644107793,"(41.75075115747316, -87.64410779300933)"
VAN BUREN AND WESTERN,2054,2400 W VAN BUREN STREE,01/15/2018,9,,,,,
CICERO AND ADDISON,1611,3600 N CICERO AVENUE,01/15/2018,9,1143698.904601495,1923517.005821035,41.946163524,-87.747215169,"(41.94616352362556, -87.74721516897007)"
WESTERN AND FULLERTON,1671,2400 N WESTERN AVENUE,04/21/2017,11,1159923.309342995,1915897.778561358,41.924935944,-87.687790255,"(41.92493594409127, -87.68779025471278)"
KEDZIE AND 47TH,2104,3200 W 47TH ST,01/15/2018,3,1155815.231505056,1873336.169728074,41.808226246,-87.704031672,"(41.808226246244026, -87.70403167215984)"
SHERIDAN AND FOSTER,1134,1000 W FOSTER AVE,01/15/2018,1,1168689.247756979,1934758.578141654,41.976505116,-87.655031882,"(41.97650511595711, -87.65503188224778)"
AUSTIN AND IRVING PARK,1163,6000 W IRVING PARK ROAD,01/15/2018,3,1135622.402636023,1926014.192063646,41.953163772,-87.776842593,"(41.95316377185154, -87.77684259284736)"
ROOSEVELT AND HALSTED,2233,800 W ROOSEVELT ROAD,01/15/2018,5,1171199.282357741,1894968.056393724,41.867263098,-87.646972686,"(41.86726309836901, -87.64697268601648)"
HOMAN/KIMBALL AND NORTH,1773,3400 W NORTH AVE,01/15/2018,12,1153386.578905125,1910465.87061722,41.910162847,-87.711953868,"(41.91016284680269, -87.71195386769125)"
STONY ISLAND/CORNELL AND 67TH,2731,6700 S CORNELL DRIVE,01/15/2018,3,1188316.454860734,1860851.137456735,41.77325149,-87.5852246,"(41.77325148959568, -87.58522459967712)"
PULASKI AND DIVISION,1802,1200 N PULASKI ROAD,01/15/2018,1,1149459.590666926,1907723.219884254,41.902713902,-87.726451457,"(41.902713901936174, -87.72645145715836)"
79TH AND KEDZIE,2442,7900 S KEDZIE AVE,01/15/2018,1,1156378.39667768,1852021.375281577,41.749723972,-87.702539572,"(41.749723971726056, -87.70253957167394)"
AUSTIN AND ADDISON,1491,3600 N AUSTIN AVENUE,01/15/2018,3,1135691.599896458,1923335.967306169,41.945813215,-87.776652162,"(41.9458132146695, -87.77665216156436)"
CENTRAL AND ADDISON,1683,5600 W ADDISON STREET,01/15/2018,3,1138349.663302502,1923416.02157061,41.945985104,-87.766879952,"(41.94598510430888, -87.76687995165918)"
HOLLYWOOD AND SHERIDAN,1343,1000 W HOLLYWOOD AVE,01/15/2018,2,1168580.228926466,1938090.295189338,41.985649799,-87.655335807,"(41.98564979859328, -87.65533580655139)"
ELSTON AND ADDISON,1402,3600 N ELSTON AVE,01/15/2018,1,1154106.95251778,1923731.036211081,41.946549165,-87.708952626,"(41.94654916480637, -87.70895262603513)"
PULASKI AND CHICAGO,1982,800 N PULASKI ROAD,01/15/2018,3,1149538.444844035,1905079.034990625,41.895456457,-87.726230541,"(41.895456456825386, -87.72623054051289)"
CICERO AND ARMITAGE,2001,2000 N CICERO AVENUE,01/15/2018,3,1144031.525719004,1912881.8300295,41.916973325,-87.746260223,"(41.91697332451097, -87.74626022251057)"
KEDZIE AND 63RD,2364,3200 W 63RD ST,01/15/2018,2,1156103.348831225,1862717.565210739,41.779081505,-87.703260365,"(41.77908150488341, -87.70326036544745)"
ELSTON AND IRVING PARK,1503,3700 W IRVING PARK ROA,01/15/2018,6,,,,,
NORTHWEST HIGHWAY AND FOSTER,3002,5200 N NORTHWEST HWY,01/15/2018,2,1137806.147689466,1934042.034460217,41.975153719,-87.76862036,"(41.975153718866956, -87.76862036015007)"
BROADWAY/SHERIDAN AND DEVON,1123,1200 W DEVON AVE,01/15/2018,3,1167109.644248166,1942688.147952186,41.998298228,-87.660611661,"(41.99829822771884, -87.66061166063517)"
75TH AND STATE,2621,7500 S STATE STREET,01/15/2018,2,1177538.763040612,1855235.551345519,41.758092176,-87.624902228,"(41.75809217638291, -87.6249022282473)"
STONEY ISLAND AND 76TH,2631,7600 S STONY ISLAND A,01/15/2018,16,1188092.796191935,1854889.354158304,41.756897173,-87.586234285,"(41.75689717260223, -87.58623428506996)"
DIVERSEY AND AUSTIN,1454,6000 W DIVERSEY AVENUE,01/15/2018,4,1135895.736169343,1918029.70673837,41.931248624,-87.776028612,"(41.931248623643455, -87.77602861172493)"
CALIFORNIA AND DEVON,1323,2800 W DEVON AVENUE,01/15/2018,2,1156484.528078038,1942377.980662191,41.997669523,-87.699706423,"(41.99766952286052, -87.69970642324591)"
WESTERN AND ADDISON,1563,2400 W ADDISON,01/15/2018,3,1159719.041544334,1923878.577275797,41.946839991,-87.688320193,"(41.9468399910054, -87.68832019252964)"
HALSTED AND FULLERTON,1704,800 W FULLERTON AVENUE,01/15/2018,3,1170525.624723311,1916208.443992778,41.925562791,-87.648823641,"(41.92556279107417, -87.64882364145232)"
IRVING PARK AND LARAMIE,1533,5200 W IRVING PARK ROA,01/15/2018,1,,,,,
CALIFORNIA AND DIVERSEY,1513,2800 W DIVERSEY,01/15/2018,3,1157212.54253358,1918526.674434943,41.932205395,-87.697679244,"(41.93220539506452, -87.6976792438691)"
KEDZIE AND ARMITAGE,1832,2000 N KEDZIE AVENUE,01/15/2018,3,1154684.031809326,1913129.496340896,41.917446172,-87.707116072,"(41.91744617191702, -87.70711607187832)"
PULASKI AND BELMONT,1383,4000 W BELMONT AVE,01/15/2018,1,1149131.866894851,1921018.50498026,41.93920375,-87.727310134,"(41.93920374986553, -87.72731013414392)"
ASHLAND AND MADISON,1911,0 N ASHLAND AVE,01/15/2018,1,,,,,
IRVING PARK AND CALIFORNIA,1234,2800 W IRVING PARK ROA,01/15/2018,4,,,,,
LAFAYETTE AND 87TH,2502,8700 S LAFAYETTE AVEN,01/15/2018,5,1177417.493180297,1847243.988223464,41.73616511,-87.625587569,"(41.73616511008592, -87.62558756899932)"
79TH AND HALSTED,2541,7900 S HALSTED STREET,01/15/2018,2,1172298.707400847,1852444.344822186,41.750549559,-87.644188368,"(41.750549559438944, -87.64418836784098)"
KEDZIE AND 26TH,2381,2600 S KEDZIE AVENUE,01/15/2018,1,1155404.235510285,1886524.460033054,41.844424831,-87.705185452,"(41.84442483084393, -87.70518545233183)"
HALSTED AND MADISON,1872,1 N HALSTED STREET,01/15/2018,4,1171090.967986833,1900270.454015136,41.881815632,-87.647214717,"(41.88181563164203, -87.64721471704077)"
SACRAMENTO AND CHICAGO,1814,3000 W CHICAGO AVENUE,01/15/2018,4,1156075.266375505,1905216.604770718,41.895704525,-87.702218524,"(41.895704524946225, -87.70221852353758)"
FOSTER AND NAGLE,1031,5200 N NAGLE,01/15/2018,3,1132529.656558223,1934201.702060651,41.97568567,-87.788020406,"(41.97568566971868, -87.78802040620296)"
MILWAUKEE AND MONTROSE,1362,4400 N MILWAUKEE AVEN,01/15/2018,1,1141643.943268783,1928770.256316239,41.96061723,-87.75463824,"(41.9606172296957, -87.75463824007085)"
HALSTED AND MADISON,1872,1 N HALSTED STREET,05/08/2017,1,1171090.967986833,1900270.454015136,41.881815632,-87.647214717,"(41.88181563164203, -87.64721471704077)"
CICERO AND HARRISON,2022,600 S CICERO AVENUE,01/15/2018,3,1144444.97442848,1896894.622216872,41.873094833,-87.745143869,"(41.873094832519136, -87.74514386884542)"
99TH AND HALSTED,2433,800 W 99TH ST,01/15/2018,13,1172710.642565684,1839246.330602143,41.714323337,-87.643066714,"(41.71432333701137, -87.64306671421937)"
CENTRAL AND DIVERSEY,1642,2800 N CENTRAL AVENUE,01/15/2018,1,1138516.407377375,1918089.499227987,41.931365552,-87.766396529,"(41.93136555236339, -87.76639652879172)"
CENTRAL AND CHICAGO,1972,800 N CENTRAL AVENUE,01/15/2018,10,1138836.562608552,1904801.732832435,41.894896579,-87.765543258,"(41.89489657939746, -87.76554325845893)"
79TH AND KEDZIE,2443,3200 W 79TH ST,01/15/2018,2,1156402.644780165,1852104.649370984,41.749952001,-87.702448478,"(41.74995200142266, -87.70244847808695)"
ROOSEVELT AND PULASKI,2314,4000 W ROOSEVELT ROAD,01/15/2018,8,1149885.032049683,1894449.464076882,41.866281003,-87.72523422,"(41.866281002664536, -87.72523421983905)"
87TH AND VINCENNES,2412,8700 S VINCENNES,01/15/2018,2,1172026.328989535,1847142.496643776,41.736006565,-87.645341819,"(41.73600656458518, -87.64534181897955)"
WESTERN AND MARQUETTE,2672,6700 S WESTERN AVENUE,01/15/2018,4,1161488.747635042,1860134.788366884,41.771884028,-87.683588402,"(41.77188402771193, -87.68358840206334)"
KEDZIE AND 71ST,2354,3200 W 71ST STREET,01/15/2018,1,1156246.862901455,1857404.014959868,41.764497433,-87.702877023,"(41.76449743256955, -87.70287702335861)"
CENTRAL AND BELMONT,1604,5600 W BELMONT AVENUE,01/15/2018,1,1138453.617438343,1920755.972768412,41.938683775,-87.766562494,"(41.93868377475747, -87.76656249384537)"
WESTERN AND NORTH,1853,2400 W NORTH AVE,01/15/2018,3,1160100.839010995,1910612.783367238,41.910429862,-87.687284221,"(41.91042986235867, -87.68728422050837)"
SACRAMENTO AND CHICAGO,1812,800 N SACRAMENTO AVEN,01/15/2018,5,1156039.008141929,1905193.084100581,41.895640714,-87.702352328,"(41.89564071387542, -87.70235232767416)"
ARCHER AND CICERO,2084,5400 S ARCHER AVE,01/15/2018,3,1145209.426392053,1869810.657411975,41.798758208,-87.743020541,"(41.798758207843264, -87.74302054146467)"
ELSTON AND LAWRENCE,1284,4440 W LAWRENCE AVENUE,01/15/2018,2,1145715.061027481,1931571.0474838,41.968226398,-87.739599251,"(41.96822639754791, -87.73959925065756)"
WESTERN AND DEVON,1211,6400 N WESTERN AVENUE,01/15/2018,1,1159113.585759434,1942451.622367891,41.997817807,-87.690033035,"(41.997817807026, -87.69003303469276)"
CICERO AND HARRISON,2023,4800 W HARRISON STREET,01/15/2018,3,1144451.867388303,1896949.561959463,41.873245464,-87.745117179,"(41.873245464379586, -87.7451171788807)"
WESTERN AND FOSTER,1072,5200 N WESTERN AVE,01/15/2018,1,1159372.922497116,1934478.313674003,41.975933372,-87.689299589,"(41.97593337199358, -87.6892995891816)"
55TH AND WESTERN,2213,2400 W 55TH STREET,01/15/2018,4,1161277.012730599,1868185.749490228,41.793981347,-87.684141741,"(41.7939813465735, -87.68414174128355)"
55TH and PULASKI,2244,4000 W 55TH ST,01/15/2018,1,1150621.676903861,1867864.274865394,41.793313334,-87.723223038,"(41.79331333358753, -87.72322303812588)"
55TH AND KEDZIE,2162,5500 S KEDZIE AVENUE,01/15/2018,3,1155945.854705238,1867941.621374192,41.793420237,-87.703697508,"(41.793420236755864, -87.70369750845424)"
IRVING PARK AND CALIFORNIA,1233,2800 W IRVING PARK ROA,01/15/2018,4,,,,,
FOSTER AND BROADWAY,1113,1200 W FOSTER AVE,01/15/2018,2,1167357.095930752,1934721.393266777,41.97643192,-87.659931806,"(41.97643192018459, -87.65993180604016)"
HALSTED AND 95TH,2581,9500 S HALSTED STREET,01/15/2018,1,1172610.538363645,1841811.61926207,41.721365061,-87.643358042,"(41.72136506078306, -87.64335804234075)"
MONTROSE AND WESTERN,1221,4400 N WESTERN AVENUE,01/15/2018,5,1159539.733234718,1929183.918095502,41.961401846,-87.688832623,"(41.961401846278505, -87.6888326227788)"
LARAMIE AND MADISON,2043,5200 W MADISON STREET,01/15/2018,2,1141706.965522802,1899567.55684314,41.880480752,-87.755130433,"(41.88048075170171, -87.75513043296509)"
MILWAUKEE AND MONTROSE,1364,5075 W MONTROSE AVENUE,01/15/2018,3,1141716.746618898,1928736.076639057,41.960522088,-87.754371424,"(41.96052208819935, -87.75437142402293)"
MADISON AND WESTERN,1931,1 S WESTERN AVE,01/15/2018,1,1160453.827721979,1899933.703473746,41.881118279,-87.686283339,"(41.881118278833966, -87.686283338873)"
STONEY ISLAND AND 79TH,2464,1600 E 79TH ST,01/15/2018,1,1188284.704439907,1852964.829047574,41.751611523,-87.585592284,"(41.75161152327319, -87.58559228428787)"
IRVING PARK AND KILPATRICK,2763,4700 W IRVING PARK ROA,01/15/2018,7,,,,,
HOLLYWOOD AND SHERIDAN,1344,1000 W HOLLYWOOD AVE,01/15/2018,3,1168580.228926466,1938090.295189338,41.985649799,-87.655335807,"(41.98564979859328, -87.65533580655139)"
111TH AND HALSTED,2422,11100 S HALSTED ST,01/15/2018,8,1172923.657689312,1831209.044179248,41.692263123,-87.642522688,"(41.692263123425136, -87.6425226876268)"
CICERO AND CHICAGO,1781,800 N CICERO AVENUE,01/15/2018,3,1144169.162482127,1904893.189220372,41.895049038,-87.745955516,"(41.89504903796389, -87.74595551626888)"
WESTERN AND TOUHY,1252,7200 N WESTERN AVENUE,01/15/2018,1,1158975.66256211,1947754.286963361,42.012371335,-87.690393917,"(42.012371334791766, -87.69039391737863)"
KOSTNER AND NORTH,2013,4400 W NORTH,01/15/2018,4,1146738.551618032,1910309.595368032,41.909863573,-87.736380296,"(41.90986357340246, -87.73638029605371)"
WESTERN AND FOSTER,1074,2400 W FOSTER AVE,01/15/2018,1,1159379.402846887,1934502.712486132,41.97600019,-87.689275084,"(41.97600018976586, -87.68927508385399)"
PULASKI AND 79TH,2492,7900 S PULASKI ROAD,01/15/2018,1,1151054.87395657,1851842.663854121,41.749339,-87.722052091,"(41.74933900008238, -87.72205209091501)"
KEDZIE AND 31ST,2134,3200 W 31ST STREET,01/15/2018,1,1155487.128005646,1883943.061106793,41.8373395,-87.704950558,"(41.83733950029648, -87.70495055800411)"
ASHLAND AND 95TH,2473,1600 W 95TH STREET,01/15/2018,2,1167323.753394196,1841755.029221382,41.721324412,-87.662724153,"(41.721324411975246, -87.66272415265087)"
55TH and PULASKI,2242,5500 S PULASKI,01/15/2018,2,1150600.072649439,1867806.44512718,41.793155061,-87.723303765,"(41.793155060731024, -87.72330376464247)"
PULASKI AND 63RD,2342,6300 S PULASKI RD,01/15/2018,6,1150746.00309079,1862516.747695325,41.778636469,-87.722906356,"(41.77863646878099, -87.72290635568541)"
ELSTON AND ADDISON,1403,3216 W ADDISON ST,01/15/2018,4,1154199.729816868,1923799.345386665,41.946734755,-87.708609774,"(41.946734754927796, -87.7086097735515)"
CICERO AND WASHINGTON,1892,100 N CICERO AVENUE,01/15/2018,3,1144328.984091479,1900095.170838459,41.88187971,-87.745489247,"(41.88187970991601, -87.7454892473012)"
WESTERN AND CHICAGO,1943,2400 W CHICAGO AVE,01/15/2018,1,1160226.686812944,1905300.904544474,41.895851041,-87.686968935,"(41.895851041123755, -87.68696893468467)"
ASHLAND AND FULLERTON,1651,2400 N ASHLAND AVENUE,01/15/2018,5,1165228.073342838,1916032.319169157,41.92519389,-87.668294363,"(41.92519388981048, -87.66829436339881)"
CALIFORNIA AND PETERSON,1313,2800 W PETERSON AVENUE,01/15/2018,3,1156569.515341857,1939784.830544118,41.990552082,-87.699464396,"(41.990552081681564, -87.69946439622785)"
DIVISION AND DAMEN,1734,2000 W DIVISION,01/15/2018,5,1162815.710860194,1908034.672555531,41.903298793,-87.677383247,"(41.903298792681944, -87.67738324739636)"
HALSTED AND NORTH,1761,1600 N HALSTED STREET,01/15/2018,2,1170678.283433825,1910880.991397547,41.910940644,-87.648419043,"(41.91094064391597, -87.64841904272998)"
CORTLAND AND ASHLAND,1723,1600 W CORTLAND ST,01/15/2018,2,1165377.660768235,1912768.773647285,41.916235337,-87.667837772,"(41.91623533746878, -87.66783777212962)"
MILWAUKEE AND CENTRAL,3022,5232 N MILWAUKEE AVE,01/15/2018,5,1138074.161743901,1934115.431678809,41.975350275,-87.767632985,"(41.97535027477604, -87.76763298459159)"
ASHLAND AND 95TH,2472,9500 S ASHLAND AVENUE,01/15/2018,3,1167295.830128711,1841695.121217916,41.721160612,-87.662828139,"(41.72116061205213, -87.66282813939165)"
ASHLAND AND LAWRENCE,1143,1600 W LAWRENCE AVENUE,01/15/2018,1,1164771.946929007,1931988.254061312,41.968987457,-87.669516307,"(41.96898745654617, -87.66951630654926)"
71ST AND ASHLAND,2394,1600 W 71ST,01/15/2018,2,1166890.012333149,1857674.2502247,41.765018306,-87.66385923,"(41.76501830555763, -87.66385923012646)"
ASHLAND AND LAWRENCE,1142,4800 N ASHLAND AVENUE,01/15/2018,4,1164751.686785145,1932001.206626392,41.96902343,-87.669590434,"(41.969023429614026, -87.66959043354217)"
CHICAGO AND CLARK,1963,100 W CHICAGO AVENUE,01/15/2018,5,1175374.528739575,1905745.47783364,41.896744347,-87.631321248,"(41.896744346875806, -87.63132124815151)"
ROOSEVELT AND KOSTNER,2321,1200 S KOSTNER,01/15/2018,3,1147196.304001978,1894305.883269746,41.865938839,-87.735108549,"(41.8659388389088, -87.73510854901264)"
HALSTED AND DIVISION,1714,800 W DIVISION,01/15/2018,4,1170767.827960358,1908259.644151662,41.903745557,-87.648167011,"(41.90374555734733, -87.64816701062779)"
CORTLAND AND ASHLAND,1721,1900 N ASHLAND AVE,01/15/2018,9,1165348.084854857,1912736.454335569,41.916147281,-87.667947354,"(41.91614728095272, -87.66794735350443)"
PULASKI AND DIVERSEY,1543,4000 W DIVERSEY AVENUE,01/15/2018,1,1149206.496130705,1918356.569267582,41.931897723,-87.72710503,"(41.9318977231462, -87.72710503045386)"
BELMONT AND KEDZIE,1372,3200 N KEDZIE AVE,01/15/2018,8,1154426.977874407,1921110.466549542,41.93935173,-87.707846594,"(41.93935173030961, -87.70784659359776)"
DAMEN AND DIVERSEY,1464,2000 W DIVERSEY PARKWAY,01/15/2018,1,1162519.714934025,1918635.417634925,41.932394164,-87.678173031,"(41.93239416403691, -87.67817303087757)"
HAMLIN AND MADISON,1903,3800 W MADISON STREET,01/15/2018,3,1151032.709141294,1899784.033986533,41.880897273,-87.720881226,"(41.880897273491264, -87.72088122613924)"
PULASKI AND FULLERTON,1484,4000 W FULLERTON AVE,01/15/2018,3,1149303.081963737,1915695.275222648,41.924593022,-87.726819268,"(41.92459302175305, -87.7268192684032)"
LAKE SHORE DR AND BELMONT,1413,400 W BELMONT AVE,01/15/2018,30,1172981.744869382,1921577.376128802,41.940241193,-87.639639114,"(41.94024119325571, -87.63963911427594)"
AUSTIN AND IRVING PARK,1161,4000 N AUSTIN AVENUE,01/15/2018,1,1135599.956110927,1926006.862619986,41.953144059,-87.776925284,"(41.95314405904539, -87.77692528423394)"
DIVISION AND DAMEN,1733,2000 W DIVISION,01/15/2018,10,1162815.710860194,1908034.672555531,41.903298793,-87.677383247,"(41.903298792681944, -87.67738324739636)"
99TH AND HALSTED,2431,9900 S HALSTED ST,01/15/2018,1,1172689.754200318,1839171.652197216,41.714118868,-87.643145408,"(41.714118868089905, -87.64314540818165)"
ROOSEVELT AND PULASKI,2311,1200 S PULASKI ROAD,01/15/2018,4,1149866.002247864,1894375.839200384,41.866079337,-87.725305995,"(41.86607933722178, -87.7253059948758)"
DAMEN AND 63RD,2702,6300 S DAMEN AVENUE,01/15/2018,6,1164069.407943298,1862830.277442834,41.779226921,-87.674052731,"(41.77922692069256, -87.67405273137854)"
CENTRAL AND IRVING PARK,1183,5600 W IRVING PARK ROAD,01/15/2018,4,1138281.535484986,1926078.647777633,41.953292847,-87.767065708,"(41.953292847298, -87.76706570775266)"
KOSTNER AND NORTH,2012,4400 W GRAND AVE,01/15/2018,5,1146773.519128439,1910425.663958581,41.91018141,-87.73624887,"(41.910181409597406, -87.73624887040725)"
IRVING PARK AND NARRAGANSETT,1024,6400 W IRVING PK,01/15/2018,4,1132945.939118726,1925946.304925137,41.953024751,-87.786683238,"(41.95302475075328, -87.78668323766634)"
PULASKI AND ARMITAGE,1843,4000 W ARMITAGE AVENUE,01/15/2018,2,1149375.428872108,1913028.984273181,41.917275069,-87.726622746,"(41.91727506940875, -87.72662274644799)"
CERMAK AND PULASKI,2332,2200 S PULASKI,01/15/2018,1,1150012.876838243,1889071.75851865,41.851521442,-87.724904787,"(41.85152144233116, -87.7249047867499)"
BELMONT AND KEDZIE,1373,3200 W BELMONT,01/15/2018,1,1154461.587940363,1921143.091003516,41.939440561,-87.707718516,"(41.93944056117365, -87.70771851630873)"
LAWRENCE AND WESTERN,1193,2400 W LAWRENCE AVENUE,01/15/2018,3,1159482.648570304,1931851.989492596,41.968724349,-87.688968727,"(41.96872434882172, -87.68896872699601)"
35TH AND WESTERN,2092,3500 S WESTERN,04/01/2017,5,1160894.949857101,1881376.851112895,41.830187255,-87.685177925,"(41.83018725526863, -87.68517792510231)"
119TH AND HALSTED,2404,800 W 119TH STREET,01/15/2018,2,1173111.174088158,1825985.001014405,41.677923389,-87.641989646,"(41.677923389134385, -87.64198964584013)"
31ST ST AND MARTIN LUTHER KING DRIVE,2121,3100 S DR MARTIN L KING,01/15/2018,5,,,,,
KEDZIE AND 71ST,2352,7100 S KEDZIE AVENUE,01/15/2018,3,1156225.540366296,1857330.103443232,41.764295037,-87.702957162,"(41.764295036756856, -87.70295716211793)"
CICERO AND FULLERTON,1474,4800 W FULLERTON AVE,01/15/2018,1,1143967.570794243,1915568.504954477,41.924347036,-87.74642764,"(41.924347036010694, -87.74642763965628)"
HALSTED AND NORTH,1764,800 W NORTH AVENUE,01/15/2018,5,1170700.68422007,1910913.190749698,41.91102851,-87.648335806,"(41.91102850981186, -87.64833580602037)"
ASHLAND AND IRVING PARK,1151,4000 N ASHLAND AVENUE,01/15/2018,5,1164899.463802581,1926665.661118925,41.954379326,-87.66919912,"(41.954379326212695, -87.66919911980419)"
WESTERN AND FULLERTON,1671,2400 N WESTERN AVENUE,01/15/2018,6,1159923.309342995,1915897.778561358,41.924935944,-87.687790255,"(41.92493594409127, -87.68779025471278)"
PULASKI AND ARCHER,2154,5000 S ARCHER AVE,01/15/2018,2,1150501.818909837,1871162.311703322,41.802365973,-87.723576766,"(41.80236597333895, -87.72357676611004)"
CENTRAL AND IRVING PARK,1182,4000 N CENTRAL AVENUE,01/15/2018,2,1138258.614129764,1926071.172884932,41.953272751,-87.767150151,"(41.95327275103541, -87.76715015131407)"
TOUHY AND OSCEOLA,1243,7432 W TOUHY AVENUE,01/15/2018,9,1125717.010560011,1947269.685461107,42.011661765,-87.812781431,"(42.01166176507329, -87.81278143114147)"
HAMLIN AND LAKE,1881,300 N HAMLIN AVENUE,05/08/2017,2,1150970.026856642,1901381.688308858,41.885282636,-87.721069539,"(41.88528263580913, -87.72106953854511)"
IRVING PARK AND LARAMIE,1534,5200 W IRVING PARK ROA,01/15/2018,1,,,,,
ROOSEVELT AND KOSTNER,2323,4400 W ROOSEVELT,01/15/2018,2,1147200.963258796,1894379.538078088,41.866140868,-87.73508956,"(41.866140867641654, -87.73508956008207)"
ROOSEVELT AND HALSTED,2234,800 W ROOSEVELT ROAD,01/15/2018,9,1171199.282357741,1894968.056393724,41.867263098,-87.646972686,"(41.86726309836901, -87.64697268601648)"
PULASKI AND 63RD,2343,4000 W 63RD ST,01/15/2018,1,1150768.346768175,1862564.615405259,41.77876739,-87.722823195,"(41.778767390084305, -87.72282319530368)"
SHERIDAN AND FOSTER,1132,5200 N SHERIDAN ROAD,01/15/2018,2,1168661.623718229,1934753.842272756,41.976492721,-87.655133605,"(41.97649272077833, -87.65513360456677)"
CICERO AND PETERSON,1204,4800 W PETERSON AVENUE,01/15/2018,1,1143273.766829016,1939491.944645127,41.990008007,-87.748376951,"(41.99000800729908, -87.74837695118997)"
PULASKI AND NORTH,1994,4000 W NORTH AVENUE,01/15/2018,2,1149456.2688422,1910376.774019002,41.909995582,-87.726394693,"(41.90999558160536, -87.72639469321471)"
ELSTON AND LAWRENCE,1282,4800 N ELSTON AVENUE,01/15/2018,2,1145529.344259918,1931501.601268983,41.968039361,-87.740283894,"(41.96803936143674, -87.74028389448999)"
CICERO AND DIVERSEY,1694,4800 W DIVERSEY AVENUE,01/15/2018,1,1143869.848167704,1918226.043989398,41.93164142,-87.746719911,"(41.93164142040689, -87.7467199106462)"
PULASKI AND FOSTER,1102,5200 N PULASKI RD,01/15/2018,2,1148746.251286324,1934286.914361976,41.97562074,-87.728383135,"(41.97562073966174, -87.72838313514907)"
IRVING PARK AND NARRAGANSETT,1024,6400 W IRVING PK,04/01/2017,2,1132945.939118726,1925946.304925137,41.953024751,-87.786683238,"(41.95302475075328, -87.78668323766634)"
ASHLAND AND 87TH,2454,1600 W 87TH ST,01/15/2018,5,1167171.941297436,1847064.855345151,41.735898617,-87.663128781,"(41.735898617066006, -87.66312878090133)"
OGDEN AND KOSTNER,2222,2348 S KOSTNER AVENUE,01/15/2018,3,1147394.548182079,1887795.177782082,41.848068845,-87.734547457,"(41.8480688449598, -87.73454745748458)"
MADISON AND WESTERN,1934,2400 W MADISON,01/15/2018,1,1160384.621277157,1899988.655722373,41.881270504,-87.68653594,"(41.88127050428818, -87.68653594017124)"
PULASKI AND 79TH,2494,4000 W 79TH STREET,01/15/2018,1,1151074.116357501,1851966.830243835,41.749679359,-87.721978345,"(41.74967935883473, -87.72197834524168)"
CHICAGO AND CLARK,1964,100 W CHICAGO AVENUE,01/15/2018,2,1175374.528739575,1905745.47783364,41.896744347,-87.631321248,"(41.896744346875806, -87.63132124815151)"
LAWRENCE AND CICERO,1042,4800 N CICERO AVENUE,01/15/2018,2,1143464.651785526,1931490.551883203,41.968048007,-87.747875985,"(41.968048007293845, -87.74787598468126)"
4700 WESTERN,2142,4700 S WESTERN AVENUE,01/15/2018,3,1161120.438879703,1873431.066474726,41.808378408,-87.684570717,"(41.808378407946726, -87.68457071689552)"
STATE AND 79TH,2651,7900 S STATE STREET,01/15/2018,3,1177618.166929966,1852621.870232838,41.750918138,-87.624690123,"(41.7509181383154, -87.62469012251644)"
ASHLAND AND 87TH,2452,8700 S ASHLAND AVE,01/15/2018,1,1167150.470087748,1846991.212339794,41.735696989,-87.663209544,"(41.73569698863625, -87.66320954445679)"
ASHLAND AND DIVISION,1793,1600 W DIVISION STREET,01/15/2018,3,1165489.684200442,1908112.312963909,41.903455316,-87.667558994,"(41.903455316483814, -87.66755899396976)"
STONY ISLAND/CORNELL AND 67TH,2721,6700 S STONY ISLAND A,01/15/2018,4,1187984.143047539,1860863.338367666,41.773292896,-87.586442368,"(41.77329289585066, -87.58644236831432)"
ASHLAND AND IRVING PARK,1153,1600 W IRVING PARK ROA,01/15/2018,5,,,,,
DIVERSEY AND AUSTIN,1453,6000 W DIVERSEY AVENUE,01/15/2018,1,1135895.736169343,1918029.70673837,41.931248624,-87.776028612,"(41.931248623643455, -87.77602861172493)"
CANAL AND ROOSEVELT,2294,500 W ROOSEVELT ROAD,01/15/2018,7,1173290.72186561,1895021.166235495,41.867362693,-87.639293195,"(41.867362692616666, -87.63929319464197)"
TOUHY AND OSCEOLA,1244,7432 W TOUHY AVENUE,01/15/2018,4,1125717.010560011,1947269.685461107,42.011661765,-87.812781431,"(42.01166176507329, -87.81278143114147)"
WENTWORTH AND GARFIELD,2264,200 W GARFIELD BLVD,01/15/2018,3,1175889.574397302,1868551.750512227,41.794670385,-87.630547476,"(41.79467038468937, -87.63054747605638)"
CICERO AND 47TH,2204,4800 W 47TH ST,01/15/2018,2,1145130.048925744,1873078.44198302,41.807727017,-87.743229366,"(41.80772701677172, -87.74322936566276)"
HALSTED AND MADISON,1871,1 S HALSTED STREET,01/15/2018,1,1171092.392868784,1900234.542088741,41.881717056,-87.647210539,"(41.88171705561901, -87.64721053920604)"
ADDISON AND HARLEM,1593,7200 W ADDISON,01/15/2018,1,1127417.488447099,1923123.407710965,41.945373358,-87.807070326,"(41.94537335809189, -87.80707032561135)"
HALSTED AND DIVISION,1711,1200 N HALSTED,01/15/2018,6,1170746.639428735,1908242.256010774,41.903698308,-87.648245351,"(41.90369830765008, -87.64824535062563)"
PULASKI AND CHICAGO,1983,4000 W CHICAGO AVENUE,01/15/2018,3,1149561.855939692,1905086.596446259,41.895476752,-87.72614436,"(41.89547675163723, -87.72614435991626)"
LARAMIE AND FULLERTON,1421,2400 N LARAMIE AVENUE,01/15/2018,1,1141282.877477884,1915479.163971956,41.924151874,-87.756294662,"(41.92415187425276, -87.75629466175003)"
LAWRENCE AND WESTERN,1192,4800 N WESTERN AVENUE,01/15/2018,1,1159459.622430471,1931821.342623414,41.968640727,-87.689054241,"(41.96864072747715, -87.6890542408374)"
DAMEN AND 63RD,2701,6300 S DAMEN AVENUE,01/15/2018,1,1164069.407943298,1862830.277442834,41.779226921,-87.674052731,"(41.77922692069256, -87.67405273137854)"
WESTERN AND FULLERTON,1672,2400 N WESTERN AVENUE,01/15/2018,1,1159923.309342995,1915897.778561358,41.924935944,-87.687790255,"(41.92493594409127, -87.68779025471278)"
31ST ST AND MARTIN LUTHER KING DRIVE,2123,400 E 31ST STREET,01/15/2018,1,1179437.985396417,1884565.84226022,41.838534018,-87.617046113,"(41.838534018118914, -87.61704611345726)"
CALIFORNIA AND DIVERSEY,1514,2800 W DIVERSEY,01/15/2018,21,1157212.54253358,1918526.674434943,41.932205395,-87.697679244,"(41.93220539506452, -87.6976792438691)"
LAWRENCE AND CICERO,1041,4800 N CICERO AVE,01/15/2018,5,1143464.651785526,1931490.551883203,41.968048007,-87.747875985,"(41.968048007293845, -87.74787598468126)"
CICERO AND CHICAGO,1783,4800 W CHICAGO AVENUE,01/15/2018,3,1144175.291152764,1904916.255225279,41.895112219,-87.745932427,"(41.89511221857764, -87.74593242701515)"
WESTERN AND NORTH,1851,1600 N WESTERN AVE,01/15/2018,5,1160077.474351131,1910605.013316134,41.910409024,-87.687370268,"(41.91040902362901, -87.687370268401)"
CICERO AND NORTH,2033,4800 W NORTH AVENUE,01/15/2018,2,1144053.733747163,1910243.80567041,41.90973389,-87.746244973,"(41.909733890131285, -87.74624497295898)"
55TH AND KEDZIE,2163,3200 W 55TH STREET,01/15/2018,1,1155966.956993183,1868015.593764152,41.793622803,-87.703618141,"(41.79362280329978, -87.70361814062049)"
COTTAGE GROVE AND 71ST,2572,7100 S COTTAGE GROVE,01/15/2018,1,1182746.23698699,1858088.011064538,41.765800351,-87.605729127,"(41.76580035131893, -87.6057291269901)"
55TH AND WESTERN,2212,5500 S WESTERN AVE,01/15/2018,2,1161269.521335262,1867963.111601251,41.793370554,-87.684175377,"(41.79337055433029, -87.6841753767592)"
119TH AND HALSTED,2402,11900 S HALSTED,01/15/2018,2,1173094.774616191,1825911.054609338,41.677720829,-87.642051845,"(41.67772082924762, -87.64205184498218)"
WESTERN AND ADDISON,1562,3600 N WESTERN AVENUE,01/15/2018,2,1159695.573342728,1923871.086283556,41.94681992,-87.688406662,"(41.94681991986288, -87.68840666206194)"
IRVING PARK AND NARRAGANSETT,1023,6400 W IRVING PK,01/15/2018,1,1132945.939118726,1925946.304925137,41.953024751,-87.786683238,"(41.95302475075328, -87.78668323766634)"
LARAMIE AND MADISON,2044,5200 W MADISON STREET,01/15/2018,7,1141706.965522802,1899567.55684314,41.880480752,-87.755130433,"(41.88048075170171, -87.75513043296509)"
HAMLIN AND MADISON,1901,0 N HAMLIN BOULEVARD,01/15/2018,6,,,,,
PULASKI AND NORTH,1992,1600 N PULASKI AVENUE,01/15/2018,5,1149432.959240306,1910369.112502195,41.90997501,-87.726480523,"(41.909975010236906, -87.72648052306623)"
ASHLAND AND FULLERTON,1652,2400 N ASHLAND AVENUE,01/15/2018,7,1165228.073342838,1916032.319169157,41.92519389,-87.668294363,"(41.92519388981048, -87.66829436339881)"
CENTRAL AND CHICAGO,1973,5600 W CHICAGO AVENUE,01/15/2018,1,1138858.856732452,1904825.827586656,41.894962293,-87.765460791,"(41.89496229349977, -87.76546079122906)"
4700 WESTERN,2141,4700 S WESTERN AVENUE,01/15/2018,1,1161120.438879703,1873431.066474726,41.808378408,-87.684570717,"(41.808378407946726, -87.68457071689552)"
WESTERN AND 79TH,2484,2400 W 79TH ST,01/15/2018,1,1161758.68085177,1852242.255513454,41.750220168,-87.682817693,"(41.75022016799851, -87.68281769253687)"
CENTRAL AND ADDISON,1682,3600 N CENTRAL AVENUE,01/15/2018,4,1138343.117435682,1923392.067464765,41.945919491,-87.766904594,"(41.945919490555106, -87.76690459426293)"
CALIFORNIA AND DEVON,1321,6400 N CALIFORNIA AVE,01/15/2018,1,1156461.150245401,1942370.37710537,41.997649133,-87.699792629,"(41.997649133049336, -87.69979262891378)"
CENTRAL AND LAKE,1742,400 N CENTRAL AVENUE,01/15/2018,4,1138928.478257537,1902217.926149854,41.887804621,-87.765268498,"(41.88780462053497, -87.76526849810371)"
JEFFERY AND 95TH,2523,2000 E 95TH ST,01/15/2018,2,1191188.381103057,1842410.411853539,41.722579473,-87.575292523,"(41.722579473126416, -87.57529252250366)"
63RD AND STATE,2712,6300 S STATE ST,01/15/2018,5,1177303.801895084,1863220.216755923,41.780008277,-87.625522512,"(41.78000827740796, -87.6255225119157)"
FULLERTON AND NARRAGANSETT,1553,6400 W FULLERTON AVENU,01/15/2018,1,1133317.594499059,1915293.661305931,41.923786189,-87.785567206,"(41.92378618871128, -87.78556720562165)"
STATE AND 79TH,2654,1 E 79TH STREET,01/15/2018,14,1177680.113652821,1852598.313477786,41.750852096,-87.624463832,"(41.75085209551078, -87.62446383210285)"
DAMEN AND DIVERSEY,1462,2800 N DAMEN AVENUE,01/15/2018,1,1162490.04851994,1918611.623717091,41.932329494,-87.678282719,"(41.9323294940985, -87.67828271931386)"
HOMAN/KIMBALL AND NORTH,1771,1600 N HOMAN AVENUE,01/15/2018,1,,,,,
WENTWORTH AND GARFIELD,2261,5500 S WENTWORTH AVEN,01/15/2018,6,,,,,
FOSTER AND BROADWAY,1111,5200 N BROADWAY ST,01/15/2018,2,1167334.508577915,1934714.008346532,41.976412143,-87.660015082,"(41.97641214294823, -87.66001508205365)"
CICERO AND PETERSON,1202,6000 N CICERO AVENUE,01/15/2018,4,1143247.733553094,1939479.342905704,41.989973915,-87.748473024,"(41.98997391514614, -87.74847302426933)"
SACRAMENTO AND LAKE,1822,150 N SACRAMENTO BOUL,01/15/2018,1,1156319.560664766,1900957.489351962,41.884012178,-87.701436479,"(41.88401217771363, -87.7014364786693)"
FOSTER AND NORTHWEST HIGHWAY,3003,5616 W FOSTER AVE,01/15/2018,5,1137626.093281239,1934273.239128334,41.97579142,-87.769276893,"(41.975791419680704, -87.76927689293382)"
PULASKI AND FOSTER,1104,4000 W FOSTER AVE,01/15/2018,7,1148759.16134887,1934294.249006446,41.975640616,-87.728335469,"(41.975640616231914, -87.72833546926573)"
PULASKI AND BELMONT,1382,3200 N PULASKI RD,01/15/2018,1,1149125.621478734,1920994.556178086,41.939138154,-87.72733371,"(41.939138153500274, -87.7273337101426)"
VAN BUREN AND WESTERN,2052,400 S WESTERN AVENUE,01/15/2018,15,1160431.682297829,1898091.942371589,41.876064776,-87.686415631,"(41.87606477642526, -87.68641563098768)"
PULASKI AND IRVING PARK,1574,4000 W IRVING PARK RD,01/15/2018,6,1148988.727877253,1926320.954938409,41.953756874,-87.727698513,"(41.95375687447515, -87.72769851312907)"
WESTERN AND FOSTER,1072,5200 N WESTERN AVE,04/21/2017,4,1159372.922497116,1934478.313674003,41.975933372,-87.689299589,"(41.97593337199358, -87.6892995891816)"
CLARK AND IRVING PARK,1091,4000 N CLARK STREET,01/15/2018,3,1166736.149822904,1926699.323624709,41.954432441,-87.662446259,"(41.95443244141688, -87.66244625914061)"
RIDGE AND CLARK,1052,5930 N CLARK STREET,01/15/2018,2,1164554.784723473,1939388.511516442,41.98929863,-87.670104121,"(41.98929863013193, -87.67010412112992)"
CENTRAL AND FULLERTON,1444,5600 W FULLERTON AVENU,01/15/2018,2,1138627.279189421,1915438.969256439,41.924090199,-87.76605353,"(41.92409019883488, -87.76605353016079)"
ASHLAND AND MADISON,1914,1600 W MADISON,01/15/2018,6,1165723.014733182,1900136.515489506,41.881564167,-87.666929463,"(41.8815641670199, -87.66692946294842)"
PULASKI AND 63RD,2343,4000 W 63RD ST,01/16/2018,1,1150768.346768175,1862564.615405259,41.77876739,-87.722823195,"(41.778767390084305, -87.72282319530368)"
MADISON AND WESTERN,1931,1 S WESTERN AVE,01/16/2018,5,1160453.827721979,1899933.703473746,41.881118279,-87.686283339,"(41.881118278833966, -87.686283338873)"
WENTWORTH AND GARFIELD,2264,200 W GARFIELD BLVD,01/05/2018,3,1175889.574397302,1868551.750512227,41.794670385,-87.630547476,"(41.79467038468937, -87.63054747605638)"
IRVING PARK AND LARAMIE,1533,5200 W IRVING PARK ROA,01/16/2018,1,,,,,
PULASKI AND 79TH,2492,7900 S PULASKI ROAD,01/16/2018,1,1151054.87395657,1851842.663854121,41.749339,-87.722052091,"(41.74933900008238, -87.72205209091501)"
35TH AND WESTERN,2092,3500 S WESTERN,01/16/2018,1,1160894.949857101,1881376.851112895,41.830187255,-87.685177925,"(41.83018725526863, -87.68517792510231)"
ROOSEVELT AND HALSTED,2234,800 W ROOSEVELT ROAD,01/06/2018,12,1171199.282357741,1894968.056393724,41.867263098,-87.646972686,"(41.86726309836901, -87.64697268601648)"
CICERO AND PETERSON,1204,4800 W PETERSON AVENUE,01/16/2018,1,1143273.766829016,1939491.944645127,41.990008007,-87.748376951,"(41.99000800729908, -87.74837695118997)"
WESTERN AND 71ST,2612,7100 S WESTERN AVENUE,04/01/2017,3,1161563.704681724,1857484.211306323,41.764608912,-87.683387053,"(41.76460891223613, -87.68338705328121)"
PULASKI AND DIVISION,1802,1200 N PULASKI ROAD,01/16/2018,3,1149459.590666926,1907723.219884254,41.902713902,-87.726451457,"(41.902713901936174, -87.72645145715836)"
PULASKI AND DIVERSEY,1543,4000 W DIVERSEY AVENUE,01/16/2018,1,1149206.496130705,1918356.569267582,41.931897723,-87.72710503,"(41.9318977231462, -87.72710503045386)"
STATE AND 79TH,2651,7900 S STATE STREET,04/21/2017,4,1177618.166929966,1852621.870232838,41.750918138,-87.624690123,"(41.7509181383154, -87.62469012251644)"
ASHLAND AND 87TH,2454,1600 W 87TH ST,01/16/2018,1,1167171.941297436,1847064.855345151,41.735898617,-87.663128781,"(41.735898617066006, -87.66312878090133)"
CICERO AND FULLERTON,1474,4800 W FULLERTON AVE,01/16/2018,1,1143967.570794243,1915568.504954477,41.924347036,-87.74642764,"(41.924347036010694, -87.74642763965628)"
75TH AND STATE,2621,7500 S STATE STREET,01/16/2018,7,1177538.763040612,1855235.551345519,41.758092176,-87.624902228,"(41.75809217638291, -87.6249022282473)"
4700 WESTERN,2142,4700 S WESTERN AVENUE,01/16/2018,1,1161120.438879703,1873431.066474726,41.808378408,-87.684570717,"(41.808378407946726, -87.68457071689552)"
ARCHER AND CICERO,2084,5400 S ARCHER AVE,01/16/2018,2,1145209.426392053,1869810.657411975,41.798758208,-87.743020541,"(41.798758207843264, -87.74302054146467)"
HALSTED AND FULLERTON,1704,800 W FULLERTON AVENUE,01/16/2018,3,1170525.624723311,1916208.443992778,41.925562791,-87.648823641,"(41.92556279107417, -87.64882364145232)"
LAFAYETTE AND 87TH,2502,8700 S LAFAYETTE AVEN,01/13/2018,12,1177417.493180297,1847243.988223464,41.73616511,-87.625587569,"(41.73616511008592, -87.62558756899932)"
LAFAYETTE AND 87TH,2503,30 W 87TH STREET,01/15/2018,9,1177407.651800237,1847320.772058312,41.736376037,-87.625621311,"(41.736376036604916, -87.62562131092602)"
BELMONT AND KEDZIE,1372,3200 N KEDZIE AVE,01/16/2018,7,1154426.977874407,1921110.466549542,41.93935173,-87.707846594,"(41.93935173030961, -87.70784659359776)"
BROADWAY/SHERIDAN AND DEVON,1123,1200 W DEVON AVE,01/16/2018,3,1167109.644248166,1942688.147952186,41.998298228,-87.660611661,"(41.99829822771884, -87.66061166063517)"
CORTLAND AND ASHLAND,1723,1600 W CORTLAND ST,01/05/2018,4,1165377.660768235,1912768.773647285,41.916235337,-87.667837772,"(41.91623533746878, -87.66783777212962)"
CHICAGO AND CLARK,1964,100 W CHICAGO AVENUE,01/16/2018,4,1175374.528739575,1905745.47783364,41.896744347,-87.631321248,"(41.896744346875806, -87.63132124815151)"
OGDEN AND KOSTNER,2223,4400 W OGDEN AVENUE,01/16/2018,7,1147406.592439224,1887689.099869462,41.847777523,-87.734505969,"(41.84777752280453, -87.73450596874825)"
LAWRENCE AND CICERO,1042,4800 N CICERO AVENUE,01/16/2018,6,1143464.651785526,1931490.551883203,41.968048007,-87.747875985,"(41.968048007293845, -87.74787598468126)"
CALIFORNIA AND DIVERSEY,1514,2800 W DIVERSEY,01/16/2018,17,1157212.54253358,1918526.674434943,41.932205395,-87.697679244,"(41.93220539506452, -87.6976792438691)"
HALSTED AND NORTH,1761,1600 N HALSTED STREET,01/10/2018,4,1170678.283433825,1910880.991397547,41.910940644,-87.648419043,"(41.91094064391597, -87.64841904272998)"
HAMLIN AND MADISON,1903,3800 W MADISON STREET,01/16/2018,6,1151032.709141294,1899784.033986533,41.880897273,-87.720881226,"(41.880897273491264, -87.72088122613924)"
IRVING PARK AND LARAMIE,1534,5200 W IRVING PARK ROA,01/16/2018,2,,,,,
79TH AND HALSTED,2543,800 W 79TH STREET,01/16/2018,5,1172320.105719411,1852517.9814434,41.750751157,-87.644107793,"(41.75075115747316, -87.64410779300933)"
ASHLAND AND MADISON,1914,1600 W MADISON,01/16/2018,3,1165723.014733182,1900136.515489506,41.881564167,-87.666929463,"(41.8815641670199, -87.66692946294842)"
ASHLAND AND MADISON,1914,1600 W MADISON,01/09/2018,5,1165723.014733182,1900136.515489506,41.881564167,-87.666929463,"(41.8815641670199, -87.66692946294842)"
ASHLAND AND DIVISION,1791,1200 N ASHLAND AVENUE,01/16/2018,4,1165466.997046718,1908083.767015974,41.903377468,-87.667643142,"(41.903377467566784, -87.66764314227497)"
ELSTON AND LAWRENCE,1282,4800 N ELSTON AVENUE,01/16/2018,3,1145529.344259918,1931501.601268983,41.968039361,-87.740283894,"(41.96803936143674, -87.74028389448999)"
HALSTED AND DIVISION,1711,1200 N HALSTED,01/06/2018,10,1170746.639428735,1908242.256010774,41.903698308,-87.648245351,"(41.90369830765008, -87.64824535062563)"
119TH AND HALSTED,2404,800 W 119TH STREET,03/03/2017,4,1173111.174088158,1825985.001014405,41.677923389,-87.641989646,"(41.677923389134385, -87.64198964584013)"
HALSTED AND 95TH,2581,9500 S HALSTED STREET,01/16/2018,4,1172610.538363645,1841811.61926207,41.721365061,-87.643358042,"(41.72136506078306, -87.64335804234075)"
CALIFORNIA AND DIVERSEY,1513,2800 W DIVERSEY,01/16/2018,2,1157212.54253358,1918526.674434943,41.932205395,-87.697679244,"(41.93220539506452, -87.6976792438691)"
ELSTON AND LAWRENCE,1284,4440 W LAWRENCE AVENUE,01/16/2018,4,1145715.061027481,1931571.0474838,41.968226398,-87.739599251,"(41.96822639754791, -87.73959925065756)"
CORTLAND AND ASHLAND,1721,1900 N ASHLAND AVE,01/16/2018,12,1165348.084854857,1912736.454335569,41.916147281,-87.667947354,"(41.91614728095272, -87.66794735350443)"
PULASKI AND CHICAGO,1983,4000 W CHICAGO AVENUE,01/16/2018,4,1149561.855939692,1905086.596446259,41.895476752,-87.72614436,"(41.89547675163723, -87.72614435991626)"
CICERO AND ADDISON,1612,3600 N CICERO AVENUE,01/16/2018,7,1143698.904601495,1923517.005821035,41.946163524,-87.747215169,"(41.94616352362556, -87.74721516897007)"
ASHLAND AND IRVING PARK,1153,1600 W IRVING PARK ROA,01/16/2018,1,,,,,
STONEY ISLAND AND 76TH,2631,7600 S STONY ISLAND A,01/16/2018,16,1188092.796191935,1854889.354158304,41.756897173,-87.586234285,"(41.75689717260223, -87.58623428506996)"
WESTERN AND 79TH,2484,2400 W 79TH ST,01/16/2018,2,1161758.68085177,1852242.255513454,41.750220168,-87.682817693,"(41.75022016799851, -87.68281769253687)"
STONEY ISLAND AND 79TH,2461,7900 S SOUTH CHICAGO AVE,01/16/2018,1,1188274.655498937,1852865.685797892,41.751339705,-87.585632266,"(41.751339704589455, -87.58563226565187)"
CENTRAL AND FULLERTON,1442,2400 N CENTRAL AVENUE,01/16/2018,1,1138603.468418662,1915431.058212414,41.924068922,-87.766141214,"(41.92406892227644, -87.76614121413186)"
111TH AND HALSTED,2422,11100 S HALSTED ST,01/16/2018,6,1172923.657689312,1831209.044179248,41.692263123,-87.642522688,"(41.692263123425136, -87.6425226876268)"
RIDGE AND CLARK,1052,5930 N CLARK STREET,01/16/2018,4,1164554.784723473,1939388.511516442,41.98929863,-87.670104121,"(41.98929863013193, -87.67010412112992)"
CALIFORNIA AND DEVON,1323,2800 W DEVON AVENUE,01/16/2018,2,1156484.528078038,1942377.980662191,41.997669523,-87.699706423,"(41.99766952286052, -87.69970642324591)"
WESTERN AND MARQUETTE,2674,2400 W MARQUETTE ROAD,01/16/2018,2,1161509.889315231,1860208.627404126,41.772086214,-87.683508858,"(41.772086214104526, -87.68350885781568)"
CERMAK AND PULASKI,2334,4000 W CERMAK,03/03/2017,2,1150018.476053666,1889120.238540361,41.851654369,-87.724882975,"(41.85165436867626, -87.7248829753078)"
STONEY ISLAND AND 76TH,2631,7600 S STONY ISLAND A,01/08/2018,21,1188092.796191935,1854889.354158304,41.756897173,-87.586234285,"(41.75689717260223, -87.58623428506996)"
ASHLAND AND LAWRENCE,1143,1600 W LAWRENCE AVENUE,01/16/2018,1,1164771.946929007,1931988.254061312,41.968987457,-87.669516307,"(41.96898745654617, -87.66951630654926)"
ELSTON AND IRVING PARK,1502,4000 N ELSTON AVENUE,03/03/2017,4,1151273.974828198,1926311.849469842,41.953687266,-87.719297882,"(41.95368726563273, -87.71929788151473)"
HOLLYWOOD AND SHERIDAN,1343,1000 W HOLLYWOOD AVE,01/16/2018,3,1168580.228926466,1938090.295189338,41.985649799,-87.655335807,"(41.98564979859328, -87.65533580655139)"
55TH AND KEDZIE,2163,3200 W 55TH STREET,01/16/2018,3,1155966.956993183,1868015.593764152,41.793622803,-87.703618141,"(41.79362280329978, -87.70361814062049)"
CICERO AND WASHINGTON,1891,100 N CICERO AVENUE,01/16/2018,4,1144328.984091479,1900095.170838459,41.88187971,-87.745489247,"(41.88187970991601, -87.7454892473012)"
63RD AND STATE,2714,1 E 63RD ST,01/15/2018,5,1177367.518733101,1863199.17768559,41.779949105,-87.625289553,"(41.779949104569106, -87.62528955333775)"
KEDZIE AND 26TH,2381,2600 S KEDZIE AVENUE,01/16/2018,1,1155404.235510285,1886524.460033054,41.844424831,-87.705185452,"(41.84442483084393, -87.70518545233183)"
WESTERN AND FOSTER,1072,5200 N WESTERN AVE,01/16/2018,1,1159372.922497116,1934478.313674003,41.975933372,-87.689299589,"(41.97593337199358, -87.6892995891816)"
CALIFORNIA AND DIVERSEY,1514,2800 W DIVERSEY,01/03/2018,10,1157212.54253358,1918526.674434943,41.932205395,-87.697679244,"(41.93220539506452, -87.6976792438691)"
SACRAMENTO AND CHICAGO,1812,800 N SACRAMENTO AVEN,01/16/2018,10,1156039.008141929,1905193.084100581,41.895640714,-87.702352328,"(41.89564071387542, -87.70235232767416)"
STATE AND 79TH,2651,7900 S STATE STREET,01/03/2018,5,1177618.166929966,1852621.870232838,41.750918138,-87.624690123,"(41.7509181383154, -87.62469012251644)"
STATE AND 79TH,2654,1 E 79TH STREET,01/10/2018,12,1177680.113652821,1852598.313477786,41.750852096,-87.624463832,"(41.75085209551078, -87.62446383210285)"
WESTERN AND FOSTER,1074,2400 W FOSTER AVE,01/16/2018,4,1159379.402846887,1934502.712486132,41.97600019,-87.689275084,"(41.97600018976586, -87.68927508385399)"
HAMLIN AND MADISON,1901,0 N HAMLIN BOULEVARD,01/16/2018,2,,,,,
CENTRAL AND FULLERTON,1444,5600 W FULLERTON AVENU,01/16/2018,2,1138627.279189421,1915438.969256439,41.924090199,-87.76605353,"(41.92409019883488, -87.76605353016079)"
LAKE SHORE DR AND BELMONT,1413,400 W BELMONT AVE,01/16/2018,22,1172981.744869382,1921577.376128802,41.940241193,-87.639639114,"(41.94024119325571, -87.63963911427594)"
WESTERN AND 63RD,2373,2400 W 63RD ST,01/16/2018,3,1161444.415758584,1862848.534703658,41.779331844,-87.683675761,"(41.77933184429814, -87.68367576084798)"
MONTROSE AND WESTERN,1221,4400 N WESTERN AVENUE,01/16/2018,6,1159539.733234718,1929183.918095502,41.961401846,-87.688832623,"(41.961401846278505, -87.6888326227788)"
79TH AND KEDZIE,2443,3200 W 79TH ST,01/16/2018,6,1156402.644780165,1852104.649370984,41.749952001,-87.702448478,"(41.74995200142266, -87.70244847808695)"
SACRAMENTO AND LAKE,1822,150 N SACRAMENTO BOUL,01/16/2018,4,1156319.560664766,1900957.489351962,41.884012178,-87.701436479,"(41.88401217771363, -87.7014364786693)"
STATE AND 79TH,2651,7900 S STATE STREET,01/16/2018,7,1177618.166929966,1852621.870232838,41.750918138,-87.624690123,"(41.7509181383154, -87.62469012251644)"
71ST AND ASHLAND,2394,1600 W 71ST,01/16/2018,4,1166890.012333149,1857674.2502247,41.765018306,-87.66385923,"(41.76501830555763, -87.66385923012646)"
CICERO AND ADDISON,1611,3600 N CICERO AVENUE,01/16/2018,5,1143698.904601495,1923517.005821035,41.946163524,-87.747215169,"(41.94616352362556, -87.74721516897007)"
NORTHWEST HIGHWAY AND FOSTER,3002,5200 N NORTHWEST HWY,01/16/2018,2,1137806.147689466,1934042.034460217,41.975153719,-87.76862036,"(41.975153718866956, -87.76862036015007)"
HAMLIN AND MADISON,1901,0 N HAMLIN BOULEVARD,01/03/2018,4,,,,,
RIDGE AND CLARK,1051,5930 N CLARK STREET,01/16/2018,4,1164554.784723473,1939388.511516442,41.98929863,-87.670104121,"(41.98929863013193, -87.67010412112992)"
FOSTER AND NORTHWEST HIGHWAY,3003,5616 W FOSTER AVE,01/16/2018,3,1137626.093281239,1934273.239128334,41.97579142,-87.769276893,"(41.975791419680704, -87.76927689293382)"
CENTRAL AND DIVERSEY,1642,2800 N CENTRAL AVENUE,01/16/2018,1,1138516.407377375,1918089.499227987,41.931365552,-87.766396529,"(41.93136555236339, -87.76639652879172)"
MILWAUKEE AND MONTROSE,1362,4400 N MILWAUKEE AVEN,01/16/2018,1,1141643.943268783,1928770.256316239,41.96061723,-87.75463824,"(41.9606172296957, -87.75463824007085)"
COLUMBUS AND ILLINOIS,1951,500 N COLUMBUS DRIVE,01/16/2018,7,1178372.808407292,1903693.06016042,41.891044569,-87.620371839,"(41.891044569124276, -87.620371839074)"
WESTERN AND TOUHY,1252,7200 N WESTERN AVENUE,01/16/2018,1,1158975.66256211,1947754.286963361,42.012371335,-87.690393917,"(42.012371334791766, -87.69039391737863)"
CENTRAL AND IRVING PARK,1183,5600 W IRVING PARK ROAD,01/16/2018,1,1138281.535484986,1926078.647777633,41.953292847,-87.767065708,"(41.953292847298, -87.76706570775266)"
ASHLAND AND 95TH,2472,9500 S ASHLAND AVENUE,01/16/2018,6,1167295.830128711,1841695.121217916,41.721160612,-87.662828139,"(41.72116061205213, -87.66282813939165)"
CALIFORNIA AND DIVERSEY,1513,2800 W DIVERSEY,03/03/2017,5,1157212.54253358,1918526.674434943,41.932205395,-87.697679244,"(41.93220539506452, -87.6976792438691)"
WENTWORTH AND GARFIELD,2261,5500 S WENTWORTH AVEN,01/03/2018,18,,,,,
WESTERN AND CHICAGO,1943,2400 W CHICAGO AVE,01/14/2018,1,1160226.686812944,1905300.904544474,41.895851041,-87.686968935,"(41.895851041123755, -87.68696893468467)"
STONEY ISLAND AND 79TH,2464,1600 E 79TH ST,01/16/2018,4,1188284.704439907,1852964.829047574,41.751611523,-87.585592284,"(41.75161152327319, -87.58559228428787)"
LARAMIE AND MADISON,2043,5200 W MADISON STREET,01/16/2018,1,1141706.965522802,1899567.55684314,41.880480752,-87.755130433,"(41.88048075170171, -87.75513043296509)"
HALSTED AND FULLERTON,1701,2400 N HALSTED STREET,01/16/2018,1,1170501.602639925,1916200.061550148,41.925540315,-87.648912156,"(41.925540315431995, -87.64891215551155)"
WENTWORTH AND GARFIELD,2264,200 W GARFIELD BLVD,01/09/2018,3,1175889.574397302,1868551.750512227,41.794670385,-87.630547476,"(41.79467038468937, -87.63054747605638)"
CENTRAL AND BELMONT,1604,5600 W BELMONT AVENUE,01/16/2018,1,1138453.617438343,1920755.972768412,41.938683775,-87.766562494,"(41.93868377475747, -87.76656249384537)"
CICERO AND NORTH,2033,4800 W NORTH AVENUE,01/16/2018,3,1144053.733747163,1910243.80567041,41.90973389,-87.746244973,"(41.909733890131285, -87.74624497295898)"
STONEY ISLAND AND 76TH,2632,7600 S STONY ISLAND A,01/15/2018,12,1188092.796191935,1854889.354158304,41.756897173,-87.586234285,"(41.75689717260223, -87.58623428506996)"
ROOSEVELT AND HALSTED,2233,800 W ROOSEVELT ROAD,01/16/2018,8,1171199.282357741,1894968.056393724,41.867263098,-87.646972686,"(41.86726309836901, -87.64697268601648)"
ASHLAND AND FULLERTON,1652,2400 N ASHLAND AVENUE,01/07/2018,5,1165228.073342838,1916032.319169157,41.92519389,-87.668294363,"(41.92519388981048, -87.66829436339881)"
WESTERN AND CHICAGO,1943,2400 W CHICAGO AVE,01/16/2018,3,1160226.686812944,1905300.904544474,41.895851041,-87.686968935,"(41.895851041123755, -87.68696893468467)"
75TH AND STATE,2621,7500 S STATE STREET,01/06/2018,12,1177538.763040612,1855235.551345519,41.758092176,-87.624902228,"(41.75809217638291, -87.6249022282473)"
FOSTER AND BROADWAY,1113,1200 W FOSTER AVE,01/16/2018,4,1167357.095930752,1934721.393266777,41.97643192,-87.659931806,"(41.97643192018459, -87.65993180604016)"
SHERIDAN AND FOSTER,1132,5200 N SHERIDAN ROAD,01/16/2018,3,1168661.623718229,1934753.842272756,41.976492721,-87.655133605,"(41.97649272077833, -87.65513360456677)"
99TH AND HALSTED,2431,9900 S HALSTED ST,01/16/2018,6,1172689.754200318,1839171.652197216,41.714118868,-87.643145408,"(41.714118868089905, -87.64314540818165)"
MILWAUKEE AND DEVON,1274,6400 W DEVON AVENUE,01/16/2018,2,1132590.619798275,1942138.532048656,41.997463981,-87.787610243,"(41.99746398102873, -87.78761024341388)"
FOSTER AND NAGLE,1034,6400 W FOSTER,01/16/2018,1,1132552.893142153,1934229.875527466,41.975762574,-87.787934296,"(41.97576257447203, -87.7879342955108)"
31ST ST AND MARTIN LUTHER KING DRIVE,2121,3100 S DR MARTIN L KING,01/16/2018,5,,,,,
MILWAUKEE AND DEVON,1274,6400 W DEVON AVENUE,01/12/2018,1,1132590.619798275,1942138.532048656,41.997463981,-87.787610243,"(41.99746398102873, -87.78761024341388)"
LASALLE AND KINZIE,1923,140 W KINZIE,01/10/2018,5,1175048.09765242,1903028.894760294,41.889297219,-87.632601648,"(41.88929721947309, -87.63260164817305)"
75TH AND STATE,2624,1 E 75TH STREET,01/15/2018,8,1177601.72646404,1855229.486604181,41.758074111,-87.624671658,"(41.75807411097799, -87.62467165835182)"
ROOSEVELT AND KOSTNER,2323,4400 W ROOSEVELT,01/16/2018,7,1147200.963258796,1894379.538078088,41.866140868,-87.73508956,"(41.866140867641654, -87.73508956008207)"
FOSTER AND BROADWAY,1111,5200 N BROADWAY ST,01/16/2018,1,1167334.508577915,1934714.008346532,41.976412143,-87.660015082,"(41.97641214294823, -87.66001508205365)"
CICERO AND I55,2252,4200 S CICERO AVENUE,01/16/2018,7,1145023.742859509,1876358.276835519,41.816729387,-87.743536712,"(41.81672938674739, -87.74353671247594)"
CLARK AND IRVING PARK,1093,1300 W IRVING PARK ROAD,01/16/2018,2,1166777.545456989,1926719.73687357,41.954487567,-87.662293496,"(41.95448756687966, -87.66229349585691)"
KEDZIE AND 31ST,2132,3100 S KEDZIE AVENUE,01/16/2018,3,1155483.167539854,1883867.660503274,41.837132671,-87.704967115,"(41.837132671422296, -87.70496711478727)"
CICERO AND I55,2251,4200 S CICERO AVENUE,01/06/2018,41,1145023.742859509,1876358.276835519,41.816729387,-87.743536712,"(41.81672938674739, -87.74353671247594)"
MILWAUKEE AND MONTROSE,1364,5075 W MONTROSE AVENUE,01/16/2018,2,1141716.746618898,1928736.076639057,41.960522088,-87.754371424,"(41.96052208819935, -87.75437142402293)"
KEDZIE AND ARMITAGE,1832,2000 N KEDZIE AVENUE,01/16/2018,1,1154684.031809326,1913129.496340896,41.917446172,-87.707116072,"(41.91744617191702, -87.70711607187832)"
31ST ST AND MARTIN LUTHER KING DRIVE,2123,400 E 31ST STREET,01/06/2018,6,1179437.985396417,1884565.84226022,41.838534018,-87.617046113,"(41.838534018118914, -87.61704611345726)"
35TH AND WESTERN,2091,3500 S WESTERN,01/16/2018,1,1160894.949857101,1881376.851112895,41.830187255,-87.685177925,"(41.83018725526863, -87.68517792510231)"
ELSTON AND ADDISON,1403,3216 W ADDISON ST,01/16/2018,15,1154199.729816868,1923799.345386665,41.946734755,-87.708609774,"(41.946734754927796, -87.7086097735515)"
CICERO AND I55,2252,4200 S CICERO AVENUE,01/15/2018,7,1145023.742859509,1876358.276835519,41.816729387,-87.743536712,"(41.81672938674739, -87.74353671247594)"
PULASKI AND LAWRENCE,1173,4000 W LAWRENCE AVENUE,01/16/2018,3,1148844.220085601,1931638.45430438,41.968351285,-87.728091672,"(41.96835128527914, -87.72809167198088)"
AUSTIN AND ADDISON,1491,3600 N AUSTIN AVENUE,01/16/2018,5,1135691.599896458,1923335.967306169,41.945813215,-87.776652162,"(41.9458132146695, -87.77665216156436)"
63RD AND STATE,2712,6300 S STATE ST,01/16/2018,5,1177303.801895084,1863220.216755923,41.780008277,-87.625522512,"(41.78000827740796, -87.6255225119157)"
CALIFORNIA AND PETERSON,1311,6000 N CALIFORNIA AVE,01/16/2018,1,1156545.742699118,1939775.775541795,41.990527717,-87.699552084,"(41.990527717148176, -87.69955208405155)"
CICERO AND 47TH,2202,4700 S CICERO AVE,01/16/2018,1,1145112.150373471,1873006.659918126,41.807530373,-87.743296821,"(41.80753037289406, -87.7432968212423)"
CICERO AND WASHINGTON,1892,100 N CICERO AVENUE,01/16/2018,3,1144328.984091479,1900095.170838459,41.88187971,-87.745489247,"(41.88187970991601, -87.7454892473012)"
ASHLAND AND FULLERTON,1652,2400 N ASHLAND AVENUE,01/04/2018,11,1165228.073342838,1916032.319169157,41.92519389,-87.668294363,"(41.92519388981048, -87.66829436339881)"
55TH AND WESTERN,2212,5500 S WESTERN AVE,01/16/2018,5,1161269.521335262,1867963.111601251,41.793370554,-87.684175377,"(41.79337055433029, -87.6841753767592)"
COTTAGE GROVE AND 71ST,2571,7100 S COTTAGE GROVE,01/16/2018,3,1182746.23698699,1858088.011064538,41.765800351,-87.605729127,"(41.76580035131893, -87.6057291269901)"
LARAMIE AND FULLERTON,1424,5200 W FULLERTON AVENUE,01/16/2018,1,1141305.554932016,1915502.611239048,41.924215797,-87.756210755,"(41.92421579723144, -87.75621075458939)"
87TH AND VINCENNES,2412,8700 S VINCENNES,01/16/2018,7,1172026.328989535,1847142.496643776,41.736006565,-87.645341819,"(41.73600656458518, -87.64534181897955)"
JEFFERY AND 95TH,2523,2000 E 95TH ST,01/16/2018,1,1191188.381103057,1842410.411853539,41.722579473,-87.575292523,"(41.722579473126416, -87.57529252250366)"
99TH AND HALSTED,2433,800 W 99TH ST,01/16/2018,6,1172710.642565684,1839246.330602143,41.714323337,-87.643066714,"(41.71432333701137, -87.64306671421937)"
FULLERTON AND NARRAGANSETT,1553,6400 W FULLERTON AVENU,03/03/2017,6,1133317.594499059,1915293.661305931,41.923786189,-87.785567206,"(41.92378618871128, -87.78556720562165)"
CENTRAL AND IRVING PARK,1182,4000 N CENTRAL AVENUE,01/16/2018,4,1138258.614129764,1926071.172884932,41.953272751,-87.767150151,"(41.95327275103541, -87.76715015131407)"
PULASKI AND LAWRENCE,1172,4800 N PULASKI ROAD,01/16/2018,1,1148821.701520117,1931605.974570937,41.968262595,-87.728175316,"(41.968262595100775, -87.7281753157596)"
HARLEM AND BELMONT,1391,3200 N HARLEM AVE,01/16/2018,2,1127481.020995451,1920467.613239239,41.938084468,-87.806896749,"(41.93808446822169, -87.80689674887883)"
LAFAYETTE AND 87TH,2503,30 W 87TH STREET,01/09/2018,23,1177407.651800237,1847320.772058312,41.736376037,-87.625621311,"(41.736376036604916, -87.62562131092602)"
63RD AND STATE,2714,1 E 63RD ST,01/16/2018,7,1177367.518733101,1863199.17768559,41.779949105,-87.625289553,"(41.779949104569106, -87.62528955333775)"
55TH AND WESTERN,2212,5500 S WESTERN AVE,01/04/2018,4,1161269.521335262,1867963.111601251,41.793370554,-87.684175377,"(41.79337055433029, -87.6841753767592)"
119TH AND HALSTED,2404,800 W 119TH STREET,01/16/2018,3,1173111.174088158,1825985.001014405,41.677923389,-87.641989646,"(41.677923389134385, -87.64198964584013)"
PULASKI AND 63RD,2342,6300 S PULASKI RD,01/03/2018,4,1150746.00309079,1862516.747695325,41.778636469,-87.722906356,"(41.77863646878099, -87.72290635568541)"
PULASKI AND NORTH,1992,1600 N PULASKI AVENUE,01/16/2018,1,1149432.959240306,1910369.112502195,41.90997501,-87.726480523,"(41.909975010236906, -87.72648052306623)"
HALSTED AND FULLERTON,1701,2400 N HALSTED STREET,01/15/2018,2,1170501.602639925,1916200.061550148,41.925540315,-87.648912156,"(41.925540315431995, -87.64891215551155)"
LASALLE AND KINZIE,1921,400 N LASALLE,01/16/2018,3,1175028.579766798,1903002.552291359,41.889225372,-87.632674115,"(41.88922537162015, -87.63267411498495)"
PULASKI AND ARCHER,2153,5000 S ARCHER AVE,01/16/2018,2,1150501.818909837,1871162.311703322,41.802365973,-87.723576766,"(41.80236597333895, -87.72357676611004)"
ELSTON AND IRVING PARK,1503,3700 W IRVING PARK ROA,01/16/2018,5,,,,,
DAMEN AND DIVERSEY,1464,2000 W DIVERSEY PARKWAY,01/16/2018,2,1162519.714934025,1918635.417634925,41.932394164,-87.678173031,"(41.93239416403691, -87.67817303087757)"
PULASKI AND FULLERTON,1484,4000 W FULLERTON AVE,01/16/2018,2,1149303.081963737,1915695.275222648,41.924593022,-87.726819268,"(41.92459302175305, -87.7268192684032)"
CALIFORNIA AND DIVERSEY,1511,2800 N CALIFORNIA AVE,01/16/2018,3,1157189.355049829,1918495.644754069,41.932120719,-87.6977653,"(41.93212071910647, -87.69776530036465)"
COTTAGE GROVE AND 71ST,2572,7100 S COTTAGE GROVE,01/16/2018,1,1182746.23698699,1858088.011064538,41.765800351,-87.605729127,"(41.76580035131893, -87.6057291269901)"
BELMONT AND KEDZIE,1373,3200 W BELMONT,01/16/2018,1,1154461.587940363,1921143.091003516,41.939440561,-87.707718516,"(41.93944056117365, -87.70771851630873)"
CORTLAND AND ASHLAND,1723,1600 W CORTLAND ST,01/16/2018,3,1165377.660768235,1912768.773647285,41.916235337,-87.667837772,"(41.91623533746878, -87.66783777212962)"
LARAMIE AND MADISON,2044,5200 W MADISON STREET,01/16/2018,16,1141706.965522802,1899567.55684314,41.880480752,-87.755130433,"(41.88048075170171, -87.75513043296509)"
LARAMIE AND FULLERTON,1421,2400 N LARAMIE AVENUE,01/16/2018,2,1141282.877477884,1915479.163971956,41.924151874,-87.756294662,"(41.92415187425276, -87.75629466175003)"
PULASKI AND LAWRENCE,1173,4000 W LAWRENCE AVENUE,01/15/2018,2,1148844.220085601,1931638.45430438,41.968351285,-87.728091672,"(41.96835128527914, -87.72809167198088)"
CERMAK AND PULASKI,2332,2200 S PULASKI,01/16/2018,2,1150012.876838243,1889071.75851865,41.851521442,-87.724904787,"(41.85152144233116, -87.7249047867499)"
ROOSEVELT AND PULASKI,2311,1200 S PULASKI ROAD,01/08/2018,3,1149866.002247864,1894375.839200384,41.866079337,-87.725305995,"(41.86607933722178, -87.7253059948758)"
SHERIDAN AND FOSTER,1134,1000 W FOSTER AVE,01/16/2018,3,1168689.247756979,1934758.578141654,41.976505116,-87.655031882,"(41.97650511595711, -87.65503188224778)"
CENTRAL AND ADDISON,1682,3600 N CENTRAL AVENUE,01/16/2018,1,1138343.117435682,1923392.067464765,41.945919491,-87.766904594,"(41.945919490555106, -87.76690459426293)"
IRVING PARK AND KILPATRICK,2764,4700 W IRVING PARK ROA,04/01/2017,3,,,,,
TOUHY AND OSCEOLA,1244,7432 W TOUHY AVENUE,01/16/2018,3,1125717.010560011,1947269.685461107,42.011661765,-87.812781431,"(42.01166176507329, -87.81278143114147)"
AUSTIN AND ADDISON,1493,6000 W ADDISON STREET,01/16/2018,1,1135698.173154422,1923360.229527805,41.945879676,-87.776627421,"(41.94587967559099, -87.77662742093737)"
WENTWORTH AND GARFIELD,2261,5500 S WENTWORTH AVEN,01/13/2018,24,,,,,
DAMEN AND 63RD,2701,6300 S DAMEN AVENUE,01/16/2018,2,1164069.407943298,1862830.277442834,41.779226921,-87.674052731,"(41.77922692069256, -87.67405273137854)"
ASHLAND AND FULLERTON,1651,2400 N ASHLAND AVENUE,01/16/2018,7,1165228.073342838,1916032.319169157,41.92519389,-87.668294363,"(41.92519388981048, -87.66829436339881)"
CENTRAL AND MILWAUKEE,3032,5232 N CENTRAL AVE,01/16/2018,2,1137802.482559734,1934544.360556488,41.976532211,-87.768621661,"(41.976532211352456, -87.76862166095856)"
DAMEN AND 63RD,2702,6300 S DAMEN AVENUE,01/16/2018,1,1164069.407943298,1862830.277442834,41.779226921,-87.674052731,"(41.77922692069256, -87.67405273137854)"
CICERO AND I55,2251,4200 S CICERO AVENUE,01/15/2018,67,1145023.742859509,1876358.276835519,41.816729387,-87.743536712,"(41.81672938674739, -87.74353671247594)"
4700 WESTERN,2141,4700 S WESTERN AVENUE,01/16/2018,5,1161120.438879703,1873431.066474726,41.808378408,-87.684570717,"(41.808378407946726, -87.68457071689552)"
COLUMBUS AND ILLINOIS,1952,500 N COLUMBUS DRIVE,01/16/2018,1,1178372.808407292,1903693.06016042,41.891044569,-87.620371839,"(41.891044569124276, -87.620371839074)"
STONEY ISLAND AND 79TH,2462,7900 S STONEY ISLAND,01/16/2018,1,1188181.571068297,1852908.934789311,41.751460603,-87.585971993,"(41.75146060316686, -87.5859719929647)"
SACRAMENTO AND CHICAGO,1814,3000 W CHICAGO AVENUE,01/16/2018,1,1156075.266375505,1905216.604770718,41.895704525,-87.702218524,"(41.895704524946225, -87.70221852353758)"
PULASKI AND FOSTER,1102,5200 N PULASKI RD,01/16/2018,5,1148746.251286324,1934286.914361976,41.97562074,-87.728383135,"(41.97562073966174, -87.72838313514907)"
KEDZIE AND 47TH,2101,4700 S KEDZIE AVE,01/09/2018,6,1155791.949302478,1873270.778481327,41.808047272,-87.704118822,"(41.80804727165029, -87.70411882229871)"
PULASKI AND DIVISION,1801,1200 N PULASKI ROAD,01/16/2018,1,1149459.590666926,1907723.219884254,41.902713902,-87.726451457,"(41.902713901936174, -87.72645145715836)"
ROOSEVELT AND PULASKI,2314,4000 W ROOSEVELT ROAD,01/16/2018,4,1149885.032049683,1894449.464076882,41.866281003,-87.72523422,"(41.866281002664536, -87.72523421983905)"
HALSTED AND NORTH,1764,800 W NORTH AVENUE,01/16/2018,3,1170700.68422007,1910913.190749698,41.91102851,-87.648335806,"(41.91102850981186, -87.64833580602037)"
WESTERN AND DEVON,1211,6400 N WESTERN AVENUE,01/16/2018,1,1159113.585759434,1942451.622367891,41.997817807,-87.690033035,"(41.997817807026, -87.69003303469276)"
KOSTNER AND NORTH,2012,4400 W GRAND AVE,01/16/2018,5,1146773.519128439,1910425.663958581,41.91018141,-87.73624887,"(41.910181409597406, -87.73624887040725)"
PULASKI AND FOSTER,1104,4000 W FOSTER AVE,01/16/2018,3,1148759.16134887,1934294.249006446,41.975640616,-87.728335469,"(41.975640616231914, -87.72833546926573)"
CICERO AND PETERSON,1202,6000 N CICERO AVENUE,01/16/2018,2,1143247.733553094,1939479.342905704,41.989973915,-87.748473024,"(41.98997391514614, -87.74847302426933)"
LAWRENCE AND CICERO,1041,4800 N CICERO AVE,01/16/2018,2,1143464.651785526,1931490.551883203,41.968048007,-87.747875985,"(41.968048007293845, -87.74787598468126)"
HALSTED AND DIVISION,1714,800 W DIVISION,01/16/2018,1,1170767.827960358,1908259.644151662,41.903745557,-87.648167011,"(41.90374555734733, -87.64816701062779)"
HALSTED AND MADISON,1871,1 S HALSTED STREET,01/16/2018,1,1171092.392868784,1900234.542088741,41.881717056,-87.647210539,"(41.88171705561901, -87.64721053920604)"
KOSTNER AND NORTH,2013,4400 W NORTH,01/16/2018,5,1146738.551618032,1910309.595368032,41.909863573,-87.736380296,"(41.90986357340246, -87.73638029605371)"
ROOSEVELT AND KOSTNER,2321,1200 S KOSTNER,01/16/2018,7,1147196.304001978,1894305.883269746,41.865938839,-87.735108549,"(41.8659388389088, -87.73510854901264)"
ROOSEVELT AND KOSTNER,2321,1200 S KOSTNER,01/13/2018,6,1147196.304001978,1894305.883269746,41.865938839,-87.735108549,"(41.8659388389088, -87.73510854901264)"
BELMONT AND KEDZIE,1371,3200 N KEDZIE AVENUE,01/16/2018,1,1154426.977874407,1921110.466549542,41.93935173,-87.707846594,"(41.93935173030961, -87.70784659359776)"
ASHLAND AND LAWRENCE,1143,1600 W LAWRENCE AVENUE,01/04/2018,4,1164771.946929007,1931988.254061312,41.968987457,-87.669516307,"(41.96898745654617, -87.66951630654926)"
WESTERN AND CERMAK,1003,2400 W CERMAK ROAD,01/16/2018,1,1160678.000607329,1889375.645335924,41.852141307,-87.685752642,"(41.85214130680468, -87.6857526415569)"
KEDZIE AND 47TH,2101,4700 S KEDZIE AVE,01/16/2018,4,1155791.949302478,1873270.778481327,41.808047272,-87.704118822,"(41.80804727165029, -87.70411882229871)"
ELSTON AND ADDISON,1402,3600 N ELSTON AVE,01/16/2018,1,1154106.95251778,1923731.036211081,41.946549165,-87.708952626,"(41.94654916480637, -87.70895262603513)"
KIMBALL AND DIVERSEY,1581,2800 N KIMBALL AVENUE,01/16/2018,1,,,,,
TOUHY AND OSCEOLA,1243,7432 W TOUHY AVENUE,01/16/2018,8,1125717.010560011,1947269.685461107,42.011661765,-87.812781431,"(42.01166176507329, -87.81278143114147)"
LAFAYETTE AND 87TH,2503,30 W 87TH STREET,01/07/2018,19,1177407.651800237,1847320.772058312,41.736376037,-87.625621311,"(41.736376036604916, -87.62562131092602)"
CICERO AND ARMITAGE,2001,2000 N CICERO AVENUE,01/16/2018,2,1144031.525719004,1912881.8300295,41.916973325,-87.746260223,"(41.91697332451097, -87.74626022251057)"
MILWAUKEE AND DEVON,1272,6400 N MILWAUKEE AVEN,01/16/2018,1,1132463.750397878,1942107.911507627,41.997382173,-87.788077674,"(41.99738217345368, -87.78807767391953)"
LAWRENCE AND WESTERN,1193,2400 W LAWRENCE AVENUE,01/16/2018,1,1159482.648570304,1931851.989492596,41.968724349,-87.688968727,"(41.96872434882172, -87.68896872699601)"
CICERO AND I55,2251,4200 S CICERO AVENUE,01/10/2018,42,1145023.742859509,1876358.276835519,41.816729387,-87.743536712,"(41.81672938674739, -87.74353671247594)"
CALIFORNIA AND DEVON,1321,6400 N CALIFORNIA AVE,01/16/2018,2,1156461.150245401,1942370.37710537,41.997649133,-87.699792629,"(41.997649133049336, -87.69979262891378)"
HAMLIN AND LAKE,1881,300 N HAMLIN AVENUE,01/16/2018,9,1150970.026856642,1901381.688308858,41.885282636,-87.721069539,"(41.88528263580913, -87.72106953854511)"
ARCHER AND CICERO,2081,5200 S CICERO AVE,01/02/2018,8,1145195.931989777,1869737.708306623,41.798558278,-87.743071866,"(41.798558278193305, -87.74307186616427)"
CICERO AND NORTH,2033,4800 W NORTH AVENUE,05/08/2017,2,1144053.733747163,1910243.80567041,41.90973389,-87.746244973,"(41.909733890131285, -87.74624497295898)"
MILWAUKEE AND CENTRAL,3022,5232 N MILWAUKEE AVE,01/16/2018,7,1138074.161743901,1934115.431678809,41.975350275,-87.767632985,"(41.97535027477604, -87.76763298459159)"
LAFAYETTE AND 87TH,2503,30 W 87TH STREET,01/16/2018,18,1177407.651800237,1847320.772058312,41.736376037,-87.625621311,"(41.736376036604916, -87.62562131092602)"
PULASKI AND FULLERTON,1481,2400 N PULASKI RD,01/16/2018,1,1149275.963864089,1915687.631931757,41.924572574,-87.726919111,"(41.92457257416937, -87.72691911144182)"
HALSTED AND DIVISION,1711,1200 N HALSTED,01/16/2018,8,1170746.639428735,1908242.256010774,41.903698308,-87.648245351,"(41.90369830765008, -87.64824535062563)"
KEDZIE AND 71ST,2354,3200 W 71ST STREET,01/16/2018,2,1156246.862901455,1857404.014959868,41.764497433,-87.702877023,"(41.76449743256955, -87.70287702335861)"
WESTERN AND CHICAGO,1941,800 N WESTERN AVE,01/16/2018,4,1160220.967978608,1905277.507115921,41.895786955,-87.686990586,"(41.89578695485361, -87.68699058611217)"
55TH AND WESTERN,2213,2400 W 55TH STREET,01/16/2018,5,1161277.012730599,1868185.749490228,41.793981347,-87.684141741,"(41.7939813465735, -87.68414174128355)"
PULASKI AND 63RD,2342,6300 S PULASKI RD,01/16/2018,2,1150746.00309079,1862516.747695325,41.778636469,-87.722906356,"(41.77863646878099, -87.72290635568541)"
ASHLAND AND MADISON,1911,0 N ASHLAND AVE,01/16/2018,1,,,,,
CENTRAL AND LAKE,1742,400 N CENTRAL AVENUE,01/16/2018,4,1138928.478257537,1902217.926149854,41.887804621,-87.765268498,"(41.88780462053497, -87.76526849810371)"
75TH AND STATE,2621,7500 S STATE STREET,01/14/2018,16,1177538.763040612,1855235.551345519,41.758092176,-87.624902228,"(41.75809217638291, -87.6249022282473)"
CANAL AND ROOSEVELT,2294,500 W ROOSEVELT ROAD,01/16/2018,2,1173290.72186561,1895021.166235495,41.867362693,-87.639293195,"(41.867362692616666, -87.63929319464197)"
LAFAYETTE AND 87TH,2502,8700 S LAFAYETTE AVEN,01/07/2018,13,1177417.493180297,1847243.988223464,41.73616511,-87.625587569,"(41.73616511008592, -87.62558756899932)"
ROOSEVELT AND PULASKI,2311,1200 S PULASKI ROAD,01/16/2018,2,1149866.002247864,1894375.839200384,41.866079337,-87.725305995,"(41.86607933722178, -87.7253059948758)"
CENTRAL AND LAKE,1743,5600 W LAKE STREET,01/16/2018,3,1138951.495695032,1902230.510465733,41.887838735,-87.765183663,"(41.887838735330206, -87.76518366338465)"
71ST AND ASHLAND,2391,7100 S ASHLAND,01/16/2018,1,1166868.379865725,1857616.168087255,41.764859382,-87.663940176,"(41.764859382425385, -87.66394017630476)"
DIVERSEY AND AUSTIN,1454,6000 W DIVERSEY AVENUE,01/16/2018,1,1135895.736169343,1918029.70673837,41.931248624,-87.776028612,"(41.931248623643455, -87.77602861172493)"
79TH AND HALSTED,2541,7900 S HALSTED STREET,01/16/2018,6,1172298.707400847,1852444.344822186,41.750549559,-87.644188368,"(41.750549559438944, -87.64418836784098)"
ASHLAND AND IRVING PARK,1151,4000 N ASHLAND AVENUE,01/16/2018,3,1164899.463802581,1926665.661118925,41.954379326,-87.66919912,"(41.954379326212695, -87.66919911980419)"
119TH AND HALSTED,2402,11900 S HALSTED,01/16/2018,5,1173094.774616191,1825911.054609338,41.677720829,-87.642051845,"(41.67772082924762, -87.64205184498218)"
55TH AND WESTERN,2212,5500 S WESTERN AVE,04/21/2017,4,1161269.521335262,1867963.111601251,41.793370554,-87.684175377,"(41.79337055433029, -87.6841753767592)"
CICERO AND HARRISON,2023,4800 W HARRISON STREET,01/16/2018,1,1144451.867388303,1896949.561959463,41.873245464,-87.745117179,"(41.873245464379586, -87.7451171788807)"
IRVING PARK AND KILPATRICK,2764,4700 W IRVING PARK ROA,01/16/2018,3,,,,,
CICERO AND 47TH,2204,4800 W 47TH ST,01/16/2018,5,1145130.048925744,1873078.44198302,41.807727017,-87.743229366,"(41.80772701677172, -87.74322936566276)"
55TH and PULASKI,2242,5500 S PULASKI,01/16/2018,2,1150600.072649439,1867806.44512718,41.793155061,-87.723303765,"(41.793155060731024, -87.72330376464247)"
ARCHER AND CICERO,2081,5200 S CICERO AVE,01/16/2018,2,1145195.931989777,1869737.708306623,41.798558278,-87.743071866,"(41.798558278193305, -87.74307186616427)"
HALSTED AND NORTH,1761,1600 N HALSTED STREET,01/16/2018,3,1170678.283433825,1910880.991397547,41.910940644,-87.648419043,"(41.91094064391597, -87.64841904272998)"
CICERO AND I55,2251,4200 S CICERO AVENUE,01/16/2018,53,1145023.742859509,1876358.276835519,41.816729387,-87.743536712,"(41.81672938674739, -87.74353671247594)"
KEDZIE AND 47TH,2104,3200 W 47TH ST,01/16/2018,2,1155815.231505056,1873336.169728074,41.808226246,-87.704031672,"(41.808226246244026, -87.70403167215984)"
HALSTED AND 95TH,2582,9500 S HALSTED STREET,01/16/2018,1,1172610.538363645,1841811.61926207,41.721365061,-87.643358042,"(41.72136506078306, -87.64335804234075)"
CICERO AND NORTH,2034,4800 W NORTH AVENUE,01/16/2018,1,1144053.733747163,1910243.80567041,41.90973389,-87.746244973,"(41.909733890131285, -87.74624497295898)"
WESTERN AND NORTH,1853,2400 W NORTH AVE,04/01/2017,4,1160100.839010995,1910612.783367238,41.910429862,-87.687284221,"(41.91042986235867, -87.68728422050837)"
KEDZIE AND 63RD,2361,6300 S KEDZIE AVE,01/16/2018,5,1156097.505177228,1862668.051775093,41.77894575,-87.703283119,"(41.77894575017997, -87.70328311900342)"
HAMLIN AND LAKE,1882,300 N HAMLIN AVENUE,01/16/2018,1,1150970.026856642,1901381.688308858,41.885282636,-87.721069539,"(41.88528263580913, -87.72106953854511)"
VAN BUREN AND WESTERN,2052,400 S WESTERN AVENUE,01/16/2018,15,1160431.682297829,1898091.942371589,41.876064776,-87.686415631,"(41.87606477642526, -87.68641563098768)"
DIVISION AND DAMEN,1734,2000 W DIVISION,01/16/2018,7,1162815.710860194,1908034.672555531,41.903298793,-87.677383247,"(41.903298792681944, -87.67738324739636)"
LAWRENCE AND WESTERN,1192,4800 N WESTERN AVENUE,01/16/2018,2,1159459.622430471,1931821.342623414,41.968640727,-87.689054241,"(41.96864072747715, -87.6890542408374)"
75TH AND STATE,2624,1 E 75TH STREET,01/16/2018,7,1177601.72646404,1855229.486604181,41.758074111,-87.624671658,"(41.75807411097799, -87.62467165835182)"
LAFAYETTE AND 87TH,2502,8700 S LAFAYETTE AVEN,01/16/2018,9,1177417.493180297,1847243.988223464,41.73616511,-87.625587569,"(41.73616511008592, -87.62558756899932)"
STONEY ISLAND AND 76TH,2631,7600 S STONY ISLAND A,01/09/2018,18,1188092.796191935,1854889.354158304,41.756897173,-87.586234285,"(41.75689717260223, -87.58623428506996)"
CANAL AND ROOSEVELT,2294,500 W ROOSEVELT ROAD,01/06/2018,13,1173290.72186561,1895021.166235495,41.867362693,-87.639293195,"(41.867362692616666, -87.63929319464197)"
CENTRAL AND BELMONT,1602,3200 N CENTRAL AVENUE,01/16/2018,1,1138430.432324593,1920731.654410336,41.938617463,-87.766648297,"(41.938617463272884, -87.76664829683827)"
ADDISON AND HARLEM,1593,7200 W ADDISON,01/16/2018,5,1127417.488447099,1923123.407710965,41.945373358,-87.807070326,"(41.94537335809189, -87.80707032561135)"
WENTWORTH AND GARFIELD,2261,5500 S WENTWORTH AVEN,01/12/2018,15,,,,,
ROOSEVELT AND HALSTED,2234,800 W ROOSEVELT ROAD,01/10/2018,11,1171199.282357741,1894968.056393724,41.867263098,-87.646972686,"(41.86726309836901, -87.64697268601648)"
IRVING PARK AND KILPATRICK,2763,4700 W IRVING PARK ROA,01/16/2018,6,,,,,
SACRAMENTO AND LAKE,1821,150 N SACRAMENTO BOUL,01/16/2018,1,1156319.560664766,1900957.489351962,41.884012178,-87.701436479,"(41.88401217771363, -87.7014364786693)"
WESTERN AND CERMAK,1002,2200 S WESTERN AVENUE,01/16/2018,4,1160669.42562757,1889318.196820393,41.85198384,-87.685785704,"(41.85198383957328, -87.68578570420526)"
31ST ST AND MARTIN LUTHER KING DRIVE,2123,400 E 31ST STREET,01/16/2018,4,1179437.985396417,1884565.84226022,41.838534018,-87.617046113,"(41.838534018118914, -87.61704611345726)"
ASHLAND AND FULLERTON,1652,2400 N ASHLAND AVENUE,01/16/2018,7,1165228.073342838,1916032.319169157,41.92519389,-87.668294363,"(41.92519388981048, -87.66829436339881)"
PULASKI AND ARMITAGE,1844,4000 W ARMITAGE AVENUE,01/16/2018,1,1149375.428872108,1913028.984273181,41.917275069,-87.726622746,"(41.91727506940875, -87.72662274644799)"
ASHLAND AND LAWRENCE,1142,4800 N ASHLAND AVENUE,01/16/2018,3,1164751.686785145,1932001.206626392,41.96902343,-87.669590434,"(41.969023429614026, -87.66959043354217)"
IRVING PARK AND NARRAGANSETT,1023,6400 W IRVING PK,01/16/2018,1,1132945.939118726,1925946.304925137,41.953024751,-87.786683238,"(41.95302475075328, -87.78668323766634)"
HALSTED AND MADISON,1872,1 N HALSTED STREET,01/16/2018,4,1171090.967986833,1900270.454015136,41.881815632,-87.647214717,"(41.88181563164203, -87.64721471704077)"
MADISON AND WESTERN,1934,2400 W MADISON,01/16/2018,2,1160384.621277157,1899988.655722373,41.881270504,-87.68653594,"(41.88127050428818, -87.68653594017124)"
AUSTIN AND IRVING PARK,1161,4000 N AUSTIN AVENUE,01/16/2018,4,1135599.956110927,1926006.862619986,41.953144059,-87.776925284,"(41.95314405904539, -87.77692528423394)"
MONTROSE AND WESTERN,1224,2400 W MONTROSE AVENUE,01/11/2018,3,1159562.971802959,1929191.337701253,41.961421726,-87.68874698,"(41.961421726406314, -87.68874697983858)"
STATE AND 79TH,2654,1 E 79TH STREET,01/16/2018,19,1177680.113652821,1852598.313477786,41.750852096,-87.624463832,"(41.75085209551078, -87.62446383210285)"
CICERO AND ARMITAGE,2003,4800 W ARMITAGE AVENUE,01/16/2018,1,1144054.25126508,1912907.00926109,41.917041992,-87.746176095,"(41.91704199201953, -87.74617609464687)"
STONY ISLAND/CORNELL AND 67TH,2731,6700 S CORNELL DRIVE,01/16/2018,12,1188316.454860734,1860851.137456735,41.77325149,-87.5852246,"(41.77325148959568, -87.58522459967712)"
DAMEN AND DIVERSEY,1462,2800 N DAMEN AVENUE,01/16/2018,2,1162490.04851994,1918611.623717091,41.932329494,-87.678282719,"(41.9323294940985, -87.67828271931386)"
PULASKI AND IRVING PARK,1574,4000 W IRVING PARK RD,01/16/2018,4,1148988.727877253,1926320.954938409,41.953756874,-87.727698513,"(41.95375687447515, -87.72769851312907)"
WENTWORTH AND GARFIELD,2261,5500 S WENTWORTH AVEN,01/16/2018,11,,,,,
WESTERN AND DEVON,1212,6400 N WESTERN AVENUE,01/16/2018,4,1159113.585759434,1942451.622367891,41.997817807,-87.690033035,"(41.997817807026, -87.69003303469276)"
LAWRENCE AND CICERO,1041,4800 N CICERO AVE,01/12/2018,7,1143464.651785526,1931490.551883203,41.968048007,-87.747875985,"(41.968048007293845, -87.74787598468126)"
PULASKI AND ARMITAGE,1843,4000 W ARMITAGE AVENUE,01/16/2018,2,1149375.428872108,1913028.984273181,41.917275069,-87.726622746,"(41.91727506940875, -87.72662274644799)"
ASHLAND AND 87TH,2452,8700 S ASHLAND AVE,01/16/2018,1,1167150.470087748,1846991.212339794,41.735696989,-87.663209544,"(41.73569698863625, -87.66320954445679)"
HOMAN/KIMBALL AND NORTH,1773,3400 W NORTH AVE,01/16/2018,9,1153386.578905125,1910465.87061722,41.910162847,-87.711953868,"(41.91016284680269, -87.71195386769125)"
STONEY ISLAND AND 76TH,2632,7600 S STONY ISLAND A,01/16/2018,10,1188092.796191935,1854889.354158304,41.756897173,-87.586234285,"(41.75689717260223, -87.58623428506996)"
ADDISON AND HARLEM,1591,3600 N HARLEM AVENUE,01/16/2018,1,1127394.594070737,1923110.532422811,41.945338412,-87.807154769,"(41.94533841246591, -87.80715476912044)"
WESTERN AND MARQUETTE,2672,6700 S WESTERN AVENUE,01/16/2018,8,1161488.747635042,1860134.788366884,41.771884028,-87.683588402,"(41.77188402771193, -87.68358840206334)"
PULASKI AND FULLERTON,1484,4000 W FULLERTON AVE,01/14/2018,4,1149303.081963737,1915695.275222648,41.924593022,-87.726819268,"(41.92459302175305, -87.7268192684032)"
ROOSEVELT AND HALSTED,2234,800 W ROOSEVELT ROAD,01/16/2018,14,1171199.282357741,1894968.056393724,41.867263098,-87.646972686,"(41.86726309836901, -87.64697268601648)"
PULASKI AND 79TH,2494,4000 W 79TH STREET,01/16/2018,4,1151074.116357501,1851966.830243835,41.749679359,-87.721978345,"(41.74967935883473, -87.72197834524168)"
STONEY ISLAND AND 76TH,2632,7600 S STONY ISLAND A,01/09/2018,18,1188092.796191935,1854889.354158304,41.756897173,-87.586234285,"(41.75689717260223, -87.58623428506996)"
VAN BUREN AND WESTERN,2054,2400 W VAN BUREN STREE,01/16/2018,5,,,,,
CICERO AND CHICAGO,1781,800 N CICERO AVENUE,01/16/2018,2,1144169.162482127,1904893.189220372,41.895049038,-87.745955516,"(41.89504903796389, -87.74595551626888)"
STONEY ISLAND AND 76TH,2631,7600 S STONY ISLAND A,01/13/2018,20,1188092.796191935,1854889.354158304,41.756897173,-87.586234285,"(41.75689717260223, -87.58623428506996)"
PULASKI AND BELMONT,1382,3200 N PULASKI RD,01/16/2018,1,1149125.621478734,1920994.556178086,41.939138154,-87.72733371,"(41.939138153500274, -87.7273337101426)"
COLUMBUS AND ILLINOIS,1952,500 N COLUMBUS DRIVE,01/03/2018,4,1178372.808407292,1903693.06016042,41.891044569,-87.620371839,"(41.891044569124276, -87.620371839074)"
PULASKI AND NORTH,1994,4000 W NORTH AVENUE,01/16/2018,1,1149456.2688422,1910376.774019002,41.909995582,-87.726394693,"(41.90999558160536, -87.72639469321471)"
CALIFORNIA AND PETERSON,1313,2800 W PETERSON AVENUE,01/16/2018,3,1156569.515341857,1939784.830544118,41.990552082,-87.699464396,"(41.990552081681564, -87.69946439622785)"
CHICAGO AND CLARK,1963,100 W CHICAGO AVENUE,01/16/2018,6,1175374.528739575,1905745.47783364,41.896744347,-87.631321248,"(41.896744346875806, -87.63132124815151)"
WESTERN AND FULLERTON,1671,2400 N WESTERN AVENUE,01/16/2018,4,1159923.309342995,1915897.778561358,41.924935944,-87.687790255,"(41.92493594409127, -87.68779025471278)"
STONY ISLAND/CORNELL AND 67TH,2721,6700 S STONY ISLAND A,01/16/2018,6,1187984.143047539,1860863.338367666,41.773292896,-87.586442368,"(41.77329289585066, -87.58644236831432)"
FOSTER AND NAGLE,1031,5200 N NAGLE,01/16/2018,3,1132529.656558223,1934201.702060651,41.97568567,-87.788020406,"(41.97568566971868, -87.78802040620296)"
PULASKI AND DIVERSEY,1542,2800 N PULASKI ROAD,01/16/2018,1,1149200.724531183,1918332.222549679,41.931831026,-87.727126873,"(41.93183102561505, -87.72712687300454)"
WENTWORTH AND GARFIELD,2264,200 W GARFIELD BLVD,01/16/2018,5,1175889.574397302,1868551.750512227,41.794670385,-87.630547476,"(41.79467038468937, -87.63054747605638)"
CERMAK AND PULASKI,2334,4000 W CERMAK,01/16/2018,4,1150018.476053666,1889120.238540361,41.851654369,-87.724882975,"(41.85165436867626, -87.7248829753078)"
KEDZIE AND 71ST,2352,7100 S KEDZIE AVENUE,01/16/2018,1,1156225.540366296,1857330.103443232,41.764295037,-87.702957162,"(41.764295036756856, -87.70295716211793)"
ASHLAND AND 95TH,2473,1600 W 95TH STREET,01/16/2018,1,1167323.753394196,1841755.029221382,41.721324412,-87.662724153,"(41.721324411975246, -87.66272415265087)"
CICERO AND HARRISON,2022,600 S CICERO AVENUE,01/16/2018,3,1144444.97442848,1896894.622216872,41.873094833,-87.745143869,"(41.873094832519136, -87.74514386884542)"
ROOSEVELT AND HALSTED,2234,800 W ROOSEVELT ROAD,01/09/2018,11,1171199.282357741,1894968.056393724,41.867263098,-87.646972686,"(41.86726309836901, -87.64697268601648)"
ROOSEVELT AND PULASKI,2311,1200 S PULASKI ROAD,01/09/2018,4,1149866.002247864,1894375.839200384,41.866079337,-87.725305995,"(41.86607933722178, -87.7253059948758)"
WESTERN AND MARQUETTE,2672,6700 S WESTERN AVENUE,04/21/2017,5,1161488.747635042,1860134.788366884,41.771884028,-87.683588402,"(41.77188402771193, -87.68358840206334)"
CALIFORNIA AND DIVERSEY,1511,2800 N CALIFORNIA AVE,03/13/2015,10,1157189.355049829,1918495.644754069,41.932120719,-87.6977653,"(41.93212071910647, -87.69776530036465)"
CALIFORNIA AND DIVERSEY,1511,2800 N CALIFORNIA AVE,11/24/2015,4,1157189.355049829,1918495.644754069,41.932120719,-87.6977653,"(41.93212071910647, -87.69776530036465)"
RIDGE AND CLARK,1052,5930 N CLARK STREET,08/01/2016,7,1164554.784723473,1939388.511516442,41.98929863,-87.670104121,"(41.98929863013193, -87.67010412112992)"
LAWRENCE AND WESTERN,1192,4800 N WESTERN AVENUE,01/23/2016,1,1159459.622430471,1931821.342623414,41.968640727,-87.689054241,"(41.96864072747715, -87.6890542408374)"
GRAND AND OAK PARK,1524,6800 W GRAND AVENUE,04/19/2016,4,1130668.89526974,1915248.469290467,41.923708193,-87.795300781,"(41.92370819286044, -87.79530078123082)"
LAWRENCE AND CICERO,1042,4800 N CICERO AVENUE,11/14/2016,7,1143464.651785526,1931490.551883203,41.968048007,-87.747875985,"(41.968048007293845, -87.74787598468126)"
LAWRENCE AND CICERO,1041,4800 N CICERO AVE,05/13/2017,10,1143464.651785526,1931490.551883203,41.968048007,-87.747875985,"(41.968048007293845, -87.74787598468126)"
GRAND AND OAK PARK,1524,6800 W GRAND AVENUE,10/14/2015,6,1130668.89526974,1915248.469290467,41.923708193,-87.795300781,"(41.92370819286044, -87.79530078123082)"
GRAND AND OAK PARK,1524,6800 W GRAND AVENUE,08/02/2015,2,1130668.89526974,1915248.469290467,41.923708193,-87.795300781,"(41.92370819286044, -87.79530078123082)"
GRAND AND OAK PARK,1523,6800 W GRAND AVENUE,01/20/2017,9,1130668.89526974,1915248.469290467,41.923708193,-87.795300781,"(41.92370819286044, -87.79530078123082)"
95TH AND STONEY ISLAND,2513,1600 E 95TH STREET,06/04/2016,7,1188537.746187743,1842339.840767953,41.722449457,-87.585003569,"(41.72244945701069, -87.58500356910938)"
PULASKI AND FULLERTON,1484,4000 W FULLERTON AVE,08/31/2014,3,1149303.081963737,1915695.275222648,41.924593022,-87.726819268,"(41.92459302175305, -87.7268192684032)"
COTTAGE GROVE AND 95TH,2602,9500 S COTTAGE GROVE,11/26/2014,6,1183531.307692447,1842122.302108743,41.721970465,-87.60334804,"(41.72197046522736, -87.60334804007711)"
AUSTIN AND IRVING PARK,1163,6000 W IRVING PARK ROAD,07/17/2016,7,1135622.402636023,1926014.192063646,41.953163772,-87.776842593,"(41.95316377185154, -87.77684259284736)"
ASHLAND AND LAWRENCE,1142,4800 N ASHLAND AVENUE,03/03/2017,8,1164751.686785145,1932001.206626392,41.96902343,-87.669590434,"(41.969023429614026, -87.66959043354217)"
CICERO AND WASHINGTON,1891,100 N CICERO AVENUE,03/03/2017,10,1144328.984091479,1900095.170838459,41.88187971,-87.745489247,"(41.88187970991601, -87.7454892473012)"
CICERO AND ARMITAGE,2003,4800 W ARMITAGE AVENUE,05/09/2017,3,1144054.25126508,1912907.00926109,41.917041992,-87.746176095,"(41.91704199201953, -87.74617609464687)"
PULASKI AND LAWRENCE,1172,4800 N PULASKI ROAD,04/21/2017,1,1148821.701520117,1931605.974570937,41.968262595,-87.728175316,"(41.968262595100775, -87.7281753157596)"
71ST AND ASHLAND,2394,1600 W 71ST,04/21/2017,4,1166890.012333149,1857674.2502247,41.765018306,-87.66385923,"(41.76501830555763, -87.66385923012646)"
63RD AND STATE,2712,6300 S STATE ST,04/01/2017,6,1177303.801895084,1863220.216755923,41.780008277,-87.625522512,"(41.78000827740796, -87.6255225119157)"
HALSTED AND MADISON,1871,1 S HALSTED STREET,04/21/2017,4,1171092.392868784,1900234.542088741,41.881717056,-87.647210539,"(41.88171705561901, -87.64721053920604)"
CANAL AND ROOSEVELT,2291,1200 S CANAL STREET,04/21/2017,5,1173268.771030949,1894952.634878732,41.867175125,-87.639375813,"(41.86717512472001, -87.63937581258092)"
CICERO AND I55,2251,4200 S CICERO AVENUE,02/11/2017,110,1145023.742859509,1876358.276835519,41.816729387,-87.743536712,"(41.81672938674739, -87.74353671247594)"
SACRAMENTO AND CHICAGO,1814,3000 W CHICAGO AVENUE,05/09/2017,2,1156075.266375505,1905216.604770718,41.895704525,-87.702218524,"(41.895704524946225, -87.70221852353758)"
79TH AND HALSTED,2543,800 W 79TH STREET,04/21/2017,3,1172320.105719411,1852517.9814434,41.750751157,-87.644107793,"(41.75075115747316, -87.64410779300933)"
ASHLAND AND MADISON,1911,0 N ASHLAND AVE,05/09/2017,5,,,,,
HOMAN/KIMBALL AND NORTH,1773,3400 W NORTH AVE,04/21/2017,5,1153386.578905125,1910465.87061722,41.910162847,-87.711953868,"(41.91016284680269, -87.71195386769125)"
STONY ISLAND/CORNELL AND 67TH,2731,6700 S CORNELL DRIVE,03/03/2017,20,1188316.454860734,1860851.137456735,41.77325149,-87.5852246,"(41.77325148959568, -87.58522459967712)"
ELSTON AND IRVING PARK,1502,4000 N ELSTON AVENUE,05/09/2017,2,1151273.974828198,1926311.849469842,41.953687266,-87.719297882,"(41.95368726563273, -87.71929788151473)"
PULASKI AND DIVISION,1801,1200 N PULASKI ROAD,03/03/2017,3,1149459.590666926,1907723.219884254,41.902713902,-87.726451457,"(41.902713901936174, -87.72645145715836)"
OGDEN AND KOSTNER,2222,2348 S KOSTNER AVENUE,04/01/2017,4,1147394.548182079,1887795.177782082,41.848068845,-87.734547457,"(41.8480688449598, -87.73454745748458)"
CENTRAL AND IRVING PARK,1182,4000 N CENTRAL AVENUE,04/21/2017,1,1138258.614129764,1926071.172884932,41.953272751,-87.767150151,"(41.95327275103541, -87.76715015131407)"
IRVING PARK AND NARRAGANSETT,1024,6400 W IRVING PK,04/21/2017,1,1132945.939118726,1925946.304925137,41.953024751,-87.786683238,"(41.95302475075328, -87.78668323766634)"
CICERO AND CHICAGO,1781,800 N CICERO AVENUE,05/09/2017,2,1144169.162482127,1904893.189220372,41.895049038,-87.745955516,"(41.89504903796389, -87.74595551626888)"
WENTWORTH AND GARFIELD,2261,5500 S WENTWORTH AVEN,04/01/2017,23,,,,,
IRVING PARK AND CALIFORNIA,1233,2800 W IRVING PARK ROA,04/21/2017,4,,,,,
55TH and PULASKI,2244,4000 W 55TH ST,04/21/2017,2,1150621.676903861,1867864.274865394,41.793313334,-87.723223038,"(41.79331333358753, -87.72322303812588)"
KEDZIE AND ARMITAGE,1834,3200 W ARMITAGE AVENUE,05/09/2017,6,1154700.851347995,1913153.252187904,41.917511023,-87.707053639,"(41.91751102291878, -87.7070536388797)"
PULASKI AND DIVERSEY,1543,4000 W DIVERSEY AVENUE,03/03/2017,4,1149206.496130705,1918356.569267582,41.931897723,-87.72710503,"(41.9318977231462, -87.72710503045386)"
HALSTED AND NORTH,1764,800 W NORTH AVENUE,04/01/2017,4,1170700.68422007,1910913.190749698,41.91102851,-87.648335806,"(41.91102850981186, -87.64833580602037)"
AUSTIN AND ADDISON,1491,3600 N AUSTIN AVENUE,05/09/2017,6,1135691.599896458,1923335.967306169,41.945813215,-87.776652162,"(41.9458132146695, -87.77665216156436)"
LASALLE AND KINZIE,1923,140 W KINZIE,05/09/2017,2,1175048.09765242,1903028.894760294,41.889297219,-87.632601648,"(41.88929721947309, -87.63260164817305)"
FOSTER AND BROADWAY,1111,5200 N BROADWAY ST,04/01/2017,4,1167334.508577915,1934714.008346532,41.976412143,-87.660015082,"(41.97641214294823, -87.66001508205365)"
ASHLAND AND FULLERTON,1651,2400 N ASHLAND AVENUE,04/21/2017,2,1165228.073342838,1916032.319169157,41.92519389,-87.668294363,"(41.92519388981048, -87.66829436339881)"
STONEY ISLAND AND 79TH,2464,1600 E 79TH ST,03/03/2017,1,1188284.704439907,1852964.829047574,41.751611523,-87.585592284,"(41.75161152327319, -87.58559228428787)"
FOSTER AND NAGLE,1034,6400 W FOSTER,05/09/2017,2,1132552.893142153,1934229.875527466,41.975762574,-87.787934296,"(41.97576257447203, -87.7879342955108)"
63RD AND STATE,2712,6300 S STATE ST,04/21/2017,4,1177303.801895084,1863220.216755923,41.780008277,-87.625522512,"(41.78000827740796, -87.6255225119157)"
HALSTED AND MADISON,1871,1 S HALSTED STREET,03/03/2017,8,1171092.392868784,1900234.542088741,41.881717056,-87.647210539,"(41.88171705561901, -87.64721053920604)"
CENTRAL AND DIVERSEY,1642,2800 N CENTRAL AVENUE,03/03/2017,1,1138516.407377375,1918089.499227987,41.931365552,-87.766396529,"(41.93136555236339, -87.76639652879172)"
CENTRAL AND CHICAGO,1973,5600 W CHICAGO AVENUE,04/21/2017,3,1138858.856732452,1904825.827586656,41.894962293,-87.765460791,"(41.89496229349977, -87.76546079122906)"
CENTRAL AND IRVING PARK,1183,5600 W IRVING PARK ROAD,04/21/2017,1,1138281.535484986,1926078.647777633,41.953292847,-87.767065708,"(41.953292847298, -87.76706570775266)"
ARCHER AND CICERO,2081,5200 S CICERO AVE,04/21/2017,22,1145195.931989777,1869737.708306623,41.798558278,-87.743071866,"(41.798558278193305, -87.74307186616427)"
PULASKI AND DIVISION,1801,1200 N PULASKI ROAD,04/01/2017,1,1149459.590666926,1907723.219884254,41.902713902,-87.726451457,"(41.902713901936174, -87.72645145715836)"
FOSTER AND BROADWAY,1113,1200 W FOSTER AVE,05/09/2017,2,1167357.095930752,1934721.393266777,41.97643192,-87.659931806,"(41.97643192018459, -87.65993180604016)"
ASHLAND AND IRVING PARK,1151,4000 N ASHLAND AVENUE,04/01/2017,3,1164899.463802581,1926665.661118925,41.954379326,-87.66919912,"(41.954379326212695, -87.66919911980419)"
63RD AND STATE,2714,1 E 63RD ST,04/21/2017,6,1177367.518733101,1863199.17768559,41.779949105,-87.625289553,"(41.779949104569106, -87.62528955333775)"
79TH AND KEDZIE,2443,3200 W 79TH ST,04/01/2017,5,1156402.644780165,1852104.649370984,41.749952001,-87.702448478,"(41.74995200142266, -87.70244847808695)"
PULASKI AND PETERSON,1263,4000 W PETERSON AVENUE,03/03/2017,15,1148618.560490339,1939615.133928395,41.990244186,-87.728714391,"(41.99024418564742, -87.7287143910091)"
CICERO AND HARRISON,2022,600 S CICERO AVENUE,03/03/2017,3,1144444.97442848,1896894.622216872,41.873094833,-87.745143869,"(41.873094832519136, -87.74514386884542)"
99TH AND HALSTED,2431,9900 S HALSTED ST,03/03/2017,24,1172689.754200318,1839171.652197216,41.714118868,-87.643145408,"(41.714118868089905, -87.64314540818165)"
WENTWORTH AND GARFIELD,2264,200 W GARFIELD BLVD,04/01/2017,1,1175889.574397302,1868551.750512227,41.794670385,-87.630547476,"(41.79467038468937, -87.63054747605638)"
71ST AND ASHLAND,2391,7100 S ASHLAND,03/03/2017,8,1166868.379865725,1857616.168087255,41.764859382,-87.663940176,"(41.764859382425385, -87.66394017630476)"
WESTERN AND 79TH,2481,7900 S WESTERN AVE,04/21/2017,5,1161711.516404028,1852181.685686118,41.750054934,-87.682992203,"(41.750054933649984, -87.68299220290213)"
WESTERN AND TOUHY,1251,7200 N WESTERN AVENUE,04/01/2017,2,1158975.66256211,1947754.286963361,42.012371335,-87.690393917,"(42.012371334791766, -87.69039391737863)"
WESTERN AND 79TH,2481,7900 S WESTERN AVE,05/09/2017,1,1161711.516404028,1852181.685686118,41.750054934,-87.682992203,"(41.750054933649984, -87.68299220290213)"
HAMLIN AND LAKE,1881,300 N HAMLIN AVENUE,04/01/2017,3,1150970.026856642,1901381.688308858,41.885282636,-87.721069539,"(41.88528263580913, -87.72106953854511)"
WESTERN AND FOSTER,1074,2400 W FOSTER AVE,05/09/2017,6,1159379.402846887,1934502.712486132,41.97600019,-87.689275084,"(41.97600018976586, -87.68927508385399)"
PULASKI AND DIVISION,1802,1200 N PULASKI ROAD,03/03/2017,4,1149459.590666926,1907723.219884254,41.902713902,-87.726451457,"(41.902713901936174, -87.72645145715836)"
HOMAN/KIMBALL AND NORTH,1773,3400 W NORTH AVE,03/03/2017,13,1153386.578905125,1910465.87061722,41.910162847,-87.711953868,"(41.91016284680269, -87.71195386769125)"
MONTROSE AND WESTERN,1221,4400 N WESTERN AVENUE,04/21/2017,6,1159539.733234718,1929183.918095502,41.961401846,-87.688832623,"(41.961401846278505, -87.6888326227788)"
SHERIDAN AND FOSTER,1134,1000 W FOSTER AVE,04/21/2017,4,1168689.247756979,1934758.578141654,41.976505116,-87.655031882,"(41.97650511595711, -87.65503188224778)"
CERMAK AND PULASKI,2334,4000 W CERMAK,05/09/2017,7,1150018.476053666,1889120.238540361,41.851654369,-87.724882975,"(41.85165436867626, -87.7248829753078)"
CENTRAL AND LAKE,1743,5600 W LAKE STREET,04/21/2017,3,1138951.495695032,1902230.510465733,41.887838735,-87.765183663,"(41.887838735330206, -87.76518366338465)"
CICERO AND HARRISON,2023,4800 W HARRISON STREET,04/21/2017,3,1144451.867388303,1896949.561959463,41.873245464,-87.745117179,"(41.873245464379586, -87.7451171788807)"
ASHLAND AND MADISON,1914,1600 W MADISON,04/01/2017,2,1165723.014733182,1900136.515489506,41.881564167,-87.666929463,"(41.8815641670199, -87.66692946294842)"
FULLERTON AND NARRAGANSETT,1554,6400 W FULLERTON AVENU,04/01/2017,6,1133317.594499059,1915293.661305931,41.923786189,-87.785567206,"(41.92378618871128, -87.78556720562165)"
CICERO AND WASHINGTON,1891,100 N CICERO AVENUE,05/09/2017,8,1144328.984091479,1900095.170838459,41.88187971,-87.745489247,"(41.88187970991601, -87.7454892473012)"
SACRAMENTO AND LAKE,1822,150 N SACRAMENTO BOUL,04/01/2017,8,1156319.560664766,1900957.489351962,41.884012178,-87.701436479,"(41.88401217771363, -87.7014364786693)"
HALSTED AND 95TH,2581,9500 S HALSTED STREET,03/03/2017,6,1172610.538363645,1841811.61926207,41.721365061,-87.643358042,"(41.72136506078306, -87.64335804234075)"
IRVING PARK AND KILPATRICK,2763,4700 W IRVING PARK ROA,05/09/2017,3,,,,,
CICERO AND 47TH,2202,4700 S CICERO AVE,03/03/2017,2,1145112.150373471,1873006.659918126,41.807530373,-87.743296821,"(41.80753037289406, -87.7432968212423)"
PULASKI AND ARCHER,2153,5000 S ARCHER AVE,04/01/2017,2,1150501.818909837,1871162.311703322,41.802365973,-87.723576766,"(41.80236597333895, -87.72357676611004)"
PULASKI AND IRVING PARK,1572,4000 N PULASKI ROAD,05/09/2017,1,1148970.255325552,1926313.600468643,41.953737051,-87.727766612,"(41.95373705144353, -87.72776661179896)"
55TH AND KEDZIE,2163,3200 W 55TH STREET,03/03/2017,1,1155966.956993183,1868015.593764152,41.793622803,-87.703618141,"(41.79362280329978, -87.70361814062049)"
LAKE SHORE DR AND BELMONT,1412,3200 N LAKESHORE DRIV,05/09/2017,5,1173053.220555078,1921821.380831705,41.940909163,-87.63936916,"(41.94090916326764, -87.63936915995522)"
ASHLAND AND 95TH,2473,1600 W 95TH STREET,04/21/2017,1,1167323.753394196,1841755.029221382,41.721324412,-87.662724153,"(41.721324411975246, -87.66272415265087)"
DIVERSEY AND AUSTIN,1454,6000 W DIVERSEY AVENUE,04/01/2017,3,1135895.736169343,1918029.70673837,41.931248624,-87.776028612,"(41.931248623643455, -87.77602861172493)"
CICERO AND ADDISON,1611,3600 N CICERO AVENUE,05/09/2017,6,1143698.904601495,1923517.005821035,41.946163524,-87.747215169,"(41.94616352362556, -87.74721516897007)"
CICERO AND WASHINGTON,1892,100 N CICERO AVENUE,04/21/2017,5,1144328.984091479,1900095.170838459,41.88187971,-87.745489247,"(41.88187970991601, -87.7454892473012)"
PULASKI AND PETERSON,1262,6000 N PULASKI ROAD,04/01/2017,1,1148598.016685695,1939584.645960177,41.990160923,-87.728790748,"(41.99016092280557, -87.72879074759867)"
DAMEN AND 63RD,2701,6300 S DAMEN AVENUE,04/21/2017,1,1164069.407943298,1862830.277442834,41.779226921,-87.674052731,"(41.77922692069256, -87.67405273137854)"
ROOSEVELT AND HALSTED,2233,800 W ROOSEVELT ROAD,04/21/2017,5,1171199.282357741,1894968.056393724,41.867263098,-87.646972686,"(41.86726309836901, -87.64697268601648)"
CERMAK AND PULASKI,2334,4000 W CERMAK,03/31/2017,2,1150018.476053666,1889120.238540361,41.851654369,-87.724882975,"(41.85165436867626, -87.7248829753078)"
79TH AND HALSTED,2543,800 W 79TH STREET,03/03/2017,6,1172320.105719411,1852517.9814434,41.750751157,-87.644107793,"(41.75075115747316, -87.64410779300933)"
CICERO AND NORTH,2033,4800 W NORTH AVENUE,04/01/2017,2,1144053.733747163,1910243.80567041,41.90973389,-87.746244973,"(41.909733890131285, -87.74624497295898)"
79TH AND HALSTED,2541,7900 S HALSTED STREET,05/09/2017,4,1172298.707400847,1852444.344822186,41.750549559,-87.644188368,"(41.750549559438944, -87.64418836784098)"
55TH and PULASKI,2242,5500 S PULASKI,05/09/2017,2,1150600.072649439,1867806.44512718,41.793155061,-87.723303765,"(41.793155060731024, -87.72330376464247)"
115TH AND HALSTED,2552,11500 S HALSTED STREE,05/09/2017,8,,,,,
VAN BUREN AND WESTERN,2054,2400 W VAN BUREN STREE,03/03/2017,13,,,,,
63RD AND STATE,2714,1 E 63RD ST,03/03/2017,12,1177367.518733101,1863199.17768559,41.779949105,-87.625289553,"(41.779949104569106, -87.62528955333775)"
HALSTED AND FULLERTON,1701,2400 N HALSTED STREET,04/01/2017,2,1170501.602639925,1916200.061550148,41.925540315,-87.648912156,"(41.925540315431995, -87.64891215551155)"
OGDEN AND KOSTNER,2222,2348 S KOSTNER AVENUE,03/03/2017,6,1147394.548182079,1887795.177782082,41.848068845,-87.734547457,"(41.8480688449598, -87.73454745748458)"
IRVING PARK AND LARAMIE,1533,5200 W IRVING PARK ROA,03/04/2017,4,,,,,
IRVING PARK AND KEDZIE,1354,3200 W IRVING PARK ROAD,05/09/2017,4,1154325.140302006,1926458.463197156,41.954029047,-87.708077494,"(41.95402904691877, -87.70807749383191)"
WENTWORTH AND GARFIELD,2261,5500 S WENTWORTH AVEN,03/06/2017,17,,,,,
VAN BUREN AND WESTERN,2054,2400 W VAN BUREN STREE,04/21/2017,22,,,,,
HOMAN/KIMBALL AND NORTH,1771,1600 N HOMAN AVENUE,03/12/2017,2,,,,,
WESTERN AND FULLERTON,1672,2400 N WESTERN AVENUE,02/03/2017,2,1159923.309342995,1915897.778561358,41.924935944,-87.687790255,"(41.92493594409127, -87.68779025471278)"
BROADWAY/SHERIDAN AND DEVON,1122,6400 N SHERIDAN ROAD,04/01/2017,6,1167087.151194129,1942658.704988689,41.998217921,-87.660695256,"(41.99821792053241, -87.6606952555721)"
HALSTED AND 95TH,2581,9500 S HALSTED STREET,04/01/2017,9,1172610.538363645,1841811.61926207,41.721365061,-87.643358042,"(41.72136506078306, -87.64335804234075)"
IRVING PARK AND CALIFORNIA,1234,2800 W IRVING PARK ROA,03/12/2017,24,,,,,
IRVING PARK AND KILPATRICK,2764,4700 W IRVING PARK ROA,03/16/2017,4,,,,,
IRVING PARK AND CALIFORNIA,1234,2800 W IRVING PARK ROA,03/16/2017,6,,,,,
CALIFORNIA AND PETERSON,1313,2800 W PETERSON AVENUE,05/09/2017,3,1156569.515341857,1939784.830544118,41.990552082,-87.699464396,"(41.990552081681564, -87.69946439622785)"
CICERO AND 47TH,2204,4800 W 47TH ST,05/09/2017,4,1145130.048925744,1873078.44198302,41.807727017,-87.743229366,"(41.80772701677172, -87.74322936566276)"
55TH AND WESTERN,2213,2400 W 55TH STREET,04/21/2017,2,1161277.012730599,1868185.749490228,41.793981347,-87.684141741,"(41.7939813465735, -87.68414174128355)"
IRVING PARK AND LARAMIE,1533,5200 W IRVING PARK ROA,03/17/2017,1,,,,,
PULASKI AND ARCHER,2153,5000 S ARCHER AVE,05/09/2017,5,1150501.818909837,1871162.311703322,41.802365973,-87.723576766,"(41.80236597333895, -87.72357676611004)"
STONEY ISLAND AND 76TH,2631,7600 S STONY ISLAND A,04/21/2017,13,1188092.796191935,1854889.354158304,41.756897173,-87.586234285,"(41.75689717260223, -87.58623428506996)"
CALIFORNIA AND PETERSON,1311,6000 N CALIFORNIA AVE,05/09/2017,2,1156545.742699118,1939775.775541795,41.990527717,-87.699552084,"(41.990527717148176, -87.69955208405155)"
CENTRAL AND LAKE,1743,5600 W LAKE STREET,05/09/2017,1,1138951.495695032,1902230.510465733,41.887838735,-87.765183663,"(41.887838735330206, -87.76518366338465)"
CICERO AND CHICAGO,1783,4800 W CHICAGO AVENUE,03/03/2017,4,1144175.291152764,1904916.255225279,41.895112219,-87.745932427,"(41.89511221857764, -87.74593242701515)"
PULASKI AND ARMITAGE,1844,4000 W ARMITAGE AVENUE,04/01/2017,2,1149375.428872108,1913028.984273181,41.917275069,-87.726622746,"(41.91727506940875, -87.72662274644799)"
PULASKI AND BELMONT,1382,3200 N PULASKI RD,03/03/2017,4,1149125.621478734,1920994.556178086,41.939138154,-87.72733371,"(41.939138153500274, -87.7273337101426)"
WESTERN AND FULLERTON,1671,2400 N WESTERN AVENUE,04/01/2017,12,1159923.309342995,1915897.778561358,41.924935944,-87.687790255,"(41.92493594409127, -87.68779025471278)"
BROADWAY/SHERIDAN AND DEVON,1122,6400 N SHERIDAN ROAD,05/09/2017,7,1167087.151194129,1942658.704988689,41.998217921,-87.660695256,"(41.99821792053241, -87.6606952555721)"
LARAMIE AND FULLERTON,1424,5200 W FULLERTON AVENUE,04/01/2017,1,1141305.554932016,1915502.611239048,41.924215797,-87.756210755,"(41.92421579723144, -87.75621075458939)"
ASHLAND AND IRVING PARK,1151,4000 N ASHLAND AVENUE,03/03/2017,3,1164899.463802581,1926665.661118925,41.954379326,-87.66919912,"(41.954379326212695, -87.66919911980419)"
DAMEN AND DIVERSEY,1462,2800 N DAMEN AVENUE,03/03/2017,7,1162490.04851994,1918611.623717091,41.932329494,-87.678282719,"(41.9323294940985, -87.67828271931386)"
LARAMIE AND FULLERTON,1421,2400 N LARAMIE AVENUE,03/03/2017,1,1141282.877477884,1915479.163971956,41.924151874,-87.756294662,"(41.92415187425276, -87.75629466175003)"
55TH AND WESTERN,2213,2400 W 55TH STREET,04/01/2017,4,1161277.012730599,1868185.749490228,41.793981347,-87.684141741,"(41.7939813465735, -87.68414174128355)"
COTTAGE GROVE AND 71ST,2571,7100 S COTTAGE GROVE,04/21/2017,2,1182746.23698699,1858088.011064538,41.765800351,-87.605729127,"(41.76580035131893, -87.6057291269901)"
DIVISION AND DAMEN,1733,2000 W DIVISION,04/21/2017,4,1162815.710860194,1908034.672555531,41.903298793,-87.677383247,"(41.903298792681944, -87.67738324739636)"
CICERO AND 47TH,2204,4800 W 47TH ST,04/01/2017,12,1145130.048925744,1873078.44198302,41.807727017,-87.743229366,"(41.80772701677172, -87.74322936566276)"
WESTERN AND MARQUETTE,2672,6700 S WESTERN AVENUE,05/09/2017,9,1161488.747635042,1860134.788366884,41.771884028,-87.683588402,"(41.77188402771193, -87.68358840206334)"
ASHLAND AND LAWRENCE,1143,1600 W LAWRENCE AVENUE,03/03/2017,3,1164771.946929007,1931988.254061312,41.968987457,-87.669516307,"(41.96898745654617, -87.66951630654926)"
DIVERSEY AND AUSTIN,1453,6000 W DIVERSEY AVENUE,03/03/2017,1,1135895.736169343,1918029.70673837,41.931248624,-87.776028612,"(41.931248623643455, -87.77602861172493)"
FOSTER AND BROADWAY,1111,5200 N BROADWAY ST,03/03/2017,4,1167334.508577915,1934714.008346532,41.976412143,-87.660015082,"(41.97641214294823, -87.66001508205365)"
PULASKI AND IRVING PARK,1574,4000 W IRVING PARK RD,03/03/2017,1,1148988.727877253,1926320.954938409,41.953756874,-87.727698513,"(41.95375687447515, -87.72769851312907)"
KEDZIE AND 71ST,2354,3200 W 71ST STREET,04/01/2017,5,1156246.862901455,1857404.014959868,41.764497433,-87.702877023,"(41.76449743256955, -87.70287702335861)"
ASHLAND AND 87TH,2454,1600 W 87TH ST,04/01/2017,4,1167171.941297436,1847064.855345151,41.735898617,-87.663128781,"(41.735898617066006, -87.66312878090133)"
HALSTED AND FULLERTON,1701,2400 N HALSTED STREET,04/21/2017,2,1170501.602639925,1916200.061550148,41.925540315,-87.648912156,"(41.925540315431995, -87.64891215551155)"
KOSTNER AND NORTH,2012,4400 W GRAND AVE,04/21/2017,5,1146773.519128439,1910425.663958581,41.91018141,-87.73624887,"(41.910181409597406, -87.73624887040725)"
ROOSEVELT AND PULASKI,2314,4000 W ROOSEVELT ROAD,04/21/2017,9,1149885.032049683,1894449.464076882,41.866281003,-87.72523422,"(41.866281002664536, -87.72523421983905)"
SACRAMENTO AND CHICAGO,1814,3000 W CHICAGO AVENUE,04/01/2017,6,1156075.266375505,1905216.604770718,41.895704525,-87.702218524,"(41.895704524946225, -87.70221852353758)"
ELSTON AND LAWRENCE,1282,4800 N ELSTON AVENUE,03/03/2017,3,1145529.344259918,1931501.601268983,41.968039361,-87.740283894,"(41.96803936143674, -87.74028389448999)"
CICERO AND 47TH,2204,4800 W 47TH ST,04/21/2017,9,1145130.048925744,1873078.44198302,41.807727017,-87.743229366,"(41.80772701677172, -87.74322936566276)"
FOSTER AND NAGLE,1031,5200 N NAGLE,04/21/2017,6,1132529.656558223,1934201.702060651,41.97568567,-87.788020406,"(41.97568566971868, -87.78802040620296)"
VAN BUREN AND WESTERN,2052,400 S WESTERN AVENUE,03/03/2017,29,1160431.682297829,1898091.942371589,41.876064776,-87.686415631,"(41.87606477642526, -87.68641563098768)"
HAMLIN AND LAKE,1881,300 N HAMLIN AVENUE,03/03/2017,14,1150970.026856642,1901381.688308858,41.885282636,-87.721069539,"(41.88528263580913, -87.72106953854511)"
PULASKI AND BELMONT,1382,3200 N PULASKI RD,04/21/2017,6,1149125.621478734,1920994.556178086,41.939138154,-87.72733371,"(41.939138153500274, -87.7273337101426)"
WESTERN AND CHICAGO,1941,800 N WESTERN AVE,04/21/2017,3,1160220.967978608,1905277.507115921,41.895786955,-87.686990586,"(41.89578695485361, -87.68699058611217)"
KOSTNER AND NORTH,2011,1600 N KOSTNER,03/03/2017,1,1146732.108679105,1910282.120990798,41.909788304,-87.736404667,"(41.90978830394343, -87.73640466739216)"
WESTERN AND TOUHY,1252,7200 N WESTERN AVENUE,04/21/2017,1,1158975.66256211,1947754.286963361,42.012371335,-87.690393917,"(42.012371334791766, -87.69039391737863)"
CENTRAL AND ADDISON,1683,5600 W ADDISON STREET,04/21/2017,5,1138349.663302502,1923416.02157061,41.945985104,-87.766879952,"(41.94598510430888, -87.76687995165918)"
ASHLAND AND 95TH,2473,1600 W 95TH STREET,04/01/2017,5,1167323.753394196,1841755.029221382,41.721324412,-87.662724153,"(41.721324411975246, -87.66272415265087)"
CANAL AND ROOSEVELT,2294,500 W ROOSEVELT ROAD,03/03/2017,8,1173290.72186561,1895021.166235495,41.867362693,-87.639293195,"(41.867362692616666, -87.63929319464197)"
ROOSEVELT AND KOSTNER,2323,4400 W ROOSEVELT,05/09/2017,5,1147200.963258796,1894379.538078088,41.866140868,-87.73508956,"(41.866140867641654, -87.73508956008207)"
STONEY ISLAND AND 79TH,2464,1600 E 79TH ST,04/01/2017,4,1188284.704439907,1852964.829047574,41.751611523,-87.585592284,"(41.75161152327319, -87.58559228428787)"
MILWAUKEE AND DEVON,1274,6400 W DEVON AVENUE,03/03/2017,8,1132590.619798275,1942138.532048656,41.997463981,-87.787610243,"(41.99746398102873, -87.78761024341388)"
CICERO AND I55,2251,4200 S CICERO AVENUE,02/13/2017,71,1145023.742859509,1876358.276835519,41.816729387,-87.743536712,"(41.81672938674739, -87.74353671247594)"
CENTRAL AND CHICAGO,1972,800 N CENTRAL AVENUE,04/21/2017,2,1138836.562608552,1904801.732832435,41.894896579,-87.765543258,"(41.89489657939746, -87.76554325845893)"
ROOSEVELT AND KOSTNER,2323,4400 W ROOSEVELT,03/03/2017,1,1147200.963258796,1894379.538078088,41.866140868,-87.73508956,"(41.866140867641654, -87.73508956008207)"
HARLEM AND BELMONT,1394,7200 W BELMONT AVE,04/01/2017,2,1127504.698153561,1920475.415440844,41.938105479,-87.806809552,"(41.93810547939496, -87.80680955240743)"
PERSHING AND WESTERN,2114,2400 W PERSHING ROAD,05/09/2017,4,1160957.773623189,1878793.434193427,41.82309676,-87.685018951,"(41.82309676016606, -87.68501895061576)"
31ST ST AND MARTIN LUTHER KING DRIVE,2121,3100 S DR MARTIN L KING,05/09/2017,6,,,,,
DAMEN AND DIVERSEY,1464,2000 W DIVERSEY PARKWAY,04/01/2017,5,1162519.714934025,1918635.417634925,41.932394164,-87.678173031,"(41.93239416403691, -87.67817303087757)"
LASALLE AND KINZIE,1921,400 N LASALLE,05/09/2017,3,1175028.579766798,1903002.552291359,41.889225372,-87.632674115,"(41.88922537162015, -87.63267411498495)"
111TH AND HALSTED,2422,11100 S HALSTED ST,04/01/2017,8,1172923.657689312,1831209.044179248,41.692263123,-87.642522688,"(41.692263123425136, -87.6425226876268)"
71ST AND ASHLAND,2391,7100 S ASHLAND,04/21/2017,1,1166868.379865725,1857616.168087255,41.764859382,-87.663940176,"(41.764859382425385, -87.66394017630476)"
FOSTER AND NAGLE,1031,5200 N NAGLE,03/03/2017,9,1132529.656558223,1934201.702060651,41.97568567,-87.788020406,"(41.97568566971868, -87.78802040620296)"
STONEY ISLAND AND 76TH,2632,7600 S STONY ISLAND A,02/09/2017,12,1188092.796191935,1854889.354158304,41.756897173,-87.586234285,"(41.75689717260223, -87.58623428506996)"
LASALLE AND KINZIE,1923,140 W KINZIE,04/01/2017,2,1175048.09765242,1903028.894760294,41.889297219,-87.632601648,"(41.88929721947309, -87.63260164817305)"
ASHLAND AND DIVISION,1791,1200 N ASHLAND AVENUE,04/01/2017,8,1165466.997046718,1908083.767015974,41.903377468,-87.667643142,"(41.903377467566784, -87.66764314227497)"
DAMEN AND DIVERSEY,1464,2000 W DIVERSEY PARKWAY,04/21/2017,5,1162519.714934025,1918635.417634925,41.932394164,-87.678173031,"(41.93239416403691, -87.67817303087757)"
LARAMIE AND MADISON,2044,5200 W MADISON STREET,04/01/2017,11,1141706.965522802,1899567.55684314,41.880480752,-87.755130433,"(41.88048075170171, -87.75513043296509)"
PULASKI AND DIVERSEY,1543,4000 W DIVERSEY AVENUE,04/01/2017,1,1149206.496130705,1918356.569267582,41.931897723,-87.72710503,"(41.9318977231462, -87.72710503045386)"
HOLLYWOOD AND SHERIDAN,1344,1000 W HOLLYWOOD AVE,04/01/2017,2,1168580.228926466,1938090.295189338,41.985649799,-87.655335807,"(41.98564979859328, -87.65533580655139)"
WESTERN AND NORTH,1853,2400 W NORTH AVE,05/09/2017,1,1160100.839010995,1910612.783367238,41.910429862,-87.687284221,"(41.91042986235867, -87.68728422050837)"
71ST AND ASHLAND,2391,7100 S ASHLAND,04/01/2017,6,1166868.379865725,1857616.168087255,41.764859382,-87.663940176,"(41.764859382425385, -87.66394017630476)"
MILWAUKEE AND DEVON,1274,6400 W DEVON AVENUE,05/09/2017,5,1132590.619798275,1942138.532048656,41.997463981,-87.787610243,"(41.99746398102873, -87.78761024341388)"
CICERO AND CHICAGO,1783,4800 W CHICAGO AVENUE,04/21/2017,8,1144175.291152764,1904916.255225279,41.895112219,-87.745932427,"(41.89511221857764, -87.74593242701515)"
ROOSEVELT AND HALSTED,2234,800 W ROOSEVELT ROAD,03/03/2017,11,1171199.282357741,1894968.056393724,41.867263098,-87.646972686,"(41.86726309836901, -87.64697268601648)"
PULASKI AND BELMONT,1382,3200 N PULASKI RD,04/01/2017,2,1149125.621478734,1920994.556178086,41.939138154,-87.72733371,"(41.939138153500274, -87.7273337101426)"
WESTERN AND NORTH,1853,2400 W NORTH AVE,04/21/2017,1,1160100.839010995,1910612.783367238,41.910429862,-87.687284221,"(41.91042986235867, -87.68728422050837)"
CICERO AND HARRISON,2023,4800 W HARRISON STREET,05/09/2017,1,1144451.867388303,1896949.561959463,41.873245464,-87.745117179,"(41.873245464379586, -87.7451171788807)"
PETERSON AND WESTERN,1014,2400 W PETERSON,03/03/2017,7,1159214.211316277,1939825.301874586,41.99060901,-87.689735481,"(41.990609009807294, -87.68973548092968)"
HAMLIN AND MADISON,1903,3800 W MADISON STREET,03/03/2017,4,1151032.709141294,1899784.033986533,41.880897273,-87.720881226,"(41.880897273491264, -87.72088122613924)"
ADDISON AND HARLEM,1591,3600 N HARLEM AVENUE,04/21/2017,3,1127394.594070737,1923110.532422811,41.945338412,-87.807154769,"(41.94533841246591, -87.80715476912044)"
WESTERN AND DEVON,1212,6400 N WESTERN AVENUE,04/01/2017,2,1159113.585759434,1942451.622367891,41.997817807,-87.690033035,"(41.997817807026, -87.69003303469276)"
ASHLAND AND MADISON,1911,0 N ASHLAND AVE,04/01/2017,4,,,,,
ROOSEVELT AND PULASKI,2311,1200 S PULASKI ROAD,05/09/2017,4,1149866.002247864,1894375.839200384,41.866079337,-87.725305995,"(41.86607933722178, -87.7253059948758)"
CICERO AND NORTH,2033,4800 W NORTH AVENUE,03/03/2017,4,1144053.733747163,1910243.80567041,41.90973389,-87.746244973,"(41.909733890131285, -87.74624497295898)"
MILWAUKEE AND DEVON,1272,6400 N MILWAUKEE AVEN,03/03/2017,3,1132463.750397878,1942107.911507627,41.997382173,-87.788077674,"(41.99738217345368, -87.78807767391953)"
DIVERSEY AND AUSTIN,1453,6000 W DIVERSEY AVENUE,05/09/2017,2,1135895.736169343,1918029.70673837,41.931248624,-87.776028612,"(41.931248623643455, -87.77602861172493)"
CANAL AND ROOSEVELT,2294,500 W ROOSEVELT ROAD,04/01/2017,5,1173290.72186561,1895021.166235495,41.867362693,-87.639293195,"(41.867362692616666, -87.63929319464197)"
CENTRAL AND ADDISON,1682,3600 N CENTRAL AVENUE,04/21/2017,3,1138343.117435682,1923392.067464765,41.945919491,-87.766904594,"(41.945919490555106, -87.76690459426293)"
PULASKI AND ARMITAGE,1843,4000 W ARMITAGE AVENUE,04/01/2017,3,1149375.428872108,1913028.984273181,41.917275069,-87.726622746,"(41.91727506940875, -87.72662274644799)"
FOSTER AND BROADWAY,1113,1200 W FOSTER AVE,03/03/2017,4,1167357.095930752,1934721.393266777,41.97643192,-87.659931806,"(41.97643192018459, -87.65993180604016)"
IRVING PARK AND LARAMIE,1533,5200 W IRVING PARK ROA,04/21/2017,7,,,,,
CICERO AND I55,2252,4200 S CICERO AVENUE,02/11/2017,13,1145023.742859509,1876358.276835519,41.816729387,-87.743536712,"(41.81672938674739, -87.74353671247594)"
STONY ISLAND/CORNELL AND 67TH,2721,6700 S STONY ISLAND A,03/03/2017,6,1187984.143047539,1860863.338367666,41.773292896,-87.586442368,"(41.77329289585066, -87.58644236831432)"
ASHLAND AND IRVING PARK,1153,1600 W IRVING PARK ROA,04/21/2017,3,,,,,
CICERO AND FULLERTON,1474,4800 W FULLERTON AVE,04/21/2017,1,1143967.570794243,1915568.504954477,41.924347036,-87.74642764,"(41.924347036010694, -87.74642763965628)"
HAMLIN AND MADISON,1901,0 N HAMLIN BOULEVARD,04/01/2017,10,,,,,
MILWAUKEE AND MONTROSE,1364,5075 W MONTROSE AVENUE,04/21/2017,1,1141716.746618898,1928736.076639057,41.960522088,-87.754371424,"(41.96052208819935, -87.75437142402293)"
MILWAUKEE AND MONTROSE,1364,5075 W MONTROSE AVENUE,03/03/2017,3,1141716.746618898,1928736.076639057,41.960522088,-87.754371424,"(41.96052208819935, -87.75437142402293)"
CENTRAL AND FULLERTON,1444,5600 W FULLERTON AVENU,04/01/2017,5,1138627.279189421,1915438.969256439,41.924090199,-87.76605353,"(41.92409019883488, -87.76605353016079)"
CLARK AND IRVING PARK,1093,1300 W IRVING PARK ROAD,04/21/2017,4,1166777.545456989,1926719.73687357,41.954487567,-87.662293496,"(41.95448756687966, -87.66229349585691)"
CENTRAL AND ADDISON,1683,5600 W ADDISON STREET,05/09/2017,3,1138349.663302502,1923416.02157061,41.945985104,-87.766879952,"(41.94598510430888, -87.76687995165918)"
4700 WESTERN,2141,4700 S WESTERN AVENUE,03/03/2017,9,1161120.438879703,1873431.066474726,41.808378408,-87.684570717,"(41.808378407946726, -87.68457071689552)"
119TH AND HALSTED,2404,800 W 119TH STREET,04/01/2017,2,1173111.174088158,1825985.001014405,41.677923389,-87.641989646,"(41.677923389134385, -87.64198964584013)"
FULLERTON AND NARRAGANSETT,1554,6400 W FULLERTON AVENU,03/03/2017,12,1133317.594499059,1915293.661305931,41.923786189,-87.785567206,"(41.92378618871128, -87.78556720562165)"
WESTERN AND ADDISON,1562,3600 N WESTERN AVENUE,04/01/2017,5,1159695.573342728,1923871.086283556,41.94681992,-87.688406662,"(41.94681991986288, -87.68840666206194)"
CICERO AND DIVERSEY,1694,4800 W DIVERSEY AVENUE,05/09/2017,3,1143869.848167704,1918226.043989398,41.93164142,-87.746719911,"(41.93164142040689, -87.7467199106462)"
KEDZIE AND ARMITAGE,1832,2000 N KEDZIE AVENUE,03/03/2017,4,1154684.031809326,1913129.496340896,41.917446172,-87.707116072,"(41.91744617191702, -87.70711607187832)"
55TH and PULASKI,2242,5500 S PULASKI,04/01/2017,2,1150600.072649439,1867806.44512718,41.793155061,-87.723303765,"(41.793155060731024, -87.72330376464247)"
PULASKI AND DIVERSEY,1542,2800 N PULASKI ROAD,03/03/2017,2,1149200.724531183,1918332.222549679,41.931831026,-87.727126873,"(41.93183102561505, -87.72712687300454)"
IRVING PARK AND LARAMIE,1534,5200 W IRVING PARK ROA,04/21/2017,2,,,,,
FULLERTON AND NARRAGANSETT,1554,6400 W FULLERTON AVENU,04/21/2017,5,1133317.594499059,1915293.661305931,41.923786189,-87.785567206,"(41.92378618871128, -87.78556720562165)"
MONTROSE AND WESTERN,1224,2400 W MONTROSE AVENUE,04/01/2017,1,1159562.971802959,1929191.337701253,41.961421726,-87.68874698,"(41.961421726406314, -87.68874697983858)"
ASHLAND AND LAWRENCE,1143,1600 W LAWRENCE AVENUE,04/21/2017,5,1164771.946929007,1931988.254061312,41.968987457,-87.669516307,"(41.96898745654617, -87.66951630654926)"
PETERSON AND WESTERN,1014,2400 W PETERSON,05/09/2017,8,1159214.211316277,1939825.301874586,41.99060901,-87.689735481,"(41.990609009807294, -87.68973548092968)"
WESTERN AND DEVON,1211,6400 N WESTERN AVENUE,04/01/2017,4,1159113.585759434,1942451.622367891,41.997817807,-87.690033035,"(41.997817807026, -87.69003303469276)"
119TH AND HALSTED,2402,11900 S HALSTED,03/03/2017,5,1173094.774616191,1825911.054609338,41.677720829,-87.642051845,"(41.67772082924762, -87.64205184498218)"
COTTAGE GROVE AND 71ST,2571,7100 S COTTAGE GROVE,04/01/2017,4,1182746.23698699,1858088.011064538,41.765800351,-87.605729127,"(41.76580035131893, -87.6057291269901)"
WESTERN AND FOSTER,1072,5200 N WESTERN AVE,03/03/2017,8,1159372.922497116,1934478.313674003,41.975933372,-87.689299589,"(41.97593337199358, -87.6892995891816)"
WESTERN AND FULLERTON,1671,2400 N WESTERN AVENUE,05/09/2017,12,1159923.309342995,1915897.778561358,41.924935944,-87.687790255,"(41.92493594409127, -87.68779025471278)"
TOUHY AND OSCEOLA,1244,7432 W TOUHY AVENUE,05/09/2017,1,1125717.010560011,1947269.685461107,42.011661765,-87.812781431,"(42.01166176507329, -87.81278143114147)"
PULASKI AND NORTH,1992,1600 N PULASKI AVENUE,05/09/2017,2,1149432.959240306,1910369.112502195,41.90997501,-87.726480523,"(41.909975010236906, -87.72648052306623)"
PULASKI AND CHICAGO,1983,4000 W CHICAGO AVENUE,05/09/2017,1,1149561.855939692,1905086.596446259,41.895476752,-87.72614436,"(41.89547675163723, -87.72614435991626)"
79TH AND HALSTED,2541,7900 S HALSTED STREET,04/21/2017,4,1172298.707400847,1852444.344822186,41.750549559,-87.644188368,"(41.750549559438944, -87.64418836784098)"
KIMBALL AND DIVERSEY,1581,2800 N KIMBALL AVENUE,04/21/2017,4,,,,,
CANAL AND ROOSEVELT,2291,1200 S CANAL STREET,03/03/2017,10,1173268.771030949,1894952.634878732,41.867175125,-87.639375813,"(41.86717512472001, -87.63937581258092)"
VAN BUREN AND WESTERN,2054,2400 W VAN BUREN STREE,05/09/2017,15,,,,,
HALSTED AND 95TH,2581,9500 S HALSTED STREET,04/21/2017,6,1172610.538363645,1841811.61926207,41.721365061,-87.643358042,"(41.72136506078306, -87.64335804234075)"
ROOSEVELT AND KOSTNER,2321,1200 S KOSTNER,04/01/2017,3,1147196.304001978,1894305.883269746,41.865938839,-87.735108549,"(41.8659388389088, -87.73510854901264)"
WESTERN AND TOUHY,1252,7200 N WESTERN AVENUE,05/09/2017,3,1158975.66256211,1947754.286963361,42.012371335,-87.690393917,"(42.012371334791766, -87.69039391737863)"
HARLEM AND BELMONT,1394,7200 W BELMONT AVE,03/03/2017,6,1127504.698153561,1920475.415440844,41.938105479,-87.806809552,"(41.93810547939496, -87.80680955240743)"
ELSTON AND ADDISON,1403,3216 W ADDISON ST,03/03/2017,12,1154199.729816868,1923799.345386665,41.946734755,-87.708609774,"(41.946734754927796, -87.7086097735515)"
PERSHING AND WESTERN,2112,3900 S WESTERN BLVD,04/21/2017,6,1161130.992078755,1878746.226354636,41.822963628,-87.684384785,"(41.82296362788048, -87.68438478541296)"
LARAMIE AND MADISON,2043,5200 W MADISON STREET,04/21/2017,6,1141706.965522802,1899567.55684314,41.880480752,-87.755130433,"(41.88048075170171, -87.75513043296509)"
35TH AND WESTERN,2091,3500 S WESTERN,03/03/2017,3,1160894.949857101,1881376.851112895,41.830187255,-87.685177925,"(41.83018725526863, -87.68517792510231)"
DIVERSEY AND AUSTIN,1454,6000 W DIVERSEY AVENUE,03/03/2017,3,1135895.736169343,1918029.70673837,41.931248624,-87.776028612,"(41.931248623643455, -87.77602861172493)"
FOSTER AND NAGLE,1031,5200 N NAGLE,05/09/2017,12,1132529.656558223,1934201.702060651,41.97568567,-87.788020406,"(41.97568566971868, -87.78802040620296)"
ROOSEVELT AND KOSTNER,2323,4400 W ROOSEVELT,04/21/2017,4,1147200.963258796,1894379.538078088,41.866140868,-87.73508956,"(41.866140867641654, -87.73508956008207)"
CENTRAL AND IRVING PARK,1183,5600 W IRVING PARK ROAD,03/03/2017,4,1138281.535484986,1926078.647777633,41.953292847,-87.767065708,"(41.953292847298, -87.76706570775266)"
PULASKI AND PETERSON,1263,4000 W PETERSON AVENUE,05/09/2017,10,1148618.560490339,1939615.133928395,41.990244186,-87.728714391,"(41.99024418564742, -87.7287143910091)"
WESTERN AND 79TH,2481,7900 S WESTERN AVE,03/03/2017,6,1161711.516404028,1852181.685686118,41.750054934,-87.682992203,"(41.750054933649984, -87.68299220290213)"
MILWAUKEE AND DEVON,1274,6400 W DEVON AVENUE,04/21/2017,3,1132590.619798275,1942138.532048656,41.997463981,-87.787610243,"(41.99746398102873, -87.78761024341388)"
BROADWAY/SHERIDAN AND DEVON,1123,1200 W DEVON AVE,04/21/2017,5,1167109.644248166,1942688.147952186,41.998298228,-87.660611661,"(41.99829822771884, -87.66061166063517)"
PULASKI AND ARMITAGE,1844,4000 W ARMITAGE AVENUE,04/21/2017,1,1149375.428872108,1913028.984273181,41.917275069,-87.726622746,"(41.91727506940875, -87.72662274644799)"
PERSHING AND WESTERN,2112,3900 S WESTERN BLVD,05/09/2017,3,1161130.992078755,1878746.226354636,41.822963628,-87.684384785,"(41.82296362788048, -87.68438478541296)"
WESTERN AND 71ST,2612,7100 S WESTERN AVENUE,03/03/2017,4,1161563.704681724,1857484.211306323,41.764608912,-87.683387053,"(41.76460891223613, -87.68338705328121)"
4700 WESTERN,2141,4700 S WESTERN AVENUE,04/21/2017,2,1161120.438879703,1873431.066474726,41.808378408,-87.684570717,"(41.808378407946726, -87.68457071689552)"
CENTRAL AND CHICAGO,1972,800 N CENTRAL AVENUE,03/03/2017,3,1138836.562608552,1904801.732832435,41.894896579,-87.765543258,"(41.89489657939746, -87.76554325845893)"
KEDZIE AND 31ST,2134,3200 W 31ST STREET,05/09/2017,1,1155487.128005646,1883943.061106793,41.8373395,-87.704950558,"(41.83733950029648, -87.70495055800411)"
CICERO AND PETERSON,1204,4800 W PETERSON AVENUE,03/03/2017,2,1143273.766829016,1939491.944645127,41.990008007,-87.748376951,"(41.99000800729908, -87.74837695118997)"
STATE AND 79TH,2654,1 E 79TH STREET,04/21/2017,32,1177680.113652821,1852598.313477786,41.750852096,-87.624463832,"(41.75085209551078, -87.62446383210285)"
LARAMIE AND FULLERTON,1421,2400 N LARAMIE AVENUE,04/21/2017,1,1141282.877477884,1915479.163971956,41.924151874,-87.756294662,"(41.92415187425276, -87.75629466175003)"
LARAMIE AND FULLERTON,1424,5200 W FULLERTON AVENUE,03/03/2017,1,1141305.554932016,1915502.611239048,41.924215797,-87.756210755,"(41.92421579723144, -87.75621075458939)"
PULASKI AND DIVERSEY,1543,4000 W DIVERSEY AVENUE,04/21/2017,1,1149206.496130705,1918356.569267582,41.931897723,-87.72710503,"(41.9318977231462, -87.72710503045386)"
CALIFORNIA AND DIVERSEY,1514,2800 W DIVERSEY,05/09/2017,25,1157212.54253358,1918526.674434943,41.932205395,-87.697679244,"(41.93220539506452, -87.6976792438691)"
WESTERN AND 71ST,2612,7100 S WESTERN AVENUE,04/21/2017,6,1161563.704681724,1857484.211306323,41.764608912,-87.683387053,"(41.76460891223613, -87.68338705328121)"
ELSTON AND ADDISON,1403,3216 W ADDISON ST,05/09/2017,9,1154199.729816868,1923799.345386665,41.946734755,-87.708609774,"(41.946734754927796, -87.7086097735515)"
DIVISION AND DAMEN,1734,2000 W DIVISION,05/09/2017,9,1162815.710860194,1908034.672555531,41.903298793,-87.677383247,"(41.903298792681944, -87.67738324739636)"
CICERO AND I55,2251,4200 S CICERO AVENUE,04/01/2017,82,1145023.742859509,1876358.276835519,41.816729387,-87.743536712,"(41.81672938674739, -87.74353671247594)"
HALSTED AND NORTH,1764,800 W NORTH AVENUE,03/03/2017,3,1170700.68422007,1910913.190749698,41.91102851,-87.648335806,"(41.91102850981186, -87.64833580602037)"
HAMLIN AND MADISON,1903,3800 W MADISON STREET,04/21/2017,23,1151032.709141294,1899784.033986533,41.880897273,-87.720881226,"(41.880897273491264, -87.72088122613924)"
CLARK AND FULLERTON,1632,2400 N CLARK ST,03/03/2017,1,1172749.562209477,1916238.997132859,41.925597623,-87.640650973,"(41.925597623023144, -87.64065097309872)"
WESTERN AND CHICAGO,1941,800 N WESTERN AVE,05/09/2017,2,1160220.967978608,1905277.507115921,41.895786955,-87.686990586,"(41.89578695485361, -87.68699058611217)"
MADISON AND WESTERN,1931,1 S WESTERN AVE,05/09/2017,3,1160453.827721979,1899933.703473746,41.881118279,-87.686283339,"(41.881118278833966, -87.686283338873)"
WESTERN AND ADDISON,1562,3600 N WESTERN AVENUE,03/03/2017,6,1159695.573342728,1923871.086283556,41.94681992,-87.688406662,"(41.94681991986288, -87.68840666206194)"
KEDZIE AND 26TH,2381,2600 S KEDZIE AVENUE,04/01/2017,3,1155404.235510285,1886524.460033054,41.844424831,-87.705185452,"(41.84442483084393, -87.70518545233183)"
CICERO AND CHICAGO,1781,800 N CICERO AVENUE,04/21/2017,2,1144169.162482127,1904893.189220372,41.895049038,-87.745955516,"(41.89504903796389, -87.74595551626888)"
CORTLAND AND ASHLAND,1721,1900 N ASHLAND AVE,03/03/2017,16,1165348.084854857,1912736.454335569,41.916147281,-87.667947354,"(41.91614728095272, -87.66794735350443)"
CALIFORNIA AND DEVON,1321,6400 N CALIFORNIA AVE,05/09/2017,1,1156461.150245401,1942370.37710537,41.997649133,-87.699792629,"(41.997649133049336, -87.69979262891378)"
ELSTON AND IRVING PARK,1503,3700 W IRVING PARK ROA,04/01/2017,8,,,,,
HALSTED AND NORTH,1761,1600 N HALSTED STREET,04/01/2017,2,1170678.283433825,1910880.991397547,41.910940644,-87.648419043,"(41.91094064391597, -87.64841904272998)"
PULASKI AND FOSTER,1102,5200 N PULASKI RD,03/03/2017,1,1148746.251286324,1934286.914361976,41.97562074,-87.728383135,"(41.97562073966174, -87.72838313514907)"
CICERO AND ARMITAGE,2003,4800 W ARMITAGE AVENUE,04/21/2017,2,1144054.25126508,1912907.00926109,41.917041992,-87.746176095,"(41.91704199201953, -87.74617609464687)"
KEDZIE AND 31ST,2132,3100 S KEDZIE AVENUE,03/03/2017,8,1155483.167539854,1883867.660503274,41.837132671,-87.704967115,"(41.837132671422296, -87.70496711478727)"
PULASKI AND PETERSON,1262,6000 N PULASKI ROAD,05/09/2017,4,1148598.016685695,1939584.645960177,41.990160923,-87.728790748,"(41.99016092280557, -87.72879074759867)"
111TH AND HALSTED,2422,11100 S HALSTED ST,05/09/2017,3,1172923.657689312,1831209.044179248,41.692263123,-87.642522688,"(41.692263123425136, -87.6425226876268)"
4700 WESTERN,2141,4700 S WESTERN AVENUE,04/01/2017,12,1161120.438879703,1873431.066474726,41.808378408,-87.684570717,"(41.808378407946726, -87.68457071689552)"
115TH AND HALSTED,2553,800 W 115TH STREET,05/09/2017,6,1173010.735357888,1828632.242070332,41.685190056,-87.642279564,"(41.68519005571938, -87.64227956401977)"
CENTRAL AND BELMONT,1602,3200 N CENTRAL AVENUE,03/03/2017,1,1138430.432324593,1920731.654410336,41.938617463,-87.766648297,"(41.938617463272884, -87.76664829683827)"
CENTRAL AND ADDISON,1682,3600 N CENTRAL AVENUE,03/03/2017,2,1138343.117435682,1923392.067464765,41.945919491,-87.766904594,"(41.945919490555106, -87.76690459426293)"
CICERO AND ADDISON,1612,3600 N CICERO AVENUE,04/01/2017,4,1143698.904601495,1923517.005821035,41.946163524,-87.747215169,"(41.94616352362556, -87.74721516897007)"
JEFFERY AND 95TH,2523,2000 E 95TH ST,03/03/2017,3,1191188.381103057,1842410.411853539,41.722579473,-87.575292523,"(41.722579473126416, -87.57529252250366)"
SACRAMENTO AND LAKE,1821,150 N SACRAMENTO BOUL,03/03/2017,1,1156319.560664766,1900957.489351962,41.884012178,-87.701436479,"(41.88401217771363, -87.7014364786693)"
HAMLIN AND MADISON,1901,0 N HAMLIN BOULEVARD,04/21/2017,9,,,,,
WENTWORTH AND GARFIELD,2264,200 W GARFIELD BLVD,05/09/2017,7,1175889.574397302,1868551.750512227,41.794670385,-87.630547476,"(41.79467038468937, -87.63054747605638)"
DAMEN AND 63RD,2701,6300 S DAMEN AVENUE,05/09/2017,1,1164069.407943298,1862830.277442834,41.779226921,-87.674052731,"(41.77922692069256, -87.67405273137854)"
ASHLAND AND DIVISION,1791,1200 N ASHLAND AVENUE,04/21/2017,6,1165466.997046718,1908083.767015974,41.903377468,-87.667643142,"(41.903377467566784, -87.66764314227497)"
CORTLAND AND ASHLAND,1723,1600 W CORTLAND ST,03/03/2017,4,1165377.660768235,1912768.773647285,41.916235337,-87.667837772,"(41.91623533746878, -87.66783777212962)"
HALSTED AND FULLERTON,1701,2400 N HALSTED STREET,05/09/2017,1,1170501.602639925,1916200.061550148,41.925540315,-87.648912156,"(41.925540315431995, -87.64891215551155)"
ELSTON AND IRVING PARK,1502,4000 N ELSTON AVENUE,04/01/2017,2,1151273.974828198,1926311.849469842,41.953687266,-87.719297882,"(41.95368726563273, -87.71929788151473)"
COTTAGE GROVE AND 71ST,2572,7100 S COTTAGE GROVE,03/03/2017,4,1182746.23698699,1858088.011064538,41.765800351,-87.605729127,"(41.76580035131893, -87.6057291269901)"
ASHLAND AND LAWRENCE,1142,4800 N ASHLAND AVENUE,05/09/2017,4,1164751.686785145,1932001.206626392,41.96902343,-87.669590434,"(41.969023429614026, -87.66959043354217)"
IRVING PARK AND KEDZIE,1354,3200 W IRVING PARK ROAD,03/03/2017,15,1154325.140302006,1926458.463197156,41.954029047,-87.708077494,"(41.95402904691877, -87.70807749383191)"
KOSTNER AND NORTH,2013,4400 W NORTH,04/01/2017,6,1146738.551618032,1910309.595368032,41.909863573,-87.736380296,"(41.90986357340246, -87.73638029605371)"
CICERO AND I55,2251,4200 S CICERO AVENUE,02/12/2017,97,1145023.742859509,1876358.276835519,41.816729387,-87.743536712,"(41.81672938674739, -87.74353671247594)"
ASHLAND AND FULLERTON,1651,2400 N ASHLAND AVENUE,04/01/2017,1,1165228.073342838,1916032.319169157,41.92519389,-87.668294363,"(41.92519388981048, -87.66829436339881)"
HARLEM AND BELMONT,1391,3200 N HARLEM AVE,05/09/2017,1,1127481.020995451,1920467.613239239,41.938084468,-87.806896749,"(41.93808446822169, -87.80689674887883)"
PULASKI AND LAWRENCE,1173,4000 W LAWRENCE AVENUE,03/03/2017,2,1148844.220085601,1931638.45430438,41.968351285,-87.728091672,"(41.96835128527914, -87.72809167198088)"
55TH and PULASKI,2244,4000 W 55TH ST,05/09/2017,3,1150621.676903861,1867864.274865394,41.793313334,-87.723223038,"(41.79331333358753, -87.72322303812588)"
ROOSEVELT AND PULASKI,2314,4000 W ROOSEVELT ROAD,05/09/2017,4,1149885.032049683,1894449.464076882,41.866281003,-87.72523422,"(41.866281002664536, -87.72523421983905)"
KEDZIE AND 31ST,2132,3100 S KEDZIE AVENUE,04/21/2017,1,1155483.167539854,1883867.660503274,41.837132671,-87.704967115,"(41.837132671422296, -87.70496711478727)"
71ST AND ASHLAND,2394,1600 W 71ST,05/09/2017,4,1166890.012333149,1857674.2502247,41.765018306,-87.66385923,"(41.76501830555763, -87.66385923012646)"
WESTERN AND CERMAK,1003,2400 W CERMAK ROAD,05/09/2017,1,1160678.000607329,1889375.645335924,41.852141307,-87.685752642,"(41.85214130680468, -87.6857526415569)"
CORTLAND AND ASHLAND,1723,1600 W CORTLAND ST,04/01/2017,3,1165377.660768235,1912768.773647285,41.916235337,-87.667837772,"(41.91623533746878, -87.66783777212962)"
75TH AND STATE,2621,7500 S STATE STREET,03/03/2017,15,1177538.763040612,1855235.551345519,41.758092176,-87.624902228,"(41.75809217638291, -87.6249022282473)"
CALIFORNIA AND DIVERSEY,1514,2800 W DIVERSEY,04/01/2017,25,1157212.54253358,1918526.674434943,41.932205395,-87.697679244,"(41.93220539506452, -87.6976792438691)"
31ST ST AND MARTIN LUTHER KING DRIVE,2121,3100 S DR MARTIN L KING,04/21/2017,15,,,,,
CICERO AND ARMITAGE,2003,4800 W ARMITAGE AVENUE,03/03/2017,2,1144054.25126508,1912907.00926109,41.917041992,-87.746176095,"(41.91704199201953, -87.74617609464687)"
111TH AND HALSTED,2422,11100 S HALSTED ST,03/03/2017,7,1172923.657689312,1831209.044179248,41.692263123,-87.642522688,"(41.692263123425136, -87.6425226876268)"
ASHLAND AND 87TH,2454,1600 W 87TH ST,03/03/2017,9,1167171.941297436,1847064.855345151,41.735898617,-87.663128781,"(41.735898617066006, -87.66312878090133)"
35TH AND WESTERN,2092,3500 S WESTERN,04/21/2017,1,1160894.949857101,1881376.851112895,41.830187255,-87.685177925,"(41.83018725526863, -87.68517792510231)"
HARLEM AND BELMONT,1394,7200 W BELMONT AVE,04/21/2017,6,1127504.698153561,1920475.415440844,41.938105479,-87.806809552,"(41.93810547939496, -87.80680955240743)"
PULASKI AND DIVISION,1802,1200 N PULASKI ROAD,04/01/2017,5,1149459.590666926,1907723.219884254,41.902713902,-87.726451457,"(41.902713901936174, -87.72645145715836)"
75TH AND STATE,2624,1 E 75TH STREET,03/03/2017,20,1177601.72646404,1855229.486604181,41.758074111,-87.624671658,"(41.75807411097799, -87.62467165835182)"
WESTERN AND FOSTER,1072,5200 N WESTERN AVE,04/01/2017,2,1159372.922497116,1934478.313674003,41.975933372,-87.689299589,"(41.97593337199358, -87.6892995891816)"
BROADWAY/SHERIDAN AND DEVON,1122,6400 N SHERIDAN ROAD,03/03/2017,20,1167087.151194129,1942658.704988689,41.998217921,-87.660695256,"(41.99821792053241, -87.6606952555721)"
KEDZIE AND 47TH,2104,3200 W 47TH ST,04/21/2017,3,1155815.231505056,1873336.169728074,41.808226246,-87.704031672,"(41.808226246244026, -87.70403167215984)"
STONY ISLAND/CORNELL AND 67TH,2721,6700 S STONY ISLAND A,04/21/2017,11,1187984.143047539,1860863.338367666,41.773292896,-87.586442368,"(41.77329289585066, -87.58644236831432)"
IRVING PARK AND NARRAGANSETT,1024,6400 W IRVING PK,05/09/2017,1,1132945.939118726,1925946.304925137,41.953024751,-87.786683238,"(41.95302475075328, -87.78668323766634)"
ELSTON AND IRVING PARK,1503,3700 W IRVING PARK ROA,05/09/2017,3,,,,,
BELMONT AND KEDZIE,1372,3200 N KEDZIE AVE,03/03/2017,21,1154426.977874407,1921110.466549542,41.93935173,-87.707846594,"(41.93935173030961, -87.70784659359776)"
HAMLIN AND MADISON,1901,0 N HAMLIN BOULEVARD,05/09/2017,6,,,,,
75TH AND STATE,2621,7500 S STATE STREET,02/12/2017,18,1177538.763040612,1855235.551345519,41.758092176,-87.624902228,"(41.75809217638291, -87.6249022282473)"
WESTERN AND DEVON,1211,6400 N WESTERN AVENUE,03/03/2017,4,1159113.585759434,1942451.622367891,41.997817807,-87.690033035,"(41.997817807026, -87.69003303469276)"
CICERO AND PETERSON,1204,4800 W PETERSON AVENUE,04/21/2017,4,1143273.766829016,1939491.944645127,41.990008007,-87.748376951,"(41.99000800729908, -87.74837695118997)"
55TH AND KEDZIE,2163,3200 W 55TH STREET,04/21/2017,1,1155966.956993183,1868015.593764152,41.793622803,-87.703618141,"(41.79362280329978, -87.70361814062049)"
CICERO AND ARMITAGE,2001,2000 N CICERO AVENUE,04/01/2017,2,1144031.525719004,1912881.8300295,41.916973325,-87.746260223,"(41.91697332451097, -87.74626022251057)"
99TH AND HALSTED,2433,800 W 99TH ST,04/01/2017,3,1172710.642565684,1839246.330602143,41.714323337,-87.643066714,"(41.71432333701137, -87.64306671421937)"
LARAMIE AND MADISON,2044,5200 W MADISON STREET,03/03/2017,21,1141706.965522802,1899567.55684314,41.880480752,-87.755130433,"(41.88048075170171, -87.75513043296509)"
LAFAYETTE AND 87TH,2502,8700 S LAFAYETTE AVEN,04/21/2017,21,1177417.493180297,1847243.988223464,41.73616511,-87.625587569,"(41.73616511008592, -87.62558756899932)"
111TH AND HALSTED,2424,800 W 111TH ST,05/09/2017,2,1172945.404219168,1831282.917027882,41.692465363,-87.642440901,"(41.692465363421874, -87.64244090105778)"
PULASKI AND CHICAGO,1983,4000 W CHICAGO AVENUE,03/03/2017,5,1149561.855939692,1905086.596446259,41.895476752,-87.72614436,"(41.89547675163723, -87.72614435991626)"
PULASKI AND CHICAGO,1983,4000 W CHICAGO AVENUE,04/21/2017,3,1149561.855939692,1905086.596446259,41.895476752,-87.72614436,"(41.89547675163723, -87.72614435991626)"
119TH AND HALSTED,2402,11900 S HALSTED,05/09/2017,3,1173094.774616191,1825911.054609338,41.677720829,-87.642051845,"(41.67772082924762, -87.64205184498218)"
HALSTED AND 103RD,2592,10300 S HALSTED STREE,04/21/2017,6,,,,,
AUSTIN AND ADDISON,1491,3600 N AUSTIN AVENUE,04/01/2017,5,1135691.599896458,1923335.967306169,41.945813215,-87.776652162,"(41.9458132146695, -87.77665216156436)"
CICERO AND NORTH,2034,4800 W NORTH AVENUE,04/01/2017,3,1144053.733747163,1910243.80567041,41.90973389,-87.746244973,"(41.909733890131285, -87.74624497295898)"
CALIFORNIA AND DIVERSEY,1514,2800 W DIVERSEY,04/21/2017,15,1157212.54253358,1918526.674434943,41.932205395,-87.697679244,"(41.93220539506452, -87.6976792438691)"
AUSTIN AND ADDISON,1491,3600 N AUSTIN AVENUE,04/21/2017,3,1135691.599896458,1923335.967306169,41.945813215,-87.776652162,"(41.9458132146695, -87.77665216156436)"
HALSTED AND FULLERTON,1704,800 W FULLERTON AVENUE,04/01/2017,6,1170525.624723311,1916208.443992778,41.925562791,-87.648823641,"(41.92556279107417, -87.64882364145232)"
LAFAYETTE AND 87TH,2503,30 W 87TH STREET,04/21/2017,15,1177407.651800237,1847320.772058312,41.736376037,-87.625621311,"(41.736376036604916, -87.62562131092602)"
LAWRENCE AND WESTERN,1193,2400 W LAWRENCE AVENUE,04/01/2017,1,1159482.648570304,1931851.989492596,41.968724349,-87.688968727,"(41.96872434882172, -87.68896872699601)"
CERMAK AND PULASKI,2334,4000 W CERMAK,04/01/2017,5,1150018.476053666,1889120.238540361,41.851654369,-87.724882975,"(41.85165436867626, -87.7248829753078)"
99TH AND HALSTED,2431,9900 S HALSTED ST,04/01/2017,20,1172689.754200318,1839171.652197216,41.714118868,-87.643145408,"(41.714118868089905, -87.64314540818165)"
ELSTON AND IRVING PARK,1503,3700 W IRVING PARK ROA,03/03/2017,6,,,,,
CICERO AND PETERSON,1202,6000 N CICERO AVENUE,04/01/2017,3,1143247.733553094,1939479.342905704,41.989973915,-87.748473024,"(41.98997391514614, -87.74847302426933)"
WESTERN AND FULLERTON,1672,2400 N WESTERN AVENUE,03/03/2017,2,1159923.309342995,1915897.778561358,41.924935944,-87.687790255,"(41.92493594409127, -87.68779025471278)"
PULASKI AND DIVISION,1802,1200 N PULASKI ROAD,04/21/2017,5,1149459.590666926,1907723.219884254,41.902713902,-87.726451457,"(41.902713901936174, -87.72645145715836)"
HALSTED AND FULLERTON,1701,2400 N HALSTED STREET,03/03/2017,3,1170501.602639925,1916200.061550148,41.925540315,-87.648912156,"(41.925540315431995, -87.64891215551155)"
LAWRENCE AND WESTERN,1193,2400 W LAWRENCE AVENUE,03/03/2017,7,1159482.648570304,1931851.989492596,41.968724349,-87.688968727,"(41.96872434882172, -87.68896872699601)"
DAMEN AND DIVERSEY,1464,2000 W DIVERSEY PARKWAY,05/09/2017,7,1162519.714934025,1918635.417634925,41.932394164,-87.678173031,"(41.93239416403691, -87.67817303087757)"
ASHLAND AND LAWRENCE,1142,4800 N ASHLAND AVENUE,04/01/2017,5,1164751.686785145,1932001.206626392,41.96902343,-87.669590434,"(41.969023429614026, -87.66959043354217)"
LAFAYETTE AND 87TH,2503,30 W 87TH STREET,05/09/2017,9,1177407.651800237,1847320.772058312,41.736376037,-87.625621311,"(41.736376036604916, -87.62562131092602)"
CICERO AND I55,2251,4200 S CICERO AVENUE,05/09/2017,68,1145023.742859509,1876358.276835519,41.816729387,-87.743536712,"(41.81672938674739, -87.74353671247594)"
SACRAMENTO AND CHICAGO,1814,3000 W CHICAGO AVENUE,04/21/2017,2,1156075.266375505,1905216.604770718,41.895704525,-87.702218524,"(41.895704524946225, -87.70221852353758)"
MONTROSE AND WESTERN,1221,4400 N WESTERN AVENUE,05/09/2017,1,1159539.733234718,1929183.918095502,41.961401846,-87.688832623,"(41.961401846278505, -87.6888326227788)"
PULASKI AND FOSTER,1102,5200 N PULASKI RD,05/09/2017,4,1148746.251286324,1934286.914361976,41.97562074,-87.728383135,"(41.97562073966174, -87.72838313514907)"
111TH AND HALSTED,2424,800 W 111TH ST,04/01/2017,5,1172945.404219168,1831282.917027882,41.692465363,-87.642440901,"(41.692465363421874, -87.64244090105778)"
BELMONT AND KEDZIE,1373,3200 W BELMONT,05/09/2017,1,1154461.587940363,1921143.091003516,41.939440561,-87.707718516,"(41.93944056117365, -87.70771851630873)"
79TH AND KEDZIE,2443,3200 W 79TH ST,04/21/2017,3,1156402.644780165,1852104.649370984,41.749952001,-87.702448478,"(41.74995200142266, -87.70244847808695)"
HALSTED AND FULLERTON,1704,800 W FULLERTON AVENUE,04/21/2017,5,1170525.624723311,1916208.443992778,41.925562791,-87.648823641,"(41.92556279107417, -87.64882364145232)"
HALSTED AND NORTH,1764,800 W NORTH AVENUE,04/21/2017,1,1170700.68422007,1910913.190749698,41.91102851,-87.648335806,"(41.91102850981186, -87.64833580602037)"
KOSTNER AND NORTH,2013,4400 W NORTH,05/09/2017,4,1146738.551618032,1910309.595368032,41.909863573,-87.736380296,"(41.90986357340246, -87.73638029605371)"
KEDZIE AND 63RD,2361,6300 S KEDZIE AVE,05/09/2017,2,1156097.505177228,1862668.051775093,41.77894575,-87.703283119,"(41.77894575017997, -87.70328311900342)"
CLARK AND IRVING PARK,1093,1300 W IRVING PARK ROAD,05/09/2017,7,1166777.545456989,1926719.73687357,41.954487567,-87.662293496,"(41.95448756687966, -87.66229349585691)"
71ST AND ASHLAND,2394,1600 W 71ST,04/01/2017,2,1166890.012333149,1857674.2502247,41.765018306,-87.66385923,"(41.76501830555763, -87.66385923012646)"
KEDZIE AND 63RD,2364,3200 W 63RD ST,03/03/2017,3,1156103.348831225,1862717.565210739,41.779081505,-87.703260365,"(41.77908150488341, -87.70326036544745)"
55TH AND KEDZIE,2162,5500 S KEDZIE AVENUE,03/03/2017,3,1155945.854705238,1867941.621374192,41.793420237,-87.703697508,"(41.793420236755864, -87.70369750845424)"
TOUHY AND OSCEOLA,1244,7432 W TOUHY AVENUE,04/21/2017,1,1125717.010560011,1947269.685461107,42.011661765,-87.812781431,"(42.01166176507329, -87.81278143114147)"
WESTERN AND NORTH,1851,1600 N WESTERN AVE,04/21/2017,1,1160077.474351131,1910605.013316134,41.910409024,-87.687370268,"(41.91040902362901, -87.687370268401)"
STATE AND 79TH,2651,7900 S STATE STREET,05/09/2017,5,1177618.166929966,1852621.870232838,41.750918138,-87.624690123,"(41.7509181383154, -87.62469012251644)"
PULASKI AND FOSTER,1104,4000 W FOSTER AVE,04/01/2017,3,1148759.16134887,1934294.249006446,41.975640616,-87.728335469,"(41.975640616231914, -87.72833546926573)"
SHERIDAN AND FOSTER,1134,1000 W FOSTER AVE,03/03/2017,3,1168689.247756979,1934758.578141654,41.976505116,-87.655031882,"(41.97650511595711, -87.65503188224778)"
HALSTED AND MADISON,1871,1 S HALSTED STREET,05/09/2017,5,1171092.392868784,1900234.542088741,41.881717056,-87.647210539,"(41.88171705561901, -87.64721053920604)"
CICERO AND PETERSON,1202,6000 N CICERO AVENUE,03/03/2017,9,1143247.733553094,1939479.342905704,41.989973915,-87.748473024,"(41.98997391514614, -87.74847302426933)"
HOLLYWOOD AND SHERIDAN,1344,1000 W HOLLYWOOD AVE,02/12/2017,18,1168580.228926466,1938090.295189338,41.985649799,-87.655335807,"(41.98564979859328, -87.65533580655139)"
CICERO AND HARRISON,2023,4800 W HARRISON STREET,03/03/2017,2,1144451.867388303,1896949.561959463,41.873245464,-87.745117179,"(41.873245464379586, -87.7451171788807)"
LAFAYETTE AND 87TH,2502,8700 S LAFAYETTE AVEN,04/01/2017,27,1177417.493180297,1847243.988223464,41.73616511,-87.625587569,"(41.73616511008592, -87.62558756899932)"
PULASKI AND ARMITAGE,1843,4000 W ARMITAGE AVENUE,03/03/2017,4,1149375.428872108,1913028.984273181,41.917275069,-87.726622746,"(41.91727506940875, -87.72662274644799)"
HALSTED AND 103RD,2592,10300 S HALSTED STREE,05/09/2017,4,,,,,
STONEY ISLAND AND 79TH,2461,7900 S SOUTH CHICAGO AVE,04/21/2017,1,1188274.655498937,1852865.685797892,41.751339705,-87.585632266,"(41.751339704589455, -87.58563226565187)"
WESTERN AND FOSTER,1074,2400 W FOSTER AVE,03/03/2017,3,1159379.402846887,1934502.712486132,41.97600019,-87.689275084,"(41.97600018976586, -87.68927508385399)"
HALSTED AND FULLERTON,1704,800 W FULLERTON AVENUE,05/09/2017,3,1170525.624723311,1916208.443992778,41.925562791,-87.648823641,"(41.92556279107417, -87.64882364145232)"
DAMEN AND 63RD,2702,6300 S DAMEN AVENUE,03/03/2017,5,1164069.407943298,1862830.277442834,41.779226921,-87.674052731,"(41.77922692069256, -87.67405273137854)"
LASALLE AND KINZIE,1921,400 N LASALLE,04/01/2017,6,1175028.579766798,1903002.552291359,41.889225372,-87.632674115,"(41.88922537162015, -87.63267411498495)"
IRVING PARK AND LARAMIE,1533,5200 W IRVING PARK ROA,03/03/2017,7,,,,,
STATE AND 79TH,2654,1 E 79TH STREET,05/09/2017,12,1177680.113652821,1852598.313477786,41.750852096,-87.624463832,"(41.75085209551078, -87.62446383210285)"
ROOSEVELT AND HALSTED,2233,800 W ROOSEVELT ROAD,02/11/2017,6,1171199.282357741,1894968.056393724,41.867263098,-87.646972686,"(41.86726309836901, -87.64697268601648)"
CICERO AND CHICAGO,1781,800 N CICERO AVENUE,04/01/2017,1,1144169.162482127,1904893.189220372,41.895049038,-87.745955516,"(41.89504903796389, -87.74595551626888)"
CICERO AND NORTH,2034,4800 W NORTH AVENUE,05/09/2017,2,1144053.733747163,1910243.80567041,41.90973389,-87.746244973,"(41.909733890131285, -87.74624497295898)"
CICERO AND ADDISON,1611,3600 N CICERO AVENUE,03/03/2017,8,1143698.904601495,1923517.005821035,41.946163524,-87.747215169,"(41.94616352362556, -87.74721516897007)"
STONEY ISLAND AND 76TH,2631,7600 S STONY ISLAND A,04/01/2017,12,1188092.796191935,1854889.354158304,41.756897173,-87.586234285,"(41.75689717260223, -87.58623428506996)"
CICERO AND I55,2252,4200 S CICERO AVENUE,03/03/2017,18,1145023.742859509,1876358.276835519,41.816729387,-87.743536712,"(41.81672938674739, -87.74353671247594)"
PULASKI AND ARMITAGE,1844,4000 W ARMITAGE AVENUE,03/03/2017,1,1149375.428872108,1913028.984273181,41.917275069,-87.726622746,"(41.91727506940875, -87.72662274644799)"
CALIFORNIA AND PETERSON,1313,2800 W PETERSON AVENUE,04/21/2017,2,1156569.515341857,1939784.830544118,41.990552082,-87.699464396,"(41.990552081681564, -87.69946439622785)"
PULASKI AND DIVISION,1802,1200 N PULASKI ROAD,05/09/2017,3,1149459.590666926,1907723.219884254,41.902713902,-87.726451457,"(41.902713901936174, -87.72645145715836)"
CENTRAL AND ADDISON,1683,5600 W ADDISON STREET,03/03/2017,1,1138349.663302502,1923416.02157061,41.945985104,-87.766879952,"(41.94598510430888, -87.76687995165918)"
TOUHY AND OSCEOLA,1244,7432 W TOUHY AVENUE,03/03/2017,2,1125717.010560011,1947269.685461107,42.011661765,-87.812781431,"(42.01166176507329, -87.81278143114147)"
KEDZIE AND ARMITAGE,1832,2000 N KEDZIE AVENUE,05/09/2017,2,1154684.031809326,1913129.496340896,41.917446172,-87.707116072,"(41.91744617191702, -87.70711607187832)"
ELSTON AND IRVING PARK,1503,3700 W IRVING PARK ROA,04/21/2017,3,,,,,
HALSTED AND 95TH,2581,9500 S HALSTED STREET,05/09/2017,5,1172610.538363645,1841811.61926207,41.721365061,-87.643358042,"(41.72136506078306, -87.64335804234075)"
HARLEM AND BELMONT,1391,3200 N HARLEM AVE,03/03/2017,5,1127481.020995451,1920467.613239239,41.938084468,-87.806896749,"(41.93808446822169, -87.80689674887883)"
ASHLAND AND 95TH,2473,1600 W 95TH STREET,03/03/2017,9,1167323.753394196,1841755.029221382,41.721324412,-87.662724153,"(41.721324411975246, -87.66272415265087)"
STONEY ISLAND AND 79TH,2464,1600 E 79TH ST,04/21/2017,2,1188284.704439907,1852964.829047574,41.751611523,-87.585592284,"(41.75161152327319, -87.58559228428787)"
ARCHER AND CICERO,2081,5200 S CICERO AVE,05/09/2017,23,1145195.931989777,1869737.708306623,41.798558278,-87.743071866,"(41.798558278193305, -87.74307186616427)"
HAMLIN AND MADISON,1903,3800 W MADISON STREET,05/09/2017,13,1151032.709141294,1899784.033986533,41.880897273,-87.720881226,"(41.880897273491264, -87.72088122613924)"
IRVING PARK AND CALIFORNIA,1233,2800 W IRVING PARK ROA,05/09/2017,4,,,,,
ASHLAND AND FULLERTON,1652,2400 N ASHLAND AVENUE,05/09/2017,6,1165228.073342838,1916032.319169157,41.92519389,-87.668294363,"(41.92519388981048, -87.66829436339881)"
119TH AND HALSTED,2402,11900 S HALSTED,02/13/2017,5,1173094.774616191,1825911.054609338,41.677720829,-87.642051845,"(41.67772082924762, -87.64205184498218)"
VAN BUREN AND WESTERN,2054,2400 W VAN BUREN STREE,04/01/2017,24,,,,,
KEDZIE AND 63RD,2364,3200 W 63RD ST,05/09/2017,1,1156103.348831225,1862717.565210739,41.779081505,-87.703260365,"(41.77908150488341, -87.70326036544745)"
31ST ST AND MARTIN LUTHER KING DRIVE,2123,400 E 31ST STREET,04/01/2017,7,1179437.985396417,1884565.84226022,41.838534018,-87.617046113,"(41.838534018118914, -87.61704611345726)"
WESTERN AND 63RD,2373,2400 W 63RD ST,04/01/2017,2,1161444.415758584,1862848.534703658,41.779331844,-87.683675761,"(41.77933184429814, -87.68367576084798)"
ASHLAND AND MADISON,1914,1600 W MADISON,05/09/2017,1,1165723.014733182,1900136.515489506,41.881564167,-87.666929463,"(41.8815641670199, -87.66692946294842)"
KEDZIE AND 63RD,2364,3200 W 63RD ST,04/21/2017,1,1156103.348831225,1862717.565210739,41.779081505,-87.703260365,"(41.77908150488341, -87.70326036544745)"
CICERO AND PETERSON,1202,6000 N CICERO AVENUE,05/09/2017,2,1143247.733553094,1939479.342905704,41.989973915,-87.748473024,"(41.98997391514614, -87.74847302426933)"
CENTRAL AND LAKE,1743,5600 W LAKE STREET,04/01/2017,6,1138951.495695032,1902230.510465733,41.887838735,-87.765183663,"(41.887838735330206, -87.76518366338465)"
ASHLAND AND DIVISION,1791,1200 N ASHLAND AVENUE,05/09/2017,5,1165466.997046718,1908083.767015974,41.903377468,-87.667643142,"(41.903377467566784, -87.66764314227497)"
75TH AND STATE,2624,1 E 75TH STREET,05/09/2017,9,1177601.72646404,1855229.486604181,41.758074111,-87.624671658,"(41.75807411097799, -87.62467165835182)"
WESTERN AND CHICAGO,1941,800 N WESTERN AVE,04/01/2017,3,1160220.967978608,1905277.507115921,41.895786955,-87.686990586,"(41.89578695485361, -87.68699058611217)"
ASHLAND AND 87TH,2452,8700 S ASHLAND AVE,04/01/2017,2,1167150.470087748,1846991.212339794,41.735696989,-87.663209544,"(41.73569698863625, -87.66320954445679)"
PULASKI AND LAWRENCE,1172,4800 N PULASKI ROAD,03/03/2017,1,1148821.701520117,1931605.974570937,41.968262595,-87.728175316,"(41.968262595100775, -87.7281753157596)"
119TH AND HALSTED,2402,11900 S HALSTED,04/21/2017,7,1173094.774616191,1825911.054609338,41.677720829,-87.642051845,"(41.67772082924762, -87.64205184498218)"
75TH AND STATE,2624,1 E 75TH STREET,04/21/2017,4,1177601.72646404,1855229.486604181,41.758074111,-87.624671658,"(41.75807411097799, -87.62467165835182)"
75TH AND STATE,2621,7500 S STATE STREET,04/01/2017,12,1177538.763040612,1855235.551345519,41.758092176,-87.624902228,"(41.75809217638291, -87.6249022282473)"
CENTRAL AND DIVERSEY,1642,2800 N CENTRAL AVENUE,04/21/2017,1,1138516.407377375,1918089.499227987,41.931365552,-87.766396529,"(41.93136555236339, -87.76639652879172)"
CANAL AND ROOSEVELT,2294,500 W ROOSEVELT ROAD,04/21/2017,8,1173290.72186561,1895021.166235495,41.867362693,-87.639293195,"(41.867362692616666, -87.63929319464197)"
WESTERN AND NORTH,1851,1600 N WESTERN AVE,04/01/2017,2,1160077.474351131,1910605.013316134,41.910409024,-87.687370268,"(41.91040902362901, -87.687370268401)"
CENTRAL AND IRVING PARK,1182,4000 N CENTRAL AVENUE,05/09/2017,1,1138258.614129764,1926071.172884932,41.953272751,-87.767150151,"(41.95327275103541, -87.76715015131407)"
PULASKI AND LAWRENCE,1173,4000 W LAWRENCE AVENUE,04/21/2017,1,1148844.220085601,1931638.45430438,41.968351285,-87.728091672,"(41.96835128527914, -87.72809167198088)"
119TH AND HALSTED,2404,800 W 119TH STREET,04/21/2017,2,1173111.174088158,1825985.001014405,41.677923389,-87.641989646,"(41.677923389134385, -87.64198964584013)"
4700 WESTERN,2141,4700 S WESTERN AVENUE,05/09/2017,5,1161120.438879703,1873431.066474726,41.808378408,-87.684570717,"(41.808378407946726, -87.68457071689552)"
SACRAMENTO AND LAKE,1821,150 N SACRAMENTO BOUL,05/09/2017,6,1156319.560664766,1900957.489351962,41.884012178,-87.701436479,"(41.88401217771363, -87.7014364786693)"
HAMLIN AND LAKE,1882,300 N HAMLIN AVENUE,04/01/2017,3,1150970.026856642,1901381.688308858,41.885282636,-87.721069539,"(41.88528263580913, -87.72106953854511)"
STONEY ISLAND AND 76TH,2632,7600 S STONY ISLAND A,02/03/2017,12,1188092.796191935,1854889.354158304,41.756897173,-87.586234285,"(41.75689717260223, -87.58623428506996)"
PULASKI AND ARMITAGE,1844,4000 W ARMITAGE AVENUE,05/09/2017,2,1149375.428872108,1913028.984273181,41.917275069,-87.726622746,"(41.91727506940875, -87.72662274644799)"
ARCHER AND CICERO,2081,5200 S CICERO AVE,03/03/2017,37,1145195.931989777,1869737.708306623,41.798558278,-87.743071866,"(41.798558278193305, -87.74307186616427)"
AUSTIN AND IRVING PARK,1161,4000 N AUSTIN AVENUE,04/01/2017,2,1135599.956110927,1926006.862619986,41.953144059,-87.776925284,"(41.95314405904539, -87.77692528423394)"
KEDZIE AND 26TH,2382,2600 S KEDZIE AVENUE,05/09/2017,2,1155404.235510285,1886524.460033054,41.844424831,-87.705185452,"(41.84442483084393, -87.70518545233183)"
DIVERSEY AND AUSTIN,1454,6000 W DIVERSEY AVENUE,04/21/2017,1,1135895.736169343,1918029.70673837,41.931248624,-87.776028612,"(41.931248623643455, -87.77602861172493)"
PULASKI AND 63RD,2342,6300 S PULASKI RD,05/09/2017,4,1150746.00309079,1862516.747695325,41.778636469,-87.722906356,"(41.77863646878099, -87.72290635568541)"
LAFAYETTE AND 87TH,2502,8700 S LAFAYETTE AVEN,03/03/2017,21,1177417.493180297,1847243.988223464,41.73616511,-87.625587569,"(41.73616511008592, -87.62558756899932)"
55TH and PULASKI,2242,5500 S PULASKI,04/21/2017,4,1150600.072649439,1867806.44512718,41.793155061,-87.723303765,"(41.793155060731024, -87.72330376464247)"
STONEY ISLAND AND 76TH,2632,7600 S STONY ISLAND A,04/01/2017,19,1188092.796191935,1854889.354158304,41.756897173,-87.586234285,"(41.75689717260223, -87.58623428506996)"
JEFFERY AND 95TH,2522,9500 S JEFFERY AVE,05/09/2017,2,1191132.420601301,1842335.735988875,41.722375907,-87.575499903,"(41.72237590704101, -87.57549990332795)"
LASALLE AND KINZIE,1921,400 N LASALLE,04/21/2017,7,1175028.579766798,1903002.552291359,41.889225372,-87.632674115,"(41.88922537162015, -87.63267411498495)"
LASALLE AND KINZIE,1923,140 W KINZIE,03/03/2017,2,1175048.09765242,1903028.894760294,41.889297219,-87.632601648,"(41.88929721947309, -87.63260164817305)"
CENTRAL AND BELMONT,1604,5600 W BELMONT AVENUE,03/03/2017,1,1138453.617438343,1920755.972768412,41.938683775,-87.766562494,"(41.93868377475747, -87.76656249384537)"
CERMAK AND PULASKI,2332,2200 S PULASKI,03/30/2017,2,1150012.876838243,1889071.75851865,41.851521442,-87.724904787,"(41.85152144233116, -87.7249047867499)"
IRVING PARK AND NARRAGANSETT,1023,6400 W IRVING PK,05/09/2017,2,1132945.939118726,1925946.304925137,41.953024751,-87.786683238,"(41.95302475075328, -87.78668323766634)"
CENTRAL AND LAKE,1742,400 N CENTRAL AVENUE,03/03/2017,10,1138928.478257537,1902217.926149854,41.887804621,-87.765268498,"(41.88780462053497, -87.76526849810371)"
115TH AND HALSTED,2553,800 W 115TH STREET,04/01/2017,2,1173010.735357888,1828632.242070332,41.685190056,-87.642279564,"(41.68519005571938, -87.64227956401977)"
KOSTNER AND NORTH,2011,1600 N KOSTNER,04/01/2017,1,1146732.108679105,1910282.120990798,41.909788304,-87.736404667,"(41.90978830394343, -87.73640466739216)"
111TH AND HALSTED,2424,800 W 111TH ST,04/21/2017,1,1172945.404219168,1831282.917027882,41.692465363,-87.642440901,"(41.692465363421874, -87.64244090105778)"
HOLLYWOOD AND SHERIDAN,1344,1000 W HOLLYWOOD AVE,05/09/2017,9,1168580.228926466,1938090.295189338,41.985649799,-87.655335807,"(41.98564979859328, -87.65533580655139)"
CLARK AND FULLERTON,1632,2400 N CLARK ST,04/21/2017,1,1172749.562209477,1916238.997132859,41.925597623,-87.640650973,"(41.925597623023144, -87.64065097309872)"
COTTAGE GROVE AND 71ST,2571,7100 S COTTAGE GROVE,03/03/2017,1,1182746.23698699,1858088.011064538,41.765800351,-87.605729127,"(41.76580035131893, -87.6057291269901)"
55TH and PULASKI,2242,5500 S PULASKI,03/03/2017,4,1150600.072649439,1867806.44512718,41.793155061,-87.723303765,"(41.793155060731024, -87.72330376464247)"
CICERO AND CHICAGO,1781,800 N CICERO AVENUE,03/03/2017,3,1144169.162482127,1904893.189220372,41.895049038,-87.745955516,"(41.89504903796389, -87.74595551626888)"
MADISON AND WESTERN,1931,1 S WESTERN AVE,04/01/2017,2,1160453.827721979,1899933.703473746,41.881118279,-87.686283339,"(41.881118278833966, -87.686283338873)"
HALSTED AND MADISON,1872,1 N HALSTED STREET,03/03/2017,6,1171090.967986833,1900270.454015136,41.881815632,-87.647214717,"(41.88181563164203, -87.64721471704077)"
CLARK AND FULLERTON,1631,2400 N CLARK ST,03/03/2017,7,1172749.562209477,1916238.997132859,41.925597623,-87.640650973,"(41.925597623023144, -87.64065097309872)"
35TH AND WESTERN,2092,3500 S WESTERN,03/03/2017,3,1160894.949857101,1881376.851112895,41.830187255,-87.685177925,"(41.83018725526863, -87.68517792510231)"
CERMAK AND PULASKI,2332,2200 S PULASKI,05/09/2017,10,1150012.876838243,1889071.75851865,41.851521442,-87.724904787,"(41.85152144233116, -87.7249047867499)"
IRVING PARK AND KILPATRICK,2763,4700 W IRVING PARK ROA,03/03/2017,5,,,,,
PULASKI AND NORTH,1994,4000 W NORTH AVENUE,03/03/2017,5,1149456.2688422,1910376.774019002,41.909995582,-87.726394693,"(41.90999558160536, -87.72639469321471)"
CICERO AND ARMITAGE,2001,2000 N CICERO AVENUE,05/09/2017,1,1144031.525719004,1912881.8300295,41.916973325,-87.746260223,"(41.91697332451097, -87.74626022251057)"
CENTRAL AND CHICAGO,1972,800 N CENTRAL AVENUE,04/01/2017,4,1138836.562608552,1904801.732832435,41.894896579,-87.765543258,"(41.89489657939746, -87.76554325845893)"
CICERO AND FULLERTON,1472,2400 N CICERO AVE,05/09/2017,1,1143961.592189569,1915545.343094087,41.92428359,-87.74645019,"(41.92428358982701, -87.74645019028947)"
WESTERN AND CERMAK,1002,2200 S WESTERN AVENUE,05/09/2017,10,1160669.42562757,1889318.196820393,41.85198384,-87.685785704,"(41.85198383957328, -87.68578570420526)"
TOUHY AND OSCEOLA,1243,7432 W TOUHY AVENUE,04/21/2017,1,1125717.010560011,1947269.685461107,42.011661765,-87.812781431,"(42.01166176507329, -87.81278143114147)"
HOMAN/KIMBALL AND NORTH,1771,1600 N HOMAN AVENUE,03/03/2017,5,,,,,
CICERO AND FULLERTON,1472,2400 N CICERO AVE,04/01/2017,2,1143961.592189569,1915545.343094087,41.92428359,-87.74645019,"(41.92428358982701, -87.74645019028947)"
WESTERN AND MARQUETTE,2672,6700 S WESTERN AVENUE,04/01/2017,3,1161488.747635042,1860134.788366884,41.771884028,-87.683588402,"(41.77188402771193, -87.68358840206334)"
ROOSEVELT AND PULASKI,2311,1200 S PULASKI ROAD,04/01/2017,5,1149866.002247864,1894375.839200384,41.866079337,-87.725305995,"(41.86607933722178, -87.7253059948758)"
LAKE SHORE DR AND BELMONT,1412,3200 N LAKESHORE DRIV,04/01/2017,6,1173053.220555078,1921821.380831705,41.940909163,-87.63936916,"(41.94090916326764, -87.63936915995522)"
DIVISION AND DAMEN,1734,2000 W DIVISION,04/21/2017,10,1162815.710860194,1908034.672555531,41.903298793,-87.677383247,"(41.903298792681944, -87.67738324739636)"
CLARK AND IRVING PARK,1091,4000 N CLARK STREET,05/09/2017,2,1166736.149822904,1926699.323624709,41.954432441,-87.662446259,"(41.95443244141688, -87.66244625914061)"
WESTERN AND CERMAK,1002,2200 S WESTERN AVENUE,03/03/2017,4,1160669.42562757,1889318.196820393,41.85198384,-87.685785704,"(41.85198383957328, -87.68578570420526)"
79TH AND HALSTED,2541,7900 S HALSTED STREET,04/01/2017,5,1172298.707400847,1852444.344822186,41.750549559,-87.644188368,"(41.750549559438944, -87.64418836784098)"
IRVING PARK AND NARRAGANSETT,1024,6400 W IRVING PK,03/03/2017,1,1132945.939118726,1925946.304925137,41.953024751,-87.786683238,"(41.95302475075328, -87.78668323766634)"
79TH AND KEDZIE,2443,3200 W 79TH ST,05/09/2017,7,1156402.644780165,1852104.649370984,41.749952001,-87.702448478,"(41.74995200142266, -87.70244847808695)"
ROOSEVELT AND PULASKI,2314,4000 W ROOSEVELT ROAD,03/03/2017,3,1149885.032049683,1894449.464076882,41.866281003,-87.72523422,"(41.866281002664536, -87.72523421983905)"
WENTWORTH AND GARFIELD,2264,200 W GARFIELD BLVD,04/21/2017,4,1175889.574397302,1868551.750512227,41.794670385,-87.630547476,"(41.79467038468937, -87.63054747605638)"
PULASKI AND FOSTER,1102,5200 N PULASKI RD,04/21/2017,2,1148746.251286324,1934286.914361976,41.97562074,-87.728383135,"(41.97562073966174, -87.72838313514907)"
CENTRAL AND LAKE,1742,400 N CENTRAL AVENUE,04/01/2017,7,1138928.478257537,1902217.926149854,41.887804621,-87.765268498,"(41.88780462053497, -87.76526849810371)"
31ST ST AND MARTIN LUTHER KING DRIVE,2123,400 E 31ST STREET,04/21/2017,6,1179437.985396417,1884565.84226022,41.838534018,-87.617046113,"(41.838534018118914, -87.61704611345726)"
31ST ST AND MARTIN LUTHER KING DRIVE,2121,3100 S DR MARTIN L KING,04/01/2017,4,,,,,
ASHLAND AND 87TH,2452,8700 S ASHLAND AVE,03/03/2017,4,1167150.470087748,1846991.212339794,41.735696989,-87.663209544,"(41.73569698863625, -87.66320954445679)"
CERMAK AND PULASKI,2332,2200 S PULASKI,03/29/2017,2,1150012.876838243,1889071.75851865,41.851521442,-87.724904787,"(41.85152144233116, -87.7249047867499)"
LARAMIE AND MADISON,2043,5200 W MADISON STREET,05/09/2017,4,1141706.965522802,1899567.55684314,41.880480752,-87.755130433,"(41.88048075170171, -87.75513043296509)"
35TH AND WESTERN,2092,3500 S WESTERN,05/09/2017,2,1160894.949857101,1881376.851112895,41.830187255,-87.685177925,"(41.83018725526863, -87.68517792510231)"
IRVING PARK AND NARRAGANSETT,1023,6400 W IRVING PK,04/01/2017,4,1132945.939118726,1925946.304925137,41.953024751,-87.786683238,"(41.95302475075328, -87.78668323766634)"
PULASKI AND 63RD,2342,6300 S PULASKI RD,04/21/2017,2,1150746.00309079,1862516.747695325,41.778636469,-87.722906356,"(41.77863646878099, -87.72290635568541)"
63RD AND STATE,2712,6300 S STATE ST,05/09/2017,1,1177303.801895084,1863220.216755923,41.780008277,-87.625522512,"(41.78000827740796, -87.6255225119157)"
CALIFORNIA AND DIVERSEY,1514,2800 W DIVERSEY,03/03/2017,32,1157212.54253358,1918526.674434943,41.932205395,-87.697679244,"(41.93220539506452, -87.6976792438691)"
4700 WESTERN,2142,4700 S WESTERN AVENUE,04/21/2017,2,1161120.438879703,1873431.066474726,41.808378408,-87.684570717,"(41.808378407946726, -87.68457071689552)"
HALSTED AND FULLERTON,1704,800 W FULLERTON AVENUE,03/03/2017,10,1170525.624723311,1916208.443992778,41.925562791,-87.648823641,"(41.92556279107417, -87.64882364145232)"
PERSHING AND WESTERN,2114,2400 W PERSHING ROAD,04/01/2017,7,1160957.773623189,1878793.434193427,41.82309676,-87.685018951,"(41.82309676016606, -87.68501895061576)"
LAFAYETTE AND 87TH,2503,30 W 87TH STREET,03/03/2017,17,1177407.651800237,1847320.772058312,41.736376037,-87.625621311,"(41.736376036604916, -87.62562131092602)"
HALSTED AND DIVISION,1714,800 W DIVISION,05/09/2017,5,1170767.827960358,1908259.644151662,41.903745557,-87.648167011,"(41.90374555734733, -87.64816701062779)"
KIMBALL AND DIVERSEY,1581,2800 N KIMBALL AVENUE,05/09/2017,2,,,,,
CALIFORNIA AND DEVON,1323,2800 W DEVON AVENUE,05/09/2017,4,1156484.528078038,1942377.980662191,41.997669523,-87.699706423,"(41.99766952286052, -87.69970642324591)"
COTTAGE GROVE AND 71ST,2572,7100 S COTTAGE GROVE,04/21/2017,5,1182746.23698699,1858088.011064538,41.765800351,-87.605729127,"(41.76580035131893, -87.6057291269901)"
CENTRAL AND BELMONT,1602,3200 N CENTRAL AVENUE,04/21/2017,5,1138430.432324593,1920731.654410336,41.938617463,-87.766648297,"(41.938617463272884, -87.76664829683827)"
IRVING PARK AND CALIFORNIA,1234,2800 W IRVING PARK ROA,03/03/2017,10,,,,,
PULASKI AND IRVING PARK,1574,4000 W IRVING PARK RD,04/21/2017,4,1148988.727877253,1926320.954938409,41.953756874,-87.727698513,"(41.95375687447515, -87.72769851312907)"
FOSTER AND BROADWAY,1113,1200 W FOSTER AVE,04/01/2017,4,1167357.095930752,1934721.393266777,41.97643192,-87.659931806,"(41.97643192018459, -87.65993180604016)"
111TH AND HALSTED,2422,11100 S HALSTED ST,04/21/2017,11,1172923.657689312,1831209.044179248,41.692263123,-87.642522688,"(41.692263123425136, -87.6425226876268)"
KEDZIE AND 26TH,2381,2600 S KEDZIE AVENUE,05/09/2017,2,1155404.235510285,1886524.460033054,41.844424831,-87.705185452,"(41.84442483084393, -87.70518545233183)"
STATE AND 79TH,2654,1 E 79TH STREET,04/01/2017,56,1177680.113652821,1852598.313477786,41.750852096,-87.624463832,"(41.75085209551078, -87.62446383210285)"
BELMONT AND KEDZIE,1372,3200 N KEDZIE AVE,04/21/2017,13,1154426.977874407,1921110.466549542,41.93935173,-87.707846594,"(41.93935173030961, -87.70784659359776)"
SHERIDAN AND FOSTER,1132,5200 N SHERIDAN ROAD,05/09/2017,2,1168661.623718229,1934753.842272756,41.976492721,-87.655133605,"(41.97649272077833, -87.65513360456677)"
BROADWAY/SHERIDAN AND DEVON,1123,1200 W DEVON AVE,04/01/2017,1,1167109.644248166,1942688.147952186,41.998298228,-87.660611661,"(41.99829822771884, -87.66061166063517)"
KIMBALL AND DIVERSEY,1583,3400 W DIVERSEY AVENUE,05/09/2017,5,1153211.149172713,1918454.477800566,41.932087747,-87.71238583,"(41.932087747378944, -87.71238582951281)"
WENTWORTH AND GARFIELD,2264,200 W GARFIELD BLVD,02/06/2017,5,1175889.574397302,1868551.750512227,41.794670385,-87.630547476,"(41.79467038468937, -87.63054747605638)"
99TH AND HALSTED,2431,9900 S HALSTED ST,04/21/2017,19,1172689.754200318,1839171.652197216,41.714118868,-87.643145408,"(41.714118868089905, -87.64314540818165)"
IRVING PARK AND KILPATRICK,2764,4700 W IRVING PARK ROA,04/21/2017,3,,,,,
WESTERN AND CHICAGO,1941,800 N WESTERN AVE,03/03/2017,6,1160220.967978608,1905277.507115921,41.895786955,-87.686990586,"(41.89578695485361, -87.68699058611217)"
COLUMBUS AND ILLINOIS,1952,500 N COLUMBUS DRIVE,03/03/2017,4,1178372.808407292,1903693.06016042,41.891044569,-87.620371839,"(41.891044569124276, -87.620371839074)"
PULASKI AND 63RD,2342,6300 S PULASKI RD,04/01/2017,1,1150746.00309079,1862516.747695325,41.778636469,-87.722906356,"(41.77863646878099, -87.72290635568541)"
LAKE SHORE DR AND BELMONT,1413,400 W BELMONT AVE,04/01/2017,56,1172981.744869382,1921577.376128802,41.940241193,-87.639639114,"(41.94024119325571, -87.63963911427594)"
HALSTED AND MADISON,1872,1 N HALSTED STREET,04/21/2017,4,1171090.967986833,1900270.454015136,41.881815632,-87.647214717,"(41.88181563164203, -87.64721471704077)"
COLUMBUS AND ILLINOIS,1951,500 N COLUMBUS DRIVE,04/21/2017,7,1178372.808407292,1903693.06016042,41.891044569,-87.620371839,"(41.891044569124276, -87.620371839074)"
WESTERN AND 79TH,2484,2400 W 79TH ST,03/03/2017,1,1161758.68085177,1852242.255513454,41.750220168,-87.682817693,"(41.75022016799851, -87.68281769253687)"
DAMEN AND DIVERSEY,1462,2800 N DAMEN AVENUE,04/21/2017,9,1162490.04851994,1918611.623717091,41.932329494,-87.678282719,"(41.9323294940985, -87.67828271931386)"
IRVING PARK AND KEDZIE,1353,3200 W IRVING PARK ROAD,04/01/2017,3,1154325.140302006,1926458.463197156,41.954029047,-87.708077494,"(41.95402904691877, -87.70807749383191)"
STATE AND 79TH,2651,7900 S STATE STREET,04/01/2017,8,1177618.166929966,1852621.870232838,41.750918138,-87.624690123,"(41.7509181383154, -87.62469012251644)"
CICERO AND I55,2251,4200 S CICERO AVENUE,04/21/2017,80,1145023.742859509,1876358.276835519,41.816729387,-87.743536712,"(41.81672938674739, -87.74353671247594)"
PERSHING AND WESTERN,2112,3900 S WESTERN BLVD,04/01/2017,6,1161130.992078755,1878746.226354636,41.822963628,-87.684384785,"(41.82296362788048, -87.68438478541296)"
87TH AND VINCENNES,2412,8700 S VINCENNES,05/09/2017,8,1172026.328989535,1847142.496643776,41.736006565,-87.645341819,"(41.73600656458518, -87.64534181897955)"
ASHLAND AND FULLERTON,1652,2400 N ASHLAND AVENUE,03/03/2017,9,1165228.073342838,1916032.319169157,41.92519389,-87.668294363,"(41.92519388981048, -87.66829436339881)"
HALSTED AND 103RD,2593,800 W 103RD STREET,05/09/2017,1,1172778.570616036,1836587.755252818,41.70702632,-87.642896007,"(41.707026319812215, -87.64289600741817)"
WESTERN AND CERMAK,1002,2200 S WESTERN AVENUE,04/01/2017,3,1160669.42562757,1889318.196820393,41.85198384,-87.685785704,"(41.85198383957328, -87.68578570420526)"
DIVERSEY AND AUSTIN,1453,6000 W DIVERSEY AVENUE,04/01/2017,2,1135895.736169343,1918029.70673837,41.931248624,-87.776028612,"(41.931248623643455, -87.77602861172493)"
ASHLAND AND 95TH,2472,9500 S ASHLAND AVENUE,04/21/2017,7,1167295.830128711,1841695.121217916,41.721160612,-87.662828139,"(41.72116061205213, -87.66282813939165)"
ELSTON AND ADDISON,1403,3216 W ADDISON ST,04/21/2017,10,1154199.729816868,1923799.345386665,41.946734755,-87.708609774,"(41.946734754927796, -87.7086097735515)"
ELSTON AND ADDISON,1403,3216 W ADDISON ST,04/01/2017,2,1154199.729816868,1923799.345386665,41.946734755,-87.708609774,"(41.946734754927796, -87.7086097735515)"
HALSTED AND NORTH,1761,1600 N HALSTED STREET,04/21/2017,2,1170678.283433825,1910880.991397547,41.910940644,-87.648419043,"(41.91094064391597, -87.64841904272998)"
KIMBALL AND DIVERSEY,1583,3400 W DIVERSEY AVENUE,04/01/2017,3,1153211.149172713,1918454.477800566,41.932087747,-87.71238583,"(41.932087747378944, -87.71238582951281)"
ARCHER AND CICERO,2081,5200 S CICERO AVE,02/09/2017,18,1145195.931989777,1869737.708306623,41.798558278,-87.743071866,"(41.798558278193305, -87.74307186616427)"
CICERO AND HARRISON,2022,600 S CICERO AVENUE,04/01/2017,6,1144444.97442848,1896894.622216872,41.873094833,-87.745143869,"(41.873094832519136, -87.74514386884542)"
STONY ISLAND/CORNELL AND 67TH,2721,6700 S STONY ISLAND A,05/09/2017,7,1187984.143047539,1860863.338367666,41.773292896,-87.586442368,"(41.77329289585066, -87.58644236831432)"
ASHLAND AND 95TH,2472,9500 S ASHLAND AVENUE,05/09/2017,7,1167295.830128711,1841695.121217916,41.721160612,-87.662828139,"(41.72116061205213, -87.66282813939165)"
PULASKI AND NORTH,1994,4000 W NORTH AVENUE,04/21/2017,1,1149456.2688422,1910376.774019002,41.909995582,-87.726394693,"(41.90999558160536, -87.72639469321471)"
WESTERN AND CHICAGO,1943,2400 W CHICAGO AVE,04/21/2017,3,1160226.686812944,1905300.904544474,41.895851041,-87.686968935,"(41.895851041123755, -87.68696893468467)"
ADDISON AND HARLEM,1591,3600 N HARLEM AVENUE,05/09/2017,3,1127394.594070737,1923110.532422811,41.945338412,-87.807154769,"(41.94533841246591, -87.80715476912044)"
PULASKI AND ARMITAGE,1843,4000 W ARMITAGE AVENUE,05/09/2017,1,1149375.428872108,1913028.984273181,41.917275069,-87.726622746,"(41.91727506940875, -87.72662274644799)"
CLARK AND FULLERTON,1631,2400 N CLARK ST,05/09/2017,1,1172749.562209477,1916238.997132859,41.925597623,-87.640650973,"(41.925597623023144, -87.64065097309872)"
79TH AND HALSTED,2541,7900 S HALSTED STREET,03/03/2017,4,1172298.707400847,1852444.344822186,41.750549559,-87.644188368,"(41.750549559438944, -87.64418836784098)"
CENTRAL AND IRVING PARK,1182,4000 N CENTRAL AVENUE,04/01/2017,1,1138258.614129764,1926071.172884932,41.953272751,-87.767150151,"(41.95327275103541, -87.76715015131407)"
CALIFORNIA AND DEVON,1323,2800 W DEVON AVENUE,04/01/2017,1,1156484.528078038,1942377.980662191,41.997669523,-87.699706423,"(41.99766952286052, -87.69970642324591)"
PULASKI AND IRVING PARK,1572,4000 N PULASKI ROAD,04/21/2017,2,1148970.255325552,1926313.600468643,41.953737051,-87.727766612,"(41.95373705144353, -87.72776661179896)"
WENTWORTH AND GARFIELD,2261,5500 S WENTWORTH AVEN,05/09/2017,16,,,,,
CENTRAL AND LAKE,1743,5600 W LAKE STREET,03/03/2017,5,1138951.495695032,1902230.510465733,41.887838735,-87.765183663,"(41.887838735330206, -87.76518366338465)"
PULASKI AND IRVING PARK,1574,4000 W IRVING PARK RD,05/09/2017,2,1148988.727877253,1926320.954938409,41.953756874,-87.727698513,"(41.95375687447515, -87.72769851312907)"
JEFFERY AND 95TH,2522,9500 S JEFFERY AVE,03/03/2017,1,1191132.420601301,1842335.735988875,41.722375907,-87.575499903,"(41.72237590704101, -87.57549990332795)"
WESTERN AND CHICAGO,1943,2400 W CHICAGO AVE,05/09/2017,4,1160226.686812944,1905300.904544474,41.895851041,-87.686968935,"(41.895851041123755, -87.68696893468467)"
PULASKI AND DIVISION,1801,1200 N PULASKI ROAD,05/09/2017,2,1149459.590666926,1907723.219884254,41.902713902,-87.726451457,"(41.902713901936174, -87.72645145715836)"
ASHLAND AND MADISON,1911,0 N ASHLAND AVE,04/21/2017,19,,,,,
ASHLAND AND IRVING PARK,1153,1600 W IRVING PARK ROA,05/09/2017,1,,,,,
CICERO AND DIVERSEY,1694,4800 W DIVERSEY AVENUE,03/03/2017,2,1143869.848167704,1918226.043989398,41.93164142,-87.746719911,"(41.93164142040689, -87.7467199106462)"
ROOSEVELT AND PULASKI,2314,4000 W ROOSEVELT ROAD,04/01/2017,4,1149885.032049683,1894449.464076882,41.866281003,-87.72523422,"(41.866281002664536, -87.72523421983905)"
CICERO AND I55,2252,4200 S CICERO AVENUE,04/01/2017,12,1145023.742859509,1876358.276835519,41.816729387,-87.743536712,"(41.81672938674739, -87.74353671247594)"
ASHLAND AND MADISON,1914,1600 W MADISON,04/21/2017,4,1165723.014733182,1900136.515489506,41.881564167,-87.666929463,"(41.8815641670199, -87.66692946294842)"
DIVISION AND DAMEN,1733,2000 W DIVISION,04/01/2017,3,1162815.710860194,1908034.672555531,41.903298793,-87.677383247,"(41.903298792681944, -87.67738324739636)"
MONTROSE AND WESTERN,1221,4400 N WESTERN AVENUE,03/03/2017,2,1159539.733234718,1929183.918095502,41.961401846,-87.688832623,"(41.961401846278505, -87.6888326227788)"
63RD AND STATE,2712,6300 S STATE ST,03/03/2017,8,1177303.801895084,1863220.216755923,41.780008277,-87.625522512,"(41.78000827740796, -87.6255225119157)"
KEDZIE AND ARMITAGE,1834,3200 W ARMITAGE AVENUE,04/21/2017,1,1154700.851347995,1913153.252187904,41.917511023,-87.707053639,"(41.91751102291878, -87.7070536388797)"
LAKE SHORE DR AND BELMONT,1412,3200 N LAKESHORE DRIV,04/21/2017,4,1173053.220555078,1921821.380831705,41.940909163,-87.63936916,"(41.94090916326764, -87.63936915995522)"
CENTRAL AND CHICAGO,1973,5600 W CHICAGO AVENUE,05/09/2017,3,1138858.856732452,1904825.827586656,41.894962293,-87.765460791,"(41.89496229349977, -87.76546079122906)"
63RD AND STATE,2714,1 E 63RD ST,05/09/2017,2,1177367.518733101,1863199.17768559,41.779949105,-87.625289553,"(41.779949104569106, -87.62528955333775)"
CICERO AND PETERSON,1204,4800 W PETERSON AVENUE,04/01/2017,3,1143273.766829016,1939491.944645127,41.990008007,-87.748376951,"(41.99000800729908, -87.74837695118997)"
ASHLAND AND 87TH,2454,1600 W 87TH ST,04/21/2017,5,1167171.941297436,1847064.855345151,41.735898617,-87.663128781,"(41.735898617066006, -87.66312878090133)"
IRVING PARK AND NARRAGANSETT,1023,6400 W IRVING PK,03/03/2017,4,1132945.939118726,1925946.304925137,41.953024751,-87.786683238,"(41.95302475075328, -87.78668323766634)"
115TH AND HALSTED,2552,11500 S HALSTED STREE,04/21/2017,7,,,,,
PULASKI AND PETERSON,1263,4000 W PETERSON AVENUE,04/01/2017,9,1148618.560490339,1939615.133928395,41.990244186,-87.728714391,"(41.99024418564742, -87.7287143910091)"
115TH AND HALSTED,2552,11500 S HALSTED STREE,03/03/2017,9,,,,,
HOMAN/KIMBALL AND NORTH,1771,1600 N HOMAN AVENUE,05/09/2017,1,,,,,
LAFAYETTE AND 87TH,2503,30 W 87TH STREET,04/09/2017,18,1177407.651800237,1847320.772058312,41.736376037,-87.625621311,"(41.736376036604916, -87.62562131092602)"
CICERO AND WASHINGTON,1892,100 N CICERO AVENUE,03/03/2017,6,1144328.984091479,1900095.170838459,41.88187971,-87.745489247,"(41.88187970991601, -87.7454892473012)"
FULLERTON AND NARRAGANSETT,1553,6400 W FULLERTON AVENU,05/09/2017,1,1133317.594499059,1915293.661305931,41.923786189,-87.785567206,"(41.92378618871128, -87.78556720562165)"
CALIFORNIA AND DIVERSEY,1513,2800 W DIVERSEY,04/01/2017,5,1157212.54253358,1918526.674434943,41.932205395,-87.697679244,"(41.93220539506452, -87.6976792438691)"
CORTLAND AND ASHLAND,1721,1900 N ASHLAND AVE,04/21/2017,13,1165348.084854857,1912736.454335569,41.916147281,-87.667947354,"(41.91614728095272, -87.66794735350443)"
KEDZIE AND 63RD,2364,3200 W 63RD ST,04/01/2017,5,1156103.348831225,1862717.565210739,41.779081505,-87.703260365,"(41.77908150488341, -87.70326036544745)"
CICERO AND ADDISON,1612,3600 N CICERO AVENUE,04/21/2017,4,1143698.904601495,1923517.005821035,41.946163524,-87.747215169,"(41.94616352362556, -87.74721516897007)"
IRVING PARK AND LARAMIE,1534,5200 W IRVING PARK ROA,04/01/2017,1,,,,,
CENTRAL AND ADDISON,1683,5600 W ADDISON STREET,04/01/2017,4,1138349.663302502,1923416.02157061,41.945985104,-87.766879952,"(41.94598510430888, -87.76687995165918)"
119TH AND HALSTED,2402,11900 S HALSTED,04/01/2017,6,1173094.774616191,1825911.054609338,41.677720829,-87.642051845,"(41.67772082924762, -87.64205184498218)"
CERMAK AND PULASKI,2332,2200 S PULASKI,03/31/2017,3,1150012.876838243,1889071.75851865,41.851521442,-87.724904787,"(41.85152144233116, -87.7249047867499)"
DAMEN AND DIVERSEY,1464,2000 W DIVERSEY PARKWAY,03/03/2017,13,1162519.714934025,1918635.417634925,41.932394164,-87.678173031,"(41.93239416403691, -87.67817303087757)"
ROOSEVELT AND HALSTED,2233,800 W ROOSEVELT ROAD,05/09/2017,5,1171199.282357741,1894968.056393724,41.867263098,-87.646972686,"(41.86726309836901, -87.64697268601648)"
55TH AND WESTERN,2213,2400 W 55TH STREET,03/03/2017,12,1161277.012730599,1868185.749490228,41.793981347,-87.684141741,"(41.7939813465735, -87.68414174128355)"
PETERSON AND WESTERN,1014,2400 W PETERSON,04/21/2017,8,1159214.211316277,1939825.301874586,41.99060901,-87.689735481,"(41.990609009807294, -87.68973548092968)"
ASHLAND AND FULLERTON,1652,2400 N ASHLAND AVENUE,04/01/2017,8,1165228.073342838,1916032.319169157,41.92519389,-87.668294363,"(41.92519388981048, -87.66829436339881)"
ELSTON AND LAWRENCE,1284,4440 W LAWRENCE AVENUE,03/03/2017,7,1145715.061027481,1931571.0474838,41.968226398,-87.739599251,"(41.96822639754791, -87.73959925065756)"
ASHLAND AND FULLERTON,1651,2400 N ASHLAND AVENUE,05/09/2017,4,1165228.073342838,1916032.319169157,41.92519389,-87.668294363,"(41.92519388981048, -87.66829436339881)"
BELMONT AND KEDZIE,1371,3200 N KEDZIE AVENUE,04/01/2017,2,1154426.977874407,1921110.466549542,41.93935173,-87.707846594,"(41.93935173030961, -87.70784659359776)"
HOLLYWOOD AND SHERIDAN,1343,1000 W HOLLYWOOD AVE,04/01/2017,4,1168580.228926466,1938090.295189338,41.985649799,-87.655335807,"(41.98564979859328, -87.65533580655139)"
PULASKI AND ARCHER,2154,5000 S ARCHER AVE,03/03/2017,2,1150501.818909837,1871162.311703322,41.802365973,-87.723576766,"(41.80236597333895, -87.72357676611004)"
STONEY ISLAND AND 76TH,2632,7600 S STONY ISLAND A,04/21/2017,15,1188092.796191935,1854889.354158304,41.756897173,-87.586234285,"(41.75689717260223, -87.58623428506996)"
WESTERN AND FOSTER,1074,2400 W FOSTER AVE,04/21/2017,14,1159379.402846887,1934502.712486132,41.97600019,-87.689275084,"(41.97600018976586, -87.68927508385399)"
KEDZIE AND ARMITAGE,1832,2000 N KEDZIE AVENUE,04/21/2017,5,1154684.031809326,1913129.496340896,41.917446172,-87.707116072,"(41.91744617191702, -87.70711607187832)"
ELSTON AND LAWRENCE,1282,4800 N ELSTON AVENUE,04/01/2017,1,1145529.344259918,1931501.601268983,41.968039361,-87.740283894,"(41.96803936143674, -87.74028389448999)"
CHICAGO AND CLARK,1964,100 W CHICAGO AVENUE,04/21/2017,3,1175374.528739575,1905745.47783364,41.896744347,-87.631321248,"(41.896744346875806, -87.63132124815151)"
CICERO AND NORTH,2033,4800 W NORTH AVENUE,04/21/2017,3,1144053.733747163,1910243.80567041,41.90973389,-87.746244973,"(41.909733890131285, -87.74624497295898)"
HAMLIN AND LAKE,1882,300 N HAMLIN AVENUE,03/03/2017,3,1150970.026856642,1901381.688308858,41.885282636,-87.721069539,"(41.88528263580913, -87.72106953854511)"
MILWAUKEE AND MONTROSE,1364,5075 W MONTROSE AVENUE,05/09/2017,3,1141716.746618898,1928736.076639057,41.960522088,-87.754371424,"(41.96052208819935, -87.75437142402293)"
CALIFORNIA AND DEVON,1321,6400 N CALIFORNIA AVE,03/03/2017,1,1156461.150245401,1942370.37710537,41.997649133,-87.699792629,"(41.997649133049336, -87.69979262891378)"
DIVISION AND DAMEN,1733,2000 W DIVISION,05/09/2017,7,1162815.710860194,1908034.672555531,41.903298793,-87.677383247,"(41.903298792681944, -87.67738324739636)"
MILWAUKEE AND MONTROSE,1362,4400 N MILWAUKEE AVEN,04/01/2017,3,1141643.943268783,1928770.256316239,41.96061723,-87.75463824,"(41.9606172296957, -87.75463824007085)"
79TH AND HALSTED,2543,800 W 79TH STREET,04/01/2017,3,1172320.105719411,1852517.9814434,41.750751157,-87.644107793,"(41.75075115747316, -87.64410779300933)"
HALSTED AND 103RD,2593,800 W 103RD STREET,04/21/2017,2,1172778.570616036,1836587.755252818,41.70702632,-87.642896007,"(41.707026319812215, -87.64289600741817)"
DAMEN AND 63RD,2702,6300 S DAMEN AVENUE,04/01/2017,3,1164069.407943298,1862830.277442834,41.779226921,-87.674052731,"(41.77922692069256, -87.67405273137854)"
SACRAMENTO AND LAKE,1822,150 N SACRAMENTO BOUL,04/21/2017,8,1156319.560664766,1900957.489351962,41.884012178,-87.701436479,"(41.88401217771363, -87.7014364786693)"
LARAMIE AND FULLERTON,1424,5200 W FULLERTON AVENUE,04/21/2017,1,1141305.554932016,1915502.611239048,41.924215797,-87.756210755,"(41.92421579723144, -87.75621075458939)"
99TH AND HALSTED,2431,9900 S HALSTED ST,05/09/2017,13,1172689.754200318,1839171.652197216,41.714118868,-87.643145408,"(41.714118868089905, -87.64314540818165)"
CORTLAND AND ASHLAND,1723,1600 W CORTLAND ST,04/21/2017,2,1165377.660768235,1912768.773647285,41.916235337,-87.667837772,"(41.91623533746878, -87.66783777212962)"
ASHLAND AND 87TH,2452,8700 S ASHLAND AVE,05/09/2017,4,1167150.470087748,1846991.212339794,41.735696989,-87.663209544,"(41.73569698863625, -87.66320954445679)"
ROOSEVELT AND KOSTNER,2321,1200 S KOSTNER,04/21/2017,4,1147196.304001978,1894305.883269746,41.865938839,-87.735108549,"(41.8659388389088, -87.73510854901264)"
FULLERTON AND NARRAGANSETT,1554,6400 W FULLERTON AVENU,05/09/2017,3,1133317.594499059,1915293.661305931,41.923786189,-87.785567206,"(41.92378618871128, -87.78556720562165)"
PULASKI AND FOSTER,1102,5200 N PULASKI RD,04/01/2017,2,1148746.251286324,1934286.914361976,41.97562074,-87.728383135,"(41.97562073966174, -87.72838313514907)"
HAMLIN AND LAKE,1881,300 N HAMLIN AVENUE,04/21/2017,3,1150970.026856642,1901381.688308858,41.885282636,-87.721069539,"(41.88528263580913, -87.72106953854511)"
ASHLAND AND IRVING PARK,1153,1600 W IRVING PARK ROA,04/01/2017,3,,,,,
STONY ISLAND/CORNELL AND 67TH,2731,6700 S CORNELL DRIVE,04/21/2017,12,1188316.454860734,1860851.137456735,41.77325149,-87.5852246,"(41.77325148959568, -87.58522459967712)"
KEDZIE AND 47TH,2104,3200 W 47TH ST,05/09/2017,1,1155815.231505056,1873336.169728074,41.808226246,-87.704031672,"(41.808226246244026, -87.70403167215984)"
CHICAGO AND CLARK,1963,100 W CHICAGO AVENUE,05/09/2017,7,1175374.528739575,1905745.47783364,41.896744347,-87.631321248,"(41.896744346875806, -87.63132124815151)"
CENTRAL AND IRVING PARK,1183,5600 W IRVING PARK ROAD,04/01/2017,3,1138281.535484986,1926078.647777633,41.953292847,-87.767065708,"(41.953292847298, -87.76706570775266)"
CHICAGO AND CLARK,1963,100 W CHICAGO AVENUE,04/01/2017,7,1175374.528739575,1905745.47783364,41.896744347,-87.631321248,"(41.896744346875806, -87.63132124815151)"
WESTERN AND MARQUETTE,2672,6700 S WESTERN AVENUE,03/03/2017,6,1161488.747635042,1860134.788366884,41.771884028,-87.683588402,"(41.77188402771193, -87.68358840206334)"
COLUMBUS AND ILLINOIS,1951,500 N COLUMBUS DRIVE,03/03/2017,11,1178372.808407292,1903693.06016042,41.891044569,-87.620371839,"(41.891044569124276, -87.620371839074)"
CENTRAL AND BELMONT,1602,3200 N CENTRAL AVENUE,04/01/2017,1,1138430.432324593,1920731.654410336,41.938617463,-87.766648297,"(41.938617463272884, -87.76664829683827)"
SHERIDAN AND FOSTER,1134,1000 W FOSTER AVE,05/09/2017,1,1168689.247756979,1934758.578141654,41.976505116,-87.655031882,"(41.97650511595711, -87.65503188224778)"
COTTAGE GROVE AND 71ST,2572,7100 S COTTAGE GROVE,04/01/2017,3,1182746.23698699,1858088.011064538,41.765800351,-87.605729127,"(41.76580035131893, -87.6057291269901)"
WESTERN AND FOSTER,1072,5200 N WESTERN AVE,05/09/2017,2,1159372.922497116,1934478.313674003,41.975933372,-87.689299589,"(41.97593337199358, -87.6892995891816)"
HOMAN/KIMBALL AND NORTH,1773,3400 W NORTH AVE,04/01/2017,4,1153386.578905125,1910465.87061722,41.910162847,-87.711953868,"(41.91016284680269, -87.71195386769125)"
PULASKI AND ARCHER,2153,5000 S ARCHER AVE,03/03/2017,3,1150501.818909837,1871162.311703322,41.802365973,-87.723576766,"(41.80236597333895, -87.72357676611004)"
CICERO AND ARMITAGE,2001,2000 N CICERO AVENUE,04/21/2017,3,1144031.525719004,1912881.8300295,41.916973325,-87.746260223,"(41.91697332451097, -87.74626022251057)"
LARAMIE AND MADISON,2044,5200 W MADISON STREET,04/21/2017,10,1141706.965522802,1899567.55684314,41.880480752,-87.755130433,"(41.88048075170171, -87.75513043296509)"
BELMONT AND KEDZIE,1372,3200 N KEDZIE AVE,04/01/2017,22,1154426.977874407,1921110.466549542,41.93935173,-87.707846594,"(41.93935173030961, -87.70784659359776)"
SACRAMENTO AND LAKE,1822,150 N SACRAMENTO BOUL,03/03/2017,5,1156319.560664766,1900957.489351962,41.884012178,-87.701436479,"(41.88401217771363, -87.7014364786693)"
KOSTNER AND NORTH,2012,4400 W GRAND AVE,03/03/2017,5,1146773.519128439,1910425.663958581,41.91018141,-87.73624887,"(41.910181409597406, -87.73624887040725)"
IRVING PARK AND CALIFORNIA,1234,2800 W IRVING PARK ROA,04/01/2017,11,,,,,
CICERO AND I55,2252,4200 S CICERO AVENUE,05/09/2017,4,1145023.742859509,1876358.276835519,41.816729387,-87.743536712,"(41.81672938674739, -87.74353671247594)"
HOLLYWOOD AND SHERIDAN,1344,1000 W HOLLYWOOD AVE,03/03/2017,18,1168580.228926466,1938090.295189338,41.985649799,-87.655335807,"(41.98564979859328, -87.65533580655139)"
MONTROSE AND WESTERN,1221,4400 N WESTERN AVENUE,04/01/2017,6,1159539.733234718,1929183.918095502,41.961401846,-87.688832623,"(41.961401846278505, -87.6888326227788)"
CLARK AND IRVING PARK,1091,4000 N CLARK STREET,04/21/2017,1,1166736.149822904,1926699.323624709,41.954432441,-87.662446259,"(41.95443244141688, -87.66244625914061)"
PERSHING AND WESTERN,2114,2400 W PERSHING ROAD,03/03/2017,6,1160957.773623189,1878793.434193427,41.82309676,-87.685018951,"(41.82309676016606, -87.68501895061576)"
PULASKI AND 63RD,2342,6300 S PULASKI RD,03/03/2017,5,1150746.00309079,1862516.747695325,41.778636469,-87.722906356,"(41.77863646878099, -87.72290635568541)"
CICERO AND FULLERTON,1472,2400 N CICERO AVE,04/21/2017,2,1143961.592189569,1915545.343094087,41.92428359,-87.74645019,"(41.92428358982701, -87.74645019028947)"
FOSTER AND BROADWAY,1111,5200 N BROADWAY ST,05/09/2017,3,1167334.508577915,1934714.008346532,41.976412143,-87.660015082,"(41.97641214294823, -87.66001508205365)"
OGDEN AND KOSTNER,2223,4400 W OGDEN AVENUE,04/01/2017,2,1147406.592439224,1887689.099869462,41.847777523,-87.734505969,"(41.84777752280453, -87.73450596874825)"
CORTLAND AND ASHLAND,1721,1900 N ASHLAND AVE,04/01/2017,20,1165348.084854857,1912736.454335569,41.916147281,-87.667947354,"(41.91614728095272, -87.66794735350443)"
WESTERN AND CERMAK,1002,2200 S WESTERN AVENUE,04/21/2017,6,1160669.42562757,1889318.196820393,41.85198384,-87.685785704,"(41.85198383957328, -87.68578570420526)"
HALSTED AND NORTH,1761,1600 N HALSTED STREET,03/03/2017,5,1170678.283433825,1910880.991397547,41.910940644,-87.648419043,"(41.91094064391597, -87.64841904272998)"
CALIFORNIA AND PETERSON,1313,2800 W PETERSON AVENUE,04/01/2017,2,1156569.515341857,1939784.830544118,41.990552082,-87.699464396,"(41.990552081681564, -87.69946439622785)"
CENTRAL AND CHICAGO,1973,5600 W CHICAGO AVENUE,04/01/2017,5,1138858.856732452,1904825.827586656,41.894962293,-87.765460791,"(41.89496229349977, -87.76546079122906)"
ROOSEVELT AND KOSTNER,2323,4400 W ROOSEVELT,04/01/2017,6,1147200.963258796,1894379.538078088,41.866140868,-87.73508956,"(41.866140867641654, -87.73508956008207)"
WESTERN AND CHICAGO,1943,2400 W CHICAGO AVE,03/03/2017,2,1160226.686812944,1905300.904544474,41.895851041,-87.686968935,"(41.895851041123755, -87.68696893468467)"
ASHLAND AND 95TH,2473,1600 W 95TH STREET,05/09/2017,5,1167323.753394196,1841755.029221382,41.721324412,-87.662724153,"(41.721324411975246, -87.66272415265087)"
LAFAYETTE AND 87TH,2503,30 W 87TH STREET,04/01/2017,26,1177407.651800237,1847320.772058312,41.736376037,-87.625621311,"(41.736376036604916, -87.62562131092602)"
31ST ST AND MARTIN LUTHER KING DRIVE,2123,400 E 31ST STREET,05/09/2017,2,1179437.985396417,1884565.84226022,41.838534018,-87.617046113,"(41.838534018118914, -87.61704611345726)"
WESTERN AND DEVON,1212,6400 N WESTERN AVENUE,03/03/2017,2,1159113.585759434,1942451.622367891,41.997817807,-87.690033035,"(41.997817807026, -87.69003303469276)"
WESTERN AND NORTH,1853,2400 W NORTH AVE,03/03/2017,1,1160100.839010995,1910612.783367238,41.910429862,-87.687284221,"(41.91042986235867, -87.68728422050837)"
FOSTER AND NAGLE,1034,6400 W FOSTER,03/03/2017,2,1132552.893142153,1934229.875527466,41.975762574,-87.787934296,"(41.97576257447203, -87.7879342955108)"
CHICAGO AND CLARK,1964,100 W CHICAGO AVENUE,04/01/2017,12,1175374.528739575,1905745.47783364,41.896744347,-87.631321248,"(41.896744346875806, -87.63132124815151)"
35TH AND WESTERN,2091,3500 S WESTERN,04/21/2017,4,1160894.949857101,1881376.851112895,41.830187255,-87.685177925,"(41.83018725526863, -87.68517792510231)"
DIVERSEY AND AUSTIN,1453,6000 W DIVERSEY AVENUE,04/21/2017,1,1135895.736169343,1918029.70673837,41.931248624,-87.776028612,"(41.931248623643455, -87.77602861172493)"
BROADWAY/SHERIDAN AND DEVON,1123,1200 W DEVON AVE,03/03/2017,5,1167109.644248166,1942688.147952186,41.998298228,-87.660611661,"(41.99829822771884, -87.66061166063517)"
DAMEN AND 63RD,2702,6300 S DAMEN AVENUE,04/21/2017,6,1164069.407943298,1862830.277442834,41.779226921,-87.674052731,"(41.77922692069256, -87.67405273137854)"
WENTWORTH AND GARFIELD,2261,5500 S WENTWORTH AVEN,03/03/2017,33,,,,,
115TH AND HALSTED,2553,800 W 115TH STREET,04/21/2017,4,1173010.735357888,1828632.242070332,41.685190056,-87.642279564,"(41.68519005571938, -87.64227956401977)"
JEFFERY AND 95TH,2522,9500 S JEFFERY AVE,04/01/2017,2,1191132.420601301,1842335.735988875,41.722375907,-87.575499903,"(41.72237590704101, -87.57549990332795)"
STONY ISLAND/CORNELL AND 67TH,2731,6700 S CORNELL DRIVE,05/09/2017,16,1188316.454860734,1860851.137456735,41.77325149,-87.5852246,"(41.77325148959568, -87.58522459967712)"
CHICAGO AND CLARK,1963,100 W CHICAGO AVENUE,04/21/2017,6,1175374.528739575,1905745.47783364,41.896744347,-87.631321248,"(41.896744346875806, -87.63132124815151)"
CICERO AND HARRISON,2022,600 S CICERO AVENUE,04/21/2017,3,1144444.97442848,1896894.622216872,41.873094833,-87.745143869,"(41.873094832519136, -87.74514386884542)"
CICERO AND WASHINGTON,1892,100 N CICERO AVENUE,03/04/2017,3,1144328.984091479,1900095.170838459,41.88187971,-87.745489247,"(41.88187970991601, -87.7454892473012)"
TOUHY AND OSCEOLA,1243,7432 W TOUHY AVENUE,03/05/2017,2,1125717.010560011,1947269.685461107,42.011661765,-87.812781431,"(42.01166176507329, -87.81278143114147)"
KOSTNER AND NORTH,2011,1600 N KOSTNER,03/05/2017,2,1146732.108679105,1910282.120990798,41.909788304,-87.736404667,"(41.90978830394343, -87.73640466739216)"
55TH and PULASKI,2244,4000 W 55TH ST,03/05/2017,2,1150621.676903861,1867864.274865394,41.793313334,-87.723223038,"(41.79331333358753, -87.72322303812588)"
LASALLE AND KINZIE,1923,140 W KINZIE,03/04/2017,5,1175048.09765242,1903028.894760294,41.889297219,-87.632601648,"(41.88929721947309, -87.63260164817305)"
WESTERN AND FOSTER,1072,5200 N WESTERN AVE,03/05/2017,11,1159372.922497116,1934478.313674003,41.975933372,-87.689299589,"(41.97593337199358, -87.6892995891816)"
PULASKI AND PETERSON,1263,4000 W PETERSON AVENUE,03/05/2017,11,1148618.560490339,1939615.133928395,41.990244186,-87.728714391,"(41.99024418564742, -87.7287143910091)"
CENTRAL AND CHICAGO,1973,5600 W CHICAGO AVENUE,03/05/2017,1,1138858.856732452,1904825.827586656,41.894962293,-87.765460791,"(41.89496229349977, -87.76546079122906)"
KEDZIE AND 26TH,2381,2600 S KEDZIE AVENUE,03/04/2017,2,1155404.235510285,1886524.460033054,41.844424831,-87.705185452,"(41.84442483084393, -87.70518545233183)"
WESTERN AND NORTH,1851,1600 N WESTERN AVE,03/04/2017,8,1160077.474351131,1910605.013316134,41.910409024,-87.687370268,"(41.91040902362901, -87.687370268401)"
PERSHING AND WESTERN,2112,3900 S WESTERN BLVD,03/05/2017,8,1161130.992078755,1878746.226354636,41.822963628,-87.684384785,"(41.82296362788048, -87.68438478541296)"
LARAMIE AND FULLERTON,1421,2400 N LARAMIE AVENUE,03/05/2017,1,1141282.877477884,1915479.163971956,41.924151874,-87.756294662,"(41.92415187425276, -87.75629466175003)"
LARAMIE AND FULLERTON,1424,5200 W FULLERTON AVENUE,03/04/2017,1,1141305.554932016,1915502.611239048,41.924215797,-87.756210755,"(41.92421579723144, -87.75621075458939)"
CICERO AND ADDISON,1611,3600 N CICERO AVENUE,03/04/2017,2,1143698.904601495,1923517.005821035,41.946163524,-87.747215169,"(41.94616352362556, -87.74721516897007)"
ASHLAND AND 87TH,2454,1600 W 87TH ST,03/04/2017,3,1167171.941297436,1847064.855345151,41.735898617,-87.663128781,"(41.735898617066006, -87.66312878090133)"
ASHLAND AND IRVING PARK,1151,4000 N ASHLAND AVENUE,03/04/2017,4,1164899.463802581,1926665.661118925,41.954379326,-87.66919912,"(41.954379326212695, -87.66919911980419)"
KEDZIE AND 26TH,2381,2600 S KEDZIE AVENUE,03/05/2017,2,1155404.235510285,1886524.460033054,41.844424831,-87.705185452,"(41.84442483084393, -87.70518545233183)"
JEFFERY AND 95TH,2522,9500 S JEFFERY AVE,03/04/2017,4,1191132.420601301,1842335.735988875,41.722375907,-87.575499903,"(41.72237590704101, -87.57549990332795)"
FOSTER AND BROADWAY,1113,1200 W FOSTER AVE,03/05/2017,2,1167357.095930752,1934721.393266777,41.97643192,-87.659931806,"(41.97643192018459, -87.65993180604016)"
63RD AND STATE,2714,1 E 63RD ST,03/04/2017,19,1177367.518733101,1863199.17768559,41.779949105,-87.625289553,"(41.779949104569106, -87.62528955333775)"
HAMLIN AND MADISON,1903,3800 W MADISON STREET,03/05/2017,6,1151032.709141294,1899784.033986533,41.880897273,-87.720881226,"(41.880897273491264, -87.72088122613924)"
71ST AND ASHLAND,2394,1600 W 71ST,03/05/2017,5,1166890.012333149,1857674.2502247,41.765018306,-87.66385923,"(41.76501830555763, -87.66385923012646)"
HALSTED AND 103RD,2593,800 W 103RD STREET,03/04/2017,1,1172778.570616036,1836587.755252818,41.70702632,-87.642896007,"(41.707026319812215, -87.64289600741817)"
VAN BUREN AND WESTERN,2054,2400 W VAN BUREN STREE,03/04/2017,11,,,,,
PULASKI AND DIVISION,1802,1200 N PULASKI ROAD,03/05/2017,3,1149459.590666926,1907723.219884254,41.902713902,-87.726451457,"(41.902713901936174, -87.72645145715836)"
OGDEN AND KOSTNER,2223,4400 W OGDEN AVENUE,03/04/2017,2,1147406.592439224,1887689.099869462,41.847777523,-87.734505969,"(41.84777752280453, -87.73450596874825)"
ASHLAND AND DIVISION,1791,1200 N ASHLAND AVENUE,03/05/2017,6,1165466.997046718,1908083.767015974,41.903377468,-87.667643142,"(41.903377467566784, -87.66764314227497)"
CICERO AND HARRISON,2022,600 S CICERO AVENUE,03/05/2017,9,1144444.97442848,1896894.622216872,41.873094833,-87.745143869,"(41.873094832519136, -87.74514386884542)"
79TH AND HALSTED,2543,800 W 79TH STREET,03/05/2017,2,1172320.105719411,1852517.9814434,41.750751157,-87.644107793,"(41.75075115747316, -87.64410779300933)"
IRVING PARK AND KEDZIE,1353,3200 W IRVING PARK ROAD,03/04/2017,8,1154325.140302006,1926458.463197156,41.954029047,-87.708077494,"(41.95402904691877, -87.70807749383191)"
ASHLAND AND LAWRENCE,1143,1600 W LAWRENCE AVENUE,03/04/2017,5,1164771.946929007,1931988.254061312,41.968987457,-87.669516307,"(41.96898745654617, -87.66951630654926)"
DIVERSEY AND AUSTIN,1454,6000 W DIVERSEY AVENUE,03/04/2017,1,1135895.736169343,1918029.70673837,41.931248624,-87.776028612,"(41.931248623643455, -87.77602861172493)"
STONEY ISLAND AND 76TH,2632,7600 S STONY ISLAND A,03/05/2017,16,1188092.796191935,1854889.354158304,41.756897173,-87.586234285,"(41.75689717260223, -87.58623428506996)"
ROOSEVELT AND HALSTED,2233,800 W ROOSEVELT ROAD,03/05/2017,9,1171199.282357741,1894968.056393724,41.867263098,-87.646972686,"(41.86726309836901, -87.64697268601648)"
LASALLE AND KINZIE,1923,140 W KINZIE,03/05/2017,2,1175048.09765242,1903028.894760294,41.889297219,-87.632601648,"(41.88929721947309, -87.63260164817305)"
BELMONT AND KEDZIE,1372,3200 N KEDZIE AVE,03/04/2017,18,1154426.977874407,1921110.466549542,41.93935173,-87.707846594,"(41.93935173030961, -87.70784659359776)"
CENTRAL AND LAKE,1743,5600 W LAKE STREET,03/04/2017,5,1138951.495695032,1902230.510465733,41.887838735,-87.765183663,"(41.887838735330206, -87.76518366338465)"
WESTERN AND ADDISON,1562,3600 N WESTERN AVENUE,03/04/2017,5,1159695.573342728,1923871.086283556,41.94681992,-87.688406662,"(41.94681991986288, -87.68840666206194)"
HALSTED AND 103RD,2593,800 W 103RD STREET,03/05/2017,3,1172778.570616036,1836587.755252818,41.70702632,-87.642896007,"(41.707026319812215, -87.64289600741817)"
CICERO AND ARMITAGE,2001,2000 N CICERO AVENUE,03/05/2017,7,1144031.525719004,1912881.8300295,41.916973325,-87.746260223,"(41.91697332451097, -87.74626022251057)"
PULASKI AND NORTH,1994,4000 W NORTH AVENUE,03/04/2017,4,1149456.2688422,1910376.774019002,41.909995582,-87.726394693,"(41.90999558160536, -87.72639469321471)"
ASHLAND AND 95TH,2472,9500 S ASHLAND AVENUE,03/04/2017,6,1167295.830128711,1841695.121217916,41.721160612,-87.662828139,"(41.72116061205213, -87.66282813939165)"
WESTERN AND CERMAK,1003,2400 W CERMAK ROAD,03/04/2017,3,1160678.000607329,1889375.645335924,41.852141307,-87.685752642,"(41.85214130680468, -87.6857526415569)"
ASHLAND AND MADISON,1914,1600 W MADISON,03/05/2017,1,1165723.014733182,1900136.515489506,41.881564167,-87.666929463,"(41.8815641670199, -87.66692946294842)"
LAWRENCE AND WESTERN,1193,2400 W LAWRENCE AVENUE,03/05/2017,3,1159482.648570304,1931851.989492596,41.968724349,-87.688968727,"(41.96872434882172, -87.68896872699601)"
111TH AND HALSTED,2422,11100 S HALSTED ST,03/04/2017,4,1172923.657689312,1831209.044179248,41.692263123,-87.642522688,"(41.692263123425136, -87.6425226876268)"
PETERSON AND WESTERN,1014,2400 W PETERSON,03/04/2017,2,1159214.211316277,1939825.301874586,41.99060901,-87.689735481,"(41.990609009807294, -87.68973548092968)"
55TH AND KEDZIE,2163,3200 W 55TH STREET,03/04/2017,1,1155966.956993183,1868015.593764152,41.793622803,-87.703618141,"(41.79362280329978, -87.70361814062049)"
31ST ST AND MARTIN LUTHER KING DRIVE,2121,3100 S DR MARTIN L KING,03/04/2017,4,,,,,
CICERO AND NORTH,2034,4800 W NORTH AVENUE,03/04/2017,6,1144053.733747163,1910243.80567041,41.90973389,-87.746244973,"(41.909733890131285, -87.74624497295898)"
63RD AND STATE,2714,1 E 63RD ST,03/05/2017,15,1177367.518733101,1863199.17768559,41.779949105,-87.625289553,"(41.779949104569106, -87.62528955333775)"
CENTRAL AND ADDISON,1682,3600 N CENTRAL AVENUE,03/04/2017,1,1138343.117435682,1923392.067464765,41.945919491,-87.766904594,"(41.945919490555106, -87.76690459426293)"
CICERO AND WASHINGTON,1892,100 N CICERO AVENUE,03/05/2017,8,1144328.984091479,1900095.170838459,41.88187971,-87.745489247,"(41.88187970991601, -87.7454892473012)"
SHERIDAN AND FOSTER,1132,5200 N SHERIDAN ROAD,03/04/2017,1,1168661.623718229,1934753.842272756,41.976492721,-87.655133605,"(41.97649272077833, -87.65513360456677)"
DAMEN AND 63RD,2702,6300 S DAMEN AVENUE,03/04/2017,4,1164069.407943298,1862830.277442834,41.779226921,-87.674052731,"(41.77922692069256, -87.67405273137854)"
CANAL AND ROOSEVELT,2294,500 W ROOSEVELT ROAD,03/05/2017,9,1173290.72186561,1895021.166235495,41.867362693,-87.639293195,"(41.867362692616666, -87.63929319464197)"
CLARK AND IRVING PARK,1091,4000 N CLARK STREET,03/05/2017,2,1166736.149822904,1926699.323624709,41.954432441,-87.662446259,"(41.95443244141688, -87.66244625914061)"
55TH AND KEDZIE,2162,5500 S KEDZIE AVENUE,03/05/2017,1,1155945.854705238,1867941.621374192,41.793420237,-87.703697508,"(41.793420236755864, -87.70369750845424)"
LARAMIE AND MADISON,2043,5200 W MADISON STREET,03/05/2017,3,1141706.965522802,1899567.55684314,41.880480752,-87.755130433,"(41.88048075170171, -87.75513043296509)"
CICERO AND I55,2252,4200 S CICERO AVENUE,03/05/2017,15,1145023.742859509,1876358.276835519,41.816729387,-87.743536712,"(41.81672938674739, -87.74353671247594)"
AUSTIN AND IRVING PARK,1161,4000 N AUSTIN AVENUE,03/04/2017,1,1135599.956110927,1926006.862619986,41.953144059,-87.776925284,"(41.95314405904539, -87.77692528423394)"
COLUMBUS AND ILLINOIS,1951,500 N COLUMBUS DRIVE,03/04/2017,15,1178372.808407292,1903693.06016042,41.891044569,-87.620371839,"(41.891044569124276, -87.620371839074)"
IRVING PARK AND KILPATRICK,2764,4700 W IRVING PARK ROA,03/04/2017,2,,,,,
CICERO AND HARRISON,2023,4800 W HARRISON STREET,03/05/2017,1,1144451.867388303,1896949.561959463,41.873245464,-87.745117179,"(41.873245464379586, -87.7451171788807)"
35TH AND WESTERN,2091,3500 S WESTERN,03/04/2017,5,1160894.949857101,1881376.851112895,41.830187255,-87.685177925,"(41.83018725526863, -87.68517792510231)"
CICERO AND PETERSON,1202,6000 N CICERO AVENUE,03/05/2017,4,1143247.733553094,1939479.342905704,41.989973915,-87.748473024,"(41.98997391514614, -87.74847302426933)"
99TH AND HALSTED,2431,9900 S HALSTED ST,03/04/2017,18,1172689.754200318,1839171.652197216,41.714118868,-87.643145408,"(41.714118868089905, -87.64314540818165)"
IRVING PARK AND NARRAGANSETT,1023,6400 W IRVING PK,03/05/2017,4,1132945.939118726,1925946.304925137,41.953024751,-87.786683238,"(41.95302475075328, -87.78668323766634)"
CALIFORNIA AND DIVERSEY,1513,2800 W DIVERSEY,03/05/2017,7,1157212.54253358,1918526.674434943,41.932205395,-87.697679244,"(41.93220539506452, -87.6976792438691)"
KEDZIE AND 63RD,2361,6300 S KEDZIE AVE,03/04/2017,2,1156097.505177228,1862668.051775093,41.77894575,-87.703283119,"(41.77894575017997, -87.70328311900342)"
HALSTED AND 103RD,2592,10300 S HALSTED STREE,03/05/2017,2,,,,,
75TH AND STATE,2621,7500 S STATE STREET,03/05/2017,22,1177538.763040612,1855235.551345519,41.758092176,-87.624902228,"(41.75809217638291, -87.6249022282473)"
IRVING PARK AND NARRAGANSETT,1023,6400 W IRVING PK,03/04/2017,4,1132945.939118726,1925946.304925137,41.953024751,-87.786683238,"(41.95302475075328, -87.78668323766634)"
31ST ST AND MARTIN LUTHER KING DRIVE,2123,400 E 31ST STREET,03/04/2017,9,1179437.985396417,1884565.84226022,41.838534018,-87.617046113,"(41.838534018118914, -87.61704611345726)"
BELMONT AND KEDZIE,1371,3200 N KEDZIE AVENUE,03/04/2017,3,1154426.977874407,1921110.466549542,41.93935173,-87.707846594,"(41.93935173030961, -87.70784659359776)"
HOMAN/KIMBALL AND NORTH,1771,1600 N HOMAN AVENUE,03/04/2017,4,,,,,
CICERO AND ARMITAGE,2003,4800 W ARMITAGE AVENUE,03/05/2017,1,1144054.25126508,1912907.00926109,41.917041992,-87.746176095,"(41.91704199201953, -87.74617609464687)"
CICERO AND FULLERTON,1474,4800 W FULLERTON AVE,03/05/2017,2,1143967.570794243,1915568.504954477,41.924347036,-87.74642764,"(41.924347036010694, -87.74642763965628)"
KEDZIE AND 31ST,2132,3100 S KEDZIE AVENUE,03/04/2017,7,1155483.167539854,1883867.660503274,41.837132671,-87.704967115,"(41.837132671422296, -87.70496711478727)"
WESTERN AND TOUHY,1252,7200 N WESTERN AVENUE,03/05/2017,1,1158975.66256211,1947754.286963361,42.012371335,-87.690393917,"(42.012371334791766, -87.69039391737863)"
KEDZIE AND ARMITAGE,1832,2000 N KEDZIE AVENUE,03/05/2017,4,1154684.031809326,1913129.496340896,41.917446172,-87.707116072,"(41.91744617191702, -87.70711607187832)"
HAMLIN AND LAKE,1881,300 N HAMLIN AVENUE,03/05/2017,3,1150970.026856642,1901381.688308858,41.885282636,-87.721069539,"(41.88528263580913, -87.72106953854511)"
CHICAGO AND CLARK,1963,100 W CHICAGO AVENUE,03/05/2017,16,1175374.528739575,1905745.47783364,41.896744347,-87.631321248,"(41.896744346875806, -87.63132124815151)"
PULASKI AND 63RD,2342,6300 S PULASKI RD,03/04/2017,6,1150746.00309079,1862516.747695325,41.778636469,-87.722906356,"(41.77863646878099, -87.72290635568541)"
SACRAMENTO AND CHICAGO,1814,3000 W CHICAGO AVENUE,03/05/2017,3,1156075.266375505,1905216.604770718,41.895704525,-87.702218524,"(41.895704524946225, -87.70221852353758)"
DAMEN AND DIVERSEY,1462,2800 N DAMEN AVENUE,03/05/2017,9,1162490.04851994,1918611.623717091,41.932329494,-87.678282719,"(41.9323294940985, -87.67828271931386)"
HAMLIN AND MADISON,1903,3800 W MADISON STREET,03/04/2017,4,1151032.709141294,1899784.033986533,41.880897273,-87.720881226,"(41.880897273491264, -87.72088122613924)"
115TH AND HALSTED,2553,800 W 115TH STREET,03/05/2017,2,1173010.735357888,1828632.242070332,41.685190056,-87.642279564,"(41.68519005571938, -87.64227956401977)"
ARCHER AND CICERO,2081,5200 S CICERO AVE,03/04/2017,25,1145195.931989777,1869737.708306623,41.798558278,-87.743071866,"(41.798558278193305, -87.74307186616427)"
LARAMIE AND FULLERTON,1424,5200 W FULLERTON AVENUE,03/05/2017,7,1141305.554932016,1915502.611239048,41.924215797,-87.756210755,"(41.92421579723144, -87.75621075458939)"
KIMBALL AND DIVERSEY,1581,2800 N KIMBALL AVENUE,03/05/2017,1,,,,,
CENTRAL AND BELMONT,1604,5600 W BELMONT AVENUE,03/04/2017,3,1138453.617438343,1920755.972768412,41.938683775,-87.766562494,"(41.93868377475747, -87.76656249384537)"
71ST AND ASHLAND,2391,7100 S ASHLAND,03/05/2017,1,1166868.379865725,1857616.168087255,41.764859382,-87.663940176,"(41.764859382425385, -87.66394017630476)"
SHERIDAN AND FOSTER,1132,5200 N SHERIDAN ROAD,03/05/2017,3,1168661.623718229,1934753.842272756,41.976492721,-87.655133605,"(41.97649272077833, -87.65513360456677)"
WESTERN AND 79TH,2484,2400 W 79TH ST,03/04/2017,1,1161758.68085177,1852242.255513454,41.750220168,-87.682817693,"(41.75022016799851, -87.68281769253687)"
COLUMBUS AND ILLINOIS,1952,500 N COLUMBUS DRIVE,03/05/2017,6,1178372.808407292,1903693.06016042,41.891044569,-87.620371839,"(41.891044569124276, -87.620371839074)"
WESTERN AND 63RD,2373,2400 W 63RD ST,03/05/2017,3,1161444.415758584,1862848.534703658,41.779331844,-87.683675761,"(41.77933184429814, -87.68367576084798)"
99TH AND HALSTED,2431,9900 S HALSTED ST,03/05/2017,22,1172689.754200318,1839171.652197216,41.714118868,-87.643145408,"(41.714118868089905, -87.64314540818165)"
ELSTON AND ADDISON,1403,3216 W ADDISON ST,03/04/2017,8,1154199.729816868,1923799.345386665,41.946734755,-87.708609774,"(41.946734754927796, -87.7086097735515)"
HALSTED AND FULLERTON,1704,800 W FULLERTON AVENUE,03/05/2017,5,1170525.624723311,1916208.443992778,41.925562791,-87.648823641,"(41.92556279107417, -87.64882364145232)"
CICERO AND 47TH,2202,4700 S CICERO AVE,03/05/2017,1,1145112.150373471,1873006.659918126,41.807530373,-87.743296821,"(41.80753037289406, -87.7432968212423)"
79TH AND HALSTED,2543,800 W 79TH STREET,03/04/2017,7,1172320.105719411,1852517.9814434,41.750751157,-87.644107793,"(41.75075115747316, -87.64410779300933)"
PULASKI AND PETERSON,1262,6000 N PULASKI ROAD,03/05/2017,1,1148598.016685695,1939584.645960177,41.990160923,-87.728790748,"(41.99016092280557, -87.72879074759867)"
HAMLIN AND MADISON,1901,0 N HAMLIN BOULEVARD,03/05/2017,13,,,,,
LARAMIE AND MADISON,2044,5200 W MADISON STREET,03/04/2017,19,1141706.965522802,1899567.55684314,41.880480752,-87.755130433,"(41.88048075170171, -87.75513043296509)"
ROOSEVELT AND KOSTNER,2323,4400 W ROOSEVELT,03/05/2017,5,1147200.963258796,1894379.538078088,41.866140868,-87.73508956,"(41.866140867641654, -87.73508956008207)"
CICERO AND CHICAGO,1783,4800 W CHICAGO AVENUE,03/04/2017,2,1144175.291152764,1904916.255225279,41.895112219,-87.745932427,"(41.89511221857764, -87.74593242701515)"
WESTERN AND MARQUETTE,2672,6700 S WESTERN AVENUE,03/04/2017,9,1161488.747635042,1860134.788366884,41.771884028,-87.683588402,"(41.77188402771193, -87.68358840206334)"
WESTERN AND NORTH,1853,2400 W NORTH AVE,03/04/2017,1,1160100.839010995,1910612.783367238,41.910429862,-87.687284221,"(41.91042986235867, -87.68728422050837)"
MILWAUKEE AND DEVON,1272,6400 N MILWAUKEE AVEN,03/05/2017,1,1132463.750397878,1942107.911507627,41.997382173,-87.788077674,"(41.99738217345368, -87.78807767391953)"
CALIFORNIA AND DIVERSEY,1514,2800 W DIVERSEY,03/05/2017,19,1157212.54253358,1918526.674434943,41.932205395,-87.697679244,"(41.93220539506452, -87.6976792438691)"
DAMEN AND 63RD,2701,6300 S DAMEN AVENUE,03/04/2017,2,1164069.407943298,1862830.277442834,41.779226921,-87.674052731,"(41.77922692069256, -87.67405273137854)"
PULASKI AND FOSTER,1102,5200 N PULASKI RD,03/05/2017,6,1148746.251286324,1934286.914361976,41.97562074,-87.728383135,"(41.97562073966174, -87.72838313514907)"
HALSTED AND 95TH,2582,9500 S HALSTED STREET,03/05/2017,1,1172610.538363645,1841811.61926207,41.721365061,-87.643358042,"(41.72136506078306, -87.64335804234075)"
KIMBALL AND DIVERSEY,1583,3400 W DIVERSEY AVENUE,03/05/2017,8,1153211.149172713,1918454.477800566,41.932087747,-87.71238583,"(41.932087747378944, -87.71238582951281)"
KEDZIE AND 63RD,2361,6300 S KEDZIE AVE,03/05/2017,2,1156097.505177228,1862668.051775093,41.77894575,-87.703283119,"(41.77894575017997, -87.70328311900342)"
WESTERN AND FOSTER,1072,5200 N WESTERN AVE,03/04/2017,10,1159372.922497116,1934478.313674003,41.975933372,-87.689299589,"(41.97593337199358, -87.6892995891816)"
WESTERN AND 71ST,2614,2400 W 71ST STREET,03/05/2017,1,1161584.506819846,1857557.788853485,41.764810388,-87.683308769,"(41.76481038827884, -87.68330876944678)"
CALIFORNIA AND PETERSON,1311,6000 N CALIFORNIA AVE,03/04/2017,2,1156545.742699118,1939775.775541795,41.990527717,-87.699552084,"(41.990527717148176, -87.69955208405155)"
JEFFERY AND 95TH,2523,2000 E 95TH ST,03/05/2017,1,1191188.381103057,1842410.411853539,41.722579473,-87.575292523,"(41.722579473126416, -87.57529252250366)"
CICERO AND FULLERTON,1472,2400 N CICERO AVE,03/05/2017,3,1143961.592189569,1915545.343094087,41.92428359,-87.74645019,"(41.92428358982701, -87.74645019028947)"
WENTWORTH AND GARFIELD,2264,200 W GARFIELD BLVD,03/04/2017,10,1175889.574397302,1868551.750512227,41.794670385,-87.630547476,"(41.79467038468937, -87.63054747605638)"
CICERO AND DIVERSEY,1694,4800 W DIVERSEY AVENUE,03/04/2017,4,1143869.848167704,1918226.043989398,41.93164142,-87.746719911,"(41.93164142040689, -87.7467199106462)"
PETERSON AND WESTERN,1014,2400 W PETERSON,03/05/2017,9,1159214.211316277,1939825.301874586,41.99060901,-87.689735481,"(41.990609009807294, -87.68973548092968)"
BELMONT AND KEDZIE,1371,3200 N KEDZIE AVENUE,03/05/2017,2,1154426.977874407,1921110.466549542,41.93935173,-87.707846594,"(41.93935173030961, -87.70784659359776)"
CERMAK AND PULASKI,2334,4000 W CERMAK,03/05/2017,4,1150018.476053666,1889120.238540361,41.851654369,-87.724882975,"(41.85165436867626, -87.7248829753078)"
ASHLAND AND LAWRENCE,1142,4800 N ASHLAND AVENUE,03/04/2017,7,1164751.686785145,1932001.206626392,41.96902343,-87.669590434,"(41.969023429614026, -87.66959043354217)"
STONY ISLAND/CORNELL AND 67TH,2721,6700 S STONY ISLAND A,03/04/2017,14,1187984.143047539,1860863.338367666,41.773292896,-87.586442368,"(41.77329289585066, -87.58644236831432)"
CENTRAL AND FULLERTON,1444,5600 W FULLERTON AVENU,03/05/2017,5,1138627.279189421,1915438.969256439,41.924090199,-87.76605353,"(41.92409019883488, -87.76605353016079)"
MILWAUKEE AND DEVON,1272,6400 N MILWAUKEE AVEN,03/04/2017,4,1132463.750397878,1942107.911507627,41.997382173,-87.788077674,"(41.99738217345368, -87.78807767391953)"
CICERO AND ARMITAGE,2001,2000 N CICERO AVENUE,03/04/2017,1,1144031.525719004,1912881.8300295,41.916973325,-87.746260223,"(41.91697332451097, -87.74626022251057)"
CENTRAL AND CHICAGO,1973,5600 W CHICAGO AVENUE,03/04/2017,3,1138858.856732452,1904825.827586656,41.894962293,-87.765460791,"(41.89496229349977, -87.76546079122906)"
ASHLAND AND MADISON,1911,0 N ASHLAND AVE,03/05/2017,1,,,,,
CICERO AND DIVERSEY,1694,4800 W DIVERSEY AVENUE,03/05/2017,1,1143869.848167704,1918226.043989398,41.93164142,-87.746719911,"(41.93164142040689, -87.7467199106462)"
COTTAGE GROVE AND 71ST,2571,7100 S COTTAGE GROVE,03/04/2017,1,1182746.23698699,1858088.011064538,41.765800351,-87.605729127,"(41.76580035131893, -87.6057291269901)"
IRVING PARK AND KILPATRICK,2763,4700 W IRVING PARK ROA,03/04/2017,5,,,,,
BROADWAY/SHERIDAN AND DEVON,1122,6400 N SHERIDAN ROAD,03/05/2017,5,1167087.151194129,1942658.704988689,41.998217921,-87.660695256,"(41.99821792053241, -87.6606952555721)"
ELSTON AND IRVING PARK,1503,3700 W IRVING PARK ROA,03/05/2017,3,,,,,
PULASKI AND ARMITAGE,1844,4000 W ARMITAGE AVENUE,03/05/2017,2,1149375.428872108,1913028.984273181,41.917275069,-87.726622746,"(41.91727506940875, -87.72662274644799)"
AUSTIN AND ADDISON,1491,3600 N AUSTIN AVENUE,03/05/2017,4,1135691.599896458,1923335.967306169,41.945813215,-87.776652162,"(41.9458132146695, -87.77665216156436)"
CICERO AND PETERSON,1204,4800 W PETERSON AVENUE,03/05/2017,1,1143273.766829016,1939491.944645127,41.990008007,-87.748376951,"(41.99000800729908, -87.74837695118997)"
71ST AND ASHLAND,2391,7100 S ASHLAND,03/04/2017,6,1166868.379865725,1857616.168087255,41.764859382,-87.663940176,"(41.764859382425385, -87.66394017630476)"
55TH AND WESTERN,2213,2400 W 55TH STREET,03/04/2017,7,1161277.012730599,1868185.749490228,41.793981347,-87.684141741,"(41.7939813465735, -87.68414174128355)"
CICERO AND I55,2251,4200 S CICERO AVENUE,03/05/2017,127,1145023.742859509,1876358.276835519,41.816729387,-87.743536712,"(41.81672938674739, -87.74353671247594)"
HOMAN/KIMBALL AND NORTH,1773,3400 W NORTH AVE,03/04/2017,9,1153386.578905125,1910465.87061722,41.910162847,-87.711953868,"(41.91016284680269, -87.71195386769125)"
IRVING PARK AND KILPATRICK,2764,4700 W IRVING PARK ROA,03/05/2017,2,,,,,
ADDISON AND HARLEM,1591,3600 N HARLEM AVENUE,03/05/2017,4,1127394.594070737,1923110.532422811,41.945338412,-87.807154769,"(41.94533841246591, -87.80715476912044)"
KEDZIE AND 31ST,2132,3100 S KEDZIE AVENUE,03/05/2017,6,1155483.167539854,1883867.660503274,41.837132671,-87.704967115,"(41.837132671422296, -87.70496711478727)"
71ST AND ASHLAND,2394,1600 W 71ST,03/04/2017,4,1166890.012333149,1857674.2502247,41.765018306,-87.66385923,"(41.76501830555763, -87.66385923012646)"
CENTRAL AND BELMONT,1602,3200 N CENTRAL AVENUE,03/04/2017,2,1138430.432324593,1920731.654410336,41.938617463,-87.766648297,"(41.938617463272884, -87.76664829683827)"
LARAMIE AND MADISON,2044,5200 W MADISON STREET,03/05/2017,24,1141706.965522802,1899567.55684314,41.880480752,-87.755130433,"(41.88048075170171, -87.75513043296509)"
WESTERN AND TOUHY,1251,7200 N WESTERN AVENUE,03/05/2017,1,1158975.66256211,1947754.286963361,42.012371335,-87.690393917,"(42.012371334791766, -87.69039391737863)"
FOSTER AND BROADWAY,1111,5200 N BROADWAY ST,03/05/2017,2,1167334.508577915,1934714.008346532,41.976412143,-87.660015082,"(41.97641214294823, -87.66001508205365)"
LASALLE AND KINZIE,1921,400 N LASALLE,03/05/2017,3,1175028.579766798,1903002.552291359,41.889225372,-87.632674115,"(41.88922537162015, -87.63267411498495)"
DIVISION AND DAMEN,1734,2000 W DIVISION,03/05/2017,5,1162815.710860194,1908034.672555531,41.903298793,-87.677383247,"(41.903298792681944, -87.67738324739636)"
119TH AND HALSTED,2404,800 W 119TH STREET,03/05/2017,5,1173111.174088158,1825985.001014405,41.677923389,-87.641989646,"(41.677923389134385, -87.64198964584013)"
CENTRAL AND FULLERTON,1442,2400 N CENTRAL AVENUE,03/05/2017,1,1138603.468418662,1915431.058212414,41.924068922,-87.766141214,"(41.92406892227644, -87.76614121413186)"
HOLLYWOOD AND SHERIDAN,1344,1000 W HOLLYWOOD AVE,03/04/2017,4,1168580.228926466,1938090.295189338,41.985649799,-87.655335807,"(41.98564979859328, -87.65533580655139)"
HOLLYWOOD AND SHERIDAN,1344,1000 W HOLLYWOOD AVE,03/05/2017,9,1168580.228926466,1938090.295189338,41.985649799,-87.655335807,"(41.98564979859328, -87.65533580655139)"
WESTERN AND NORTH,1851,1600 N WESTERN AVE,03/05/2017,6,1160077.474351131,1910605.013316134,41.910409024,-87.687370268,"(41.91040902362901, -87.687370268401)"
MILWAUKEE AND DEVON,1274,6400 W DEVON AVENUE,03/04/2017,6,1132590.619798275,1942138.532048656,41.997463981,-87.787610243,"(41.99746398102873, -87.78761024341388)"
CICERO AND CHICAGO,1781,800 N CICERO AVENUE,03/05/2017,5,1144169.162482127,1904893.189220372,41.895049038,-87.745955516,"(41.89504903796389, -87.74595551626888)"
KEDZIE AND 63RD,2364,3200 W 63RD ST,03/04/2017,2,1156103.348831225,1862717.565210739,41.779081505,-87.703260365,"(41.77908150488341, -87.70326036544745)"
CHICAGO AND CLARK,1964,100 W CHICAGO AVENUE,03/05/2017,8,1175374.528739575,1905745.47783364,41.896744347,-87.631321248,"(41.896744346875806, -87.63132124815151)"
CLARK AND IRVING PARK,1091,4000 N CLARK STREET,03/04/2017,6,1166736.149822904,1926699.323624709,41.954432441,-87.662446259,"(41.95443244141688, -87.66244625914061)"
COTTAGE GROVE AND 71ST,2571,7100 S COTTAGE GROVE,03/05/2017,2,1182746.23698699,1858088.011064538,41.765800351,-87.605729127,"(41.76580035131893, -87.6057291269901)"
ROOSEVELT AND HALSTED,2234,800 W ROOSEVELT ROAD,03/05/2017,15,1171199.282357741,1894968.056393724,41.867263098,-87.646972686,"(41.86726309836901, -87.64697268601648)"
119TH AND HALSTED,2402,11900 S HALSTED,03/04/2017,9,1173094.774616191,1825911.054609338,41.677720829,-87.642051845,"(41.67772082924762, -87.64205184498218)"
BELMONT AND KEDZIE,1372,3200 N KEDZIE AVE,03/05/2017,7,1154426.977874407,1921110.466549542,41.93935173,-87.707846594,"(41.93935173030961, -87.70784659359776)"
COLUMBUS AND ILLINOIS,1952,500 N COLUMBUS DRIVE,03/04/2017,5,1178372.808407292,1903693.06016042,41.891044569,-87.620371839,"(41.891044569124276, -87.620371839074)"
ARCHER AND CICERO,2081,5200 S CICERO AVE,03/05/2017,24,1145195.931989777,1869737.708306623,41.798558278,-87.743071866,"(41.798558278193305, -87.74307186616427)"
PULASKI AND LAWRENCE,1173,4000 W LAWRENCE AVENUE,03/04/2017,2,1148844.220085601,1931638.45430438,41.968351285,-87.728091672,"(41.96835128527914, -87.72809167198088)"
FOSTER AND NAGLE,1031,5200 N NAGLE,03/05/2017,4,1132529.656558223,1934201.702060651,41.97568567,-87.788020406,"(41.97568566971868, -87.78802040620296)"
75TH AND STATE,2621,7500 S STATE STREET,03/04/2017,24,1177538.763040612,1855235.551345519,41.758092176,-87.624902228,"(41.75809217638291, -87.6249022282473)"
COTTAGE GROVE AND 71ST,2572,7100 S COTTAGE GROVE,03/04/2017,4,1182746.23698699,1858088.011064538,41.765800351,-87.605729127,"(41.76580035131893, -87.6057291269901)"
WESTERN AND FULLERTON,1671,2400 N WESTERN AVENUE,03/04/2017,10,1159923.309342995,1915897.778561358,41.924935944,-87.687790255,"(41.92493594409127, -87.68779025471278)"
KEDZIE AND 47TH,2104,3200 W 47TH ST,03/05/2017,2,1155815.231505056,1873336.169728074,41.808226246,-87.704031672,"(41.808226246244026, -87.70403167215984)"
WESTERN AND ADDISON,1562,3600 N WESTERN AVENUE,03/05/2017,6,1159695.573342728,1923871.086283556,41.94681992,-87.688406662,"(41.94681991986288, -87.68840666206194)"
IRVING PARK AND KILPATRICK,2763,4700 W IRVING PARK ROA,03/05/2017,9,,,,,
CICERO AND WASHINGTON,1891,100 N CICERO AVENUE,03/04/2017,9,1144328.984091479,1900095.170838459,41.88187971,-87.745489247,"(41.88187970991601, -87.7454892473012)"
CALIFORNIA AND PETERSON,1313,2800 W PETERSON AVENUE,03/04/2017,2,1156569.515341857,1939784.830544118,41.990552082,-87.699464396,"(41.990552081681564, -87.69946439622785)"
BROADWAY/SHERIDAN AND DEVON,1122,6400 N SHERIDAN ROAD,03/04/2017,18,1167087.151194129,1942658.704988689,41.998217921,-87.660695256,"(41.99821792053241, -87.6606952555721)"
CENTRAL AND FULLERTON,1442,2400 N CENTRAL AVENUE,03/04/2017,3,1138603.468418662,1915431.058212414,41.924068922,-87.766141214,"(41.92406892227644, -87.76614121413186)"
HARLEM AND BELMONT,1391,3200 N HARLEM AVE,03/04/2017,7,1127481.020995451,1920467.613239239,41.938084468,-87.806896749,"(41.93808446822169, -87.80689674887883)"
ELSTON AND LAWRENCE,1282,4800 N ELSTON AVENUE,03/05/2017,3,1145529.344259918,1931501.601268983,41.968039361,-87.740283894,"(41.96803936143674, -87.74028389448999)"
LAKE SHORE DR AND BELMONT,1413,400 W BELMONT AVE,03/05/2017,33,1172981.744869382,1921577.376128802,41.940241193,-87.639639114,"(41.94024119325571, -87.63963911427594)"
STONEY ISLAND AND 76TH,2631,7600 S STONY ISLAND A,03/05/2017,19,1188092.796191935,1854889.354158304,41.756897173,-87.586234285,"(41.75689717260223, -87.58623428506996)"
63RD AND STATE,2712,6300 S STATE ST,03/04/2017,11,1177303.801895084,1863220.216755923,41.780008277,-87.625522512,"(41.78000827740796, -87.6255225119157)"
MONTROSE AND WESTERN,1224,2400 W MONTROSE AVENUE,03/04/2017,1,1159562.971802959,1929191.337701253,41.961421726,-87.68874698,"(41.961421726406314, -87.68874697983858)"
KEDZIE AND 31ST,2134,3200 W 31ST STREET,03/04/2017,5,1155487.128005646,1883943.061106793,41.8373395,-87.704950558,"(41.83733950029648, -87.70495055800411)"
WESTERN AND FULLERTON,1672,2400 N WESTERN AVENUE,03/05/2017,2,1159923.309342995,1915897.778561358,41.924935944,-87.687790255,"(41.92493594409127, -87.68779025471278)"
ROOSEVELT AND PULASKI,2314,4000 W ROOSEVELT ROAD,03/04/2017,4,1149885.032049683,1894449.464076882,41.866281003,-87.72523422,"(41.866281002664536, -87.72523421983905)"
CALIFORNIA AND PETERSON,1311,6000 N CALIFORNIA AVE,03/05/2017,2,1156545.742699118,1939775.775541795,41.990527717,-87.699552084,"(41.990527717148176, -87.69955208405155)"
CICERO AND I55,2252,4200 S CICERO AVENUE,03/04/2017,10,1145023.742859509,1876358.276835519,41.816729387,-87.743536712,"(41.81672938674739, -87.74353671247594)"
MILWAUKEE AND MONTROSE,1364,5075 W MONTROSE AVENUE,03/04/2017,4,1141716.746618898,1928736.076639057,41.960522088,-87.754371424,"(41.96052208819935, -87.75437142402293)"
STONY ISLAND/CORNELL AND 67TH,2721,6700 S STONY ISLAND A,03/05/2017,9,1187984.143047539,1860863.338367666,41.773292896,-87.586442368,"(41.77329289585066, -87.58644236831432)"
PULASKI AND IRVING PARK,1574,4000 W IRVING PARK RD,03/05/2017,7,1148988.727877253,1926320.954938409,41.953756874,-87.727698513,"(41.95375687447515, -87.72769851312907)"
WESTERN AND CHICAGO,1943,2400 W CHICAGO AVE,03/04/2017,2,1160226.686812944,1905300.904544474,41.895851041,-87.686968935,"(41.895851041123755, -87.68696893468467)"
PULASKI AND ARCHER,2153,5000 S ARCHER AVE,03/05/2017,2,1150501.818909837,1871162.311703322,41.802365973,-87.723576766,"(41.80236597333895, -87.72357676611004)"
HALSTED AND NORTH,1764,800 W NORTH AVENUE,03/05/2017,1,1170700.68422007,1910913.190749698,41.91102851,-87.648335806,"(41.91102850981186, -87.64833580602037)"
COTTAGE GROVE AND 71ST,2572,7100 S COTTAGE GROVE,03/05/2017,2,1182746.23698699,1858088.011064538,41.765800351,-87.605729127,"(41.76580035131893, -87.6057291269901)"
55TH AND WESTERN,2212,5500 S WESTERN AVE,03/05/2017,3,1161269.521335262,1867963.111601251,41.793370554,-87.684175377,"(41.79337055433029, -87.6841753767592)"
OGDEN AND KOSTNER,2222,2348 S KOSTNER AVENUE,03/04/2017,4,1147394.548182079,1887795.177782082,41.848068845,-87.734547457,"(41.8480688449598, -87.73454745748458)"
PERSHING AND WESTERN,2112,3900 S WESTERN BLVD,03/04/2017,6,1161130.992078755,1878746.226354636,41.822963628,-87.684384785,"(41.82296362788048, -87.68438478541296)"
IRVING PARK AND NARRAGANSETT,1024,6400 W IRVING PK,03/04/2017,2,1132945.939118726,1925946.304925137,41.953024751,-87.786683238,"(41.95302475075328, -87.78668323766634)"
WESTERN AND CERMAK,1002,2200 S WESTERN AVENUE,03/04/2017,4,1160669.42562757,1889318.196820393,41.85198384,-87.685785704,"(41.85198383957328, -87.68578570420526)"
DIVERSEY AND AUSTIN,1453,6000 W DIVERSEY AVENUE,03/04/2017,3,1135895.736169343,1918029.70673837,41.931248624,-87.776028612,"(41.931248623643455, -87.77602861172493)"
KEDZIE AND 31ST,2134,3200 W 31ST STREET,03/05/2017,2,1155487.128005646,1883943.061106793,41.8373395,-87.704950558,"(41.83733950029648, -87.70495055800411)"
4700 WESTERN,2141,4700 S WESTERN AVENUE,03/04/2017,13,1161120.438879703,1873431.066474726,41.808378408,-87.684570717,"(41.808378407946726, -87.68457071689552)"
PULASKI AND IRVING PARK,1572,4000 N PULASKI ROAD,03/04/2017,3,1148970.255325552,1926313.600468643,41.953737051,-87.727766612,"(41.95373705144353, -87.72776661179896)"
WESTERN AND CHICAGO,1943,2400 W CHICAGO AVE,03/05/2017,3,1160226.686812944,1905300.904544474,41.895851041,-87.686968935,"(41.895851041123755, -87.68696893468467)"
CENTRAL AND BELMONT,1604,5600 W BELMONT AVENUE,03/05/2017,5,1138453.617438343,1920755.972768412,41.938683775,-87.766562494,"(41.93868377475747, -87.76656249384537)"
CANAL AND ROOSEVELT,2294,500 W ROOSEVELT ROAD,03/04/2017,12,1173290.72186561,1895021.166235495,41.867362693,-87.639293195,"(41.867362692616666, -87.63929319464197)"
35TH AND WESTERN,2092,3500 S WESTERN,03/05/2017,9,1160894.949857101,1881376.851112895,41.830187255,-87.685177925,"(41.83018725526863, -87.68517792510231)"
ELSTON AND LAWRENCE,1284,4440 W LAWRENCE AVENUE,03/04/2017,6,1145715.061027481,1931571.0474838,41.968226398,-87.739599251,"(41.96822639754791, -87.73959925065756)"
STONEY ISLAND AND 79TH,2464,1600 E 79TH ST,03/05/2017,3,1188284.704439907,1852964.829047574,41.751611523,-87.585592284,"(41.75161152327319, -87.58559228428787)"
WESTERN AND 71ST,2612,7100 S WESTERN AVENUE,03/04/2017,6,1161563.704681724,1857484.211306323,41.764608912,-87.683387053,"(41.76460891223613, -87.68338705328121)"
CICERO AND PETERSON,1202,6000 N CICERO AVENUE,03/04/2017,2,1143247.733553094,1939479.342905704,41.989973915,-87.748473024,"(41.98997391514614, -87.74847302426933)"
CICERO AND PETERSON,1204,4800 W PETERSON AVENUE,03/04/2017,2,1143273.766829016,1939491.944645127,41.990008007,-87.748376951,"(41.99000800729908, -87.74837695118997)"
ELSTON AND LAWRENCE,1284,4440 W LAWRENCE AVENUE,03/05/2017,2,1145715.061027481,1931571.0474838,41.968226398,-87.739599251,"(41.96822639754791, -87.73959925065756)"
MILWAUKEE AND DEVON,1274,6400 W DEVON AVENUE,03/05/2017,7,1132590.619798275,1942138.532048656,41.997463981,-87.787610243,"(41.99746398102873, -87.78761024341388)"
ASHLAND AND 95TH,2472,9500 S ASHLAND AVENUE,03/05/2017,9,1167295.830128711,1841695.121217916,41.721160612,-87.662828139,"(41.72116061205213, -87.66282813939165)"
79TH AND HALSTED,2541,7900 S HALSTED STREET,03/04/2017,7,1172298.707400847,1852444.344822186,41.750549559,-87.644188368,"(41.750549559438944, -87.64418836784098)"
HAMLIN AND LAKE,1881,300 N HAMLIN AVENUE,03/04/2017,4,1150970.026856642,1901381.688308858,41.885282636,-87.721069539,"(41.88528263580913, -87.72106953854511)"
CERMAK AND PULASKI,2334,4000 W CERMAK,03/04/2017,7,1150018.476053666,1889120.238540361,41.851654369,-87.724882975,"(41.85165436867626, -87.7248829753078)"
PULASKI AND NORTH,1992,1600 N PULASKI AVENUE,03/04/2017,4,1149432.959240306,1910369.112502195,41.90997501,-87.726480523,"(41.909975010236906, -87.72648052306623)"
WESTERN AND DEVON,1211,6400 N WESTERN AVENUE,03/05/2017,1,1159113.585759434,1942451.622367891,41.997817807,-87.690033035,"(41.997817807026, -87.69003303469276)"
63RD AND STATE,2714,1 E 63RD ST,04/01/2017,19,1177367.518733101,1863199.17768559,41.779949105,-87.625289553,"(41.779949104569106, -87.62528955333775)"
KEDZIE AND 71ST,2352,7100 S KEDZIE AVENUE,03/04/2017,4,1156225.540366296,1857330.103443232,41.764295037,-87.702957162,"(41.764295036756856, -87.70295716211793)"
CHICAGO AND CLARK,1964,100 W CHICAGO AVENUE,03/04/2017,12,1175374.528739575,1905745.47783364,41.896744347,-87.631321248,"(41.896744346875806, -87.63132124815151)"
79TH AND KEDZIE,2443,3200 W 79TH ST,03/04/2017,8,1156402.644780165,1852104.649370984,41.749952001,-87.702448478,"(41.74995200142266, -87.70244847808695)"
STONEY ISLAND AND 79TH,2464,1600 E 79TH ST,03/04/2017,3,1188284.704439907,1852964.829047574,41.751611523,-87.585592284,"(41.75161152327319, -87.58559228428787)"
FULLERTON AND NARRAGANSETT,1553,6400 W FULLERTON AVENU,03/04/2017,5,1133317.594499059,1915293.661305931,41.923786189,-87.785567206,"(41.92378618871128, -87.78556720562165)"
CENTRAL AND DIVERSEY,1642,2800 N CENTRAL AVENUE,03/05/2017,1,1138516.407377375,1918089.499227987,41.931365552,-87.766396529,"(41.93136555236339, -87.76639652879172)"
WESTERN AND 63RD,2373,2400 W 63RD ST,03/04/2017,3,1161444.415758584,1862848.534703658,41.779331844,-87.683675761,"(41.77933184429814, -87.68367576084798)"
STONEY ISLAND AND 76TH,2632,7600 S STONY ISLAND A,03/04/2017,14,1188092.796191935,1854889.354158304,41.756897173,-87.586234285,"(41.75689717260223, -87.58623428506996)"
111TH AND HALSTED,2424,800 W 111TH ST,03/05/2017,2,1172945.404219168,1831282.917027882,41.692465363,-87.642440901,"(41.692465363421874, -87.64244090105778)"
CENTRAL AND FULLERTON,1444,5600 W FULLERTON AVENU,03/04/2017,1,1138627.279189421,1915438.969256439,41.924090199,-87.76605353,"(41.92409019883488, -87.76605353016079)"
IRVING PARK AND NARRAGANSETT,1024,6400 W IRVING PK,03/05/2017,1,1132945.939118726,1925946.304925137,41.953024751,-87.786683238,"(41.95302475075328, -87.78668323766634)"
CICERO AND CHICAGO,1783,4800 W CHICAGO AVENUE,03/05/2017,3,1144175.291152764,1904916.255225279,41.895112219,-87.745932427,"(41.89511221857764, -87.74593242701515)"
ASHLAND AND MADISON,1914,1600 W MADISON,03/04/2017,4,1165723.014733182,1900136.515489506,41.881564167,-87.666929463,"(41.8815641670199, -87.66692946294842)"
55TH and PULASKI,2244,4000 W 55TH ST,03/04/2017,2,1150621.676903861,1867864.274865394,41.793313334,-87.723223038,"(41.79331333358753, -87.72322303812588)"
CLARK AND FULLERTON,1632,2400 N CLARK ST,03/04/2017,3,1172749.562209477,1916238.997132859,41.925597623,-87.640650973,"(41.925597623023144, -87.64065097309872)"
ROOSEVELT AND HALSTED,2234,800 W ROOSEVELT ROAD,03/04/2017,16,1171199.282357741,1894968.056393724,41.867263098,-87.646972686,"(41.86726309836901, -87.64697268601648)"
115TH AND HALSTED,2553,800 W 115TH STREET,03/04/2017,4,1173010.735357888,1828632.242070332,41.685190056,-87.642279564,"(41.68519005571938, -87.64227956401977)"
CENTRAL AND BELMONT,1602,3200 N CENTRAL AVENUE,03/05/2017,1,1138430.432324593,1920731.654410336,41.938617463,-87.766648297,"(41.938617463272884, -87.76664829683827)"
KEDZIE AND ARMITAGE,1834,3200 W ARMITAGE AVENUE,03/05/2017,1,1154700.851347995,1913153.252187904,41.917511023,-87.707053639,"(41.91751102291878, -87.7070536388797)"
ASHLAND AND LAWRENCE,1142,4800 N ASHLAND AVENUE,03/05/2017,6,1164751.686785145,1932001.206626392,41.96902343,-87.669590434,"(41.969023429614026, -87.66959043354217)"
LAKE SHORE DR AND BELMONT,1413,400 W BELMONT AVE,03/04/2017,62,1172981.744869382,1921577.376128802,41.940241193,-87.639639114,"(41.94024119325571, -87.63963911427594)"
KOSTNER AND NORTH,2013,4400 W NORTH,03/05/2017,6,1146738.551618032,1910309.595368032,41.909863573,-87.736380296,"(41.90986357340246, -87.73638029605371)"
HARLEM AND BELMONT,1391,3200 N HARLEM AVE,03/05/2017,3,1127481.020995451,1920467.613239239,41.938084468,-87.806896749,"(41.93808446822169, -87.80689674887883)"
ROOSEVELT AND KOSTNER,2323,4400 W ROOSEVELT,03/04/2017,4,1147200.963258796,1894379.538078088,41.866140868,-87.73508956,"(41.866140867641654, -87.73508956008207)"
BROADWAY/SHERIDAN AND DEVON,1123,1200 W DEVON AVE,03/05/2017,2,1167109.644248166,1942688.147952186,41.998298228,-87.660611661,"(41.99829822771884, -87.66061166063517)"
4700 WESTERN,2142,4700 S WESTERN AVENUE,03/04/2017,2,1161120.438879703,1873431.066474726,41.808378408,-87.684570717,"(41.808378407946726, -87.68457071689552)"
KEDZIE AND 47TH,2104,3200 W 47TH ST,03/04/2017,3,1155815.231505056,1873336.169728074,41.808226246,-87.704031672,"(41.808226246244026, -87.70403167215984)"
HALSTED AND MADISON,1872,1 N HALSTED STREET,03/05/2017,5,1171090.967986833,1900270.454015136,41.881815632,-87.647214717,"(41.88181563164203, -87.64721471704077)"
HOMAN/KIMBALL AND NORTH,1771,1600 N HOMAN AVENUE,03/05/2017,2,,,,,
ASHLAND AND 87TH,2454,1600 W 87TH ST,03/05/2017,6,1167171.941297436,1847064.855345151,41.735898617,-87.663128781,"(41.735898617066006, -87.66312878090133)"
ROOSEVELT AND PULASKI,2314,4000 W ROOSEVELT ROAD,03/05/2017,6,1149885.032049683,1894449.464076882,41.866281003,-87.72523422,"(41.866281002664536, -87.72523421983905)"
PULASKI AND DIVISION,1801,1200 N PULASKI ROAD,03/05/2017,1,1149459.590666926,1907723.219884254,41.902713902,-87.726451457,"(41.902713901936174, -87.72645145715836)"
SACRAMENTO AND LAKE,1822,150 N SACRAMENTO BOUL,03/05/2017,4,1156319.560664766,1900957.489351962,41.884012178,-87.701436479,"(41.88401217771363, -87.7014364786693)"
31ST ST AND MARTIN LUTHER KING DRIVE,2121,3100 S DR MARTIN L KING,03/05/2017,10,,,,,
CICERO AND ADDISON,1612,3600 N CICERO AVENUE,03/05/2017,6,1143698.904601495,1923517.005821035,41.946163524,-87.747215169,"(41.94616352362556, -87.74721516897007)"
WESTERN AND CERMAK,1002,2200 S WESTERN AVENUE,03/05/2017,6,1160669.42562757,1889318.196820393,41.85198384,-87.685785704,"(41.85198383957328, -87.68578570420526)"
DAMEN AND DIVERSEY,1464,2000 W DIVERSEY PARKWAY,03/04/2017,4,1162519.714934025,1918635.417634925,41.932394164,-87.678173031,"(41.93239416403691, -87.67817303087757)"
STATE AND 79TH,2651,7900 S STATE STREET,03/05/2017,13,1177618.166929966,1852621.870232838,41.750918138,-87.624690123,"(41.7509181383154, -87.62469012251644)"
CENTRAL AND IRVING PARK,1182,4000 N CENTRAL AVENUE,03/05/2017,3,1138258.614129764,1926071.172884932,41.953272751,-87.767150151,"(41.95327275103541, -87.76715015131407)"
PULASKI AND NORTH,1994,4000 W NORTH AVENUE,03/05/2017,1,1149456.2688422,1910376.774019002,41.909995582,-87.726394693,"(41.90999558160536, -87.72639469321471)"
ROOSEVELT AND KOSTNER,2321,1200 S KOSTNER,03/04/2017,5,1147196.304001978,1894305.883269746,41.865938839,-87.735108549,"(41.8659388389088, -87.73510854901264)"
ASHLAND AND FULLERTON,1652,2400 N ASHLAND AVENUE,03/04/2017,15,1165228.073342838,1916032.319169157,41.92519389,-87.668294363,"(41.92519388981048, -87.66829436339881)"
CICERO AND HARRISON,2023,4800 W HARRISON STREET,03/04/2017,2,1144451.867388303,1896949.561959463,41.873245464,-87.745117179,"(41.873245464379586, -87.7451171788807)"
CICERO AND ADDISON,1612,3600 N CICERO AVENUE,03/04/2017,4,1143698.904601495,1923517.005821035,41.946163524,-87.747215169,"(41.94616352362556, -87.74721516897007)"
PULASKI AND BELMONT,1382,3200 N PULASKI RD,03/05/2017,2,1149125.621478734,1920994.556178086,41.939138154,-87.72733371,"(41.939138153500274, -87.7273337101426)"
CENTRAL AND DIVERSEY,1642,2800 N CENTRAL AVENUE,03/04/2017,1,1138516.407377375,1918089.499227987,41.931365552,-87.766396529,"(41.93136555236339, -87.76639652879172)"
HARLEM AND BELMONT,1394,7200 W BELMONT AVE,03/05/2017,5,1127504.698153561,1920475.415440844,41.938105479,-87.806809552,"(41.93810547939496, -87.80680955240743)"
CALIFORNIA AND DIVERSEY,1514,2800 W DIVERSEY,03/04/2017,39,1157212.54253358,1918526.674434943,41.932205395,-87.697679244,"(41.93220539506452, -87.6976792438691)"
DIVERSEY AND AUSTIN,1454,6000 W DIVERSEY AVENUE,03/05/2017,3,1135895.736169343,1918029.70673837,41.931248624,-87.776028612,"(41.931248623643455, -87.77602861172493)"
KOSTNER AND NORTH,2011,1600 N KOSTNER,03/04/2017,4,1146732.108679105,1910282.120990798,41.909788304,-87.736404667,"(41.90978830394343, -87.73640466739216)"
PULASKI AND DIVERSEY,1543,4000 W DIVERSEY AVENUE,03/05/2017,4,1149206.496130705,1918356.569267582,41.931897723,-87.72710503,"(41.9318977231462, -87.72710503045386)"
DAMEN AND 63RD,2702,6300 S DAMEN AVENUE,03/05/2017,4,1164069.407943298,1862830.277442834,41.779226921,-87.674052731,"(41.77922692069256, -87.67405273137854)"
IRVING PARK AND KEDZIE,1354,3200 W IRVING PARK ROAD,03/05/2017,22,1154325.140302006,1926458.463197156,41.954029047,-87.708077494,"(41.95402904691877, -87.70807749383191)"
PULASKI AND ARCHER,2153,5000 S ARCHER AVE,03/04/2017,2,1150501.818909837,1871162.311703322,41.802365973,-87.723576766,"(41.80236597333895, -87.72357676611004)"
31ST ST AND MARTIN LUTHER KING DRIVE,2123,400 E 31ST STREET,03/05/2017,3,1179437.985396417,1884565.84226022,41.838534018,-87.617046113,"(41.838534018118914, -87.61704611345726)"
WESTERN AND DEVON,1211,6400 N WESTERN AVENUE,03/04/2017,3,1159113.585759434,1942451.622367891,41.997817807,-87.690033035,"(41.997817807026, -87.69003303469276)"
ELSTON AND LAWRENCE,1282,4800 N ELSTON AVENUE,03/04/2017,3,1145529.344259918,1931501.601268983,41.968039361,-87.740283894,"(41.96803936143674, -87.74028389448999)"
LAKE SHORE DR AND BELMONT,1412,3200 N LAKESHORE DRIV,03/05/2017,10,1173053.220555078,1921821.380831705,41.940909163,-87.63936916,"(41.94090916326764, -87.63936915995522)"
CICERO AND 47TH,2202,4700 S CICERO AVE,03/04/2017,2,1145112.150373471,1873006.659918126,41.807530373,-87.743296821,"(41.80753037289406, -87.7432968212423)"
KEDZIE AND ARMITAGE,1832,2000 N KEDZIE AVENUE,03/04/2017,4,1154684.031809326,1913129.496340896,41.917446172,-87.707116072,"(41.91744617191702, -87.70711607187832)"
CALIFORNIA AND PETERSON,1313,2800 W PETERSON AVENUE,03/05/2017,3,1156569.515341857,1939784.830544118,41.990552082,-87.699464396,"(41.990552081681564, -87.69946439622785)"
HARLEM AND BELMONT,1394,7200 W BELMONT AVE,03/04/2017,4,1127504.698153561,1920475.415440844,41.938105479,-87.806809552,"(41.93810547939496, -87.80680955240743)"
CICERO AND ADDISON,1611,3600 N CICERO AVENUE,03/05/2017,4,1143698.904601495,1923517.005821035,41.946163524,-87.747215169,"(41.94616352362556, -87.74721516897007)"
STATE AND 79TH,2654,1 E 79TH STREET,03/04/2017,73,1177680.113652821,1852598.313477786,41.750852096,-87.624463832,"(41.75085209551078, -87.62446383210285)"
CHICAGO AND CLARK,1963,100 W CHICAGO AVENUE,03/04/2017,12,1175374.528739575,1905745.47783364,41.896744347,-87.631321248,"(41.896744346875806, -87.63132124815151)"
BELMONT AND KEDZIE,1373,3200 W BELMONT,03/04/2017,4,1154461.587940363,1921143.091003516,41.939440561,-87.707718516,"(41.93944056117365, -87.70771851630873)"
LARAMIE AND FULLERTON,1421,2400 N LARAMIE AVENUE,03/04/2017,1,1141282.877477884,1915479.163971956,41.924151874,-87.756294662,"(41.92415187425276, -87.75629466175003)"
PULASKI AND IRVING PARK,1574,4000 W IRVING PARK RD,03/04/2017,8,1148988.727877253,1926320.954938409,41.953756874,-87.727698513,"(41.95375687447515, -87.72769851312907)"
HAMLIN AND MADISON,1901,0 N HAMLIN BOULEVARD,03/04/2017,21,,,,,
WESTERN AND TOUHY,1251,7200 N WESTERN AVENUE,03/04/2017,3,1158975.66256211,1947754.286963361,42.012371335,-87.690393917,"(42.012371334791766, -87.69039391737863)"
LASALLE AND KINZIE,1921,400 N LASALLE,03/04/2017,6,1175028.579766798,1903002.552291359,41.889225372,-87.632674115,"(41.88922537162015, -87.63267411498495)"
111TH AND HALSTED,2424,800 W 111TH ST,03/04/2017,7,1172945.404219168,1831282.917027882,41.692465363,-87.642440901,"(41.692465363421874, -87.64244090105778)"
FULLERTON AND NARRAGANSETT,1554,6400 W FULLERTON AVENU,03/05/2017,7,1133317.594499059,1915293.661305931,41.923786189,-87.785567206,"(41.92378618871128, -87.78556720562165)"
AUSTIN AND ADDISON,1491,3600 N AUSTIN AVENUE,03/04/2017,7,1135691.599896458,1923335.967306169,41.945813215,-87.776652162,"(41.9458132146695, -87.77665216156436)"
119TH AND HALSTED,2402,11900 S HALSTED,03/05/2017,5,1173094.774616191,1825911.054609338,41.677720829,-87.642051845,"(41.67772082924762, -87.64205184498218)"
LAFAYETTE AND 87TH,2503,30 W 87TH STREET,03/04/2017,25,1177407.651800237,1847320.772058312,41.736376037,-87.625621311,"(41.736376036604916, -87.62562131092602)"
PULASKI AND DIVISION,1801,1200 N PULASKI ROAD,03/04/2017,4,1149459.590666926,1907723.219884254,41.902713902,-87.726451457,"(41.902713901936174, -87.72645145715836)"
STONEY ISLAND AND 79TH,2461,7900 S SOUTH CHICAGO AVE,03/04/2017,1,1188274.655498937,1852865.685797892,41.751339705,-87.585632266,"(41.751339704589455, -87.58563226565187)"
STATE AND 79TH,2651,7900 S STATE STREET,03/04/2017,7,1177618.166929966,1852621.870232838,41.750918138,-87.624690123,"(41.7509181383154, -87.62469012251644)"
MONTROSE AND WESTERN,1224,2400 W MONTROSE AVENUE,03/05/2017,2,1159562.971802959,1929191.337701253,41.961421726,-87.68874698,"(41.961421726406314, -87.68874697983858)"
WESTERN AND MARQUETTE,2672,6700 S WESTERN AVENUE,03/05/2017,3,1161488.747635042,1860134.788366884,41.771884028,-87.683588402,"(41.77188402771193, -87.68358840206334)"
HALSTED AND NORTH,1761,1600 N HALSTED STREET,03/05/2017,2,1170678.283433825,1910880.991397547,41.910940644,-87.648419043,"(41.91094064391597, -87.64841904272998)"
115TH AND HALSTED,2552,11500 S HALSTED STREE,03/05/2017,20,,,,,
PULASKI AND CHICAGO,1983,4000 W CHICAGO AVENUE,03/05/2017,5,1149561.855939692,1905086.596446259,41.895476752,-87.72614436,"(41.89547675163723, -87.72614435991626)"
KOSTNER AND NORTH,2013,4400 W NORTH,03/04/2017,5,1146738.551618032,1910309.595368032,41.909863573,-87.736380296,"(41.90986357340246, -87.73638029605371)"
PULASKI AND BELMONT,1382,3200 N PULASKI RD,03/04/2017,3,1149125.621478734,1920994.556178086,41.939138154,-87.72733371,"(41.939138153500274, -87.7273337101426)"
ASHLAND AND IRVING PARK,1153,1600 W IRVING PARK ROA,03/04/2017,3,,,,,
4700 WESTERN,2141,4700 S WESTERN AVENUE,03/05/2017,9,1161120.438879703,1873431.066474726,41.808378408,-87.684570717,"(41.808378407946726, -87.68457071689552)"
HOMAN/KIMBALL AND NORTH,1773,3400 W NORTH AVE,03/05/2017,6,1153386.578905125,1910465.87061722,41.910162847,-87.711953868,"(41.91016284680269, -87.71195386769125)"
PULASKI AND FOSTER,1104,4000 W FOSTER AVE,03/04/2017,6,1148759.16134887,1934294.249006446,41.975640616,-87.728335469,"(41.975640616231914, -87.72833546926573)"
ELSTON AND ADDISON,1403,3216 W ADDISON ST,03/05/2017,4,1154199.729816868,1923799.345386665,41.946734755,-87.708609774,"(41.946734754927796, -87.7086097735515)"
HALSTED AND MADISON,1871,1 S HALSTED STREET,03/04/2017,7,1171092.392868784,1900234.542088741,41.881717056,-87.647210539,"(41.88171705561901, -87.64721053920604)"
PULASKI AND ARCHER,2154,5000 S ARCHER AVE,03/04/2017,2,1150501.818909837,1871162.311703322,41.802365973,-87.723576766,"(41.80236597333895, -87.72357676611004)"
IRVING PARK AND CALIFORNIA,1234,2800 W IRVING PARK ROA,03/05/2017,6,,,,,
COLUMBUS AND ILLINOIS,1951,500 N COLUMBUS DRIVE,03/05/2017,14,1178372.808407292,1903693.06016042,41.891044569,-87.620371839,"(41.891044569124276, -87.620371839074)"
55TH AND KEDZIE,2163,3200 W 55TH STREET,03/05/2017,2,1155966.956993183,1868015.593764152,41.793622803,-87.703618141,"(41.79362280329978, -87.70361814062049)"
DIVISION AND DAMEN,1733,2000 W DIVISION,03/04/2017,6,1162815.710860194,1908034.672555531,41.903298793,-87.677383247,"(41.903298792681944, -87.67738324739636)"
CENTRAL AND LAKE,1743,5600 W LAKE STREET,03/05/2017,3,1138951.495695032,1902230.510465733,41.887838735,-87.765183663,"(41.887838735330206, -87.76518366338465)"
STONEY ISLAND AND 76TH,2631,7600 S STONY ISLAND A,03/04/2017,19,1188092.796191935,1854889.354158304,41.756897173,-87.586234285,"(41.75689717260223, -87.58623428506996)"
PULASKI AND FOSTER,1102,5200 N PULASKI RD,03/04/2017,4,1148746.251286324,1934286.914361976,41.97562074,-87.728383135,"(41.97562073966174, -87.72838313514907)"
CICERO AND I55,2251,4200 S CICERO AVENUE,03/04/2017,94,1145023.742859509,1876358.276835519,41.816729387,-87.743536712,"(41.81672938674739, -87.74353671247594)"
DAMEN AND DIVERSEY,1464,2000 W DIVERSEY PARKWAY,03/05/2017,8,1162519.714934025,1918635.417634925,41.932394164,-87.678173031,"(41.93239416403691, -87.67817303087757)"
WESTERN AND NORTH,1853,2400 W NORTH AVE,03/05/2017,1,1160100.839010995,1910612.783367238,41.910429862,-87.687284221,"(41.91042986235867, -87.68728422050837)"
KEDZIE AND 71ST,2352,7100 S KEDZIE AVENUE,03/05/2017,3,1156225.540366296,1857330.103443232,41.764295037,-87.702957162,"(41.764295036756856, -87.70295716211793)"
CENTRAL AND ADDISON,1682,3600 N CENTRAL AVENUE,03/05/2017,2,1138343.117435682,1923392.067464765,41.945919491,-87.766904594,"(41.945919490555106, -87.76690459426293)"
ASHLAND AND 87TH,2452,8700 S ASHLAND AVE,03/05/2017,7,1167150.470087748,1846991.212339794,41.735696989,-87.663209544,"(41.73569698863625, -87.66320954445679)"
WESTERN AND FULLERTON,1671,2400 N WESTERN AVENUE,03/05/2017,15,1159923.309342995,1915897.778561358,41.924935944,-87.687790255,"(41.92493594409127, -87.68779025471278)"
MONTROSE AND WESTERN,1221,4400 N WESTERN AVENUE,03/05/2017,6,1159539.733234718,1929183.918095502,41.961401846,-87.688832623,"(41.961401846278505, -87.6888326227788)"
STONY ISLAND/CORNELL AND 67TH,2731,6700 S CORNELL DRIVE,03/04/2017,6,1188316.454860734,1860851.137456735,41.77325149,-87.5852246,"(41.77325148959568, -87.58522459967712)"
LARAMIE AND MADISON,2043,5200 W MADISON STREET,03/04/2017,4,1141706.965522802,1899567.55684314,41.880480752,-87.755130433,"(41.88048075170171, -87.75513043296509)"
WESTERN AND 79TH,2481,7900 S WESTERN AVE,03/04/2017,5,1161711.516404028,1852181.685686118,41.750054934,-87.682992203,"(41.750054933649984, -87.68299220290213)"
HALSTED AND DIVISION,1714,800 W DIVISION,03/05/2017,4,1170767.827960358,1908259.644151662,41.903745557,-87.648167011,"(41.90374555734733, -87.64816701062779)"
ROOSEVELT AND HALSTED,2233,800 W ROOSEVELT ROAD,03/04/2017,5,1171199.282357741,1894968.056393724,41.867263098,-87.646972686,"(41.86726309836901, -87.64697268601648)"
HALSTED AND 103RD,2592,10300 S HALSTED STREE,03/04/2017,4,,,,,
KOSTNER AND NORTH,2012,4400 W GRAND AVE,03/05/2017,6,1146773.519128439,1910425.663958581,41.91018141,-87.73624887,"(41.910181409597406, -87.73624887040725)"
ASHLAND AND FULLERTON,1652,2400 N ASHLAND AVENUE,03/05/2017,8,1165228.073342838,1916032.319169157,41.92519389,-87.668294363,"(41.92519388981048, -87.66829436339881)"
HALSTED AND FULLERTON,1701,2400 N HALSTED STREET,03/04/2017,5,1170501.602639925,1916200.061550148,41.925540315,-87.648912156,"(41.925540315431995, -87.64891215551155)"
WESTERN AND FOSTER,1074,2400 W FOSTER AVE,03/04/2017,3,1159379.402846887,1934502.712486132,41.97600019,-87.689275084,"(41.97600018976586, -87.68927508385399)"
ASHLAND AND 95TH,2473,1600 W 95TH STREET,03/05/2017,2,1167323.753394196,1841755.029221382,41.721324412,-87.662724153,"(41.721324411975246, -87.66272415265087)"
HALSTED AND MADISON,1872,1 N HALSTED STREET,03/04/2017,7,1171090.967986833,1900270.454015136,41.881815632,-87.647214717,"(41.88181563164203, -87.64721471704077)"
CLARK AND FULLERTON,1632,2400 N CLARK ST,03/05/2017,2,1172749.562209477,1916238.997132859,41.925597623,-87.640650973,"(41.925597623023144, -87.64065097309872)"
CALIFORNIA AND DEVON,1323,2800 W DEVON AVENUE,03/04/2017,3,1156484.528078038,1942377.980662191,41.997669523,-87.699706423,"(41.99766952286052, -87.69970642324591)"
79TH AND KEDZIE,2443,3200 W 79TH ST,03/05/2017,3,1156402.644780165,1852104.649370984,41.749952001,-87.702448478,"(41.74995200142266, -87.70244847808695)"
ARCHER AND CICERO,2081,5200 S CICERO AVE,02/05/2017,17,1145195.931989777,1869737.708306623,41.798558278,-87.743071866,"(41.798558278193305, -87.74307186616427)"
CORTLAND AND ASHLAND,1723,1600 W CORTLAND ST,03/04/2017,6,1165377.660768235,1912768.773647285,41.916235337,-87.667837772,"(41.91623533746878, -87.66783777212962)"
115TH AND HALSTED,2552,11500 S HALSTED STREE,03/04/2017,29,,,,,
HALSTED AND 95TH,2582,9500 S HALSTED STREET,03/04/2017,5,1172610.538363645,1841811.61926207,41.721365061,-87.643358042,"(41.72136506078306, -87.64335804234075)"
PULASKI AND LAWRENCE,1172,4800 N PULASKI ROAD,03/04/2017,2,1148821.701520117,1931605.974570937,41.968262595,-87.728175316,"(41.968262595100775, -87.7281753157596)"
WESTERN AND 71ST,2612,7100 S WESTERN AVENUE,03/05/2017,6,1161563.704681724,1857484.211306323,41.764608912,-87.683387053,"(41.76460891223613, -87.68338705328121)"
HOLLYWOOD AND SHERIDAN,1343,1000 W HOLLYWOOD AVE,03/05/2017,4,1168580.228926466,1938090.295189338,41.985649799,-87.655335807,"(41.98564979859328, -87.65533580655139)"
CANAL AND ROOSEVELT,2291,1200 S CANAL STREET,03/04/2017,12,1173268.771030949,1894952.634878732,41.867175125,-87.639375813,"(41.86717512472001, -87.63937581258092)"
AUSTIN AND IRVING PARK,1161,4000 N AUSTIN AVENUE,03/05/2017,3,1135599.956110927,1926006.862619986,41.953144059,-87.776925284,"(41.95314405904539, -87.77692528423394)"
WENTWORTH AND GARFIELD,,5500 S WENTWORTH AVEN,03/04/2017,1,,,,,
63RD AND STATE,2712,6300 S STATE ST,03/05/2017,2,1177303.801895084,1863220.216755923,41.780008277,-87.625522512,"(41.78000827740796, -87.6255225119157)"
CENTRAL AND ADDISON,1683,5600 W ADDISON STREET,03/04/2017,3,1138349.663302502,1923416.02157061,41.945985104,-87.766879952,"(41.94598510430888, -87.76687995165918)"
CENTRAL AND CHICAGO,1972,800 N CENTRAL AVENUE,03/05/2017,5,1138836.562608552,1904801.732832435,41.894896579,-87.765543258,"(41.89489657939746, -87.76554325845893)"
FOSTER AND NAGLE,1031,5200 N NAGLE,03/04/2017,9,1132529.656558223,1934201.702060651,41.97568567,-87.788020406,"(41.97568566971868, -87.78802040620296)"
ASHLAND AND 87TH,2452,8700 S ASHLAND AVE,03/04/2017,5,1167150.470087748,1846991.212339794,41.735696989,-87.663209544,"(41.73569698863625, -87.66320954445679)"
HALSTED AND NORTH,1761,1600 N HALSTED STREET,03/04/2017,2,1170678.283433825,1910880.991397547,41.910940644,-87.648419043,"(41.91094064391597, -87.64841904272998)"
KOSTNER AND NORTH,2012,4400 W GRAND AVE,03/04/2017,7,1146773.519128439,1910425.663958581,41.91018141,-87.73624887,"(41.910181409597406, -87.73624887040725)"
CICERO AND NORTH,2033,4800 W NORTH AVENUE,03/04/2017,5,1144053.733747163,1910243.80567041,41.90973389,-87.746244973,"(41.909733890131285, -87.74624497295898)"
CENTRAL AND IRVING PARK,1183,5600 W IRVING PARK ROAD,03/05/2017,3,1138281.535484986,1926078.647777633,41.953292847,-87.767065708,"(41.953292847298, -87.76706570775266)"
PULASKI AND ARMITAGE,1843,4000 W ARMITAGE AVENUE,03/05/2017,7,1149375.428872108,1913028.984273181,41.917275069,-87.726622746,"(41.91727506940875, -87.72662274644799)"
OGDEN AND KOSTNER,2222,2348 S KOSTNER AVENUE,03/05/2017,5,1147394.548182079,1887795.177782082,41.848068845,-87.734547457,"(41.8480688449598, -87.73454745748458)"
FOSTER AND BROADWAY,1111,5200 N BROADWAY ST,03/04/2017,1,1167334.508577915,1934714.008346532,41.976412143,-87.660015082,"(41.97641214294823, -87.66001508205365)"
IRVING PARK AND KEDZIE,1353,3200 W IRVING PARK ROAD,03/05/2017,4,1154325.140302006,1926458.463197156,41.954029047,-87.708077494,"(41.95402904691877, -87.70807749383191)"
ASHLAND AND LAWRENCE,1143,1600 W LAWRENCE AVENUE,03/05/2017,2,1164771.946929007,1931988.254061312,41.968987457,-87.669516307,"(41.96898745654617, -87.66951630654926)"
DIVISION AND DAMEN,1734,2000 W DIVISION,03/04/2017,9,1162815.710860194,1908034.672555531,41.903298793,-87.677383247,"(41.903298792681944, -87.67738324739636)"
CLARK AND IRVING PARK,1093,1300 W IRVING PARK ROAD,03/04/2017,13,1166777.545456989,1926719.73687357,41.954487567,-87.662293496,"(41.95448756687966, -87.66229349585691)"
TOUHY AND OSCEOLA,1244,7432 W TOUHY AVENUE,03/04/2017,3,1125717.010560011,1947269.685461107,42.011661765,-87.812781431,"(42.01166176507329, -87.81278143114147)"
MILWAUKEE AND MONTROSE,1364,5075 W MONTROSE AVENUE,03/05/2017,7,1141716.746618898,1928736.076639057,41.960522088,-87.754371424,"(41.96052208819935, -87.75437142402293)"
IRVING PARK AND LARAMIE,1534,5200 W IRVING PARK ROA,03/05/2017,4,,,,,
CICERO AND NORTH,2033,4800 W NORTH AVENUE,03/05/2017,7,1144053.733747163,1910243.80567041,41.90973389,-87.746244973,"(41.909733890131285, -87.74624497295898)"
CENTRAL AND CHICAGO,1972,800 N CENTRAL AVENUE,03/04/2017,6,1138836.562608552,1904801.732832435,41.894896579,-87.765543258,"(41.89489657939746, -87.76554325845893)"
PULASKI AND DIVERSEY,1542,2800 N PULASKI ROAD,03/04/2017,2,1149200.724531183,1918332.222549679,41.931831026,-87.727126873,"(41.93183102561505, -87.72712687300454)"
IRVING PARK AND CALIFORNIA,1233,2800 W IRVING PARK ROA,03/05/2017,2,,,,,
SHERIDAN AND FOSTER,1134,1000 W FOSTER AVE,03/04/2017,1,1168689.247756979,1934758.578141654,41.976505116,-87.655031882,"(41.97650511595711, -87.65503188224778)"
HALSTED AND FULLERTON,1704,800 W FULLERTON AVENUE,03/04/2017,7,1170525.624723311,1916208.443992778,41.925562791,-87.648823641,"(41.92556279107417, -87.64882364145232)"
MONTROSE AND WESTERN,1221,4400 N WESTERN AVENUE,03/04/2017,10,1159539.733234718,1929183.918095502,41.961401846,-87.688832623,"(41.961401846278505, -87.6888326227788)"
ROOSEVELT AND PULASKI,2311,1200 S PULASKI ROAD,03/05/2017,8,1149866.002247864,1894375.839200384,41.866079337,-87.725305995,"(41.86607933722178, -87.7253059948758)"
111TH AND HALSTED,2422,11100 S HALSTED ST,03/05/2017,5,1172923.657689312,1831209.044179248,41.692263123,-87.642522688,"(41.692263123425136, -87.6425226876268)"
IRVING PARK AND LARAMIE,1533,5200 W IRVING PARK ROA,03/05/2017,2,,,,,
99TH AND HALSTED,2433,800 W 99TH ST,03/04/2017,23,1172710.642565684,1839246.330602143,41.714323337,-87.643066714,"(41.71432333701137, -87.64306671421937)"
ELSTON AND IRVING PARK,1503,3700 W IRVING PARK ROA,03/04/2017,7,,,,,
CERMAK AND PULASKI,2332,2200 S PULASKI,03/05/2017,10,1150012.876838243,1889071.75851865,41.851521442,-87.724904787,"(41.85152144233116, -87.7249047867499)"
PULASKI AND 63RD,2342,6300 S PULASKI RD,03/05/2017,3,1150746.00309079,1862516.747695325,41.778636469,-87.722906356,"(41.77863646878099, -87.72290635568541)"
KIMBALL AND DIVERSEY,1583,3400 W DIVERSEY AVENUE,03/04/2017,3,1153211.149172713,1918454.477800566,41.932087747,-87.71238583,"(41.932087747378944, -87.71238582951281)"
HALSTED AND 95TH,2581,9500 S HALSTED STREET,03/05/2017,7,1172610.538363645,1841811.61926207,41.721365061,-87.643358042,"(41.72136506078306, -87.64335804234075)"
WESTERN AND DEVON,1212,6400 N WESTERN AVENUE,03/04/2017,1,1159113.585759434,1942451.622367891,41.997817807,-87.690033035,"(41.997817807026, -87.69003303469276)"
CORTLAND AND ASHLAND,1721,1900 N ASHLAND AVE,03/04/2017,14,1165348.084854857,1912736.454335569,41.916147281,-87.667947354,"(41.91614728095272, -87.66794735350443)"
PERSHING AND WESTERN,2114,2400 W PERSHING ROAD,03/05/2017,4,1160957.773623189,1878793.434193427,41.82309676,-87.685018951,"(41.82309676016606, -87.68501895061576)"
ASHLAND AND FULLERTON,1651,2400 N ASHLAND AVENUE,03/04/2017,2,1165228.073342838,1916032.319169157,41.92519389,-87.668294363,"(41.92519388981048, -87.66829436339881)"
HAMLIN AND LAKE,1882,300 N HAMLIN AVENUE,03/04/2017,4,1150970.026856642,1901381.688308858,41.885282636,-87.721069539,"(41.88528263580913, -87.72106953854511)"
ELSTON AND IRVING PARK,1502,4000 N ELSTON AVENUE,03/05/2017,2,1151273.974828198,1926311.849469842,41.953687266,-87.719297882,"(41.95368726563273, -87.71929788151473)"
IRVING PARK AND CALIFORNIA,1234,2800 W IRVING PARK ROA,03/04/2017,22,,,,,
PULASKI AND PETERSON,1263,4000 W PETERSON AVENUE,03/04/2017,21,1148618.560490339,1939615.133928395,41.990244186,-87.728714391,"(41.99024418564742, -87.7287143910091)"
JEFFERY AND 95TH,2523,2000 E 95TH ST,03/04/2017,1,1191188.381103057,1842410.411853539,41.722579473,-87.575292523,"(41.722579473126416, -87.57529252250366)"
CLARK AND FULLERTON,1631,2400 N CLARK ST,03/04/2017,4,1172749.562209477,1916238.997132859,41.925597623,-87.640650973,"(41.925597623023144, -87.64065097309872)"
LAFAYETTE AND 87TH,2503,30 W 87TH STREET,03/05/2017,16,1177407.651800237,1847320.772058312,41.736376037,-87.625621311,"(41.736376036604916, -87.62562131092602)"
CICERO AND 47TH,2204,4800 W 47TH ST,03/05/2017,19,1145130.048925744,1873078.44198302,41.807727017,-87.743229366,"(41.80772701677172, -87.74322936566276)"
CALIFORNIA AND DEVON,1323,2800 W DEVON AVENUE,03/05/2017,1,1156484.528078038,1942377.980662191,41.997669523,-87.699706423,"(41.99766952286052, -87.69970642324591)"
WENTWORTH AND GARFIELD,2261,5500 S WENTWORTH AVEN,03/04/2017,26,,,,,
CENTRAL AND IRVING PARK,1182,4000 N CENTRAL AVENUE,03/04/2017,4,1138258.614129764,1926071.172884932,41.953272751,-87.767150151,"(41.95327275103541, -87.76715015131407)"
KEDZIE AND ARMITAGE,1834,3200 W ARMITAGE AVENUE,03/04/2017,3,1154700.851347995,1913153.252187904,41.917511023,-87.707053639,"(41.91751102291878, -87.7070536388797)"
87TH AND VINCENNES,2412,8700 S VINCENNES,03/04/2017,7,1172026.328989535,1847142.496643776,41.736006565,-87.645341819,"(41.73600656458518, -87.64534181897955)"
HOLLYWOOD AND SHERIDAN,1343,1000 W HOLLYWOOD AVE,03/04/2017,9,1168580.228926466,1938090.295189338,41.985649799,-87.655335807,"(41.98564979859328, -87.65533580655139)"
CICERO AND FULLERTON,1472,2400 N CICERO AVE,03/04/2017,6,1143961.592189569,1915545.343094087,41.92428359,-87.74645019,"(41.92428358982701, -87.74645019028947)"
STATE AND 79TH,2654,1 E 79TH STREET,03/05/2017,44,1177680.113652821,1852598.313477786,41.750852096,-87.624463832,"(41.75085209551078, -87.62446383210285)"
ASHLAND AND FULLERTON,1651,2400 N ASHLAND AVENUE,03/05/2017,3,1165228.073342838,1916032.319169157,41.92519389,-87.668294363,"(41.92519388981048, -87.66829436339881)"
CALIFORNIA AND DIVERSEY,1513,2800 W DIVERSEY,03/04/2017,4,1157212.54253358,1918526.674434943,41.932205395,-87.697679244,"(41.93220539506452, -87.6976792438691)"
LAWRENCE AND WESTERN,1193,2400 W LAWRENCE AVENUE,03/04/2017,5,1159482.648570304,1931851.989492596,41.968724349,-87.688968727,"(41.96872434882172, -87.68896872699601)"
VAN BUREN AND WESTERN,2052,400 S WESTERN AVENUE,03/05/2017,37,1160431.682297829,1898091.942371589,41.876064776,-87.686415631,"(41.87606477642526, -87.68641563098768)"
HAMLIN AND LAKE,1882,300 N HAMLIN AVENUE,03/05/2017,7,1150970.026856642,1901381.688308858,41.885282636,-87.721069539,"(41.88528263580913, -87.72106953854511)"
CLARK AND FULLERTON,1631,2400 N CLARK ST,03/05/2017,7,1172749.562209477,1916238.997132859,41.925597623,-87.640650973,"(41.925597623023144, -87.64065097309872)"
ASHLAND AND IRVING PARK,1151,4000 N ASHLAND AVENUE,03/05/2017,2,1164899.463802581,1926665.661118925,41.954379326,-87.66919912,"(41.954379326212695, -87.66919911980419)"
HALSTED AND 95TH,2581,9500 S HALSTED STREET,03/04/2017,9,1172610.538363645,1841811.61926207,41.721365061,-87.643358042,"(41.72136506078306, -87.64335804234075)"
FULLERTON AND NARRAGANSETT,1553,6400 W FULLERTON AVENU,03/05/2017,4,1133317.594499059,1915293.661305931,41.923786189,-87.785567206,"(41.92378618871128, -87.78556720562165)"
55TH AND WESTERN,2212,5500 S WESTERN AVE,03/04/2017,10,1161269.521335262,1867963.111601251,41.793370554,-87.684175377,"(41.79337055433029, -87.6841753767592)"
SACRAMENTO AND LAKE,1822,150 N SACRAMENTO BOUL,03/04/2017,5,1156319.560664766,1900957.489351962,41.884012178,-87.701436479,"(41.88401217771363, -87.7014364786693)"
IRVING PARK AND LARAMIE,1534,5200 W IRVING PARK ROA,03/04/2017,2,,,,,
35TH AND WESTERN,2091,3500 S WESTERN,03/05/2017,2,1160894.949857101,1881376.851112895,41.830187255,-87.685177925,"(41.83018725526863, -87.68517792510231)"
ELSTON AND ADDISON,1402,3600 N ELSTON AVE,03/05/2017,2,1154106.95251778,1923731.036211081,41.946549165,-87.708952626,"(41.94654916480637, -87.70895262603513)"
CANAL AND ROOSEVELT,2291,1200 S CANAL STREET,03/05/2017,8,1173268.771030949,1894952.634878732,41.867175125,-87.639375813,"(41.86717512472001, -87.63937581258092)"
HALSTED AND FULLERTON,1701,2400 N HALSTED STREET,03/05/2017,2,1170501.602639925,1916200.061550148,41.925540315,-87.648912156,"(41.925540315431995, -87.64891215551155)"
CICERO AND 47TH,2204,4800 W 47TH ST,03/04/2017,6,1145130.048925744,1873078.44198302,41.807727017,-87.743229366,"(41.80772701677172, -87.74322936566276)"
CORTLAND AND ASHLAND,1723,1600 W CORTLAND ST,03/05/2017,4,1165377.660768235,1912768.773647285,41.916235337,-87.667837772,"(41.91623533746878, -87.66783777212962)"
KEDZIE AND 63RD,2364,3200 W 63RD ST,03/05/2017,1,1156103.348831225,1862717.565210739,41.779081505,-87.703260365,"(41.77908150488341, -87.70326036544745)"
CERMAK AND PULASKI,2332,2200 S PULASKI,03/04/2017,4,1150012.876838243,1889071.75851865,41.851521442,-87.724904787,"(41.85152144233116, -87.7249047867499)"
FULLERTON AND NARRAGANSETT,1554,6400 W FULLERTON AVENU,03/04/2017,9,1133317.594499059,1915293.661305931,41.923786189,-87.785567206,"(41.92378618871128, -87.78556720562165)"
CENTRAL AND LAKE,1742,400 N CENTRAL AVENUE,03/04/2017,11,1138928.478257537,1902217.926149854,41.887804621,-87.765268498,"(41.88780462053497, -87.76526849810371)"
ASHLAND AND MADISON,1911,0 N ASHLAND AVE,03/04/2017,5,,,,,
KEDZIE AND 71ST,2354,3200 W 71ST STREET,03/05/2017,2,1156246.862901455,1857404.014959868,41.764497433,-87.702877023,"(41.76449743256955, -87.70287702335861)"
SACRAMENTO AND CHICAGO,1814,3000 W CHICAGO AVENUE,03/04/2017,6,1156075.266375505,1905216.604770718,41.895704525,-87.702218524,"(41.895704524946225, -87.70221852353758)"
35TH AND WESTERN,2092,3500 S WESTERN,03/04/2017,3,1160894.949857101,1881376.851112895,41.830187255,-87.685177925,"(41.83018725526863, -87.68517792510231)"
TOUHY AND OSCEOLA,1243,7432 W TOUHY AVENUE,03/04/2017,2,1125717.010560011,1947269.685461107,42.011661765,-87.812781431,"(42.01166176507329, -87.81278143114147)"
87TH AND VINCENNES,2412,8700 S VINCENNES,03/05/2017,3,1172026.328989535,1847142.496643776,41.736006565,-87.645341819,"(41.73600656458518, -87.64534181897955)"
99TH AND HALSTED,2433,800 W 99TH ST,03/05/2017,4,1172710.642565684,1839246.330602143,41.714323337,-87.643066714,"(41.71432333701137, -87.64306671421937)"
HALSTED AND NORTH,1764,800 W NORTH AVENUE,03/04/2017,2,1170700.68422007,1910913.190749698,41.91102851,-87.648335806,"(41.91102850981186, -87.64833580602037)"
IRVING PARK AND KEDZIE,1354,3200 W IRVING PARK ROAD,03/04/2017,7,1154325.140302006,1926458.463197156,41.954029047,-87.708077494,"(41.95402904691877, -87.70807749383191)"
DIVERSEY AND AUSTIN,1453,6000 W DIVERSEY AVENUE,03/05/2017,1,1135895.736169343,1918029.70673837,41.931248624,-87.776028612,"(41.931248623643455, -87.77602861172493)"
DIVISION AND DAMEN,1733,2000 W DIVISION,03/05/2017,5,1162815.710860194,1908034.672555531,41.903298793,-87.677383247,"(41.903298792681944, -87.67738324739636)"
PULASKI AND DIVERSEY,1542,2800 N PULASKI ROAD,03/05/2017,2,1149200.724531183,1918332.222549679,41.931831026,-87.727126873,"(41.93183102561505, -87.72712687300454)"
PULASKI AND IRVING PARK,1572,4000 N PULASKI ROAD,03/05/2017,4,1148970.255325552,1926313.600468643,41.953737051,-87.727766612,"(41.95373705144353, -87.72776661179896)"
HALSTED AND MADISON,1871,1 S HALSTED STREET,03/05/2017,3,1171092.392868784,1900234.542088741,41.881717056,-87.647210539,"(41.88171705561901, -87.64721053920604)"
ASHLAND AND DIVISION,1791,1200 N ASHLAND AVENUE,03/04/2017,13,1165466.997046718,1908083.767015974,41.903377468,-87.667643142,"(41.903377467566784, -87.66764314227497)"
CICERO AND HARRISON,2022,600 S CICERO AVENUE,03/04/2017,14,1144444.97442848,1896894.622216872,41.873094833,-87.745143869,"(41.873094832519136, -87.74514386884542)"
CORTLAND AND ASHLAND,1721,1900 N ASHLAND AVE,03/05/2017,12,1165348.084854857,1912736.454335569,41.916147281,-87.667947354,"(41.91614728095272, -87.66794735350443)"
OGDEN AND KOSTNER,2223,4400 W OGDEN AVENUE,03/05/2017,5,1147406.592439224,1887689.099869462,41.847777523,-87.734505969,"(41.84777752280453, -87.73450596874825)"
LAKE SHORE DR AND BELMONT,1412,3200 N LAKESHORE DRIV,03/04/2017,11,1173053.220555078,1921821.380831705,41.940909163,-87.63936916,"(41.94090916326764, -87.63936915995522)"
SHERIDAN AND FOSTER,1134,1000 W FOSTER AVE,03/05/2017,2,1168689.247756979,1934758.578141654,41.976505116,-87.655031882,"(41.97650511595711, -87.65503188224778)"
FOSTER AND BROADWAY,1113,1200 W FOSTER AVE,03/04/2017,4,1167357.095930752,1934721.393266777,41.97643192,-87.659931806,"(41.97643192018459, -87.65993180604016)"
WESTERN AND 79TH,2481,7900 S WESTERN AVE,03/05/2017,1,1161711.516404028,1852181.685686118,41.750054934,-87.682992203,"(41.750054933649984, -87.68299220290213)"
CICERO AND ARMITAGE,2003,4800 W ARMITAGE AVENUE,03/04/2017,1,1144054.25126508,1912907.00926109,41.917041992,-87.746176095,"(41.91704199201953, -87.74617609464687)"
ROOSEVELT AND KOSTNER,2321,1200 S KOSTNER,03/05/2017,2,1147196.304001978,1894305.883269746,41.865938839,-87.735108549,"(41.8659388389088, -87.73510854901264)"
DAMEN AND 63RD,2701,6300 S DAMEN AVENUE,03/05/2017,3,1164069.407943298,1862830.277442834,41.779226921,-87.674052731,"(41.77922692069256, -87.67405273137854)"
WENTWORTH AND GARFIELD,2264,200 W GARFIELD BLVD,03/05/2017,6,1175889.574397302,1868551.750512227,41.794670385,-87.630547476,"(41.79467038468937, -87.63054747605638)"
MILWAUKEE AND MONTROSE,1362,4400 N MILWAUKEE AVEN,03/05/2017,1,1141643.943268783,1928770.256316239,41.96061723,-87.75463824,"(41.9606172296957, -87.75463824007085)"
ROOSEVELT AND PULASKI,2311,1200 S PULASKI ROAD,03/04/2017,3,1149866.002247864,1894375.839200384,41.866079337,-87.725305995,"(41.86607933722178, -87.7253059948758)"
55TH and PULASKI,2242,5500 S PULASKI,03/04/2017,2,1150600.072649439,1867806.44512718,41.793155061,-87.723303765,"(41.793155060731024, -87.72330376464247)"
WESTERN AND CERMAK,1003,2400 W CERMAK ROAD,03/05/2017,3,1160678.000607329,1889375.645335924,41.852141307,-87.685752642,"(41.85214130680468, -87.6857526415569)"
CENTRAL AND LAKE,1742,400 N CENTRAL AVENUE,03/05/2017,5,1138928.478257537,1902217.926149854,41.887804621,-87.765268498,"(41.88780462053497, -87.76526849810371)"
JEFFERY AND 95TH,2522,9500 S JEFFERY AVE,03/05/2017,4,1191132.420601301,1842335.735988875,41.722375907,-87.575499903,"(41.72237590704101, -87.57549990332795)"
KIMBALL AND DIVERSEY,1581,2800 N KIMBALL AVENUE,03/04/2017,3,,,,,
ELSTON AND ADDISON,1402,3600 N ELSTON AVE,03/04/2017,2,1154106.95251778,1923731.036211081,41.946549165,-87.708952626,"(41.94654916480637, -87.70895262603513)"
PULASKI AND FOSTER,1104,4000 W FOSTER AVE,03/05/2017,4,1148759.16134887,1934294.249006446,41.975640616,-87.728335469,"(41.975640616231914, -87.72833546926573)"
PULASKI AND ARCHER,2154,5000 S ARCHER AVE,03/05/2017,1,1150501.818909837,1871162.311703322,41.802365973,-87.723576766,"(41.80236597333895, -87.72357676611004)"
PULASKI AND PETERSON,1262,6000 N PULASKI ROAD,03/04/2017,2,1148598.016685695,1939584.645960177,41.990160923,-87.728790748,"(41.99016092280557, -87.72879074759867)"
55TH AND WESTERN,2213,2400 W 55TH STREET,03/05/2017,4,1161277.012730599,1868185.749490228,41.793981347,-87.684141741,"(41.7939813465735, -87.68414174128355)"
79TH AND HALSTED,2541,7900 S HALSTED STREET,03/05/2017,8,1172298.707400847,1852444.344822186,41.750549559,-87.644188368,"(41.750549559438944, -87.64418836784098)"
CENTRAL AND ADDISON,1683,5600 W ADDISON STREET,03/05/2017,4,1138349.663302502,1923416.02157061,41.945985104,-87.766879952,"(41.94598510430888, -87.76687995165918)"
TOUHY AND OSCEOLA,1244,7432 W TOUHY AVENUE,03/05/2017,1,1125717.010560011,1947269.685461107,42.011661765,-87.812781431,"(42.01166176507329, -87.81278143114147)"
CICERO AND NORTH,2034,4800 W NORTH AVENUE,03/05/2017,1,1144053.733747163,1910243.80567041,41.90973389,-87.746244973,"(41.909733890131285, -87.74624497295898)"
LAFAYETTE AND 87TH,2502,8700 S LAFAYETTE AVEN,03/04/2017,34,1177417.493180297,1847243.988223464,41.73616511,-87.625587569,"(41.73616511008592, -87.62558756899932)"
CICERO AND WASHINGTON,1891,100 N CICERO AVENUE,03/05/2017,9,1144328.984091479,1900095.170838459,41.88187971,-87.745489247,"(41.88187970991601, -87.7454892473012)"
PULASKI AND DIVISION,1802,1200 N PULASKI ROAD,03/04/2017,3,1149459.590666926,1907723.219884254,41.902713902,-87.726451457,"(41.902713901936174, -87.72645145715836)"
KEDZIE AND 26TH,2382,2600 S KEDZIE AVENUE,03/04/2017,3,1155404.235510285,1886524.460033054,41.844424831,-87.705185452,"(41.84442483084393, -87.70518545233183)"
VAN BUREN AND WESTERN,2054,2400 W VAN BUREN STREE,03/05/2017,7,,,,,
PULASKI AND CHICAGO,1983,4000 W CHICAGO AVENUE,03/04/2017,7,1149561.855939692,1905086.596446259,41.895476752,-87.72614436,"(41.89547675163723, -87.72614435991626)"
MADISON AND WESTERN,1931,1 S WESTERN AVE,03/05/2017,1,1160453.827721979,1899933.703473746,41.881118279,-87.686283339,"(41.881118278833966, -87.686283338873)"
55TH and PULASKI,2242,5500 S PULASKI,03/05/2017,4,1150600.072649439,1867806.44512718,41.793155061,-87.723303765,"(41.793155060731024, -87.72330376464247)"
STONEY ISLAND AND 79TH,2462,7900 S STONEY ISLAND,03/05/2017,1,1188181.571068297,1852908.934789311,41.751460603,-87.585971993,"(41.75146060316686, -87.5859719929647)"
DAMEN AND DIVERSEY,1462,2800 N DAMEN AVENUE,03/04/2017,12,1162490.04851994,1918611.623717091,41.932329494,-87.678282719,"(41.9323294940985, -87.67828271931386)"
WESTERN AND CHICAGO,1941,800 N WESTERN AVE,03/04/2017,5,1160220.967978608,1905277.507115921,41.895786955,-87.686990586,"(41.89578695485361, -87.68699058611217)"
119TH AND HALSTED,2404,800 W 119TH STREET,05/09/2017,4,1173111.174088158,1825985.001014405,41.677923389,-87.641989646,"(41.677923389134385, -87.64198964584013)"
STONEY ISLAND AND 79TH,2462,7900 S STONEY ISLAND,03/04/2017,1,1188181.571068297,1852908.934789311,41.751460603,-87.585971993,"(41.75146060316686, -87.5859719929647)"
ASHLAND AND 95TH,2473,1600 W 95TH STREET,03/04/2017,8,1167323.753394196,1841755.029221382,41.721324412,-87.662724153,"(41.721324411975246, -87.66272415265087)"
PULASKI AND ARMITAGE,1844,4000 W ARMITAGE AVENUE,03/04/2017,2,1149375.428872108,1913028.984273181,41.917275069,-87.726622746,"(41.91727506940875, -87.72662274644799)"
PULASKI AND ARMITAGE,1843,4000 W ARMITAGE AVENUE,03/04/2017,3,1149375.428872108,1913028.984273181,41.917275069,-87.726622746,"(41.91727506940875, -87.72662274644799)"
WESTERN AND FOSTER,1074,2400 W FOSTER AVE,03/05/2017,6,1159379.402846887,1934502.712486132,41.97600019,-87.689275084,"(41.97600018976586, -87.68927508385399)"
WESTERN AND CHICAGO,1941,800 N WESTERN AVE,03/05/2017,1,1160220.967978608,1905277.507115921,41.895786955,-87.686990586,"(41.89578695485361, -87.68699058611217)"
FOSTER AND BROADWAY,1111,5200 N BROADWAY ST,03/06/2017,1,1167334.508577915,1934714.008346532,41.976412143,-87.660015082,"(41.97641214294823, -87.66001508205365)"
ROOSEVELT AND PULASKI,2314,4000 W ROOSEVELT ROAD,03/06/2017,3,1149885.032049683,1894449.464076882,41.866281003,-87.72523422,"(41.866281002664536, -87.72523421983905)"
71ST AND ASHLAND,2391,7100 S ASHLAND,03/06/2017,1,1166868.379865725,1857616.168087255,41.764859382,-87.663940176,"(41.764859382425385, -87.66394017630476)"
KEDZIE AND 71ST,2352,7100 S KEDZIE AVENUE,03/06/2017,2,1156225.540366296,1857330.103443232,41.764295037,-87.702957162,"(41.764295036756856, -87.70295716211793)"
FOSTER AND NAGLE,1034,6400 W FOSTER,03/06/2017,5,1132552.893142153,1934229.875527466,41.975762574,-87.787934296,"(41.97576257447203, -87.7879342955108)"
WESTERN AND NORTH,1851,1600 N WESTERN AVE,03/06/2017,2,1160077.474351131,1910605.013316134,41.910409024,-87.687370268,"(41.91040902362901, -87.687370268401)"
BELMONT AND KEDZIE,1372,3200 N KEDZIE AVE,03/06/2017,6,1154426.977874407,1921110.466549542,41.93935173,-87.707846594,"(41.93935173030961, -87.70784659359776)"
CICERO AND PETERSON,1202,6000 N CICERO AVENUE,03/06/2017,3,1143247.733553094,1939479.342905704,41.989973915,-87.748473024,"(41.98997391514614, -87.74847302426933)"
55TH AND WESTERN,2212,5500 S WESTERN AVE,03/06/2017,5,1161269.521335262,1867963.111601251,41.793370554,-87.684175377,"(41.79337055433029, -87.6841753767592)"
HALSTED AND 103RD,2593,800 W 103RD STREET,03/06/2017,3,1172778.570616036,1836587.755252818,41.70702632,-87.642896007,"(41.707026319812215, -87.64289600741817)"
PULASKI AND ARMITAGE,1843,4000 W ARMITAGE AVENUE,03/06/2017,2,1149375.428872108,1913028.984273181,41.917275069,-87.726622746,"(41.91727506940875, -87.72662274644799)"
AUSTIN AND ADDISON,1491,3600 N AUSTIN AVENUE,03/06/2017,6,1135691.599896458,1923335.967306169,41.945813215,-87.776652162,"(41.9458132146695, -87.77665216156436)"
PERSHING AND WESTERN,2112,3900 S WESTERN BLVD,03/06/2017,4,1161130.992078755,1878746.226354636,41.822963628,-87.684384785,"(41.82296362788048, -87.68438478541296)"
HALSTED AND 95TH,2581,9500 S HALSTED STREET,03/06/2017,6,1172610.538363645,1841811.61926207,41.721365061,-87.643358042,"(41.72136506078306, -87.64335804234075)"
JEFFERY AND 95TH,2523,2000 E 95TH ST,03/06/2017,2,1191188.381103057,1842410.411853539,41.722579473,-87.575292523,"(41.722579473126416, -87.57529252250366)"
ROOSEVELT AND HALSTED,2233,800 W ROOSEVELT ROAD,03/06/2017,4,1171199.282357741,1894968.056393724,41.867263098,-87.646972686,"(41.86726309836901, -87.64697268601648)"
WESTERN AND FOSTER,1072,5200 N WESTERN AVE,03/06/2017,5,1159372.922497116,1934478.313674003,41.975933372,-87.689299589,"(41.97593337199358, -87.6892995891816)"
CALIFORNIA AND DIVERSEY,1514,2800 W DIVERSEY,03/06/2017,25,1157212.54253358,1918526.674434943,41.932205395,-87.697679244,"(41.93220539506452, -87.6976792438691)"
55TH and PULASKI,2244,4000 W 55TH ST,03/06/2017,4,1150621.676903861,1867864.274865394,41.793313334,-87.723223038,"(41.79331333358753, -87.72322303812588)"
HARLEM AND BELMONT,1394,7200 W BELMONT AVE,03/06/2017,3,1127504.698153561,1920475.415440844,41.938105479,-87.806809552,"(41.93810547939496, -87.80680955240743)"
87TH AND VINCENNES,2412,8700 S VINCENNES,03/06/2017,4,1172026.328989535,1847142.496643776,41.736006565,-87.645341819,"(41.73600656458518, -87.64534181897955)"
STONY ISLAND/CORNELL AND 67TH,2731,6700 S CORNELL DRIVE,03/06/2017,15,1188316.454860734,1860851.137456735,41.77325149,-87.5852246,"(41.77325148959568, -87.58522459967712)"
STONY ISLAND/CORNELL AND 67TH,2721,6700 S STONY ISLAND A,03/06/2017,12,1187984.143047539,1860863.338367666,41.773292896,-87.586442368,"(41.77329289585066, -87.58644236831432)"
TOUHY AND OSCEOLA,1244,7432 W TOUHY AVENUE,03/06/2017,1,1125717.010560011,1947269.685461107,42.011661765,-87.812781431,"(42.01166176507329, -87.81278143114147)"
ASHLAND AND LAWRENCE,1142,4800 N ASHLAND AVENUE,03/06/2017,7,1164751.686785145,1932001.206626392,41.96902343,-87.669590434,"(41.969023429614026, -87.66959043354217)"
KEDZIE AND 26TH,2381,2600 S KEDZIE AVENUE,03/06/2017,2,1155404.235510285,1886524.460033054,41.844424831,-87.705185452,"(41.84442483084393, -87.70518545233183)"
CALIFORNIA AND DEVON,1323,2800 W DEVON AVENUE,03/06/2017,2,1156484.528078038,1942377.980662191,41.997669523,-87.699706423,"(41.99766952286052, -87.69970642324591)"
PULASKI AND DIVISION,1801,1200 N PULASKI ROAD,03/06/2017,4,1149459.590666926,1907723.219884254,41.902713902,-87.726451457,"(41.902713901936174, -87.72645145715836)"
STONEY ISLAND AND 79TH,2464,1600 E 79TH ST,03/06/2017,7,1188284.704439907,1852964.829047574,41.751611523,-87.585592284,"(41.75161152327319, -87.58559228428787)"
CENTRAL AND FULLERTON,1442,2400 N CENTRAL AVENUE,03/06/2017,1,1138603.468418662,1915431.058212414,41.924068922,-87.766141214,"(41.92406892227644, -87.76614121413186)"
CICERO AND NORTH,2034,4800 W NORTH AVENUE,03/06/2017,1,1144053.733747163,1910243.80567041,41.90973389,-87.746244973,"(41.909733890131285, -87.74624497295898)"
ASHLAND AND IRVING PARK,1151,4000 N ASHLAND AVENUE,03/06/2017,2,1164899.463802581,1926665.661118925,41.954379326,-87.66919912,"(41.954379326212695, -87.66919911980419)"
31ST ST AND MARTIN LUTHER KING DRIVE,2121,3100 S DR MARTIN L KING,03/06/2017,3,,,,,
CLARK AND IRVING PARK,1093,1300 W IRVING PARK ROAD,03/06/2017,4,1166777.545456989,1926719.73687357,41.954487567,-87.662293496,"(41.95448756687966, -87.66229349585691)"
HALSTED AND DIVISION,1714,800 W DIVISION,03/06/2017,7,1170767.827960358,1908259.644151662,41.903745557,-87.648167011,"(41.90374555734733, -87.64816701062779)"
CICERO AND FULLERTON,1472,2400 N CICERO AVE,03/06/2017,3,1143961.592189569,1915545.343094087,41.92428359,-87.74645019,"(41.92428358982701, -87.74645019028947)"
CENTRAL AND DIVERSEY,1642,2800 N CENTRAL AVENUE,03/06/2017,1,1138516.407377375,1918089.499227987,41.931365552,-87.766396529,"(41.93136555236339, -87.76639652879172)"
119TH AND HALSTED,2402,11900 S HALSTED,03/06/2017,12,1173094.774616191,1825911.054609338,41.677720829,-87.642051845,"(41.67772082924762, -87.64205184498218)"
LARAMIE AND FULLERTON,1421,2400 N LARAMIE AVENUE,03/06/2017,1,1141282.877477884,1915479.163971956,41.924151874,-87.756294662,"(41.92415187425276, -87.75629466175003)"
DIVERSEY AND AUSTIN,1454,6000 W DIVERSEY AVENUE,03/06/2017,4,1135895.736169343,1918029.70673837,41.931248624,-87.776028612,"(41.931248623643455, -87.77602861172493)"
CICERO AND NORTH,2033,4800 W NORTH AVENUE,03/06/2017,6,1144053.733747163,1910243.80567041,41.90973389,-87.746244973,"(41.909733890131285, -87.74624497295898)"
4700 WESTERN,2142,4700 S WESTERN AVENUE,03/06/2017,1,1161120.438879703,1873431.066474726,41.808378408,-87.684570717,"(41.808378407946726, -87.68457071689552)"
ASHLAND AND 95TH,2472,9500 S ASHLAND AVENUE,03/06/2017,7,1167295.830128711,1841695.121217916,41.721160612,-87.662828139,"(41.72116061205213, -87.66282813939165)"
PULASKI AND CHICAGO,1983,4000 W CHICAGO AVENUE,03/06/2017,3,1149561.855939692,1905086.596446259,41.895476752,-87.72614436,"(41.89547675163723, -87.72614435991626)"
KIMBALL AND DIVERSEY,1581,2800 N KIMBALL AVENUE,03/06/2017,5,,,,,
STATE AND 79TH,2654,1 E 79TH STREET,03/06/2017,13,1177680.113652821,1852598.313477786,41.750852096,-87.624463832,"(41.75085209551078, -87.62446383210285)"
CICERO AND I55,2252,4200 S CICERO AVENUE,03/06/2017,11,1145023.742859509,1876358.276835519,41.816729387,-87.743536712,"(41.81672938674739, -87.74353671247594)"
PULASKI AND PETERSON,1263,4000 W PETERSON AVENUE,03/06/2017,11,1148618.560490339,1939615.133928395,41.990244186,-87.728714391,"(41.99024418564742, -87.7287143910091)"
IRVING PARK AND KILPATRICK,2764,4700 W IRVING PARK ROA,03/06/2017,3,,,,,
OGDEN AND KOSTNER,2222,2348 S KOSTNER AVENUE,03/06/2017,4,1147394.548182079,1887795.177782082,41.848068845,-87.734547457,"(41.8480688449598, -87.73454745748458)"
CICERO AND DIVERSEY,1694,4800 W DIVERSEY AVENUE,03/06/2017,1,1143869.848167704,1918226.043989398,41.93164142,-87.746719911,"(41.93164142040689, -87.7467199106462)"
PULASKI AND DIVISION,1802,1200 N PULASKI ROAD,03/06/2017,2,1149459.590666926,1907723.219884254,41.902713902,-87.726451457,"(41.902713901936174, -87.72645145715836)"
HARLEM AND BELMONT,1391,3200 N HARLEM AVE,03/06/2017,3,1127481.020995451,1920467.613239239,41.938084468,-87.806896749,"(41.93808446822169, -87.80689674887883)"
BELMONT AND KEDZIE,1373,3200 W BELMONT,03/06/2017,3,1154461.587940363,1921143.091003516,41.939440561,-87.707718516,"(41.93944056117365, -87.70771851630873)"
PULASKI AND IRVING PARK,1572,4000 N PULASKI ROAD,03/06/2017,1,1148970.255325552,1926313.600468643,41.953737051,-87.727766612,"(41.95373705144353, -87.72776661179896)"
CANAL AND ROOSEVELT,2294,500 W ROOSEVELT ROAD,03/06/2017,5,1173290.72186561,1895021.166235495,41.867362693,-87.639293195,"(41.867362692616666, -87.63929319464197)"
CICERO AND ADDISON,1612,3600 N CICERO AVENUE,03/06/2017,2,1143698.904601495,1923517.005821035,41.946163524,-87.747215169,"(41.94616352362556, -87.74721516897007)"
HAMLIN AND MADISON,1901,0 N HAMLIN BOULEVARD,03/06/2017,7,,,,,
PULASKI AND DIVERSEY,1543,4000 W DIVERSEY AVENUE,03/06/2017,4,1149206.496130705,1918356.569267582,41.931897723,-87.72710503,"(41.9318977231462, -87.72710503045386)"
CERMAK AND PULASKI,2334,4000 W CERMAK,03/06/2017,3,1150018.476053666,1889120.238540361,41.851654369,-87.724882975,"(41.85165436867626, -87.7248829753078)"
PETERSON AND WESTERN,1014,2400 W PETERSON,03/06/2017,8,1159214.211316277,1939825.301874586,41.99060901,-87.689735481,"(41.990609009807294, -87.68973548092968)"
MILWAUKEE AND DEVON,1272,6400 N MILWAUKEE AVEN,03/06/2017,2,1132463.750397878,1942107.911507627,41.997382173,-87.788077674,"(41.99738217345368, -87.78807767391953)"
CICERO AND ADDISON,1611,3600 N CICERO AVENUE,03/06/2017,5,1143698.904601495,1923517.005821035,41.946163524,-87.747215169,"(41.94616352362556, -87.74721516897007)"
SHERIDAN AND FOSTER,1134,1000 W FOSTER AVE,03/06/2017,2,1168689.247756979,1934758.578141654,41.976505116,-87.655031882,"(41.97650511595711, -87.65503188224778)"
79TH AND HALSTED,2541,7900 S HALSTED STREET,03/06/2017,4,1172298.707400847,1852444.344822186,41.750549559,-87.644188368,"(41.750549559438944, -87.64418836784098)"
HAMLIN AND MADISON,1903,3800 W MADISON STREET,03/06/2017,6,1151032.709141294,1899784.033986533,41.880897273,-87.720881226,"(41.880897273491264, -87.72088122613924)"
ASHLAND AND LAWRENCE,1143,1600 W LAWRENCE AVENUE,03/06/2017,8,1164771.946929007,1931988.254061312,41.968987457,-87.669516307,"(41.96898745654617, -87.66951630654926)"
75TH AND STATE,2624,1 E 75TH STREET,03/06/2017,6,1177601.72646404,1855229.486604181,41.758074111,-87.624671658,"(41.75807411097799, -87.62467165835182)"
CENTRAL AND ADDISON,1682,3600 N CENTRAL AVENUE,03/06/2017,5,1138343.117435682,1923392.067464765,41.945919491,-87.766904594,"(41.945919490555106, -87.76690459426293)"
MONTROSE AND WESTERN,1221,4400 N WESTERN AVENUE,03/06/2017,13,1159539.733234718,1929183.918095502,41.961401846,-87.688832623,"(41.961401846278505, -87.6888326227788)"
KEDZIE AND ARMITAGE,1834,3200 W ARMITAGE AVENUE,03/06/2017,1,1154700.851347995,1913153.252187904,41.917511023,-87.707053639,"(41.91751102291878, -87.7070536388797)"
HALSTED AND 95TH,2582,9500 S HALSTED STREET,03/06/2017,1,1172610.538363645,1841811.61926207,41.721365061,-87.643358042,"(41.72136506078306, -87.64335804234075)"
HALSTED AND MADISON,1872,1 N HALSTED STREET,03/06/2017,5,1171090.967986833,1900270.454015136,41.881815632,-87.647214717,"(41.88181563164203, -87.64721471704077)"
35TH AND WESTERN,2091,3500 S WESTERN,03/06/2017,1,1160894.949857101,1881376.851112895,41.830187255,-87.685177925,"(41.83018725526863, -87.68517792510231)"
IRVING PARK AND KEDZIE,1354,3200 W IRVING PARK ROAD,03/06/2017,5,1154325.140302006,1926458.463197156,41.954029047,-87.708077494,"(41.95402904691877, -87.70807749383191)"
FULLERTON AND NARRAGANSETT,1554,6400 W FULLERTON AVENU,03/06/2017,7,1133317.594499059,1915293.661305931,41.923786189,-87.785567206,"(41.92378618871128, -87.78556720562165)"
IRVING PARK AND LARAMIE,1533,5200 W IRVING PARK ROA,03/06/2017,4,,,,,
PULASKI AND BELMONT,1382,3200 N PULASKI RD,03/06/2017,3,1149125.621478734,1920994.556178086,41.939138154,-87.72733371,"(41.939138153500274, -87.7273337101426)"
IRVING PARK AND CALIFORNIA,1233,2800 W IRVING PARK ROA,03/06/2017,1,,,,,
CHICAGO AND CLARK,1964,100 W CHICAGO AVENUE,03/06/2017,5,1175374.528739575,1905745.47783364,41.896744347,-87.631321248,"(41.896744346875806, -87.63132124815151)"
BROADWAY/SHERIDAN AND DEVON,1122,6400 N SHERIDAN ROAD,03/06/2017,4,1167087.151194129,1942658.704988689,41.998217921,-87.660695256,"(41.99821792053241, -87.6606952555721)"
HOLLYWOOD AND SHERIDAN,1344,1000 W HOLLYWOOD AVE,03/06/2017,9,1168580.228926466,1938090.295189338,41.985649799,-87.655335807,"(41.98564979859328, -87.65533580655139)"
STONEY ISLAND AND 79TH,2461,7900 S SOUTH CHICAGO AVE,03/06/2017,2,1188274.655498937,1852865.685797892,41.751339705,-87.585632266,"(41.751339704589455, -87.58563226565187)"
DAMEN AND DIVERSEY,1464,2000 W DIVERSEY PARKWAY,03/06/2017,1,1162519.714934025,1918635.417634925,41.932394164,-87.678173031,"(41.93239416403691, -87.67817303087757)"
ASHLAND AND 87TH,2452,8700 S ASHLAND AVE,03/06/2017,6,1167150.470087748,1846991.212339794,41.735696989,-87.663209544,"(41.73569698863625, -87.66320954445679)"
WESTERN AND TOUHY,1251,7200 N WESTERN AVENUE,03/06/2017,2,1158975.66256211,1947754.286963361,42.012371335,-87.690393917,"(42.012371334791766, -87.69039391737863)"
STATE AND 79TH,2651,7900 S STATE STREET,03/06/2017,10,1177618.166929966,1852621.870232838,41.750918138,-87.624690123,"(41.7509181383154, -87.62469012251644)"
MILWAUKEE AND MONTROSE,1364,5075 W MONTROSE AVENUE,03/06/2017,6,1141716.746618898,1928736.076639057,41.960522088,-87.754371424,"(41.96052208819935, -87.75437142402293)"
CENTRAL AND BELMONT,1604,5600 W BELMONT AVENUE,03/06/2017,4,1138453.617438343,1920755.972768412,41.938683775,-87.766562494,"(41.93868377475747, -87.76656249384537)"
DIVERSEY AND AUSTIN,1453,6000 W DIVERSEY AVENUE,03/06/2017,1,1135895.736169343,1918029.70673837,41.931248624,-87.776028612,"(41.931248623643455, -87.77602861172493)"
CENTRAL AND IRVING PARK,1182,4000 N CENTRAL AVENUE,03/06/2017,1,1138258.614129764,1926071.172884932,41.953272751,-87.767150151,"(41.95327275103541, -87.76715015131407)"
63RD AND STATE,2712,6300 S STATE ST,03/06/2017,7,1177303.801895084,1863220.216755923,41.780008277,-87.625522512,"(41.78000827740796, -87.6255225119157)"
55TH AND KEDZIE,2162,5500 S KEDZIE AVENUE,03/06/2017,2,1155945.854705238,1867941.621374192,41.793420237,-87.703697508,"(41.793420236755864, -87.70369750845424)"
PULASKI AND 63RD,2342,6300 S PULASKI RD,03/06/2017,8,1150746.00309079,1862516.747695325,41.778636469,-87.722906356,"(41.77863646878099, -87.72290635568541)"
WENTWORTH AND GARFIELD,2264,200 W GARFIELD BLVD,03/06/2017,5,1175889.574397302,1868551.750512227,41.794670385,-87.630547476,"(41.79467038468937, -87.63054747605638)"
FOSTER AND NAGLE,1031,5200 N NAGLE,03/06/2017,7,1132529.656558223,1934201.702060651,41.97568567,-87.788020406,"(41.97568566971868, -87.78802040620296)"
ADDISON AND HARLEM,1591,3600 N HARLEM AVENUE,03/06/2017,3,1127394.594070737,1923110.532422811,41.945338412,-87.807154769,"(41.94533841246591, -87.80715476912044)"
ELSTON AND IRVING PARK,1503,3700 W IRVING PARK ROA,03/06/2017,5,,,,,
PULASKI AND ARCHER,2153,5000 S ARCHER AVE,03/06/2017,6,1150501.818909837,1871162.311703322,41.802365973,-87.723576766,"(41.80236597333895, -87.72357676611004)"
ASHLAND AND FULLERTON,1652,2400 N ASHLAND AVENUE,03/06/2017,6,1165228.073342838,1916032.319169157,41.92519389,-87.668294363,"(41.92519388981048, -87.66829436339881)"
LAFAYETTE AND 87TH,2503,30 W 87TH STREET,03/06/2017,17,1177407.651800237,1847320.772058312,41.736376037,-87.625621311,"(41.736376036604916, -87.62562131092602)"
SHERIDAN AND FOSTER,1132,5200 N SHERIDAN ROAD,03/06/2017,2,1168661.623718229,1934753.842272756,41.976492721,-87.655133605,"(41.97649272077833, -87.65513360456677)"
CORTLAND AND ASHLAND,1723,1600 W CORTLAND ST,03/06/2017,1,1165377.660768235,1912768.773647285,41.916235337,-87.667837772,"(41.91623533746878, -87.66783777212962)"
KOSTNER AND NORTH,2012,4400 W GRAND AVE,03/06/2017,6,1146773.519128439,1910425.663958581,41.91018141,-87.73624887,"(41.910181409597406, -87.73624887040725)"
CHICAGO AND CLARK,1963,100 W CHICAGO AVENUE,03/06/2017,10,1175374.528739575,1905745.47783364,41.896744347,-87.631321248,"(41.896744346875806, -87.63132124815151)"
CENTRAL AND FULLERTON,1444,5600 W FULLERTON AVENU,03/06/2017,1,1138627.279189421,1915438.969256439,41.924090199,-87.76605353,"(41.92409019883488, -87.76605353016079)"
111TH AND HALSTED,2424,800 W 111TH ST,03/06/2017,3,1172945.404219168,1831282.917027882,41.692465363,-87.642440901,"(41.692465363421874, -87.64244090105778)"
WESTERN AND CERMAK,1002,2200 S WESTERN AVENUE,03/06/2017,4,1160669.42562757,1889318.196820393,41.85198384,-87.685785704,"(41.85198383957328, -87.68578570420526)"
HALSTED AND FULLERTON,1704,800 W FULLERTON AVENUE,03/06/2017,1,1170525.624723311,1916208.443992778,41.925562791,-87.648823641,"(41.92556279107417, -87.64882364145232)"
CENTRAL AND ADDISON,1683,5600 W ADDISON STREET,03/06/2017,2,1138349.663302502,1923416.02157061,41.945985104,-87.766879952,"(41.94598510430888, -87.76687995165918)"
HALSTED AND NORTH,1764,800 W NORTH AVENUE,03/06/2017,2,1170700.68422007,1910913.190749698,41.91102851,-87.648335806,"(41.91102850981186, -87.64833580602037)"
PULASKI AND LAWRENCE,1173,4000 W LAWRENCE AVENUE,03/06/2017,2,1148844.220085601,1931638.45430438,41.968351285,-87.728091672,"(41.96835128527914, -87.72809167198088)"
ELSTON AND IRVING PARK,1502,4000 N ELSTON AVENUE,03/06/2017,1,1151273.974828198,1926311.849469842,41.953687266,-87.719297882,"(41.95368726563273, -87.71929788151473)"
IRVING PARK AND NARRAGANSETT,1024,6400 W IRVING PK,03/06/2017,1,1132945.939118726,1925946.304925137,41.953024751,-87.786683238,"(41.95302475075328, -87.78668323766634)"
CERMAK AND PULASKI,2332,2200 S PULASKI,03/06/2017,1,1150012.876838243,1889071.75851865,41.851521442,-87.724904787,"(41.85152144233116, -87.7249047867499)"
79TH AND HALSTED,2543,800 W 79TH STREET,03/06/2017,2,1172320.105719411,1852517.9814434,41.750751157,-87.644107793,"(41.75075115747316, -87.64410779300933)"
HALSTED AND FULLERTON,1701,2400 N HALSTED STREET,03/06/2017,2,1170501.602639925,1916200.061550148,41.925540315,-87.648912156,"(41.925540315431995, -87.64891215551155)"
JEFFERY AND 95TH,2522,9500 S JEFFERY AVE,03/06/2017,2,1191132.420601301,1842335.735988875,41.722375907,-87.575499903,"(41.72237590704101, -87.57549990332795)"
WESTERN AND ADDISON,1562,3600 N WESTERN AVENUE,03/06/2017,5,1159695.573342728,1923871.086283556,41.94681992,-87.688406662,"(41.94681991986288, -87.68840666206194)"
CENTRAL AND CHICAGO,1973,5600 W CHICAGO AVENUE,03/06/2017,3,1138858.856732452,1904825.827586656,41.894962293,-87.765460791,"(41.89496229349977, -87.76546079122906)"
LASALLE AND KINZIE,1923,140 W KINZIE,03/06/2017,1,1175048.09765242,1903028.894760294,41.889297219,-87.632601648,"(41.88929721947309, -87.63260164817305)"
HOMAN/KIMBALL AND NORTH,1773,3400 W NORTH AVE,03/06/2017,6,1153386.578905125,1910465.87061722,41.910162847,-87.711953868,"(41.91016284680269, -87.71195386769125)"
DIVISION AND DAMEN,1733,2000 W DIVISION,03/06/2017,5,1162815.710860194,1908034.672555531,41.903298793,-87.677383247,"(41.903298792681944, -87.67738324739636)"
FOSTER AND BROADWAY,1113,1200 W FOSTER AVE,03/06/2017,2,1167357.095930752,1934721.393266777,41.97643192,-87.659931806,"(41.97643192018459, -87.65993180604016)"
111TH AND HALSTED,2422,11100 S HALSTED ST,03/06/2017,13,1172923.657689312,1831209.044179248,41.692263123,-87.642522688,"(41.692263123425136, -87.6425226876268)"
WESTERN AND NORTH,1853,2400 W NORTH AVE,03/06/2017,1,1160100.839010995,1910612.783367238,41.910429862,-87.687284221,"(41.91042986235867, -87.68728422050837)"
ASHLAND AND IRVING PARK,1153,1600 W IRVING PARK ROA,03/06/2017,3,,,,,
DAMEN AND 63RD,2701,6300 S DAMEN AVENUE,03/06/2017,6,1164069.407943298,1862830.277442834,41.779226921,-87.674052731,"(41.77922692069256, -87.67405273137854)"
HOLLYWOOD AND SHERIDAN,1343,1000 W HOLLYWOOD AVE,03/06/2017,4,1168580.228926466,1938090.295189338,41.985649799,-87.655335807,"(41.98564979859328, -87.65533580655139)"
SACRAMENTO AND LAKE,1822,150 N SACRAMENTO BOUL,03/06/2017,2,1156319.560664766,1900957.489351962,41.884012178,-87.701436479,"(41.88401217771363, -87.7014364786693)"
IRVING PARK AND KEDZIE,1353,3200 W IRVING PARK ROAD,03/06/2017,6,1154325.140302006,1926458.463197156,41.954029047,-87.708077494,"(41.95402904691877, -87.70807749383191)"
KEDZIE AND ARMITAGE,1832,2000 N KEDZIE AVENUE,03/06/2017,4,1154684.031809326,1913129.496340896,41.917446172,-87.707116072,"(41.91744617191702, -87.70711607187832)"
CLARK AND FULLERTON,1631,2400 N CLARK ST,03/06/2017,3,1172749.562209477,1916238.997132859,41.925597623,-87.640650973,"(41.925597623023144, -87.64065097309872)"
COTTAGE GROVE AND 71ST,2572,7100 S COTTAGE GROVE,03/06/2017,2,1182746.23698699,1858088.011064538,41.765800351,-87.605729127,"(41.76580035131893, -87.6057291269901)"
ELSTON AND ADDISON,1402,3600 N ELSTON AVE,03/06/2017,3,1154106.95251778,1923731.036211081,41.946549165,-87.708952626,"(41.94654916480637, -87.70895262603513)"
ASHLAND AND 87TH,2454,1600 W 87TH ST,03/06/2017,4,1167171.941297436,1847064.855345151,41.735898617,-87.663128781,"(41.735898617066006, -87.66312878090133)"
CICERO AND WASHINGTON,1891,100 N CICERO AVENUE,03/06/2017,8,1144328.984091479,1900095.170838459,41.88187971,-87.745489247,"(41.88187970991601, -87.7454892473012)"
WESTERN AND 79TH,2481,7900 S WESTERN AVE,03/06/2017,4,1161711.516404028,1852181.685686118,41.750054934,-87.682992203,"(41.750054933649984, -87.68299220290213)"
IRVING PARK AND NARRAGANSETT,1023,6400 W IRVING PK,03/06/2017,3,1132945.939118726,1925946.304925137,41.953024751,-87.786683238,"(41.95302475075328, -87.78668323766634)"
STONEY ISLAND AND 76TH,2632,7600 S STONY ISLAND A,03/06/2017,13,1188092.796191935,1854889.354158304,41.756897173,-87.586234285,"(41.75689717260223, -87.58623428506996)"
DIVISION AND DAMEN,1734,2000 W DIVISION,03/06/2017,9,1162815.710860194,1908034.672555531,41.903298793,-87.677383247,"(41.903298792681944, -87.67738324739636)"
WESTERN AND DEVON,1212,6400 N WESTERN AVENUE,03/06/2017,1,1159113.585759434,1942451.622367891,41.997817807,-87.690033035,"(41.997817807026, -87.69003303469276)"
4700 WESTERN,2141,4700 S WESTERN AVENUE,03/06/2017,5,1161120.438879703,1873431.066474726,41.808378408,-87.684570717,"(41.808378407946726, -87.68457071689552)"
CENTRAL AND CHICAGO,1972,800 N CENTRAL AVENUE,03/06/2017,1,1138836.562608552,1904801.732832435,41.894896579,-87.765543258,"(41.89489657939746, -87.76554325845893)"
WESTERN AND MARQUETTE,2672,6700 S WESTERN AVENUE,03/06/2017,8,1161488.747635042,1860134.788366884,41.771884028,-87.683588402,"(41.77188402771193, -87.68358840206334)"
KEDZIE AND 71ST,2354,3200 W 71ST STREET,03/06/2017,2,1156246.862901455,1857404.014959868,41.764497433,-87.702877023,"(41.76449743256955, -87.70287702335861)"
WESTERN AND 71ST,2612,7100 S WESTERN AVENUE,03/06/2017,5,1161563.704681724,1857484.211306323,41.764608912,-87.683387053,"(41.76460891223613, -87.68338705328121)"
LAWRENCE AND WESTERN,1193,2400 W LAWRENCE AVENUE,03/06/2017,4,1159482.648570304,1931851.989492596,41.968724349,-87.688968727,"(41.96872434882172, -87.68896872699601)"
CALIFORNIA AND DIVERSEY,1513,2800 W DIVERSEY,03/06/2017,4,1157212.54253358,1918526.674434943,41.932205395,-87.697679244,"(41.93220539506452, -87.6976792438691)"
CENTRAL AND LAKE,1742,400 N CENTRAL AVENUE,03/06/2017,1,1138928.478257537,1902217.926149854,41.887804621,-87.765268498,"(41.88780462053497, -87.76526849810371)"
MONTROSE AND WESTERN,1224,2400 W MONTROSE AVENUE,03/06/2017,1,1159562.971802959,1929191.337701253,41.961421726,-87.68874698,"(41.961421726406314, -87.68874697983858)"
IRVING PARK AND CALIFORNIA,1234,2800 W IRVING PARK ROA,03/06/2017,3,,,,,
CICERO AND WASHINGTON,1892,100 N CICERO AVENUE,03/06/2017,4,1144328.984091479,1900095.170838459,41.88187971,-87.745489247,"(41.88187970991601, -87.7454892473012)"
CICERO AND ARMITAGE,2001,2000 N CICERO AVENUE,03/06/2017,5,1144031.525719004,1912881.8300295,41.916973325,-87.746260223,"(41.91697332451097, -87.74626022251057)"
ASHLAND AND MADISON,1911,0 N ASHLAND AVE,03/06/2017,7,,,,,
ASHLAND AND DIVISION,1791,1200 N ASHLAND AVENUE,03/06/2017,6,1165466.997046718,1908083.767015974,41.903377468,-87.667643142,"(41.903377467566784, -87.66764314227497)"
ROOSEVELT AND KOSTNER,2321,1200 S KOSTNER,03/06/2017,1,1147196.304001978,1894305.883269746,41.865938839,-87.735108549,"(41.8659388389088, -87.73510854901264)"
CENTRAL AND BELMONT,1602,3200 N CENTRAL AVENUE,03/06/2017,1,1138430.432324593,1920731.654410336,41.938617463,-87.766648297,"(41.938617463272884, -87.76664829683827)"
PULASKI AND FOSTER,1104,4000 W FOSTER AVE,03/06/2017,3,1148759.16134887,1934294.249006446,41.975640616,-87.728335469,"(41.975640616231914, -87.72833546926573)"
CICERO AND CHICAGO,1783,4800 W CHICAGO AVENUE,03/06/2017,2,1144175.291152764,1904916.255225279,41.895112219,-87.745932427,"(41.89511221857764, -87.74593242701515)"
PULASKI AND IRVING PARK,1574,4000 W IRVING PARK RD,03/06/2017,6,1148988.727877253,1926320.954938409,41.953756874,-87.727698513,"(41.95375687447515, -87.72769851312907)"
ELSTON AND ADDISON,1403,3216 W ADDISON ST,03/06/2017,2,1154199.729816868,1923799.345386665,41.946734755,-87.708609774,"(41.946734754927796, -87.7086097735515)"
HAMLIN AND LAKE,1881,300 N HAMLIN AVENUE,03/06/2017,2,1150970.026856642,1901381.688308858,41.885282636,-87.721069539,"(41.88528263580913, -87.72106953854511)"
LAKE SHORE DR AND BELMONT,1412,3200 N LAKESHORE DRIV,03/06/2017,7,1173053.220555078,1921821.380831705,41.940909163,-87.63936916,"(41.94090916326764, -87.63936915995522)"
HAMLIN AND LAKE,1882,300 N HAMLIN AVENUE,03/06/2017,1,1150970.026856642,1901381.688308858,41.885282636,-87.721069539,"(41.88528263580913, -87.72106953854511)"
LASALLE AND KINZIE,1921,400 N LASALLE,03/06/2017,1,1175028.579766798,1903002.552291359,41.889225372,-87.632674115,"(41.88922537162015, -87.63267411498495)"
115TH AND HALSTED,2553,800 W 115TH STREET,03/06/2017,2,1173010.735357888,1828632.242070332,41.685190056,-87.642279564,"(41.68519005571938, -87.64227956401977)"
WESTERN AND FULLERTON,1671,2400 N WESTERN AVENUE,03/06/2017,14,1159923.309342995,1915897.778561358,41.924935944,-87.687790255,"(41.92493594409127, -87.68779025471278)"
DAMEN AND 63RD,2702,6300 S DAMEN AVENUE,03/06/2017,2,1164069.407943298,1862830.277442834,41.779226921,-87.674052731,"(41.77922692069256, -87.67405273137854)"
BROADWAY/SHERIDAN AND DEVON,1123,1200 W DEVON AVE,03/06/2017,4,1167109.644248166,1942688.147952186,41.998298228,-87.660611661,"(41.99829822771884, -87.66061166063517)"
CALIFORNIA AND PETERSON,1311,6000 N CALIFORNIA AVE,03/06/2017,4,1156545.742699118,1939775.775541795,41.990527717,-87.699552084,"(41.990527717148176, -87.69955208405155)"
79TH AND KEDZIE,2443,3200 W 79TH ST,03/06/2017,3,1156402.644780165,1852104.649370984,41.749952001,-87.702448478,"(41.74995200142266, -87.70244847808695)"
IRVING PARK AND KILPATRICK,2763,4700 W IRVING PARK ROA,03/06/2017,4,,,,,
KOSTNER AND NORTH,2013,4400 W NORTH,03/06/2017,4,1146738.551618032,1910309.595368032,41.909863573,-87.736380296,"(41.90986357340246, -87.73638029605371)"
CANAL AND ROOSEVELT,2291,1200 S CANAL STREET,03/06/2017,4,1173268.771030949,1894952.634878732,41.867175125,-87.639375813,"(41.86717512472001, -87.63937581258092)"
KEDZIE AND 63RD,2361,6300 S KEDZIE AVE,03/06/2017,1,1156097.505177228,1862668.051775093,41.77894575,-87.703283119,"(41.77894575017997, -87.70328311900342)"
63RD AND STATE,2714,1 E 63RD ST,03/06/2017,9,1177367.518733101,1863199.17768559,41.779949105,-87.625289553,"(41.779949104569106, -87.62528955333775)"
CLARK AND FULLERTON,1632,2400 N CLARK ST,03/06/2017,3,1172749.562209477,1916238.997132859,41.925597623,-87.640650973,"(41.925597623023144, -87.64065097309872)"
WESTERN AND DEVON,1211,6400 N WESTERN AVENUE,03/06/2017,3,1159113.585759434,1942451.622367891,41.997817807,-87.690033035,"(41.997817807026, -87.69003303469276)"
MILWAUKEE AND DEVON,1274,6400 W DEVON AVENUE,03/06/2017,5,1132590.619798275,1942138.532048656,41.997463981,-87.787610243,"(41.99746398102873, -87.78761024341388)"
HALSTED AND 103RD,2592,10300 S HALSTED STREE,03/06/2017,7,,,,,
PULASKI AND ARMITAGE,1844,4000 W ARMITAGE AVENUE,03/06/2017,1,1149375.428872108,1913028.984273181,41.917275069,-87.726622746,"(41.91727506940875, -87.72662274644799)"
55TH AND WESTERN,2213,2400 W 55TH STREET,03/06/2017,6,1161277.012730599,1868185.749490228,41.793981347,-87.684141741,"(41.7939813465735, -87.68414174128355)"
CENTRAL AND LAKE,1743,5600 W LAKE STREET,03/06/2017,3,1138951.495695032,1902230.510465733,41.887838735,-87.765183663,"(41.887838735330206, -87.76518366338465)"
DAMEN AND DIVERSEY,1462,2800 N DAMEN AVENUE,03/06/2017,5,1162490.04851994,1918611.623717091,41.932329494,-87.678282719,"(41.9323294940985, -87.67828271931386)"
55TH and PULASKI,2242,5500 S PULASKI,03/06/2017,1,1150600.072649439,1867806.44512718,41.793155061,-87.723303765,"(41.793155060731024, -87.72330376464247)"
AUSTIN AND IRVING PARK,1161,4000 N AUSTIN AVENUE,03/06/2017,4,1135599.956110927,1926006.862619986,41.953144059,-87.776925284,"(41.95314405904539, -87.77692528423394)"
CICERO AND ARMITAGE,2003,4800 W ARMITAGE AVENUE,03/06/2017,1,1144054.25126508,1912907.00926109,41.917041992,-87.746176095,"(41.91704199201953, -87.74617609464687)"
VAN BUREN AND WESTERN,2052,400 S WESTERN AVENUE,03/06/2017,13,1160431.682297829,1898091.942371589,41.876064776,-87.686415631,"(41.87606477642526, -87.68641563098768)"
WESTERN AND CHICAGO,1943,2400 W CHICAGO AVE,03/06/2017,1,1160226.686812944,1905300.904544474,41.895851041,-87.686968935,"(41.895851041123755, -87.68696893468467)"
115TH AND HALSTED,2552,11500 S HALSTED STREE,03/06/2017,7,,,,,
WESTERN AND CHICAGO,1941,800 N WESTERN AVE,03/06/2017,1,1160220.967978608,1905277.507115921,41.895786955,-87.686990586,"(41.89578695485361, -87.68699058611217)"
MILWAUKEE AND MONTROSE,1362,4400 N MILWAUKEE AVEN,03/06/2017,2,1141643.943268783,1928770.256316239,41.96061723,-87.75463824,"(41.9606172296957, -87.75463824007085)"
HOMAN/KIMBALL AND NORTH,1771,1600 N HOMAN AVENUE,03/06/2017,2,,,,,
HALSTED AND NORTH,1761,1600 N HALSTED STREET,03/06/2017,3,1170678.283433825,1910880.991397547,41.910940644,-87.648419043,"(41.91094064391597, -87.64841904272998)"
CALIFORNIA AND DEVON,1321,6400 N CALIFORNIA AVE,03/06/2017,2,1156461.150245401,1942370.37710537,41.997649133,-87.699792629,"(41.997649133049336, -87.69979262891378)"
71ST AND ASHLAND,2394,1600 W 71ST,03/06/2017,6,1166890.012333149,1857674.2502247,41.765018306,-87.66385923,"(41.76501830555763, -87.66385923012646)"
ARCHER AND CICERO,2081,5200 S CICERO AVE,03/06/2017,18,1145195.931989777,1869737.708306623,41.798558278,-87.743071866,"(41.798558278193305, -87.74307186616427)"
31ST ST AND MARTIN LUTHER KING DRIVE,2123,400 E 31ST STREET,03/06/2017,6,1179437.985396417,1884565.84226022,41.838534018,-87.617046113,"(41.838534018118914, -87.61704611345726)"
ASHLAND AND MADISON,1914,1600 W MADISON,03/06/2017,4,1165723.014733182,1900136.515489506,41.881564167,-87.666929463,"(41.8815641670199, -87.66692946294842)"
SACRAMENTO AND LAKE,1821,150 N SACRAMENTO BOUL,03/06/2017,2,1156319.560664766,1900957.489351962,41.884012178,-87.701436479,"(41.88401217771363, -87.7014364786693)"
CICERO AND 47TH,2204,4800 W 47TH ST,03/06/2017,4,1145130.048925744,1873078.44198302,41.807727017,-87.743229366,"(41.80772701677172, -87.74322936566276)"
MADISON AND WESTERN,1931,1 S WESTERN AVE,03/06/2017,2,1160453.827721979,1899933.703473746,41.881118279,-87.686283339,"(41.881118278833966, -87.686283338873)"
PULASKI AND NORTH,1992,1600 N PULASKI AVENUE,03/06/2017,1,1149432.959240306,1910369.112502195,41.90997501,-87.726480523,"(41.909975010236906, -87.72648052306623)"
CENTRAL AND IRVING PARK,1183,5600 W IRVING PARK ROAD,03/06/2017,2,1138281.535484986,1926078.647777633,41.953292847,-87.767065708,"(41.953292847298, -87.76706570775266)"
HALSTED AND MADISON,1871,1 S HALSTED STREET,03/06/2017,3,1171092.392868784,1900234.542088741,41.881717056,-87.647210539,"(41.88171705561901, -87.64721053920604)"
FULLERTON AND NARRAGANSETT,1553,6400 W FULLERTON AVENU,03/06/2017,3,1133317.594499059,1915293.661305931,41.923786189,-87.785567206,"(41.92378618871128, -87.78556720562165)"
119TH AND HALSTED,2404,800 W 119TH STREET,03/06/2017,1,1173111.174088158,1825985.001014405,41.677923389,-87.641989646,"(41.677923389134385, -87.64198964584013)"
CORTLAND AND ASHLAND,1721,1900 N ASHLAND AVE,03/06/2017,25,1165348.084854857,1912736.454335569,41.916147281,-87.667947354,"(41.91614728095272, -87.66794735350443)"
CALIFORNIA AND PETERSON,1313,2800 W PETERSON AVENUE,03/06/2017,5,1156569.515341857,1939784.830544118,41.990552082,-87.699464396,"(41.990552081681564, -87.69946439622785)"
ROOSEVELT AND PULASKI,2311,1200 S PULASKI ROAD,03/06/2017,3,1149866.002247864,1894375.839200384,41.866079337,-87.725305995,"(41.86607933722178, -87.7253059948758)"
ASHLAND AND FULLERTON,1651,2400 N ASHLAND AVENUE,03/06/2017,2,1165228.073342838,1916032.319169157,41.92519389,-87.668294363,"(41.92519388981048, -87.66829436339881)"
COLUMBUS AND ILLINOIS,1951,500 N COLUMBUS DRIVE,03/06/2017,8,1178372.808407292,1903693.06016042,41.891044569,-87.620371839,"(41.891044569124276, -87.620371839074)"
WESTERN AND FOSTER,1074,2400 W FOSTER AVE,03/06/2017,8,1159379.402846887,1934502.712486132,41.97600019,-87.689275084,"(41.97600018976586, -87.68927508385399)"
CICERO AND CHICAGO,1781,800 N CICERO AVENUE,03/06/2017,5,1144169.162482127,1904893.189220372,41.895049038,-87.745955516,"(41.89504903796389, -87.74595551626888)"
LAKE SHORE DR AND BELMONT,1413,400 W BELMONT AVE,03/06/2017,29,1172981.744869382,1921577.376128802,41.940241193,-87.639639114,"(41.94024119325571, -87.63963911427594)"
PULASKI AND FOSTER,1102,5200 N PULASKI RD,03/06/2017,1,1148746.251286324,1934286.914361976,41.97562074,-87.728383135,"(41.97562073966174, -87.72838313514907)"
ROOSEVELT AND KOSTNER,2323,4400 W ROOSEVELT,03/06/2017,5,1147200.963258796,1894379.538078088,41.866140868,-87.73508956,"(41.866140867641654, -87.73508956008207)"
KEDZIE AND 31ST,2134,3200 W 31ST STREET,03/06/2017,3,1155487.128005646,1883943.061106793,41.8373395,-87.704950558,"(41.83733950029648, -87.70495055800411)"
WESTERN AND FULLERTON,1672,2400 N WESTERN AVENUE,03/06/2017,1,1159923.309342995,1915897.778561358,41.924935944,-87.687790255,"(41.92493594409127, -87.68779025471278)"
ELSTON AND LAWRENCE,1284,4440 W LAWRENCE AVENUE,03/06/2017,3,1145715.061027481,1931571.0474838,41.968226398,-87.739599251,"(41.96822639754791, -87.73959925065756)"
CICERO AND PETERSON,1204,4800 W PETERSON AVENUE,03/06/2017,1,1143273.766829016,1939491.944645127,41.990008007,-87.748376951,"(41.99000800729908, -87.74837695118997)"
35TH AND WESTERN,2092,3500 S WESTERN,03/06/2017,3,1160894.949857101,1881376.851112895,41.830187255,-87.685177925,"(41.83018725526863, -87.68517792510231)"
PULASKI AND DIVERSEY,1542,2800 N PULASKI ROAD,03/06/2017,2,1149200.724531183,1918332.222549679,41.931831026,-87.727126873,"(41.93183102561505, -87.72712687300454)"
99TH AND HALSTED,2431,9900 S HALSTED ST,03/06/2017,8,1172689.754200318,1839171.652197216,41.714118868,-87.643145408,"(41.714118868089905, -87.64314540818165)"
CICERO AND I55,2251,4200 S CICERO AVENUE,03/06/2017,106,1145023.742859509,1876358.276835519,41.816729387,-87.743536712,"(41.81672938674739, -87.74353671247594)"
CICERO AND 47TH,2202,4700 S CICERO AVE,03/06/2017,1,1145112.150373471,1873006.659918126,41.807530373,-87.743296821,"(41.80753037289406, -87.7432968212423)"
ROOSEVELT AND HALSTED,2234,800 W ROOSEVELT ROAD,03/06/2017,12,1171199.282357741,1894968.056393724,41.867263098,-87.646972686,"(41.86726309836901, -87.64697268601648)"
KEDZIE AND 31ST,2132,3100 S KEDZIE AVENUE,03/06/2017,4,1155483.167539854,1883867.660503274,41.837132671,-87.704967115,"(41.837132671422296, -87.70496711478727)"
PERSHING AND WESTERN,2114,2400 W PERSHING ROAD,03/06/2017,2,1160957.773623189,1878793.434193427,41.82309676,-87.685018951,"(41.82309676016606, -87.68501895061576)"
LARAMIE AND FULLERTON,1424,5200 W FULLERTON AVENUE,03/06/2017,4,1141305.554932016,1915502.611239048,41.924215797,-87.756210755,"(41.92421579723144, -87.75621075458939)"
OGDEN AND KOSTNER,2223,4400 W OGDEN AVENUE,03/06/2017,10,1147406.592439224,1887689.099869462,41.847777523,-87.734505969,"(41.84777752280453, -87.73450596874825)"
CICERO AND HARRISON,2022,600 S CICERO AVENUE,03/06/2017,6,1144444.97442848,1896894.622216872,41.873094833,-87.745143869,"(41.873094832519136, -87.74514386884542)"
LAFAYETTE AND 87TH,2502,8700 S LAFAYETTE AVEN,03/06/2017,15,1177417.493180297,1847243.988223464,41.73616511,-87.625587569,"(41.73616511008592, -87.62558756899932)"
COLUMBUS AND ILLINOIS,1952,500 N COLUMBUS DRIVE,03/06/2017,2,1178372.808407292,1903693.06016042,41.891044569,-87.620371839,"(41.891044569124276, -87.620371839074)"
CICERO AND HARRISON,2023,4800 W HARRISON STREET,03/06/2017,1,1144451.867388303,1896949.561959463,41.873245464,-87.745117179,"(41.873245464379586, -87.7451171788807)"
PULASKI AND ARCHER,2154,5000 S ARCHER AVE,03/06/2017,2,1150501.818909837,1871162.311703322,41.802365973,-87.723576766,"(41.80236597333895, -87.72357676611004)"
ASHLAND AND 95TH,2472,9500 S ASHLAND AVENUE,03/07/2017,9,1167295.830128711,1841695.121217916,41.721160612,-87.662828139,"(41.72116061205213, -87.66282813939165)"
STATE AND 79TH,2654,1 E 79TH STREET,03/07/2017,37,1177680.113652821,1852598.313477786,41.750852096,-87.624463832,"(41.75085209551078, -87.62446383210285)"
55TH AND KEDZIE,2163,3200 W 55TH STREET,03/07/2017,1,1155966.956993183,1868015.593764152,41.793622803,-87.703618141,"(41.79362280329978, -87.70361814062049)"
CICERO AND PETERSON,1204,4800 W PETERSON AVENUE,03/07/2017,4,1143273.766829016,1939491.944645127,41.990008007,-87.748376951,"(41.99000800729908, -87.74837695118997)"
HALSTED AND DIVISION,1714,800 W DIVISION,03/03/2017,11,1170767.827960358,1908259.644151662,41.903745557,-87.648167011,"(41.90374555734733, -87.64816701062779)"
63RD AND STATE,2714,1 E 63RD ST,03/07/2017,8,1177367.518733101,1863199.17768559,41.779949105,-87.625289553,"(41.779949104569106, -87.62528955333775)"
COLUMBUS AND ILLINOIS,1951,500 N COLUMBUS DRIVE,03/07/2017,16,1178372.808407292,1903693.06016042,41.891044569,-87.620371839,"(41.891044569124276, -87.620371839074)"
CICERO AND I55,2252,4200 S CICERO AVENUE,03/07/2017,4,1145023.742859509,1876358.276835519,41.816729387,-87.743536712,"(41.81672938674739, -87.74353671247594)"
CALIFORNIA AND DEVON,1321,6400 N CALIFORNIA AVE,03/07/2017,3,1156461.150245401,1942370.37710537,41.997649133,-87.699792629,"(41.997649133049336, -87.69979262891378)"
KEDZIE AND 26TH,2382,2600 S KEDZIE AVENUE,03/07/2017,4,1155404.235510285,1886524.460033054,41.844424831,-87.705185452,"(41.84442483084393, -87.70518545233183)"
55TH AND WESTERN,2212,5500 S WESTERN AVE,03/07/2017,6,1161269.521335262,1867963.111601251,41.793370554,-87.684175377,"(41.79337055433029, -87.6841753767592)"
79TH AND HALSTED,2541,7900 S HALSTED STREET,03/07/2017,7,1172298.707400847,1852444.344822186,41.750549559,-87.644188368,"(41.750549559438944, -87.64418836784098)"
CICERO AND FULLERTON,1474,4800 W FULLERTON AVE,03/04/2017,5,1143967.570794243,1915568.504954477,41.924347036,-87.74642764,"(41.924347036010694, -87.74642763965628)"
STONY ISLAND/CORNELL AND 67TH,2731,6700 S CORNELL DRIVE,03/05/2017,5,1188316.454860734,1860851.137456735,41.77325149,-87.5852246,"(41.77325148959568, -87.58522459967712)"
MILWAUKEE AND MONTROSE,1364,5075 W MONTROSE AVENUE,03/07/2017,6,1141716.746618898,1928736.076639057,41.960522088,-87.754371424,"(41.96052208819935, -87.75437142402293)"
ASHLAND AND MADISON,1914,1600 W MADISON,03/07/2017,4,1165723.014733182,1900136.515489506,41.881564167,-87.666929463,"(41.8815641670199, -87.66692946294842)"
KEDZIE AND 31ST,2134,3200 W 31ST STREET,03/07/2017,4,1155487.128005646,1883943.061106793,41.8373395,-87.704950558,"(41.83733950029648, -87.70495055800411)"
55TH AND KEDZIE,2162,5500 S KEDZIE AVENUE,03/07/2017,3,1155945.854705238,1867941.621374192,41.793420237,-87.703697508,"(41.793420236755864, -87.70369750845424)"
IRVING PARK AND KILPATRICK,2763,4700 W IRVING PARK ROA,03/07/2017,6,,,,,
CICERO AND WASHINGTON,1891,100 N CICERO AVENUE,03/07/2017,9,1144328.984091479,1900095.170838459,41.88187971,-87.745489247,"(41.88187970991601, -87.7454892473012)"
115TH AND HALSTED,2553,800 W 115TH STREET,03/07/2017,1,1173010.735357888,1828632.242070332,41.685190056,-87.642279564,"(41.68519005571938, -87.64227956401977)"
ARCHER AND CICERO,2081,5200 S CICERO AVE,03/07/2017,35,1145195.931989777,1869737.708306623,41.798558278,-87.743071866,"(41.798558278193305, -87.74307186616427)"
ASHLAND AND LAWRENCE,1142,4800 N ASHLAND AVENUE,03/07/2017,4,1164751.686785145,1932001.206626392,41.96902343,-87.669590434,"(41.969023429614026, -87.66959043354217)"
55TH and PULASKI,2242,5500 S PULASKI,03/07/2017,5,1150600.072649439,1867806.44512718,41.793155061,-87.723303765,"(41.793155060731024, -87.72330376464247)"
WESTERN AND FOSTER,1074,2400 W FOSTER AVE,03/07/2017,4,1159379.402846887,1934502.712486132,41.97600019,-87.689275084,"(41.97600018976586, -87.68927508385399)"
WESTERN AND 79TH,2484,2400 W 79TH ST,03/07/2017,1,1161758.68085177,1852242.255513454,41.750220168,-87.682817693,"(41.75022016799851, -87.68281769253687)"
PETERSON AND WESTERN,1014,2400 W PETERSON,03/07/2017,6,1159214.211316277,1939825.301874586,41.99060901,-87.689735481,"(41.990609009807294, -87.68973548092968)"
HAMLIN AND MADISON,1901,0 N HAMLIN BOULEVARD,03/07/2017,11,,,,,
PULASKI AND PETERSON,1262,6000 N PULASKI ROAD,03/07/2017,1,1148598.016685695,1939584.645960177,41.990160923,-87.728790748,"(41.99016092280557, -87.72879074759867)"
