MADISON AND WESTERN,1931,1 S WESTERN AVE,09/11/2015,1,1160453.827721979,1899933.703473746,41.881118279,-87.686283339,"(41.881118278833966, -87.686283338873)"
55TH AND KEDZIE,2163,3200 W 55TH STREET,09/11/2015,1,1155966.956993183,1868015.593764152,41.793622803,-87.703618141,"(41.79362280329978, -87.70361814062049)"
MILWAUKEE AND DEVON,1272,6400 N MILWAUKEE AVEN,09/11/2015,3,1132463.750397878,1942107.911507627,41.997382173,-87.788077674,"(41.99738217345368, -87.78807767391953)"
HALSTED AND 103RD,2592,10300 S HALSTED STREE,02/09/2017,7,,,,,
LAFAYETTE AND 87TH,2503,30 W 87TH STREET,09/10/2015,14,1177407.651800237,1847320.772058312,41.736376037,-87.625621311,"(41.736376036604916, -87.62562131092602)"
PULASKI AND ARMITAGE,1844,4000 W ARMITAGE AVENUE,09/11/2015,1,1149375.428872108,1913028.984273181,41.917275069,-87.726622746,"(41.91727506940875, -87.72662274644799)"
DAMEN AND 63RD,2701,6300 S DAMEN AVENUE,09/11/2015,3,1164069.407943298,1862830.277442834,41.779226921,-87.674052731,"(41.77922692069256, -87.67405273137854)"
WESTERN AND 71ST,2612,7100 S WESTERN AVENUE,09/11/2015,2,1161563.704681724,1857484.211306323,41.764608912,-87.683387053,"(41.76460891223613, -87.68338705328121)"
79TH AND HALSTED,2543,800 W 79TH STREET,09/11/2015,6,1172320.105719411,1852517.9814434,41.750751157,-87.644107793,"(41.75075115747316, -87.64410779300933)"
STONEY ISLAND AND 76TH,2631,7600 S STONY ISLAND A,09/11/2015,28,1188092.796191935,1854889.354158304,41.756897173,-87.586234285,"(41.75689717260223, -87.58623428506996)"
STONY ISLAND/CORNELL AND 67TH,2731,6700 S CORNELL DRIVE,09/11/2015,7,1188316.454860734,1860851.137456735,41.77325149,-87.5852246,"(41.77325148959568, -87.58522459967712)"
PULASKI AND ARMITAGE,1843,4000 W ARMITAGE AVENUE,09/11/2015,3,1149375.428872108,1913028.984273181,41.917275069,-87.726622746,"(41.91727506940875, -87.72662274644799)"
PULASKI AND DIVERSEY,1543,4000 W DIVERSEY AVENUE,09/11/2015,2,1149206.496130705,1918356.569267582,41.931897723,-87.72710503,"(41.9318977231462, -87.72710503045386)"
111TH AND HALSTED,2422,11100 S HALSTED ST,09/11/2015,7,1172923.657689312,1831209.044179248,41.692263123,-87.642522688,"(41.692263123425136, -87.6425226876268)"
BELMONT AND KEDZIE,1372,3200 N KEDZIE AVE,09/11/2015,7,1154426.977874407,1921110.466549542,41.93935173,-87.707846594,"(41.93935173030961, -87.70784659359776)"
CICERO AND WASHINGTON,1891,100 N CICERO AVENUE,09/11/2015,8,1144328.984091479,1900095.170838459,41.88187971,-87.745489247,"(41.88187970991601, -87.7454892473012)"
HALSTED AND DIVISION,1714,800 W DIVISION,09/11/2015,6,1170767.827960358,1908259.644151662,41.903745557,-87.648167011,"(41.90374555734733, -87.64816701062779)"
IRVING PARK AND LARAMIE,1533,5200 W IRVING PARK ROA,09/11/2015,3,,,,,
KEDZIE AND 26TH,2382,2600 S KEDZIE AVENUE,02/09/2017,1,1155404.235510285,1886524.460033054,41.844424831,-87.705185452,"(41.84442483084393, -87.70518545233183)"
PERSHING AND WESTERN,2114,2400 W PERSHING ROAD,09/11/2015,8,1160957.773623189,1878793.434193427,41.82309676,-87.685018951,"(41.82309676016606, -87.68501895061576)"
CICERO AND HARRISON,2023,4800 W HARRISON STREET,02/09/2017,3,1144451.867388303,1896949.561959463,41.873245464,-87.745117179,"(41.873245464379586, -87.7451171788807)"
WESTERN AND DEVON,1211,6400 N WESTERN AVENUE,09/11/2015,1,1159113.585759434,1942451.622367891,41.997817807,-87.690033035,"(41.997817807026, -87.69003303469276)"
IRVING PARK AND NARRAGANSETT,1023,6400 W IRVING PK,09/11/2015,2,1132945.939118726,1925946.304925137,41.953024751,-87.786683238,"(41.95302475075328, -87.78668323766634)"
35TH AND WESTERN,2091,3500 S WESTERN,09/11/2015,5,1160894.949857101,1881376.851112895,41.830187255,-87.685177925,"(41.83018725526863, -87.68517792510231)"
WESTERN AND ADDISON,1563,2400 W ADDISON,09/11/2015,1,1159719.041544334,1923878.577275797,41.946839991,-87.688320193,"(41.9468399910054, -87.68832019252964)"
55TH AND WESTERN,2213,2400 W 55TH STREET,09/11/2015,9,1161277.012730599,1868185.749490228,41.793981347,-87.684141741,"(41.7939813465735, -87.68414174128355)"
FOSTER AND NAGLE,1031,5200 N NAGLE,09/11/2015,4,1132529.656558223,1934201.702060651,41.97568567,-87.788020406,"(41.97568566971868, -87.78802040620296)"
CENTRAL AND FULLERTON,1444,5600 W FULLERTON AVENU,09/11/2015,2,1138627.279189421,1915438.969256439,41.924090199,-87.76605353,"(41.92409019883488, -87.76605353016079)"
ASHLAND AND 87TH,2454,1600 W 87TH ST,09/11/2015,6,1167171.941297436,1847064.855345151,41.735898617,-87.663128781,"(41.735898617066006, -87.66312878090133)"
HALSTED AND MADISON,1872,1 N HALSTED STREET,09/11/2015,3,1171090.967986833,1900270.454015136,41.881815632,-87.647214717,"(41.88181563164203, -87.64721471704077)"
HAMLIN AND MADISON,1901,0 N HAMLIN BOULEVARD,02/23/2016,3,,,,,
CICERO AND HARRISON,2023,4800 W HARRISON STREET,09/11/2015,3,1144451.867388303,1896949.561959463,41.873245464,-87.745117179,"(41.873245464379586, -87.7451171788807)"
WESTERN AND CHICAGO,1943,2400 W CHICAGO AVE,09/11/2015,1,1160226.686812944,1905300.904544474,41.895851041,-87.686968935,"(41.895851041123755, -87.68696893468467)"
99TH AND HALSTED,2433,800 W 99TH ST,09/11/2015,10,1172710.642565684,1839246.330602143,41.714323337,-87.643066714,"(41.71432333701137, -87.64306671421937)"
SACRAMENTO AND CHICAGO,1814,3000 W CHICAGO AVENUE,02/09/2017,1,1156075.266375505,1905216.604770718,41.895704525,-87.702218524,"(41.895704524946225, -87.70221852353758)"
CALIFORNIA AND DIVERSEY,1514,2800 W DIVERSEY,09/11/2015,20,1157212.54253358,1918526.674434943,41.932205395,-87.697679244,"(41.93220539506452, -87.6976792438691)"
HARLEM AND BELMONT,1394,7200 W BELMONT AVE,09/11/2015,4,1127504.698153561,1920475.415440844,41.938105479,-87.806809552,"(41.93810547939496, -87.80680955240743)"
ROOSEVELT AND KOSTNER,2323,4400 W ROOSEVELT,02/09/2017,4,1147200.963258796,1894379.538078088,41.866140868,-87.73508956,"(41.866140867641654, -87.73508956008207)"
MILWAUKEE AND MONTROSE,1362,4400 N MILWAUKEE AVEN,09/11/2015,3,1141643.943268783,1928770.256316239,41.96061723,-87.75463824,"(41.9606172296957, -87.75463824007085)"
55TH AND WESTERN,2212,5500 S WESTERN AVE,09/11/2015,5,1161269.521335262,1867963.111601251,41.793370554,-87.684175377,"(41.79337055433029, -87.6841753767592)"
KOSTNER AND NORTH,2013,4400 W NORTH,09/11/2015,7,1146738.551618032,1910309.595368032,41.909863573,-87.736380296,"(41.90986357340246, -87.73638029605371)"
PULASKI AND NORTH,1992,1600 N PULASKI AVENUE,09/11/2015,3,1149432.959240306,1910369.112502195,41.90997501,-87.726480523,"(41.909975010236906, -87.72648052306623)"
SHERIDAN AND FOSTER,1132,5200 N SHERIDAN ROAD,09/11/2015,2,1168661.623718229,1934753.842272756,41.976492721,-87.655133605,"(41.97649272077833, -87.65513360456677)"
WESTERN AND FULLERTON,1671,2400 N WESTERN AVENUE,02/09/2017,18,1159923.309342995,1915897.778561358,41.924935944,-87.687790255,"(41.92493594409127, -87.68779025471278)"
PULASKI AND IRVING PARK,1574,4000 W IRVING PARK RD,09/11/2015,10,1148988.727877253,1926320.954938409,41.953756874,-87.727698513,"(41.95375687447515, -87.72769851312907)"
CICERO AND CHICAGO,1781,800 N CICERO AVENUE,09/11/2015,2,1144169.162482127,1904893.189220372,41.895049038,-87.745955516,"(41.89504903796389, -87.74595551626888)"
PULASKI AND DIVISION,1802,1200 N PULASKI ROAD,09/11/2015,4,1149459.590666926,1907723.219884254,41.902713902,-87.726451457,"(41.902713901936174, -87.72645145715836)"
WESTERN AND CERMAK,1003,2400 W CERMAK ROAD,09/11/2015,1,1160678.000607329,1889375.645335924,41.852141307,-87.685752642,"(41.85214130680468, -87.6857526415569)"
PULASKI AND CHICAGO,1983,4000 W CHICAGO AVENUE,09/11/2015,2,1149561.855939692,1905086.596446259,41.895476752,-87.72614436,"(41.89547675163723, -87.72614435991626)"
AUSTIN AND IRVING PARK,1161,4000 N AUSTIN AVENUE,09/11/2015,1,1135599.956110927,1926006.862619986,41.953144059,-87.776925284,"(41.95314405904539, -87.77692528423394)"
CHICAGO AND CLARK,1964,100 W CHICAGO AVENUE,09/11/2015,7,1175374.528739575,1905745.47783364,41.896744347,-87.631321248,"(41.896744346875806, -87.63132124815151)"
LARAMIE AND MADISON,2044,5200 W MADISON STREET,02/09/2017,6,1141706.965522802,1899567.55684314,41.880480752,-87.755130433,"(41.88048075170171, -87.75513043296509)"
63RD AND STATE,2712,6300 S STATE ST,09/11/2015,4,1177303.801895084,1863220.216755923,41.780008277,-87.625522512,"(41.78000827740796, -87.6255225119157)"
ELSTON AND LAWRENCE,1284,4440 W LAWRENCE AVENUE,09/11/2015,9,1145715.061027481,1931571.0474838,41.968226398,-87.739599251,"(41.96822639754791, -87.73959925065756)"
LARAMIE AND MADISON,2044,5200 W MADISON STREET,09/11/2015,8,1141706.965522802,1899567.55684314,41.880480752,-87.755130433,"(41.88048075170171, -87.75513043296509)"
71ST AND ASHLAND,2391,7100 S ASHLAND,09/11/2015,2,1166868.379865725,1857616.168087255,41.764859382,-87.663940176,"(41.764859382425385, -87.66394017630476)"
CENTRAL AND BELMONT,1604,5600 W BELMONT AVENUE,09/11/2015,2,1138453.617438343,1920755.972768412,41.938683775,-87.766562494,"(41.93868377475747, -87.76656249384537)"
115TH AND HALSTED,2552,11500 S HALSTED STREE,02/09/2017,12,,,,,
FULLERTON AND NARRAGANSETT,1554,6400 W FULLERTON AVENU,09/11/2015,4,1133317.594499059,1915293.661305931,41.923786189,-87.785567206,"(41.92378618871128, -87.78556720562165)"
ASHLAND AND LAWRENCE,1143,1600 W LAWRENCE AVENUE,09/11/2015,9,1164771.946929007,1931988.254061312,41.968987457,-87.669516307,"(41.96898745654617, -87.66951630654926)"
LARAMIE AND FULLERTON,1421,2400 N LARAMIE AVENUE,09/11/2015,1,1141282.877477884,1915479.163971956,41.924151874,-87.756294662,"(41.92415187425276, -87.75629466175003)"
BROADWAY/SHERIDAN AND DEVON,1123,1200 W DEVON AVE,09/11/2015,2,1167109.644248166,1942688.147952186,41.998298228,-87.660611661,"(41.99829822771884, -87.66061166063517)"
WESTERN AND FULLERTON,1671,2400 N WESTERN AVENUE,09/11/2015,6,1159923.309342995,1915897.778561358,41.924935944,-87.687790255,"(41.92493594409127, -87.68779025471278)"
CICERO AND HARRISON,2022,600 S CICERO AVENUE,09/11/2015,6,1144444.97442848,1896894.622216872,41.873094833,-87.745143869,"(41.873094832519136, -87.74514386884542)"
CICERO AND NORTH,2034,4800 W NORTH AVENUE,09/11/2015,1,1144053.733747163,1910243.80567041,41.90973389,-87.746244973,"(41.909733890131285, -87.74624497295898)"
CICERO AND ADDISON,1612,3600 N CICERO AVENUE,09/11/2015,3,1143698.904601495,1923517.005821035,41.946163524,-87.747215169,"(41.94616352362556, -87.74721516897007)"
HOMAN/KIMBALL AND NORTH,1773,3400 W NORTH AVE,09/11/2015,11,1153386.578905125,1910465.87061722,41.910162847,-87.711953868,"(41.91016284680269, -87.71195386769125)"
35TH AND WESTERN,2092,3500 S WESTERN,09/10/2015,3,1160894.949857101,1881376.851112895,41.830187255,-87.685177925,"(41.83018725526863, -87.68517792510231)"
CENTRAL AND ADDISON,1683,5600 W ADDISON STREET,09/11/2015,2,1138349.663302502,1923416.02157061,41.945985104,-87.766879952,"(41.94598510430888, -87.76687995165918)"
MONTROSE AND WESTERN,1224,2400 W MONTROSE AVENUE,02/09/2017,2,1159562.971802959,1929191.337701253,41.961421726,-87.68874698,"(41.961421726406314, -87.68874697983858)"
CICERO AND NORTH,2033,4800 W NORTH AVENUE,02/09/2017,2,1144053.733747163,1910243.80567041,41.90973389,-87.746244973,"(41.909733890131285, -87.74624497295898)"
99TH AND HALSTED,2433,800 W 99TH ST,02/09/2017,8,1172710.642565684,1839246.330602143,41.714323337,-87.643066714,"(41.71432333701137, -87.64306671421937)"
CLARK AND FULLERTON,1631,2400 N CLARK ST,09/11/2015,5,1172749.562209477,1916238.997132859,41.925597623,-87.640650973,"(41.925597623023144, -87.64065097309872)"
CENTRAL AND BELMONT,1602,3200 N CENTRAL AVENUE,09/11/2015,1,1138430.432324593,1920731.654410336,41.938617463,-87.766648297,"(41.938617463272884, -87.76664829683827)"
4700 WESTERN,2142,4700 S WESTERN AVENUE,09/11/2015,2,1161120.438879703,1873431.066474726,41.808378408,-87.684570717,"(41.808378407946726, -87.68457071689552)"
PULASKI AND DIVISION,1801,1200 N PULASKI ROAD,09/11/2015,2,1149459.590666926,1907723.219884254,41.902713902,-87.726451457,"(41.902713901936174, -87.72645145715836)"
CICERO AND WASHINGTON,1892,100 N CICERO AVENUE,02/09/2017,10,1144328.984091479,1900095.170838459,41.88187971,-87.745489247,"(41.88187970991601, -87.7454892473012)"
CALIFORNIA AND PETERSON,1311,6000 N CALIFORNIA AVE,09/11/2015,1,1156545.742699118,1939775.775541795,41.990527717,-87.699552084,"(41.990527717148176, -87.69955208405155)"
CANAL AND ROOSEVELT,2291,1200 S CANAL STREET,09/11/2015,1,1173268.771030949,1894952.634878732,41.867175125,-87.639375813,"(41.86717512472001, -87.63937581258092)"
HAMLIN AND LAKE,1882,300 N HAMLIN AVENUE,09/11/2015,8,1150970.026856642,1901381.688308858,41.885282636,-87.721069539,"(41.88528263580913, -87.72106953854511)"
DIVERSEY AND AUSTIN,1453,6000 W DIVERSEY AVENUE,09/11/2015,2,1135895.736169343,1918029.70673837,41.931248624,-87.776028612,"(41.931248623643455, -87.77602861172493)"
ASHLAND AND 87TH,2452,8700 S ASHLAND AVE,09/11/2015,3,1167150.470087748,1846991.212339794,41.735696989,-87.663209544,"(41.73569698863625, -87.66320954445679)"
ASHLAND AND DIVISION,1791,1200 N ASHLAND AVENUE,09/11/2015,1,1165466.997046718,1908083.767015974,41.903377468,-87.667643142,"(41.903377467566784, -87.66764314227497)"
KEDZIE AND 63RD,2361,6300 S KEDZIE AVE,09/11/2015,3,1156097.505177228,1862668.051775093,41.77894575,-87.703283119,"(41.77894575017997, -87.70328311900342)"
ROOSEVELT AND HALSTED,2233,800 W ROOSEVELT ROAD,09/11/2015,1,1171199.282357741,1894968.056393724,41.867263098,-87.646972686,"(41.86726309836901, -87.64697268601648)"
WENTWORTH AND GARFIELD,2261,5500 S WENTWORTH AVEN,09/11/2015,23,,,,,
PULASKI AND LAWRENCE,1173,4000 W LAWRENCE AVENUE,09/11/2015,2,1148844.220085601,1931638.45430438,41.968351285,-87.728091672,"(41.96835128527914, -87.72809167198088)"
IRVING PARK AND CALIFORNIA,1234,2800 W IRVING PARK ROA,09/11/2015,14,,,,,
HALSTED AND MADISON,1871,1 S HALSTED STREET,09/11/2015,1,1171092.392868784,1900234.542088741,41.881717056,-87.647210539,"(41.88171705561901, -87.64721053920604)"
COTTAGE GROVE AND 71ST,2571,7100 S COTTAGE GROVE,02/09/2017,1,1182746.23698699,1858088.011064538,41.765800351,-87.605729127,"(41.76580035131893, -87.6057291269901)"
35TH AND WESTERN,2092,3500 S WESTERN,09/11/2015,5,1160894.949857101,1881376.851112895,41.830187255,-87.685177925,"(41.83018725526863, -87.68517792510231)"
WESTERN AND 79TH,2484,2400 W 79TH ST,09/11/2015,1,1161758.68085177,1852242.255513454,41.750220168,-87.682817693,"(41.75022016799851, -87.68281769253687)"
CERMAK AND PULASKI,2332,2200 S PULASKI,09/11/2015,6,1150012.876838243,1889071.75851865,41.851521442,-87.724904787,"(41.85152144233116, -87.7249047867499)"
PULASKI AND IRVING PARK,1572,4000 N PULASKI ROAD,02/09/2017,1,1148970.255325552,1926313.600468643,41.953737051,-87.727766612,"(41.95373705144353, -87.72776661179896)"
CENTRAL AND FULLERTON,1442,2400 N CENTRAL AVENUE,09/11/2015,1,1138603.468418662,1915431.058212414,41.924068922,-87.766141214,"(41.92406892227644, -87.76614121413186)"
CALIFORNIA AND DIVERSEY,1513,2800 W DIVERSEY,09/11/2015,1,1157212.54253358,1918526.674434943,41.932205395,-87.697679244,"(41.93220539506452, -87.6976792438691)"
79TH AND KEDZIE,2443,3200 W 79TH ST,09/11/2015,4,1156402.644780165,1852104.649370984,41.749952001,-87.702448478,"(41.74995200142266, -87.70244847808695)"
HAMLIN AND MADISON,1901,0 N HAMLIN BOULEVARD,02/09/2017,4,,,,,
WENTWORTH AND GARFIELD,2264,200 W GARFIELD BLVD,09/11/2015,3,1175889.574397302,1868551.750512227,41.794670385,-87.630547476,"(41.79467038468937, -87.63054747605638)"
CENTRAL AND CHICAGO,1973,5600 W CHICAGO AVENUE,09/11/2015,3,1138858.856732452,1904825.827586656,41.894962293,-87.765460791,"(41.89496229349977, -87.76546079122906)"
55TH and PULASKI,2244,4000 W 55TH ST,09/11/2015,2,1150621.676903861,1867864.274865394,41.793313334,-87.723223038,"(41.79331333358753, -87.72322303812588)"
SACRAMENTO AND CHICAGO,1814,3000 W CHICAGO AVENUE,09/11/2015,2,1156075.266375505,1905216.604770718,41.895704525,-87.702218524,"(41.895704524946225, -87.70221852353758)"
MONTROSE AND WESTERN,1224,2400 W MONTROSE AVENUE,09/11/2015,1,1159562.971802959,1929191.337701253,41.961421726,-87.68874698,"(41.961421726406314, -87.68874697983858)"
CICERO AND 47TH,2202,4700 S CICERO AVE,09/11/2015,3,1145112.150373471,1873006.659918126,41.807530373,-87.743296821,"(41.80753037289406, -87.7432968212423)"
CALIFORNIA AND PETERSON,1313,2800 W PETERSON AVENUE,09/11/2015,2,1156569.515341857,1939784.830544118,41.990552082,-87.699464396,"(41.990552081681564, -87.69946439622785)"
STONEY ISLAND AND 76TH,2632,7600 S STONY ISLAND A,09/11/2015,22,1188092.796191935,1854889.354158304,41.756897173,-87.586234285,"(41.75689717260223, -87.58623428506996)"
MONTROSE AND WESTERN,1221,4400 N WESTERN AVENUE,09/11/2015,5,1159539.733234718,1929183.918095502,41.961401846,-87.688832623,"(41.961401846278505, -87.6888326227788)"
ADDISON AND HARLEM,1591,3600 N HARLEM AVENUE,09/11/2015,6,1127394.594070737,1923110.532422811,41.945338412,-87.807154769,"(41.94533841246591, -87.80715476912044)"
ARCHER AND CICERO,2081,5200 S CICERO AVE,09/11/2015,25,1145195.931989777,1869737.708306623,41.798558278,-87.743071866,"(41.798558278193305, -87.74307186616427)"
STONEY ISLAND AND 76TH,2631,7600 S STONY ISLAND A,09/10/2015,21,1188092.796191935,1854889.354158304,41.756897173,-87.586234285,"(41.75689717260223, -87.58623428506996)"
WESTERN AND NORTH,1853,2400 W NORTH AVE,09/11/2015,4,1160100.839010995,1910612.783367238,41.910429862,-87.687284221,"(41.91042986235867, -87.68728422050837)"
KEDZIE AND 26TH,2381,2600 S KEDZIE AVENUE,09/11/2015,3,1155404.235510285,1886524.460033054,41.844424831,-87.705185452,"(41.84442483084393, -87.70518545233183)"
CALIFORNIA AND DEVON,1321,6400 N CALIFORNIA AVE,09/11/2015,1,1156461.150245401,1942370.37710537,41.997649133,-87.699792629,"(41.997649133049336, -87.69979262891378)"
CICERO AND 47TH,2204,4800 W 47TH ST,09/11/2015,15,1145130.048925744,1873078.44198302,41.807727017,-87.743229366,"(41.80772701677172, -87.74322936566276)"
WESTERN AND 71ST,2614,2400 W 71ST STREET,09/11/2015,1,1161584.506819846,1857557.788853485,41.764810388,-87.683308769,"(41.76481038827884, -87.68330876944678)"
MILWAUKEE AND MONTROSE,1364,5075 W MONTROSE AVENUE,09/11/2015,5,1141716.746618898,1928736.076639057,41.960522088,-87.754371424,"(41.96052208819935, -87.75437142402293)"
PULASKI AND PETERSON,1262,6000 N PULASKI ROAD,09/10/2015,3,1148598.016685695,1939584.645960177,41.990160923,-87.728790748,"(41.99016092280557, -87.72879074759867)"
115TH AND HALSTED,2552,11500 S HALSTED STREE,09/10/2015,7,,,,,
KEDZIE AND 47TH,2104,3200 W 47TH ST,09/11/2015,1,1155815.231505056,1873336.169728074,41.808226246,-87.704031672,"(41.808226246244026, -87.70403167215984)"
DAMEN AND DIVERSEY,1462,2800 N DAMEN AVENUE,09/11/2015,5,1162490.04851994,1918611.623717091,41.932329494,-87.678282719,"(41.9323294940985, -87.67828271931386)"
4700 WESTERN,2141,4700 S WESTERN AVENUE,09/11/2015,9,1161120.438879703,1873431.066474726,41.808378408,-87.684570717,"(41.808378407946726, -87.68457071689552)"
PULASKI AND 63RD,2342,6300 S PULASKI RD,09/11/2015,5,1150746.00309079,1862516.747695325,41.778636469,-87.722906356,"(41.77863646878099, -87.72290635568541)"
WESTERN AND MARQUETTE,2672,6700 S WESTERN AVENUE,09/11/2015,8,1161488.747635042,1860134.788366884,41.771884028,-87.683588402,"(41.77188402771193, -87.68358840206334)"
CICERO AND ADDISON,1611,3600 N CICERO AVENUE,09/11/2015,2,1143698.904601495,1923517.005821035,41.946163524,-87.747215169,"(41.94616352362556, -87.74721516897007)"
ASHLAND AND MADISON,1914,1600 W MADISON,09/11/2015,6,1165723.014733182,1900136.515489506,41.881564167,-87.666929463,"(41.8815641670199, -87.66692946294842)"
75TH AND STATE,2621,7500 S STATE STREET,09/11/2015,6,1177538.763040612,1855235.551345519,41.758092176,-87.624902228,"(41.75809217638291, -87.6249022282473)"
DAMEN AND DIVERSEY,1464,2000 W DIVERSEY PARKWAY,09/11/2015,3,1162519.714934025,1918635.417634925,41.932394164,-87.678173031,"(41.93239416403691, -87.67817303087757)"
ELSTON AND LAWRENCE,1282,4800 N ELSTON AVENUE,09/11/2015,3,1145529.344259918,1931501.601268983,41.968039361,-87.740283894,"(41.96803936143674, -87.74028389448999)"
IRVING PARK AND LARAMIE,1534,5200 W IRVING PARK ROA,09/11/2015,1,,,,,
ASHLAND AND FULLERTON,1651,2400 N ASHLAND AVENUE,09/11/2015,9,1165228.073342838,1916032.319169157,41.92519389,-87.668294363,"(41.92519388981048, -87.66829436339881)"
LARAMIE AND MADISON,2043,5200 W MADISON STREET,09/11/2015,2,1141706.965522802,1899567.55684314,41.880480752,-87.755130433,"(41.88048075170171, -87.75513043296509)"
119TH AND HALSTED,2402,11900 S HALSTED,09/11/2015,8,1173094.774616191,1825911.054609338,41.677720829,-87.642051845,"(41.67772082924762, -87.64205184498218)"
LASALLE AND KINZIE,1921,400 N LASALLE,09/11/2015,5,1175028.579766798,1903002.552291359,41.889225372,-87.632674115,"(41.88922537162015, -87.63267411498495)"
31ST ST AND MARTIN LUTHER KING DRIVE,2121,3100 S DR MARTIN L KING,09/11/2015,19,,,,,
HOLLYWOOD AND SHERIDAN,1343,1000 W HOLLYWOOD AVE,09/11/2015,5,1168580.228926466,1938090.295189338,41.985649799,-87.655335807,"(41.98564979859328, -87.65533580655139)"
BROADWAY/SHERIDAN AND DEVON,1122,6400 N SHERIDAN ROAD,09/11/2015,6,1167087.151194129,1942658.704988689,41.998217921,-87.660695256,"(41.99821792053241, -87.6606952555721)"
CICERO AND FULLERTON,1472,2400 N CICERO AVE,09/11/2015,3,1143961.592189569,1915545.343094087,41.92428359,-87.74645019,"(41.92428358982701, -87.74645019028947)"
HOMAN/KIMBALL AND NORTH,1771,1600 N HOMAN AVENUE,02/23/2016,1,,,,,
HAMLIN AND LAKE,1881,300 N HAMLIN AVENUE,09/11/2015,2,1150970.026856642,1901381.688308858,41.885282636,-87.721069539,"(41.88528263580913, -87.72106953854511)"
JEFFERY AND 95TH,2522,9500 S JEFFERY AVE,09/11/2015,9,1191132.420601301,1842335.735988875,41.722375907,-87.575499903,"(41.72237590704101, -87.57549990332795)"
WESTERN AND CHICAGO,1941,800 N WESTERN AVE,02/09/2017,1,1160220.967978608,1905277.507115921,41.895786955,-87.686990586,"(41.89578695485361, -87.68699058611217)"
HALSTED AND FULLERTON,1704,800 W FULLERTON AVENUE,09/11/2015,5,1170525.624723311,1916208.443992778,41.925562791,-87.648823641,"(41.92556279107417, -87.64882364145232)"
CHICAGO AND CLARK,1963,100 W CHICAGO AVENUE,09/11/2015,7,1175374.528739575,1905745.47783364,41.896744347,-87.631321248,"(41.896744346875806, -87.63132124815151)"
IRVING PARK AND KILPATRICK,2763,4700 W IRVING PARK ROA,09/11/2015,3,,,,,
STATE AND 79TH,2651,7900 S STATE STREET,09/11/2015,4,1177618.166929966,1852621.870232838,41.750918138,-87.624690123,"(41.7509181383154, -87.62469012251644)"
WESTERN AND ADDISON,1562,3600 N WESTERN AVENUE,09/11/2015,13,1159695.573342728,1923871.086283556,41.94681992,-87.688406662,"(41.94681991986288, -87.68840666206194)"
LAKE SHORE DR AND BELMONT,1413,400 W BELMONT AVE,09/11/2015,36,1172981.744869382,1921577.376128802,41.940241193,-87.639639114,"(41.94024119325571, -87.63963911427594)"
ROOSEVELT AND HALSTED,2234,800 W ROOSEVELT ROAD,09/11/2015,5,1171199.282357741,1894968.056393724,41.867263098,-87.646972686,"(41.86726309836901, -87.64697268601648)"
HALSTED AND NORTH,1761,1600 N HALSTED STREET,09/11/2015,6,1170678.283433825,1910880.991397547,41.910940644,-87.648419043,"(41.91094064391597, -87.64841904272998)"
DIVERSEY AND AUSTIN,1454,6000 W DIVERSEY AVENUE,02/09/2017,2,1135895.736169343,1918029.70673837,41.931248624,-87.776028612,"(41.931248623643455, -87.77602861172493)"
DIVERSEY AND WESTERN,1431,2800 N WESTERN AVENUE,09/11/2015,3,1159837.205417355,1918550.506189309,41.932216988,-87.688033281,"(41.93221698794738, -87.68803328089533)"
79TH AND HALSTED,2541,7900 S HALSTED STREET,09/11/2015,3,1172298.707400847,1852444.344822186,41.750549559,-87.644188368,"(41.750549559438944, -87.64418836784098)"
CENTRAL AND ADDISON,1683,5600 W ADDISON STREET,02/09/2017,1,1138349.663302502,1923416.02157061,41.945985104,-87.766879952,"(41.94598510430888, -87.76687995165918)"
KEDZIE AND ARMITAGE,1832,2000 N KEDZIE AVENUE,09/11/2015,6,1154684.031809326,1913129.496340896,41.917446172,-87.707116072,"(41.91744617191702, -87.70711607187832)"
HARLEM AND BELMONT,1391,3200 N HARLEM AVE,09/11/2015,6,1127481.020995451,1920467.613239239,41.938084468,-87.806896749,"(41.93808446822169, -87.80689674887883)"
PULASKI AND ARCHER,2154,5000 S ARCHER AVE,09/11/2015,4,1150501.818909837,1871162.311703322,41.802365973,-87.723576766,"(41.80236597333895, -87.72357676611004)"
ROOSEVELT AND PULASKI,2311,1200 S PULASKI ROAD,09/11/2015,4,1149866.002247864,1894375.839200384,41.866079337,-87.725305995,"(41.86607933722178, -87.7253059948758)"
DAMEN AND 63RD,2702,6300 S DAMEN AVENUE,02/09/2017,1,1164069.407943298,1862830.277442834,41.779226921,-87.674052731,"(41.77922692069256, -87.67405273137854)"
CICERO AND WASHINGTON,1892,100 N CICERO AVENUE,09/11/2015,2,1144328.984091479,1900095.170838459,41.88187971,-87.745489247,"(41.88187970991601, -87.7454892473012)"
CICERO AND CHICAGO,1783,4800 W CHICAGO AVENUE,02/09/2017,2,1144175.291152764,1904916.255225279,41.895112219,-87.745932427,"(41.89511221857764, -87.74593242701515)"
CENTRAL AND IRVING PARK,1183,5600 W IRVING PARK ROAD,09/11/2015,1,1138281.535484986,1926078.647777633,41.953292847,-87.767065708,"(41.953292847298, -87.76706570775266)"
IRVING PARK AND NARRAGANSETT,1024,6400 W IRVING PK,09/11/2015,3,1132945.939118726,1925946.304925137,41.953024751,-87.786683238,"(41.95302475075328, -87.78668323766634)"
DIVERSEY AND AUSTIN,1454,6000 W DIVERSEY AVENUE,09/11/2015,3,1135895.736169343,1918029.70673837,41.931248624,-87.776028612,"(41.931248623643455, -87.77602861172493)"
WESTERN AND 79TH,2481,7900 S WESTERN AVE,09/11/2015,3,1161711.516404028,1852181.685686118,41.750054934,-87.682992203,"(41.750054933649984, -87.68299220290213)"
IRVING PARK AND LARAMIE,1533,5200 W IRVING PARK ROA,02/26/2016,5,,,,,
ASHLAND AND 95TH,2473,1600 W 95TH STREET,09/11/2015,3,1167323.753394196,1841755.029221382,41.721324412,-87.662724153,"(41.721324411975246, -87.66272415265087)"
HALSTED AND 103RD,2593,800 W 103RD STREET,09/11/2015,3,1172778.570616036,1836587.755252818,41.70702632,-87.642896007,"(41.707026319812215, -87.64289600741817)"
ROOSEVELT AND KOSTNER,2321,1200 S KOSTNER,09/11/2015,3,1147196.304001978,1894305.883269746,41.865938839,-87.735108549,"(41.8659388389088, -87.73510854901264)"
IRVING PARK AND KILPATRICK,2764,4700 W IRVING PARK ROA,09/11/2015,3,,,,,
KEDZIE AND 31ST,2134,3200 W 31ST STREET,09/11/2015,2,1155487.128005646,1883943.061106793,41.8373395,-87.704950558,"(41.83733950029648, -87.70495055800411)"
PULASKI AND PETERSON,1263,4000 W PETERSON AVENUE,09/11/2015,9,1148618.560490339,1939615.133928395,41.990244186,-87.728714391,"(41.99024418564742, -87.7287143910091)"
STONEY ISLAND AND 79TH,2464,1600 E 79TH ST,05/05/2017,1,1188284.704439907,1852964.829047574,41.751611523,-87.585592284,"(41.75161152327319, -87.58559228428787)"
STATE AND 79TH,2654,1 E 79TH STREET,09/11/2015,24,1177680.113652821,1852598.313477786,41.750852096,-87.624463832,"(41.75085209551078, -87.62446383210285)"
ROOSEVELT AND KOSTNER,2323,4400 W ROOSEVELT,09/11/2015,2,1147200.963258796,1894379.538078088,41.866140868,-87.73508956,"(41.866140867641654, -87.73508956008207)"
BELMONT AND KEDZIE,1371,3200 N KEDZIE AVENUE,09/11/2015,1,1154426.977874407,1921110.466549542,41.93935173,-87.707846594,"(41.93935173030961, -87.70784659359776)"
SACRAMENTO AND LAKE,1822,150 N SACRAMENTO BOUL,09/11/2015,5,1156319.560664766,1900957.489351962,41.884012178,-87.701436479,"(41.88401217771363, -87.7014364786693)"
CICERO AND ARMITAGE,2001,2000 N CICERO AVENUE,09/11/2015,3,1144031.525719004,1912881.8300295,41.916973325,-87.746260223,"(41.91697332451097, -87.74626022251057)"
STONY ISLAND/CORNELL AND 67TH,2721,6700 S STONY ISLAND A,09/11/2015,4,1187984.143047539,1860863.338367666,41.773292896,-87.586442368,"(41.77329289585066, -87.58644236831432)"
STONEY ISLAND AND 79TH,2462,7900 S STONEY ISLAND,09/11/2015,4,1188181.571068297,1852908.934789311,41.751460603,-87.585971993,"(41.75146060316686, -87.5859719929647)"
CORTLAND AND ASHLAND,1721,1900 N ASHLAND AVE,09/11/2015,10,1165348.084854857,1912736.454335569,41.916147281,-87.667947354,"(41.91614728095272, -87.66794735350443)"
VAN BUREN AND WESTERN,2052,400 S WESTERN AVENUE,09/11/2015,28,1160431.682297829,1898091.942371589,41.876064776,-87.686415631,"(41.87606477642526, -87.68641563098768)"
WESTERN AND FOSTER,1074,2400 W FOSTER AVE,09/11/2015,2,1159379.402846887,1934502.712486132,41.97600019,-87.689275084,"(41.97600018976586, -87.68927508385399)"
PULASKI AND DIVERSEY,1542,2800 N PULASKI ROAD,09/11/2015,9,1149200.724531183,1918332.222549679,41.931831026,-87.727126873,"(41.93183102561505, -87.72712687300454)"
FOSTER AND NAGLE,1034,6400 W FOSTER,09/11/2015,1,1132552.893142153,1934229.875527466,41.975762574,-87.787934296,"(41.97576257447203, -87.7879342955108)"
PULASKI AND ARCHER,2153,5000 S ARCHER AVE,09/11/2015,11,1150501.818909837,1871162.311703322,41.802365973,-87.723576766,"(41.80236597333895, -87.72357676611004)"
LAFAYETTE AND 87TH,2502,8700 S LAFAYETTE AVEN,09/11/2015,22,1177417.493180297,1847243.988223464,41.73616511,-87.625587569,"(41.73616511008592, -87.62558756899932)"
99TH AND HALSTED,2431,9900 S HALSTED ST,09/11/2015,17,1172689.754200318,1839171.652197216,41.714118868,-87.643145408,"(41.714118868089905, -87.64314540818165)"
WESTERN AND TOUHY,1251,7200 N WESTERN AVENUE,09/11/2015,2,1158975.66256211,1947754.286963361,42.012371335,-87.690393917,"(42.012371334791766, -87.69039391737863)"
HALSTED AND FULLERTON,1701,2400 N HALSTED STREET,09/11/2015,5,1170501.602639925,1916200.061550148,41.925540315,-87.648912156,"(41.925540315431995, -87.64891215551155)"
CERMAK AND PULASKI,2334,4000 W CERMAK,09/11/2015,3,1150018.476053666,1889120.238540361,41.851654369,-87.724882975,"(41.85165436867626, -87.7248829753078)"
KEDZIE AND 31ST,2132,3100 S KEDZIE AVENUE,09/11/2015,2,1155483.167539854,1883867.660503274,41.837132671,-87.704967115,"(41.837132671422296, -87.70496711478727)"
IRVING PARK AND LARAMIE,1534,5200 W IRVING PARK ROA,02/28/2016,1,,,,,
WESTERN AND 63RD,2373,2400 W 63RD ST,09/11/2015,1,1161444.415758584,1862848.534703658,41.779331844,-87.683675761,"(41.77933184429814, -87.68367576084798)"
55TH and PULASKI,2242,5500 S PULASKI,09/11/2015,1,1150600.072649439,1867806.44512718,41.793155061,-87.723303765,"(41.793155060731024, -87.72330376464247)"
WESTERN AND CERMAK,1002,2200 S WESTERN AVENUE,09/11/2015,6,1160669.42562757,1889318.196820393,41.85198384,-87.685785704,"(41.85198383957328, -87.68578570420526)"
FULLERTON AND NARRAGANSETT,1553,6400 W FULLERTON AVENU,09/11/2015,2,1133317.594499059,1915293.661305931,41.923786189,-87.785567206,"(41.92378618871128, -87.78556720562165)"
71ST AND ASHLAND,2394,1600 W 71ST,09/11/2015,5,1166890.012333149,1857674.2502247,41.765018306,-87.66385923,"(41.76501830555763, -87.66385923012646)"
HALSTED AND 95TH,2582,9500 S HALSTED STREET,09/11/2015,1,1172610.538363645,1841811.61926207,41.721365061,-87.643358042,"(41.72136506078306, -87.64335804234075)"
DIVISION AND DAMEN,1733,2000 W DIVISION,02/09/2017,2,1162815.710860194,1908034.672555531,41.903298793,-87.677383247,"(41.903298792681944, -87.67738324739636)"
WESTERN AND NORTH,1851,1600 N WESTERN AVE,09/11/2015,8,1160077.474351131,1910605.013316134,41.910409024,-87.687370268,"(41.91040902362901, -87.687370268401)"
HALSTED AND 95TH,2581,9500 S HALSTED STREET,09/11/2015,1,1172610.538363645,1841811.61926207,41.721365061,-87.643358042,"(41.72136506078306, -87.64335804234075)"
CENTRAL AND LAKE,1742,400 N CENTRAL AVENUE,09/11/2015,2,1138928.478257537,1902217.926149854,41.887804621,-87.765268498,"(41.88780462053497, -87.76526849810371)"
WESTERN AND NORTH,1853,2400 W NORTH AVE,09/10/2015,2,1160100.839010995,1910612.783367238,41.910429862,-87.687284221,"(41.91042986235867, -87.68728422050837)"
STONEY ISLAND AND 76TH,2631,7600 S STONY ISLAND A,02/09/2017,17,1188092.796191935,1854889.354158304,41.756897173,-87.586234285,"(41.75689717260223, -87.58623428506996)"
HOLLYWOOD AND SHERIDAN,1344,1000 W HOLLYWOOD AVE,09/11/2015,17,1168580.228926466,1938090.295189338,41.985649799,-87.655335807,"(41.98564979859328, -87.65533580655139)"
115TH AND HALSTED,2552,11500 S HALSTED STREE,09/11/2015,6,,,,,
119TH AND HALSTED,2404,800 W 119TH STREET,09/11/2015,2,1173111.174088158,1825985.001014405,41.677923389,-87.641989646,"(41.677923389134385, -87.64198964584013)"
FOSTER AND BROADWAY,1111,5200 N BROADWAY ST,09/11/2015,5,1167334.508577915,1934714.008346532,41.976412143,-87.660015082,"(41.97641214294823, -87.66001508205365)"
PULASKI AND NORTH,1994,4000 W NORTH AVENUE,09/11/2015,4,1149456.2688422,1910376.774019002,41.909995582,-87.726394693,"(41.90999558160536, -87.72639469321471)"
WESTERN AND DEVON,1212,6400 N WESTERN AVENUE,09/11/2015,2,1159113.585759434,1942451.622367891,41.997817807,-87.690033035,"(41.997817807026, -87.69003303469276)"
COTTAGE GROVE AND 71ST,2572,7100 S COTTAGE GROVE,09/11/2015,2,1182746.23698699,1858088.011064538,41.765800351,-87.605729127,"(41.76580035131893, -87.6057291269901)"
AUSTIN AND ADDISON,1491,3600 N AUSTIN AVENUE,09/11/2015,2,1135691.599896458,1923335.967306169,41.945813215,-87.776652162,"(41.9458132146695, -87.77665216156436)"
LAKE SHORE DR AND BELMONT,1412,3200 N LAKESHORE DRIV,09/11/2015,10,1173053.220555078,1921821.380831705,41.940909163,-87.63936916,"(41.94090916326764, -87.63936915995522)"
ELSTON AND ADDISON,1403,3216 W ADDISON ST,09/11/2015,1,1154199.729816868,1923799.345386665,41.946734755,-87.708609774,"(41.946734754927796, -87.7086097735515)"
CICERO AND ADDISON,1611,3600 N CICERO AVENUE,02/09/2017,3,1143698.904601495,1923517.005821035,41.946163524,-87.747215169,"(41.94616352362556, -87.74721516897007)"
SHERIDAN AND FOSTER,1134,1000 W FOSTER AVE,09/11/2015,4,1168689.247756979,1934758.578141654,41.976505116,-87.655031882,"(41.97650511595711, -87.65503188224778)"
KOSTNER AND NORTH,2011,1600 N KOSTNER,09/11/2015,1,1146732.108679105,1910282.120990798,41.909788304,-87.736404667,"(41.90978830394343, -87.73640466739216)"
75TH AND STATE,2624,1 E 75TH STREET,09/11/2015,10,1177601.72646404,1855229.486604181,41.758074111,-87.624671658,"(41.75807411097799, -87.62467165835182)"
ELSTON AND IRVING PARK,1503,3700 W IRVING PARK ROA,09/11/2015,8,,,,,
CENTRAL AND CHICAGO,1972,800 N CENTRAL AVENUE,09/11/2015,1,1138836.562608552,1904801.732832435,41.894896579,-87.765543258,"(41.89489657939746, -87.76554325845893)"
CENTRAL AND CHICAGO,1972,800 N CENTRAL AVENUE,05/05/2017,2,1138836.562608552,1904801.732832435,41.894896579,-87.765543258,"(41.89489657939746, -87.76554325845893)"
PULASKI AND FOSTER,1104,4000 W FOSTER AVE,09/11/2015,1,1148759.16134887,1934294.249006446,41.975640616,-87.728335469,"(41.975640616231914, -87.72833546926573)"
HAMLIN AND MADISON,1901,0 N HAMLIN BOULEVARD,09/11/2015,2,,,,,
PULASKI AND PETERSON,1263,4000 W PETERSON AVENUE,09/10/2015,11,1148618.560490339,1939615.133928395,41.990244186,-87.728714391,"(41.99024418564742, -87.7287143910091)"
PETERSON AND WESTERN,1014,2400 W PETERSON,09/11/2015,6,1159214.211316277,1939825.301874586,41.99060901,-87.689735481,"(41.990609009807294, -87.68973548092968)"
JEFFERY AND 95TH,2523,2000 E 95TH ST,02/09/2017,3,1191188.381103057,1842410.411853539,41.722579473,-87.575292523,"(41.722579473126416, -87.57529252250366)"
PERSHING AND WESTERN,2112,3900 S WESTERN BLVD,09/11/2015,2,1161130.992078755,1878746.226354636,41.822963628,-87.684384785,"(41.82296362788048, -87.68438478541296)"
DIVISION AND DAMEN,1734,2000 W DIVISION,09/11/2015,9,1162815.710860194,1908034.672555531,41.903298793,-87.677383247,"(41.903298792681944, -87.67738324739636)"
DIVISION AND DAMEN,1733,2000 W DIVISION,09/11/2015,4,1162815.710860194,1908034.672555531,41.903298793,-87.677383247,"(41.903298792681944, -87.67738324739636)"
KEDZIE AND 71ST,2352,7100 S KEDZIE AVENUE,09/11/2015,3,1156225.540366296,1857330.103443232,41.764295037,-87.702957162,"(41.764295036756856, -87.70295716211793)"
LAFAYETTE AND 87TH,2503,30 W 87TH STREET,09/11/2015,17,1177407.651800237,1847320.772058312,41.736376037,-87.625621311,"(41.736376036604916, -87.62562131092602)"
ASHLAND AND IRVING PARK,1153,1600 W IRVING PARK ROA,09/11/2015,1,,,,,
LAWRENCE AND WESTERN,1193,2400 W LAWRENCE AVENUE,09/11/2015,3,1159482.648570304,1931851.989492596,41.968724349,-87.688968727,"(41.96872434882172, -87.68896872699601)"
87TH AND VINCENNES,2412,8700 S VINCENNES,09/11/2015,14,1172026.328989535,1847142.496643776,41.736006565,-87.645341819,"(41.73600656458518, -87.64534181897955)"
CORTLAND AND ASHLAND,1723,1600 W CORTLAND ST,09/11/2015,5,1165377.660768235,1912768.773647285,41.916235337,-87.667837772,"(41.91623533746878, -87.66783777212962)"
KEDZIE AND 63RD,2364,3200 W 63RD ST,09/11/2015,1,1156103.348831225,1862717.565210739,41.779081505,-87.703260365,"(41.77908150488341, -87.70326036544745)"
OGDEN AND KOSTNER,2223,4400 W OGDEN AVENUE,09/11/2015,12,1147406.592439224,1887689.099869462,41.847777523,-87.734505969,"(41.84777752280453, -87.73450596874825)"
IRVING PARK AND KEDZIE,1353,3200 W IRVING PARK ROAD,09/11/2015,2,1154325.140302006,1926458.463197156,41.954029047,-87.708077494,"(41.95402904691877, -87.70807749383191)"
ASHLAND AND IRVING PARK,1151,4000 N ASHLAND AVENUE,09/11/2015,5,1164899.463802581,1926665.661118925,41.954379326,-87.66919912,"(41.954379326212695, -87.66919911980419)"
IRVING PARK AND CALIFORNIA,1233,2800 W IRVING PARK ROA,09/11/2015,7,,,,,
WESTERN AND CHICAGO,1941,800 N WESTERN AVE,09/11/2015,1,1160220.967978608,1905277.507115921,41.895786955,-87.686990586,"(41.89578695485361, -87.68699058611217)"
HOLLYWOOD AND SHERIDAN,1344,1000 W HOLLYWOOD AVE,09/10/2015,15,1168580.228926466,1938090.295189338,41.985649799,-87.655335807,"(41.98564979859328, -87.65533580655139)"
HAMLIN AND MADISON,1903,3800 W MADISON STREET,09/11/2015,9,1151032.709141294,1899784.033986533,41.880897273,-87.720881226,"(41.880897273491264, -87.72088122613924)"
CENTRAL AND LAKE,1743,5600 W LAKE STREET,09/11/2015,4,1138951.495695032,1902230.510465733,41.887838735,-87.765183663,"(41.887838735330206, -87.76518366338465)"
IRVING PARK AND KEDZIE,1354,3200 W IRVING PARK ROAD,09/11/2015,5,1154325.140302006,1926458.463197156,41.954029047,-87.708077494,"(41.95402904691877, -87.70807749383191)"
COLUMBUS AND ILLINOIS,1951,500 N COLUMBUS DRIVE,09/11/2015,24,1178372.808407292,1903693.06016042,41.891044569,-87.620371839,"(41.891044569124276, -87.620371839074)"
ELSTON AND IRVING PARK,1502,4000 N ELSTON AVENUE,09/11/2015,1,1151273.974828198,1926311.849469842,41.953687266,-87.719297882,"(41.95368726563273, -87.71929788151473)"
KIMBALL AND DIVERSEY,1581,2800 N KIMBALL AVENUE,09/11/2015,6,,,,,
KOSTNER AND NORTH,2012,4400 W GRAND AVE,09/11/2015,8,1146773.519128439,1910425.663958581,41.91018141,-87.73624887,"(41.910181409597406, -87.73624887040725)"
31ST ST AND MARTIN LUTHER KING DRIVE,2123,400 E 31ST STREET,09/11/2015,2,1179437.985396417,1884565.84226022,41.838534018,-87.617046113,"(41.838534018118914, -87.61704611345726)"
WESTERN AND FULLERTON,1672,2400 N WESTERN AVENUE,09/11/2015,1,1159923.309342995,1915897.778561358,41.924935944,-87.687790255,"(41.92493594409127, -87.68779025471278)"
CHICAGO AND CLARK,1963,100 W CHICAGO AVENUE,02/09/2017,12,1175374.528739575,1905745.47783364,41.896744347,-87.631321248,"(41.896744346875806, -87.63132124815151)"
CENTRAL AND ADDISON,1682,3600 N CENTRAL AVENUE,09/11/2015,1,1138343.117435682,1923392.067464765,41.945919491,-87.766904594,"(41.945919490555106, -87.76690459426293)"
HALSTED AND 103RD,2593,800 W 103RD STREET,02/09/2017,3,1172778.570616036,1836587.755252818,41.70702632,-87.642896007,"(41.707026319812215, -87.64289600741817)"
CLARK AND IRVING PARK,1091,4000 N CLARK STREET,09/11/2015,4,1166736.149822904,1926699.323624709,41.954432441,-87.662446259,"(41.95443244141688, -87.66244625914061)"
DAMEN AND FULLERTON,1663,2000 W FULLERTON AVE,09/11/2015,30,1162596.935552891,1915990.579747891,41.925134944,-87.677963546,"(41.92513494374925, -87.67796354553815)"
KEDZIE AND 71ST,2354,3200 W 71ST STREET,09/11/2015,2,1156246.862901455,1857404.014959868,41.764497433,-87.702877023,"(41.76449743256955, -87.70287702335861)"
115TH AND HALSTED,2553,800 W 115TH STREET,09/11/2015,1,1173010.735357888,1828632.242070332,41.685190056,-87.642279564,"(41.68519005571938, -87.64227956401977)"
ASHLAND AND MADISON,1911,0 N ASHLAND AVE,09/11/2015,15,,,,,
VAN BUREN AND WESTERN,2054,2400 W VAN BUREN STREE,09/11/2015,3,,,,,
COLUMBUS AND ILLINOIS,1952,500 N COLUMBUS DRIVE,02/09/2017,7,1178372.808407292,1903693.06016042,41.891044569,-87.620371839,"(41.891044569124276, -87.620371839074)"
111TH AND HALSTED,2422,11100 S HALSTED ST,09/12/2015,2,1172923.657689312,1831209.044179248,41.692263123,-87.642522688,"(41.692263123425136, -87.6425226876268)"
CALIFORNIA AND DEVON,1323,2800 W DEVON AVENUE,09/12/2015,5,1156484.528078038,1942377.980662191,41.997669523,-87.699706423,"(41.99766952286052, -87.69970642324591)"
DIVERSEY AND AUSTIN,1454,6000 W DIVERSEY AVENUE,09/12/2015,3,1135895.736169343,1918029.70673837,41.931248624,-87.776028612,"(41.931248623643455, -87.77602861172493)"
PETERSON AND WESTERN,1014,2400 W PETERSON,09/12/2015,15,1159214.211316277,1939825.301874586,41.99060901,-87.689735481,"(41.990609009807294, -87.68973548092968)"
KOSTNER AND NORTH,2013,4400 W NORTH,09/12/2015,8,1146738.551618032,1910309.595368032,41.909863573,-87.736380296,"(41.90986357340246, -87.73638029605371)"
87TH AND VINCENNES,2412,8700 S VINCENNES,09/12/2015,15,1172026.328989535,1847142.496643776,41.736006565,-87.645341819,"(41.73600656458518, -87.64534181897955)"
STATE AND 79TH,2654,1 E 79TH STREET,09/12/2015,40,1177680.113652821,1852598.313477786,41.750852096,-87.624463832,"(41.75085209551078, -87.62446383210285)"
CENTRAL AND ADDISON,1682,3600 N CENTRAL AVENUE,02/09/2017,2,1138343.117435682,1923392.067464765,41.945919491,-87.766904594,"(41.945919490555106, -87.76690459426293)"
PERSHING AND WESTERN,2114,2400 W PERSHING ROAD,09/12/2015,3,1160957.773623189,1878793.434193427,41.82309676,-87.685018951,"(41.82309676016606, -87.68501895061576)"
HAMLIN AND MADISON,1901,0 N HAMLIN BOULEVARD,09/12/2015,4,,,,,
SHERIDAN AND FOSTER,1132,5200 N SHERIDAN ROAD,09/12/2015,3,1168661.623718229,1934753.842272756,41.976492721,-87.655133605,"(41.97649272077833, -87.65513360456677)"
CALIFORNIA AND DIVERSEY,1514,2800 W DIVERSEY,09/12/2015,16,1157212.54253358,1918526.674434943,41.932205395,-87.697679244,"(41.93220539506452, -87.6976792438691)"
63RD AND STATE,2714,1 E 63RD ST,09/12/2015,7,1177367.518733101,1863199.17768559,41.779949105,-87.625289553,"(41.779949104569106, -87.62528955333775)"
CENTRAL AND CHICAGO,1973,5600 W CHICAGO AVENUE,09/12/2015,2,1138858.856732452,1904825.827586656,41.894962293,-87.765460791,"(41.89496229349977, -87.76546079122906)"
CICERO AND ARMITAGE,2001,2000 N CICERO AVENUE,09/12/2015,5,1144031.525719004,1912881.8300295,41.916973325,-87.746260223,"(41.91697332451097, -87.74626022251057)"
WESTERN AND NORTH,1853,2400 W NORTH AVE,09/12/2015,1,1160100.839010995,1910612.783367238,41.910429862,-87.687284221,"(41.91042986235867, -87.68728422050837)"
IRVING PARK AND NARRAGANSETT,1023,6400 W IRVING PK,09/12/2015,2,1132945.939118726,1925946.304925137,41.953024751,-87.786683238,"(41.95302475075328, -87.78668323766634)"
DIVERSEY AND AUSTIN,1453,6000 W DIVERSEY AVENUE,05/05/2017,1,1135895.736169343,1918029.70673837,41.931248624,-87.776028612,"(41.931248623643455, -87.77602861172493)"
71ST AND ASHLAND,2391,7100 S ASHLAND,09/12/2015,2,1166868.379865725,1857616.168087255,41.764859382,-87.663940176,"(41.764859382425385, -87.66394017630476)"
STONEY ISLAND AND 76TH,2632,7600 S STONY ISLAND A,09/12/2015,10,1188092.796191935,1854889.354158304,41.756897173,-87.586234285,"(41.75689717260223, -87.58623428506996)"
CERMAK AND PULASKI,2334,4000 W CERMAK,09/12/2015,9,1150018.476053666,1889120.238540361,41.851654369,-87.724882975,"(41.85165436867626, -87.7248829753078)"
PULASKI AND ARMITAGE,1843,4000 W ARMITAGE AVENUE,02/09/2017,3,1149375.428872108,1913028.984273181,41.917275069,-87.726622746,"(41.91727506940875, -87.72662274644799)"
ELSTON AND IRVING PARK,1503,3700 W IRVING PARK ROA,09/12/2015,7,,,,,
HAMLIN AND LAKE,1881,300 N HAMLIN AVENUE,09/12/2015,2,1150970.026856642,1901381.688308858,41.885282636,-87.721069539,"(41.88528263580913, -87.72106953854511)"
55TH and PULASKI,2242,5500 S PULASKI,02/09/2017,2,1150600.072649439,1867806.44512718,41.793155061,-87.723303765,"(41.793155060731024, -87.72330376464247)"
LAKE SHORE DR AND BELMONT,1413,400 W BELMONT AVE,09/12/2015,24,1172981.744869382,1921577.376128802,41.940241193,-87.639639114,"(41.94024119325571, -87.63963911427594)"
HOLLYWOOD AND SHERIDAN,1344,1000 W HOLLYWOOD AVE,02/09/2017,14,1168580.228926466,1938090.295189338,41.985649799,-87.655335807,"(41.98564979859328, -87.65533580655139)"
HAMLIN AND LAKE,1881,300 N HAMLIN AVENUE,02/09/2017,12,1150970.026856642,1901381.688308858,41.885282636,-87.721069539,"(41.88528263580913, -87.72106953854511)"
IRVING PARK AND LARAMIE,1533,5200 W IRVING PARK ROA,09/12/2015,4,,,,,
COTTAGE GROVE AND 71ST,2572,7100 S COTTAGE GROVE,09/12/2015,2,1182746.23698699,1858088.011064538,41.765800351,-87.605729127,"(41.76580035131893, -87.6057291269901)"
VAN BUREN AND WESTERN,2052,400 S WESTERN AVENUE,09/12/2015,46,1160431.682297829,1898091.942371589,41.876064776,-87.686415631,"(41.87606477642526, -87.68641563098768)"
ELSTON AND LAWRENCE,1284,4440 W LAWRENCE AVENUE,09/12/2015,7,1145715.061027481,1931571.0474838,41.968226398,-87.739599251,"(41.96822639754791, -87.73959925065756)"
HALSTED AND DIVISION,1714,800 W DIVISION,09/12/2015,8,1170767.827960358,1908259.644151662,41.903745557,-87.648167011,"(41.90374555734733, -87.64816701062779)"
ASHLAND AND FULLERTON,1652,2400 N ASHLAND AVENUE,09/12/2015,12,1165228.073342838,1916032.319169157,41.92519389,-87.668294363,"(41.92519388981048, -87.66829436339881)"
CICERO AND CHICAGO,1781,800 N CICERO AVENUE,02/09/2017,3,1144169.162482127,1904893.189220372,41.895049038,-87.745955516,"(41.89504903796389, -87.74595551626888)"
STONY ISLAND/CORNELL AND 67TH,2731,6700 S CORNELL DRIVE,02/09/2017,5,1188316.454860734,1860851.137456735,41.77325149,-87.5852246,"(41.77325148959568, -87.58522459967712)"
CERMAK AND PULASKI,2332,2200 S PULASKI,09/12/2015,3,1150012.876838243,1889071.75851865,41.851521442,-87.724904787,"(41.85152144233116, -87.7249047867499)"
HALSTED AND NORTH,1761,1600 N HALSTED STREET,09/12/2015,4,1170678.283433825,1910880.991397547,41.910940644,-87.648419043,"(41.91094064391597, -87.64841904272998)"
CICERO AND ADDISON,1611,3600 N CICERO AVENUE,09/12/2015,3,1143698.904601495,1923517.005821035,41.946163524,-87.747215169,"(41.94616352362556, -87.74721516897007)"
CENTRAL AND LAKE,1742,400 N CENTRAL AVENUE,09/12/2015,7,1138928.478257537,1902217.926149854,41.887804621,-87.765268498,"(41.88780462053497, -87.76526849810371)"
CLARK AND FULLERTON,1631,2400 N CLARK ST,09/12/2015,3,1172749.562209477,1916238.997132859,41.925597623,-87.640650973,"(41.925597623023144, -87.64065097309872)"
PULASKI AND IRVING PARK,1574,4000 W IRVING PARK RD,09/12/2015,13,1148988.727877253,1926320.954938409,41.953756874,-87.727698513,"(41.95375687447515, -87.72769851312907)"
HALSTED AND FULLERTON,1701,2400 N HALSTED STREET,09/12/2015,5,1170501.602639925,1916200.061550148,41.925540315,-87.648912156,"(41.925540315431995, -87.64891215551155)"
KIMBALL AND DIVERSEY,1583,3400 W DIVERSEY AVENUE,09/12/2015,2,1153211.149172713,1918454.477800566,41.932087747,-87.71238583,"(41.932087747378944, -87.71238582951281)"
ASHLAND AND DIVISION,1791,1200 N ASHLAND AVENUE,09/12/2015,6,1165466.997046718,1908083.767015974,41.903377468,-87.667643142,"(41.903377467566784, -87.66764314227497)"
79TH AND KEDZIE,2443,3200 W 79TH ST,09/12/2015,5,1156402.644780165,1852104.649370984,41.749952001,-87.702448478,"(41.74995200142266, -87.70244847808695)"
CLARK AND FULLERTON,1632,2400 N CLARK ST,09/12/2015,1,1172749.562209477,1916238.997132859,41.925597623,-87.640650973,"(41.925597623023144, -87.64065097309872)"
119TH AND HALSTED,2402,11900 S HALSTED,09/12/2015,3,1173094.774616191,1825911.054609338,41.677720829,-87.642051845,"(41.67772082924762, -87.64205184498218)"
55TH AND WESTERN,2212,5500 S WESTERN AVE,09/12/2015,8,1161269.521335262,1867963.111601251,41.793370554,-87.684175377,"(41.79337055433029, -87.6841753767592)"
ARCHER AND CICERO,2081,5200 S CICERO AVE,09/10/2015,26,1145195.931989777,1869737.708306623,41.798558278,-87.743071866,"(41.798558278193305, -87.74307186616427)"
DIVERSEY AND WESTERN,1431,2800 N WESTERN AVENUE,09/12/2015,5,1159837.205417355,1918550.506189309,41.932216988,-87.688033281,"(41.93221698794738, -87.68803328089533)"
LASALLE AND KINZIE,1923,140 W KINZIE,02/09/2017,2,1175048.09765242,1903028.894760294,41.889297219,-87.632601648,"(41.88929721947309, -87.63260164817305)"
35TH AND WESTERN,2092,3500 S WESTERN,09/12/2015,5,1160894.949857101,1881376.851112895,41.830187255,-87.685177925,"(41.83018725526863, -87.68517792510231)"
CICERO AND CHICAGO,1781,800 N CICERO AVENUE,09/12/2015,3,1144169.162482127,1904893.189220372,41.895049038,-87.745955516,"(41.89504903796389, -87.74595551626888)"
CICERO AND PETERSON,1204,4800 W PETERSON AVENUE,09/12/2015,2,1143273.766829016,1939491.944645127,41.990008007,-87.748376951,"(41.99000800729908, -87.74837695118997)"
WENTWORTH AND GARFIELD,2264,200 W GARFIELD BLVD,09/12/2015,6,1175889.574397302,1868551.750512227,41.794670385,-87.630547476,"(41.79467038468937, -87.63054747605638)"
ASHLAND AND IRVING PARK,1153,1600 W IRVING PARK ROA,09/12/2015,3,,,,,
KEDZIE AND 26TH,2381,2600 S KEDZIE AVENUE,09/12/2015,1,1155404.235510285,1886524.460033054,41.844424831,-87.705185452,"(41.84442483084393, -87.70518545233183)"
CICERO AND 47TH,2202,4700 S CICERO AVE,09/12/2015,4,1145112.150373471,1873006.659918126,41.807530373,-87.743296821,"(41.80753037289406, -87.7432968212423)"
IRVING PARK AND CALIFORNIA,1234,2800 W IRVING PARK ROA,09/12/2015,13,,,,,
WESTERN AND FOSTER,1072,5200 N WESTERN AVE,02/09/2017,2,1159372.922497116,1934478.313674003,41.975933372,-87.689299589,"(41.97593337199358, -87.6892995891816)"
PULASKI AND DIVISION,1802,1200 N PULASKI ROAD,09/12/2015,10,1149459.590666926,1907723.219884254,41.902713902,-87.726451457,"(41.902713901936174, -87.72645145715836)"
HARLEM AND BELMONT,1394,7200 W BELMONT AVE,09/12/2015,3,1127504.698153561,1920475.415440844,41.938105479,-87.806809552,"(41.93810547939496, -87.80680955240743)"
COLUMBUS AND ILLINOIS,1951,500 N COLUMBUS DRIVE,09/12/2015,25,1178372.808407292,1903693.06016042,41.891044569,-87.620371839,"(41.891044569124276, -87.620371839074)"
SHERIDAN AND FOSTER,1134,1000 W FOSTER AVE,09/12/2015,4,1168689.247756979,1934758.578141654,41.976505116,-87.655031882,"(41.97650511595711, -87.65503188224778)"
55TH AND WESTERN,2213,2400 W 55TH STREET,09/12/2015,8,1161277.012730599,1868185.749490228,41.793981347,-87.684141741,"(41.7939813465735, -87.68414174128355)"
PULASKI AND 63RD,2342,6300 S PULASKI RD,09/12/2015,7,1150746.00309079,1862516.747695325,41.778636469,-87.722906356,"(41.77863646878099, -87.72290635568541)"
FOSTER AND NAGLE,1031,5200 N NAGLE,09/12/2015,5,1132529.656558223,1934201.702060651,41.97568567,-87.788020406,"(41.97568566971868, -87.78802040620296)"
ELSTON AND IRVING PARK,1502,4000 N ELSTON AVENUE,09/12/2015,1,1151273.974828198,1926311.849469842,41.953687266,-87.719297882,"(41.95368726563273, -87.71929788151473)"
CENTRAL AND LAKE,1743,5600 W LAKE STREET,09/12/2015,5,1138951.495695032,1902230.510465733,41.887838735,-87.765183663,"(41.887838735330206, -87.76518366338465)"
LARAMIE AND FULLERTON,1424,5200 W FULLERTON AVENUE,09/12/2015,3,1141305.554932016,1915502.611239048,41.924215797,-87.756210755,"(41.92421579723144, -87.75621075458939)"
CORTLAND AND ASHLAND,1723,1600 W CORTLAND ST,09/12/2015,6,1165377.660768235,1912768.773647285,41.916235337,-87.667837772,"(41.91623533746878, -87.66783777212962)"
STONY ISLAND/CORNELL AND 67TH,2721,6700 S STONY ISLAND A,09/12/2015,5,1187984.143047539,1860863.338367666,41.773292896,-87.586442368,"(41.77329289585066, -87.58644236831432)"
LARAMIE AND MADISON,2043,5200 W MADISON STREET,09/12/2015,1,1141706.965522802,1899567.55684314,41.880480752,-87.755130433,"(41.88048075170171, -87.75513043296509)"
PULASKI AND DIVERSEY,1542,2800 N PULASKI ROAD,09/12/2015,5,1149200.724531183,1918332.222549679,41.931831026,-87.727126873,"(41.93183102561505, -87.72712687300454)"
IRVING PARK AND CALIFORNIA,1234,2800 W IRVING PARK ROA,02/09/2017,13,,,,,
HALSTED AND 103RD,2592,10300 S HALSTED STREE,09/12/2015,10,,,,,
ROOSEVELT AND KOSTNER,2323,4400 W ROOSEVELT,09/12/2015,9,1147200.963258796,1894379.538078088,41.866140868,-87.73508956,"(41.866140867641654, -87.73508956008207)"
STONEY ISLAND AND 79TH,2462,7900 S STONEY ISLAND,09/12/2015,6,1188181.571068297,1852908.934789311,41.751460603,-87.585971993,"(41.75146060316686, -87.5859719929647)"
WESTERN AND NORTH,1851,1600 N WESTERN AVE,02/09/2017,6,1160077.474351131,1910605.013316134,41.910409024,-87.687370268,"(41.91040902362901, -87.687370268401)"
DAMEN AND FULLERTON,1663,2000 W FULLERTON AVE,09/12/2015,27,1162596.935552891,1915990.579747891,41.925134944,-87.677963546,"(41.92513494374925, -87.67796354553815)"
MILWAUKEE AND DEVON,1272,6400 N MILWAUKEE AVEN,09/12/2015,2,1132463.750397878,1942107.911507627,41.997382173,-87.788077674,"(41.99738217345368, -87.78807767391953)"
IRVING PARK AND NARRAGANSETT,1024,6400 W IRVING PK,02/09/2017,1,1132945.939118726,1925946.304925137,41.953024751,-87.786683238,"(41.95302475075328, -87.78668323766634)"
63RD AND STATE,2712,6300 S STATE ST,09/12/2015,2,1177303.801895084,1863220.216755923,41.780008277,-87.625522512,"(41.78000827740796, -87.6255225119157)"
PULASKI AND ARCHER,2153,5000 S ARCHER AVE,09/12/2015,3,1150501.818909837,1871162.311703322,41.802365973,-87.723576766,"(41.80236597333895, -87.72357676611004)"
ROOSEVELT AND KOSTNER,2321,1200 S KOSTNER,09/12/2015,2,1147196.304001978,1894305.883269746,41.865938839,-87.735108549,"(41.8659388389088, -87.73510854901264)"
WESTERN AND ADDISON,1562,3600 N WESTERN AVENUE,09/12/2015,8,1159695.573342728,1923871.086283556,41.94681992,-87.688406662,"(41.94681991986288, -87.68840666206194)"
CICERO AND NORTH,2034,4800 W NORTH AVENUE,09/12/2015,1,1144053.733747163,1910243.80567041,41.90973389,-87.746244973,"(41.909733890131285, -87.74624497295898)"
FULLERTON AND NARRAGANSETT,1554,6400 W FULLERTON AVENU,05/05/2017,6,1133317.594499059,1915293.661305931,41.923786189,-87.785567206,"(41.92378618871128, -87.78556720562165)"
HALSTED AND MADISON,1872,1 N HALSTED STREET,09/12/2015,4,1171090.967986833,1900270.454015136,41.881815632,-87.647214717,"(41.88181563164203, -87.64721471704077)"
WESTERN AND FULLERTON,1671,2400 N WESTERN AVENUE,09/12/2015,8,1159923.309342995,1915897.778561358,41.924935944,-87.687790255,"(41.92493594409127, -87.68779025471278)"
PULASKI AND NORTH,1992,1600 N PULASKI AVENUE,09/12/2015,4,1149432.959240306,1910369.112502195,41.90997501,-87.726480523,"(41.909975010236906, -87.72648052306623)"
99TH AND HALSTED,2433,800 W 99TH ST,09/12/2015,19,1172710.642565684,1839246.330602143,41.714323337,-87.643066714,"(41.71432333701137, -87.64306671421937)"
IRVING PARK AND CALIFORNIA,1234,2800 W IRVING PARK ROA,02/28/2016,3,,,,,
LASALLE AND KINZIE,1923,140 W KINZIE,09/12/2015,2,1175048.09765242,1903028.894760294,41.889297219,-87.632601648,"(41.88929721947309, -87.63260164817305)"
CALIFORNIA AND DIVERSEY,1513,2800 W DIVERSEY,09/12/2015,3,1157212.54253358,1918526.674434943,41.932205395,-87.697679244,"(41.93220539506452, -87.6976792438691)"
CICERO AND FULLERTON,1472,2400 N CICERO AVE,09/12/2015,6,1143961.592189569,1915545.343094087,41.92428359,-87.74645019,"(41.92428358982701, -87.74645019028947)"
FULLERTON AND NARRAGANSETT,1554,6400 W FULLERTON AVENU,09/12/2015,10,1133317.594499059,1915293.661305931,41.923786189,-87.785567206,"(41.92378618871128, -87.78556720562165)"
HARLEM AND BELMONT,1391,3200 N HARLEM AVE,09/12/2015,1,1127481.020995451,1920467.613239239,41.938084468,-87.806896749,"(41.93808446822169, -87.80689674887883)"
WESTERN AND CHICAGO,1941,800 N WESTERN AVE,09/12/2015,3,1160220.967978608,1905277.507115921,41.895786955,-87.686990586,"(41.89578695485361, -87.68699058611217)"
ELSTON AND LAWRENCE,1282,4800 N ELSTON AVENUE,09/12/2015,1,1145529.344259918,1931501.601268983,41.968039361,-87.740283894,"(41.96803936143674, -87.74028389448999)"
55TH and PULASKI,2244,4000 W 55TH ST,09/12/2015,1,1150621.676903861,1867864.274865394,41.793313334,-87.723223038,"(41.79331333358753, -87.72322303812588)"
BROADWAY/SHERIDAN AND DEVON,1122,6400 N SHERIDAN ROAD,09/12/2015,7,1167087.151194129,1942658.704988689,41.998217921,-87.660695256,"(41.99821792053241, -87.6606952555721)"
PULASKI AND DIVISION,1801,1200 N PULASKI ROAD,09/12/2015,3,1149459.590666926,1907723.219884254,41.902713902,-87.726451457,"(41.902713901936174, -87.72645145715836)"
LAFAYETTE AND 87TH,2502,8700 S LAFAYETTE AVEN,09/12/2015,9,1177417.493180297,1847243.988223464,41.73616511,-87.625587569,"(41.73616511008592, -87.62558756899932)"
CANAL AND ROOSEVELT,2294,500 W ROOSEVELT ROAD,09/12/2015,2,1173290.72186561,1895021.166235495,41.867362693,-87.639293195,"(41.867362692616666, -87.63929319464197)"
WESTERN AND 71ST,2612,7100 S WESTERN AVENUE,09/12/2015,4,1161563.704681724,1857484.211306323,41.764608912,-87.683387053,"(41.76460891223613, -87.68338705328121)"
CICERO AND FULLERTON,1474,4800 W FULLERTON AVE,09/12/2015,7,1143967.570794243,1915568.504954477,41.924347036,-87.74642764,"(41.924347036010694, -87.74642763965628)"
CLARK AND IRVING PARK,1093,1300 W IRVING PARK ROAD,09/12/2015,6,1166777.545456989,1926719.73687357,41.954487567,-87.662293496,"(41.95448756687966, -87.66229349585691)"
PULASKI AND IRVING PARK,1572,4000 N PULASKI ROAD,09/12/2015,1,1148970.255325552,1926313.600468643,41.953737051,-87.727766612,"(41.95373705144353, -87.72776661179896)"
LARAMIE AND FULLERTON,1421,2400 N LARAMIE AVENUE,09/12/2015,1,1141282.877477884,1915479.163971956,41.924151874,-87.756294662,"(41.92415187425276, -87.75629466175003)"
LARAMIE AND MADISON,2044,5200 W MADISON STREET,09/12/2015,9,1141706.965522802,1899567.55684314,41.880480752,-87.755130433,"(41.88048075170171, -87.75513043296509)"
CICERO AND WASHINGTON,1891,100 N CICERO AVENUE,09/12/2015,14,1144328.984091479,1900095.170838459,41.88187971,-87.745489247,"(41.88187970991601, -87.7454892473012)"
HOMAN/KIMBALL AND NORTH,1773,3400 W NORTH AVE,09/12/2015,10,1153386.578905125,1910465.87061722,41.910162847,-87.711953868,"(41.91016284680269, -87.71195386769125)"
WESTERN AND NORTH,1851,1600 N WESTERN AVE,09/12/2015,7,1160077.474351131,1910605.013316134,41.910409024,-87.687370268,"(41.91040902362901, -87.687370268401)"
DIVERSEY AND WESTERN,1434,2400 W DIVERSEY AVENUE,09/12/2015,5,1159859.648423836,1918576.255784305,41.932287183,-87.687950093,"(41.93228718299094, -87.6879500934122)"
PULASKI AND LAWRENCE,1172,4800 N PULASKI ROAD,09/12/2015,1,1148821.701520117,1931605.974570937,41.968262595,-87.728175316,"(41.968262595100775, -87.7281753157596)"
LASALLE AND KINZIE,1921,400 N LASALLE,09/12/2015,6,1175028.579766798,1903002.552291359,41.889225372,-87.632674115,"(41.88922537162015, -87.63267411498495)"
CALIFORNIA AND DEVON,1321,6400 N CALIFORNIA AVE,09/12/2015,2,1156461.150245401,1942370.37710537,41.997649133,-87.699792629,"(41.997649133049336, -87.69979262891378)"
KEDZIE AND 47TH,2104,3200 W 47TH ST,09/12/2015,1,1155815.231505056,1873336.169728074,41.808226246,-87.704031672,"(41.808226246244026, -87.70403167215984)"
WESTERN AND CHICAGO,1943,2400 W CHICAGO AVE,09/12/2015,5,1160226.686812944,1905300.904544474,41.895851041,-87.686968935,"(41.895851041123755, -87.68696893468467)"
CICERO AND HARRISON,2022,600 S CICERO AVENUE,02/09/2017,4,1144444.97442848,1896894.622216872,41.873094833,-87.745143869,"(41.873094832519136, -87.74514386884542)"
HOLLYWOOD AND SHERIDAN,1343,1000 W HOLLYWOOD AVE,09/12/2015,7,1168580.228926466,1938090.295189338,41.985649799,-87.655335807,"(41.98564979859328, -87.65533580655139)"
PULASKI AND PETERSON,1262,6000 N PULASKI ROAD,09/12/2015,1,1148598.016685695,1939584.645960177,41.990160923,-87.728790748,"(41.99016092280557, -87.72879074759867)"
KEDZIE AND 63RD,2361,6300 S KEDZIE AVE,09/12/2015,2,1156097.505177228,1862668.051775093,41.77894575,-87.703283119,"(41.77894575017997, -87.70328311900342)"
75TH AND STATE,2621,7500 S STATE STREET,09/12/2015,7,1177538.763040612,1855235.551345519,41.758092176,-87.624902228,"(41.75809217638291, -87.6249022282473)"
4700 WESTERN,2141,4700 S WESTERN AVENUE,09/12/2015,5,1161120.438879703,1873431.066474726,41.808378408,-87.684570717,"(41.808378407946726, -87.68457071689552)"
SACRAMENTO AND LAKE,1822,150 N SACRAMENTO BOUL,09/12/2015,3,1156319.560664766,1900957.489351962,41.884012178,-87.701436479,"(41.88401217771363, -87.7014364786693)"
STONEY ISLAND AND 79TH,2464,1600 E 79TH ST,09/12/2015,4,1188284.704439907,1852964.829047574,41.751611523,-87.585592284,"(41.75161152327319, -87.58559228428787)"
CICERO AND DIVERSEY,1694,4800 W DIVERSEY AVENUE,09/12/2015,2,1143869.848167704,1918226.043989398,41.93164142,-87.746719911,"(41.93164142040689, -87.7467199106462)"
SACRAMENTO AND CHICAGO,1814,3000 W CHICAGO AVENUE,09/12/2015,3,1156075.266375505,1905216.604770718,41.895704525,-87.702218524,"(41.895704524946225, -87.70221852353758)"
ADDISON AND HARLEM,1591,3600 N HARLEM AVENUE,09/12/2015,5,1127394.594070737,1923110.532422811,41.945338412,-87.807154769,"(41.94533841246591, -87.80715476912044)"
ASHLAND AND LAWRENCE,1143,1600 W LAWRENCE AVENUE,09/12/2015,5,1164771.946929007,1931988.254061312,41.968987457,-87.669516307,"(41.96898745654617, -87.66951630654926)"
CLARK AND IRVING PARK,1091,4000 N CLARK STREET,09/12/2015,5,1166736.149822904,1926699.323624709,41.954432441,-87.662446259,"(41.95443244141688, -87.66244625914061)"
BELMONT AND KEDZIE,1372,3200 N KEDZIE AVE,09/12/2015,8,1154426.977874407,1921110.466549542,41.93935173,-87.707846594,"(41.93935173030961, -87.70784659359776)"
IRVING PARK AND KILPATRICK,2764,4700 W IRVING PARK ROA,09/12/2015,1,,,,,
FOSTER AND BROADWAY,1113,1200 W FOSTER AVE,09/12/2015,4,1167357.095930752,1934721.393266777,41.97643192,-87.659931806,"(41.97643192018459, -87.65993180604016)"
PULASKI AND FOSTER,1102,5200 N PULASKI RD,09/12/2015,1,1148746.251286324,1934286.914361976,41.97562074,-87.728383135,"(41.97562073966174, -87.72838313514907)"
ASHLAND AND IRVING PARK,1151,4000 N ASHLAND AVENUE,09/12/2015,4,1164899.463802581,1926665.661118925,41.954379326,-87.66919912,"(41.954379326212695, -87.66919911980419)"
KEDZIE AND ARMITAGE,1834,3200 W ARMITAGE AVENUE,09/12/2015,2,1154700.851347995,1913153.252187904,41.917511023,-87.707053639,"(41.91751102291878, -87.7070536388797)"
CALIFORNIA AND PETERSON,1313,2800 W PETERSON AVENUE,09/12/2015,5,1156569.515341857,1939784.830544118,41.990552082,-87.699464396,"(41.990552081681564, -87.69946439622785)"
ASHLAND AND FULLERTON,1651,2400 N ASHLAND AVENUE,09/12/2015,13,1165228.073342838,1916032.319169157,41.92519389,-87.668294363,"(41.92519388981048, -87.66829436339881)"
MONTROSE AND WESTERN,1221,4400 N WESTERN AVENUE,09/12/2015,6,1159539.733234718,1929183.918095502,41.961401846,-87.688832623,"(41.961401846278505, -87.6888326227788)"
HALSTED AND 103RD,2593,800 W 103RD STREET,09/12/2015,1,1172778.570616036,1836587.755252818,41.70702632,-87.642896007,"(41.707026319812215, -87.64289600741817)"
ELSTON AND ADDISON,1402,3600 N ELSTON AVE,09/12/2015,1,1154106.95251778,1923731.036211081,41.946549165,-87.708952626,"(41.94654916480637, -87.70895262603513)"
CHICAGO AND CLARK,1964,100 W CHICAGO AVENUE,09/12/2015,11,1175374.528739575,1905745.47783364,41.896744347,-87.631321248,"(41.896744346875806, -87.63132124815151)"
IRVING PARK AND KILPATRICK,2764,4700 W IRVING PARK ROA,02/28/2016,1,,,,,
PULASKI AND PETERSON,1263,4000 W PETERSON AVENUE,09/12/2015,17,1148618.560490339,1939615.133928395,41.990244186,-87.728714391,"(41.99024418564742, -87.7287143910091)"
35TH AND WESTERN,2091,3500 S WESTERN,09/12/2015,8,1160894.949857101,1881376.851112895,41.830187255,-87.685177925,"(41.83018725526863, -87.68517792510231)"
CICERO AND HARRISON,2022,600 S CICERO AVENUE,09/12/2015,4,1144444.97442848,1896894.622216872,41.873094833,-87.745143869,"(41.873094832519136, -87.74514386884542)"
BROADWAY/SHERIDAN AND DEVON,1123,1200 W DEVON AVE,09/12/2015,2,1167109.644248166,1942688.147952186,41.998298228,-87.660611661,"(41.99829822771884, -87.66061166063517)"
KEDZIE AND ARMITAGE,1832,2000 N KEDZIE AVENUE,09/12/2015,3,1154684.031809326,1913129.496340896,41.917446172,-87.707116072,"(41.91744617191702, -87.70711607187832)"
PULASKI AND DIVERSEY,1543,4000 W DIVERSEY AVENUE,09/12/2015,2,1149206.496130705,1918356.569267582,41.931897723,-87.72710503,"(41.9318977231462, -87.72710503045386)"
MILWAUKEE AND MONTROSE,1364,5075 W MONTROSE AVENUE,09/12/2015,3,1141716.746618898,1928736.076639057,41.960522088,-87.754371424,"(41.96052208819935, -87.75437142402293)"
55TH AND KEDZIE,2163,3200 W 55TH STREET,09/12/2015,1,1155966.956993183,1868015.593764152,41.793622803,-87.703618141,"(41.79362280329978, -87.70361814062049)"
CHICAGO AND CLARK,1963,100 W CHICAGO AVENUE,09/12/2015,6,1175374.528739575,1905745.47783364,41.896744347,-87.631321248,"(41.896744346875806, -87.63132124815151)"
ROOSEVELT AND HALSTED,2233,800 W ROOSEVELT ROAD,09/12/2015,1,1171199.282357741,1894968.056393724,41.867263098,-87.646972686,"(41.86726309836901, -87.64697268601648)"
ASHLAND AND 87TH,2454,1600 W 87TH ST,09/12/2015,9,1167171.941297436,1847064.855345151,41.735898617,-87.663128781,"(41.735898617066006, -87.66312878090133)"
HAMLIN AND LAKE,1882,300 N HAMLIN AVENUE,09/12/2015,17,1150970.026856642,1901381.688308858,41.885282636,-87.721069539,"(41.88528263580913, -87.72106953854511)"
DAMEN AND DIVERSEY,1462,2800 N DAMEN AVENUE,09/12/2015,4,1162490.04851994,1918611.623717091,41.932329494,-87.678282719,"(41.9323294940985, -87.67828271931386)"
KEDZIE AND 63RD,2364,3200 W 63RD ST,09/12/2015,1,1156103.348831225,1862717.565210739,41.779081505,-87.703260365,"(41.77908150488341, -87.70326036544745)"
PERSHING AND WESTERN,2112,3900 S WESTERN BLVD,09/12/2015,1,1161130.992078755,1878746.226354636,41.822963628,-87.684384785,"(41.82296362788048, -87.68438478541296)"
DAMEN AND DIVERSEY,1464,2000 W DIVERSEY PARKWAY,05/05/2017,6,1162519.714934025,1918635.417634925,41.932394164,-87.678173031,"(41.93239416403691, -87.67817303087757)"
HALSTED AND 95TH,2582,9500 S HALSTED STREET,09/12/2015,3,1172610.538363645,1841811.61926207,41.721365061,-87.643358042,"(41.72136506078306, -87.64335804234075)"
PULASKI AND BELMONT,1382,3200 N PULASKI RD,02/09/2017,1,1149125.621478734,1920994.556178086,41.939138154,-87.72733371,"(41.939138153500274, -87.7273337101426)"
MILWAUKEE AND MONTROSE,1362,4400 N MILWAUKEE AVEN,09/12/2015,4,1141643.943268783,1928770.256316239,41.96061723,-87.75463824,"(41.9606172296957, -87.75463824007085)"
WESTERN AND ADDISON,1563,2400 W ADDISON,09/12/2015,3,1159719.041544334,1923878.577275797,41.946839991,-87.688320193,"(41.9468399910054, -87.68832019252964)"
CICERO AND HARRISON,2023,4800 W HARRISON STREET,09/12/2015,4,1144451.867388303,1896949.561959463,41.873245464,-87.745117179,"(41.873245464379586, -87.7451171788807)"
IRVING PARK AND KEDZIE,1353,3200 W IRVING PARK ROAD,09/12/2015,8,1154325.140302006,1926458.463197156,41.954029047,-87.708077494,"(41.95402904691877, -87.70807749383191)"
CANAL AND ROOSEVELT,2291,1200 S CANAL STREET,09/12/2015,4,1173268.771030949,1894952.634878732,41.867175125,-87.639375813,"(41.86717512472001, -87.63937581258092)"
HAMLIN AND MADISON,1903,3800 W MADISON STREET,09/12/2015,14,1151032.709141294,1899784.033986533,41.880897273,-87.720881226,"(41.880897273491264, -87.72088122613924)"
CENTRAL AND ADDISON,1682,3600 N CENTRAL AVENUE,09/12/2015,3,1138343.117435682,1923392.067464765,41.945919491,-87.766904594,"(41.945919490555106, -87.76690459426293)"
ASHLAND AND MADISON,1914,1600 W MADISON,09/12/2015,2,1165723.014733182,1900136.515489506,41.881564167,-87.666929463,"(41.8815641670199, -87.66692946294842)"
PULASKI AND FOSTER,1104,4000 W FOSTER AVE,09/12/2015,6,1148759.16134887,1934294.249006446,41.975640616,-87.728335469,"(41.975640616231914, -87.72833546926573)"
VAN BUREN AND WESTERN,2054,2400 W VAN BUREN STREE,09/12/2015,10,,,,,
119TH AND HALSTED,2404,800 W 119TH STREET,09/12/2015,1,1173111.174088158,1825985.001014405,41.677923389,-87.641989646,"(41.677923389134385, -87.64198964584013)"
COLUMBUS AND ILLINOIS,1952,500 N COLUMBUS DRIVE,09/12/2015,12,1178372.808407292,1903693.06016042,41.891044569,-87.620371839,"(41.891044569124276, -87.620371839074)"
CICERO AND ADDISON,1612,3600 N CICERO AVENUE,09/12/2015,4,1143698.904601495,1923517.005821035,41.946163524,-87.747215169,"(41.94616352362556, -87.74721516897007)"
OGDEN AND KOSTNER,2222,2348 S KOSTNER AVENUE,09/12/2015,7,1147394.548182079,1887795.177782082,41.848068845,-87.734547457,"(41.8480688449598, -87.73454745748458)"
79TH AND HALSTED,2541,7900 S HALSTED STREET,02/09/2017,5,1172298.707400847,1852444.344822186,41.750549559,-87.644188368,"(41.750549559438944, -87.64418836784098)"
ROOSEVELT AND HALSTED,2234,800 W ROOSEVELT ROAD,02/09/2017,9,1171199.282357741,1894968.056393724,41.867263098,-87.646972686,"(41.86726309836901, -87.64697268601648)"
ASHLAND AND 95TH,2473,1600 W 95TH STREET,09/12/2015,5,1167323.753394196,1841755.029221382,41.721324412,-87.662724153,"(41.721324411975246, -87.66272415265087)"
WESTERN AND DEVON,1211,6400 N WESTERN AVENUE,09/12/2015,5,1159113.585759434,1942451.622367891,41.997817807,-87.690033035,"(41.997817807026, -87.69003303469276)"
115TH AND HALSTED,2553,800 W 115TH STREET,02/09/2017,1,1173010.735357888,1828632.242070332,41.685190056,-87.642279564,"(41.68519005571938, -87.64227956401977)"
BELMONT AND KEDZIE,1373,3200 W BELMONT,09/12/2015,4,1154461.587940363,1921143.091003516,41.939440561,-87.707718516,"(41.93944056117365, -87.70771851630873)"
79TH AND HALSTED,2541,7900 S HALSTED STREET,09/12/2015,7,1172298.707400847,1852444.344822186,41.750549559,-87.644188368,"(41.750549559438944, -87.64418836784098)"
55TH AND KEDZIE,2162,5500 S KEDZIE AVENUE,09/12/2015,1,1155945.854705238,1867941.621374192,41.793420237,-87.703697508,"(41.793420236755864, -87.70369750845424)"
ASHLAND AND LAWRENCE,1142,4800 N ASHLAND AVENUE,09/12/2015,5,1164751.686785145,1932001.206626392,41.96902343,-87.669590434,"(41.969023429614026, -87.66959043354217)"
ASHLAND AND MADISON,1911,0 N ASHLAND AVE,09/12/2015,15,,,,,
JEFFERY AND 95TH,2522,9500 S JEFFERY AVE,09/12/2015,9,1191132.420601301,1842335.735988875,41.722375907,-87.575499903,"(41.72237590704101, -87.57549990332795)"
ROOSEVELT AND PULASKI,2314,4000 W ROOSEVELT ROAD,09/12/2015,6,1149885.032049683,1894449.464076882,41.866281003,-87.72523422,"(41.866281002664536, -87.72523421983905)"
DAMEN AND DIVERSEY,1464,2000 W DIVERSEY PARKWAY,09/12/2015,3,1162519.714934025,1918635.417634925,41.932394164,-87.678173031,"(41.93239416403691, -87.67817303087757)"
ASHLAND AND 95TH,2472,9500 S ASHLAND AVENUE,09/12/2015,6,1167295.830128711,1841695.121217916,41.721160612,-87.662828139,"(41.72116061205213, -87.66282813939165)"
ROOSEVELT AND HALSTED,2234,800 W ROOSEVELT ROAD,09/12/2015,13,1171199.282357741,1894968.056393724,41.867263098,-87.646972686,"(41.86726309836901, -87.64697268601648)"
CENTRAL AND DIVERSEY,1642,2800 N CENTRAL AVENUE,09/12/2015,1,1138516.407377375,1918089.499227987,41.931365552,-87.766396529,"(41.93136555236339, -87.76639652879172)"
BELMONT AND KEDZIE,1371,3200 N KEDZIE AVENUE,02/09/2017,1,1154426.977874407,1921110.466549542,41.93935173,-87.707846594,"(41.93935173030961, -87.70784659359776)"
STATE AND 79TH,2651,7900 S STATE STREET,09/12/2015,5,1177618.166929966,1852621.870232838,41.750918138,-87.624690123,"(41.7509181383154, -87.62469012251644)"
JEFFERY AND 95TH,2523,2000 E 95TH ST,09/12/2015,4,1191188.381103057,1842410.411853539,41.722579473,-87.575292523,"(41.722579473126416, -87.57529252250366)"
OGDEN AND KOSTNER,2223,4400 W OGDEN AVENUE,09/12/2015,14,1147406.592439224,1887689.099869462,41.847777523,-87.734505969,"(41.84777752280453, -87.73450596874825)"
CICERO AND PETERSON,1202,6000 N CICERO AVENUE,09/12/2015,8,1143247.733553094,1939479.342905704,41.989973915,-87.748473024,"(41.98997391514614, -87.74847302426933)"
HALSTED AND FULLERTON,1704,800 W FULLERTON AVENUE,09/12/2015,6,1170525.624723311,1916208.443992778,41.925562791,-87.648823641,"(41.92556279107417, -87.64882364145232)"
KOSTNER AND NORTH,2012,4400 W GRAND AVE,09/12/2015,11,1146773.519128439,1910425.663958581,41.91018141,-87.73624887,"(41.910181409597406, -87.73624887040725)"
HALSTED AND NORTH,1764,800 W NORTH AVENUE,09/12/2015,4,1170700.68422007,1910913.190749698,41.91102851,-87.648335806,"(41.91102850981186, -87.64833580602037)"
STONEY ISLAND AND 79TH,2464,1600 E 79TH ST,02/09/2017,2,1188284.704439907,1852964.829047574,41.751611523,-87.585592284,"(41.75161152327319, -87.58559228428787)"
ELSTON AND ADDISON,1403,3216 W ADDISON ST,09/12/2015,6,1154199.729816868,1923799.345386665,41.946734755,-87.708609774,"(41.946734754927796, -87.7086097735515)"
LAKE SHORE DR AND BELMONT,1412,3200 N LAKESHORE DRIV,09/12/2015,11,1173053.220555078,1921821.380831705,41.940909163,-87.63936916,"(41.94090916326764, -87.63936915995522)"
PULASKI AND BELMONT,1382,3200 N PULASKI RD,09/12/2015,1,1149125.621478734,1920994.556178086,41.939138154,-87.72733371,"(41.939138153500274, -87.7273337101426)"
KEDZIE AND 31ST,2132,3100 S KEDZIE AVENUE,09/12/2015,4,1155483.167539854,1883867.660503274,41.837132671,-87.704967115,"(41.837132671422296, -87.70496711478727)"
STONEY ISLAND AND 76TH,2631,7600 S STONY ISLAND A,09/12/2015,12,1188092.796191935,1854889.354158304,41.756897173,-87.586234285,"(41.75689717260223, -87.58623428506996)"
115TH AND HALSTED,2552,11500 S HALSTED STREE,09/12/2015,3,,,,,
KIMBALL AND DIVERSEY,1581,2800 N KIMBALL AVENUE,09/12/2015,3,,,,,
CENTRAL AND BELMONT,1604,5600 W BELMONT AVENUE,09/12/2015,3,1138453.617438343,1920755.972768412,41.938683775,-87.766562494,"(41.93868377475747, -87.76656249384537)"
CALIFORNIA AND PETERSON,1311,6000 N CALIFORNIA AVE,09/12/2015,1,1156545.742699118,1939775.775541795,41.990527717,-87.699552084,"(41.990527717148176, -87.69955208405155)"
LAFAYETTE AND 87TH,2503,30 W 87TH STREET,09/12/2015,30,1177407.651800237,1847320.772058312,41.736376037,-87.625621311,"(41.736376036604916, -87.62562131092602)"
CICERO AND NORTH,2033,4800 W NORTH AVENUE,09/12/2015,4,1144053.733747163,1910243.80567041,41.90973389,-87.746244973,"(41.909733890131285, -87.74624497295898)"
FOSTER AND BROADWAY,1111,5200 N BROADWAY ST,09/12/2015,7,1167334.508577915,1934714.008346532,41.976412143,-87.660015082,"(41.97641214294823, -87.66001508205365)"
WESTERN AND FOSTER,1074,2400 W FOSTER AVE,09/12/2015,6,1159379.402846887,1934502.712486132,41.97600019,-87.689275084,"(41.97600018976586, -87.68927508385399)"
WESTERN AND TOUHY,1251,7200 N WESTERN AVENUE,02/09/2017,3,1158975.66256211,1947754.286963361,42.012371335,-87.690393917,"(42.012371334791766, -87.69039391737863)"
ELSTON AND ADDISON,1402,3600 N ELSTON AVE,02/09/2017,3,1154106.95251778,1923731.036211081,41.946549165,-87.708952626,"(41.94654916480637, -87.70895262603513)"
AUSTIN AND ADDISON,1491,3600 N AUSTIN AVENUE,09/12/2015,7,1135691.599896458,1923335.967306169,41.945813215,-87.776652162,"(41.9458132146695, -87.77665216156436)"
HALSTED AND MADISON,1871,1 S HALSTED STREET,09/12/2015,4,1171092.392868784,1900234.542088741,41.881717056,-87.647210539,"(41.88171705561901, -87.64721053920604)"
WESTERN AND MARQUETTE,2672,6700 S WESTERN AVENUE,09/12/2015,4,1161488.747635042,1860134.788366884,41.771884028,-87.683588402,"(41.77188402771193, -87.68358840206334)"
ASHLAND AND 87TH,2452,8700 S ASHLAND AVE,09/12/2015,3,1167150.470087748,1846991.212339794,41.735696989,-87.663209544,"(41.73569698863625, -87.66320954445679)"
ELSTON AND IRVING PARK,1502,4000 N ELSTON AVENUE,02/09/2017,1,1151273.974828198,1926311.849469842,41.953687266,-87.719297882,"(41.95368726563273, -87.71929788151473)"
ADDISON AND HARLEM,1591,3600 N HARLEM AVENUE,02/09/2017,4,1127394.594070737,1923110.532422811,41.945338412,-87.807154769,"(41.94533841246591, -87.80715476912044)"
31ST ST AND MARTIN LUTHER KING DRIVE,2123,400 E 31ST STREET,09/12/2015,4,1179437.985396417,1884565.84226022,41.838534018,-87.617046113,"(41.838534018118914, -87.61704611345726)"
KEDZIE AND 71ST,2352,7100 S KEDZIE AVENUE,09/12/2015,3,1156225.540366296,1857330.103443232,41.764295037,-87.702957162,"(41.764295036756856, -87.70295716211793)"
111TH AND HALSTED,2424,800 W 111TH ST,09/12/2015,1,1172945.404219168,1831282.917027882,41.692465363,-87.642440901,"(41.692465363421874, -87.64244090105778)"
PULASKI AND CHICAGO,1983,4000 W CHICAGO AVENUE,09/12/2015,7,1149561.855939692,1905086.596446259,41.895476752,-87.72614436,"(41.89547675163723, -87.72614435991626)"
HALSTED AND 95TH,2581,9500 S HALSTED STREET,09/12/2015,5,1172610.538363645,1841811.61926207,41.721365061,-87.643358042,"(41.72136506078306, -87.64335804234075)"
CORTLAND AND ASHLAND,1721,1900 N ASHLAND AVE,09/12/2015,14,1165348.084854857,1912736.454335569,41.916147281,-87.667947354,"(41.91614728095272, -87.66794735350443)"
COTTAGE GROVE AND 71ST,2571,7100 S COTTAGE GROVE,09/12/2015,1,1182746.23698699,1858088.011064538,41.765800351,-87.605729127,"(41.76580035131893, -87.6057291269901)"
IRVING PARK AND KEDZIE,1354,3200 W IRVING PARK ROAD,09/12/2015,8,1154325.140302006,1926458.463197156,41.954029047,-87.708077494,"(41.95402904691877, -87.70807749383191)"
IRVING PARK AND NARRAGANSETT,1024,6400 W IRVING PK,09/12/2015,9,1132945.939118726,1925946.304925137,41.953024751,-87.786683238,"(41.95302475075328, -87.78668323766634)"
DIVISION AND DAMEN,1733,2000 W DIVISION,09/12/2015,10,1162815.710860194,1908034.672555531,41.903298793,-87.677383247,"(41.903298792681944, -87.67738324739636)"
WESTERN AND 63RD,2373,2400 W 63RD ST,09/12/2015,3,1161444.415758584,1862848.534703658,41.779331844,-87.683675761,"(41.77933184429814, -87.68367576084798)"
KEDZIE AND 31ST,2134,3200 W 31ST STREET,09/12/2015,4,1155487.128005646,1883943.061106793,41.8373395,-87.704950558,"(41.83733950029648, -87.70495055800411)"
CICERO AND ARMITAGE,2003,4800 W ARMITAGE AVENUE,09/12/2015,1,1144054.25126508,1912907.00926109,41.917041992,-87.746176095,"(41.91704199201953, -87.74617609464687)"
75TH AND STATE,2624,1 E 75TH STREET,09/12/2015,18,1177601.72646404,1855229.486604181,41.758074111,-87.624671658,"(41.75807411097799, -87.62467165835182)"
PULASKI AND ARCHER,2154,5000 S ARCHER AVE,09/12/2015,1,1150501.818909837,1871162.311703322,41.802365973,-87.723576766,"(41.80236597333895, -87.72357676611004)"
BELMONT AND KEDZIE,1371,3200 N KEDZIE AVENUE,09/12/2015,1,1154426.977874407,1921110.466549542,41.93935173,-87.707846594,"(41.93935173030961, -87.70784659359776)"
WESTERN AND 71ST,2614,2400 W 71ST STREET,09/12/2015,4,1161584.506819846,1857557.788853485,41.764810388,-87.683308769,"(41.76481038827884, -87.68330876944678)"
CENTRAL AND BELMONT,1602,3200 N CENTRAL AVENUE,09/12/2015,1,1138430.432324593,1920731.654410336,41.938617463,-87.766648297,"(41.938617463272884, -87.76664829683827)"
CENTRAL AND FULLERTON,1442,2400 N CENTRAL AVENUE,09/12/2015,1,1138603.468418662,1915431.058212414,41.924068922,-87.766141214,"(41.92406892227644, -87.76614121413186)"
55TH and PULASKI,2242,5500 S PULASKI,09/12/2015,2,1150600.072649439,1867806.44512718,41.793155061,-87.723303765,"(41.793155060731024, -87.72330376464247)"
IRVING PARK AND KILPATRICK,2763,4700 W IRVING PARK ROA,09/12/2015,4,,,,,
ROOSEVELT AND PULASKI,2311,1200 S PULASKI ROAD,09/12/2015,7,1149866.002247864,1894375.839200384,41.866079337,-87.725305995,"(41.86607933722178, -87.7253059948758)"
LAWRENCE AND WESTERN,1193,2400 W LAWRENCE AVENUE,09/12/2015,4,1159482.648570304,1931851.989492596,41.968724349,-87.688968727,"(41.96872434882172, -87.68896872699601)"
WESTERN AND TOUHY,1251,7200 N WESTERN AVENUE,09/12/2015,2,1158975.66256211,1947754.286963361,42.012371335,-87.690393917,"(42.012371334791766, -87.69039391737863)"
STONY ISLAND/CORNELL AND 67TH,2731,6700 S CORNELL DRIVE,09/12/2015,3,1188316.454860734,1860851.137456735,41.77325149,-87.5852246,"(41.77325148959568, -87.58522459967712)"
CICERO AND WASHINGTON,1892,100 N CICERO AVENUE,09/12/2015,4,1144328.984091479,1900095.170838459,41.88187971,-87.745489247,"(41.88187970991601, -87.7454892473012)"
CENTRAL AND ADDISON,1683,5600 W ADDISON STREET,09/12/2015,1,1138349.663302502,1923416.02157061,41.945985104,-87.766879952,"(41.94598510430888, -87.76687995165918)"
MONTROSE AND WESTERN,1224,2400 W MONTROSE AVENUE,09/12/2015,1,1159562.971802959,1929191.337701253,41.961421726,-87.68874698,"(41.961421726406314, -87.68874697983858)"
31ST ST AND MARTIN LUTHER KING DRIVE,2121,3100 S DR MARTIN L KING,09/12/2015,11,,,,,
SACRAMENTO AND LAKE,1822,150 N SACRAMENTO BOUL,09/08/2015,4,1156319.560664766,1900957.489351962,41.884012178,-87.701436479,"(41.88401217771363, -87.7014364786693)"
WESTERN AND 79TH,2481,7900 S WESTERN AVE,09/12/2015,5,1161711.516404028,1852181.685686118,41.750054934,-87.682992203,"(41.750054933649984, -87.68299220290213)"
PULASKI AND NORTH,1994,4000 W NORTH AVENUE,09/12/2015,2,1149456.2688422,1910376.774019002,41.909995582,-87.726394693,"(41.90999558160536, -87.72639469321471)"
SACRAMENTO AND LAKE,1821,150 N SACRAMENTO BOUL,09/12/2015,11,1156319.560664766,1900957.489351962,41.884012178,-87.701436479,"(41.88401217771363, -87.7014364786693)"
PULASKI AND ARMITAGE,1843,4000 W ARMITAGE AVENUE,09/12/2015,4,1149375.428872108,1913028.984273181,41.917275069,-87.726622746,"(41.91727506940875, -87.72662274644799)"
DAMEN AND 63RD,2702,6300 S DAMEN AVENUE,09/12/2015,3,1164069.407943298,1862830.277442834,41.779226921,-87.674052731,"(41.77922692069256, -87.67405273137854)"
DIVISION AND DAMEN,1734,2000 W DIVISION,09/12/2015,3,1162815.710860194,1908034.672555531,41.903298793,-87.677383247,"(41.903298792681944, -87.67738324739636)"
KEDZIE AND 26TH,2382,2600 S KEDZIE AVENUE,09/12/2015,1,1155404.235510285,1886524.460033054,41.844424831,-87.705185452,"(41.84442483084393, -87.70518545233183)"
FULLERTON AND NARRAGANSETT,1553,6400 W FULLERTON AVENU,09/12/2015,3,1133317.594499059,1915293.661305931,41.923786189,-87.785567206,"(41.92378618871128, -87.78556720562165)"
WESTERN AND TOUHY,1252,7200 N WESTERN AVENUE,09/12/2015,1,1158975.66256211,1947754.286963361,42.012371335,-87.690393917,"(42.012371334791766, -87.69039391737863)"
HOLLYWOOD AND SHERIDAN,1344,1000 W HOLLYWOOD AVE,09/12/2015,26,1168580.228926466,1938090.295189338,41.985649799,-87.655335807,"(41.98564979859328, -87.65533580655139)"
CENTRAL AND CHICAGO,1972,800 N CENTRAL AVENUE,09/12/2015,5,1138836.562608552,1904801.732832435,41.894896579,-87.765543258,"(41.89489657939746, -87.76554325845893)"
MILWAUKEE AND DEVON,1274,6400 W DEVON AVENUE,09/12/2015,5,1132590.619798275,1942138.532048656,41.997463981,-87.787610243,"(41.99746398102873, -87.78761024341388)"
PULASKI AND IRVING PARK,1574,4000 W IRVING PARK RD,09/13/2015,8,1148988.727877253,1926320.954938409,41.953756874,-87.727698513,"(41.95375687447515, -87.72769851312907)"
63RD AND STATE,2714,1 E 63RD ST,02/09/2017,11,1177367.518733101,1863199.17768559,41.779949105,-87.625289553,"(41.779949104569106, -87.62528955333775)"
PETERSON AND WESTERN,1014,2400 W PETERSON,09/13/2015,12,1159214.211316277,1939825.301874586,41.99060901,-87.689735481,"(41.990609009807294, -87.68973548092968)"
35TH AND WESTERN,2092,3500 S WESTERN,09/13/2015,3,1160894.949857101,1881376.851112895,41.830187255,-87.685177925,"(41.83018725526863, -87.68517792510231)"
KEDZIE AND 47TH,2104,3200 W 47TH ST,09/13/2015,4,1155815.231505056,1873336.169728074,41.808226246,-87.704031672,"(41.808226246244026, -87.70403167215984)"
CENTRAL AND LAKE,1742,400 N CENTRAL AVENUE,09/13/2015,6,1138928.478257537,1902217.926149854,41.887804621,-87.765268498,"(41.88780462053497, -87.76526849810371)"
LARAMIE AND MADISON,2043,5200 W MADISON STREET,09/13/2015,1,1141706.965522802,1899567.55684314,41.880480752,-87.755130433,"(41.88048075170171, -87.75513043296509)"
AUSTIN AND ADDISON,1491,3600 N AUSTIN AVENUE,09/13/2015,2,1135691.599896458,1923335.967306169,41.945813215,-87.776652162,"(41.9458132146695, -87.77665216156436)"
DIVERSEY AND WESTERN,1434,2400 W DIVERSEY AVENUE,09/13/2015,1,1159859.648423836,1918576.255784305,41.932287183,-87.687950093,"(41.93228718299094, -87.6879500934122)"
WESTERN AND 79TH,2484,2400 W 79TH ST,09/13/2015,1,1161758.68085177,1852242.255513454,41.750220168,-87.682817693,"(41.75022016799851, -87.68281769253687)"
75TH AND STATE,2624,1 E 75TH STREET,09/13/2015,16,1177601.72646404,1855229.486604181,41.758074111,-87.624671658,"(41.75807411097799, -87.62467165835182)"
CALIFORNIA AND DIVERSEY,1513,2800 W DIVERSEY,09/13/2015,4,1157212.54253358,1918526.674434943,41.932205395,-87.697679244,"(41.93220539506452, -87.6976792438691)"
CHICAGO AND CLARK,1963,100 W CHICAGO AVENUE,09/13/2015,4,1175374.528739575,1905745.47783364,41.896744347,-87.631321248,"(41.896744346875806, -87.63132124815151)"
HALSTED AND 103RD,2593,800 W 103RD STREET,09/13/2015,2,1172778.570616036,1836587.755252818,41.70702632,-87.642896007,"(41.707026319812215, -87.64289600741817)"
FOSTER AND BROADWAY,1113,1200 W FOSTER AVE,09/13/2015,4,1167357.095930752,1934721.393266777,41.97643192,-87.659931806,"(41.97643192018459, -87.65993180604016)"
MILWAUKEE AND MONTROSE,1364,5075 W MONTROSE AVENUE,09/13/2015,3,1141716.746618898,1928736.076639057,41.960522088,-87.754371424,"(41.96052208819935, -87.75437142402293)"
WESTERN AND ADDISON,1563,2400 W ADDISON,09/13/2015,2,1159719.041544334,1923878.577275797,41.946839991,-87.688320193,"(41.9468399910054, -87.68832019252964)"
ELSTON AND IRVING PARK,1503,3700 W IRVING PARK ROA,09/13/2015,3,,,,,
79TH AND HALSTED,2541,7900 S HALSTED STREET,09/13/2015,7,1172298.707400847,1852444.344822186,41.750549559,-87.644188368,"(41.750549559438944, -87.64418836784098)"
STONY ISLAND/CORNELL AND 67TH,2731,6700 S CORNELL DRIVE,09/13/2015,4,1188316.454860734,1860851.137456735,41.77325149,-87.5852246,"(41.77325148959568, -87.58522459967712)"
119TH AND HALSTED,2402,11900 S HALSTED,09/13/2015,2,1173094.774616191,1825911.054609338,41.677720829,-87.642051845,"(41.67772082924762, -87.64205184498218)"
HAMLIN AND MADISON,1901,0 N HAMLIN BOULEVARD,09/13/2015,2,,,,,
71ST AND ASHLAND,2391,7100 S ASHLAND,02/09/2017,1,1166868.379865725,1857616.168087255,41.764859382,-87.663940176,"(41.764859382425385, -87.66394017630476)"
WESTERN AND FOSTER,1074,2400 W FOSTER AVE,09/13/2015,7,1159379.402846887,1934502.712486132,41.97600019,-87.689275084,"(41.97600018976586, -87.68927508385399)"
PETERSON AND WESTERN,1014,2400 W PETERSON,02/09/2017,7,1159214.211316277,1939825.301874586,41.99060901,-87.689735481,"(41.990609009807294, -87.68973548092968)"
STONEY ISLAND AND 79TH,2462,7900 S STONEY ISLAND,09/13/2015,4,1188181.571068297,1852908.934789311,41.751460603,-87.585971993,"(41.75146060316686, -87.5859719929647)"
PULASKI AND NORTH,1994,4000 W NORTH AVENUE,09/13/2015,1,1149456.2688422,1910376.774019002,41.909995582,-87.726394693,"(41.90999558160536, -87.72639469321471)"
DIVERSEY AND WESTERN,1431,2800 N WESTERN AVENUE,09/13/2015,4,1159837.205417355,1918550.506189309,41.932216988,-87.688033281,"(41.93221698794738, -87.68803328089533)"
ROOSEVELT AND KOSTNER,2321,1200 S KOSTNER,09/13/2015,5,1147196.304001978,1894305.883269746,41.865938839,-87.735108549,"(41.8659388389088, -87.73510854901264)"
CLARK AND FULLERTON,1631,2400 N CLARK ST,09/13/2015,2,1172749.562209477,1916238.997132859,41.925597623,-87.640650973,"(41.925597623023144, -87.64065097309872)"
KEDZIE AND 63RD,2364,3200 W 63RD ST,09/13/2015,4,1156103.348831225,1862717.565210739,41.779081505,-87.703260365,"(41.77908150488341, -87.70326036544745)"
ADDISON AND HARLEM,1591,3600 N HARLEM AVENUE,09/13/2015,6,1127394.594070737,1923110.532422811,41.945338412,-87.807154769,"(41.94533841246591, -87.80715476912044)"
99TH AND HALSTED,2431,9900 S HALSTED ST,09/13/2015,16,1172689.754200318,1839171.652197216,41.714118868,-87.643145408,"(41.714118868089905, -87.64314540818165)"
KOSTNER AND NORTH,2012,4400 W GRAND AVE,09/13/2015,3,1146773.519128439,1910425.663958581,41.91018141,-87.73624887,"(41.910181409597406, -87.73624887040725)"
WESTERN AND MARQUETTE,2672,6700 S WESTERN AVENUE,09/13/2015,9,1161488.747635042,1860134.788366884,41.771884028,-87.683588402,"(41.77188402771193, -87.68358840206334)"
HARLEM AND BELMONT,1394,7200 W BELMONT AVE,09/13/2015,3,1127504.698153561,1920475.415440844,41.938105479,-87.806809552,"(41.93810547939496, -87.80680955240743)"
KEDZIE AND 31ST,2134,3200 W 31ST STREET,09/13/2015,8,1155487.128005646,1883943.061106793,41.8373395,-87.704950558,"(41.83733950029648, -87.70495055800411)"
HALSTED AND MADISON,1871,1 S HALSTED STREET,09/13/2015,5,1171092.392868784,1900234.542088741,41.881717056,-87.647210539,"(41.88171705561901, -87.64721053920604)"
CICERO AND DIVERSEY,1694,4800 W DIVERSEY AVENUE,02/09/2017,5,1143869.848167704,1918226.043989398,41.93164142,-87.746719911,"(41.93164142040689, -87.7467199106462)"
PULASKI AND DIVERSEY,1543,4000 W DIVERSEY AVENUE,09/13/2015,1,1149206.496130705,1918356.569267582,41.931897723,-87.72710503,"(41.9318977231462, -87.72710503045386)"
CALIFORNIA AND DIVERSEY,1514,2800 W DIVERSEY,09/13/2015,24,1157212.54253358,1918526.674434943,41.932205395,-87.697679244,"(41.93220539506452, -87.6976792438691)"
CICERO AND 47TH,2204,4800 W 47TH ST,02/09/2017,10,1145130.048925744,1873078.44198302,41.807727017,-87.743229366,"(41.80772701677172, -87.74322936566276)"
BELMONT AND KEDZIE,1372,3200 N KEDZIE AVE,09/13/2015,18,1154426.977874407,1921110.466549542,41.93935173,-87.707846594,"(41.93935173030961, -87.70784659359776)"
HALSTED AND 95TH,2581,9500 S HALSTED STREET,09/13/2015,1,1172610.538363645,1841811.61926207,41.721365061,-87.643358042,"(41.72136506078306, -87.64335804234075)"
KEDZIE AND 31ST,2132,3100 S KEDZIE AVENUE,09/13/2015,7,1155483.167539854,1883867.660503274,41.837132671,-87.704967115,"(41.837132671422296, -87.70496711478727)"
WESTERN AND 71ST,2612,7100 S WESTERN AVENUE,09/13/2015,5,1161563.704681724,1857484.211306323,41.764608912,-87.683387053,"(41.76460891223613, -87.68338705328121)"
HOMAN/KIMBALL AND NORTH,1773,3400 W NORTH AVE,02/09/2017,8,1153386.578905125,1910465.87061722,41.910162847,-87.711953868,"(41.91016284680269, -87.71195386769125)"
MILWAUKEE AND DEVON,1272,6400 N MILWAUKEE AVEN,09/13/2015,4,1132463.750397878,1942107.911507627,41.997382173,-87.788077674,"(41.99738217345368, -87.78807767391953)"
CENTRAL AND LAKE,1743,5600 W LAKE STREET,09/13/2015,3,1138951.495695032,1902230.510465733,41.887838735,-87.765183663,"(41.887838735330206, -87.76518366338465)"
ARCHER AND CICERO,2081,5200 S CICERO AVE,09/13/2015,23,1145195.931989777,1869737.708306623,41.798558278,-87.743071866,"(41.798558278193305, -87.74307186616427)"
ASHLAND AND 87TH,2454,1600 W 87TH ST,09/13/2015,9,1167171.941297436,1847064.855345151,41.735898617,-87.663128781,"(41.735898617066006, -87.66312878090133)"
WESTERN AND NORTH,1853,2400 W NORTH AVE,09/13/2015,4,1160100.839010995,1910612.783367238,41.910429862,-87.687284221,"(41.91042986235867, -87.68728422050837)"
CENTRAL AND FULLERTON,1442,2400 N CENTRAL AVENUE,09/13/2015,2,1138603.468418662,1915431.058212414,41.924068922,-87.766141214,"(41.92406892227644, -87.76614121413186)"
IRVING PARK AND LARAMIE,1534,5200 W IRVING PARK ROA,09/13/2015,5,,,,,
79TH AND HALSTED,2543,800 W 79TH STREET,09/13/2015,7,1172320.105719411,1852517.9814434,41.750751157,-87.644107793,"(41.75075115747316, -87.64410779300933)"
OGDEN AND KOSTNER,2222,2348 S KOSTNER AVENUE,09/13/2015,6,1147394.548182079,1887795.177782082,41.848068845,-87.734547457,"(41.8480688449598, -87.73454745748458)"
PULASKI AND DIVISION,1801,1200 N PULASKI ROAD,09/13/2015,2,1149459.590666926,1907723.219884254,41.902713902,-87.726451457,"(41.902713901936174, -87.72645145715836)"
CICERO AND FULLERTON,1474,4800 W FULLERTON AVE,09/13/2015,5,1143967.570794243,1915568.504954477,41.924347036,-87.74642764,"(41.924347036010694, -87.74642763965628)"
CICERO AND FULLERTON,1472,2400 N CICERO AVE,09/13/2015,4,1143961.592189569,1915545.343094087,41.92428359,-87.74645019,"(41.92428358982701, -87.74645019028947)"
ASHLAND AND LAWRENCE,1143,1600 W LAWRENCE AVENUE,09/13/2015,6,1164771.946929007,1931988.254061312,41.968987457,-87.669516307,"(41.96898745654617, -87.66951630654926)"
SACRAMENTO AND CHICAGO,1814,3000 W CHICAGO AVENUE,09/13/2015,2,1156075.266375505,1905216.604770718,41.895704525,-87.702218524,"(41.895704524946225, -87.70221852353758)"
ELSTON AND LAWRENCE,1282,4800 N ELSTON AVENUE,09/13/2015,3,1145529.344259918,1931501.601268983,41.968039361,-87.740283894,"(41.96803936143674, -87.74028389448999)"
CALIFORNIA AND DIVERSEY,1514,2800 W DIVERSEY,02/09/2017,30,1157212.54253358,1918526.674434943,41.932205395,-87.697679244,"(41.93220539506452, -87.6976792438691)"
ROOSEVELT AND PULASKI,2311,1200 S PULASKI ROAD,09/13/2015,4,1149866.002247864,1894375.839200384,41.866079337,-87.725305995,"(41.86607933722178, -87.7253059948758)"
DIVISION AND DAMEN,1734,2000 W DIVISION,09/13/2015,4,1162815.710860194,1908034.672555531,41.903298793,-87.677383247,"(41.903298792681944, -87.67738324739636)"
PULASKI AND FOSTER,1102,5200 N PULASKI RD,09/13/2015,3,1148746.251286324,1934286.914361976,41.97562074,-87.728383135,"(41.97562073966174, -87.72838313514907)"
CALIFORNIA AND PETERSON,1313,2800 W PETERSON AVENUE,09/13/2015,4,1156569.515341857,1939784.830544118,41.990552082,-87.699464396,"(41.990552081681564, -87.69946439622785)"
HALSTED AND DIVISION,1714,800 W DIVISION,09/13/2015,7,1170767.827960358,1908259.644151662,41.903745557,-87.648167011,"(41.90374555734733, -87.64816701062779)"
IRVING PARK AND KEDZIE,1354,3200 W IRVING PARK ROAD,09/13/2015,7,1154325.140302006,1926458.463197156,41.954029047,-87.708077494,"(41.95402904691877, -87.70807749383191)"
CICERO AND PETERSON,1204,4800 W PETERSON AVENUE,09/13/2015,1,1143273.766829016,1939491.944645127,41.990008007,-87.748376951,"(41.99000800729908, -87.74837695118997)"
PULASKI AND FOSTER,1104,4000 W FOSTER AVE,09/13/2015,6,1148759.16134887,1934294.249006446,41.975640616,-87.728335469,"(41.975640616231914, -87.72833546926573)"
IRVING PARK AND LARAMIE,1533,5200 W IRVING PARK ROA,09/13/2015,1,,,,,
79TH AND KEDZIE,2443,3200 W 79TH ST,02/09/2017,4,1156402.644780165,1852104.649370984,41.749952001,-87.702448478,"(41.74995200142266, -87.70244847808695)"
DAMEN AND DIVERSEY,1464,2000 W DIVERSEY PARKWAY,09/13/2015,5,1162519.714934025,1918635.417634925,41.932394164,-87.678173031,"(41.93239416403691, -87.67817303087757)"
CICERO AND WASHINGTON,1891,100 N CICERO AVENUE,09/13/2015,6,1144328.984091479,1900095.170838459,41.88187971,-87.745489247,"(41.88187970991601, -87.7454892473012)"
ASHLAND AND 95TH,2473,1600 W 95TH STREET,05/05/2017,1,1167323.753394196,1841755.029221382,41.721324412,-87.662724153,"(41.721324411975246, -87.66272415265087)"
119TH AND HALSTED,2404,800 W 119TH STREET,09/13/2015,3,1173111.174088158,1825985.001014405,41.677923389,-87.641989646,"(41.677923389134385, -87.64198964584013)"
PULASKI AND ARMITAGE,1844,4000 W ARMITAGE AVENUE,09/13/2015,2,1149375.428872108,1913028.984273181,41.917275069,-87.726622746,"(41.91727506940875, -87.72662274644799)"
HALSTED AND 103RD,2592,10300 S HALSTED STREE,09/13/2015,3,,,,,
ASHLAND AND 87TH,2452,8700 S ASHLAND AVE,09/13/2015,5,1167150.470087748,1846991.212339794,41.735696989,-87.663209544,"(41.73569698863625, -87.66320954445679)"
ASHLAND AND IRVING PARK,1151,4000 N ASHLAND AVENUE,09/13/2015,5,1164899.463802581,1926665.661118925,41.954379326,-87.66919912,"(41.954379326212695, -87.66919911980419)"
WESTERN AND ADDISON,1562,3600 N WESTERN AVENUE,02/09/2017,5,1159695.573342728,1923871.086283556,41.94681992,-87.688406662,"(41.94681991986288, -87.68840666206194)"
LAFAYETTE AND 87TH,2503,30 W 87TH STREET,09/13/2015,32,1177407.651800237,1847320.772058312,41.736376037,-87.625621311,"(41.736376036604916, -87.62562131092602)"
MONTROSE AND WESTERN,1224,2400 W MONTROSE AVENUE,09/13/2015,2,1159562.971802959,1929191.337701253,41.961421726,-87.68874698,"(41.961421726406314, -87.68874697983858)"
CORTLAND AND ASHLAND,1723,1600 W CORTLAND ST,09/13/2015,10,1165377.660768235,1912768.773647285,41.916235337,-87.667837772,"(41.91623533746878, -87.66783777212962)"
PULASKI AND PETERSON,1263,4000 W PETERSON AVENUE,09/13/2015,1,1148618.560490339,1939615.133928395,41.990244186,-87.728714391,"(41.99024418564742, -87.7287143910091)"
WESTERN AND TOUHY,1252,7200 N WESTERN AVENUE,09/13/2015,2,1158975.66256211,1947754.286963361,42.012371335,-87.690393917,"(42.012371334791766, -87.69039391737863)"
DAMEN AND DIVERSEY,1462,2800 N DAMEN AVENUE,09/13/2015,6,1162490.04851994,1918611.623717091,41.932329494,-87.678282719,"(41.9323294940985, -87.67828271931386)"
ASHLAND AND 95TH,2472,9500 S ASHLAND AVENUE,09/13/2015,3,1167295.830128711,1841695.121217916,41.721160612,-87.662828139,"(41.72116061205213, -87.66282813939165)"
SACRAMENTO AND LAKE,1822,150 N SACRAMENTO BOUL,09/13/2015,2,1156319.560664766,1900957.489351962,41.884012178,-87.701436479,"(41.88401217771363, -87.7014364786693)"
PULASKI AND BELMONT,1382,3200 N PULASKI RD,09/13/2015,1,1149125.621478734,1920994.556178086,41.939138154,-87.72733371,"(41.939138153500274, -87.7273337101426)"
WESTERN AND NORTH,1851,1600 N WESTERN AVE,09/13/2015,6,1160077.474351131,1910605.013316134,41.910409024,-87.687370268,"(41.91040902362901, -87.687370268401)"
CICERO AND ADDISON,1612,3600 N CICERO AVENUE,09/13/2015,5,1143698.904601495,1923517.005821035,41.946163524,-87.747215169,"(41.94616352362556, -87.74721516897007)"
CENTRAL AND CHICAGO,1973,5600 W CHICAGO AVENUE,09/13/2015,2,1138858.856732452,1904825.827586656,41.894962293,-87.765460791,"(41.89496229349977, -87.76546079122906)"
CALIFORNIA AND PETERSON,1311,6000 N CALIFORNIA AVE,09/13/2015,1,1156545.742699118,1939775.775541795,41.990527717,-87.699552084,"(41.990527717148176, -87.69955208405155)"
AUSTIN AND IRVING PARK,1161,4000 N AUSTIN AVENUE,09/13/2015,6,1135599.956110927,1926006.862619986,41.953144059,-87.776925284,"(41.95314405904539, -87.77692528423394)"
WESTERN AND 79TH,2481,7900 S WESTERN AVE,09/13/2015,4,1161711.516404028,1852181.685686118,41.750054934,-87.682992203,"(41.750054933649984, -87.68299220290213)"
WESTERN AND CHICAGO,1943,2400 W CHICAGO AVE,09/13/2015,2,1160226.686812944,1905300.904544474,41.895851041,-87.686968935,"(41.895851041123755, -87.68696893468467)"
HOLLYWOOD AND SHERIDAN,1344,1000 W HOLLYWOOD AVE,09/13/2015,29,1168580.228926466,1938090.295189338,41.985649799,-87.655335807,"(41.98564979859328, -87.65533580655139)"
CICERO AND CHICAGO,1783,4800 W CHICAGO AVENUE,09/13/2015,2,1144175.291152764,1904916.255225279,41.895112219,-87.745932427,"(41.89511221857764, -87.74593242701515)"
HARLEM AND BELMONT,1391,3200 N HARLEM AVE,09/13/2015,1,1127481.020995451,1920467.613239239,41.938084468,-87.806896749,"(41.93808446822169, -87.80689674887883)"
ELSTON AND ADDISON,1403,3216 W ADDISON ST,09/13/2015,8,1154199.729816868,1923799.345386665,41.946734755,-87.708609774,"(41.946734754927796, -87.7086097735515)"
HALSTED AND NORTH,1761,1600 N HALSTED STREET,09/13/2015,6,1170678.283433825,1910880.991397547,41.910940644,-87.648419043,"(41.91094064391597, -87.64841904272998)"
ASHLAND AND MADISON,1911,0 N ASHLAND AVE,09/13/2015,15,,,,,
75TH AND STATE,2621,7500 S STATE STREET,09/13/2015,7,1177538.763040612,1855235.551345519,41.758092176,-87.624902228,"(41.75809217638291, -87.6249022282473)"
KIMBALL AND DIVERSEY,1583,3400 W DIVERSEY AVENUE,09/13/2015,1,1153211.149172713,1918454.477800566,41.932087747,-87.71238583,"(41.932087747378944, -87.71238582951281)"
FULLERTON AND NARRAGANSETT,1553,6400 W FULLERTON AVENU,02/09/2017,2,1133317.594499059,1915293.661305931,41.923786189,-87.785567206,"(41.92378618871128, -87.78556720562165)"
COLUMBUS AND ILLINOIS,1952,500 N COLUMBUS DRIVE,09/13/2015,7,1178372.808407292,1903693.06016042,41.891044569,-87.620371839,"(41.891044569124276, -87.620371839074)"
SACRAMENTO AND LAKE,1821,150 N SACRAMENTO BOUL,09/13/2015,21,1156319.560664766,1900957.489351962,41.884012178,-87.701436479,"(41.88401217771363, -87.7014364786693)"
HAMLIN AND MADISON,1903,3800 W MADISON STREET,09/13/2015,4,1151032.709141294,1899784.033986533,41.880897273,-87.720881226,"(41.880897273491264, -87.72088122613924)"
ASHLAND AND IRVING PARK,1151,4000 N ASHLAND AVENUE,02/09/2017,2,1164899.463802581,1926665.661118925,41.954379326,-87.66919912,"(41.954379326212695, -87.66919911980419)"
STONEY ISLAND AND 79TH,2464,1600 E 79TH ST,09/13/2015,1,1188284.704439907,1852964.829047574,41.751611523,-87.585592284,"(41.75161152327319, -87.58559228428787)"
JEFFERY AND 95TH,2522,9500 S JEFFERY AVE,09/13/2015,7,1191132.420601301,1842335.735988875,41.722375907,-87.575499903,"(41.72237590704101, -87.57549990332795)"
ASHLAND AND FULLERTON,1652,2400 N ASHLAND AVENUE,09/13/2015,10,1165228.073342838,1916032.319169157,41.92519389,-87.668294363,"(41.92519388981048, -87.66829436339881)"
WESTERN AND TOUHY,1252,7200 N WESTERN AVENUE,05/05/2017,1,1158975.66256211,1947754.286963361,42.012371335,-87.690393917,"(42.012371334791766, -87.69039391737863)"
55TH AND KEDZIE,2162,5500 S KEDZIE AVENUE,09/13/2015,2,1155945.854705238,1867941.621374192,41.793420237,-87.703697508,"(41.793420236755864, -87.70369750845424)"
CENTRAL AND BELMONT,1604,5600 W BELMONT AVENUE,09/13/2015,2,1138453.617438343,1920755.972768412,41.938683775,-87.766562494,"(41.93868377475747, -87.76656249384537)"
ASHLAND AND 95TH,2472,9500 S ASHLAND AVENUE,02/09/2017,6,1167295.830128711,1841695.121217916,41.721160612,-87.662828139,"(41.72116061205213, -87.66282813939165)"
ASHLAND AND LAWRENCE,1142,4800 N ASHLAND AVENUE,09/13/2015,3,1164751.686785145,1932001.206626392,41.96902343,-87.669590434,"(41.969023429614026, -87.66959043354217)"
PULASKI AND ARCHER,2153,5000 S ARCHER AVE,09/13/2015,4,1150501.818909837,1871162.311703322,41.802365973,-87.723576766,"(41.80236597333895, -87.72357676611004)"
FULLERTON AND NARRAGANSETT,1554,6400 W FULLERTON AVENU,09/13/2015,6,1133317.594499059,1915293.661305931,41.923786189,-87.785567206,"(41.92378618871128, -87.78556720562165)"
CERMAK AND PULASKI,2332,2200 S PULASKI,02/09/2017,4,1150012.876838243,1889071.75851865,41.851521442,-87.724904787,"(41.85152144233116, -87.7249047867499)"
35TH AND WESTERN,2091,3500 S WESTERN,09/13/2015,3,1160894.949857101,1881376.851112895,41.830187255,-87.685177925,"(41.83018725526863, -87.68517792510231)"
FULLERTON AND NARRAGANSETT,1553,6400 W FULLERTON AVENU,09/13/2015,5,1133317.594499059,1915293.661305931,41.923786189,-87.785567206,"(41.92378618871128, -87.78556720562165)"
WESTERN AND CERMAK,1002,2200 S WESTERN AVENUE,09/13/2015,2,1160669.42562757,1889318.196820393,41.85198384,-87.685785704,"(41.85198383957328, -87.68578570420526)"
HARLEM AND BELMONT,1394,7200 W BELMONT AVE,02/09/2017,2,1127504.698153561,1920475.415440844,41.938105479,-87.806809552,"(41.93810547939496, -87.80680955240743)"
VAN BUREN AND WESTERN,2052,400 S WESTERN AVENUE,09/13/2015,56,1160431.682297829,1898091.942371589,41.876064776,-87.686415631,"(41.87606477642526, -87.68641563098768)"
63RD AND STATE,2712,6300 S STATE ST,09/13/2015,2,1177303.801895084,1863220.216755923,41.780008277,-87.625522512,"(41.78000827740796, -87.6255225119157)"
CERMAK AND PULASKI,2334,4000 W CERMAK,09/13/2015,6,1150018.476053666,1889120.238540361,41.851654369,-87.724882975,"(41.85165436867626, -87.7248829753078)"
WESTERN AND ADDISON,1562,3600 N WESTERN AVENUE,09/13/2015,22,1159695.573342728,1923871.086283556,41.94681992,-87.688406662,"(41.94681991986288, -87.68840666206194)"
COLUMBUS AND ILLINOIS,1951,500 N COLUMBUS DRIVE,09/13/2015,18,1178372.808407292,1903693.06016042,41.891044569,-87.620371839,"(41.891044569124276, -87.620371839074)"
71ST AND ASHLAND,2394,1600 W 71ST,09/13/2015,4,1166890.012333149,1857674.2502247,41.765018306,-87.66385923,"(41.76501830555763, -87.66385923012646)"
DIVERSEY AND AUSTIN,1454,6000 W DIVERSEY AVENUE,09/13/2015,3,1135895.736169343,1918029.70673837,41.931248624,-87.776028612,"(41.931248623643455, -87.77602861172493)"
STATE AND 79TH,2651,7900 S STATE STREET,09/13/2015,10,1177618.166929966,1852621.870232838,41.750918138,-87.624690123,"(41.7509181383154, -87.62469012251644)"
WESTERN AND FULLERTON,1671,2400 N WESTERN AVENUE,09/13/2015,6,1159923.309342995,1915897.778561358,41.924935944,-87.687790255,"(41.92493594409127, -87.68779025471278)"
KEDZIE AND ARMITAGE,1832,2000 N KEDZIE AVENUE,09/13/2015,7,1154684.031809326,1913129.496340896,41.917446172,-87.707116072,"(41.91744617191702, -87.70711607187832)"
COTTAGE GROVE AND 71ST,2572,7100 S COTTAGE GROVE,09/13/2015,2,1182746.23698699,1858088.011064538,41.765800351,-87.605729127,"(41.76580035131893, -87.6057291269901)"
CLARK AND IRVING PARK,1091,4000 N CLARK STREET,09/13/2015,1,1166736.149822904,1926699.323624709,41.954432441,-87.662446259,"(41.95443244141688, -87.66244625914061)"
BROADWAY/SHERIDAN AND DEVON,1122,6400 N SHERIDAN ROAD,09/13/2015,3,1167087.151194129,1942658.704988689,41.998217921,-87.660695256,"(41.99821792053241, -87.6606952555721)"
HALSTED AND MADISON,1872,1 N HALSTED STREET,02/09/2017,2,1171090.967986833,1900270.454015136,41.881815632,-87.647214717,"(41.88181563164203, -87.64721471704077)"
LASALLE AND KINZIE,1921,400 N LASALLE,09/13/2015,1,1175028.579766798,1903002.552291359,41.889225372,-87.632674115,"(41.88922537162015, -87.63267411498495)"
111TH AND HALSTED,2424,800 W 111TH ST,09/13/2015,4,1172945.404219168,1831282.917027882,41.692465363,-87.642440901,"(41.692465363421874, -87.64244090105778)"
ASHLAND AND MADISON,1914,1600 W MADISON,09/13/2015,3,1165723.014733182,1900136.515489506,41.881564167,-87.666929463,"(41.8815641670199, -87.66692946294842)"
PULASKI AND DIVERSEY,1542,2800 N PULASKI ROAD,09/13/2015,1,1149200.724531183,1918332.222549679,41.931831026,-87.727126873,"(41.93183102561505, -87.72712687300454)"
STONEY ISLAND AND 76TH,2632,7600 S STONY ISLAND A,09/13/2015,9,1188092.796191935,1854889.354158304,41.756897173,-87.586234285,"(41.75689717260223, -87.58623428506996)"
ROOSEVELT AND HALSTED,2234,800 W ROOSEVELT ROAD,09/13/2015,14,1171199.282357741,1894968.056393724,41.867263098,-87.646972686,"(41.86726309836901, -87.64697268601648)"
4700 WESTERN,2141,4700 S WESTERN AVENUE,02/09/2017,7,1161120.438879703,1873431.066474726,41.808378408,-87.684570717,"(41.808378407946726, -87.68457071689552)"
STATE AND 79TH,2654,1 E 79TH STREET,09/13/2015,28,1177680.113652821,1852598.313477786,41.750852096,-87.624463832,"(41.75085209551078, -87.62446383210285)"
115TH AND HALSTED,2552,11500 S HALSTED STREE,09/13/2015,4,,,,,
CICERO AND HARRISON,2022,600 S CICERO AVENUE,09/13/2015,4,1144444.97442848,1896894.622216872,41.873094833,-87.745143869,"(41.873094832519136, -87.74514386884542)"
HOLLYWOOD AND SHERIDAN,1343,1000 W HOLLYWOOD AVE,09/13/2015,2,1168580.228926466,1938090.295189338,41.985649799,-87.655335807,"(41.98564979859328, -87.65533580655139)"
PULASKI AND ARMITAGE,1843,4000 W ARMITAGE AVENUE,09/13/2015,7,1149375.428872108,1913028.984273181,41.917275069,-87.726622746,"(41.91727506940875, -87.72662274644799)"
PULASKI AND 63RD,2342,6300 S PULASKI RD,09/13/2015,16,1150746.00309079,1862516.747695325,41.778636469,-87.722906356,"(41.77863646878099, -87.72290635568541)"
CICERO AND ARMITAGE,2003,4800 W ARMITAGE AVENUE,09/13/2015,1,1144054.25126508,1912907.00926109,41.917041992,-87.746176095,"(41.91704199201953, -87.74617609464687)"
ELSTON AND LAWRENCE,1284,4440 W LAWRENCE AVENUE,09/13/2015,3,1145715.061027481,1931571.0474838,41.968226398,-87.739599251,"(41.96822639754791, -87.73959925065756)"
CORTLAND AND ASHLAND,1721,1900 N ASHLAND AVE,02/09/2017,13,1165348.084854857,1912736.454335569,41.916147281,-87.667947354,"(41.91614728095272, -87.66794735350443)"
CICERO AND 47TH,2204,4800 W 47TH ST,09/13/2015,12,1145130.048925744,1873078.44198302,41.807727017,-87.743229366,"(41.80772701677172, -87.74322936566276)"
KOSTNER AND NORTH,2013,4400 W NORTH,09/13/2015,6,1146738.551618032,1910309.595368032,41.909863573,-87.736380296,"(41.90986357340246, -87.73638029605371)"
71ST AND ASHLAND,2391,7100 S ASHLAND,09/13/2015,1,1166868.379865725,1857616.168087255,41.764859382,-87.663940176,"(41.764859382425385, -87.66394017630476)"
CICERO AND CHICAGO,1781,800 N CICERO AVENUE,09/13/2015,5,1144169.162482127,1904893.189220372,41.895049038,-87.745955516,"(41.89504903796389, -87.74595551626888)"
KEDZIE AND 26TH,2381,2600 S KEDZIE AVENUE,09/13/2015,3,1155404.235510285,1886524.460033054,41.844424831,-87.705185452,"(41.84442483084393, -87.70518545233183)"
CICERO AND HARRISON,2023,4800 W HARRISON STREET,09/13/2015,2,1144451.867388303,1896949.561959463,41.873245464,-87.745117179,"(41.873245464379586, -87.7451171788807)"
HALSTED AND FULLERTON,1704,800 W FULLERTON AVENUE,09/13/2015,6,1170525.624723311,1916208.443992778,41.925562791,-87.648823641,"(41.92556279107417, -87.64882364145232)"
OGDEN AND KOSTNER,2223,4400 W OGDEN AVENUE,09/13/2015,12,1147406.592439224,1887689.099869462,41.847777523,-87.734505969,"(41.84777752280453, -87.73450596874825)"
IRVING PARK AND LARAMIE,1533,5200 W IRVING PARK ROA,02/09/2017,5,,,,,
BROADWAY/SHERIDAN AND DEVON,1123,1200 W DEVON AVE,09/13/2015,3,1167109.644248166,1942688.147952186,41.998298228,-87.660611661,"(41.99829822771884, -87.66061166063517)"
WENTWORTH AND GARFIELD,2261,5500 S WENTWORTH AVEN,09/13/2015,26,,,,,
99TH AND HALSTED,2431,9900 S HALSTED ST,02/09/2017,5,1172689.754200318,1839171.652197216,41.714118868,-87.643145408,"(41.714118868089905, -87.64314540818165)"
DAMEN AND FULLERTON,1663,2000 W FULLERTON AVE,09/13/2015,18,1162596.935552891,1915990.579747891,41.925134944,-87.677963546,"(41.92513494374925, -87.67796354553815)"
CENTRAL AND CHICAGO,1973,5600 W CHICAGO AVENUE,02/09/2017,5,1138858.856732452,1904825.827586656,41.894962293,-87.765460791,"(41.89496229349977, -87.76546079122906)"
WESTERN AND DEVON,1212,6400 N WESTERN AVENUE,09/13/2015,2,1159113.585759434,1942451.622367891,41.997817807,-87.690033035,"(41.997817807026, -87.69003303469276)"
CORTLAND AND ASHLAND,1721,1900 N ASHLAND AVE,09/13/2015,38,1165348.084854857,1912736.454335569,41.916147281,-87.667947354,"(41.91614728095272, -87.66794735350443)"
CICERO AND PETERSON,1202,6000 N CICERO AVENUE,09/13/2015,4,1143247.733553094,1939479.342905704,41.989973915,-87.748473024,"(41.98997391514614, -87.74847302426933)"
WESTERN AND 63RD,2373,2400 W 63RD ST,09/13/2015,3,1161444.415758584,1862848.534703658,41.779331844,-87.683675761,"(41.77933184429814, -87.68367576084798)"
IRVING PARK AND KILPATRICK,2763,4700 W IRVING PARK ROA,09/13/2015,10,,,,,
CERMAK AND PULASKI,2332,2200 S PULASKI,09/13/2015,8,1150012.876838243,1889071.75851865,41.851521442,-87.724904787,"(41.85152144233116, -87.7249047867499)"
HOMAN/KIMBALL AND NORTH,1773,3400 W NORTH AVE,09/13/2015,10,1153386.578905125,1910465.87061722,41.910162847,-87.711953868,"(41.91016284680269, -87.71195386769125)"
KEDZIE AND ARMITAGE,1834,3200 W ARMITAGE AVENUE,02/09/2017,1,1154700.851347995,1913153.252187904,41.917511023,-87.707053639,"(41.91751102291878, -87.7070536388797)"
55TH AND WESTERN,2213,2400 W 55TH STREET,09/13/2015,3,1161277.012730599,1868185.749490228,41.793981347,-87.684141741,"(41.7939813465735, -87.68414174128355)"
PULASKI AND LAWRENCE,1173,4000 W LAWRENCE AVENUE,09/13/2015,2,1148844.220085601,1931638.45430438,41.968351285,-87.728091672,"(41.96835128527914, -87.72809167198088)"
KEDZIE AND 71ST,2352,7100 S KEDZIE AVENUE,09/13/2015,7,1156225.540366296,1857330.103443232,41.764295037,-87.702957162,"(41.764295036756856, -87.70295716211793)"
KEDZIE AND ARMITAGE,1834,3200 W ARMITAGE AVENUE,09/13/2015,1,1154700.851347995,1913153.252187904,41.917511023,-87.707053639,"(41.91751102291878, -87.7070536388797)"
ROOSEVELT AND HALSTED,2233,800 W ROOSEVELT ROAD,09/13/2015,2,1171199.282357741,1894968.056393724,41.867263098,-87.646972686,"(41.86726309836901, -87.64697268601648)"
CLARK AND FULLERTON,1632,2400 N CLARK ST,09/13/2015,1,1172749.562209477,1916238.997132859,41.925597623,-87.640650973,"(41.925597623023144, -87.64065097309872)"
55TH AND KEDZIE,2163,3200 W 55TH STREET,09/13/2015,4,1155966.956993183,1868015.593764152,41.793622803,-87.703618141,"(41.79362280329978, -87.70361814062049)"
FOSTER AND NAGLE,1031,5200 N NAGLE,09/13/2015,5,1132529.656558223,1934201.702060651,41.97568567,-87.788020406,"(41.97568566971868, -87.78802040620296)"
CLARK AND IRVING PARK,1091,4000 N CLARK STREET,02/09/2017,1,1166736.149822904,1926699.323624709,41.954432441,-87.662446259,"(41.95443244141688, -87.66244625914061)"
111TH AND HALSTED,2422,11100 S HALSTED ST,09/13/2015,8,1172923.657689312,1831209.044179248,41.692263123,-87.642522688,"(41.692263123425136, -87.6425226876268)"
31ST ST AND MARTIN LUTHER KING DRIVE,2123,400 E 31ST STREET,09/13/2015,4,1179437.985396417,1884565.84226022,41.838534018,-87.617046113,"(41.838534018118914, -87.61704611345726)"
CLARK AND IRVING PARK,1093,1300 W IRVING PARK ROAD,09/13/2015,3,1166777.545456989,1926719.73687357,41.954487567,-87.662293496,"(41.95448756687966, -87.66229349585691)"
4700 WESTERN,2141,4700 S WESTERN AVENUE,09/13/2015,2,1161120.438879703,1873431.066474726,41.808378408,-87.684570717,"(41.808378407946726, -87.68457071689552)"
PULASKI AND DIVISION,1802,1200 N PULASKI ROAD,09/13/2015,6,1149459.590666926,1907723.219884254,41.902713902,-87.726451457,"(41.902713901936174, -87.72645145715836)"
CICERO AND WASHINGTON,1892,100 N CICERO AVENUE,09/13/2015,5,1144328.984091479,1900095.170838459,41.88187971,-87.745489247,"(41.88187970991601, -87.7454892473012)"
HALSTED AND NORTH,1764,800 W NORTH AVENUE,09/13/2015,5,1170700.68422007,1910913.190749698,41.91102851,-87.648335806,"(41.91102850981186, -87.64833580602037)"
KEDZIE AND 26TH,2382,2600 S KEDZIE AVENUE,09/13/2015,1,1155404.235510285,1886524.460033054,41.844424831,-87.705185452,"(41.84442483084393, -87.70518545233183)"
DAMEN AND 63RD,2702,6300 S DAMEN AVENUE,09/13/2015,6,1164069.407943298,1862830.277442834,41.779226921,-87.674052731,"(41.77922692069256, -87.67405273137854)"
CENTRAL AND ADDISON,1682,3600 N CENTRAL AVENUE,09/13/2015,2,1138343.117435682,1923392.067464765,41.945919491,-87.766904594,"(41.945919490555106, -87.76690459426293)"
HALSTED AND 95TH,2582,9500 S HALSTED STREET,09/13/2015,1,1172610.538363645,1841811.61926207,41.721365061,-87.643358042,"(41.72136506078306, -87.64335804234075)"
63RD AND STATE,2714,1 E 63RD ST,02/28/2016,39,1177367.518733101,1863199.17768559,41.779949105,-87.625289553,"(41.779949104569106, -87.62528955333775)"
HAMLIN AND LAKE,1882,300 N HAMLIN AVENUE,09/13/2015,6,1150970.026856642,1901381.688308858,41.885282636,-87.721069539,"(41.88528263580913, -87.72106953854511)"
115TH AND HALSTED,2553,800 W 115TH STREET,09/13/2015,1,1173010.735357888,1828632.242070332,41.685190056,-87.642279564,"(41.68519005571938, -87.64227956401977)"
ASHLAND AND FULLERTON,1651,2400 N ASHLAND AVENUE,09/13/2015,7,1165228.073342838,1916032.319169157,41.92519389,-87.668294363,"(41.92519388981048, -87.66829436339881)"
CHICAGO AND CLARK,1964,100 W CHICAGO AVENUE,09/13/2015,10,1175374.528739575,1905745.47783364,41.896744347,-87.631321248,"(41.896744346875806, -87.63132124815151)"
ROOSEVELT AND PULASKI,2314,4000 W ROOSEVELT ROAD,09/13/2015,9,1149885.032049683,1894449.464076882,41.866281003,-87.72523422,"(41.866281002664536, -87.72523421983905)"
WENTWORTH AND GARFIELD,2264,200 W GARFIELD BLVD,09/13/2015,5,1175889.574397302,1868551.750512227,41.794670385,-87.630547476,"(41.79467038468937, -87.63054747605638)"
LASALLE AND KINZIE,1923,140 W KINZIE,09/13/2015,2,1175048.09765242,1903028.894760294,41.889297219,-87.632601648,"(41.88929721947309, -87.63260164817305)"
LAKE SHORE DR AND BELMONT,1412,3200 N LAKESHORE DRIV,09/13/2015,4,1173053.220555078,1921821.380831705,41.940909163,-87.63936916,"(41.94090916326764, -87.63936915995522)"
LAKE SHORE DR AND BELMONT,1413,400 W BELMONT AVE,09/13/2015,26,1172981.744869382,1921577.376128802,41.940241193,-87.639639114,"(41.94024119325571, -87.63963911427594)"
IRVING PARK AND KEDZIE,1353,3200 W IRVING PARK ROAD,09/13/2015,3,1154325.140302006,1926458.463197156,41.954029047,-87.708077494,"(41.95402904691877, -87.70807749383191)"
55TH AND WESTERN,2212,5500 S WESTERN AVE,02/09/2017,3,1161269.521335262,1867963.111601251,41.793370554,-87.684175377,"(41.79337055433029, -87.6841753767592)"
HALSTED AND MADISON,1872,1 N HALSTED STREET,09/13/2015,4,1171090.967986833,1900270.454015136,41.881815632,-87.647214717,"(41.88181563164203, -87.64721471704077)"
PULASKI AND IRVING PARK,1572,4000 N PULASKI ROAD,09/13/2015,4,1148970.255325552,1926313.600468643,41.953737051,-87.727766612,"(41.95373705144353, -87.72776661179896)"
CENTRAL AND CHICAGO,1972,800 N CENTRAL AVENUE,09/13/2015,4,1138836.562608552,1904801.732832435,41.894896579,-87.765543258,"(41.89489657939746, -87.76554325845893)"
IRVING PARK AND NARRAGANSETT,1023,6400 W IRVING PK,09/13/2015,1,1132945.939118726,1925946.304925137,41.953024751,-87.786683238,"(41.95302475075328, -87.78668323766634)"
CENTRAL AND IRVING PARK,1182,4000 N CENTRAL AVENUE,02/09/2017,1,1138258.614129764,1926071.172884932,41.953272751,-87.767150151,"(41.95327275103541, -87.76715015131407)"
CALIFORNIA AND DEVON,1323,2800 W DEVON AVENUE,09/13/2015,6,1156484.528078038,1942377.980662191,41.997669523,-87.699706423,"(41.99766952286052, -87.69970642324591)"
CALIFORNIA AND DEVON,1321,6400 N CALIFORNIA AVE,09/13/2015,2,1156461.150245401,1942370.37710537,41.997649133,-87.699792629,"(41.997649133049336, -87.69979262891378)"
PERSHING AND WESTERN,2112,3900 S WESTERN BLVD,09/13/2015,1,1161130.992078755,1878746.226354636,41.822963628,-87.684384785,"(41.82296362788048, -87.68438478541296)"
31ST ST AND MARTIN LUTHER KING DRIVE,2121,3100 S DR MARTIN L KING,09/13/2015,6,,,,,
STONY ISLAND/CORNELL AND 67TH,2721,6700 S STONY ISLAND A,09/13/2015,7,1187984.143047539,1860863.338367666,41.773292896,-87.586442368,"(41.77329289585066, -87.58644236831432)"
HAMLIN AND LAKE,1881,300 N HAMLIN AVENUE,09/13/2015,3,1150970.026856642,1901381.688308858,41.885282636,-87.721069539,"(41.88528263580913, -87.72106953854511)"
VAN BUREN AND WESTERN,2054,2400 W VAN BUREN STREE,09/13/2015,4,,,,,
LAFAYETTE AND 87TH,2502,8700 S LAFAYETTE AVEN,09/13/2015,21,1177417.493180297,1847243.988223464,41.73616511,-87.625587569,"(41.73616511008592, -87.62558756899932)"
LAWRENCE AND WESTERN,1193,2400 W LAWRENCE AVENUE,09/13/2015,2,1159482.648570304,1931851.989492596,41.968724349,-87.688968727,"(41.96872434882172, -87.68896872699601)"
87TH AND VINCENNES,2412,8700 S VINCENNES,09/13/2015,21,1172026.328989535,1847142.496643776,41.736006565,-87.645341819,"(41.73600656458518, -87.64534181897955)"
MILWAUKEE AND MONTROSE,1362,4400 N MILWAUKEE AVEN,09/13/2015,1,1141643.943268783,1928770.256316239,41.96061723,-87.75463824,"(41.9606172296957, -87.75463824007085)"
FOSTER AND BROADWAY,1111,5200 N BROADWAY ST,09/13/2015,6,1167334.508577915,1934714.008346532,41.976412143,-87.660015082,"(41.97641214294823, -87.66001508205365)"
ASHLAND AND DIVISION,1791,1200 N ASHLAND AVENUE,09/13/2015,5,1165466.997046718,1908083.767015974,41.903377468,-87.667643142,"(41.903377467566784, -87.66764314227497)"
CICERO AND ARMITAGE,2001,2000 N CICERO AVENUE,09/13/2015,4,1144031.525719004,1912881.8300295,41.916973325,-87.746260223,"(41.91697332451097, -87.74626022251057)"
PULASKI AND CHICAGO,1983,4000 W CHICAGO AVENUE,09/13/2015,1,1149561.855939692,1905086.596446259,41.895476752,-87.72614436,"(41.89547675163723, -87.72614435991626)"
WESTERN AND CHICAGO,1941,800 N WESTERN AVE,09/13/2015,2,1160220.967978608,1905277.507115921,41.895786955,-87.686990586,"(41.89578695485361, -87.68699058611217)"
ASHLAND AND 95TH,2473,1600 W 95TH STREET,09/13/2015,1,1167323.753394196,1841755.029221382,41.721324412,-87.662724153,"(41.721324411975246, -87.66272415265087)"
KIMBALL AND DIVERSEY,1581,2800 N KIMBALL AVENUE,09/13/2015,5,,,,,
IRVING PARK AND NARRAGANSETT,1024,6400 W IRVING PK,09/13/2015,2,1132945.939118726,1925946.304925137,41.953024751,-87.786683238,"(41.95302475075328, -87.78668323766634)"
ROOSEVELT AND KOSTNER,2323,4400 W ROOSEVELT,09/13/2015,10,1147200.963258796,1894379.538078088,41.866140868,-87.73508956,"(41.866140867641654, -87.73508956008207)"
55TH AND WESTERN,2212,5500 S WESTERN AVE,09/13/2015,6,1161269.521335262,1867963.111601251,41.793370554,-87.684175377,"(41.79337055433029, -87.6841753767592)"
KEDZIE AND 71ST,2354,3200 W 71ST STREET,09/13/2015,3,1156246.862901455,1857404.014959868,41.764497433,-87.702877023,"(41.76449743256955, -87.70287702335861)"
MILWAUKEE AND DEVON,1274,6400 W DEVON AVENUE,09/13/2015,7,1132590.619798275,1942138.532048656,41.997463981,-87.787610243,"(41.99746398102873, -87.78761024341388)"
CENTRAL AND FULLERTON,1444,5600 W FULLERTON AVENU,09/13/2015,4,1138627.279189421,1915438.969256439,41.924090199,-87.76605353,"(41.92409019883488, -87.76605353016079)"
CICERO AND NORTH,2034,4800 W NORTH AVENUE,09/13/2015,3,1144053.733747163,1910243.80567041,41.90973389,-87.746244973,"(41.909733890131285, -87.74624497295898)"
BELMONT AND KEDZIE,1373,3200 W BELMONT,09/13/2015,2,1154461.587940363,1921143.091003516,41.939440561,-87.707718516,"(41.93944056117365, -87.70771851630873)"
SHERIDAN AND FOSTER,1134,1000 W FOSTER AVE,09/13/2015,5,1168689.247756979,1934758.578141654,41.976505116,-87.655031882,"(41.97650511595711, -87.65503188224778)"
IRVING PARK AND CALIFORNIA,1234,2800 W IRVING PARK ROA,09/13/2015,8,,,,,
MADISON AND WESTERN,1931,1 S WESTERN AVE,09/13/2015,4,1160453.827721979,1899933.703473746,41.881118279,-87.686283339,"(41.881118278833966, -87.686283338873)"
LARAMIE AND FULLERTON,1424,5200 W FULLERTON AVENUE,09/13/2015,3,1141305.554932016,1915502.611239048,41.924215797,-87.756210755,"(41.92421579723144, -87.75621075458939)"
CENTRAL AND ADDISON,1683,5600 W ADDISON STREET,09/13/2015,2,1138349.663302502,1923416.02157061,41.945985104,-87.766879952,"(41.94598510430888, -87.76687995165918)"
ROOSEVELT AND KOSTNER,2321,1200 S KOSTNER,02/09/2017,5,1147196.304001978,1894305.883269746,41.865938839,-87.735108549,"(41.8659388389088, -87.73510854901264)"
DIVISION AND DAMEN,1733,2000 W DIVISION,09/13/2015,8,1162815.710860194,1908034.672555531,41.903298793,-87.677383247,"(41.903298792681944, -87.67738324739636)"
HALSTED AND FULLERTON,1701,2400 N HALSTED STREET,09/13/2015,3,1170501.602639925,1916200.061550148,41.925540315,-87.648912156,"(41.925540315431995, -87.64891215551155)"
55TH and PULASKI,2242,5500 S PULASKI,09/14/2015,2,1150600.072649439,1867806.44512718,41.793155061,-87.723303765,"(41.793155060731024, -87.72330376464247)"
CICERO AND NORTH,2033,4800 W NORTH AVENUE,09/14/2015,4,1144053.733747163,1910243.80567041,41.90973389,-87.746244973,"(41.909733890131285, -87.74624497295898)"
MILWAUKEE AND DEVON,1274,6400 W DEVON AVENUE,09/14/2015,1,1132590.619798275,1942138.532048656,41.997463981,-87.787610243,"(41.99746398102873, -87.78761024341388)"
WESTERN AND 71ST,2614,2400 W 71ST STREET,09/14/2015,4,1161584.506819846,1857557.788853485,41.764810388,-87.683308769,"(41.76481038827884, -87.68330876944678)"
HALSTED AND NORTH,1761,1600 N HALSTED STREET,02/09/2017,2,1170678.283433825,1910880.991397547,41.910940644,-87.648419043,"(41.91094064391597, -87.64841904272998)"
HOMAN/KIMBALL AND NORTH,1773,3400 W NORTH AVE,09/14/2015,6,1153386.578905125,1910465.87061722,41.910162847,-87.711953868,"(41.91016284680269, -87.71195386769125)"
PERSHING AND WESTERN,2114,2400 W PERSHING ROAD,09/14/2015,7,1160957.773623189,1878793.434193427,41.82309676,-87.685018951,"(41.82309676016606, -87.68501895061576)"
WESTERN AND ADDISON,1563,2400 W ADDISON,09/14/2015,3,1159719.041544334,1923878.577275797,41.946839991,-87.688320193,"(41.9468399910054, -87.68832019252964)"
PULASKI AND FOSTER,1102,5200 N PULASKI RD,09/14/2015,3,1148746.251286324,1934286.914361976,41.97562074,-87.728383135,"(41.97562073966174, -87.72838313514907)"
AUSTIN AND IRVING PARK,1161,4000 N AUSTIN AVENUE,09/14/2015,2,1135599.956110927,1926006.862619986,41.953144059,-87.776925284,"(41.95314405904539, -87.77692528423394)"
CHICAGO AND CLARK,1964,100 W CHICAGO AVENUE,09/14/2015,8,1175374.528739575,1905745.47783364,41.896744347,-87.631321248,"(41.896744346875806, -87.63132124815151)"
CANAL AND ROOSEVELT,2291,1200 S CANAL STREET,09/14/2015,4,1173268.771030949,1894952.634878732,41.867175125,-87.639375813,"(41.86717512472001, -87.63937581258092)"
CICERO AND I55,2252,4200 S CICERO AVENUE,02/09/2017,15,1145023.742859509,1876358.276835519,41.816729387,-87.743536712,"(41.81672938674739, -87.74353671247594)"
HALSTED AND 103RD,2593,800 W 103RD STREET,09/14/2015,4,1172778.570616036,1836587.755252818,41.70702632,-87.642896007,"(41.707026319812215, -87.64289600741817)"
DAMEN AND 63RD,2701,6300 S DAMEN AVENUE,09/14/2015,1,1164069.407943298,1862830.277442834,41.779226921,-87.674052731,"(41.77922692069256, -87.67405273137854)"
WESTERN AND CERMAK,1003,2400 W CERMAK ROAD,09/14/2015,2,1160678.000607329,1889375.645335924,41.852141307,-87.685752642,"(41.85214130680468, -87.6857526415569)"
ELSTON AND ADDISON,1402,3600 N ELSTON AVE,09/14/2015,3,1154106.95251778,1923731.036211081,41.946549165,-87.708952626,"(41.94654916480637, -87.70895262603513)"
OGDEN AND KOSTNER,2223,4400 W OGDEN AVENUE,09/14/2015,8,1147406.592439224,1887689.099869462,41.847777523,-87.734505969,"(41.84777752280453, -87.73450596874825)"
ELSTON AND LAWRENCE,1284,4440 W LAWRENCE AVENUE,09/14/2015,13,1145715.061027481,1931571.0474838,41.968226398,-87.739599251,"(41.96822639754791, -87.73959925065756)"
DIVERSEY AND WESTERN,1431,2800 N WESTERN AVENUE,09/14/2015,5,1159837.205417355,1918550.506189309,41.932216988,-87.688033281,"(41.93221698794738, -87.68803328089533)"
FULLERTON AND NARRAGANSETT,1553,6400 W FULLERTON AVENU,09/14/2015,7,1133317.594499059,1915293.661305931,41.923786189,-87.785567206,"(41.92378618871128, -87.78556720562165)"
DAMEN AND DIVERSEY,1462,2800 N DAMEN AVENUE,09/14/2015,3,1162490.04851994,1918611.623717091,41.932329494,-87.678282719,"(41.9323294940985, -87.67828271931386)"
ROOSEVELT AND HALSTED,2233,800 W ROOSEVELT ROAD,09/14/2015,1,1171199.282357741,1894968.056393724,41.867263098,-87.646972686,"(41.86726309836901, -87.64697268601648)"
SACRAMENTO AND LAKE,1821,150 N SACRAMENTO BOUL,09/14/2015,14,1156319.560664766,1900957.489351962,41.884012178,-87.701436479,"(41.88401217771363, -87.7014364786693)"
ASHLAND AND 95TH,2472,9500 S ASHLAND AVENUE,09/14/2015,1,1167295.830128711,1841695.121217916,41.721160612,-87.662828139,"(41.72116061205213, -87.66282813939165)"
75TH AND STATE,2624,1 E 75TH STREET,09/14/2015,9,1177601.72646404,1855229.486604181,41.758074111,-87.624671658,"(41.75807411097799, -87.62467165835182)"
PULASKI AND IRVING PARK,1574,4000 W IRVING PARK RD,09/14/2015,5,1148988.727877253,1926320.954938409,41.953756874,-87.727698513,"(41.95375687447515, -87.72769851312907)"
DIVISION AND DAMEN,1733,2000 W DIVISION,09/14/2015,6,1162815.710860194,1908034.672555531,41.903298793,-87.677383247,"(41.903298792681944, -87.67738324739636)"
WENTWORTH AND GARFIELD,2261,5500 S WENTWORTH AVEN,02/29/2016,23,,,,,
CHICAGO AND CLARK,1963,100 W CHICAGO AVENUE,09/14/2015,2,1175374.528739575,1905745.47783364,41.896744347,-87.631321248,"(41.896744346875806, -87.63132124815151)"
MILWAUKEE AND DEVON,1274,6400 W DEVON AVENUE,02/09/2017,3,1132590.619798275,1942138.532048656,41.997463981,-87.787610243,"(41.99746398102873, -87.78761024341388)"
KEDZIE AND 26TH,2381,2600 S KEDZIE AVENUE,05/05/2017,2,1155404.235510285,1886524.460033054,41.844424831,-87.705185452,"(41.84442483084393, -87.70518545233183)"
55TH AND WESTERN,2213,2400 W 55TH STREET,02/09/2017,11,1161277.012730599,1868185.749490228,41.793981347,-87.684141741,"(41.7939813465735, -87.68414174128355)"
MILWAUKEE AND DEVON,1272,6400 N MILWAUKEE AVEN,09/14/2015,3,1132463.750397878,1942107.911507627,41.997382173,-87.788077674,"(41.99738217345368, -87.78807767391953)"
KOSTNER AND NORTH,2012,4400 W GRAND AVE,09/14/2015,7,1146773.519128439,1910425.663958581,41.91018141,-87.73624887,"(41.910181409597406, -87.73624887040725)"
FOSTER AND BROADWAY,1111,5200 N BROADWAY ST,09/14/2015,4,1167334.508577915,1934714.008346532,41.976412143,-87.660015082,"(41.97641214294823, -87.66001508205365)"
CICERO AND HARRISON,2022,600 S CICERO AVENUE,09/14/2015,6,1144444.97442848,1896894.622216872,41.873094833,-87.745143869,"(41.873094832519136, -87.74514386884542)"
CENTRAL AND ADDISON,1683,5600 W ADDISON STREET,09/14/2015,1,1138349.663302502,1923416.02157061,41.945985104,-87.766879952,"(41.94598510430888, -87.76687995165918)"
ASHLAND AND 87TH,2452,8700 S ASHLAND AVE,09/14/2015,1,1167150.470087748,1846991.212339794,41.735696989,-87.663209544,"(41.73569698863625, -87.66320954445679)"
IRVING PARK AND KEDZIE,1353,3200 W IRVING PARK ROAD,09/14/2015,4,1154325.140302006,1926458.463197156,41.954029047,-87.708077494,"(41.95402904691877, -87.70807749383191)"
63RD AND STATE,2714,1 E 63RD ST,09/14/2015,6,1177367.518733101,1863199.17768559,41.779949105,-87.625289553,"(41.779949104569106, -87.62528955333775)"
KEDZIE AND ARMITAGE,1834,3200 W ARMITAGE AVENUE,09/14/2015,3,1154700.851347995,1913153.252187904,41.917511023,-87.707053639,"(41.91751102291878, -87.7070536388797)"
VAN BUREN AND WESTERN,2054,2400 W VAN BUREN STREE,09/14/2015,4,,,,,
PERSHING AND WESTERN,2112,3900 S WESTERN BLVD,09/14/2015,1,1161130.992078755,1878746.226354636,41.822963628,-87.684384785,"(41.82296362788048, -87.68438478541296)"
CALIFORNIA AND DIVERSEY,1513,2800 W DIVERSEY,09/14/2015,4,1157212.54253358,1918526.674434943,41.932205395,-87.697679244,"(41.93220539506452, -87.6976792438691)"
PULASKI AND 63RD,2342,6300 S PULASKI RD,09/14/2015,9,1150746.00309079,1862516.747695325,41.778636469,-87.722906356,"(41.77863646878099, -87.72290635568541)"
ROOSEVELT AND KOSTNER,2323,4400 W ROOSEVELT,09/14/2015,5,1147200.963258796,1894379.538078088,41.866140868,-87.73508956,"(41.866140867641654, -87.73508956008207)"
BROADWAY/SHERIDAN AND DEVON,1122,6400 N SHERIDAN ROAD,09/14/2015,5,1167087.151194129,1942658.704988689,41.998217921,-87.660695256,"(41.99821792053241, -87.6606952555721)"
ASHLAND AND LAWRENCE,1143,1600 W LAWRENCE AVENUE,09/14/2015,2,1164771.946929007,1931988.254061312,41.968987457,-87.669516307,"(41.96898745654617, -87.66951630654926)"
119TH AND HALSTED,2402,11900 S HALSTED,09/14/2015,4,1173094.774616191,1825911.054609338,41.677720829,-87.642051845,"(41.67772082924762, -87.64205184498218)"
JEFFERY AND 95TH,2522,9500 S JEFFERY AVE,09/14/2015,3,1191132.420601301,1842335.735988875,41.722375907,-87.575499903,"(41.72237590704101, -87.57549990332795)"
CENTRAL AND CHICAGO,1972,800 N CENTRAL AVENUE,09/14/2015,1,1138836.562608552,1904801.732832435,41.894896579,-87.765543258,"(41.89489657939746, -87.76554325845893)"
CENTRAL AND FULLERTON,1444,5600 W FULLERTON AVENU,02/09/2017,2,1138627.279189421,1915438.969256439,41.924090199,-87.76605353,"(41.92409019883488, -87.76605353016079)"
OGDEN AND KOSTNER,2222,2348 S KOSTNER AVENUE,09/14/2015,8,1147394.548182079,1887795.177782082,41.848068845,-87.734547457,"(41.8480688449598, -87.73454745748458)"
MONTROSE AND WESTERN,1221,4400 N WESTERN AVENUE,09/14/2015,4,1159539.733234718,1929183.918095502,41.961401846,-87.688832623,"(41.961401846278505, -87.6888326227788)"
115TH AND HALSTED,2552,11500 S HALSTED STREE,03/03/2016,10,,,,,
STONEY ISLAND AND 76TH,2631,7600 S STONY ISLAND A,09/14/2015,25,1188092.796191935,1854889.354158304,41.756897173,-87.586234285,"(41.75689717260223, -87.58623428506996)"
HALSTED AND FULLERTON,1704,800 W FULLERTON AVENUE,09/14/2015,4,1170525.624723311,1916208.443992778,41.925562791,-87.648823641,"(41.92556279107417, -87.64882364145232)"
ASHLAND AND 87TH,2454,1600 W 87TH ST,09/14/2015,5,1167171.941297436,1847064.855345151,41.735898617,-87.663128781,"(41.735898617066006, -87.66312878090133)"
HAMLIN AND MADISON,1903,3800 W MADISON STREET,09/14/2015,9,1151032.709141294,1899784.033986533,41.880897273,-87.720881226,"(41.880897273491264, -87.72088122613924)"
KIMBALL AND DIVERSEY,1581,2800 N KIMBALL AVENUE,02/09/2017,6,,,,,
CLARK AND FULLERTON,1632,2400 N CLARK ST,09/14/2015,2,1172749.562209477,1916238.997132859,41.925597623,-87.640650973,"(41.925597623023144, -87.64065097309872)"
DIVERSEY AND WESTERN,1434,2400 W DIVERSEY AVENUE,09/14/2015,2,1159859.648423836,1918576.255784305,41.932287183,-87.687950093,"(41.93228718299094, -87.6879500934122)"
ROOSEVELT AND HALSTED,2234,800 W ROOSEVELT ROAD,09/14/2015,7,1171199.282357741,1894968.056393724,41.867263098,-87.646972686,"(41.86726309836901, -87.64697268601648)"
CICERO AND CHICAGO,1781,800 N CICERO AVENUE,09/14/2015,5,1144169.162482127,1904893.189220372,41.895049038,-87.745955516,"(41.89504903796389, -87.74595551626888)"
IRVING PARK AND KILPATRICK,2764,4700 W IRVING PARK ROA,09/14/2015,4,,,,,
71ST AND ASHLAND,2394,1600 W 71ST,02/09/2017,6,1166890.012333149,1857674.2502247,41.765018306,-87.66385923,"(41.76501830555763, -87.66385923012646)"
WESTERN AND DEVON,1211,6400 N WESTERN AVENUE,09/14/2015,1,1159113.585759434,1942451.622367891,41.997817807,-87.690033035,"(41.997817807026, -87.69003303469276)"
WESTERN AND TOUHY,1252,7200 N WESTERN AVENUE,09/14/2015,4,1158975.66256211,1947754.286963361,42.012371335,-87.690393917,"(42.012371334791766, -87.69039391737863)"
HALSTED AND MADISON,1871,1 S HALSTED STREET,09/14/2015,2,1171092.392868784,1900234.542088741,41.881717056,-87.647210539,"(41.88171705561901, -87.64721053920604)"
WESTERN AND CHICAGO,1943,2400 W CHICAGO AVE,09/14/2015,5,1160226.686812944,1905300.904544474,41.895851041,-87.686968935,"(41.895851041123755, -87.68696893468467)"
COTTAGE GROVE AND 71ST,2572,7100 S COTTAGE GROVE,09/14/2015,3,1182746.23698699,1858088.011064538,41.765800351,-87.605729127,"(41.76580035131893, -87.6057291269901)"
IRVING PARK AND NARRAGANSETT,1024,6400 W IRVING PK,09/14/2015,3,1132945.939118726,1925946.304925137,41.953024751,-87.786683238,"(41.95302475075328, -87.78668323766634)"
KEDZIE AND 31ST,2132,3100 S KEDZIE AVENUE,09/14/2015,3,1155483.167539854,1883867.660503274,41.837132671,-87.704967115,"(41.837132671422296, -87.70496711478727)"
CICERO AND ARMITAGE,2003,4800 W ARMITAGE AVENUE,09/14/2015,1,1144054.25126508,1912907.00926109,41.917041992,-87.746176095,"(41.91704199201953, -87.74617609464687)"
LAFAYETTE AND 87TH,2503,30 W 87TH STREET,02/09/2017,15,1177407.651800237,1847320.772058312,41.736376037,-87.625621311,"(41.736376036604916, -87.62562131092602)"
LARAMIE AND FULLERTON,1424,5200 W FULLERTON AVENUE,09/14/2015,1,1141305.554932016,1915502.611239048,41.924215797,-87.756210755,"(41.92421579723144, -87.75621075458939)"
KEDZIE AND ARMITAGE,1832,2000 N KEDZIE AVENUE,09/14/2015,2,1154684.031809326,1913129.496340896,41.917446172,-87.707116072,"(41.91744617191702, -87.70711607187832)"
87TH AND VINCENNES,2412,8700 S VINCENNES,09/14/2015,6,1172026.328989535,1847142.496643776,41.736006565,-87.645341819,"(41.73600656458518, -87.64534181897955)"
HALSTED AND NORTH,1764,800 W NORTH AVENUE,09/14/2015,4,1170700.68422007,1910913.190749698,41.91102851,-87.648335806,"(41.91102850981186, -87.64833580602037)"
4700 WESTERN,2141,4700 S WESTERN AVENUE,09/14/2015,2,1161120.438879703,1873431.066474726,41.808378408,-87.684570717,"(41.808378407946726, -87.68457071689552)"
LARAMIE AND MADISON,2044,5200 W MADISON STREET,09/14/2015,10,1141706.965522802,1899567.55684314,41.880480752,-87.755130433,"(41.88048075170171, -87.75513043296509)"
IRVING PARK AND LARAMIE,1533,5200 W IRVING PARK ROA,09/14/2015,1,,,,,
HAMLIN AND LAKE,1882,300 N HAMLIN AVENUE,09/14/2015,1,1150970.026856642,1901381.688308858,41.885282636,-87.721069539,"(41.88528263580913, -87.72106953854511)"
WESTERN AND CERMAK,1002,2200 S WESTERN AVENUE,02/09/2017,6,1160669.42562757,1889318.196820393,41.85198384,-87.685785704,"(41.85198383957328, -87.68578570420526)"
CICERO AND HARRISON,2023,4800 W HARRISON STREET,09/14/2015,2,1144451.867388303,1896949.561959463,41.873245464,-87.745117179,"(41.873245464379586, -87.7451171788807)"
PULASKI AND DIVERSEY,1543,4000 W DIVERSEY AVENUE,09/14/2015,5,1149206.496130705,1918356.569267582,41.931897723,-87.72710503,"(41.9318977231462, -87.72710503045386)"
CALIFORNIA AND DEVON,1321,6400 N CALIFORNIA AVE,09/14/2015,2,1156461.150245401,1942370.37710537,41.997649133,-87.699792629,"(41.997649133049336, -87.69979262891378)"
BROADWAY/SHERIDAN AND DEVON,1123,1200 W DEVON AVE,02/09/2017,1,1167109.644248166,1942688.147952186,41.998298228,-87.660611661,"(41.99829822771884, -87.66061166063517)"
35TH AND WESTERN,2091,3500 S WESTERN,09/14/2015,2,1160894.949857101,1881376.851112895,41.830187255,-87.685177925,"(41.83018725526863, -87.68517792510231)"
LAKE SHORE DR AND BELMONT,1412,3200 N LAKESHORE DRIV,09/14/2015,8,1173053.220555078,1921821.380831705,41.940909163,-87.63936916,"(41.94090916326764, -87.63936915995522)"
ELSTON AND LAWRENCE,1282,4800 N ELSTON AVENUE,09/14/2015,3,1145529.344259918,1931501.601268983,41.968039361,-87.740283894,"(41.96803936143674, -87.74028389448999)"
ASHLAND AND FULLERTON,1652,2400 N ASHLAND AVENUE,09/14/2015,6,1165228.073342838,1916032.319169157,41.92519389,-87.668294363,"(41.92519388981048, -87.66829436339881)"
CICERO AND FULLERTON,1472,2400 N CICERO AVE,09/14/2015,5,1143961.592189569,1915545.343094087,41.92428359,-87.74645019,"(41.92428358982701, -87.74645019028947)"
CICERO AND PETERSON,1202,6000 N CICERO AVENUE,09/14/2015,2,1143247.733553094,1939479.342905704,41.989973915,-87.748473024,"(41.98997391514614, -87.74847302426933)"
PULASKI AND LAWRENCE,1172,4800 N PULASKI ROAD,09/14/2015,2,1148821.701520117,1931605.974570937,41.968262595,-87.728175316,"(41.968262595100775, -87.7281753157596)"
WESTERN AND DEVON,1212,6400 N WESTERN AVENUE,09/14/2015,4,1159113.585759434,1942451.622367891,41.997817807,-87.690033035,"(41.997817807026, -87.69003303469276)"
ASHLAND AND MADISON,1911,0 N ASHLAND AVE,09/14/2015,12,,,,,
99TH AND HALSTED,2433,800 W 99TH ST,09/14/2015,9,1172710.642565684,1839246.330602143,41.714323337,-87.643066714,"(41.71432333701137, -87.64306671421937)"
KEDZIE AND 26TH,2382,2600 S KEDZIE AVENUE,09/14/2015,1,1155404.235510285,1886524.460033054,41.844424831,-87.705185452,"(41.84442483084393, -87.70518545233183)"
CLARK AND FULLERTON,1631,2400 N CLARK ST,09/14/2015,3,1172749.562209477,1916238.997132859,41.925597623,-87.640650973,"(41.925597623023144, -87.64065097309872)"
CICERO AND 47TH,2202,4700 S CICERO AVE,09/14/2015,2,1145112.150373471,1873006.659918126,41.807530373,-87.743296821,"(41.80753037289406, -87.7432968212423)"
COTTAGE GROVE AND 71ST,2571,7100 S COTTAGE GROVE,09/14/2015,3,1182746.23698699,1858088.011064538,41.765800351,-87.605729127,"(41.76580035131893, -87.6057291269901)"
AUSTIN AND ADDISON,1491,3600 N AUSTIN AVENUE,09/14/2015,3,1135691.599896458,1923335.967306169,41.945813215,-87.776652162,"(41.9458132146695, -87.77665216156436)"
AUSTIN AND IRVING PARK,1161,4000 N AUSTIN AVENUE,02/09/2017,5,1135599.956110927,1926006.862619986,41.953144059,-87.776925284,"(41.95314405904539, -87.77692528423394)"
LAWRENCE AND WESTERN,1193,2400 W LAWRENCE AVENUE,09/14/2015,4,1159482.648570304,1931851.989492596,41.968724349,-87.688968727,"(41.96872434882172, -87.68896872699601)"
BROADWAY/SHERIDAN AND DEVON,1123,1200 W DEVON AVE,09/14/2015,2,1167109.644248166,1942688.147952186,41.998298228,-87.660611661,"(41.99829822771884, -87.66061166063517)"
PULASKI AND IRVING PARK,1572,4000 N PULASKI ROAD,09/14/2015,2,1148970.255325552,1926313.600468643,41.953737051,-87.727766612,"(41.95373705144353, -87.72776661179896)"
CICERO AND WASHINGTON,1892,100 N CICERO AVENUE,09/14/2015,7,1144328.984091479,1900095.170838459,41.88187971,-87.745489247,"(41.88187970991601, -87.7454892473012)"
ASHLAND AND MADISON,1911,0 N ASHLAND AVE,03/03/2016,2,,,,,
55TH AND KEDZIE,2163,3200 W 55TH STREET,09/14/2015,2,1155966.956993183,1868015.593764152,41.793622803,-87.703618141,"(41.79362280329978, -87.70361814062049)"
4700 WESTERN,2142,4700 S WESTERN AVENUE,09/14/2015,2,1161120.438879703,1873431.066474726,41.808378408,-87.684570717,"(41.808378407946726, -87.68457071689552)"
35TH AND WESTERN,2092,3500 S WESTERN,02/09/2017,3,1160894.949857101,1881376.851112895,41.830187255,-87.685177925,"(41.83018725526863, -87.68517792510231)"
STATE AND 79TH,2654,1 E 79TH STREET,09/14/2015,21,1177680.113652821,1852598.313477786,41.750852096,-87.624463832,"(41.75085209551078, -87.62446383210285)"
WESTERN AND FULLERTON,1672,2400 N WESTERN AVENUE,09/14/2015,1,1159923.309342995,1915897.778561358,41.924935944,-87.687790255,"(41.92493594409127, -87.68779025471278)"
ASHLAND AND MADISON,1914,1600 W MADISON,09/14/2015,2,1165723.014733182,1900136.515489506,41.881564167,-87.666929463,"(41.8815641670199, -87.66692946294842)"
BELMONT AND KEDZIE,1371,3200 N KEDZIE AVENUE,09/14/2015,1,1154426.977874407,1921110.466549542,41.93935173,-87.707846594,"(41.93935173030961, -87.70784659359776)"
CENTRAL AND FULLERTON,1442,2400 N CENTRAL AVENUE,09/14/2015,2,1138603.468418662,1915431.058212414,41.924068922,-87.766141214,"(41.92406892227644, -87.76614121413186)"
IRVING PARK AND KILPATRICK,2764,4700 W IRVING PARK ROA,02/09/2017,2,,,,,
IRVING PARK AND CALIFORNIA,1234,2800 W IRVING PARK ROA,09/14/2015,9,,,,,
FOSTER AND NAGLE,1031,5200 N NAGLE,09/14/2015,7,1132529.656558223,1934201.702060651,41.97568567,-87.788020406,"(41.97568566971868, -87.78802040620296)"
HALSTED AND DIVISION,1714,800 W DIVISION,09/14/2015,2,1170767.827960358,1908259.644151662,41.903745557,-87.648167011,"(41.90374555734733, -87.64816701062779)"
ARCHER AND CICERO,2081,5200 S CICERO AVE,09/14/2015,34,1145195.931989777,1869737.708306623,41.798558278,-87.743071866,"(41.798558278193305, -87.74307186616427)"
CENTRAL AND CHICAGO,1973,5600 W CHICAGO AVENUE,09/14/2015,4,1138858.856732452,1904825.827586656,41.894962293,-87.765460791,"(41.89496229349977, -87.76546079122906)"
LAFAYETTE AND 87TH,2502,8700 S LAFAYETTE AVEN,05/05/2017,18,1177417.493180297,1847243.988223464,41.73616511,-87.625587569,"(41.73616511008592, -87.62558756899932)"
PULASKI AND BELMONT,1382,3200 N PULASKI RD,09/14/2015,2,1149125.621478734,1920994.556178086,41.939138154,-87.72733371,"(41.939138153500274, -87.7273337101426)"
79TH AND KEDZIE,2443,3200 W 79TH ST,09/14/2015,5,1156402.644780165,1852104.649370984,41.749952001,-87.702448478,"(41.74995200142266, -87.70244847808695)"
PULASKI AND ARMITAGE,1843,4000 W ARMITAGE AVENUE,09/14/2015,5,1149375.428872108,1913028.984273181,41.917275069,-87.726622746,"(41.91727506940875, -87.72662274644799)"
KEDZIE AND 26TH,2381,2600 S KEDZIE AVENUE,09/14/2015,3,1155404.235510285,1886524.460033054,41.844424831,-87.705185452,"(41.84442483084393, -87.70518545233183)"
ASHLAND AND DIVISION,1791,1200 N ASHLAND AVENUE,09/14/2015,4,1165466.997046718,1908083.767015974,41.903377468,-87.667643142,"(41.903377467566784, -87.66764314227497)"
HALSTED AND NORTH,1761,1600 N HALSTED STREET,09/14/2015,6,1170678.283433825,1910880.991397547,41.910940644,-87.648419043,"(41.91094064391597, -87.64841904272998)"
LARAMIE AND FULLERTON,1421,2400 N LARAMIE AVENUE,09/14/2015,1,1141282.877477884,1915479.163971956,41.924151874,-87.756294662,"(41.92415187425276, -87.75629466175003)"
TOUHY AND OSCEOLA,1243,7432 W TOUHY AVENUE,05/05/2017,1,1125717.010560011,1947269.685461107,42.011661765,-87.812781431,"(42.01166176507329, -87.81278143114147)"
31ST ST AND MARTIN LUTHER KING DRIVE,2123,400 E 31ST STREET,09/14/2015,2,1179437.985396417,1884565.84226022,41.838534018,-87.617046113,"(41.838534018118914, -87.61704611345726)"
CICERO AND DIVERSEY,1694,4800 W DIVERSEY AVENUE,09/14/2015,1,1143869.848167704,1918226.043989398,41.93164142,-87.746719911,"(41.93164142040689, -87.7467199106462)"
LAKE SHORE DR AND BELMONT,1413,400 W BELMONT AVE,09/14/2015,27,1172981.744869382,1921577.376128802,41.940241193,-87.639639114,"(41.94024119325571, -87.63963911427594)"
ELSTON AND IRVING PARK,1503,3700 W IRVING PARK ROA,03/04/2016,4,,,,,
FOSTER AND NAGLE,1034,6400 W FOSTER,09/14/2015,2,1132552.893142153,1934229.875527466,41.975762574,-87.787934296,"(41.97576257447203, -87.7879342955108)"
COTTAGE GROVE AND 71ST,2572,7100 S COTTAGE GROVE,02/09/2017,3,1182746.23698699,1858088.011064538,41.765800351,-87.605729127,"(41.76580035131893, -87.6057291269901)"
PULASKI AND DIVERSEY,1542,2800 N PULASKI ROAD,09/14/2015,4,1149200.724531183,1918332.222549679,41.931831026,-87.727126873,"(41.93183102561505, -87.72712687300454)"
COLUMBUS AND ILLINOIS,1952,500 N COLUMBUS DRIVE,09/14/2015,9,1178372.808407292,1903693.06016042,41.891044569,-87.620371839,"(41.891044569124276, -87.620371839074)"
ROOSEVELT AND PULASKI,2314,4000 W ROOSEVELT ROAD,09/14/2015,9,1149885.032049683,1894449.464076882,41.866281003,-87.72523422,"(41.866281002664536, -87.72523421983905)"
111TH AND HALSTED,2424,800 W 111TH ST,09/14/2015,2,1172945.404219168,1831282.917027882,41.692465363,-87.642440901,"(41.692465363421874, -87.64244090105778)"
CORTLAND AND ASHLAND,1721,1900 N ASHLAND AVE,09/14/2015,19,1165348.084854857,1912736.454335569,41.916147281,-87.667947354,"(41.91614728095272, -87.66794735350443)"
PULASKI AND FOSTER,1104,4000 W FOSTER AVE,02/09/2017,6,1148759.16134887,1934294.249006446,41.975640616,-87.728335469,"(41.975640616231914, -87.72833546926573)"
79TH AND HALSTED,2543,800 W 79TH STREET,09/14/2015,3,1172320.105719411,1852517.9814434,41.750751157,-87.644107793,"(41.75075115747316, -87.64410779300933)"
STATE AND 79TH,2651,7900 S STATE STREET,09/14/2015,5,1177618.166929966,1852621.870232838,41.750918138,-87.624690123,"(41.7509181383154, -87.62469012251644)"
WESTERN AND 79TH,2481,7900 S WESTERN AVE,02/09/2017,3,1161711.516404028,1852181.685686118,41.750054934,-87.682992203,"(41.750054933649984, -87.68299220290213)"
CICERO AND FULLERTON,1474,4800 W FULLERTON AVE,09/14/2015,4,1143967.570794243,1915568.504954477,41.924347036,-87.74642764,"(41.924347036010694, -87.74642763965628)"
DAMEN AND DIVERSEY,1464,2000 W DIVERSEY PARKWAY,09/14/2015,1,1162519.714934025,1918635.417634925,41.932394164,-87.678173031,"(41.93239416403691, -87.67817303087757)"
CICERO AND ARMITAGE,2001,2000 N CICERO AVENUE,09/14/2015,5,1144031.525719004,1912881.8300295,41.916973325,-87.746260223,"(41.91697332451097, -87.74626022251057)"
ASHLAND AND IRVING PARK,1151,4000 N ASHLAND AVENUE,09/14/2015,2,1164899.463802581,1926665.661118925,41.954379326,-87.66919912,"(41.954379326212695, -87.66919911980419)"
HOLLYWOOD AND SHERIDAN,1344,1000 W HOLLYWOOD AVE,09/14/2015,23,1168580.228926466,1938090.295189338,41.985649799,-87.655335807,"(41.98564979859328, -87.65533580655139)"
KEDZIE AND 71ST,2352,7100 S KEDZIE AVENUE,09/14/2015,6,1156225.540366296,1857330.103443232,41.764295037,-87.702957162,"(41.764295036756856, -87.70295716211793)"
PETERSON AND WESTERN,1014,2400 W PETERSON,09/14/2015,6,1159214.211316277,1939825.301874586,41.99060901,-87.689735481,"(41.990609009807294, -87.68973548092968)"
WESTERN AND MARQUETTE,2672,6700 S WESTERN AVENUE,09/14/2015,8,1161488.747635042,1860134.788366884,41.771884028,-87.683588402,"(41.77188402771193, -87.68358840206334)"
CENTRAL AND DIVERSEY,1644,5600 W DIVERSEY AVENUE,09/14/2015,1,1138539.758528398,1918097.096677271,41.931385977,-87.766310532,"(41.93138597683265, -87.76631053155157)"
75TH AND STATE,2621,7500 S STATE STREET,09/14/2015,3,1177538.763040612,1855235.551345519,41.758092176,-87.624902228,"(41.75809217638291, -87.6249022282473)"
WESTERN AND ADDISON,1562,3600 N WESTERN AVENUE,09/14/2015,12,1159695.573342728,1923871.086283556,41.94681992,-87.688406662,"(41.94681991986288, -87.68840666206194)"
CICERO AND PETERSON,1204,4800 W PETERSON AVENUE,09/14/2015,2,1143273.766829016,1939491.944645127,41.990008007,-87.748376951,"(41.99000800729908, -87.74837695118997)"
71ST AND ASHLAND,2391,7100 S ASHLAND,09/14/2015,5,1166868.379865725,1857616.168087255,41.764859382,-87.663940176,"(41.764859382425385, -87.66394017630476)"
DIVISION AND DAMEN,1734,2000 W DIVISION,09/14/2015,5,1162815.710860194,1908034.672555531,41.903298793,-87.677383247,"(41.903298792681944, -87.67738324739636)"
PULASKI AND FOSTER,1104,4000 W FOSTER AVE,09/14/2015,2,1148759.16134887,1934294.249006446,41.975640616,-87.728335469,"(41.975640616231914, -87.72833546926573)"
LAFAYETTE AND 87TH,2503,30 W 87TH STREET,09/14/2015,23,1177407.651800237,1847320.772058312,41.736376037,-87.625621311,"(41.736376036604916, -87.62562131092602)"
HALSTED AND FULLERTON,1701,2400 N HALSTED STREET,09/14/2015,4,1170501.602639925,1916200.061550148,41.925540315,-87.648912156,"(41.925540315431995, -87.64891215551155)"
63RD AND STATE,2712,6300 S STATE ST,09/14/2015,5,1177303.801895084,1863220.216755923,41.780008277,-87.625522512,"(41.78000827740796, -87.6255225119157)"
PULASKI AND LAWRENCE,1173,4000 W LAWRENCE AVENUE,09/14/2015,2,1148844.220085601,1931638.45430438,41.968351285,-87.728091672,"(41.96835128527914, -87.72809167198088)"
MILWAUKEE AND MONTROSE,1364,5075 W MONTROSE AVENUE,09/14/2015,1,1141716.746618898,1928736.076639057,41.960522088,-87.754371424,"(41.96052208819935, -87.75437142402293)"
ELSTON AND IRVING PARK,1503,3700 W IRVING PARK ROA,09/14/2015,7,,,,,
STONY ISLAND/CORNELL AND 67TH,2721,6700 S STONY ISLAND A,09/14/2015,8,1187984.143047539,1860863.338367666,41.773292896,-87.586442368,"(41.77329289585066, -87.58644236831432)"
CICERO AND CHICAGO,1783,4800 W CHICAGO AVENUE,09/14/2015,5,1144175.291152764,1904916.255225279,41.895112219,-87.745932427,"(41.89511221857764, -87.74593242701515)"
PULASKI AND CHICAGO,1983,4000 W CHICAGO AVENUE,02/09/2017,4,1149561.855939692,1905086.596446259,41.895476752,-87.72614436,"(41.89547675163723, -87.72614435991626)"
CICERO AND NORTH,2034,4800 W NORTH AVENUE,09/14/2015,2,1144053.733747163,1910243.80567041,41.90973389,-87.746244973,"(41.909733890131285, -87.74624497295898)"
PULASKI AND PETERSON,1262,6000 N PULASKI ROAD,09/14/2015,1,1148598.016685695,1939584.645960177,41.990160923,-87.728790748,"(41.99016092280557, -87.72879074759867)"
SHERIDAN AND FOSTER,1134,1000 W FOSTER AVE,09/14/2015,1,1168689.247756979,1934758.578141654,41.976505116,-87.655031882,"(41.97650511595711, -87.65503188224778)"
71ST AND ASHLAND,2394,1600 W 71ST,09/14/2015,4,1166890.012333149,1857674.2502247,41.765018306,-87.66385923,"(41.76501830555763, -87.66385923012646)"
KIMBALL AND DIVERSEY,1581,2800 N KIMBALL AVENUE,09/14/2015,2,,,,,
ASHLAND AND LAWRENCE,1143,1600 W LAWRENCE AVENUE,02/09/2017,5,1164771.946929007,1931988.254061312,41.968987457,-87.669516307,"(41.96898745654617, -87.66951630654926)"
VAN BUREN AND WESTERN,2052,400 S WESTERN AVENUE,09/14/2015,22,1160431.682297829,1898091.942371589,41.876064776,-87.686415631,"(41.87606477642526, -87.68641563098768)"
WESTERN AND 79TH,2481,7900 S WESTERN AVE,09/14/2015,8,1161711.516404028,1852181.685686118,41.750054934,-87.682992203,"(41.750054933649984, -87.68299220290213)"
WESTERN AND CERMAK,1003,2400 W CERMAK ROAD,02/09/2017,2,1160678.000607329,1889375.645335924,41.852141307,-87.685752642,"(41.85214130680468, -87.6857526415569)"
PULASKI AND ARCHER,2154,5000 S ARCHER AVE,09/14/2015,1,1150501.818909837,1871162.311703322,41.802365973,-87.723576766,"(41.80236597333895, -87.72357676611004)"
CLARK AND IRVING PARK,1093,1300 W IRVING PARK ROAD,09/14/2015,3,1166777.545456989,1926719.73687357,41.954487567,-87.662293496,"(41.95448756687966, -87.66229349585691)"
KEDZIE AND 63RD,2361,6300 S KEDZIE AVE,09/14/2015,3,1156097.505177228,1862668.051775093,41.77894575,-87.703283119,"(41.77894575017997, -87.70328311900342)"
CLARK AND FULLERTON,1631,2400 N CLARK ST,02/09/2017,4,1172749.562209477,1916238.997132859,41.925597623,-87.640650973,"(41.925597623023144, -87.64065097309872)"
HALSTED AND 95TH,2581,9500 S HALSTED STREET,09/14/2015,4,1172610.538363645,1841811.61926207,41.721365061,-87.643358042,"(41.72136506078306, -87.64335804234075)"
KIMBALL AND DIVERSEY,1583,3400 W DIVERSEY AVENUE,09/14/2015,2,1153211.149172713,1918454.477800566,41.932087747,-87.71238583,"(41.932087747378944, -87.71238582951281)"
BELMONT AND KEDZIE,1372,3200 N KEDZIE AVE,09/14/2015,11,1154426.977874407,1921110.466549542,41.93935173,-87.707846594,"(41.93935173030961, -87.70784659359776)"
CALIFORNIA AND DIVERSEY,1514,2800 W DIVERSEY,09/14/2015,20,1157212.54253358,1918526.674434943,41.932205395,-87.697679244,"(41.93220539506452, -87.6976792438691)"
LASALLE AND KINZIE,1923,140 W KINZIE,09/14/2015,1,1175048.09765242,1903028.894760294,41.889297219,-87.632601648,"(41.88929721947309, -87.63260164817305)"
PULASKI AND DIVISION,1802,1200 N PULASKI ROAD,09/14/2015,3,1149459.590666926,1907723.219884254,41.902713902,-87.726451457,"(41.902713901936174, -87.72645145715836)"
115TH AND HALSTED,2553,800 W 115TH STREET,09/14/2015,2,1173010.735357888,1828632.242070332,41.685190056,-87.642279564,"(41.68519005571938, -87.64227956401977)"
IRVING PARK AND KEDZIE,1354,3200 W IRVING PARK ROAD,09/14/2015,5,1154325.140302006,1926458.463197156,41.954029047,-87.708077494,"(41.95402904691877, -87.70807749383191)"
CICERO AND FULLERTON,1474,4800 W FULLERTON AVE,02/09/2017,3,1143967.570794243,1915568.504954477,41.924347036,-87.74642764,"(41.924347036010694, -87.74642763965628)"
HARLEM AND BELMONT,1391,3200 N HARLEM AVE,09/14/2015,3,1127481.020995451,1920467.613239239,41.938084468,-87.806896749,"(41.93808446822169, -87.80689674887883)"
WESTERN AND NORTH,1851,1600 N WESTERN AVE,09/14/2015,6,1160077.474351131,1910605.013316134,41.910409024,-87.687370268,"(41.91040902362901, -87.687370268401)"
IRVING PARK AND KILPATRICK,2763,4700 W IRVING PARK ROA,09/14/2015,4,,,,,
ASHLAND AND 95TH,2473,1600 W 95TH STREET,09/14/2015,8,1167323.753394196,1841755.029221382,41.721324412,-87.662724153,"(41.721324411975246, -87.66272415265087)"
ASHLAND AND FULLERTON,1651,2400 N ASHLAND AVENUE,09/14/2015,6,1165228.073342838,1916032.319169157,41.92519389,-87.668294363,"(41.92519388981048, -87.66829436339881)"
ROOSEVELT AND PULASKI,2311,1200 S PULASKI ROAD,09/14/2015,2,1149866.002247864,1894375.839200384,41.866079337,-87.725305995,"(41.86607933722178, -87.7253059948758)"
115TH AND HALSTED,2552,11500 S HALSTED STREE,09/14/2015,8,,,,,
WESTERN AND FULLERTON,1671,2400 N WESTERN AVENUE,09/14/2015,7,1159923.309342995,1915897.778561358,41.924935944,-87.687790255,"(41.92493594409127, -87.68779025471278)"
DAMEN AND 63RD,2702,6300 S DAMEN AVENUE,09/14/2015,3,1164069.407943298,1862830.277442834,41.779226921,-87.674052731,"(41.77922692069256, -87.67405273137854)"
CORTLAND AND ASHLAND,1723,1600 W CORTLAND ST,09/14/2015,7,1165377.660768235,1912768.773647285,41.916235337,-87.667837772,"(41.91623533746878, -87.66783777212962)"
CERMAK AND PULASKI,2332,2200 S PULASKI,09/14/2015,3,1150012.876838243,1889071.75851865,41.851521442,-87.724904787,"(41.85152144233116, -87.7249047867499)"
WESTERN AND CHICAGO,1941,800 N WESTERN AVE,09/14/2015,4,1160220.967978608,1905277.507115921,41.895786955,-87.686990586,"(41.89578695485361, -87.68699058611217)"
STONEY ISLAND AND 79TH,2462,7900 S STONEY ISLAND,09/14/2015,3,1188181.571068297,1852908.934789311,41.751460603,-87.585971993,"(41.75146060316686, -87.5859719929647)"
MONTROSE AND WESTERN,1224,2400 W MONTROSE AVENUE,09/14/2015,1,1159562.971802959,1929191.337701253,41.961421726,-87.68874698,"(41.961421726406314, -87.68874697983858)"
31ST ST AND MARTIN LUTHER KING DRIVE,2121,3100 S DR MARTIN L KING,09/14/2015,15,,,,,
STONY ISLAND/CORNELL AND 67TH,2731,6700 S CORNELL DRIVE,09/14/2015,11,1188316.454860734,1860851.137456735,41.77325149,-87.5852246,"(41.77325148959568, -87.58522459967712)"
ADDISON AND HARLEM,1591,3600 N HARLEM AVENUE,09/14/2015,2,1127394.594070737,1923110.532422811,41.945338412,-87.807154769,"(41.94533841246591, -87.80715476912044)"
CALIFORNIA AND PETERSON,1313,2800 W PETERSON AVENUE,09/14/2015,3,1156569.515341857,1939784.830544118,41.990552082,-87.699464396,"(41.990552081681564, -87.69946439622785)"
55TH AND WESTERN,2213,2400 W 55TH STREET,09/14/2015,3,1161277.012730599,1868185.749490228,41.793981347,-87.684141741,"(41.7939813465735, -87.68414174128355)"
HOLLYWOOD AND SHERIDAN,1343,1000 W HOLLYWOOD AVE,09/14/2015,1,1168580.228926466,1938090.295189338,41.985649799,-87.655335807,"(41.98564979859328, -87.65533580655139)"
99TH AND HALSTED,2431,9900 S HALSTED ST,09/14/2015,11,1172689.754200318,1839171.652197216,41.714118868,-87.643145408,"(41.714118868089905, -87.64314540818165)"
KEDZIE AND 63RD,2364,3200 W 63RD ST,09/14/2015,5,1156103.348831225,1862717.565210739,41.779081505,-87.703260365,"(41.77908150488341, -87.70326036544745)"
LASALLE AND KINZIE,1921,400 N LASALLE,09/14/2015,4,1175028.579766798,1903002.552291359,41.889225372,-87.632674115,"(41.88922537162015, -87.63267411498495)"
35TH AND WESTERN,2092,3500 S WESTERN,09/14/2015,1,1160894.949857101,1881376.851112895,41.830187255,-87.685177925,"(41.83018725526863, -87.68517792510231)"
CALIFORNIA AND DEVON,1323,2800 W DEVON AVENUE,09/14/2015,2,1156484.528078038,1942377.980662191,41.997669523,-87.699706423,"(41.99766952286052, -87.69970642324591)"
HALSTED AND 103RD,2592,10300 S HALSTED STREE,09/14/2015,2,,,,,
COLUMBUS AND ILLINOIS,1951,500 N COLUMBUS DRIVE,09/14/2015,17,1178372.808407292,1903693.06016042,41.891044569,-87.620371839,"(41.891044569124276, -87.620371839074)"
PULASKI AND DIVISION,1801,1200 N PULASKI ROAD,09/14/2015,3,1149459.590666926,1907723.219884254,41.902713902,-87.726451457,"(41.902713901936174, -87.72645145715836)"
FULLERTON AND NARRAGANSETT,1554,6400 W FULLERTON AVENU,09/14/2015,6,1133317.594499059,1915293.661305931,41.923786189,-87.785567206,"(41.92378618871128, -87.78556720562165)"
55TH AND WESTERN,2212,5500 S WESTERN AVE,09/14/2015,4,1161269.521335262,1867963.111601251,41.793370554,-87.684175377,"(41.79337055433029, -87.6841753767592)"
DIVERSEY AND AUSTIN,1454,6000 W DIVERSEY AVENUE,09/14/2015,1,1135895.736169343,1918029.70673837,41.931248624,-87.776028612,"(41.931248623643455, -87.77602861172493)"
CANAL AND ROOSEVELT,2294,500 W ROOSEVELT ROAD,09/14/2015,1,1173290.72186561,1895021.166235495,41.867362693,-87.639293195,"(41.867362692616666, -87.63929319464197)"
IRVING PARK AND LARAMIE,1534,5200 W IRVING PARK ROA,09/14/2015,4,,,,,
111TH AND HALSTED,2422,11100 S HALSTED ST,09/14/2015,4,1172923.657689312,1831209.044179248,41.692263123,-87.642522688,"(41.692263123425136, -87.6425226876268)"
WESTERN AND NORTH,1853,2400 W NORTH AVE,09/14/2015,3,1160100.839010995,1910612.783367238,41.910429862,-87.687284221,"(41.91042986235867, -87.68728422050837)"
CICERO AND WASHINGTON,1891,100 N CICERO AVENUE,09/14/2015,13,1144328.984091479,1900095.170838459,41.88187971,-87.745489247,"(41.88187970991601, -87.7454892473012)"
HARLEM AND BELMONT,1394,7200 W BELMONT AVE,09/14/2015,2,1127504.698153561,1920475.415440844,41.938105479,-87.806809552,"(41.93810547939496, -87.80680955240743)"
CENTRAL AND LAKE,1743,5600 W LAKE STREET,09/14/2015,2,1138951.495695032,1902230.510465733,41.887838735,-87.765183663,"(41.887838735330206, -87.76518366338465)"
KOSTNER AND NORTH,2013,4400 W NORTH,09/14/2015,10,1146738.551618032,1910309.595368032,41.909863573,-87.736380296,"(41.90986357340246, -87.73638029605371)"
KEDZIE AND 31ST,2134,3200 W 31ST STREET,09/14/2015,3,1155487.128005646,1883943.061106793,41.8373395,-87.704950558,"(41.83733950029648, -87.70495055800411)"
IRVING PARK AND NARRAGANSETT,1023,6400 W IRVING PK,09/14/2015,1,1132945.939118726,1925946.304925137,41.953024751,-87.786683238,"(41.95302475075328, -87.78668323766634)"
IRVING PARK AND CALIFORNIA,1233,2800 W IRVING PARK ROA,09/14/2015,1,,,,,
PULASKI AND ARCHER,2153,5000 S ARCHER AVE,09/14/2015,2,1150501.818909837,1871162.311703322,41.802365973,-87.723576766,"(41.80236597333895, -87.72357676611004)"
BELMONT AND KEDZIE,1373,3200 W BELMONT,09/14/2015,1,1154461.587940363,1921143.091003516,41.939440561,-87.707718516,"(41.93944056117365, -87.70771851630873)"
MILWAUKEE AND MONTROSE,1362,4400 N MILWAUKEE AVEN,09/14/2015,4,1141643.943268783,1928770.256316239,41.96061723,-87.75463824,"(41.9606172296957, -87.75463824007085)"
SACRAMENTO AND LAKE,1822,150 N SACRAMENTO BOUL,09/14/2015,4,1156319.560664766,1900957.489351962,41.884012178,-87.701436479,"(41.88401217771363, -87.7014364786693)"
ASHLAND AND LAWRENCE,1142,4800 N ASHLAND AVENUE,09/14/2015,11,1164751.686785145,1932001.206626392,41.96902343,-87.669590434,"(41.969023429614026, -87.66959043354217)"
CALIFORNIA AND DIVERSEY,1513,2800 W DIVERSEY,05/05/2017,4,1157212.54253358,1918526.674434943,41.932205395,-87.697679244,"(41.93220539506452, -87.6976792438691)"
STONEY ISLAND AND 79TH,2464,1600 E 79TH ST,09/14/2015,2,1188284.704439907,1852964.829047574,41.751611523,-87.585592284,"(41.75161152327319, -87.58559228428787)"
PULASKI AND CHICAGO,1983,4000 W CHICAGO AVENUE,09/14/2015,4,1149561.855939692,1905086.596446259,41.895476752,-87.72614436,"(41.89547675163723, -87.72614435991626)"
ASHLAND AND MADISON,1911,0 N ASHLAND AVE,03/05/2016,2,,,,,
WESTERN AND CERMAK,1002,2200 S WESTERN AVENUE,09/14/2015,1,1160669.42562757,1889318.196820393,41.85198384,-87.685785704,"(41.85198383957328, -87.68578570420526)"
55TH and PULASKI,2244,4000 W 55TH ST,09/14/2015,1,1150621.676903861,1867864.274865394,41.793313334,-87.723223038,"(41.79331333358753, -87.72322303812588)"
MADISON AND WESTERN,1931,1 S WESTERN AVE,09/14/2015,1,1160453.827721979,1899933.703473746,41.881118279,-87.686283339,"(41.881118278833966, -87.686283338873)"
KEDZIE AND 71ST,2354,3200 W 71ST STREET,09/14/2015,2,1156246.862901455,1857404.014959868,41.764497433,-87.702877023,"(41.76449743256955, -87.70287702335861)"
PULASKI AND NORTH,1994,4000 W NORTH AVENUE,09/14/2015,1,1149456.2688422,1910376.774019002,41.909995582,-87.726394693,"(41.90999558160536, -87.72639469321471)"
CICERO AND 47TH,2204,4800 W 47TH ST,09/14/2015,11,1145130.048925744,1873078.44198302,41.807727017,-87.743229366,"(41.80772701677172, -87.74322936566276)"
PULASKI AND PETERSON,1263,4000 W PETERSON AVENUE,09/15/2015,5,1148618.560490339,1939615.133928395,41.990244186,-87.728714391,"(41.99024418564742, -87.7287143910091)"
DAMEN AND DIVERSEY,1464,2000 W DIVERSEY PARKWAY,02/09/2017,10,1162519.714934025,1918635.417634925,41.932394164,-87.678173031,"(41.93239416403691, -87.67817303087757)"
HALSTED AND 95TH,2581,9500 S HALSTED STREET,09/15/2015,4,1172610.538363645,1841811.61926207,41.721365061,-87.643358042,"(41.72136506078306, -87.64335804234075)"
99TH AND HALSTED,2433,800 W 99TH ST,09/13/2015,17,1172710.642565684,1839246.330602143,41.714323337,-87.643066714,"(41.71432333701137, -87.64306671421937)"
PULASKI AND NORTH,1992,1600 N PULASKI AVENUE,09/15/2015,1,1149432.959240306,1910369.112502195,41.90997501,-87.726480523,"(41.909975010236906, -87.72648052306623)"
OGDEN AND KOSTNER,2223,4400 W OGDEN AVENUE,09/15/2015,12,1147406.592439224,1887689.099869462,41.847777523,-87.734505969,"(41.84777752280453, -87.73450596874825)"
35TH AND WESTERN,2092,3500 S WESTERN,09/15/2015,1,1160894.949857101,1881376.851112895,41.830187255,-87.685177925,"(41.83018725526863, -87.68517792510231)"
PULASKI AND 63RD,2342,6300 S PULASKI RD,09/15/2015,3,1150746.00309079,1862516.747695325,41.778636469,-87.722906356,"(41.77863646878099, -87.72290635568541)"
CLARK AND IRVING PARK,1091,4000 N CLARK STREET,09/15/2015,1,1166736.149822904,1926699.323624709,41.954432441,-87.662446259,"(41.95443244141688, -87.66244625914061)"
CENTRAL AND ADDISON,1682,3600 N CENTRAL AVENUE,09/15/2015,1,1138343.117435682,1923392.067464765,41.945919491,-87.766904594,"(41.945919490555106, -87.76690459426293)"
IRVING PARK AND LARAMIE,1533,5200 W IRVING PARK ROA,09/15/2015,2,,,,,
ROOSEVELT AND PULASKI,2311,1200 S PULASKI ROAD,09/15/2015,3,1149866.002247864,1894375.839200384,41.866079337,-87.725305995,"(41.86607933722178, -87.7253059948758)"
LAFAYETTE AND 87TH,2502,8700 S LAFAYETTE AVEN,02/09/2017,11,1177417.493180297,1847243.988223464,41.73616511,-87.625587569,"(41.73616511008592, -87.62558756899932)"
PULASKI AND 63RD,2342,6300 S PULASKI RD,02/09/2017,1,1150746.00309079,1862516.747695325,41.778636469,-87.722906356,"(41.77863646878099, -87.72290635568541)"
HAMLIN AND MADISON,1901,0 N HAMLIN BOULEVARD,09/15/2015,4,,,,,
CANAL AND ROOSEVELT,2294,500 W ROOSEVELT ROAD,09/15/2015,4,1173290.72186561,1895021.166235495,41.867362693,-87.639293195,"(41.867362692616666, -87.63929319464197)"
PULASKI AND ARCHER,2154,5000 S ARCHER AVE,09/15/2015,4,1150501.818909837,1871162.311703322,41.802365973,-87.723576766,"(41.80236597333895, -87.72357676611004)"
KEDZIE AND 63RD,2361,6300 S KEDZIE AVE,09/15/2015,1,1156097.505177228,1862668.051775093,41.77894575,-87.703283119,"(41.77894575017997, -87.70328311900342)"
MONTROSE AND WESTERN,1224,2400 W MONTROSE AVENUE,09/15/2015,2,1159562.971802959,1929191.337701253,41.961421726,-87.68874698,"(41.961421726406314, -87.68874697983858)"
PULASKI AND PETERSON,1263,4000 W PETERSON AVENUE,09/14/2015,11,1148618.560490339,1939615.133928395,41.990244186,-87.728714391,"(41.99024418564742, -87.7287143910091)"
CHICAGO AND CLARK,1963,100 W CHICAGO AVENUE,09/15/2015,10,1175374.528739575,1905745.47783364,41.896744347,-87.631321248,"(41.896744346875806, -87.63132124815151)"
CICERO AND WASHINGTON,1892,100 N CICERO AVENUE,09/15/2015,3,1144328.984091479,1900095.170838459,41.88187971,-87.745489247,"(41.88187970991601, -87.7454892473012)"
ASHLAND AND LAWRENCE,1143,1600 W LAWRENCE AVENUE,09/15/2015,4,1164771.946929007,1931988.254061312,41.968987457,-87.669516307,"(41.96898745654617, -87.66951630654926)"
79TH AND KEDZIE,2443,3200 W 79TH ST,09/13/2015,3,1156402.644780165,1852104.649370984,41.749952001,-87.702448478,"(41.74995200142266, -87.70244847808695)"
FOSTER AND BROADWAY,1111,5200 N BROADWAY ST,09/15/2015,5,1167334.508577915,1934714.008346532,41.976412143,-87.660015082,"(41.97641214294823, -87.66001508205365)"
CICERO AND FULLERTON,1474,4800 W FULLERTON AVE,09/11/2015,2,1143967.570794243,1915568.504954477,41.924347036,-87.74642764,"(41.924347036010694, -87.74642763965628)"
HAMLIN AND LAKE,1881,300 N HAMLIN AVENUE,09/14/2015,5,1150970.026856642,1901381.688308858,41.885282636,-87.721069539,"(41.88528263580913, -87.72106953854511)"
PULASKI AND IRVING PARK,1572,4000 N PULASKI ROAD,09/11/2015,3,1148970.255325552,1926313.600468643,41.953737051,-87.727766612,"(41.95373705144353, -87.72776661179896)"
STONEY ISLAND AND 79TH,2461,7900 S SOUTH CHICAGO AVE,09/15/2015,2,1188274.655498937,1852865.685797892,41.751339705,-87.585632266,"(41.751339704589455, -87.58563226565187)"
CICERO AND 47TH,2204,4800 W 47TH ST,09/15/2015,13,1145130.048925744,1873078.44198302,41.807727017,-87.743229366,"(41.80772701677172, -87.74322936566276)"
IRVING PARK AND KEDZIE,1354,3200 W IRVING PARK ROAD,09/15/2015,9,1154325.140302006,1926458.463197156,41.954029047,-87.708077494,"(41.95402904691877, -87.70807749383191)"
LARAMIE AND MADISON,2044,5200 W MADISON STREET,09/08/2015,12,1141706.965522802,1899567.55684314,41.880480752,-87.755130433,"(41.88048075170171, -87.75513043296509)"
CERMAK AND PULASKI,2334,4000 W CERMAK,09/03/2015,12,1150018.476053666,1889120.238540361,41.851654369,-87.724882975,"(41.85165436867626, -87.7248829753078)"
SACRAMENTO AND LAKE,1821,150 N SACRAMENTO BOUL,09/11/2015,18,1156319.560664766,1900957.489351962,41.884012178,-87.701436479,"(41.88401217771363, -87.7014364786693)"
BROADWAY/SHERIDAN AND DEVON,1122,6400 N SHERIDAN ROAD,09/15/2015,6,1167087.151194129,1942658.704988689,41.998217921,-87.660695256,"(41.99821792053241, -87.6606952555721)"
DAMEN AND 63RD,2702,6300 S DAMEN AVENUE,09/15/2015,2,1164069.407943298,1862830.277442834,41.779226921,-87.674052731,"(41.77922692069256, -87.67405273137854)"
STONEY ISLAND AND 76TH,2632,7600 S STONY ISLAND A,09/15/2015,11,1188092.796191935,1854889.354158304,41.756897173,-87.586234285,"(41.75689717260223, -87.58623428506996)"
ASHLAND AND FULLERTON,1651,2400 N ASHLAND AVENUE,09/15/2015,3,1165228.073342838,1916032.319169157,41.92519389,-87.668294363,"(41.92519388981048, -87.66829436339881)"
CICERO AND CHICAGO,1781,800 N CICERO AVENUE,09/15/2015,5,1144169.162482127,1904893.189220372,41.895049038,-87.745955516,"(41.89504903796389, -87.74595551626888)"
PULASKI AND FOSTER,1102,5200 N PULASKI RD,09/15/2015,2,1148746.251286324,1934286.914361976,41.97562074,-87.728383135,"(41.97562073966174, -87.72838313514907)"
CLARK AND IRVING PARK,1093,1300 W IRVING PARK ROAD,09/07/2015,4,1166777.545456989,1926719.73687357,41.954487567,-87.662293496,"(41.95448756687966, -87.66229349585691)"
IRVING PARK AND CALIFORNIA,1233,2800 W IRVING PARK ROA,09/15/2015,1,,,,,
STONY ISLAND/CORNELL AND 67TH,2721,6700 S STONY ISLAND A,09/15/2015,14,1187984.143047539,1860863.338367666,41.773292896,-87.586442368,"(41.77329289585066, -87.58644236831432)"
CANAL AND ROOSEVELT,2291,1200 S CANAL STREET,02/09/2017,8,1173268.771030949,1894952.634878732,41.867175125,-87.639375813,"(41.86717512472001, -87.63937581258092)"
IRVING PARK AND KEDZIE,1353,3200 W IRVING PARK ROAD,02/09/2017,3,1154325.140302006,1926458.463197156,41.954029047,-87.708077494,"(41.95402904691877, -87.70807749383191)"
63RD AND STATE,2714,1 E 63RD ST,09/15/2015,11,1177367.518733101,1863199.17768559,41.779949105,-87.625289553,"(41.779949104569106, -87.62528955333775)"
HAMLIN AND MADISON,1903,3800 W MADISON STREET,09/03/2015,11,1151032.709141294,1899784.033986533,41.880897273,-87.720881226,"(41.880897273491264, -87.72088122613924)"
IRVING PARK AND KILPATRICK,2764,4700 W IRVING PARK ROA,03/06/2016,1,,,,,
HOLLYWOOD AND SHERIDAN,1344,1000 W HOLLYWOOD AVE,09/04/2015,41,1168580.228926466,1938090.295189338,41.985649799,-87.655335807,"(41.98564979859328, -87.65533580655139)"
CICERO AND HARRISON,2022,600 S CICERO AVENUE,09/15/2015,6,1144444.97442848,1896894.622216872,41.873094833,-87.745143869,"(41.873094832519136, -87.74514386884542)"
PULASKI AND LAWRENCE,1173,4000 W LAWRENCE AVENUE,09/15/2015,2,1148844.220085601,1931638.45430438,41.968351285,-87.728091672,"(41.96835128527914, -87.72809167198088)"
CENTRAL AND BELMONT,1604,5600 W BELMONT AVENUE,09/15/2015,1,1138453.617438343,1920755.972768412,41.938683775,-87.766562494,"(41.93868377475747, -87.76656249384537)"
WENTWORTH AND GARFIELD,2264,200 W GARFIELD BLVD,02/09/2017,7,1175889.574397302,1868551.750512227,41.794670385,-87.630547476,"(41.79467038468937, -87.63054747605638)"
HALSTED AND 103RD,2593,800 W 103RD STREET,09/15/2015,2,1172778.570616036,1836587.755252818,41.70702632,-87.642896007,"(41.707026319812215, -87.64289600741817)"
HALSTED AND NORTH,1761,1600 N HALSTED STREET,09/15/2015,4,1170678.283433825,1910880.991397547,41.910940644,-87.648419043,"(41.91094064391597, -87.64841904272998)"
99TH AND HALSTED,2431,9900 S HALSTED ST,09/09/2015,17,1172689.754200318,1839171.652197216,41.714118868,-87.643145408,"(41.714118868089905, -87.64314540818165)"
CICERO AND HARRISON,2022,600 S CICERO AVENUE,09/05/2015,6,1144444.97442848,1896894.622216872,41.873094833,-87.745143869,"(41.873094832519136, -87.74514386884542)"
ASHLAND AND LAWRENCE,1142,4800 N ASHLAND AVENUE,09/11/2015,6,1164751.686785145,1932001.206626392,41.96902343,-87.669590434,"(41.969023429614026, -87.66959043354217)"
COLUMBUS AND ILLINOIS,1951,500 N COLUMBUS DRIVE,09/15/2015,20,1178372.808407292,1903693.06016042,41.891044569,-87.620371839,"(41.891044569124276, -87.620371839074)"
VAN BUREN AND WESTERN,2052,400 S WESTERN AVENUE,09/05/2015,49,1160431.682297829,1898091.942371589,41.876064776,-87.686415631,"(41.87606477642526, -87.68641563098768)"
DAMEN AND DIVERSEY,1462,2800 N DAMEN AVENUE,09/15/2015,3,1162490.04851994,1918611.623717091,41.932329494,-87.678282719,"(41.9323294940985, -87.67828271931386)"
PULASKI AND DIVERSEY,1543,4000 W DIVERSEY AVENUE,09/15/2015,2,1149206.496130705,1918356.569267582,41.931897723,-87.72710503,"(41.9318977231462, -87.72710503045386)"
119TH AND HALSTED,2402,11900 S HALSTED,02/09/2017,7,1173094.774616191,1825911.054609338,41.677720829,-87.642051845,"(41.67772082924762, -87.64205184498218)"
ELSTON AND IRVING PARK,1502,4000 N ELSTON AVENUE,09/15/2015,1,1151273.974828198,1926311.849469842,41.953687266,-87.719297882,"(41.95368726563273, -87.71929788151473)"
KEDZIE AND 31ST,2134,3200 W 31ST STREET,09/15/2015,3,1155487.128005646,1883943.061106793,41.8373395,-87.704950558,"(41.83733950029648, -87.70495055800411)"
PULASKI AND IRVING PARK,1574,4000 W IRVING PARK RD,09/15/2015,9,1148988.727877253,1926320.954938409,41.953756874,-87.727698513,"(41.95375687447515, -87.72769851312907)"
ASHLAND AND LAWRENCE,1142,4800 N ASHLAND AVENUE,09/15/2015,4,1164751.686785145,1932001.206626392,41.96902343,-87.669590434,"(41.969023429614026, -87.66959043354217)"
HALSTED AND DIVISION,1714,800 W DIVISION,09/15/2015,7,1170767.827960358,1908259.644151662,41.903745557,-87.648167011,"(41.90374555734733, -87.64816701062779)"
KEDZIE AND 26TH,2382,2600 S KEDZIE AVENUE,09/15/2015,1,1155404.235510285,1886524.460033054,41.844424831,-87.705185452,"(41.84442483084393, -87.70518545233183)"
PULASKI AND IRVING PARK,1572,4000 N PULASKI ROAD,09/15/2015,2,1148970.255325552,1926313.600468643,41.953737051,-87.727766612,"(41.95373705144353, -87.72776661179896)"
PULASKI AND BELMONT,1382,3200 N PULASKI RD,09/15/2015,3,1149125.621478734,1920994.556178086,41.939138154,-87.72733371,"(41.939138153500274, -87.7273337101426)"
PERSHING AND WESTERN,2112,3900 S WESTERN BLVD,09/15/2015,6,1161130.992078755,1878746.226354636,41.822963628,-87.684384785,"(41.82296362788048, -87.68438478541296)"
WESTERN AND ADDISON,1563,2400 W ADDISON,09/15/2015,1,1159719.041544334,1923878.577275797,41.946839991,-87.688320193,"(41.9468399910054, -87.68832019252964)"
ARCHER AND CICERO,2081,5200 S CICERO AVE,09/12/2015,27,1145195.931989777,1869737.708306623,41.798558278,-87.743071866,"(41.798558278193305, -87.74307186616427)"
CICERO AND WASHINGTON,1892,100 N CICERO AVENUE,09/10/2015,3,1144328.984091479,1900095.170838459,41.88187971,-87.745489247,"(41.88187970991601, -87.7454892473012)"
ELSTON AND ADDISON,1402,3600 N ELSTON AVE,09/15/2015,1,1154106.95251778,1923731.036211081,41.946549165,-87.708952626,"(41.94654916480637, -87.70895262603513)"
KOSTNER AND NORTH,2012,4400 W GRAND AVE,09/15/2015,7,1146773.519128439,1910425.663958581,41.91018141,-87.73624887,"(41.910181409597406, -87.73624887040725)"
ELSTON AND LAWRENCE,1284,4440 W LAWRENCE AVENUE,09/15/2015,11,1145715.061027481,1931571.0474838,41.968226398,-87.739599251,"(41.96822639754791, -87.73959925065756)"
ASHLAND AND FULLERTON,1652,2400 N ASHLAND AVENUE,09/15/2015,15,1165228.073342838,1916032.319169157,41.92519389,-87.668294363,"(41.92519388981048, -87.66829436339881)"
IRVING PARK AND CALIFORNIA,1234,2800 W IRVING PARK ROA,09/04/2015,2,,,,,
PULASKI AND ARCHER,2153,5000 S ARCHER AVE,09/15/2015,6,1150501.818909837,1871162.311703322,41.802365973,-87.723576766,"(41.80236597333895, -87.72357676611004)"
HALSTED AND FULLERTON,1701,2400 N HALSTED STREET,09/15/2015,2,1170501.602639925,1916200.061550148,41.925540315,-87.648912156,"(41.925540315431995, -87.64891215551155)"
COTTAGE GROVE AND 71ST,2571,7100 S COTTAGE GROVE,09/15/2015,2,1182746.23698699,1858088.011064538,41.765800351,-87.605729127,"(41.76580035131893, -87.6057291269901)"
MADISON AND WESTERN,1931,1 S WESTERN AVE,09/15/2015,4,1160453.827721979,1899933.703473746,41.881118279,-87.686283339,"(41.881118278833966, -87.686283338873)"
WESTERN AND DEVON,1211,6400 N WESTERN AVENUE,09/15/2015,1,1159113.585759434,1942451.622367891,41.997817807,-87.690033035,"(41.997817807026, -87.69003303469276)"
JEFFERY AND 95TH,2522,9500 S JEFFERY AVE,09/15/2015,5,1191132.420601301,1842335.735988875,41.722375907,-87.575499903,"(41.72237590704101, -87.57549990332795)"
CENTRAL AND CHICAGO,1972,800 N CENTRAL AVENUE,09/15/2015,3,1138836.562608552,1904801.732832435,41.894896579,-87.765543258,"(41.89489657939746, -87.76554325845893)"
DIVISION AND DAMEN,1733,2000 W DIVISION,09/15/2015,1,1162815.710860194,1908034.672555531,41.903298793,-87.677383247,"(41.903298792681944, -87.67738324739636)"
CENTRAL AND DIVERSEY,1642,2800 N CENTRAL AVENUE,02/09/2017,1,1138516.407377375,1918089.499227987,41.931365552,-87.766396529,"(41.93136555236339, -87.76639652879172)"
111TH AND HALSTED,2424,800 W 111TH ST,09/15/2015,2,1172945.404219168,1831282.917027882,41.692465363,-87.642440901,"(41.692465363421874, -87.64244090105778)"
WENTWORTH AND GARFIELD,2264,200 W GARFIELD BLVD,09/14/2015,8,1175889.574397302,1868551.750512227,41.794670385,-87.630547476,"(41.79467038468937, -87.63054747605638)"
LARAMIE AND FULLERTON,1424,5200 W FULLERTON AVENUE,02/09/2017,3,1141305.554932016,1915502.611239048,41.924215797,-87.756210755,"(41.92421579723144, -87.75621075458939)"
31ST ST AND MARTIN LUTHER KING DRIVE,2123,400 E 31ST STREET,09/15/2015,2,1179437.985396417,1884565.84226022,41.838534018,-87.617046113,"(41.838534018118914, -87.61704611345726)"
OGDEN AND KOSTNER,2223,4400 W OGDEN AVENUE,02/09/2017,12,1147406.592439224,1887689.099869462,41.847777523,-87.734505969,"(41.84777752280453, -87.73450596874825)"
55TH AND KEDZIE,2163,3200 W 55TH STREET,02/09/2017,1,1155966.956993183,1868015.593764152,41.793622803,-87.703618141,"(41.79362280329978, -87.70361814062049)"
WESTERN AND CHICAGO,1943,2400 W CHICAGO AVE,02/09/2017,3,1160226.686812944,1905300.904544474,41.895851041,-87.686968935,"(41.895851041123755, -87.68696893468467)"
KEDZIE AND ARMITAGE,1834,3200 W ARMITAGE AVENUE,09/15/2015,2,1154700.851347995,1913153.252187904,41.917511023,-87.707053639,"(41.91751102291878, -87.7070536388797)"
WESTERN AND CHICAGO,1941,800 N WESTERN AVE,09/15/2015,1,1160220.967978608,1905277.507115921,41.895786955,-87.686990586,"(41.89578695485361, -87.68699058611217)"
WENTWORTH AND GARFIELD,2261,5500 S WENTWORTH AVEN,09/07/2015,22,,,,,
LAWRENCE AND WESTERN,1193,2400 W LAWRENCE AVENUE,09/15/2015,2,1159482.648570304,1931851.989492596,41.968724349,-87.688968727,"(41.96872434882172, -87.68896872699601)"
JEFFERY AND 95TH,2522,9500 S JEFFERY AVE,09/06/2015,10,1191132.420601301,1842335.735988875,41.722375907,-87.575499903,"(41.72237590704101, -87.57549990332795)"
ASHLAND AND 95TH,2473,1600 W 95TH STREET,09/15/2015,10,1167323.753394196,1841755.029221382,41.721324412,-87.662724153,"(41.721324411975246, -87.66272415265087)"
FOSTER AND NAGLE,1031,5200 N NAGLE,02/09/2017,8,1132529.656558223,1934201.702060651,41.97568567,-87.788020406,"(41.97568566971868, -87.78802040620296)"
ELSTON AND IRVING PARK,1503,3700 W IRVING PARK ROA,09/15/2015,6,,,,,
KOSTNER AND NORTH,2011,1600 N KOSTNER,09/15/2015,1,1146732.108679105,1910282.120990798,41.909788304,-87.736404667,"(41.90978830394343, -87.73640466739216)"
ELSTON AND LAWRENCE,1282,4800 N ELSTON AVENUE,09/15/2015,2,1145529.344259918,1931501.601268983,41.968039361,-87.740283894,"(41.96803936143674, -87.74028389448999)"
CHICAGO AND CLARK,1964,100 W CHICAGO AVENUE,09/15/2015,9,1175374.528739575,1905745.47783364,41.896744347,-87.631321248,"(41.896744346875806, -87.63132124815151)"
ELSTON AND ADDISON,1403,3216 W ADDISON ST,09/14/2015,7,1154199.729816868,1923799.345386665,41.946734755,-87.708609774,"(41.946734754927796, -87.7086097735515)"
HALSTED AND MADISON,1872,1 N HALSTED STREET,09/15/2015,3,1171090.967986833,1900270.454015136,41.881815632,-87.647214717,"(41.88181563164203, -87.64721471704077)"
CICERO AND ADDISON,1611,3600 N CICERO AVENUE,09/15/2015,1,1143698.904601495,1923517.005821035,41.946163524,-87.747215169,"(41.94616352362556, -87.74721516897007)"
CICERO AND WASHINGTON,1891,100 N CICERO AVENUE,09/15/2015,14,1144328.984091479,1900095.170838459,41.88187971,-87.745489247,"(41.88187970991601, -87.7454892473012)"
OGDEN AND KOSTNER,2222,2348 S KOSTNER AVENUE,09/15/2015,5,1147394.548182079,1887795.177782082,41.848068845,-87.734547457,"(41.8480688449598, -87.73454745748458)"
AUSTIN AND ADDISON,1491,3600 N AUSTIN AVENUE,09/15/2015,2,1135691.599896458,1923335.967306169,41.945813215,-87.776652162,"(41.9458132146695, -87.77665216156436)"
PULASKI AND DIVERSEY,1542,2800 N PULASKI ROAD,02/09/2017,2,1149200.724531183,1918332.222549679,41.931831026,-87.727126873,"(41.93183102561505, -87.72712687300454)"
79TH AND HALSTED,2543,800 W 79TH STREET,09/12/2015,6,1172320.105719411,1852517.9814434,41.750751157,-87.644107793,"(41.75075115747316, -87.64410779300933)"
DIVISION AND DAMEN,1734,2000 W DIVISION,02/09/2017,8,1162815.710860194,1908034.672555531,41.903298793,-87.677383247,"(41.903298792681944, -87.67738324739636)"
ASHLAND AND MADISON,1911,0 N ASHLAND AVE,09/15/2015,13,,,,,
ADDISON AND HARLEM,1591,3600 N HARLEM AVENUE,09/15/2015,2,1127394.594070737,1923110.532422811,41.945338412,-87.807154769,"(41.94533841246591, -87.80715476912044)"
HALSTED AND MADISON,1871,1 S HALSTED STREET,09/15/2015,4,1171092.392868784,1900234.542088741,41.881717056,-87.647210539,"(41.88171705561901, -87.64721053920604)"
CICERO AND CHICAGO,1783,4800 W CHICAGO AVENUE,09/15/2015,3,1144175.291152764,1904916.255225279,41.895112219,-87.745932427,"(41.89511221857764, -87.74593242701515)"
CALIFORNIA AND DEVON,1321,6400 N CALIFORNIA AVE,09/15/2015,2,1156461.150245401,1942370.37710537,41.997649133,-87.699792629,"(41.997649133049336, -87.69979262891378)"
119TH AND HALSTED,2402,11900 S HALSTED,09/15/2015,5,1173094.774616191,1825911.054609338,41.677720829,-87.642051845,"(41.67772082924762, -87.64205184498218)"
CERMAK AND PULASKI,2332,2200 S PULASKI,09/15/2015,2,1150012.876838243,1889071.75851865,41.851521442,-87.724904787,"(41.85152144233116, -87.7249047867499)"
KEDZIE AND 26TH,2381,2600 S KEDZIE AVENUE,09/15/2015,1,1155404.235510285,1886524.460033054,41.844424831,-87.705185452,"(41.84442483084393, -87.70518545233183)"
WESTERN AND 71ST,2612,7100 S WESTERN AVENUE,09/14/2015,4,1161563.704681724,1857484.211306323,41.764608912,-87.683387053,"(41.76460891223613, -87.68338705328121)"
KEDZIE AND 71ST,2352,7100 S KEDZIE AVENUE,09/15/2015,3,1156225.540366296,1857330.103443232,41.764295037,-87.702957162,"(41.764295036756856, -87.70295716211793)"
PULASKI AND ARCHER,2153,5000 S ARCHER AVE,02/09/2017,4,1150501.818909837,1871162.311703322,41.802365973,-87.723576766,"(41.80236597333895, -87.72357676611004)"
SACRAMENTO AND CHICAGO,1814,3000 W CHICAGO AVENUE,09/14/2015,3,1156075.266375505,1905216.604770718,41.895704525,-87.702218524,"(41.895704524946225, -87.70221852353758)"
55TH AND WESTERN,2212,5500 S WESTERN AVE,09/15/2015,5,1161269.521335262,1867963.111601251,41.793370554,-87.684175377,"(41.79337055433029, -87.6841753767592)"
CENTRAL AND BELMONT,1602,3200 N CENTRAL AVENUE,09/15/2015,2,1138430.432324593,1920731.654410336,41.938617463,-87.766648297,"(41.938617463272884, -87.76664829683827)"
PERSHING AND WESTERN,2114,2400 W PERSHING ROAD,09/15/2015,7,1160957.773623189,1878793.434193427,41.82309676,-87.685018951,"(41.82309676016606, -87.68501895061576)"
CICERO AND 47TH,2202,4700 S CICERO AVE,09/15/2015,1,1145112.150373471,1873006.659918126,41.807530373,-87.743296821,"(41.80753037289406, -87.7432968212423)"
MONTROSE AND WESTERN,1221,4400 N WESTERN AVENUE,09/15/2015,8,1159539.733234718,1929183.918095502,41.961401846,-87.688832623,"(41.961401846278505, -87.6888326227788)"
35TH AND WESTERN,2091,3500 S WESTERN,09/15/2015,2,1160894.949857101,1881376.851112895,41.830187255,-87.685177925,"(41.83018725526863, -87.68517792510231)"
CICERO AND NORTH,2033,4800 W NORTH AVENUE,09/13/2015,6,1144053.733747163,1910243.80567041,41.90973389,-87.746244973,"(41.909733890131285, -87.74624497295898)"
LASALLE AND KINZIE,1921,400 N LASALLE,02/09/2017,5,1175028.579766798,1903002.552291359,41.889225372,-87.632674115,"(41.88922537162015, -87.63267411498495)"
HOMAN/KIMBALL AND NORTH,1771,1600 N HOMAN AVENUE,09/15/2015,1,,,,,
WESTERN AND MARQUETTE,2672,6700 S WESTERN AVENUE,09/15/2015,8,1161488.747635042,1860134.788366884,41.771884028,-87.683588402,"(41.77188402771193, -87.68358840206334)"
ASHLAND AND FULLERTON,1651,2400 N ASHLAND AVENUE,09/06/2015,10,1165228.073342838,1916032.319169157,41.92519389,-87.668294363,"(41.92519388981048, -87.66829436339881)"
55TH AND KEDZIE,2163,3200 W 55TH STREET,09/15/2015,5,1155966.956993183,1868015.593764152,41.793622803,-87.703618141,"(41.79362280329978, -87.70361814062049)"
WESTERN AND 71ST,2612,7100 S WESTERN AVENUE,09/15/2015,5,1161563.704681724,1857484.211306323,41.764608912,-87.683387053,"(41.76460891223613, -87.68338705328121)"
PULASKI AND CHICAGO,1983,4000 W CHICAGO AVENUE,09/15/2015,5,1149561.855939692,1905086.596446259,41.895476752,-87.72614436,"(41.89547675163723, -87.72614435991626)"
CICERO AND FULLERTON,1474,4800 W FULLERTON AVE,09/15/2015,6,1143967.570794243,1915568.504954477,41.924347036,-87.74642764,"(41.924347036010694, -87.74642763965628)"
87TH AND VINCENNES,2412,8700 S VINCENNES,09/15/2015,7,1172026.328989535,1847142.496643776,41.736006565,-87.645341819,"(41.73600656458518, -87.64534181897955)"
WENTWORTH AND GARFIELD,2261,5500 S WENTWORTH AVEN,09/03/2015,22,,,,,
31ST ST AND MARTIN LUTHER KING DRIVE,2121,3100 S DR MARTIN L KING,09/15/2015,24,,,,,
STONY ISLAND/CORNELL AND 67TH,2731,6700 S CORNELL DRIVE,09/15/2015,12,1188316.454860734,1860851.137456735,41.77325149,-87.5852246,"(41.77325148959568, -87.58522459967712)"
55TH AND KEDZIE,2162,5500 S KEDZIE AVENUE,09/15/2015,1,1155945.854705238,1867941.621374192,41.793420237,-87.703697508,"(41.793420236755864, -87.70369750845424)"
LAKE SHORE DR AND BELMONT,1412,3200 N LAKESHORE DRIV,09/15/2015,8,1173053.220555078,1921821.380831705,41.940909163,-87.63936916,"(41.94090916326764, -87.63936915995522)"
FOSTER AND NAGLE,1031,5200 N NAGLE,09/15/2015,8,1132529.656558223,1934201.702060651,41.97568567,-87.788020406,"(41.97568566971868, -87.78802040620296)"
CENTRAL AND CHICAGO,1973,5600 W CHICAGO AVENUE,09/15/2015,2,1138858.856732452,1904825.827586656,41.894962293,-87.765460791,"(41.89496229349977, -87.76546079122906)"
STONEY ISLAND AND 76TH,2631,7600 S STONY ISLAND A,09/13/2015,18,1188092.796191935,1854889.354158304,41.756897173,-87.586234285,"(41.75689717260223, -87.58623428506996)"
WESTERN AND TOUHY,1251,7200 N WESTERN AVENUE,09/15/2015,1,1158975.66256211,1947754.286963361,42.012371335,-87.690393917,"(42.012371334791766, -87.69039391737863)"
MILWAUKEE AND DEVON,1272,6400 N MILWAUKEE AVEN,09/15/2015,3,1132463.750397878,1942107.911507627,41.997382173,-87.788077674,"(41.99738217345368, -87.78807767391953)"
DAMEN AND DIVERSEY,1464,2000 W DIVERSEY PARKWAY,09/15/2015,1,1162519.714934025,1918635.417634925,41.932394164,-87.678173031,"(41.93239416403691, -87.67817303087757)"
KEDZIE AND 26TH,2381,2600 S KEDZIE AVENUE,04/16/2017,2,1155404.235510285,1886524.460033054,41.844424831,-87.705185452,"(41.84442483084393, -87.70518545233183)"
79TH AND KEDZIE,2443,3200 W 79TH ST,09/15/2015,4,1156402.644780165,1852104.649370984,41.749952001,-87.702448478,"(41.74995200142266, -87.70244847808695)"
ASHLAND AND DIVISION,1791,1200 N ASHLAND AVENUE,09/15/2015,2,1165466.997046718,1908083.767015974,41.903377468,-87.667643142,"(41.903377467566784, -87.66764314227497)"
71ST AND ASHLAND,2391,7100 S ASHLAND,09/15/2015,4,1166868.379865725,1857616.168087255,41.764859382,-87.663940176,"(41.764859382425385, -87.66394017630476)"
BROADWAY/SHERIDAN AND DEVON,1123,1200 W DEVON AVE,09/15/2015,4,1167109.644248166,1942688.147952186,41.998298228,-87.660611661,"(41.99829822771884, -87.66061166063517)"
CENTRAL AND ADDISON,1683,5600 W ADDISON STREET,09/15/2015,1,1138349.663302502,1923416.02157061,41.945985104,-87.766879952,"(41.94598510430888, -87.76687995165918)"
WENTWORTH AND GARFIELD,2261,5500 S WENTWORTH AVEN,09/15/2015,14,,,,,
CORTLAND AND ASHLAND,1721,1900 N ASHLAND AVE,09/15/2015,17,1165348.084854857,1912736.454335569,41.916147281,-87.667947354,"(41.91614728095272, -87.66794735350443)"
119TH AND HALSTED,2404,800 W 119TH STREET,09/15/2015,1,1173111.174088158,1825985.001014405,41.677923389,-87.641989646,"(41.677923389134385, -87.64198964584013)"
DIVERSEY AND AUSTIN,1453,6000 W DIVERSEY AVENUE,02/09/2017,2,1135895.736169343,1918029.70673837,41.931248624,-87.776028612,"(41.931248623643455, -87.77602861172493)"
COLUMBUS AND ILLINOIS,1952,500 N COLUMBUS DRIVE,09/15/2015,10,1178372.808407292,1903693.06016042,41.891044569,-87.620371839,"(41.891044569124276, -87.620371839074)"
WENTWORTH AND GARFIELD,2264,200 W GARFIELD BLVD,09/15/2015,7,1175889.574397302,1868551.750512227,41.794670385,-87.630547476,"(41.79467038468937, -87.63054747605638)"
WESTERN AND 79TH,2481,7900 S WESTERN AVE,05/10/2017,4,1161711.516404028,1852181.685686118,41.750054934,-87.682992203,"(41.750054933649984, -87.68299220290213)"
CENTRAL AND DIVERSEY,1642,2800 N CENTRAL AVENUE,09/15/2015,1,1138516.407377375,1918089.499227987,41.931365552,-87.766396529,"(41.93136555236339, -87.76639652879172)"
FULLERTON AND NARRAGANSETT,1554,6400 W FULLERTON AVENU,09/15/2015,5,1133317.594499059,1915293.661305931,41.923786189,-87.785567206,"(41.92378618871128, -87.78556720562165)"
79TH AND HALSTED,2543,800 W 79TH STREET,09/15/2015,5,1172320.105719411,1852517.9814434,41.750751157,-87.644107793,"(41.75075115747316, -87.64410779300933)"
CENTRAL AND DIVERSEY,1644,5600 W DIVERSEY AVENUE,09/15/2015,4,1138539.758528398,1918097.096677271,41.931385977,-87.766310532,"(41.93138597683265, -87.76631053155157)"
MADISON AND WESTERN,1931,1 S WESTERN AVE,02/09/2017,2,1160453.827721979,1899933.703473746,41.881118279,-87.686283339,"(41.881118278833966, -87.686283338873)"
CICERO AND FULLERTON,1472,2400 N CICERO AVE,09/15/2015,3,1143961.592189569,1915545.343094087,41.92428359,-87.74645019,"(41.92428358982701, -87.74645019028947)"
WESTERN AND NORTH,1853,2400 W NORTH AVE,09/15/2015,4,1160100.839010995,1910612.783367238,41.910429862,-87.687284221,"(41.91042986235867, -87.68728422050837)"
MILWAUKEE AND DEVON,1274,6400 W DEVON AVENUE,09/15/2015,1,1132590.619798275,1942138.532048656,41.997463981,-87.787610243,"(41.99746398102873, -87.78761024341388)"
WESTERN AND 79TH,2481,7900 S WESTERN AVE,09/15/2015,9,1161711.516404028,1852181.685686118,41.750054934,-87.682992203,"(41.750054933649984, -87.68299220290213)"
ROOSEVELT AND KOSTNER,2323,4400 W ROOSEVELT,09/15/2015,11,1147200.963258796,1894379.538078088,41.866140868,-87.73508956,"(41.866140867641654, -87.73508956008207)"
CENTRAL AND FULLERTON,1442,2400 N CENTRAL AVENUE,09/15/2015,3,1138603.468418662,1915431.058212414,41.924068922,-87.766141214,"(41.92406892227644, -87.76614121413186)"
IRVING PARK AND KILPATRICK,2763,4700 W IRVING PARK ROA,09/06/2015,6,,,,,
LAKE SHORE DR AND BELMONT,1413,400 W BELMONT AVE,08/30/2015,58,1172981.744869382,1921577.376128802,41.940241193,-87.639639114,"(41.94024119325571, -87.63963911427594)"
AUSTIN AND IRVING PARK,1161,4000 N AUSTIN AVENUE,09/15/2015,5,1135599.956110927,1926006.862619986,41.953144059,-87.776925284,"(41.95314405904539, -87.77692528423394)"
PULASKI AND PETERSON,1262,6000 N PULASKI ROAD,09/15/2015,1,1148598.016685695,1939584.645960177,41.990160923,-87.728790748,"(41.99016092280557, -87.72879074759867)"
PULASKI AND PETERSON,1262,6000 N PULASKI ROAD,02/09/2017,2,1148598.016685695,1939584.645960177,41.990160923,-87.728790748,"(41.99016092280557, -87.72879074759867)"
119TH AND HALSTED,2404,800 W 119TH STREET,09/04/2015,3,1173111.174088158,1825985.001014405,41.677923389,-87.641989646,"(41.677923389134385, -87.64198964584013)"
HOLLYWOOD AND SHERIDAN,1343,1000 W HOLLYWOOD AVE,02/09/2017,7,1168580.228926466,1938090.295189338,41.985649799,-87.655335807,"(41.98564979859328, -87.65533580655139)"
CICERO AND PETERSON,1202,6000 N CICERO AVENUE,09/15/2015,4,1143247.733553094,1939479.342905704,41.989973915,-87.748473024,"(41.98997391514614, -87.74847302426933)"
DAMEN AND FULLERTON,1663,2000 W FULLERTON AVE,09/14/2015,18,1162596.935552891,1915990.579747891,41.925134944,-87.677963546,"(41.92513494374925, -87.67796354553815)"
ARCHER AND CICERO,2081,5200 S CICERO AVE,09/15/2015,30,1145195.931989777,1869737.708306623,41.798558278,-87.743071866,"(41.798558278193305, -87.74307186616427)"
CENTRAL AND LAKE,1742,400 N CENTRAL AVENUE,09/15/2015,4,1138928.478257537,1902217.926149854,41.887804621,-87.765268498,"(41.88780462053497, -87.76526849810371)"
MILWAUKEE AND MONTROSE,1364,5075 W MONTROSE AVENUE,09/15/2015,4,1141716.746618898,1928736.076639057,41.960522088,-87.754371424,"(41.96052208819935, -87.75437142402293)"
MONTROSE AND WESTERN,1221,4400 N WESTERN AVENUE,09/13/2015,6,1159539.733234718,1929183.918095502,41.961401846,-87.688832623,"(41.961401846278505, -87.6888326227788)"
IRVING PARK AND KEDZIE,1353,3200 W IRVING PARK ROAD,09/15/2015,3,1154325.140302006,1926458.463197156,41.954029047,-87.708077494,"(41.95402904691877, -87.70807749383191)"
KEDZIE AND 47TH,2104,3200 W 47TH ST,09/15/2015,2,1155815.231505056,1873336.169728074,41.808226246,-87.704031672,"(41.808226246244026, -87.70403167215984)"
VAN BUREN AND WESTERN,2054,2400 W VAN BUREN STREE,09/15/2015,8,,,,,
55TH and PULASKI,2244,4000 W 55TH ST,09/15/2015,2,1150621.676903861,1867864.274865394,41.793313334,-87.723223038,"(41.79331333358753, -87.72322303812588)"
CENTRAL AND LAKE,1743,5600 W LAKE STREET,09/15/2015,4,1138951.495695032,1902230.510465733,41.887838735,-87.765183663,"(41.887838735330206, -87.76518366338465)"
LASALLE AND KINZIE,1923,140 W KINZIE,09/15/2015,2,1175048.09765242,1903028.894760294,41.889297219,-87.632601648,"(41.88929721947309, -87.63260164817305)"
COTTAGE GROVE AND 71ST,2572,7100 S COTTAGE GROVE,09/15/2015,4,1182746.23698699,1858088.011064538,41.765800351,-87.605729127,"(41.76580035131893, -87.6057291269901)"
75TH AND STATE,2624,1 E 75TH STREET,09/15/2015,12,1177601.72646404,1855229.486604181,41.758074111,-87.624671658,"(41.75807411097799, -87.62467165835182)"
KEDZIE AND 31ST,2132,3100 S KEDZIE AVENUE,09/15/2015,2,1155483.167539854,1883867.660503274,41.837132671,-87.704967115,"(41.837132671422296, -87.70496711478727)"
WESTERN AND FOSTER,1074,2400 W FOSTER AVE,09/15/2015,6,1159379.402846887,1934502.712486132,41.97600019,-87.689275084,"(41.97600018976586, -87.68927508385399)"
VAN BUREN AND WESTERN,2052,400 S WESTERN AVENUE,09/15/2015,22,1160431.682297829,1898091.942371589,41.876064776,-87.686415631,"(41.87606477642526, -87.68641563098768)"
LAFAYETTE AND 87TH,2503,30 W 87TH STREET,09/09/2015,10,1177407.651800237,1847320.772058312,41.736376037,-87.625621311,"(41.736376036604916, -87.62562131092602)"
ASHLAND AND DIVISION,1791,1200 N ASHLAND AVENUE,02/09/2017,11,1165466.997046718,1908083.767015974,41.903377468,-87.667643142,"(41.903377467566784, -87.66764314227497)"
71ST AND ASHLAND,2394,1600 W 71ST,09/15/2015,1,1166890.012333149,1857674.2502247,41.765018306,-87.66385923,"(41.76501830555763, -87.66385923012646)"
STATE AND 79TH,2654,1 E 79TH STREET,09/15/2015,18,1177680.113652821,1852598.313477786,41.750852096,-87.624463832,"(41.75085209551078, -87.62446383210285)"
CICERO AND PETERSON,1202,6000 N CICERO AVENUE,09/11/2015,5,1143247.733553094,1939479.342905704,41.989973915,-87.748473024,"(41.98997391514614, -87.74847302426933)"
CLARK AND FULLERTON,1631,2400 N CLARK ST,09/15/2015,2,1172749.562209477,1916238.997132859,41.925597623,-87.640650973,"(41.925597623023144, -87.64065097309872)"
PULASKI AND ARMITAGE,1843,4000 W ARMITAGE AVENUE,09/15/2015,1,1149375.428872108,1913028.984273181,41.917275069,-87.726622746,"(41.91727506940875, -87.72662274644799)"
HALSTED AND FULLERTON,1704,800 W FULLERTON AVENUE,09/15/2015,2,1170525.624723311,1916208.443992778,41.925562791,-87.648823641,"(41.92556279107417, -87.64882364145232)"
CALIFORNIA AND DEVON,1323,2800 W DEVON AVENUE,09/15/2015,2,1156484.528078038,1942377.980662191,41.997669523,-87.699706423,"(41.99766952286052, -87.69970642324591)"
HAMLIN AND MADISON,1903,3800 W MADISON STREET,09/15/2015,7,1151032.709141294,1899784.033986533,41.880897273,-87.720881226,"(41.880897273491264, -87.72088122613924)"
IRVING PARK AND LARAMIE,1534,5200 W IRVING PARK ROA,09/09/2015,2,,,,,
HARLEM AND BELMONT,1391,3200 N HARLEM AVE,09/15/2015,11,1127481.020995451,1920467.613239239,41.938084468,-87.806896749,"(41.93808446822169, -87.80689674887883)"
CICERO AND ARMITAGE,2001,2000 N CICERO AVENUE,09/15/2015,4,1144031.525719004,1912881.8300295,41.916973325,-87.746260223,"(41.91697332451097, -87.74626022251057)"
ELSTON AND IRVING PARK,1503,3700 W IRVING PARK ROA,02/09/2017,4,,,,,
CALIFORNIA AND PETERSON,1311,6000 N CALIFORNIA AVE,09/15/2015,1,1156545.742699118,1939775.775541795,41.990527717,-87.699552084,"(41.990527717148176, -87.69955208405155)"
CALIFORNIA AND DIVERSEY,1513,2800 W DIVERSEY,09/15/2015,5,1157212.54253358,1918526.674434943,41.932205395,-87.697679244,"(41.93220539506452, -87.6976792438691)"
STONEY ISLAND AND 79TH,2464,1600 E 79TH ST,09/15/2015,5,1188284.704439907,1852964.829047574,41.751611523,-87.585592284,"(41.75161152327319, -87.58559228428787)"
LASALLE AND KINZIE,1921,400 N LASALLE,09/15/2015,5,1175028.579766798,1903002.552291359,41.889225372,-87.632674115,"(41.88922537162015, -87.63267411498495)"
SHERIDAN AND FOSTER,1132,5200 N SHERIDAN ROAD,09/15/2015,1,1168661.623718229,1934753.842272756,41.976492721,-87.655133605,"(41.97649272077833, -87.65513360456677)"
WESTERN AND FOSTER,1072,5200 N WESTERN AVE,09/15/2015,1,1159372.922497116,1934478.313674003,41.975933372,-87.689299589,"(41.97593337199358, -87.6892995891816)"
ASHLAND AND MADISON,1914,1600 W MADISON,09/15/2015,4,1165723.014733182,1900136.515489506,41.881564167,-87.666929463,"(41.8815641670199, -87.66692946294842)"
WESTERN AND DEVON,1211,6400 N WESTERN AVENUE,02/09/2017,1,1159113.585759434,1942451.622367891,41.997817807,-87.690033035,"(41.997817807026, -87.69003303469276)"
LAFAYETTE AND 87TH,2502,8700 S LAFAYETTE AVEN,09/14/2015,22,1177417.493180297,1847243.988223464,41.73616511,-87.625587569,"(41.73616511008592, -87.62558756899932)"
LAFAYETTE AND 87TH,2502,8700 S LAFAYETTE AVEN,09/15/2015,19,1177417.493180297,1847243.988223464,41.73616511,-87.625587569,"(41.73616511008592, -87.62558756899932)"
WESTERN AND FOSTER,1074,2400 W FOSTER AVE,02/09/2017,2,1159379.402846887,1934502.712486132,41.97600019,-87.689275084,"(41.97600018976586, -87.68927508385399)"
ASHLAND AND IRVING PARK,1153,1600 W IRVING PARK ROA,09/15/2015,3,,,,,
WESTERN AND NORTH,1851,1600 N WESTERN AVE,09/15/2015,10,1160077.474351131,1910605.013316134,41.910409024,-87.687370268,"(41.91040902362901, -87.687370268401)"
CICERO AND HARRISON,2023,4800 W HARRISON STREET,09/15/2015,7,1144451.867388303,1896949.561959463,41.873245464,-87.745117179,"(41.873245464379586, -87.7451171788807)"
DIVISION AND DAMEN,1734,2000 W DIVISION,09/15/2015,8,1162815.710860194,1908034.672555531,41.903298793,-87.677383247,"(41.903298792681944, -87.67738324739636)"
CLARK AND IRVING PARK,1093,1300 W IRVING PARK ROAD,09/15/2015,2,1166777.545456989,1926719.73687357,41.954487567,-87.662293496,"(41.95448756687966, -87.66229349585691)"
MILWAUKEE AND MONTROSE,1362,4400 N MILWAUKEE AVEN,09/15/2015,1,1141643.943268783,1928770.256316239,41.96061723,-87.75463824,"(41.9606172296957, -87.75463824007085)"
ASHLAND AND 87TH,2452,8700 S ASHLAND AVE,02/09/2017,2,1167150.470087748,1846991.212339794,41.735696989,-87.663209544,"(41.73569698863625, -87.66320954445679)"
STATE AND 79TH,2651,7900 S STATE STREET,09/15/2015,9,1177618.166929966,1852621.870232838,41.750918138,-87.624690123,"(41.7509181383154, -87.62469012251644)"
CICERO AND DIVERSEY,1694,4800 W DIVERSEY AVENUE,09/15/2015,3,1143869.848167704,1918226.043989398,41.93164142,-87.746719911,"(41.93164142040689, -87.7467199106462)"
HALSTED AND 103RD,2592,10300 S HALSTED STREE,09/11/2015,9,,,,,
WESTERN AND FULLERTON,1672,2400 N WESTERN AVENUE,09/15/2015,1,1159923.309342995,1915897.778561358,41.924935944,-87.687790255,"(41.92493594409127, -87.68779025471278)"
WENTWORTH AND GARFIELD,2264,200 W GARFIELD BLVD,09/10/2015,3,1175889.574397302,1868551.750512227,41.794670385,-87.630547476,"(41.79467038468937, -87.63054747605638)"
HOLLYWOOD AND SHERIDAN,1344,1000 W HOLLYWOOD AVE,09/06/2015,37,1168580.228926466,1938090.295189338,41.985649799,-87.655335807,"(41.98564979859328, -87.65533580655139)"
63RD AND STATE,2712,6300 S STATE ST,09/15/2015,5,1177303.801895084,1863220.216755923,41.780008277,-87.625522512,"(41.78000827740796, -87.6255225119157)"
ELSTON AND IRVING PARK,1502,4000 N ELSTON AVENUE,05/05/2017,2,1151273.974828198,1926311.849469842,41.953687266,-87.719297882,"(41.95368726563273, -87.71929788151473)"
DAMEN AND FULLERTON,1663,2000 W FULLERTON AVE,09/15/2015,15,1162596.935552891,1915990.579747891,41.925134944,-87.677963546,"(41.92513494374925, -87.67796354553815)"
111TH AND HALSTED,2422,11100 S HALSTED ST,09/15/2015,11,1172923.657689312,1831209.044179248,41.692263123,-87.642522688,"(41.692263123425136, -87.6425226876268)"
KOSTNER AND NORTH,2013,4400 W NORTH,09/15/2015,10,1146738.551618032,1910309.595368032,41.909863573,-87.736380296,"(41.90986357340246, -87.73638029605371)"
BELMONT AND KEDZIE,1373,3200 W BELMONT,09/15/2015,2,1154461.587940363,1921143.091003516,41.939440561,-87.707718516,"(41.93944056117365, -87.70771851630873)"
CENTRAL AND IRVING PARK,1183,5600 W IRVING PARK ROAD,09/14/2015,4,1138281.535484986,1926078.647777633,41.953292847,-87.767065708,"(41.953292847298, -87.76706570775266)"
HAMLIN AND LAKE,1882,300 N HAMLIN AVENUE,09/15/2015,1,1150970.026856642,1901381.688308858,41.885282636,-87.721069539,"(41.88528263580913, -87.72106953854511)"
CICERO AND 47TH,2204,4800 W 47TH ST,09/12/2015,11,1145130.048925744,1873078.44198302,41.807727017,-87.743229366,"(41.80772701677172, -87.74322936566276)"
HAMLIN AND LAKE,1881,300 N HAMLIN AVENUE,09/15/2015,6,1150970.026856642,1901381.688308858,41.885282636,-87.721069539,"(41.88528263580913, -87.72106953854511)"
ROOSEVELT AND HALSTED,2234,800 W ROOSEVELT ROAD,09/15/2015,4,1171199.282357741,1894968.056393724,41.867263098,-87.646972686,"(41.86726309836901, -87.64697268601648)"
63RD AND STATE,2714,1 E 63RD ST,09/13/2015,10,1177367.518733101,1863199.17768559,41.779949105,-87.625289553,"(41.779949104569106, -87.62528955333775)"
WESTERN AND ADDISON,1562,3600 N WESTERN AVENUE,09/15/2015,16,1159695.573342728,1923871.086283556,41.94681992,-87.688406662,"(41.94681991986288, -87.68840666206194)"
CICERO AND ADDISON,1612,3600 N CICERO AVENUE,09/15/2015,1,1143698.904601495,1923517.005821035,41.946163524,-87.747215169,"(41.94616352362556, -87.74721516897007)"
HOLLYWOOD AND SHERIDAN,1344,1000 W HOLLYWOOD AVE,09/15/2015,23,1168580.228926466,1938090.295189338,41.985649799,-87.655335807,"(41.98564979859328, -87.65533580655139)"
PULASKI AND FOSTER,1104,4000 W FOSTER AVE,09/15/2015,4,1148759.16134887,1934294.249006446,41.975640616,-87.728335469,"(41.975640616231914, -87.72833546926573)"
ROOSEVELT AND HALSTED,2233,800 W ROOSEVELT ROAD,09/15/2015,1,1171199.282357741,1894968.056393724,41.867263098,-87.646972686,"(41.86726309836901, -87.64697268601648)"
FOSTER AND BROADWAY,1113,1200 W FOSTER AVE,09/15/2015,1,1167357.095930752,1934721.393266777,41.97643192,-87.659931806,"(41.97643192018459, -87.65993180604016)"
BELMONT AND KEDZIE,1372,3200 N KEDZIE AVE,09/15/2015,5,1154426.977874407,1921110.466549542,41.93935173,-87.707846594,"(41.93935173030961, -87.70784659359776)"
KEDZIE AND 63RD,2364,3200 W 63RD ST,02/09/2017,1,1156103.348831225,1862717.565210739,41.779081505,-87.703260365,"(41.77908150488341, -87.70326036544745)"
PULASKI AND LAWRENCE,1172,4800 N PULASKI ROAD,02/09/2017,3,1148821.701520117,1931605.974570937,41.968262595,-87.728175316,"(41.968262595100775, -87.7281753157596)"
CORTLAND AND ASHLAND,1723,1600 W CORTLAND ST,09/15/2015,3,1165377.660768235,1912768.773647285,41.916235337,-87.667837772,"(41.91623533746878, -87.66783777212962)"
WESTERN AND CERMAK,1002,2200 S WESTERN AVENUE,09/15/2015,3,1160669.42562757,1889318.196820393,41.85198384,-87.685785704,"(41.85198383957328, -87.68578570420526)"
STONEY ISLAND AND 76TH,2631,7600 S STONY ISLAND A,09/15/2015,16,1188092.796191935,1854889.354158304,41.756897173,-87.586234285,"(41.75689717260223, -87.58623428506996)"
79TH AND HALSTED,2541,7900 S HALSTED STREET,09/14/2015,10,1172298.707400847,1852444.344822186,41.750549559,-87.644188368,"(41.750549559438944, -87.64418836784098)"
CALIFORNIA AND PETERSON,1313,2800 W PETERSON AVENUE,09/15/2015,2,1156569.515341857,1939784.830544118,41.990552082,-87.699464396,"(41.990552081681564, -87.69946439622785)"
SACRAMENTO AND LAKE,1821,150 N SACRAMENTO BOUL,09/15/2015,14,1156319.560664766,1900957.489351962,41.884012178,-87.701436479,"(41.88401217771363, -87.7014364786693)"
PULASKI AND DIVISION,1802,1200 N PULASKI ROAD,09/15/2015,4,1149459.590666926,1907723.219884254,41.902713902,-87.726451457,"(41.902713901936174, -87.72645145715836)"
KEDZIE AND 71ST,2354,3200 W 71ST STREET,09/15/2015,5,1156246.862901455,1857404.014959868,41.764497433,-87.702877023,"(41.76449743256955, -87.70287702335861)"
PETERSON AND WESTERN,1014,2400 W PETERSON,09/15/2015,8,1159214.211316277,1939825.301874586,41.99060901,-87.689735481,"(41.990609009807294, -87.68973548092968)"
63RD AND STATE,2714,1 E 63RD ST,09/04/2015,15,1177367.518733101,1863199.17768559,41.779949105,-87.625289553,"(41.779949104569106, -87.62528955333775)"
CALIFORNIA AND DIVERSEY,1514,2800 W DIVERSEY,09/15/2015,21,1157212.54253358,1918526.674434943,41.932205395,-87.697679244,"(41.93220539506452, -87.6976792438691)"
75TH AND STATE,2621,7500 S STATE STREET,09/15/2015,6,1177538.763040612,1855235.551345519,41.758092176,-87.624902228,"(41.75809217638291, -87.6249022282473)"
DIVERSEY AND WESTERN,1431,2800 N WESTERN AVENUE,09/07/2015,5,1159837.205417355,1918550.506189309,41.932216988,-87.688033281,"(41.93221698794738, -87.68803328089533)"
IRVING PARK AND LARAMIE,1534,5200 W IRVING PARK ROA,09/15/2015,5,,,,,
HARLEM AND BELMONT,1394,7200 W BELMONT AVE,09/15/2015,3,1127504.698153561,1920475.415440844,41.938105479,-87.806809552,"(41.93810547939496, -87.80680955240743)"
ROOSEVELT AND PULASKI,2314,4000 W ROOSEVELT ROAD,09/15/2015,6,1149885.032049683,1894449.464076882,41.866281003,-87.72523422,"(41.866281002664536, -87.72523421983905)"
BELMONT AND KEDZIE,1371,3200 N KEDZIE AVENUE,09/15/2015,1,1154426.977874407,1921110.466549542,41.93935173,-87.707846594,"(41.93935173030961, -87.70784659359776)"
LARAMIE AND FULLERTON,1424,5200 W FULLERTON AVENUE,09/15/2015,2,1141305.554932016,1915502.611239048,41.924215797,-87.756210755,"(41.92421579723144, -87.75621075458939)"
DIVERSEY AND AUSTIN,1453,6000 W DIVERSEY AVENUE,09/15/2015,2,1135895.736169343,1918029.70673837,41.931248624,-87.776028612,"(41.931248623643455, -87.77602861172493)"
ELSTON AND ADDISON,1403,3216 W ADDISON ST,09/15/2015,6,1154199.729816868,1923799.345386665,41.946734755,-87.708609774,"(41.946734754927796, -87.7086097735515)"
SHERIDAN AND FOSTER,1134,1000 W FOSTER AVE,09/15/2015,3,1168689.247756979,1934758.578141654,41.976505116,-87.655031882,"(41.97650511595711, -87.65503188224778)"
IRVING PARK AND KILPATRICK,2764,4700 W IRVING PARK ROA,09/15/2015,2,,,,,
LARAMIE AND MADISON,2044,5200 W MADISON STREET,09/15/2015,12,1141706.965522802,1899567.55684314,41.880480752,-87.755130433,"(41.88048075170171, -87.75513043296509)"
CENTRAL AND IRVING PARK,1183,5600 W IRVING PARK ROAD,09/15/2015,1,1138281.535484986,1926078.647777633,41.953292847,-87.767065708,"(41.953292847298, -87.76706570775266)"
ASHLAND AND 87TH,2454,1600 W 87TH ST,09/15/2015,8,1167171.941297436,1847064.855345151,41.735898617,-87.663128781,"(41.735898617066006, -87.66312878090133)"
JEFFERY AND 95TH,2523,2000 E 95TH ST,09/15/2015,2,1191188.381103057,1842410.411853539,41.722579473,-87.575292523,"(41.722579473126416, -87.57529252250366)"
ROOSEVELT AND KOSTNER,2321,1200 S KOSTNER,09/15/2015,7,1147196.304001978,1894305.883269746,41.865938839,-87.735108549,"(41.8659388389088, -87.73510854901264)"
HALSTED AND MADISON,1871,1 S HALSTED STREET,09/06/2015,9,1171092.392868784,1900234.542088741,41.881717056,-87.647210539,"(41.88171705561901, -87.64721053920604)"
PULASKI AND NORTH,1994,4000 W NORTH AVENUE,09/15/2015,5,1149456.2688422,1910376.774019002,41.909995582,-87.726394693,"(41.90999558160536, -87.72639469321471)"
CICERO AND PETERSON,1204,4800 W PETERSON AVENUE,09/15/2015,2,1143273.766829016,1939491.944645127,41.990008007,-87.748376951,"(41.99000800729908, -87.74837695118997)"
SACRAMENTO AND CHICAGO,1814,3000 W CHICAGO AVENUE,09/15/2015,2,1156075.266375505,1905216.604770718,41.895704525,-87.702218524,"(41.895704524946225, -87.70221852353758)"
WESTERN AND 63RD,2373,2400 W 63RD ST,09/15/2015,1,1161444.415758584,1862848.534703658,41.779331844,-87.683675761,"(41.77933184429814, -87.68367576084798)"
LARAMIE AND MADISON,2044,5200 W MADISON STREET,09/13/2015,12,1141706.965522802,1899567.55684314,41.880480752,-87.755130433,"(41.88048075170171, -87.75513043296509)"
4700 WESTERN,2141,4700 S WESTERN AVENUE,09/15/2015,2,1161120.438879703,1873431.066474726,41.808378408,-87.684570717,"(41.808378407946726, -87.68457071689552)"
HOLLYWOOD AND SHERIDAN,1343,1000 W HOLLYWOOD AVE,09/15/2015,7,1168580.228926466,1938090.295189338,41.985649799,-87.655335807,"(41.98564979859328, -87.65533580655139)"
CORTLAND AND ASHLAND,1723,1600 W CORTLAND ST,09/03/2015,4,1165377.660768235,1912768.773647285,41.916235337,-87.667837772,"(41.91623533746878, -87.66783777212962)"
ROOSEVELT AND HALSTED,2234,800 W ROOSEVELT ROAD,09/06/2015,30,1171199.282357741,1894968.056393724,41.867263098,-87.646972686,"(41.86726309836901, -87.64697268601648)"
OGDEN AND KOSTNER,2222,2348 S KOSTNER AVENUE,02/09/2017,3,1147394.548182079,1887795.177782082,41.848068845,-87.734547457,"(41.8480688449598, -87.73454745748458)"
79TH AND HALSTED,2543,800 W 79TH STREET,02/09/2017,3,1172320.105719411,1852517.9814434,41.750751157,-87.644107793,"(41.75075115747316, -87.64410779300933)"
DIVERSEY AND WESTERN,1431,2800 N WESTERN AVENUE,09/15/2015,6,1159837.205417355,1918550.506189309,41.932216988,-87.688033281,"(41.93221698794738, -87.68803328089533)"
ASHLAND AND FULLERTON,1652,2400 N ASHLAND AVENUE,02/09/2017,12,1165228.073342838,1916032.319169157,41.92519389,-87.668294363,"(41.92519388981048, -87.66829436339881)"
99TH AND HALSTED,2433,800 W 99TH ST,09/15/2015,17,1172710.642565684,1839246.330602143,41.714323337,-87.643066714,"(41.71432333701137, -87.64306671421937)"
PULASKI AND DIVERSEY,1542,2800 N PULASKI ROAD,09/15/2015,3,1149200.724531183,1918332.222549679,41.931831026,-87.727126873,"(41.93183102561505, -87.72712687300454)"
ASHLAND AND 95TH,2472,9500 S ASHLAND AVENUE,09/15/2015,5,1167295.830128711,1841695.121217916,41.721160612,-87.662828139,"(41.72116061205213, -87.66282813939165)"
WESTERN AND CERMAK,1003,2400 W CERMAK ROAD,09/15/2015,2,1160678.000607329,1889375.645335924,41.852141307,-87.685752642,"(41.85214130680468, -87.6857526415569)"
4700 WESTERN,2142,4700 S WESTERN AVENUE,09/15/2015,2,1161120.438879703,1873431.066474726,41.808378408,-87.684570717,"(41.808378407946726, -87.68457071689552)"
PULASKI AND ARMITAGE,1844,4000 W ARMITAGE AVENUE,09/14/2015,2,1149375.428872108,1913028.984273181,41.917275069,-87.726622746,"(41.91727506940875, -87.72662274644799)"
HOMAN/KIMBALL AND NORTH,1773,3400 W NORTH AVE,09/15/2015,11,1153386.578905125,1910465.87061722,41.910162847,-87.711953868,"(41.91016284680269, -87.71195386769125)"
STONEY ISLAND AND 79TH,2462,7900 S STONEY ISLAND,09/15/2015,2,1188181.571068297,1852908.934789311,41.751460603,-87.585971993,"(41.75146060316686, -87.5859719929647)"
SACRAMENTO AND LAKE,1822,150 N SACRAMENTO BOUL,09/15/2015,1,1156319.560664766,1900957.489351962,41.884012178,-87.701436479,"(41.88401217771363, -87.7014364786693)"
IRVING PARK AND CALIFORNIA,1234,2800 W IRVING PARK ROA,09/15/2015,11,,,,,
HALSTED AND 103RD,2592,10300 S HALSTED STREE,09/15/2015,5,,,,,
KEDZIE AND ARMITAGE,1832,2000 N KEDZIE AVENUE,09/15/2015,6,1154684.031809326,1913129.496340896,41.917446172,-87.707116072,"(41.91744617191702, -87.70711607187832)"
55TH AND WESTERN,2213,2400 W 55TH STREET,09/15/2015,2,1161277.012730599,1868185.749490228,41.793981347,-87.684141741,"(41.7939813465735, -87.68414174128355)"
WESTERN AND FULLERTON,1671,2400 N WESTERN AVENUE,09/15/2015,5,1159923.309342995,1915897.778561358,41.924935944,-87.687790255,"(41.92493594409127, -87.68779025471278)"
IRVING PARK AND NARRAGANSETT,1024,6400 W IRVING PK,09/15/2015,2,1132945.939118726,1925946.304925137,41.953024751,-87.786683238,"(41.95302475075328, -87.78668323766634)"
99TH AND HALSTED,2431,9900 S HALSTED ST,09/15/2015,17,1172689.754200318,1839171.652197216,41.714118868,-87.643145408,"(41.714118868089905, -87.64314540818165)"
DIVERSEY AND WESTERN,1434,2400 W DIVERSEY AVENUE,09/15/2015,1,1159859.648423836,1918576.255784305,41.932287183,-87.687950093,"(41.93228718299094, -87.6879500934122)"
PERSHING AND WESTERN,2114,2400 W PERSHING ROAD,09/16/2015,5,1160957.773623189,1878793.434193427,41.82309676,-87.685018951,"(41.82309676016606, -87.68501895061576)"
HALSTED AND MADISON,1872,1 N HALSTED STREET,09/16/2015,5,1171090.967986833,1900270.454015136,41.881815632,-87.647214717,"(41.88181563164203, -87.64721471704077)"
ROOSEVELT AND HALSTED,2234,800 W ROOSEVELT ROAD,09/16/2015,12,1171199.282357741,1894968.056393724,41.867263098,-87.646972686,"(41.86726309836901, -87.64697268601648)"
75TH AND STATE,2624,1 E 75TH STREET,02/09/2017,16,1177601.72646404,1855229.486604181,41.758074111,-87.624671658,"(41.75807411097799, -87.62467165835182)"
STONY ISLAND/CORNELL AND 67TH,2731,6700 S CORNELL DRIVE,09/16/2015,9,1188316.454860734,1860851.137456735,41.77325149,-87.5852246,"(41.77325148959568, -87.58522459967712)"
ASHLAND AND MADISON,1911,0 N ASHLAND AVE,09/16/2015,16,,,,,
DIVISION AND DAMEN,1734,2000 W DIVISION,09/16/2015,3,1162815.710860194,1908034.672555531,41.903298793,-87.677383247,"(41.903298792681944, -87.67738324739636)"
CICERO AND PETERSON,1202,6000 N CICERO AVENUE,09/16/2015,3,1143247.733553094,1939479.342905704,41.989973915,-87.748473024,"(41.98997391514614, -87.74847302426933)"
WESTERN AND DEVON,1211,6400 N WESTERN AVENUE,09/16/2015,1,1159113.585759434,1942451.622367891,41.997817807,-87.690033035,"(41.997817807026, -87.69003303469276)"
STONEY ISLAND AND 76TH,2631,7600 S STONY ISLAND A,05/05/2017,13,1188092.796191935,1854889.354158304,41.756897173,-87.586234285,"(41.75689717260223, -87.58623428506996)"
MADISON AND WESTERN,1931,1 S WESTERN AVE,09/16/2015,3,1160453.827721979,1899933.703473746,41.881118279,-87.686283339,"(41.881118278833966, -87.686283338873)"
KEDZIE AND ARMITAGE,1832,2000 N KEDZIE AVENUE,09/16/2015,6,1154684.031809326,1913129.496340896,41.917446172,-87.707116072,"(41.91744617191702, -87.70711607187832)"
COTTAGE GROVE AND 71ST,2572,7100 S COTTAGE GROVE,09/16/2015,6,1182746.23698699,1858088.011064538,41.765800351,-87.605729127,"(41.76580035131893, -87.6057291269901)"
71ST AND ASHLAND,2394,1600 W 71ST,09/16/2015,3,1166890.012333149,1857674.2502247,41.765018306,-87.66385923,"(41.76501830555763, -87.66385923012646)"
HALSTED AND 103RD,2592,10300 S HALSTED STREE,09/16/2015,6,,,,,
ASHLAND AND IRVING PARK,1153,1600 W IRVING PARK ROA,09/16/2015,1,,,,,
PULASKI AND LAWRENCE,1173,4000 W LAWRENCE AVENUE,09/16/2015,3,1148844.220085601,1931638.45430438,41.968351285,-87.728091672,"(41.96835128527914, -87.72809167198088)"
CICERO AND ADDISON,1611,3600 N CICERO AVENUE,09/16/2015,1,1143698.904601495,1923517.005821035,41.946163524,-87.747215169,"(41.94616352362556, -87.74721516897007)"
KEDZIE AND ARMITAGE,1834,3200 W ARMITAGE AVENUE,05/05/2017,1,1154700.851347995,1913153.252187904,41.917511023,-87.707053639,"(41.91751102291878, -87.7070536388797)"
WESTERN AND ADDISON,1563,2400 W ADDISON,09/16/2015,2,1159719.041544334,1923878.577275797,41.946839991,-87.688320193,"(41.9468399910054, -87.68832019252964)"
87TH AND VINCENNES,2412,8700 S VINCENNES,09/16/2015,9,1172026.328989535,1847142.496643776,41.736006565,-87.645341819,"(41.73600656458518, -87.64534181897955)"
STONEY ISLAND AND 76TH,2632,7600 S STONY ISLAND A,09/16/2015,4,1188092.796191935,1854889.354158304,41.756897173,-87.586234285,"(41.75689717260223, -87.58623428506996)"
WESTERN AND DEVON,1212,6400 N WESTERN AVENUE,09/16/2015,1,1159113.585759434,1942451.622367891,41.997817807,-87.690033035,"(41.997817807026, -87.69003303469276)"
IRVING PARK AND LARAMIE,1533,5200 W IRVING PARK ROA,03/09/2016,2,,,,,
LAKE SHORE DR AND BELMONT,1413,400 W BELMONT AVE,09/16/2015,38,1172981.744869382,1921577.376128802,41.940241193,-87.639639114,"(41.94024119325571, -87.63963911427594)"
MILWAUKEE AND MONTROSE,1364,5075 W MONTROSE AVENUE,09/16/2015,7,1141716.746618898,1928736.076639057,41.960522088,-87.754371424,"(41.96052208819935, -87.75437142402293)"
PULASKI AND ARCHER,2154,5000 S ARCHER AVE,09/16/2015,3,1150501.818909837,1871162.311703322,41.802365973,-87.723576766,"(41.80236597333895, -87.72357676611004)"
FOSTER AND NAGLE,1034,6400 W FOSTER,09/16/2015,1,1132552.893142153,1934229.875527466,41.975762574,-87.787934296,"(41.97576257447203, -87.7879342955108)"
PULASKI AND ARMITAGE,1844,4000 W ARMITAGE AVENUE,09/16/2015,3,1149375.428872108,1913028.984273181,41.917275069,-87.726622746,"(41.91727506940875, -87.72662274644799)"
55TH and PULASKI,2242,5500 S PULASKI,09/16/2015,2,1150600.072649439,1867806.44512718,41.793155061,-87.723303765,"(41.793155060731024, -87.72330376464247)"
CICERO AND CHICAGO,1783,4800 W CHICAGO AVENUE,09/16/2015,2,1144175.291152764,1904916.255225279,41.895112219,-87.745932427,"(41.89511221857764, -87.74593242701515)"
HALSTED AND DIVISION,1714,800 W DIVISION,09/16/2015,4,1170767.827960358,1908259.644151662,41.903745557,-87.648167011,"(41.90374555734733, -87.64816701062779)"
75TH AND STATE,2621,7500 S STATE STREET,09/16/2015,5,1177538.763040612,1855235.551345519,41.758092176,-87.624902228,"(41.75809217638291, -87.6249022282473)"
LAWRENCE AND WESTERN,1193,2400 W LAWRENCE AVENUE,09/16/2015,2,1159482.648570304,1931851.989492596,41.968724349,-87.688968727,"(41.96872434882172, -87.68896872699601)"
WESTERN AND CERMAK,1002,2200 S WESTERN AVENUE,09/16/2015,7,1160669.42562757,1889318.196820393,41.85198384,-87.685785704,"(41.85198383957328, -87.68578570420526)"
ASHLAND AND IRVING PARK,1151,4000 N ASHLAND AVENUE,09/16/2015,3,1164899.463802581,1926665.661118925,41.954379326,-87.66919912,"(41.954379326212695, -87.66919911980419)"
WESTERN AND FULLERTON,1671,2400 N WESTERN AVENUE,09/16/2015,6,1159923.309342995,1915897.778561358,41.924935944,-87.687790255,"(41.92493594409127, -87.68779025471278)"
CICERO AND HARRISON,2022,600 S CICERO AVENUE,09/16/2015,3,1144444.97442848,1896894.622216872,41.873094833,-87.745143869,"(41.873094832519136, -87.74514386884542)"
55TH AND KEDZIE,2162,5500 S KEDZIE AVENUE,02/09/2017,4,1155945.854705238,1867941.621374192,41.793420237,-87.703697508,"(41.793420236755864, -87.70369750845424)"
KEDZIE AND ARMITAGE,1832,2000 N KEDZIE AVENUE,05/05/2017,2,1154684.031809326,1913129.496340896,41.917446172,-87.707116072,"(41.91744617191702, -87.70711607187832)"
WESTERN AND NORTH,1853,2400 W NORTH AVE,09/16/2015,3,1160100.839010995,1910612.783367238,41.910429862,-87.687284221,"(41.91042986235867, -87.68728422050837)"
DAMEN AND 63RD,2702,6300 S DAMEN AVENUE,09/16/2015,4,1164069.407943298,1862830.277442834,41.779226921,-87.674052731,"(41.77922692069256, -87.67405273137854)"
LARAMIE AND MADISON,2044,5200 W MADISON STREET,09/16/2015,17,1141706.965522802,1899567.55684314,41.880480752,-87.755130433,"(41.88048075170171, -87.75513043296509)"
SACRAMENTO AND LAKE,1822,150 N SACRAMENTO BOUL,09/16/2015,3,1156319.560664766,1900957.489351962,41.884012178,-87.701436479,"(41.88401217771363, -87.7014364786693)"
KEDZIE AND ARMITAGE,1834,3200 W ARMITAGE AVENUE,09/16/2015,1,1154700.851347995,1913153.252187904,41.917511023,-87.707053639,"(41.91751102291878, -87.7070536388797)"
LAFAYETTE AND 87TH,2502,8700 S LAFAYETTE AVEN,09/16/2015,21,1177417.493180297,1847243.988223464,41.73616511,-87.625587569,"(41.73616511008592, -87.62558756899932)"
35TH AND WESTERN,2091,3500 S WESTERN,09/16/2015,2,1160894.949857101,1881376.851112895,41.830187255,-87.685177925,"(41.83018725526863, -87.68517792510231)"
PULASKI AND IRVING PARK,1574,4000 W IRVING PARK RD,09/16/2015,11,1148988.727877253,1926320.954938409,41.953756874,-87.727698513,"(41.95375687447515, -87.72769851312907)"
COLUMBUS AND ILLINOIS,1951,500 N COLUMBUS DRIVE,09/16/2015,19,1178372.808407292,1903693.06016042,41.891044569,-87.620371839,"(41.891044569124276, -87.620371839074)"
WESTERN AND MARQUETTE,2672,6700 S WESTERN AVENUE,02/09/2017,6,1161488.747635042,1860134.788366884,41.771884028,-87.683588402,"(41.77188402771193, -87.68358840206334)"
DAMEN AND FULLERTON,1663,2000 W FULLERTON AVE,09/16/2015,12,1162596.935552891,1915990.579747891,41.925134944,-87.677963546,"(41.92513494374925, -87.67796354553815)"
FOSTER AND BROADWAY,1113,1200 W FOSTER AVE,09/16/2015,5,1167357.095930752,1934721.393266777,41.97643192,-87.659931806,"(41.97643192018459, -87.65993180604016)"
KEDZIE AND 26TH,2381,2600 S KEDZIE AVENUE,09/16/2015,2,1155404.235510285,1886524.460033054,41.844424831,-87.705185452,"(41.84442483084393, -87.70518545233183)"
COLUMBUS AND ILLINOIS,1952,500 N COLUMBUS DRIVE,09/16/2015,16,1178372.808407292,1903693.06016042,41.891044569,-87.620371839,"(41.891044569124276, -87.620371839074)"
IRVING PARK AND KEDZIE,1353,3200 W IRVING PARK ROAD,09/16/2015,1,1154325.140302006,1926458.463197156,41.954029047,-87.708077494,"(41.95402904691877, -87.70807749383191)"
FOSTER AND NAGLE,1034,6400 W FOSTER,02/09/2017,1,1132552.893142153,1934229.875527466,41.975762574,-87.787934296,"(41.97576257447203, -87.7879342955108)"
CORTLAND AND ASHLAND,1723,1600 W CORTLAND ST,09/16/2015,3,1165377.660768235,1912768.773647285,41.916235337,-87.667837772,"(41.91623533746878, -87.66783777212962)"
ASHLAND AND LAWRENCE,1143,1600 W LAWRENCE AVENUE,09/16/2015,5,1164771.946929007,1931988.254061312,41.968987457,-87.669516307,"(41.96898745654617, -87.66951630654926)"
KEDZIE AND 31ST,2134,3200 W 31ST STREET,09/16/2015,3,1155487.128005646,1883943.061106793,41.8373395,-87.704950558,"(41.83733950029648, -87.70495055800411)"
BELMONT AND KEDZIE,1372,3200 N KEDZIE AVE,09/16/2015,20,1154426.977874407,1921110.466549542,41.93935173,-87.707846594,"(41.93935173030961, -87.70784659359776)"
DAMEN AND DIVERSEY,1462,2800 N DAMEN AVENUE,09/16/2015,2,1162490.04851994,1918611.623717091,41.932329494,-87.678282719,"(41.9323294940985, -87.67828271931386)"
ASHLAND AND 87TH,2452,8700 S ASHLAND AVE,09/16/2015,8,1167150.470087748,1846991.212339794,41.735696989,-87.663209544,"(41.73569698863625, -87.66320954445679)"
MILWAUKEE AND DEVON,1274,6400 W DEVON AVENUE,09/16/2015,4,1132590.619798275,1942138.532048656,41.997463981,-87.787610243,"(41.99746398102873, -87.78761024341388)"
PULASKI AND PETERSON,1263,4000 W PETERSON AVENUE,09/16/2015,10,1148618.560490339,1939615.133928395,41.990244186,-87.728714391,"(41.99024418564742, -87.7287143910091)"
KEDZIE AND 63RD,2364,3200 W 63RD ST,09/15/2015,1,1156103.348831225,1862717.565210739,41.779081505,-87.703260365,"(41.77908150488341, -87.70326036544745)"
STONEY ISLAND AND 79TH,2462,7900 S STONEY ISLAND,02/09/2017,1,1188181.571068297,1852908.934789311,41.751460603,-87.585971993,"(41.75146060316686, -87.5859719929647)"
IRVING PARK AND NARRAGANSETT,1024,6400 W IRVING PK,09/16/2015,1,1132945.939118726,1925946.304925137,41.953024751,-87.786683238,"(41.95302475075328, -87.78668323766634)"
CLARK AND IRVING PARK,1093,1300 W IRVING PARK ROAD,09/16/2015,3,1166777.545456989,1926719.73687357,41.954487567,-87.662293496,"(41.95448756687966, -87.66229349585691)"
CICERO AND ADDISON,1612,3600 N CICERO AVENUE,09/16/2015,7,1143698.904601495,1923517.005821035,41.946163524,-87.747215169,"(41.94616352362556, -87.74721516897007)"
AUSTIN AND ADDISON,1491,3600 N AUSTIN AVENUE,09/16/2015,2,1135691.599896458,1923335.967306169,41.945813215,-87.776652162,"(41.9458132146695, -87.77665216156436)"
55TH AND WESTERN,2212,5500 S WESTERN AVE,09/16/2015,11,1161269.521335262,1867963.111601251,41.793370554,-87.684175377,"(41.79337055433029, -87.6841753767592)"
79TH AND HALSTED,2541,7900 S HALSTED STREET,09/16/2015,5,1172298.707400847,1852444.344822186,41.750549559,-87.644188368,"(41.750549559438944, -87.64418836784098)"
31ST ST AND MARTIN LUTHER KING DRIVE,2123,400 E 31ST STREET,09/16/2015,4,1179437.985396417,1884565.84226022,41.838534018,-87.617046113,"(41.838534018118914, -87.61704611345726)"
CHICAGO AND CLARK,1964,100 W CHICAGO AVENUE,09/16/2015,5,1175374.528739575,1905745.47783364,41.896744347,-87.631321248,"(41.896744346875806, -87.63132124815151)"
119TH AND HALSTED,2404,800 W 119TH STREET,09/16/2015,1,1173111.174088158,1825985.001014405,41.677923389,-87.641989646,"(41.677923389134385, -87.64198964584013)"
HALSTED AND FULLERTON,1704,800 W FULLERTON AVENUE,02/09/2017,4,1170525.624723311,1916208.443992778,41.925562791,-87.648823641,"(41.92556279107417, -87.64882364145232)"
SHERIDAN AND FOSTER,1132,5200 N SHERIDAN ROAD,09/16/2015,1,1168661.623718229,1934753.842272756,41.976492721,-87.655133605,"(41.97649272077833, -87.65513360456677)"
TOUHY AND OSCEOLA,1244,7432 W TOUHY AVENUE,02/09/2017,1,1125717.010560011,1947269.685461107,42.011661765,-87.812781431,"(42.01166176507329, -87.81278143114147)"
HALSTED AND 95TH,2581,9500 S HALSTED STREET,09/16/2015,2,1172610.538363645,1841811.61926207,41.721365061,-87.643358042,"(41.72136506078306, -87.64335804234075)"
FOSTER AND NAGLE,1031,5200 N NAGLE,09/16/2015,6,1132529.656558223,1934201.702060651,41.97568567,-87.788020406,"(41.97568566971868, -87.78802040620296)"
PULASKI AND 63RD,2342,6300 S PULASKI RD,09/16/2015,7,1150746.00309079,1862516.747695325,41.778636469,-87.722906356,"(41.77863646878099, -87.72290635568541)"
LAFAYETTE AND 87TH,2503,30 W 87TH STREET,09/16/2015,12,1177407.651800237,1847320.772058312,41.736376037,-87.625621311,"(41.736376036604916, -87.62562131092602)"
CLARK AND FULLERTON,1631,2400 N CLARK ST,09/16/2015,3,1172749.562209477,1916238.997132859,41.925597623,-87.640650973,"(41.925597623023144, -87.64065097309872)"
WESTERN AND CERMAK,1003,2400 W CERMAK ROAD,09/16/2015,1,1160678.000607329,1889375.645335924,41.852141307,-87.685752642,"(41.85214130680468, -87.6857526415569)"
CANAL AND ROOSEVELT,2291,1200 S CANAL STREET,09/16/2015,2,1173268.771030949,1894952.634878732,41.867175125,-87.639375813,"(41.86717512472001, -87.63937581258092)"
KEDZIE AND 47TH,2104,3200 W 47TH ST,09/16/2015,1,1155815.231505056,1873336.169728074,41.808226246,-87.704031672,"(41.808226246244026, -87.70403167215984)"
JEFFERY AND 95TH,2522,9500 S JEFFERY AVE,09/16/2015,3,1191132.420601301,1842335.735988875,41.722375907,-87.575499903,"(41.72237590704101, -87.57549990332795)"
WESTERN AND FULLERTON,1672,2400 N WESTERN AVENUE,09/16/2015,1,1159923.309342995,1915897.778561358,41.924935944,-87.687790255,"(41.92493594409127, -87.68779025471278)"
31ST ST AND MARTIN LUTHER KING DRIVE,2121,3100 S DR MARTIN L KING,02/09/2017,11,,,,,
HOLLYWOOD AND SHERIDAN,1344,1000 W HOLLYWOOD AVE,09/16/2015,30,1168580.228926466,1938090.295189338,41.985649799,-87.655335807,"(41.98564979859328, -87.65533580655139)"
STONEY ISLAND AND 79TH,2464,1600 E 79TH ST,09/16/2015,1,1188284.704439907,1852964.829047574,41.751611523,-87.585592284,"(41.75161152327319, -87.58559228428787)"
ELSTON AND IRVING PARK,1503,3700 W IRVING PARK ROA,09/16/2015,6,,,,,
OGDEN AND KOSTNER,2223,4400 W OGDEN AVENUE,09/16/2015,18,1147406.592439224,1887689.099869462,41.847777523,-87.734505969,"(41.84777752280453, -87.73450596874825)"
CALIFORNIA AND DEVON,1323,2800 W DEVON AVENUE,02/09/2017,1,1156484.528078038,1942377.980662191,41.997669523,-87.699706423,"(41.99766952286052, -87.69970642324591)"
LAKE SHORE DR AND BELMONT,1412,3200 N LAKESHORE DRIV,09/16/2015,6,1173053.220555078,1921821.380831705,41.940909163,-87.63936916,"(41.94090916326764, -87.63936915995522)"
75TH AND STATE,2624,1 E 75TH STREET,09/16/2015,5,1177601.72646404,1855229.486604181,41.758074111,-87.624671658,"(41.75807411097799, -87.62467165835182)"
CICERO AND WASHINGTON,1892,100 N CICERO AVENUE,09/16/2015,7,1144328.984091479,1900095.170838459,41.88187971,-87.745489247,"(41.88187970991601, -87.7454892473012)"
CICERO AND FULLERTON,1472,2400 N CICERO AVE,09/16/2015,8,1143961.592189569,1915545.343094087,41.92428359,-87.74645019,"(41.92428358982701, -87.74645019028947)"
PULASKI AND DIVERSEY,1543,4000 W DIVERSEY AVENUE,02/09/2017,1,1149206.496130705,1918356.569267582,41.931897723,-87.72710503,"(41.9318977231462, -87.72710503045386)"
HALSTED AND NORTH,1764,800 W NORTH AVENUE,09/16/2015,3,1170700.68422007,1910913.190749698,41.91102851,-87.648335806,"(41.91102850981186, -87.64833580602037)"
HALSTED AND FULLERTON,1704,800 W FULLERTON AVENUE,09/16/2015,6,1170525.624723311,1916208.443992778,41.925562791,-87.648823641,"(41.92556279107417, -87.64882364145232)"
PULASKI AND FOSTER,1104,4000 W FOSTER AVE,09/16/2015,9,1148759.16134887,1934294.249006446,41.975640616,-87.728335469,"(41.975640616231914, -87.72833546926573)"
ELSTON AND IRVING PARK,1503,3700 W IRVING PARK ROA,03/14/2016,5,,,,,
ROOSEVELT AND KOSTNER,2323,4400 W ROOSEVELT,09/16/2015,4,1147200.963258796,1894379.538078088,41.866140868,-87.73508956,"(41.866140867641654, -87.73508956008207)"
PULASKI AND DIVISION,1802,1200 N PULASKI ROAD,09/16/2015,4,1149459.590666926,1907723.219884254,41.902713902,-87.726451457,"(41.902713901936174, -87.72645145715836)"
AUSTIN AND IRVING PARK,1161,4000 N AUSTIN AVENUE,09/16/2015,4,1135599.956110927,1926006.862619986,41.953144059,-87.776925284,"(41.95314405904539, -87.77692528423394)"
ROOSEVELT AND HALSTED,2233,800 W ROOSEVELT ROAD,09/16/2015,2,1171199.282357741,1894968.056393724,41.867263098,-87.646972686,"(41.86726309836901, -87.64697268601648)"
99TH AND HALSTED,2433,800 W 99TH ST,09/16/2015,14,1172710.642565684,1839246.330602143,41.714323337,-87.643066714,"(41.71432333701137, -87.64306671421937)"
PULASKI AND ARCHER,2153,5000 S ARCHER AVE,09/16/2015,4,1150501.818909837,1871162.311703322,41.802365973,-87.723576766,"(41.80236597333895, -87.72357676611004)"
CICERO AND NORTH,2033,4800 W NORTH AVENUE,09/16/2015,5,1144053.733747163,1910243.80567041,41.90973389,-87.746244973,"(41.909733890131285, -87.74624497295898)"
FULLERTON AND NARRAGANSETT,1554,6400 W FULLERTON AVENU,09/16/2015,4,1133317.594499059,1915293.661305931,41.923786189,-87.785567206,"(41.92378618871128, -87.78556720562165)"
OGDEN AND KOSTNER,2222,2348 S KOSTNER AVENUE,09/16/2015,6,1147394.548182079,1887795.177782082,41.848068845,-87.734547457,"(41.8480688449598, -87.73454745748458)"
ELSTON AND ADDISON,1403,3216 W ADDISON ST,09/16/2015,7,1154199.729816868,1923799.345386665,41.946734755,-87.708609774,"(41.946734754927796, -87.7086097735515)"
CALIFORNIA AND PETERSON,1313,2800 W PETERSON AVENUE,09/16/2015,4,1156569.515341857,1939784.830544118,41.990552082,-87.699464396,"(41.990552081681564, -87.69946439622785)"
ROOSEVELT AND PULASKI,2311,1200 S PULASKI ROAD,09/16/2015,4,1149866.002247864,1894375.839200384,41.866079337,-87.725305995,"(41.86607933722178, -87.7253059948758)"
STATE AND 79TH,2654,1 E 79TH STREET,09/16/2015,19,1177680.113652821,1852598.313477786,41.750852096,-87.624463832,"(41.75085209551078, -87.62446383210285)"
VAN BUREN AND WESTERN,2052,400 S WESTERN AVENUE,09/16/2015,25,1160431.682297829,1898091.942371589,41.876064776,-87.686415631,"(41.87606477642526, -87.68641563098768)"
CICERO AND FULLERTON,1474,4800 W FULLERTON AVE,09/16/2015,4,1143967.570794243,1915568.504954477,41.924347036,-87.74642764,"(41.924347036010694, -87.74642763965628)"
WESTERN AND FOSTER,1072,5200 N WESTERN AVE,05/05/2017,1,1159372.922497116,1934478.313674003,41.975933372,-87.689299589,"(41.97593337199358, -87.6892995891816)"
55TH AND KEDZIE,2162,5500 S KEDZIE AVENUE,09/16/2015,1,1155945.854705238,1867941.621374192,41.793420237,-87.703697508,"(41.793420236755864, -87.70369750845424)"
CICERO AND 47TH,2204,4800 W 47TH ST,09/16/2015,10,1145130.048925744,1873078.44198302,41.807727017,-87.743229366,"(41.80772701677172, -87.74322936566276)"
HALSTED AND MADISON,1871,1 S HALSTED STREET,09/16/2015,4,1171092.392868784,1900234.542088741,41.881717056,-87.647210539,"(41.88171705561901, -87.64721053920604)"
KEDZIE AND 71ST,2354,3200 W 71ST STREET,09/16/2015,3,1156246.862901455,1857404.014959868,41.764497433,-87.702877023,"(41.76449743256955, -87.70287702335861)"
CENTRAL AND CHICAGO,1972,800 N CENTRAL AVENUE,09/16/2015,3,1138836.562608552,1904801.732832435,41.894896579,-87.765543258,"(41.89489657939746, -87.76554325845893)"
ASHLAND AND DIVISION,1791,1200 N ASHLAND AVENUE,09/16/2015,4,1165466.997046718,1908083.767015974,41.903377468,-87.667643142,"(41.903377467566784, -87.66764314227497)"
ROOSEVELT AND PULASKI,2314,4000 W ROOSEVELT ROAD,09/16/2015,7,1149885.032049683,1894449.464076882,41.866281003,-87.72523422,"(41.866281002664536, -87.72523421983905)"
IRVING PARK AND CALIFORNIA,1234,2800 W IRVING PARK ROA,09/16/2015,6,,,,,
CORTLAND AND ASHLAND,1721,1900 N ASHLAND AVE,09/16/2015,15,1165348.084854857,1912736.454335569,41.916147281,-87.667947354,"(41.91614728095272, -87.66794735350443)"
ASHLAND AND FULLERTON,1651,2400 N ASHLAND AVENUE,02/09/2017,4,1165228.073342838,1916032.319169157,41.92519389,-87.668294363,"(41.92519388981048, -87.66829436339881)"
ELSTON AND IRVING PARK,1503,3700 W IRVING PARK ROA,03/16/2016,7,,,,,
CICERO AND PETERSON,1204,4800 W PETERSON AVENUE,09/16/2015,1,1143273.766829016,1939491.944645127,41.990008007,-87.748376951,"(41.99000800729908, -87.74837695118997)"
CICERO AND ARMITAGE,2001,2000 N CICERO AVENUE,09/16/2015,4,1144031.525719004,1912881.8300295,41.916973325,-87.746260223,"(41.91697332451097, -87.74626022251057)"
MILWAUKEE AND MONTROSE,1362,4400 N MILWAUKEE AVEN,09/16/2015,2,1141643.943268783,1928770.256316239,41.96061723,-87.75463824,"(41.9606172296957, -87.75463824007085)"
ASHLAND AND LAWRENCE,1142,4800 N ASHLAND AVENUE,09/16/2015,5,1164751.686785145,1932001.206626392,41.96902343,-87.669590434,"(41.969023429614026, -87.66959043354217)"
PULASKI AND IRVING PARK,1572,4000 N PULASKI ROAD,09/16/2015,2,1148970.255325552,1926313.600468643,41.953737051,-87.727766612,"(41.95373705144353, -87.72776661179896)"
BROADWAY/SHERIDAN AND DEVON,1122,6400 N SHERIDAN ROAD,09/16/2015,6,1167087.151194129,1942658.704988689,41.998217921,-87.660695256,"(41.99821792053241, -87.6606952555721)"
CENTRAL AND IRVING PARK,1183,5600 W IRVING PARK ROAD,09/16/2015,1,1138281.535484986,1926078.647777633,41.953292847,-87.767065708,"(41.953292847298, -87.76706570775266)"
KEDZIE AND 26TH,2382,2600 S KEDZIE AVENUE,09/16/2015,2,1155404.235510285,1886524.460033054,41.844424831,-87.705185452,"(41.84442483084393, -87.70518545233183)"
VAN BUREN AND WESTERN,2054,2400 W VAN BUREN STREE,09/16/2015,11,,,,,
ASHLAND AND 95TH,2473,1600 W 95TH STREET,09/16/2015,6,1167323.753394196,1841755.029221382,41.721324412,-87.662724153,"(41.721324411975246, -87.66272415265087)"
HOLLYWOOD AND SHERIDAN,1343,1000 W HOLLYWOOD AVE,09/16/2015,6,1168580.228926466,1938090.295189338,41.985649799,-87.655335807,"(41.98564979859328, -87.65533580655139)"
63RD AND STATE,2714,1 E 63RD ST,09/16/2015,11,1177367.518733101,1863199.17768559,41.779949105,-87.625289553,"(41.779949104569106, -87.62528955333775)"
WESTERN AND 71ST,2612,7100 S WESTERN AVENUE,09/16/2015,2,1161563.704681724,1857484.211306323,41.764608912,-87.683387053,"(41.76460891223613, -87.68338705328121)"
ROOSEVELT AND PULASKI,2311,1200 S PULASKI ROAD,02/09/2017,2,1149866.002247864,1894375.839200384,41.866079337,-87.725305995,"(41.86607933722178, -87.7253059948758)"
BROADWAY/SHERIDAN AND DEVON,1123,1200 W DEVON AVE,09/16/2015,5,1167109.644248166,1942688.147952186,41.998298228,-87.660611661,"(41.99829822771884, -87.66061166063517)"
63RD AND STATE,2712,6300 S STATE ST,09/16/2015,6,1177303.801895084,1863220.216755923,41.780008277,-87.625522512,"(41.78000827740796, -87.6255225119157)"
KOSTNER AND NORTH,2012,4400 W GRAND AVE,09/16/2015,4,1146773.519128439,1910425.663958581,41.91018141,-87.73624887,"(41.910181409597406, -87.73624887040725)"
LAKE SHORE DR AND BELMONT,1413,400 W BELMONT AVE,09/15/2015,44,1172981.744869382,1921577.376128802,41.940241193,-87.639639114,"(41.94024119325571, -87.63963911427594)"
63RD AND STATE,2712,6300 S STATE ST,02/09/2017,4,1177303.801895084,1863220.216755923,41.780008277,-87.625522512,"(41.78000827740796, -87.6255225119157)"
PULASKI AND DIVERSEY,1543,4000 W DIVERSEY AVENUE,09/16/2015,1,1149206.496130705,1918356.569267582,41.931897723,-87.72710503,"(41.9318977231462, -87.72710503045386)"
STONEY ISLAND AND 79TH,2462,7900 S STONEY ISLAND,09/16/2015,4,1188181.571068297,1852908.934789311,41.751460603,-87.585971993,"(41.75146060316686, -87.5859719929647)"
BROADWAY/SHERIDAN AND DEVON,1122,6400 N SHERIDAN ROAD,02/09/2017,16,1167087.151194129,1942658.704988689,41.998217921,-87.660695256,"(41.99821792053241, -87.6606952555721)"
STONY ISLAND/CORNELL AND 67TH,2721,6700 S STONY ISLAND A,09/16/2015,14,1187984.143047539,1860863.338367666,41.773292896,-87.586442368,"(41.77329289585066, -87.58644236831432)"
WENTWORTH AND GARFIELD,2264,200 W GARFIELD BLVD,09/16/2015,2,1175889.574397302,1868551.750512227,41.794670385,-87.630547476,"(41.79467038468937, -87.63054747605638)"
IRVING PARK AND KEDZIE,1354,3200 W IRVING PARK ROAD,09/16/2015,5,1154325.140302006,1926458.463197156,41.954029047,-87.708077494,"(41.95402904691877, -87.70807749383191)"
SHERIDAN AND FOSTER,1134,1000 W FOSTER AVE,09/16/2015,1,1168689.247756979,1934758.578141654,41.976505116,-87.655031882,"(41.97650511595711, -87.65503188224778)"
ASHLAND AND IRVING PARK,1153,1600 W IRVING PARK ROA,03/17/2016,1,,,,,
PULASKI AND BELMONT,1382,3200 N PULASKI RD,09/16/2015,2,1149125.621478734,1920994.556178086,41.939138154,-87.72733371,"(41.939138153500274, -87.7273337101426)"
ASHLAND AND 95TH,2472,9500 S ASHLAND AVENUE,09/16/2015,7,1167295.830128711,1841695.121217916,41.721160612,-87.662828139,"(41.72116061205213, -87.66282813939165)"
CHICAGO AND CLARK,1963,100 W CHICAGO AVENUE,09/16/2015,3,1175374.528739575,1905745.47783364,41.896744347,-87.631321248,"(41.896744346875806, -87.63132124815151)"
BELMONT AND KEDZIE,1371,3200 N KEDZIE AVENUE,09/16/2015,2,1154426.977874407,1921110.466549542,41.93935173,-87.707846594,"(41.93935173030961, -87.70784659359776)"
WESTERN AND 79TH,2481,7900 S WESTERN AVE,09/16/2015,6,1161711.516404028,1852181.685686118,41.750054934,-87.682992203,"(41.750054933649984, -87.68299220290213)"
CALIFORNIA AND DIVERSEY,1513,2800 W DIVERSEY,09/16/2015,2,1157212.54253358,1918526.674434943,41.932205395,-87.697679244,"(41.93220539506452, -87.6976792438691)"
PULASKI AND DIVERSEY,1542,2800 N PULASKI ROAD,09/16/2015,8,1149200.724531183,1918332.222549679,41.931831026,-87.727126873,"(41.93183102561505, -87.72712687300454)"
ARCHER AND CICERO,2081,5200 S CICERO AVE,09/16/2015,31,1145195.931989777,1869737.708306623,41.798558278,-87.743071866,"(41.798558278193305, -87.74307186616427)"
CERMAK AND PULASKI,2332,2200 S PULASKI,09/16/2015,1,1150012.876838243,1889071.75851865,41.851521442,-87.724904787,"(41.85152144233116, -87.7249047867499)"
99TH AND HALSTED,2431,9900 S HALSTED ST,09/16/2015,7,1172689.754200318,1839171.652197216,41.714118868,-87.643145408,"(41.714118868089905, -87.64314540818165)"
PULASKI AND DIVISION,1801,1200 N PULASKI ROAD,09/16/2015,1,1149459.590666926,1907723.219884254,41.902713902,-87.726451457,"(41.902713901936174, -87.72645145715836)"
115TH AND HALSTED,2553,800 W 115TH STREET,09/16/2015,1,1173010.735357888,1828632.242070332,41.685190056,-87.642279564,"(41.68519005571938, -87.64227956401977)"
HARLEM AND BELMONT,1391,3200 N HARLEM AVE,09/16/2015,3,1127481.020995451,1920467.613239239,41.938084468,-87.806896749,"(41.93808446822169, -87.80689674887883)"
WESTERN AND CHICAGO,1943,2400 W CHICAGO AVE,09/16/2015,6,1160226.686812944,1905300.904544474,41.895851041,-87.686968935,"(41.895851041123755, -87.68696893468467)"
WENTWORTH AND GARFIELD,2261,5500 S WENTWORTH AVEN,09/16/2015,26,,,,,
LARAMIE AND FULLERTON,1424,5200 W FULLERTON AVENUE,09/16/2015,2,1141305.554932016,1915502.611239048,41.924215797,-87.756210755,"(41.92421579723144, -87.75621075458939)"
CICERO AND NORTH,2034,4800 W NORTH AVENUE,02/09/2017,3,1144053.733747163,1910243.80567041,41.90973389,-87.746244973,"(41.909733890131285, -87.74624497295898)"
CENTRAL AND ADDISON,1683,5600 W ADDISON STREET,09/16/2015,2,1138349.663302502,1923416.02157061,41.945985104,-87.766879952,"(41.94598510430888, -87.76687995165918)"
PULASKI AND ARCHER,2154,5000 S ARCHER AVE,02/09/2017,1,1150501.818909837,1871162.311703322,41.802365973,-87.723576766,"(41.80236597333895, -87.72357676611004)"
HOMAN/KIMBALL AND NORTH,1773,3400 W NORTH AVE,09/16/2015,10,1153386.578905125,1910465.87061722,41.910162847,-87.711953868,"(41.91016284680269, -87.71195386769125)"
HAMLIN AND LAKE,1882,300 N HAMLIN AVENUE,02/09/2017,1,1150970.026856642,1901381.688308858,41.885282636,-87.721069539,"(41.88528263580913, -87.72106953854511)"
ASHLAND AND 87TH,2454,1600 W 87TH ST,09/16/2015,7,1167171.941297436,1847064.855345151,41.735898617,-87.663128781,"(41.735898617066006, -87.66312878090133)"
CENTRAL AND DIVERSEY,1642,2800 N CENTRAL AVENUE,09/16/2015,1,1138516.407377375,1918089.499227987,41.931365552,-87.766396529,"(41.93136555236339, -87.76639652879172)"
PULASKI AND PETERSON,1263,4000 W PETERSON AVENUE,02/09/2017,12,1148618.560490339,1939615.133928395,41.990244186,-87.728714391,"(41.99024418564742, -87.7287143910091)"
ASHLAND AND MADISON,1914,1600 W MADISON,09/16/2015,3,1165723.014733182,1900136.515489506,41.881564167,-87.666929463,"(41.8815641670199, -87.66692946294842)"
HALSTED AND FULLERTON,1701,2400 N HALSTED STREET,09/16/2015,4,1170501.602639925,1916200.061550148,41.925540315,-87.648912156,"(41.925540315431995, -87.64891215551155)"
IRVING PARK AND LARAMIE,1533,5200 W IRVING PARK ROA,03/21/2016,5,,,,,
ELSTON AND IRVING PARK,1502,4000 N ELSTON AVENUE,09/16/2015,3,1151273.974828198,1926311.849469842,41.953687266,-87.719297882,"(41.95368726563273, -87.71929788151473)"
LARAMIE AND MADISON,2043,5200 W MADISON STREET,09/16/2015,6,1141706.965522802,1899567.55684314,41.880480752,-87.755130433,"(41.88048075170171, -87.75513043296509)"
KOSTNER AND NORTH,2013,4400 W NORTH,09/16/2015,9,1146738.551618032,1910309.595368032,41.909863573,-87.736380296,"(41.90986357340246, -87.73638029605371)"
55TH AND KEDZIE,2163,3200 W 55TH STREET,09/16/2015,1,1155966.956993183,1868015.593764152,41.793622803,-87.703618141,"(41.79362280329978, -87.70361814062049)"
ELSTON AND LAWRENCE,1284,4440 W LAWRENCE AVENUE,09/16/2015,11,1145715.061027481,1931571.0474838,41.968226398,-87.739599251,"(41.96822639754791, -87.73959925065756)"
87TH AND VINCENNES,2412,8700 S VINCENNES,02/09/2017,13,1172026.328989535,1847142.496643776,41.736006565,-87.645341819,"(41.73600656458518, -87.64534181897955)"
CERMAK AND PULASKI,2334,4000 W CERMAK,09/15/2015,3,1150018.476053666,1889120.238540361,41.851654369,-87.724882975,"(41.85165436867626, -87.7248829753078)"
BELMONT AND KEDZIE,1373,3200 W BELMONT,09/16/2015,1,1154461.587940363,1921143.091003516,41.939440561,-87.707718516,"(41.93944056117365, -87.70771851630873)"
LASALLE AND KINZIE,1921,400 N LASALLE,09/16/2015,4,1175028.579766798,1903002.552291359,41.889225372,-87.632674115,"(41.88922537162015, -87.63267411498495)"
CENTRAL AND LAKE,1743,5600 W LAKE STREET,09/16/2015,1,1138951.495695032,1902230.510465733,41.887838735,-87.765183663,"(41.887838735330206, -87.76518366338465)"
KIMBALL AND DIVERSEY,1581,2800 N KIMBALL AVENUE,09/16/2015,2,,,,,
LAKE SHORE DR AND BELMONT,1412,3200 N LAKESHORE DRIV,02/09/2017,6,1173053.220555078,1921821.380831705,41.940909163,-87.63936916,"(41.94090916326764, -87.63936915995522)"
WESTERN AND NORTH,1851,1600 N WESTERN AVE,09/16/2015,8,1160077.474351131,1910605.013316134,41.910409024,-87.687370268,"(41.91040902362901, -87.687370268401)"
STATE AND 79TH,2651,7900 S STATE STREET,09/16/2015,10,1177618.166929966,1852621.870232838,41.750918138,-87.624690123,"(41.7509181383154, -87.62469012251644)"
DIVISION AND DAMEN,1733,2000 W DIVISION,09/16/2015,8,1162815.710860194,1908034.672555531,41.903298793,-87.677383247,"(41.903298792681944, -87.67738324739636)"
CALIFORNIA AND DIVERSEY,1514,2800 W DIVERSEY,09/16/2015,20,1157212.54253358,1918526.674434943,41.932205395,-87.697679244,"(41.93220539506452, -87.6976792438691)"
79TH AND KEDZIE,2443,3200 W 79TH ST,09/16/2015,3,1156402.644780165,1852104.649370984,41.749952001,-87.702448478,"(41.74995200142266, -87.70244847808695)"
HAMLIN AND LAKE,1881,300 N HAMLIN AVENUE,09/16/2015,2,1150970.026856642,1901381.688308858,41.885282636,-87.721069539,"(41.88528263580913, -87.72106953854511)"
CHICAGO AND CLARK,1964,100 W CHICAGO AVENUE,02/09/2017,7,1175374.528739575,1905745.47783364,41.896744347,-87.631321248,"(41.896744346875806, -87.63132124815151)"
HALSTED AND 103RD,2593,800 W 103RD STREET,09/16/2015,3,1172778.570616036,1836587.755252818,41.70702632,-87.642896007,"(41.707026319812215, -87.64289600741817)"
79TH AND HALSTED,2543,800 W 79TH STREET,09/16/2015,3,1172320.105719411,1852517.9814434,41.750751157,-87.644107793,"(41.75075115747316, -87.64410779300933)"
CENTRAL AND CHICAGO,1973,5600 W CHICAGO AVENUE,09/16/2015,5,1138858.856732452,1904825.827586656,41.894962293,-87.765460791,"(41.89496229349977, -87.76546079122906)"
DIVERSEY AND AUSTIN,1454,6000 W DIVERSEY AVENUE,09/16/2015,3,1135895.736169343,1918029.70673837,41.931248624,-87.776028612,"(41.931248623643455, -87.77602861172493)"
119TH AND HALSTED,2402,11900 S HALSTED,09/16/2015,1,1173094.774616191,1825911.054609338,41.677720829,-87.642051845,"(41.67772082924762, -87.64205184498218)"
WESTERN AND TOUHY,1252,7200 N WESTERN AVENUE,09/16/2015,4,1158975.66256211,1947754.286963361,42.012371335,-87.690393917,"(42.012371334791766, -87.69039391737863)"
KOSTNER AND NORTH,2011,1600 N KOSTNER,09/16/2015,1,1146732.108679105,1910282.120990798,41.909788304,-87.736404667,"(41.90978830394343, -87.73640466739216)"
CENTRAL AND FULLERTON,1442,2400 N CENTRAL AVENUE,09/16/2015,2,1138603.468418662,1915431.058212414,41.924068922,-87.766141214,"(41.92406892227644, -87.76614121413186)"
PETERSON AND WESTERN,1014,2400 W PETERSON,09/16/2015,8,1159214.211316277,1939825.301874586,41.99060901,-87.689735481,"(41.990609009807294, -87.68973548092968)"
HARLEM AND BELMONT,1394,7200 W BELMONT AVE,09/16/2015,2,1127504.698153561,1920475.415440844,41.938105479,-87.806809552,"(41.93810547939496, -87.80680955240743)"
ELSTON AND LAWRENCE,1284,4440 W LAWRENCE AVENUE,02/09/2017,2,1145715.061027481,1931571.0474838,41.968226398,-87.739599251,"(41.96822639754791, -87.73959925065756)"
WESTERN AND ADDISON,1562,3600 N WESTERN AVENUE,09/16/2015,12,1159695.573342728,1923871.086283556,41.94681992,-87.688406662,"(41.94681991986288, -87.68840666206194)"
WESTERN AND FOSTER,1074,2400 W FOSTER AVE,09/16/2015,2,1159379.402846887,1934502.712486132,41.97600019,-87.689275084,"(41.97600018976586, -87.68927508385399)"
35TH AND WESTERN,2092,3500 S WESTERN,09/16/2015,2,1160894.949857101,1881376.851112895,41.830187255,-87.685177925,"(41.83018725526863, -87.68517792510231)"
PULASKI AND FOSTER,1102,5200 N PULASKI RD,09/16/2015,1,1148746.251286324,1934286.914361976,41.97562074,-87.728383135,"(41.97562073966174, -87.72838313514907)"
55TH and PULASKI,2244,4000 W 55TH ST,09/16/2015,2,1150621.676903861,1867864.274865394,41.793313334,-87.723223038,"(41.79331333358753, -87.72322303812588)"
SACRAMENTO AND LAKE,1821,150 N SACRAMENTO BOUL,09/16/2015,13,1156319.560664766,1900957.489351962,41.884012178,-87.701436479,"(41.88401217771363, -87.7014364786693)"
CICERO AND CHICAGO,1781,800 N CICERO AVENUE,09/16/2015,1,1144169.162482127,1904893.189220372,41.895049038,-87.745955516,"(41.89504903796389, -87.74595551626888)"
KOSTNER AND NORTH,2013,4400 W NORTH,02/09/2017,4,1146738.551618032,1910309.595368032,41.909863573,-87.736380296,"(41.90986357340246, -87.73638029605371)"
IRVING PARK AND KILPATRICK,2763,4700 W IRVING PARK ROA,09/16/2015,10,,,,,
111TH AND HALSTED,2422,11100 S HALSTED ST,09/16/2015,6,1172923.657689312,1831209.044179248,41.692263123,-87.642522688,"(41.692263123425136, -87.6425226876268)"
WESTERN AND CHICAGO,1941,800 N WESTERN AVE,09/16/2015,4,1160220.967978608,1905277.507115921,41.895786955,-87.686990586,"(41.89578695485361, -87.68699058611217)"
WESTERN AND 71ST,2614,2400 W 71ST STREET,09/16/2015,1,1161584.506819846,1857557.788853485,41.764810388,-87.683308769,"(41.76481038827884, -87.68330876944678)"
KEDZIE AND 31ST,2132,3100 S KEDZIE AVENUE,09/16/2015,2,1155483.167539854,1883867.660503274,41.837132671,-87.704967115,"(41.837132671422296, -87.70496711478727)"
CERMAK AND PULASKI,2334,4000 W CERMAK,09/16/2015,1,1150018.476053666,1889120.238540361,41.851654369,-87.724882975,"(41.85165436867626, -87.7248829753078)"
COTTAGE GROVE AND 71ST,2571,7100 S COTTAGE GROVE,09/16/2015,5,1182746.23698699,1858088.011064538,41.765800351,-87.605729127,"(41.76580035131893, -87.6057291269901)"
31ST ST AND MARTIN LUTHER KING DRIVE,2121,3100 S DR MARTIN L KING,09/16/2015,23,,,,,
PERSHING AND WESTERN,2112,3900 S WESTERN BLVD,09/16/2015,2,1161130.992078755,1878746.226354636,41.822963628,-87.684384785,"(41.82296362788048, -87.68438478541296)"
IRVING PARK AND LARAMIE,1534,5200 W IRVING PARK ROA,09/16/2015,6,,,,,
115TH AND HALSTED,2552,11500 S HALSTED STREE,09/16/2015,9,,,,,
MONTROSE AND WESTERN,1221,4400 N WESTERN AVENUE,09/16/2015,3,1159539.733234718,1929183.918095502,41.961401846,-87.688832623,"(41.961401846278505, -87.6888326227788)"
HALSTED AND NORTH,1761,1600 N HALSTED STREET,09/16/2015,9,1170678.283433825,1910880.991397547,41.910940644,-87.648419043,"(41.91094064391597, -87.64841904272998)"
KEDZIE AND 71ST,2352,7100 S KEDZIE AVENUE,09/16/2015,3,1156225.540366296,1857330.103443232,41.764295037,-87.702957162,"(41.764295036756856, -87.70295716211793)"
CENTRAL AND LAKE,1742,400 N CENTRAL AVENUE,09/16/2015,2,1138928.478257537,1902217.926149854,41.887804621,-87.765268498,"(41.88780462053497, -87.76526849810371)"
ASHLAND AND FULLERTON,1652,2400 N ASHLAND AVENUE,09/16/2015,12,1165228.073342838,1916032.319169157,41.92519389,-87.668294363,"(41.92519388981048, -87.66829436339881)"
4700 WESTERN,2142,4700 S WESTERN AVENUE,09/16/2015,5,1161120.438879703,1873431.066474726,41.808378408,-87.684570717,"(41.808378407946726, -87.68457071689552)"
HALSTED AND 95TH,2582,9500 S HALSTED STREET,09/16/2015,1,1172610.538363645,1841811.61926207,41.721365061,-87.643358042,"(41.72136506078306, -87.64335804234075)"
KEDZIE AND 63RD,2361,6300 S KEDZIE AVE,09/16/2015,1,1156097.505177228,1862668.051775093,41.77894575,-87.703283119,"(41.77894575017997, -87.70328311900342)"
KEDZIE AND 63RD,2364,3200 W 63RD ST,09/16/2015,2,1156103.348831225,1862717.565210739,41.779081505,-87.703260365,"(41.77908150488341, -87.70326036544745)"
ROOSEVELT AND KOSTNER,2321,1200 S KOSTNER,09/16/2015,6,1147196.304001978,1894305.883269746,41.865938839,-87.735108549,"(41.8659388389088, -87.73510854901264)"
LARAMIE AND FULLERTON,1421,2400 N LARAMIE AVENUE,09/16/2015,2,1141282.877477884,1915479.163971956,41.924151874,-87.756294662,"(41.92415187425276, -87.75629466175003)"
4700 WESTERN,2141,4700 S WESTERN AVENUE,09/16/2015,6,1161120.438879703,1873431.066474726,41.808378408,-87.684570717,"(41.808378407946726, -87.68457071689552)"
STONEY ISLAND AND 76TH,2631,7600 S STONY ISLAND A,09/16/2015,24,1188092.796191935,1854889.354158304,41.756897173,-87.586234285,"(41.75689717260223, -87.58623428506996)"
PULASKI AND NORTH,1992,1600 N PULASKI AVENUE,09/16/2015,2,1149432.959240306,1910369.112502195,41.90997501,-87.726480523,"(41.909975010236906, -87.72648052306623)"
PULASKI AND CHICAGO,1983,4000 W CHICAGO AVENUE,09/16/2015,1,1149561.855939692,1905086.596446259,41.895476752,-87.72614436,"(41.89547675163723, -87.72614435991626)"
JEFFERY AND 95TH,2523,2000 E 95TH ST,09/16/2015,3,1191188.381103057,1842410.411853539,41.722579473,-87.575292523,"(41.722579473126416, -87.57529252250366)"
DIVERSEY AND AUSTIN,1453,6000 W DIVERSEY AVENUE,09/16/2015,2,1135895.736169343,1918029.70673837,41.931248624,-87.776028612,"(41.931248623643455, -87.77602861172493)"
FOSTER AND BROADWAY,1111,5200 N BROADWAY ST,09/16/2015,5,1167334.508577915,1934714.008346532,41.976412143,-87.660015082,"(41.97641214294823, -87.66001508205365)"
PULASKI AND ARMITAGE,1843,4000 W ARMITAGE AVENUE,09/16/2015,2,1149375.428872108,1913028.984273181,41.917275069,-87.726622746,"(41.91727506940875, -87.72662274644799)"
DAMEN AND DIVERSEY,1464,2000 W DIVERSEY PARKWAY,09/16/2015,6,1162519.714934025,1918635.417634925,41.932394164,-87.678173031,"(41.93239416403691, -87.67817303087757)"
CALIFORNIA AND DEVON,1323,2800 W DEVON AVENUE,09/16/2015,2,1156484.528078038,1942377.980662191,41.997669523,-87.699706423,"(41.99766952286052, -87.69970642324591)"
ASHLAND AND FULLERTON,1651,2400 N ASHLAND AVENUE,09/16/2015,8,1165228.073342838,1916032.319169157,41.92519389,-87.668294363,"(41.92519388981048, -87.66829436339881)"
PULASKI AND NORTH,1994,4000 W NORTH AVENUE,09/16/2015,5,1149456.2688422,1910376.774019002,41.909995582,-87.726394693,"(41.90999558160536, -87.72639469321471)"
119TH AND HALSTED,2404,800 W 119TH STREET,02/09/2017,1,1173111.174088158,1825985.001014405,41.677923389,-87.641989646,"(41.677923389134385, -87.64198964584013)"
DIVERSEY AND WESTERN,1431,2800 N WESTERN AVENUE,09/16/2015,3,1159837.205417355,1918550.506189309,41.932216988,-87.688033281,"(41.93221698794738, -87.68803328089533)"
HAMLIN AND MADISON,1901,0 N HAMLIN BOULEVARD,09/16/2015,4,,,,,
CICERO AND HARRISON,2023,4800 W HARRISON STREET,09/16/2015,3,1144451.867388303,1896949.561959463,41.873245464,-87.745117179,"(41.873245464379586, -87.7451171788807)"
CANAL AND ROOSEVELT,2294,500 W ROOSEVELT ROAD,09/16/2015,5,1173290.72186561,1895021.166235495,41.867362693,-87.639293195,"(41.867362692616666, -87.63929319464197)"
IRVING PARK AND NARRAGANSETT,1023,6400 W IRVING PK,09/16/2015,4,1132945.939118726,1925946.304925137,41.953024751,-87.786683238,"(41.95302475075328, -87.78668323766634)"
111TH AND HALSTED,2424,800 W 111TH ST,09/16/2015,4,1172945.404219168,1831282.917027882,41.692465363,-87.642440901,"(41.692465363421874, -87.64244090105778)"
MILWAUKEE AND DEVON,1272,6400 N MILWAUKEE AVEN,09/16/2015,2,1132463.750397878,1942107.911507627,41.997382173,-87.788077674,"(41.99738217345368, -87.78807767391953)"
71ST AND ASHLAND,2391,7100 S ASHLAND,09/16/2015,6,1166868.379865725,1857616.168087255,41.764859382,-87.663940176,"(41.764859382425385, -87.66394017630476)"
IRVING PARK AND KILPATRICK,2764,4700 W IRVING PARK ROA,03/24/2016,3,,,,,
CALIFORNIA AND DEVON,1321,6400 N CALIFORNIA AVE,09/16/2015,2,1156461.150245401,1942370.37710537,41.997649133,-87.699792629,"(41.997649133049336, -87.69979262891378)"
IRVING PARK AND CALIFORNIA,1233,2800 W IRVING PARK ROA,09/16/2015,5,,,,,
55TH AND WESTERN,2213,2400 W 55TH STREET,09/16/2015,7,1161277.012730599,1868185.749490228,41.793981347,-87.684141741,"(41.7939813465735, -87.68414174128355)"
CICERO AND WASHINGTON,1891,100 N CICERO AVENUE,09/16/2015,7,1144328.984091479,1900095.170838459,41.88187971,-87.745489247,"(41.88187970991601, -87.7454892473012)"
ADDISON AND HARLEM,1591,3600 N HARLEM AVENUE,09/16/2015,6,1127394.594070737,1923110.532422811,41.945338412,-87.807154769,"(41.94533841246591, -87.80715476912044)"
WESTERN AND MARQUETTE,2672,6700 S WESTERN AVENUE,09/16/2015,7,1161488.747635042,1860134.788366884,41.771884028,-87.683588402,"(41.77188402771193, -87.68358840206334)"
HAMLIN AND MADISON,1903,3800 W MADISON STREET,09/16/2015,9,1151032.709141294,1899784.033986533,41.880897273,-87.720881226,"(41.880897273491264, -87.72088122613924)"
STONY ISLAND/CORNELL AND 67TH,2731,6700 S CORNELL DRIVE,09/17/2015,9,1188316.454860734,1860851.137456735,41.77325149,-87.5852246,"(41.77325148959568, -87.58522459967712)"
PULASKI AND DIVERSEY,1542,2800 N PULASKI ROAD,09/17/2015,2,1149200.724531183,1918332.222549679,41.931831026,-87.727126873,"(41.93183102561505, -87.72712687300454)"
75TH AND STATE,2624,1 E 75TH STREET,09/17/2015,2,1177601.72646404,1855229.486604181,41.758074111,-87.624671658,"(41.75807411097799, -87.62467165835182)"
CICERO AND ADDISON,1611,3600 N CICERO AVENUE,09/17/2015,2,1143698.904601495,1923517.005821035,41.946163524,-87.747215169,"(41.94616352362556, -87.74721516897007)"
PULASKI AND ARCHER,2154,5000 S ARCHER AVE,09/17/2015,2,1150501.818909837,1871162.311703322,41.802365973,-87.723576766,"(41.80236597333895, -87.72357676611004)"
ROOSEVELT AND PULASKI,2314,4000 W ROOSEVELT ROAD,09/17/2015,13,1149885.032049683,1894449.464076882,41.866281003,-87.72523422,"(41.866281002664536, -87.72523421983905)"
KOSTNER AND NORTH,2011,1600 N KOSTNER,09/17/2015,1,1146732.108679105,1910282.120990798,41.909788304,-87.736404667,"(41.90978830394343, -87.73640466739216)"
VAN BUREN AND WESTERN,2054,2400 W VAN BUREN STREE,09/17/2015,7,,,,,
ASHLAND AND LAWRENCE,1142,4800 N ASHLAND AVENUE,09/17/2015,4,1164751.686785145,1932001.206626392,41.96902343,-87.669590434,"(41.969023429614026, -87.66959043354217)"
VAN BUREN AND WESTERN,2052,400 S WESTERN AVENUE,02/09/2017,20,1160431.682297829,1898091.942371589,41.876064776,-87.686415631,"(41.87606477642526, -87.68641563098768)"
CLARK AND IRVING PARK,1093,1300 W IRVING PARK ROAD,09/17/2015,4,1166777.545456989,1926719.73687357,41.954487567,-87.662293496,"(41.95448756687966, -87.66229349585691)"
LASALLE AND KINZIE,1921,400 N LASALLE,09/17/2015,10,1175028.579766798,1903002.552291359,41.889225372,-87.632674115,"(41.88922537162015, -87.63267411498495)"
DAMEN AND FULLERTON,1663,2000 W FULLERTON AVE,09/17/2015,5,1162596.935552891,1915990.579747891,41.925134944,-87.677963546,"(41.92513494374925, -87.67796354553815)"
KEDZIE AND 63RD,2361,6300 S KEDZIE AVE,09/17/2015,1,1156097.505177228,1862668.051775093,41.77894575,-87.703283119,"(41.77894575017997, -87.70328311900342)"
CENTRAL AND CHICAGO,1973,5600 W CHICAGO AVENUE,09/17/2015,3,1138858.856732452,1904825.827586656,41.894962293,-87.765460791,"(41.89496229349977, -87.76546079122906)"
LAKE SHORE DR AND BELMONT,1413,400 W BELMONT AVE,09/17/2015,41,1172981.744869382,1921577.376128802,41.940241193,-87.639639114,"(41.94024119325571, -87.63963911427594)"
KOSTNER AND NORTH,2013,4400 W NORTH,09/17/2015,10,1146738.551618032,1910309.595368032,41.909863573,-87.736380296,"(41.90986357340246, -87.73638029605371)"
SHERIDAN AND FOSTER,1134,1000 W FOSTER AVE,09/17/2015,5,1168689.247756979,1934758.578141654,41.976505116,-87.655031882,"(41.97650511595711, -87.65503188224778)"
CICERO AND NORTH,2034,4800 W NORTH AVENUE,09/17/2015,1,1144053.733747163,1910243.80567041,41.90973389,-87.746244973,"(41.909733890131285, -87.74624497295898)"
WESTERN AND ADDISON,1562,3600 N WESTERN AVENUE,09/17/2015,10,1159695.573342728,1923871.086283556,41.94681992,-87.688406662,"(41.94681991986288, -87.68840666206194)"
DIVERSEY AND WESTERN,1431,2800 N WESTERN AVENUE,09/17/2015,4,1159837.205417355,1918550.506189309,41.932216988,-87.688033281,"(41.93221698794738, -87.68803328089533)"
ASHLAND AND IRVING PARK,1151,4000 N ASHLAND AVENUE,09/17/2015,5,1164899.463802581,1926665.661118925,41.954379326,-87.66919912,"(41.954379326212695, -87.66919911980419)"
PULASKI AND ARMITAGE,1843,4000 W ARMITAGE AVENUE,09/17/2015,1,1149375.428872108,1913028.984273181,41.917275069,-87.726622746,"(41.91727506940875, -87.72662274644799)"
ELSTON AND LAWRENCE,1282,4800 N ELSTON AVENUE,09/17/2015,3,1145529.344259918,1931501.601268983,41.968039361,-87.740283894,"(41.96803936143674, -87.74028389448999)"
HALSTED AND MADISON,1871,1 S HALSTED STREET,09/17/2015,9,1171092.392868784,1900234.542088741,41.881717056,-87.647210539,"(41.88171705561901, -87.64721053920604)"
CALIFORNIA AND DEVON,1323,2800 W DEVON AVENUE,09/17/2015,4,1156484.528078038,1942377.980662191,41.997669523,-87.699706423,"(41.99766952286052, -87.69970642324591)"
HALSTED AND DIVISION,1714,800 W DIVISION,09/17/2015,2,1170767.827960358,1908259.644151662,41.903745557,-87.648167011,"(41.90374555734733, -87.64816701062779)"
4700 WESTERN,2141,4700 S WESTERN AVENUE,09/17/2015,5,1161120.438879703,1873431.066474726,41.808378408,-87.684570717,"(41.808378407946726, -87.68457071689552)"
SACRAMENTO AND LAKE,1822,150 N SACRAMENTO BOUL,02/09/2017,8,1156319.560664766,1900957.489351962,41.884012178,-87.701436479,"(41.88401217771363, -87.7014364786693)"
WESTERN AND 79TH,2481,7900 S WESTERN AVE,09/17/2015,8,1161711.516404028,1852181.685686118,41.750054934,-87.682992203,"(41.750054933649984, -87.68299220290213)"
DIVISION AND DAMEN,1733,2000 W DIVISION,09/17/2015,2,1162815.710860194,1908034.672555531,41.903298793,-87.677383247,"(41.903298792681944, -87.67738324739636)"
CICERO AND CHICAGO,1783,4800 W CHICAGO AVENUE,09/17/2015,6,1144175.291152764,1904916.255225279,41.895112219,-87.745932427,"(41.89511221857764, -87.74593242701515)"
CERMAK AND PULASKI,2332,2200 S PULASKI,09/17/2015,5,1150012.876838243,1889071.75851865,41.851521442,-87.724904787,"(41.85152144233116, -87.7249047867499)"
CENTRAL AND FULLERTON,1444,5600 W FULLERTON AVENU,09/17/2015,2,1138627.279189421,1915438.969256439,41.924090199,-87.76605353,"(41.92409019883488, -87.76605353016079)"
111TH AND HALSTED,2424,800 W 111TH ST,09/17/2015,2,1172945.404219168,1831282.917027882,41.692465363,-87.642440901,"(41.692465363421874, -87.64244090105778)"
CICERO AND DIVERSEY,1694,4800 W DIVERSEY AVENUE,09/17/2015,1,1143869.848167704,1918226.043989398,41.93164142,-87.746719911,"(41.93164142040689, -87.7467199106462)"
35TH AND WESTERN,2091,3500 S WESTERN,09/17/2015,2,1160894.949857101,1881376.851112895,41.830187255,-87.685177925,"(41.83018725526863, -87.68517792510231)"
STONEY ISLAND AND 76TH,2632,7600 S STONY ISLAND A,09/17/2015,9,1188092.796191935,1854889.354158304,41.756897173,-87.586234285,"(41.75689717260223, -87.58623428506996)"
ROOSEVELT AND HALSTED,2234,800 W ROOSEVELT ROAD,09/17/2015,18,1171199.282357741,1894968.056393724,41.867263098,-87.646972686,"(41.86726309836901, -87.64697268601648)"
BELMONT AND KEDZIE,1371,3200 N KEDZIE AVENUE,09/17/2015,1,1154426.977874407,1921110.466549542,41.93935173,-87.707846594,"(41.93935173030961, -87.70784659359776)"
ASHLAND AND MADISON,1914,1600 W MADISON,09/17/2015,5,1165723.014733182,1900136.515489506,41.881564167,-87.666929463,"(41.8815641670199, -87.66692946294842)"
55TH and PULASKI,2244,4000 W 55TH ST,09/17/2015,5,1150621.676903861,1867864.274865394,41.793313334,-87.723223038,"(41.79331333358753, -87.72322303812588)"
WESTERN AND NORTH,1851,1600 N WESTERN AVE,09/17/2015,7,1160077.474351131,1910605.013316134,41.910409024,-87.687370268,"(41.91040902362901, -87.687370268401)"
LAKE SHORE DR AND BELMONT,1412,3200 N LAKESHORE DRIV,09/17/2015,7,1173053.220555078,1921821.380831705,41.940909163,-87.63936916,"(41.94090916326764, -87.63936915995522)"
OGDEN AND KOSTNER,2223,4400 W OGDEN AVENUE,09/17/2015,9,1147406.592439224,1887689.099869462,41.847777523,-87.734505969,"(41.84777752280453, -87.73450596874825)"
LARAMIE AND MADISON,2044,5200 W MADISON STREET,09/17/2015,16,1141706.965522802,1899567.55684314,41.880480752,-87.755130433,"(41.88048075170171, -87.75513043296509)"
CENTRAL AND DIVERSEY,1644,5600 W DIVERSEY AVENUE,02/09/2017,1,1138539.758528398,1918097.096677271,41.931385977,-87.766310532,"(41.93138597683265, -87.76631053155157)"
IRVING PARK AND LARAMIE,1533,5200 W IRVING PARK ROA,09/17/2015,2,,,,,
CICERO AND FULLERTON,1472,2400 N CICERO AVE,02/09/2017,5,1143961.592189569,1915545.343094087,41.92428359,-87.74645019,"(41.92428358982701, -87.74645019028947)"
ROOSEVELT AND KOSTNER,2321,1200 S KOSTNER,09/17/2015,12,1147196.304001978,1894305.883269746,41.865938839,-87.735108549,"(41.8659388389088, -87.73510854901264)"
HALSTED AND MADISON,1872,1 N HALSTED STREET,09/17/2015,5,1171090.967986833,1900270.454015136,41.881815632,-87.647214717,"(41.88181563164203, -87.64721471704077)"
KEDZIE AND 71ST,2352,7100 S KEDZIE AVENUE,09/17/2015,4,1156225.540366296,1857330.103443232,41.764295037,-87.702957162,"(41.764295036756856, -87.70295716211793)"
IRVING PARK AND KILPATRICK,2764,4700 W IRVING PARK ROA,09/17/2015,1,,,,,
KOSTNER AND NORTH,2012,4400 W GRAND AVE,09/17/2015,4,1146773.519128439,1910425.663958581,41.91018141,-87.73624887,"(41.910181409597406, -87.73624887040725)"
HALSTED AND NORTH,1761,1600 N HALSTED STREET,09/17/2015,7,1170678.283433825,1910880.991397547,41.910940644,-87.648419043,"(41.91094064391597, -87.64841904272998)"
AUSTIN AND ADDISON,1491,3600 N AUSTIN AVENUE,09/17/2015,2,1135691.599896458,1923335.967306169,41.945813215,-87.776652162,"(41.9458132146695, -87.77665216156436)"
IRVING PARK AND KEDZIE,1353,3200 W IRVING PARK ROAD,09/17/2015,6,1154325.140302006,1926458.463197156,41.954029047,-87.708077494,"(41.95402904691877, -87.70807749383191)"
HALSTED AND NORTH,1764,800 W NORTH AVENUE,09/17/2015,2,1170700.68422007,1910913.190749698,41.91102851,-87.648335806,"(41.91102850981186, -87.64833580602037)"
111TH AND HALSTED,2422,11100 S HALSTED ST,09/17/2015,4,1172923.657689312,1831209.044179248,41.692263123,-87.642522688,"(41.692263123425136, -87.6425226876268)"
HAMLIN AND LAKE,1881,300 N HAMLIN AVENUE,09/17/2015,3,1150970.026856642,1901381.688308858,41.885282636,-87.721069539,"(41.88528263580913, -87.72106953854511)"
55TH AND KEDZIE,2163,3200 W 55TH STREET,09/17/2015,1,1155966.956993183,1868015.593764152,41.793622803,-87.703618141,"(41.79362280329978, -87.70361814062049)"
CLARK AND FULLERTON,1631,2400 N CLARK ST,09/17/2015,3,1172749.562209477,1916238.997132859,41.925597623,-87.640650973,"(41.925597623023144, -87.64065097309872)"
SACRAMENTO AND LAKE,1822,150 N SACRAMENTO BOUL,09/17/2015,3,1156319.560664766,1900957.489351962,41.884012178,-87.701436479,"(41.88401217771363, -87.7014364786693)"
ASHLAND AND FULLERTON,1652,2400 N ASHLAND AVENUE,09/17/2015,14,1165228.073342838,1916032.319169157,41.92519389,-87.668294363,"(41.92519388981048, -87.66829436339881)"
MILWAUKEE AND MONTROSE,1362,4400 N MILWAUKEE AVEN,09/17/2015,2,1141643.943268783,1928770.256316239,41.96061723,-87.75463824,"(41.9606172296957, -87.75463824007085)"
PULASKI AND ARMITAGE,1844,4000 W ARMITAGE AVENUE,09/17/2015,3,1149375.428872108,1913028.984273181,41.917275069,-87.726622746,"(41.91727506940875, -87.72662274644799)"
IRVING PARK AND CALIFORNIA,1233,2800 W IRVING PARK ROA,09/17/2015,3,,,,,
DIVISION AND DAMEN,1734,2000 W DIVISION,09/17/2015,5,1162815.710860194,1908034.672555531,41.903298793,-87.677383247,"(41.903298792681944, -87.67738324739636)"
4700 WESTERN,2142,4700 S WESTERN AVENUE,09/17/2015,1,1161120.438879703,1873431.066474726,41.808378408,-87.684570717,"(41.808378407946726, -87.68457071689552)"
JEFFERY AND 95TH,2522,9500 S JEFFERY AVE,09/17/2015,1,1191132.420601301,1842335.735988875,41.722375907,-87.575499903,"(41.72237590704101, -87.57549990332795)"
PETERSON AND WESTERN,1014,2400 W PETERSON,09/17/2015,8,1159214.211316277,1939825.301874586,41.99060901,-87.689735481,"(41.990609009807294, -87.68973548092968)"
WESTERN AND CHICAGO,1941,800 N WESTERN AVE,09/17/2015,3,1160220.967978608,1905277.507115921,41.895786955,-87.686990586,"(41.89578695485361, -87.68699058611217)"
63RD AND STATE,2712,6300 S STATE ST,09/17/2015,2,1177303.801895084,1863220.216755923,41.780008277,-87.625522512,"(41.78000827740796, -87.6255225119157)"
115TH AND HALSTED,2552,11500 S HALSTED STREE,03/26/2016,20,,,,,
HALSTED AND FULLERTON,1704,800 W FULLERTON AVENUE,09/17/2015,5,1170525.624723311,1916208.443992778,41.925562791,-87.648823641,"(41.92556279107417, -87.64882364145232)"
CICERO AND HARRISON,2022,600 S CICERO AVENUE,09/17/2015,11,1144444.97442848,1896894.622216872,41.873094833,-87.745143869,"(41.873094832519136, -87.74514386884542)"
WESTERN AND DEVON,1212,6400 N WESTERN AVENUE,09/17/2015,3,1159113.585759434,1942451.622367891,41.997817807,-87.690033035,"(41.997817807026, -87.69003303469276)"
ASHLAND AND LAWRENCE,1143,1600 W LAWRENCE AVENUE,09/17/2015,7,1164771.946929007,1931988.254061312,41.968987457,-87.669516307,"(41.96898745654617, -87.66951630654926)"
PULASKI AND DIVISION,1801,1200 N PULASKI ROAD,09/17/2015,1,1149459.590666926,1907723.219884254,41.902713902,-87.726451457,"(41.902713901936174, -87.72645145715836)"
ASHLAND AND DIVISION,1791,1200 N ASHLAND AVENUE,09/17/2015,2,1165466.997046718,1908083.767015974,41.903377468,-87.667643142,"(41.903377467566784, -87.66764314227497)"
WENTWORTH AND GARFIELD,2261,5500 S WENTWORTH AVEN,02/09/2017,14,,,,,
31ST ST AND MARTIN LUTHER KING DRIVE,2121,3100 S DR MARTIN L KING,09/17/2015,21,,,,,
FOSTER AND BROADWAY,1113,1200 W FOSTER AVE,09/17/2015,1,1167357.095930752,1934721.393266777,41.97643192,-87.659931806,"(41.97643192018459, -87.65993180604016)"
WESTERN AND DEVON,1211,6400 N WESTERN AVENUE,09/17/2015,3,1159113.585759434,1942451.622367891,41.997817807,-87.690033035,"(41.997817807026, -87.69003303469276)"
STATE AND 79TH,2654,1 E 79TH STREET,09/17/2015,18,1177680.113652821,1852598.313477786,41.750852096,-87.624463832,"(41.75085209551078, -87.62446383210285)"
PULASKI AND 63RD,2342,6300 S PULASKI RD,09/17/2015,13,1150746.00309079,1862516.747695325,41.778636469,-87.722906356,"(41.77863646878099, -87.72290635568541)"
WESTERN AND CERMAK,1003,2400 W CERMAK ROAD,09/17/2015,1,1160678.000607329,1889375.645335924,41.852141307,-87.685752642,"(41.85214130680468, -87.6857526415569)"
IRVING PARK AND KEDZIE,1354,3200 W IRVING PARK ROAD,02/09/2017,7,1154325.140302006,1926458.463197156,41.954029047,-87.708077494,"(41.95402904691877, -87.70807749383191)"
99TH AND HALSTED,2431,9900 S HALSTED ST,09/17/2015,14,1172689.754200318,1839171.652197216,41.714118868,-87.643145408,"(41.714118868089905, -87.64314540818165)"
KIMBALL AND DIVERSEY,1581,2800 N KIMBALL AVENUE,09/17/2015,4,,,,,
IRVING PARK AND CALIFORNIA,1234,2800 W IRVING PARK ROA,09/17/2015,2,,,,,
CENTRAL AND IRVING PARK,1182,4000 N CENTRAL AVENUE,09/17/2015,2,1138258.614129764,1926071.172884932,41.953272751,-87.767150151,"(41.95327275103541, -87.76715015131407)"
CALIFORNIA AND DEVON,1321,6400 N CALIFORNIA AVE,09/17/2015,4,1156461.150245401,1942370.37710537,41.997649133,-87.699792629,"(41.997649133049336, -87.69979262891378)"
WESTERN AND FOSTER,1074,2400 W FOSTER AVE,09/17/2015,8,1159379.402846887,1934502.712486132,41.97600019,-87.689275084,"(41.97600018976586, -87.68927508385399)"
ROOSEVELT AND KOSTNER,2323,4400 W ROOSEVELT,09/17/2015,7,1147200.963258796,1894379.538078088,41.866140868,-87.73508956,"(41.866140867641654, -87.73508956008207)"
IRVING PARK AND NARRAGANSETT,1023,6400 W IRVING PK,09/17/2015,4,1132945.939118726,1925946.304925137,41.953024751,-87.786683238,"(41.95302475075328, -87.78668323766634)"
CHICAGO AND CLARK,1964,100 W CHICAGO AVENUE,09/17/2015,5,1175374.528739575,1905745.47783364,41.896744347,-87.631321248,"(41.896744346875806, -87.63132124815151)"
IRVING PARK AND KILPATRICK,2763,4700 W IRVING PARK ROA,09/17/2015,7,,,,,
IRVING PARK AND NARRAGANSETT,1024,6400 W IRVING PK,09/17/2015,7,1132945.939118726,1925946.304925137,41.953024751,-87.786683238,"(41.95302475075328, -87.78668323766634)"
CICERO AND 47TH,2204,4800 W 47TH ST,09/17/2015,8,1145130.048925744,1873078.44198302,41.807727017,-87.743229366,"(41.80772701677172, -87.74322936566276)"
CENTRAL AND DIVERSEY,1644,5600 W DIVERSEY AVENUE,09/17/2015,1,1138539.758528398,1918097.096677271,41.931385977,-87.766310532,"(41.93138597683265, -87.76631053155157)"
CALIFORNIA AND DIVERSEY,1513,2800 W DIVERSEY,02/09/2017,3,1157212.54253358,1918526.674434943,41.932205395,-87.697679244,"(41.93220539506452, -87.6976792438691)"
WESTERN AND FOSTER,1072,5200 N WESTERN AVE,09/17/2015,1,1159372.922497116,1934478.313674003,41.975933372,-87.689299589,"(41.97593337199358, -87.6892995891816)"
HAMLIN AND MADISON,1901,0 N HAMLIN BOULEVARD,09/17/2015,4,,,,,
KEDZIE AND ARMITAGE,1834,3200 W ARMITAGE AVENUE,09/17/2015,1,1154700.851347995,1913153.252187904,41.917511023,-87.707053639,"(41.91751102291878, -87.7070536388797)"
PULASKI AND NORTH,1992,1600 N PULASKI AVENUE,09/17/2015,1,1149432.959240306,1910369.112502195,41.90997501,-87.726480523,"(41.909975010236906, -87.72648052306623)"
WESTERN AND 63RD,2373,2400 W 63RD ST,09/17/2015,2,1161444.415758584,1862848.534703658,41.779331844,-87.683675761,"(41.77933184429814, -87.68367576084798)"
DAMEN AND 63RD,2701,6300 S DAMEN AVENUE,09/17/2015,1,1164069.407943298,1862830.277442834,41.779226921,-87.674052731,"(41.77922692069256, -87.67405273137854)"
IRVING PARK AND LARAMIE,1534,5200 W IRVING PARK ROA,09/17/2015,6,,,,,
LASALLE AND KINZIE,1923,140 W KINZIE,09/17/2015,1,1175048.09765242,1903028.894760294,41.889297219,-87.632601648,"(41.88929721947309, -87.63260164817305)"
PULASKI AND ARCHER,2153,5000 S ARCHER AVE,09/17/2015,4,1150501.818909837,1871162.311703322,41.802365973,-87.723576766,"(41.80236597333895, -87.72357676611004)"
AUSTIN AND IRVING PARK,1161,4000 N AUSTIN AVENUE,09/17/2015,3,1135599.956110927,1926006.862619986,41.953144059,-87.776925284,"(41.95314405904539, -87.77692528423394)"
ASHLAND AND 87TH,2454,1600 W 87TH ST,09/17/2015,4,1167171.941297436,1847064.855345151,41.735898617,-87.663128781,"(41.735898617066006, -87.66312878090133)"
MILWAUKEE AND DEVON,1274,6400 W DEVON AVENUE,09/17/2015,3,1132590.619798275,1942138.532048656,41.997463981,-87.787610243,"(41.99746398102873, -87.78761024341388)"
LAFAYETTE AND 87TH,2503,30 W 87TH STREET,09/17/2015,14,1177407.651800237,1847320.772058312,41.736376037,-87.625621311,"(41.736376036604916, -87.62562131092602)"
DAMEN AND 63RD,2702,6300 S DAMEN AVENUE,09/17/2015,4,1164069.407943298,1862830.277442834,41.779226921,-87.674052731,"(41.77922692069256, -87.67405273137854)"
ELSTON AND ADDISON,1403,3216 W ADDISON ST,09/17/2015,6,1154199.729816868,1923799.345386665,41.946734755,-87.708609774,"(41.946734754927796, -87.7086097735515)"
ADDISON AND HARLEM,1591,3600 N HARLEM AVENUE,09/17/2015,7,1127394.594070737,1923110.532422811,41.945338412,-87.807154769,"(41.94533841246591, -87.80715476912044)"
CENTRAL AND LAKE,1743,5600 W LAKE STREET,09/17/2015,11,1138951.495695032,1902230.510465733,41.887838735,-87.765183663,"(41.887838735330206, -87.76518366338465)"
87TH AND VINCENNES,2412,8700 S VINCENNES,09/17/2015,7,1172026.328989535,1847142.496643776,41.736006565,-87.645341819,"(41.73600656458518, -87.64534181897955)"
STONY ISLAND/CORNELL AND 67TH,2721,6700 S STONY ISLAND A,09/17/2015,7,1187984.143047539,1860863.338367666,41.773292896,-87.586442368,"(41.77329289585066, -87.58644236831432)"
HALSTED AND 103RD,2592,10300 S HALSTED STREE,09/17/2015,8,,,,,
PULASKI AND FOSTER,1104,4000 W FOSTER AVE,09/17/2015,2,1148759.16134887,1934294.249006446,41.975640616,-87.728335469,"(41.975640616231914, -87.72833546926573)"
CERMAK AND PULASKI,2334,4000 W CERMAK,09/17/2015,4,1150018.476053666,1889120.238540361,41.851654369,-87.724882975,"(41.85165436867626, -87.7248829753078)"
CENTRAL AND LAKE,1742,400 N CENTRAL AVENUE,09/17/2015,2,1138928.478257537,1902217.926149854,41.887804621,-87.765268498,"(41.88780462053497, -87.76526849810371)"
CHICAGO AND CLARK,1963,100 W CHICAGO AVENUE,09/17/2015,4,1175374.528739575,1905745.47783364,41.896744347,-87.631321248,"(41.896744346875806, -87.63132124815151)"
BROADWAY/SHERIDAN AND DEVON,1122,6400 N SHERIDAN ROAD,09/17/2015,11,1167087.151194129,1942658.704988689,41.998217921,-87.660695256,"(41.99821792053241, -87.6606952555721)"
35TH AND WESTERN,2092,3500 S WESTERN,09/17/2015,2,1160894.949857101,1881376.851112895,41.830187255,-87.685177925,"(41.83018725526863, -87.68517792510231)"
ASHLAND AND 87TH,2452,8700 S ASHLAND AVE,09/17/2015,7,1167150.470087748,1846991.212339794,41.735696989,-87.663209544,"(41.73569698863625, -87.66320954445679)"
99TH AND HALSTED,2433,800 W 99TH ST,09/17/2015,10,1172710.642565684,1839246.330602143,41.714323337,-87.643066714,"(41.71432333701137, -87.64306671421937)"
CANAL AND ROOSEVELT,2294,500 W ROOSEVELT ROAD,09/17/2015,7,1173290.72186561,1895021.166235495,41.867362693,-87.639293195,"(41.867362692616666, -87.63929319464197)"
CLARK AND IRVING PARK,1091,4000 N CLARK STREET,05/05/2017,1,1166736.149822904,1926699.323624709,41.954432441,-87.662446259,"(41.95443244141688, -87.66244625914061)"
PERSHING AND WESTERN,2112,3900 S WESTERN BLVD,09/17/2015,1,1161130.992078755,1878746.226354636,41.822963628,-87.684384785,"(41.82296362788048, -87.68438478541296)"
STATE AND 79TH,2654,1 E 79TH STREET,02/09/2017,31,1177680.113652821,1852598.313477786,41.750852096,-87.624463832,"(41.75085209551078, -87.62446383210285)"
MONTROSE AND WESTERN,1224,2400 W MONTROSE AVENUE,09/17/2015,1,1159562.971802959,1929191.337701253,41.961421726,-87.68874698,"(41.961421726406314, -87.68874697983858)"
CENTRAL AND BELMONT,1604,5600 W BELMONT AVENUE,09/17/2015,1,1138453.617438343,1920755.972768412,41.938683775,-87.766562494,"(41.93868377475747, -87.76656249384537)"
55TH AND WESTERN,2212,5500 S WESTERN AVE,09/17/2015,5,1161269.521335262,1867963.111601251,41.793370554,-87.684175377,"(41.79337055433029, -87.6841753767592)"
WESTERN AND FULLERTON,1671,2400 N WESTERN AVENUE,09/17/2015,9,1159923.309342995,1915897.778561358,41.924935944,-87.687790255,"(41.92493594409127, -87.68779025471278)"
63RD AND STATE,2714,1 E 63RD ST,09/17/2015,9,1177367.518733101,1863199.17768559,41.779949105,-87.625289553,"(41.779949104569106, -87.62528955333775)"
ASHLAND AND 95TH,2472,9500 S ASHLAND AVENUE,09/17/2015,7,1167295.830128711,1841695.121217916,41.721160612,-87.662828139,"(41.72116061205213, -87.66282813939165)"
CICERO AND FULLERTON,1474,4800 W FULLERTON AVE,09/17/2015,2,1143967.570794243,1915568.504954477,41.924347036,-87.74642764,"(41.924347036010694, -87.74642763965628)"
CORTLAND AND ASHLAND,1721,1900 N ASHLAND AVE,09/17/2015,19,1165348.084854857,1912736.454335569,41.916147281,-87.667947354,"(41.91614728095272, -87.66794735350443)"
HOMAN/KIMBALL AND NORTH,1773,3400 W NORTH AVE,09/17/2015,10,1153386.578905125,1910465.87061722,41.910162847,-87.711953868,"(41.91016284680269, -87.71195386769125)"
CENTRAL AND FULLERTON,1442,2400 N CENTRAL AVENUE,09/17/2015,2,1138603.468418662,1915431.058212414,41.924068922,-87.766141214,"(41.92406892227644, -87.76614121413186)"
CICERO AND 47TH,2202,4700 S CICERO AVE,09/17/2015,4,1145112.150373471,1873006.659918126,41.807530373,-87.743296821,"(41.80753037289406, -87.7432968212423)"
79TH AND HALSTED,2541,7900 S HALSTED STREET,09/17/2015,3,1172298.707400847,1852444.344822186,41.750549559,-87.644188368,"(41.750549559438944, -87.64418836784098)"
71ST AND ASHLAND,2394,1600 W 71ST,09/17/2015,3,1166890.012333149,1857674.2502247,41.765018306,-87.66385923,"(41.76501830555763, -87.66385923012646)"
CICERO AND PETERSON,1204,4800 W PETERSON AVENUE,09/17/2015,5,1143273.766829016,1939491.944645127,41.990008007,-87.748376951,"(41.99000800729908, -87.74837695118997)"
ASHLAND AND IRVING PARK,1153,1600 W IRVING PARK ROA,09/17/2015,1,,,,,
PETERSON AND WESTERN,1014,2400 W PETERSON,11/21/2016,7,1159214.211316277,1939825.301874586,41.99060901,-87.689735481,"(41.990609009807294, -87.68973548092968)"
LAWRENCE AND WESTERN,1193,2400 W LAWRENCE AVENUE,09/17/2015,2,1159482.648570304,1931851.989492596,41.968724349,-87.688968727,"(41.96872434882172, -87.68896872699601)"
SACRAMENTO AND CHICAGO,1814,3000 W CHICAGO AVENUE,05/05/2017,10,1156075.266375505,1905216.604770718,41.895704525,-87.702218524,"(41.895704524946225, -87.70221852353758)"
PULASKI AND FOSTER,1102,5200 N PULASKI RD,09/17/2015,3,1148746.251286324,1934286.914361976,41.97562074,-87.728383135,"(41.97562073966174, -87.72838313514907)"
OGDEN AND KOSTNER,2222,2348 S KOSTNER AVENUE,09/17/2015,6,1147394.548182079,1887795.177782082,41.848068845,-87.734547457,"(41.8480688449598, -87.73454745748458)"
KEDZIE AND 71ST,2354,3200 W 71ST STREET,09/17/2015,2,1156246.862901455,1857404.014959868,41.764497433,-87.702877023,"(41.76449743256955, -87.70287702335861)"
79TH AND KEDZIE,2443,3200 W 79TH ST,05/05/2017,3,1156402.644780165,1852104.649370984,41.749952001,-87.702448478,"(41.74995200142266, -87.70244847808695)"
119TH AND HALSTED,2404,800 W 119TH STREET,09/17/2015,4,1173111.174088158,1825985.001014405,41.677923389,-87.641989646,"(41.677923389134385, -87.64198964584013)"
HOMAN/KIMBALL AND NORTH,1771,1600 N HOMAN AVENUE,09/17/2015,1,,,,,
CALIFORNIA AND PETERSON,1313,2800 W PETERSON AVENUE,09/17/2015,2,1156569.515341857,1939784.830544118,41.990552082,-87.699464396,"(41.990552081681564, -87.69946439622785)"
WESTERN AND ADDISON,1563,2400 W ADDISON,09/17/2015,3,1159719.041544334,1923878.577275797,41.946839991,-87.688320193,"(41.9468399910054, -87.68832019252964)"
SACRAMENTO AND CHICAGO,1814,3000 W CHICAGO AVENUE,09/17/2015,1,1156075.266375505,1905216.604770718,41.895704525,-87.702218524,"(41.895704524946225, -87.70221852353758)"
FOSTER AND NAGLE,1031,5200 N NAGLE,09/17/2015,4,1132529.656558223,1934201.702060651,41.97568567,-87.788020406,"(41.97568566971868, -87.78802040620296)"
KEDZIE AND 31ST,2134,3200 W 31ST STREET,02/10/2017,4,1155487.128005646,1883943.061106793,41.8373395,-87.704950558,"(41.83733950029648, -87.70495055800411)"
WESTERN AND TOUHY,1252,7200 N WESTERN AVENUE,09/17/2015,1,1158975.66256211,1947754.286963361,42.012371335,-87.690393917,"(42.012371334791766, -87.69039391737863)"
CICERO AND WASHINGTON,1892,100 N CICERO AVENUE,09/17/2015,5,1144328.984091479,1900095.170838459,41.88187971,-87.745489247,"(41.88187970991601, -87.7454892473012)"
CENTRAL AND CHICAGO,1972,800 N CENTRAL AVENUE,09/17/2015,4,1138836.562608552,1904801.732832435,41.894896579,-87.765543258,"(41.89489657939746, -87.76554325845893)"
CORTLAND AND ASHLAND,1723,1600 W CORTLAND ST,09/17/2015,6,1165377.660768235,1912768.773647285,41.916235337,-87.667837772,"(41.91623533746878, -87.66783777212962)"
ARCHER AND CICERO,2081,5200 S CICERO AVE,09/17/2015,35,1145195.931989777,1869737.708306623,41.798558278,-87.743071866,"(41.798558278193305, -87.74307186616427)"
ROOSEVELT AND HALSTED,2233,800 W ROOSEVELT ROAD,09/17/2015,3,1171199.282357741,1894968.056393724,41.867263098,-87.646972686,"(41.86726309836901, -87.64697268601648)"
DIVISION AND DAMEN,1734,2000 W DIVISION,02/10/2017,6,1162815.710860194,1908034.672555531,41.903298793,-87.677383247,"(41.903298792681944, -87.67738324739636)"
55TH AND WESTERN,2213,2400 W 55TH STREET,02/10/2017,8,1161277.012730599,1868185.749490228,41.793981347,-87.684141741,"(41.7939813465735, -87.68414174128355)"
FULLERTON AND NARRAGANSETT,1554,6400 W FULLERTON AVENU,09/17/2015,4,1133317.594499059,1915293.661305931,41.923786189,-87.785567206,"(41.92378618871128, -87.78556720562165)"
CENTRAL AND ADDISON,1682,3600 N CENTRAL AVENUE,09/17/2015,2,1138343.117435682,1923392.067464765,41.945919491,-87.766904594,"(41.945919490555106, -87.76690459426293)"
HALSTED AND FULLERTON,1701,2400 N HALSTED STREET,09/17/2015,2,1170501.602639925,1916200.061550148,41.925540315,-87.648912156,"(41.925540315431995, -87.64891215551155)"
HAMLIN AND MADISON,1903,3800 W MADISON STREET,09/17/2015,5,1151032.709141294,1899784.033986533,41.880897273,-87.720881226,"(41.880897273491264, -87.72088122613924)"
VAN BUREN AND WESTERN,2052,400 S WESTERN AVENUE,09/17/2015,19,1160431.682297829,1898091.942371589,41.876064776,-87.686415631,"(41.87606477642526, -87.68641563098768)"
KEDZIE AND 31ST,2134,3200 W 31ST STREET,09/17/2015,3,1155487.128005646,1883943.061106793,41.8373395,-87.704950558,"(41.83733950029648, -87.70495055800411)"
STONY ISLAND/CORNELL AND 67TH,2721,6700 S STONY ISLAND A,02/10/2017,8,1187984.143047539,1860863.338367666,41.773292896,-87.586442368,"(41.77329289585066, -87.58644236831432)"
STONEY ISLAND AND 79TH,2461,7900 S SOUTH CHICAGO AVE,09/17/2015,3,1188274.655498937,1852865.685797892,41.751339705,-87.585632266,"(41.751339704589455, -87.58563226565187)"
CICERO AND WASHINGTON,1891,100 N CICERO AVENUE,09/17/2015,8,1144328.984091479,1900095.170838459,41.88187971,-87.745489247,"(41.88187970991601, -87.7454892473012)"
CICERO AND FULLERTON,1472,2400 N CICERO AVE,09/17/2015,1,1143961.592189569,1915545.343094087,41.92428359,-87.74645019,"(41.92428358982701, -87.74645019028947)"
ASHLAND AND MADISON,1914,1600 W MADISON,02/10/2017,5,1165723.014733182,1900136.515489506,41.881564167,-87.666929463,"(41.8815641670199, -87.66692946294842)"
ELSTON AND ADDISON,1402,3600 N ELSTON AVE,09/17/2015,2,1154106.95251778,1923731.036211081,41.946549165,-87.708952626,"(41.94654916480637, -87.70895262603513)"
CHICAGO AND CLARK,1963,100 W CHICAGO AVENUE,02/10/2017,10,1175374.528739575,1905745.47783364,41.896744347,-87.631321248,"(41.896744346875806, -87.63132124815151)"
MONTROSE AND WESTERN,1221,4400 N WESTERN AVENUE,09/17/2015,7,1159539.733234718,1929183.918095502,41.961401846,-87.688832623,"(41.961401846278505, -87.6888326227788)"
115TH AND HALSTED,2553,800 W 115TH STREET,09/17/2015,2,1173010.735357888,1828632.242070332,41.685190056,-87.642279564,"(41.68519005571938, -87.64227956401977)"
31ST ST AND MARTIN LUTHER KING DRIVE,2123,400 E 31ST STREET,09/17/2015,2,1179437.985396417,1884565.84226022,41.838534018,-87.617046113,"(41.838534018118914, -87.61704611345726)"
PULASKI AND DIVISION,1802,1200 N PULASKI ROAD,09/17/2015,2,1149459.590666926,1907723.219884254,41.902713902,-87.726451457,"(41.902713901936174, -87.72645145715836)"
CALIFORNIA AND DIVERSEY,1514,2800 W DIVERSEY,09/17/2015,27,1157212.54253358,1918526.674434943,41.932205395,-87.697679244,"(41.93220539506452, -87.6976792438691)"
MILWAUKEE AND DEVON,1272,6400 N MILWAUKEE AVEN,09/17/2015,2,1132463.750397878,1942107.911507627,41.997382173,-87.788077674,"(41.99738217345368, -87.78807767391953)"
LARAMIE AND FULLERTON,1421,2400 N LARAMIE AVENUE,09/17/2015,1,1141282.877477884,1915479.163971956,41.924151874,-87.756294662,"(41.92415187425276, -87.75629466175003)"
CALIFORNIA AND DIVERSEY,1513,2800 W DIVERSEY,09/17/2015,2,1157212.54253358,1918526.674434943,41.932205395,-87.697679244,"(41.93220539506452, -87.6976792438691)"
KEDZIE AND 31ST,2132,3100 S KEDZIE AVENUE,09/17/2015,2,1155483.167539854,1883867.660503274,41.837132671,-87.704967115,"(41.837132671422296, -87.70496711478727)"
CICERO AND CHICAGO,1781,800 N CICERO AVENUE,09/17/2015,5,1144169.162482127,1904893.189220372,41.895049038,-87.745955516,"(41.89504903796389, -87.74595551626888)"
CENTRAL AND IRVING PARK,1183,5600 W IRVING PARK ROAD,09/17/2015,4,1138281.535484986,1926078.647777633,41.953292847,-87.767065708,"(41.953292847298, -87.76706570775266)"
WESTERN AND 71ST,2614,2400 W 71ST STREET,09/17/2015,2,1161584.506819846,1857557.788853485,41.764810388,-87.683308769,"(41.76481038827884, -87.68330876944678)"
71ST AND ASHLAND,2391,7100 S ASHLAND,09/17/2015,1,1166868.379865725,1857616.168087255,41.764859382,-87.663940176,"(41.764859382425385, -87.66394017630476)"
HOLLYWOOD AND SHERIDAN,1344,1000 W HOLLYWOOD AVE,09/17/2015,33,1168580.228926466,1938090.295189338,41.985649799,-87.655335807,"(41.98564979859328, -87.65533580655139)"
CICERO AND PETERSON,1202,6000 N CICERO AVENUE,09/17/2015,10,1143247.733553094,1939479.342905704,41.989973915,-87.748473024,"(41.98997391514614, -87.74847302426933)"
HAMLIN AND LAKE,1882,300 N HAMLIN AVENUE,09/17/2015,3,1150970.026856642,1901381.688308858,41.885282636,-87.721069539,"(41.88528263580913, -87.72106953854511)"
STATE AND 79TH,2651,7900 S STATE STREET,09/17/2015,4,1177618.166929966,1852621.870232838,41.750918138,-87.624690123,"(41.7509181383154, -87.62469012251644)"
ELSTON AND LAWRENCE,1284,4440 W LAWRENCE AVENUE,09/17/2015,8,1145715.061027481,1931571.0474838,41.968226398,-87.739599251,"(41.96822639754791, -87.73959925065756)"
CICERO AND ADDISON,1612,3600 N CICERO AVENUE,09/17/2015,4,1143698.904601495,1923517.005821035,41.946163524,-87.747215169,"(41.94616352362556, -87.74721516897007)"
PULASKI AND ARCHER,2153,5000 S ARCHER AVE,02/10/2017,5,1150501.818909837,1871162.311703322,41.802365973,-87.723576766,"(41.80236597333895, -87.72357676611004)"
BELMONT AND KEDZIE,1373,3200 W BELMONT,09/17/2015,3,1154461.587940363,1921143.091003516,41.939440561,-87.707718516,"(41.93944056117365, -87.70771851630873)"
ASHLAND AND 95TH,2473,1600 W 95TH STREET,02/10/2017,9,1167323.753394196,1841755.029221382,41.721324412,-87.662724153,"(41.721324411975246, -87.66272415265087)"
PULASKI AND NORTH,1994,4000 W NORTH AVENUE,09/17/2015,3,1149456.2688422,1910376.774019002,41.909995582,-87.726394693,"(41.90999558160536, -87.72639469321471)"
PULASKI AND LAWRENCE,1173,4000 W LAWRENCE AVENUE,09/17/2015,1,1148844.220085601,1931638.45430438,41.968351285,-87.728091672,"(41.96835128527914, -87.72809167198088)"
ASHLAND AND FULLERTON,1651,2400 N ASHLAND AVENUE,09/17/2015,6,1165228.073342838,1916032.319169157,41.92519389,-87.668294363,"(41.92519388981048, -87.66829436339881)"
75TH AND STATE,2621,7500 S STATE STREET,09/17/2015,1,1177538.763040612,1855235.551345519,41.758092176,-87.624902228,"(41.75809217638291, -87.6249022282473)"
ASHLAND AND 95TH,2473,1600 W 95TH STREET,09/17/2015,4,1167323.753394196,1841755.029221382,41.721324412,-87.662724153,"(41.721324411975246, -87.66272415265087)"
HALSTED AND 95TH,2581,9500 S HALSTED STREET,09/17/2015,2,1172610.538363645,1841811.61926207,41.721365061,-87.643358042,"(41.72136506078306, -87.64335804234075)"
PULASKI AND IRVING PARK,1574,4000 W IRVING PARK RD,09/17/2015,4,1148988.727877253,1926320.954938409,41.953756874,-87.727698513,"(41.95375687447515, -87.72769851312907)"
STONEY ISLAND AND 79TH,2462,7900 S STONEY ISLAND,09/17/2015,3,1188181.571068297,1852908.934789311,41.751460603,-87.585971993,"(41.75146060316686, -87.5859719929647)"
ROOSEVELT AND PULASKI,2311,1200 S PULASKI ROAD,09/17/2015,5,1149866.002247864,1894375.839200384,41.866079337,-87.725305995,"(41.86607933722178, -87.7253059948758)"
LAKE SHORE DR AND BELMONT,1412,3200 N LAKESHORE DRIV,02/10/2017,12,1173053.220555078,1921821.380831705,41.940909163,-87.63936916,"(41.94090916326764, -87.63936915995522)"
HALSTED AND 103RD,2592,10300 S HALSTED STREE,02/10/2017,6,,,,,
PULASKI AND DIVISION,1801,1200 N PULASKI ROAD,02/10/2017,3,1149459.590666926,1907723.219884254,41.902713902,-87.726451457,"(41.902713901936174, -87.72645145715836)"
PULASKI AND DIVERSEY,1543,4000 W DIVERSEY AVENUE,02/10/2017,2,1149206.496130705,1918356.569267582,41.931897723,-87.72710503,"(41.9318977231462, -87.72710503045386)"
CICERO AND HARRISON,2023,4800 W HARRISON STREET,09/17/2015,3,1144451.867388303,1896949.561959463,41.873245464,-87.745117179,"(41.873245464379586, -87.7451171788807)"
HAMLIN AND MADISON,1903,3800 W MADISON STREET,02/10/2017,14,1151032.709141294,1899784.033986533,41.880897273,-87.720881226,"(41.880897273491264, -87.72088122613924)"
BELMONT AND KEDZIE,1372,3200 N KEDZIE AVE,09/17/2015,8,1154426.977874407,1921110.466549542,41.93935173,-87.707846594,"(41.93935173030961, -87.70784659359776)"
119TH AND HALSTED,2402,11900 S HALSTED,09/17/2015,4,1173094.774616191,1825911.054609338,41.677720829,-87.642051845,"(41.67772082924762, -87.64205184498218)"
WESTERN AND DEVON,1212,6400 N WESTERN AVENUE,02/10/2017,1,1159113.585759434,1942451.622367891,41.997817807,-87.690033035,"(41.997817807026, -87.69003303469276)"
HARLEM AND BELMONT,1394,7200 W BELMONT AVE,09/17/2015,6,1127504.698153561,1920475.415440844,41.938105479,-87.806809552,"(41.93810547939496, -87.80680955240743)"
SACRAMENTO AND LAKE,1821,150 N SACRAMENTO BOUL,09/17/2015,5,1156319.560664766,1900957.489351962,41.884012178,-87.701436479,"(41.88401217771363, -87.7014364786693)"
CENTRAL AND ADDISON,1683,5600 W ADDISON STREET,09/17/2015,2,1138349.663302502,1923416.02157061,41.945985104,-87.766879952,"(41.94598510430888, -87.76687995165918)"
DIVERSEY AND WESTERN,1434,2400 W DIVERSEY AVENUE,09/17/2015,1,1159859.648423836,1918576.255784305,41.932287183,-87.687950093,"(41.93228718299094, -87.6879500934122)"
COLUMBUS AND ILLINOIS,1951,500 N COLUMBUS DRIVE,09/17/2015,14,1178372.808407292,1903693.06016042,41.891044569,-87.620371839,"(41.891044569124276, -87.620371839074)"
CANAL AND ROOSEVELT,2291,1200 S CANAL STREET,09/17/2015,1,1173268.771030949,1894952.634878732,41.867175125,-87.639375813,"(41.86717512472001, -87.63937581258092)"
LAFAYETTE AND 87TH,2502,8700 S LAFAYETTE AVEN,09/17/2015,16,1177417.493180297,1847243.988223464,41.73616511,-87.625587569,"(41.73616511008592, -87.62558756899932)"
WENTWORTH AND GARFIELD,2261,5500 S WENTWORTH AVEN,09/17/2015,27,,,,,
BROADWAY/SHERIDAN AND DEVON,1123,1200 W DEVON AVE,09/17/2015,2,1167109.644248166,1942688.147952186,41.998298228,-87.660611661,"(41.99829822771884, -87.66061166063517)"
79TH AND KEDZIE,2443,3200 W 79TH ST,09/17/2015,2,1156402.644780165,1852104.649370984,41.749952001,-87.702448478,"(41.74995200142266, -87.70244847808695)"
HOMAN/KIMBALL AND NORTH,1771,1600 N HOMAN AVENUE,02/10/2017,3,,,,,
PERSHING AND WESTERN,2114,2400 W PERSHING ROAD,09/17/2015,4,1160957.773623189,1878793.434193427,41.82309676,-87.685018951,"(41.82309676016606, -87.68501895061576)"
CICERO AND NORTH,2033,4800 W NORTH AVENUE,09/17/2015,3,1144053.733747163,1910243.80567041,41.90973389,-87.746244973,"(41.909733890131285, -87.74624497295898)"
FOSTER AND BROADWAY,1111,5200 N BROADWAY ST,09/17/2015,5,1167334.508577915,1934714.008346532,41.976412143,-87.660015082,"(41.97641214294823, -87.66001508205365)"
CLARK AND IRVING PARK,1091,4000 N CLARK STREET,09/17/2015,1,1166736.149822904,1926699.323624709,41.954432441,-87.662446259,"(41.95443244141688, -87.66244625914061)"
PULASKI AND DIVERSEY,1543,4000 W DIVERSEY AVENUE,09/17/2015,3,1149206.496130705,1918356.569267582,41.931897723,-87.72710503,"(41.9318977231462, -87.72710503045386)"
55TH AND WESTERN,2213,2400 W 55TH STREET,09/17/2015,7,1161277.012730599,1868185.749490228,41.793981347,-87.684141741,"(41.7939813465735, -87.68414174128355)"
WESTERN AND MARQUETTE,2672,6700 S WESTERN AVENUE,09/17/2015,6,1161488.747635042,1860134.788366884,41.771884028,-87.683588402,"(41.77188402771193, -87.68358840206334)"
DAMEN AND DIVERSEY,1462,2800 N DAMEN AVENUE,09/17/2015,5,1162490.04851994,1918611.623717091,41.932329494,-87.678282719,"(41.9323294940985, -87.67828271931386)"
IRVING PARK AND KEDZIE,1354,3200 W IRVING PARK ROAD,09/17/2015,5,1154325.140302006,1926458.463197156,41.954029047,-87.708077494,"(41.95402904691877, -87.70807749383191)"
COLUMBUS AND ILLINOIS,1952,500 N COLUMBUS DRIVE,09/17/2015,14,1178372.808407292,1903693.06016042,41.891044569,-87.620371839,"(41.891044569124276, -87.620371839074)"
HALSTED AND 103RD,2593,800 W 103RD STREET,09/17/2015,1,1172778.570616036,1836587.755252818,41.70702632,-87.642896007,"(41.707026319812215, -87.64289600741817)"
KEDZIE AND 26TH,2381,2600 S KEDZIE AVENUE,09/17/2015,3,1155404.235510285,1886524.460033054,41.844424831,-87.705185452,"(41.84442483084393, -87.70518545233183)"
79TH AND HALSTED,2543,800 W 79TH STREET,09/17/2015,4,1172320.105719411,1852517.9814434,41.750751157,-87.644107793,"(41.75075115747316, -87.64410779300933)"
DIVERSEY AND AUSTIN,1454,6000 W DIVERSEY AVENUE,09/17/2015,2,1135895.736169343,1918029.70673837,41.931248624,-87.776028612,"(41.931248623643455, -87.77602861172493)"
SHERIDAN AND FOSTER,1132,5200 N SHERIDAN ROAD,09/17/2015,1,1168661.623718229,1934753.842272756,41.976492721,-87.655133605,"(41.97649272077833, -87.65513360456677)"
MONTROSE AND WESTERN,1224,2400 W MONTROSE AVENUE,11/22/2016,1,1159562.971802959,1929191.337701253,41.961421726,-87.68874698,"(41.961421726406314, -87.68874697983858)"
WESTERN AND CERMAK,1002,2200 S WESTERN AVENUE,09/17/2015,1,1160669.42562757,1889318.196820393,41.85198384,-87.685785704,"(41.85198383957328, -87.68578570420526)"
ELSTON AND IRVING PARK,1503,3700 W IRVING PARK ROA,09/17/2015,7,,,,,
55TH AND WESTERN,2213,2400 W 55TH STREET,09/18/2015,1,1161277.012730599,1868185.749490228,41.793981347,-87.684141741,"(41.7939813465735, -87.68414174128355)"
STATE AND 79TH,2654,1 E 79TH STREET,09/18/2015,26,1177680.113652821,1852598.313477786,41.750852096,-87.624463832,"(41.75085209551078, -87.62446383210285)"
CLARK AND IRVING PARK,1093,1300 W IRVING PARK ROAD,09/18/2015,2,1166777.545456989,1926719.73687357,41.954487567,-87.662293496,"(41.95448756687966, -87.66229349585691)"
HALSTED AND NORTH,1761,1600 N HALSTED STREET,09/18/2015,8,1170678.283433825,1910880.991397547,41.910940644,-87.648419043,"(41.91094064391597, -87.64841904272998)"
KEDZIE AND 31ST,2132,3100 S KEDZIE AVENUE,02/10/2017,6,1155483.167539854,1883867.660503274,41.837132671,-87.704967115,"(41.837132671422296, -87.70496711478727)"
CICERO AND 47TH,2202,4700 S CICERO AVE,09/18/2015,1,1145112.150373471,1873006.659918126,41.807530373,-87.743296821,"(41.80753037289406, -87.7432968212423)"
31ST ST AND MARTIN LUTHER KING DRIVE,2123,400 E 31ST STREET,09/18/2015,5,1179437.985396417,1884565.84226022,41.838534018,-87.617046113,"(41.838534018118914, -87.61704611345726)"
HALSTED AND MADISON,1871,1 S HALSTED STREET,09/18/2015,4,1171092.392868784,1900234.542088741,41.881717056,-87.647210539,"(41.88171705561901, -87.64721053920604)"
ROOSEVELT AND KOSTNER,2321,1200 S KOSTNER,09/18/2015,2,1147196.304001978,1894305.883269746,41.865938839,-87.735108549,"(41.8659388389088, -87.73510854901264)"
VAN BUREN AND WESTERN,2052,400 S WESTERN AVENUE,09/18/2015,22,1160431.682297829,1898091.942371589,41.876064776,-87.686415631,"(41.87606477642526, -87.68641563098768)"
BELMONT AND KEDZIE,1372,3200 N KEDZIE AVE,09/18/2015,16,1154426.977874407,1921110.466549542,41.93935173,-87.707846594,"(41.93935173030961, -87.70784659359776)"
PULASKI AND DIVISION,1801,1200 N PULASKI ROAD,09/18/2015,4,1149459.590666926,1907723.219884254,41.902713902,-87.726451457,"(41.902713901936174, -87.72645145715836)"
STONEY ISLAND AND 79TH,2462,7900 S STONEY ISLAND,09/18/2015,2,1188181.571068297,1852908.934789311,41.751460603,-87.585971993,"(41.75146060316686, -87.5859719929647)"
79TH AND KEDZIE,2443,3200 W 79TH ST,09/18/2015,7,1156402.644780165,1852104.649370984,41.749952001,-87.702448478,"(41.74995200142266, -87.70244847808695)"
DAMEN AND FULLERTON,1663,2000 W FULLERTON AVE,09/18/2015,10,1162596.935552891,1915990.579747891,41.925134944,-87.677963546,"(41.92513494374925, -87.67796354553815)"
CICERO AND 47TH,2204,4800 W 47TH ST,02/10/2017,8,1145130.048925744,1873078.44198302,41.807727017,-87.743229366,"(41.80772701677172, -87.74322936566276)"
STATE AND 79TH,2651,7900 S STATE STREET,09/18/2015,8,1177618.166929966,1852621.870232838,41.750918138,-87.624690123,"(41.7509181383154, -87.62469012251644)"
PULASKI AND NORTH,1994,4000 W NORTH AVENUE,09/18/2015,1,1149456.2688422,1910376.774019002,41.909995582,-87.726394693,"(41.90999558160536, -87.72639469321471)"
LARAMIE AND FULLERTON,1424,5200 W FULLERTON AVENUE,09/18/2015,2,1141305.554932016,1915502.611239048,41.924215797,-87.756210755,"(41.92421579723144, -87.75621075458939)"
ASHLAND AND DIVISION,1791,1200 N ASHLAND AVENUE,09/18/2015,6,1165466.997046718,1908083.767015974,41.903377468,-87.667643142,"(41.903377467566784, -87.66764314227497)"
79TH AND HALSTED,2541,7900 S HALSTED STREET,09/18/2015,3,1172298.707400847,1852444.344822186,41.750549559,-87.644188368,"(41.750549559438944, -87.64418836784098)"
ASHLAND AND MADISON,1911,0 N ASHLAND AVE,09/17/2015,11,,,,,
LASALLE AND KINZIE,1923,140 W KINZIE,02/10/2017,3,1175048.09765242,1903028.894760294,41.889297219,-87.632601648,"(41.88929721947309, -87.63260164817305)"
ARCHER AND CICERO,2081,5200 S CICERO AVE,09/18/2015,27,1145195.931989777,1869737.708306623,41.798558278,-87.743071866,"(41.798558278193305, -87.74307186616427)"
CICERO AND FULLERTON,1472,2400 N CICERO AVE,09/18/2015,5,1143961.592189569,1915545.343094087,41.92428359,-87.74645019,"(41.92428358982701, -87.74645019028947)"
CALIFORNIA AND DIVERSEY,1513,2800 W DIVERSEY,02/10/2017,7,1157212.54253358,1918526.674434943,41.932205395,-87.697679244,"(41.93220539506452, -87.6976792438691)"
JEFFERY AND 95TH,2522,9500 S JEFFERY AVE,09/18/2015,3,1191132.420601301,1842335.735988875,41.722375907,-87.575499903,"(41.72237590704101, -87.57549990332795)"
WESTERN AND 79TH,2484,2400 W 79TH ST,09/18/2015,1,1161758.68085177,1852242.255513454,41.750220168,-87.682817693,"(41.75022016799851, -87.68281769253687)"
CICERO AND ARMITAGE,2001,2000 N CICERO AVENUE,09/18/2015,5,1144031.525719004,1912881.8300295,41.916973325,-87.746260223,"(41.91697332451097, -87.74626022251057)"
STONEY ISLAND AND 76TH,2631,7600 S STONY ISLAND A,09/17/2015,19,1188092.796191935,1854889.354158304,41.756897173,-87.586234285,"(41.75689717260223, -87.58623428506996)"
LASALLE AND KINZIE,1921,400 N LASALLE,09/18/2015,8,1175028.579766798,1903002.552291359,41.889225372,-87.632674115,"(41.88922537162015, -87.63267411498495)"
35TH AND WESTERN,2092,3500 S WESTERN,09/18/2015,2,1160894.949857101,1881376.851112895,41.830187255,-87.685177925,"(41.83018725526863, -87.68517792510231)"
CENTRAL AND LAKE,1743,5600 W LAKE STREET,02/10/2017,2,1138951.495695032,1902230.510465733,41.887838735,-87.765183663,"(41.887838735330206, -87.76518366338465)"
CORTLAND AND ASHLAND,1721,1900 N ASHLAND AVE,09/18/2015,19,1165348.084854857,1912736.454335569,41.916147281,-87.667947354,"(41.91614728095272, -87.66794735350443)"
63RD AND STATE,2714,1 E 63RD ST,03/26/2016,16,1177367.518733101,1863199.17768559,41.779949105,-87.625289553,"(41.779949104569106, -87.62528955333775)"
ASHLAND AND FULLERTON,1652,2400 N ASHLAND AVENUE,09/18/2015,14,1165228.073342838,1916032.319169157,41.92519389,-87.668294363,"(41.92519388981048, -87.66829436339881)"
DAMEN AND DIVERSEY,1464,2000 W DIVERSEY PARKWAY,09/17/2015,3,1162519.714934025,1918635.417634925,41.932394164,-87.678173031,"(41.93239416403691, -87.67817303087757)"
DIVERSEY AND AUSTIN,1454,6000 W DIVERSEY AVENUE,09/18/2015,1,1135895.736169343,1918029.70673837,41.931248624,-87.776028612,"(41.931248623643455, -87.77602861172493)"
JEFFERY AND 95TH,2523,2000 E 95TH ST,09/18/2015,2,1191188.381103057,1842410.411853539,41.722579473,-87.575292523,"(41.722579473126416, -87.57529252250366)"
IRVING PARK AND LARAMIE,1534,5200 W IRVING PARK ROA,09/18/2015,3,,,,,
35TH AND WESTERN,2091,3500 S WESTERN,09/18/2015,7,1160894.949857101,1881376.851112895,41.830187255,-87.685177925,"(41.83018725526863, -87.68517792510231)"
KEDZIE AND 26TH,2381,2600 S KEDZIE AVENUE,09/18/2015,4,1155404.235510285,1886524.460033054,41.844424831,-87.705185452,"(41.84442483084393, -87.70518545233183)"
WESTERN AND CERMAK,1002,2200 S WESTERN AVENUE,09/18/2015,6,1160669.42562757,1889318.196820393,41.85198384,-87.685785704,"(41.85198383957328, -87.68578570420526)"
KEDZIE AND 71ST,2352,7100 S KEDZIE AVENUE,02/10/2017,5,1156225.540366296,1857330.103443232,41.764295037,-87.702957162,"(41.764295036756856, -87.70295716211793)"
71ST AND ASHLAND,2394,1600 W 71ST,09/18/2015,3,1166890.012333149,1857674.2502247,41.765018306,-87.66385923,"(41.76501830555763, -87.66385923012646)"
STONEY ISLAND AND 79TH,2464,1600 E 79TH ST,09/18/2015,3,1188284.704439907,1852964.829047574,41.751611523,-87.585592284,"(41.75161152327319, -87.58559228428787)"
HAMLIN AND MADISON,1901,0 N HAMLIN BOULEVARD,02/10/2017,5,,,,,
LASALLE AND KINZIE,1923,140 W KINZIE,09/18/2015,6,1175048.09765242,1903028.894760294,41.889297219,-87.632601648,"(41.88929721947309, -87.63260164817305)"
WESTERN AND 79TH,2481,7900 S WESTERN AVE,09/18/2015,4,1161711.516404028,1852181.685686118,41.750054934,-87.682992203,"(41.750054933649984, -87.68299220290213)"
ASHLAND AND 95TH,2473,1600 W 95TH STREET,09/18/2015,5,1167323.753394196,1841755.029221382,41.721324412,-87.662724153,"(41.721324411975246, -87.66272415265087)"
MILWAUKEE AND DEVON,1272,6400 N MILWAUKEE AVEN,09/18/2015,1,1132463.750397878,1942107.911507627,41.997382173,-87.788077674,"(41.99738217345368, -87.78807767391953)"
PULASKI AND FOSTER,1102,5200 N PULASKI RD,09/18/2015,5,1148746.251286324,1934286.914361976,41.97562074,-87.728383135,"(41.97562073966174, -87.72838313514907)"
CENTRAL AND DIVERSEY,1644,5600 W DIVERSEY AVENUE,09/18/2015,2,1138539.758528398,1918097.096677271,41.931385977,-87.766310532,"(41.93138597683265, -87.76631053155157)"
FOSTER AND NAGLE,1031,5200 N NAGLE,09/18/2015,6,1132529.656558223,1934201.702060651,41.97568567,-87.788020406,"(41.97568566971868, -87.78802040620296)"
CLARK AND FULLERTON,1632,2400 N CLARK ST,09/18/2015,1,1172749.562209477,1916238.997132859,41.925597623,-87.640650973,"(41.925597623023144, -87.64065097309872)"
LAWRENCE AND WESTERN,1193,2400 W LAWRENCE AVENUE,09/18/2015,2,1159482.648570304,1931851.989492596,41.968724349,-87.688968727,"(41.96872434882172, -87.68896872699601)"
MADISON AND WESTERN,1931,1 S WESTERN AVE,09/17/2015,3,1160453.827721979,1899933.703473746,41.881118279,-87.686283339,"(41.881118278833966, -87.686283338873)"
ASHLAND AND FULLERTON,1651,2400 N ASHLAND AVENUE,09/18/2015,18,1165228.073342838,1916032.319169157,41.92519389,-87.668294363,"(41.92519388981048, -87.66829436339881)"
KEDZIE AND 26TH,2382,2600 S KEDZIE AVENUE,09/18/2015,1,1155404.235510285,1886524.460033054,41.844424831,-87.705185452,"(41.84442483084393, -87.70518545233183)"
HAMLIN AND LAKE,1881,300 N HAMLIN AVENUE,09/18/2015,1,1150970.026856642,1901381.688308858,41.885282636,-87.721069539,"(41.88528263580913, -87.72106953854511)"
CICERO AND FULLERTON,1474,4800 W FULLERTON AVE,09/18/2015,5,1143967.570794243,1915568.504954477,41.924347036,-87.74642764,"(41.924347036010694, -87.74642763965628)"
IRVING PARK AND CALIFORNIA,1234,2800 W IRVING PARK ROA,09/18/2015,3,,,,,
99TH AND HALSTED,2433,800 W 99TH ST,09/18/2015,10,1172710.642565684,1839246.330602143,41.714323337,-87.643066714,"(41.71432333701137, -87.64306671421937)"
CALIFORNIA AND PETERSON,1313,2800 W PETERSON AVENUE,09/18/2015,2,1156569.515341857,1939784.830544118,41.990552082,-87.699464396,"(41.990552081681564, -87.69946439622785)"
HOLLYWOOD AND SHERIDAN,1344,1000 W HOLLYWOOD AVE,09/18/2015,20,1168580.228926466,1938090.295189338,41.985649799,-87.655335807,"(41.98564979859328, -87.65533580655139)"
CLARK AND FULLERTON,1631,2400 N CLARK ST,09/18/2015,1,1172749.562209477,1916238.997132859,41.925597623,-87.640650973,"(41.925597623023144, -87.64065097309872)"
HOMAN/KIMBALL AND NORTH,1771,1600 N HOMAN AVENUE,09/18/2015,4,,,,,
HALSTED AND FULLERTON,1704,800 W FULLERTON AVENUE,09/18/2015,8,1170525.624723311,1916208.443992778,41.925562791,-87.648823641,"(41.92556279107417, -87.64882364145232)"
PULASKI AND NORTH,1992,1600 N PULASKI AVENUE,09/18/2015,1,1149432.959240306,1910369.112502195,41.90997501,-87.726480523,"(41.909975010236906, -87.72648052306623)"
4700 WESTERN,2141,4700 S WESTERN AVENUE,09/18/2015,5,1161120.438879703,1873431.066474726,41.808378408,-87.684570717,"(41.808378407946726, -87.68457071689552)"
KEDZIE AND ARMITAGE,1832,2000 N KEDZIE AVENUE,09/17/2015,11,1154684.031809326,1913129.496340896,41.917446172,-87.707116072,"(41.91744617191702, -87.70711607187832)"
COTTAGE GROVE AND 71ST,2572,7100 S COTTAGE GROVE,09/18/2015,2,1182746.23698699,1858088.011064538,41.765800351,-87.605729127,"(41.76580035131893, -87.6057291269901)"
BELMONT AND KEDZIE,1371,3200 N KEDZIE AVENUE,09/18/2015,1,1154426.977874407,1921110.466549542,41.93935173,-87.707846594,"(41.93935173030961, -87.70784659359776)"
ASHLAND AND 87TH,2452,8700 S ASHLAND AVE,09/18/2015,2,1167150.470087748,1846991.212339794,41.735696989,-87.663209544,"(41.73569698863625, -87.66320954445679)"
FOSTER AND BROADWAY,1111,5200 N BROADWAY ST,09/18/2015,5,1167334.508577915,1934714.008346532,41.976412143,-87.660015082,"(41.97641214294823, -87.66001508205365)"
MILWAUKEE AND DEVON,1274,6400 W DEVON AVENUE,09/18/2015,6,1132590.619798275,1942138.532048656,41.997463981,-87.787610243,"(41.99746398102873, -87.78761024341388)"
WESTERN AND CHICAGO,1941,800 N WESTERN AVE,09/18/2015,1,1160220.967978608,1905277.507115921,41.895786955,-87.686990586,"(41.89578695485361, -87.68699058611217)"
HOLLYWOOD AND SHERIDAN,1343,1000 W HOLLYWOOD AVE,09/17/2015,7,1168580.228926466,1938090.295189338,41.985649799,-87.655335807,"(41.98564979859328, -87.65533580655139)"
ASHLAND AND MADISON,1911,0 N ASHLAND AVE,09/18/2015,14,,,,,
CICERO AND NORTH,2033,4800 W NORTH AVENUE,09/18/2015,5,1144053.733747163,1910243.80567041,41.90973389,-87.746244973,"(41.909733890131285, -87.74624497295898)"
79TH AND HALSTED,2543,800 W 79TH STREET,09/18/2015,7,1172320.105719411,1852517.9814434,41.750751157,-87.644107793,"(41.75075115747316, -87.64410779300933)"
71ST AND ASHLAND,2391,7100 S ASHLAND,09/18/2015,6,1166868.379865725,1857616.168087255,41.764859382,-87.663940176,"(41.764859382425385, -87.66394017630476)"
CENTRAL AND ADDISON,1683,5600 W ADDISON STREET,09/18/2015,1,1138349.663302502,1923416.02157061,41.945985104,-87.766879952,"(41.94598510430888, -87.76687995165918)"
ASHLAND AND IRVING PARK,1151,4000 N ASHLAND AVENUE,09/18/2015,2,1164899.463802581,1926665.661118925,41.954379326,-87.66919912,"(41.954379326212695, -87.66919911980419)"
CICERO AND CHICAGO,1781,800 N CICERO AVENUE,09/18/2015,3,1144169.162482127,1904893.189220372,41.895049038,-87.745955516,"(41.89504903796389, -87.74595551626888)"
CENTRAL AND BELMONT,1604,5600 W BELMONT AVENUE,09/18/2015,1,1138453.617438343,1920755.972768412,41.938683775,-87.766562494,"(41.93868377475747, -87.76656249384537)"
COTTAGE GROVE AND 71ST,2571,7100 S COTTAGE GROVE,02/10/2017,2,1182746.23698699,1858088.011064538,41.765800351,-87.605729127,"(41.76580035131893, -87.6057291269901)"
55TH AND KEDZIE,2163,3200 W 55TH STREET,09/18/2015,1,1155966.956993183,1868015.593764152,41.793622803,-87.703618141,"(41.79362280329978, -87.70361814062049)"
HARLEM AND BELMONT,1391,3200 N HARLEM AVE,09/18/2015,3,1127481.020995451,1920467.613239239,41.938084468,-87.806896749,"(41.93808446822169, -87.80689674887883)"
COLUMBUS AND ILLINOIS,1951,500 N COLUMBUS DRIVE,09/18/2015,10,1178372.808407292,1903693.06016042,41.891044569,-87.620371839,"(41.891044569124276, -87.620371839074)"
DIVERSEY AND WESTERN,1434,2400 W DIVERSEY AVENUE,09/18/2015,1,1159859.648423836,1918576.255784305,41.932287183,-87.687950093,"(41.93228718299094, -87.6879500934122)"
ASHLAND AND LAWRENCE,1143,1600 W LAWRENCE AVENUE,09/18/2015,4,1164771.946929007,1931988.254061312,41.968987457,-87.669516307,"(41.96898745654617, -87.66951630654926)"
PULASKI AND ARMITAGE,1843,4000 W ARMITAGE AVENUE,09/18/2015,5,1149375.428872108,1913028.984273181,41.917275069,-87.726622746,"(41.91727506940875, -87.72662274644799)"
CICERO AND PETERSON,1202,6000 N CICERO AVENUE,09/18/2015,6,1143247.733553094,1939479.342905704,41.989973915,-87.748473024,"(41.98997391514614, -87.74847302426933)"
KEDZIE AND 71ST,2352,7100 S KEDZIE AVENUE,09/18/2015,3,1156225.540366296,1857330.103443232,41.764295037,-87.702957162,"(41.764295036756856, -87.70295716211793)"
HOLLYWOOD AND SHERIDAN,1343,1000 W HOLLYWOOD AVE,09/18/2015,9,1168580.228926466,1938090.295189338,41.985649799,-87.655335807,"(41.98564979859328, -87.65533580655139)"
WESTERN AND 63RD,2373,2400 W 63RD ST,09/18/2015,1,1161444.415758584,1862848.534703658,41.779331844,-87.683675761,"(41.77933184429814, -87.68367576084798)"
WESTERN AND ADDISON,1562,3600 N WESTERN AVENUE,09/18/2015,14,1159695.573342728,1923871.086283556,41.94681992,-87.688406662,"(41.94681991986288, -87.68840666206194)"
55TH and PULASKI,2244,4000 W 55TH ST,09/18/2015,3,1150621.676903861,1867864.274865394,41.793313334,-87.723223038,"(41.79331333358753, -87.72322303812588)"
KOSTNER AND NORTH,2012,4400 W GRAND AVE,09/18/2015,5,1146773.519128439,1910425.663958581,41.91018141,-87.73624887,"(41.910181409597406, -87.73624887040725)"
4700 WESTERN,2142,4700 S WESTERN AVENUE,09/18/2015,1,1161120.438879703,1873431.066474726,41.808378408,-87.684570717,"(41.808378407946726, -87.68457071689552)"
PULASKI AND DIVERSEY,1542,2800 N PULASKI ROAD,09/18/2015,7,1149200.724531183,1918332.222549679,41.931831026,-87.727126873,"(41.93183102561505, -87.72712687300454)"
DAMEN AND DIVERSEY,1462,2800 N DAMEN AVENUE,09/18/2015,2,1162490.04851994,1918611.623717091,41.932329494,-87.678282719,"(41.9323294940985, -87.67828271931386)"
BROADWAY/SHERIDAN AND DEVON,1123,1200 W DEVON AVE,09/18/2015,9,1167109.644248166,1942688.147952186,41.998298228,-87.660611661,"(41.99829822771884, -87.66061166063517)"
KOSTNER AND NORTH,2013,4400 W NORTH,09/18/2015,5,1146738.551618032,1910309.595368032,41.909863573,-87.736380296,"(41.90986357340246, -87.73638029605371)"
LARAMIE AND MADISON,2043,5200 W MADISON STREET,09/18/2015,2,1141706.965522802,1899567.55684314,41.880480752,-87.755130433,"(41.88048075170171, -87.75513043296509)"
WESTERN AND FOSTER,1074,2400 W FOSTER AVE,09/18/2015,7,1159379.402846887,1934502.712486132,41.97600019,-87.689275084,"(41.97600018976586, -87.68927508385399)"
IRVING PARK AND NARRAGANSETT,1023,6400 W IRVING PK,09/18/2015,3,1132945.939118726,1925946.304925137,41.953024751,-87.786683238,"(41.95302475075328, -87.78668323766634)"
CENTRAL AND CHICAGO,1973,5600 W CHICAGO AVENUE,09/18/2015,3,1138858.856732452,1904825.827586656,41.894962293,-87.765460791,"(41.89496229349977, -87.76546079122906)"
DAMEN AND 63RD,2702,6300 S DAMEN AVENUE,09/18/2015,1,1164069.407943298,1862830.277442834,41.779226921,-87.674052731,"(41.77922692069256, -87.67405273137854)"
CALIFORNIA AND DIVERSEY,1513,2800 W DIVERSEY,09/18/2015,6,1157212.54253358,1918526.674434943,41.932205395,-87.697679244,"(41.93220539506452, -87.6976792438691)"
CLARK AND IRVING PARK,1091,4000 N CLARK STREET,09/18/2015,3,1166736.149822904,1926699.323624709,41.954432441,-87.662446259,"(41.95443244141688, -87.66244625914061)"
DAMEN AND 63RD,2701,6300 S DAMEN AVENUE,09/18/2015,3,1164069.407943298,1862830.277442834,41.779226921,-87.674052731,"(41.77922692069256, -87.67405273137854)"
CALIFORNIA AND DEVON,1321,6400 N CALIFORNIA AVE,09/18/2015,1,1156461.150245401,1942370.37710537,41.997649133,-87.699792629,"(41.997649133049336, -87.69979262891378)"
CENTRAL AND LAKE,1743,5600 W LAKE STREET,09/18/2015,1,1138951.495695032,1902230.510465733,41.887838735,-87.765183663,"(41.887838735330206, -87.76518366338465)"
WESTERN AND NORTH,1851,1600 N WESTERN AVE,09/18/2015,6,1160077.474351131,1910605.013316134,41.910409024,-87.687370268,"(41.91040902362901, -87.687370268401)"
ELSTON AND LAWRENCE,1284,4440 W LAWRENCE AVENUE,09/18/2015,9,1145715.061027481,1931571.0474838,41.968226398,-87.739599251,"(41.96822639754791, -87.73959925065756)"
111TH AND HALSTED,2424,800 W 111TH ST,09/18/2015,2,1172945.404219168,1831282.917027882,41.692465363,-87.642440901,"(41.692465363421874, -87.64244090105778)"
ASHLAND AND 87TH,2452,8700 S ASHLAND AVE,02/10/2017,4,1167150.470087748,1846991.212339794,41.735696989,-87.663209544,"(41.73569698863625, -87.66320954445679)"
COLUMBUS AND ILLINOIS,1952,500 N COLUMBUS DRIVE,09/18/2015,13,1178372.808407292,1903693.06016042,41.891044569,-87.620371839,"(41.891044569124276, -87.620371839074)"
ROOSEVELT AND HALSTED,2233,800 W ROOSEVELT ROAD,09/18/2015,2,1171199.282357741,1894968.056393724,41.867263098,-87.646972686,"(41.86726309836901, -87.64697268601648)"
ROOSEVELT AND HALSTED,2234,800 W ROOSEVELT ROAD,02/10/2017,2,1171199.282357741,1894968.056393724,41.867263098,-87.646972686,"(41.86726309836901, -87.64697268601648)"
ADDISON AND HARLEM,1591,3600 N HARLEM AVENUE,09/18/2015,9,1127394.594070737,1923110.532422811,41.945338412,-87.807154769,"(41.94533841246591, -87.80715476912044)"
CALIFORNIA AND DEVON,1323,2800 W DEVON AVENUE,02/10/2017,3,1156484.528078038,1942377.980662191,41.997669523,-87.699706423,"(41.99766952286052, -87.69970642324591)"
WESTERN AND TOUHY,1251,7200 N WESTERN AVENUE,09/18/2015,1,1158975.66256211,1947754.286963361,42.012371335,-87.690393917,"(42.012371334791766, -87.69039391737863)"
DAMEN AND DIVERSEY,1464,2000 W DIVERSEY PARKWAY,09/18/2015,6,1162519.714934025,1918635.417634925,41.932394164,-87.678173031,"(41.93239416403691, -87.67817303087757)"
