PULASKI AND LAWRENCE,1172,4800 N PULASKI ROAD,07/16/2014,1,1148821.701520117,1931605.974570937,41.968262595,-87.728175316,"(41.968262595100775, -87.7281753157596)"
119TH AND HALSTED,2404,800 W 119TH STREET,09/23/2014,5,1173111.174088158,1825985.001014405,41.677923389,-87.641989646,"(41.677923389134385, -87.64198964584013)"
DAMEN AND FULLERTON,1663,2000 W FULLERTON AVE,08/14/2014,10,1162596.935552891,1915990.579747891,41.925134944,-87.677963546,"(41.92513494374925, -87.67796354553815)"
MILWAUKEE AND DEVON,1274,6400 W DEVON AVENUE,09/13/2014,15,1132590.619798275,1942138.532048656,41.997463981,-87.787610243,"(41.99746398102873, -87.78761024341388)"
55TH AND KEDZIE,2162,5500 S KEDZIE AVENUE,07/06/2014,2,1155945.854705238,1867941.621374192,41.793420237,-87.703697508,"(41.793420236755864, -87.70369750845424)"
JEFFERY AND 79TH,2663,2000 E 79TH STREET,10/02/2014,1,1190922.804327671,1853026.181924232,41.751716559,-87.575923074,"(41.751716559267784, -87.57592307446549)"
DIVISION AND DAMEN,1733,2000 W DIVISION,09/19/2014,7,1162815.710860194,1908034.672555531,41.903298793,-87.677383247,"(41.903298792681944, -87.67738324739636)"
IRVING PARK AND KEDZIE,1353,3200 W IRVING PARK ROAD,07/11/2014,6,1154325.140302006,1926458.463197156,41.954029047,-87.708077494,"(41.95402904691877, -87.70807749383191)"
FOSTER AND NAGLE,1031,5200 N NAGLE,12/11/2014,8,1132529.656558223,1934201.702060651,41.97568567,-87.788020406,"(41.97568566971868, -87.78802040620296)"
LASALLE AND KINZIE,1921,400 N LASALLE,09/25/2014,12,1175028.579766798,1903002.552291359,41.889225372,-87.632674115,"(41.88922537162015, -87.63267411498495)"
PULASKI AND PETERSON,1263,4000 W PETERSON AVENUE,08/15/2014,14,1148618.560490339,1939615.133928395,41.990244186,-87.728714391,"(41.99024418564742, -87.7287143910091)"
CENTRAL AND ADDISON,1682,3600 N CENTRAL AVENUE,08/15/2014,2,1138343.117435682,1923392.067464765,41.945919491,-87.766904594,"(41.945919490555106, -87.76690459426293)"
LAKE SHORE DR AND BELMONT,1412,3200 N LAKESHORE DRIV,09/12/2014,3,1173053.220555078,1921821.380831705,41.940909163,-87.63936916,"(41.94090916326764, -87.63936915995522)"
CICERO AND NORTH,2034,4800 W NORTH AVENUE,08/15/2014,9,1144053.733747163,1910243.80567041,41.90973389,-87.746244973,"(41.909733890131285, -87.74624497295898)"
HALSTED AND 95TH,2581,9500 S HALSTED STREET,07/03/2014,4,1172610.538363645,1841811.61926207,41.721365061,-87.643358042,"(41.72136506078306, -87.64335804234075)"
WESTERN AND CERMAK,1003,2400 W CERMAK ROAD,07/24/2014,2,1160678.000607329,1889375.645335924,41.852141307,-87.685752642,"(41.85214130680468, -87.6857526415569)"
CICERO AND CHICAGO,1781,800 N CICERO AVENUE,08/18/2014,7,1144169.162482127,1904893.189220372,41.895049038,-87.745955516,"(41.89504903796389, -87.74595551626888)"
CORNELL DRIVE AND 57TH,2182,5700 S CORNELL DRIVE,07/31/2014,26,1188165.732740433,1867529.196427323,41.791580204,-87.585564215,"(41.79158020433135, -87.58556421519536)"
WESTERN AND PRATT,1301,6800 N WESTERN AVENUE,09/30/2014,4,1159043.160898631,1945096.218978482,42.005076123,-87.69021903,"(42.00507612272344, -87.69021903022175)"
CENTRAL AND LAKE,1743,5600 W LAKE STREET,08/03/2014,3,1138951.495695032,1902230.510465733,41.887838735,-87.765183663,"(41.887838735330206, -87.76518366338465)"
FOSTER AND BROADWAY,1111,5200 N BROADWAY ST,08/30/2014,4,1167334.508577915,1934714.008346532,41.976412143,-87.660015082,"(41.97641214294823, -87.66001508205365)"
ROOSEVELT AND KOSTNER,2323,4400 W ROOSEVELT,07/05/2014,4,1147200.963258796,1894379.538078088,41.866140868,-87.73508956,"(41.866140867641654, -87.73508956008207)"
83RD AND STONY ISLAND,2563,1600 E 83RD STREET,09/13/2014,10,1188383.194217679,1850307.01299095,41.744315875,-87.585316041,"(41.74431587464464, -87.58531604125469)"
CALIFORNIA AND DIVERSEY,1513,2800 W DIVERSEY,07/28/2014,1,1157212.54253358,1918526.674434943,41.932205395,-87.697679244,"(41.93220539506452, -87.6976792438691)"
CICERO AND HARRISON,2023,4800 W HARRISON STREET,09/08/2014,2,1144451.867388303,1896949.561959463,41.873245464,-87.745117179,"(41.873245464379586, -87.7451171788807)"
LAKE SHORE DR AND BELMONT,1413,400 W BELMONT AVE,08/05/2014,53,1172981.744869382,1921577.376128802,41.940241193,-87.639639114,"(41.94024119325571, -87.63963911427594)"
MILWAUKEE AND DEVON,1274,6400 W DEVON AVENUE,09/29/2014,3,1132590.619798275,1942138.532048656,41.997463981,-87.787610243,"(41.99746398102873, -87.78761024341388)"
MADISON AND CENTRAL,1751,0 S CENTRAL AVENUE,10/04/2014,2,,,,,
111TH AND HALSTED,2422,11100 S HALSTED ST,08/29/2014,6,1172923.657689312,1831209.044179248,41.692263123,-87.642522688,"(41.692263123425136, -87.6425226876268)"
CALIFORNIA AND DIVERSEY,1514,2800 W DIVERSEY,08/12/2014,24,1157212.54253358,1918526.674434943,41.932205395,-87.697679244,"(41.93220539506452, -87.6976792438691)"
PULASKI AND IRVING PARK,1574,4000 W IRVING PARK RD,10/01/2014,1,1148988.727877253,1926320.954938409,41.953756874,-87.727698513,"(41.95375687447515, -87.72769851312907)"
CALIFORNIA AND DIVERSEY,1513,2800 W DIVERSEY,08/06/2014,2,1157212.54253358,1918526.674434943,41.932205395,-87.697679244,"(41.93220539506452, -87.6976792438691)"
CICERO AND 47TH,2204,4800 W 47TH ST,08/17/2014,11,1145130.048925744,1873078.44198302,41.807727017,-87.743229366,"(41.80772701677172, -87.74322936566276)"
VINCENNES AND 111TH,2531,11100 S VINCENNES AVE,07/29/2014,9,1167202.128381332,1831126.639262444,41.692160999,-87.663472469,"(41.69216099874656, -87.66347246868617)"
111TH AND HALSTED,2422,11100 S HALSTED ST,09/02/2014,1,1172923.657689312,1831209.044179248,41.692263123,-87.642522688,"(41.692263123425136, -87.6425226876268)"
LAWRENCE AND WESTERN,1193,2400 W LAWRENCE AVENUE,10/06/2014,2,1159482.648570304,1931851.989492596,41.968724349,-87.688968727,"(41.96872434882172, -87.68896872699601)"
CENTRAL AND BELMONT,1602,3200 N CENTRAL AVENUE,09/17/2014,3,1138430.432324593,1920731.654410336,41.938617463,-87.766648297,"(41.938617463272884, -87.76664829683827)"
CENTRAL AND LAKE,1742,400 N CENTRAL AVENUE,09/25/2014,5,1138928.478257537,1902217.926149854,41.887804621,-87.765268498,"(41.88780462053497, -87.76526849810371)"
CANAL AND ROOSEVELT,2294,500 W ROOSEVELT ROAD,07/21/2014,12,1173290.72186561,1895021.166235495,41.867362693,-87.639293195,"(41.867362692616666, -87.63929319464197)"
DAMEN AND FULLERTON,1662,2400 N DAMEN AVE,07/24/2014,4,1162574.442800845,1915955.081657831,41.925038006,-87.678047191,"(41.925038006410325, -87.67804719101314)"
STATE AND 79TH,2651,7900 S STATE STREET,09/06/2014,1,1177618.166929966,1852621.870232838,41.750918138,-87.624690123,"(41.7509181383154, -87.62469012251644)"
KEDZIE AND 31ST,2134,3200 W 31ST STREET,09/01/2014,6,1155487.128005646,1883943.061106793,41.8373395,-87.704950558,"(41.83733950029648, -87.70495055800411)"
ASHLAND AND 95TH,2472,9500 S ASHLAND AVENUE,08/10/2014,6,1167295.830128711,1841695.121217916,41.721160612,-87.662828139,"(41.72116061205213, -87.66282813939165)"
DAMEN AND 63RD,,6300 S DAMEN AVENUE,08/15/2014,1,1164069.407943298,1862830.277442834,41.779226921,-87.674052731,"(41.77922692069256, -87.67405273137854)"
PETERSON AND WESTERN,1014,2400 W PETERSON,08/31/2014,6,1159214.211316277,1939825.301874586,41.99060901,-87.689735481,"(41.990609009807294, -87.68973548092968)"
BROADWAY/SHERIDAN AND DEVON,1123,1200 W DEVON AVE,08/14/2014,3,1167109.644248166,1942688.147952186,41.998298228,-87.660611661,"(41.99829822771884, -87.66061166063517)"
TOUHY AND OSCEOLA,1244,7432 W TOUHY AVENUE,09/15/2014,4,1125717.010560011,1947269.685461107,42.011661765,-87.812781431,"(42.01166176507329, -87.81278143114147)"
CANAL AND ROOSEVELT,2294,500 W ROOSEVELT ROAD,09/16/2014,9,1173290.72186561,1895021.166235495,41.867362693,-87.639293195,"(41.867362692616666, -87.63929319464197)"
CANAL AND ROOSEVELT,2291,1200 S CANAL STREET,08/20/2014,3,1173268.771030949,1894952.634878732,41.867175125,-87.639375813,"(41.86717512472001, -87.63937581258092)"
WESTERN AND FOSTER,1072,5200 N WESTERN AVE,09/27/2014,8,1159372.922497116,1934478.313674003,41.975933372,-87.689299589,"(41.97593337199358, -87.6892995891816)"
WESTERN AND 79TH,2484,2400 W 79TH ST,10/07/2014,1,1161758.68085177,1852242.255513454,41.750220168,-87.682817693,"(41.75022016799851, -87.68281769253687)"
CLARK AND IRVING PARK,1093,1300 W IRVING PARK ROAD,08/05/2014,4,1166777.545456989,1926719.73687357,41.954487567,-87.662293496,"(41.95448756687966, -87.66229349585691)"
CLARK AND IRVING PARK,1093,1300 W IRVING PARK ROAD,07/04/2014,4,1166777.545456989,1926719.73687357,41.954487567,-87.662293496,"(41.95448756687966, -87.66229349585691)"
WESTERN AND 51ST,2172,5100 S WESTERN BLVD,08/19/2014,4,1161345.691274872,1870773.193852299,41.801080204,-87.683818209,"(41.801080203554356, -87.68381820888895)"
MILWAUKEE AND DEVON,1272,6400 N MILWAUKEE AVEN,09/07/2014,1,1132463.750397878,1942107.911507627,41.997382173,-87.788077674,"(41.99738217345368, -87.78807767391953)"
79TH AND HALSTED,2543,800 W 79TH STREET,07/27/2014,1,1172320.105719411,1852517.9814434,41.750751157,-87.644107793,"(41.75075115747316, -87.64410779300933)"
PULASKI AND FOSTER,1104,4000 W FOSTER AVE,08/14/2014,8,1148759.16134887,1934294.249006446,41.975640616,-87.728335469,"(41.975640616231914, -87.72833546926573)"
LARAMIE AND MADISON,2044,5200 W MADISON STREET,08/18/2014,9,1141706.965522802,1899567.55684314,41.880480752,-87.755130433,"(41.88048075170171, -87.75513043296509)"
PULASKI AND BELMONT,1382,3200 N PULASKI RD,07/18/2014,3,1149125.621478734,1920994.556178086,41.939138154,-87.72733371,"(41.939138153500274, -87.7273337101426)"
SHERIDAN AND FOSTER,1132,5200 N SHERIDAN ROAD,07/01/2014,1,1168661.623718229,1934753.842272756,41.976492721,-87.655133605,"(41.97649272077833, -87.65513360456677)"
WESTERN AND TOUHY,1251,7200 N WESTERN AVENUE,09/01/2014,1,1158975.66256211,1947754.286963361,42.012371335,-87.690393917,"(42.012371334791766, -87.69039391737863)"
DAMEN AND 63RD,2702,6300 S DAMEN AVENUE,09/09/2014,1,1164069.407943298,1862830.277442834,41.779226921,-87.674052731,"(41.77922692069256, -87.67405273137854)"
COTTAGE GROVE AND 95TH,2603,800 E 95TH STREET,09/16/2014,7,1183230.529909316,1842186.614201556,41.722153939,-87.604447736,"(41.72215393877189, -87.60444773564429)"
PULASKI AND MONTROSE,1294,4000 W MONTROSE AVENUE,09/25/2014,1,1148917.521854602,1928980.338532162,41.961055804,-87.727891206,"(41.96105580370759, -87.72789120598296)"
83RD AND STONY ISLAND,2563,1600 E 83RD STREET,08/20/2014,1,1188383.194217679,1850307.01299095,41.744315875,-87.585316041,"(41.74431587464464, -87.58531604125469)"
STONEY ISLAND AND 76TH,2631,7600 S STONY ISLAND A,12/11/2014,10,1188092.796191935,1854889.354158304,41.756897173,-87.586234285,"(41.75689717260223, -87.58623428506996)"
75TH AND STATE,2621,7500 S STATE STREET,09/27/2014,9,1177538.763040612,1855235.551345519,41.758092176,-87.624902228,"(41.75809217638291, -87.6249022282473)"
LARAMIE AND MADISON,2044,5200 W MADISON STREET,07/11/2014,12,1141706.965522802,1899567.55684314,41.880480752,-87.755130433,"(41.88048075170171, -87.75513043296509)"
WENTWORTH AND GARFIELD,2264,200 W GARFIELD BLVD,09/25/2014,16,1175889.574397302,1868551.750512227,41.794670385,-87.630547476,"(41.79467038468937, -87.63054747605638)"
119TH AND HALSTED,2402,11900 S HALSTED,10/09/2014,3,1173094.774616191,1825911.054609338,41.677720829,-87.642051845,"(41.67772082924762, -87.64205184498218)"
COLUMBUS AND ILLINOIS,1951,500 N COLUMBUS DRIVE,09/18/2014,9,1178372.808407292,1903693.06016042,41.891044569,-87.620371839,"(41.891044569124276, -87.620371839074)"
CENTRAL AND CHICAGO,1973,5600 W CHICAGO AVENUE,10/03/2014,2,1138858.856732452,1904825.827586656,41.894962293,-87.765460791,"(41.89496229349977, -87.76546079122906)"
DAMEN AND DIVERSEY,1462,2800 N DAMEN AVENUE,09/17/2014,2,1162490.04851994,1918611.623717091,41.932329494,-87.678282719,"(41.9323294940985, -87.67828271931386)"
WENTWORTH AND GARFIELD,2261,5500 S WENTWORTH AVEN,10/04/2014,9,,,,,
PULASKI AND LAWRENCE,1173,4000 W LAWRENCE AVENUE,07/04/2014,3,1148844.220085601,1931638.45430438,41.968351285,-87.728091672,"(41.96835128527914, -87.72809167198088)"
79TH AND HALSTED,2541,7900 S HALSTED STREET,07/19/2014,6,1172298.707400847,1852444.344822186,41.750549559,-87.644188368,"(41.750549559438944, -87.64418836784098)"
HALSTED AND 95TH,2581,9500 S HALSTED STREET,07/30/2014,4,1172610.538363645,1841811.61926207,41.721365061,-87.643358042,"(41.72136506078306, -87.64335804234075)"
CALIFORNIA AND DEVON,1323,2800 W DEVON AVENUE,07/15/2014,2,1156484.528078038,1942377.980662191,41.997669523,-87.699706423,"(41.99766952286052, -87.69970642324591)"
PULASKI AND NORTH,1992,1600 N PULASKI AVENUE,07/26/2014,2,1149432.959240306,1910369.112502195,41.90997501,-87.726480523,"(41.909975010236906, -87.72648052306623)"
KEDZIE AND 63RD,2361,6300 S KEDZIE AVE,10/05/2014,3,1156097.505177228,1862668.051775093,41.77894575,-87.703283119,"(41.77894575017997, -87.70328311900342)"
55TH and PULASKI,2244,4000 W 55TH ST,07/02/2014,6,1150621.676903861,1867864.274865394,41.793313334,-87.723223038,"(41.79331333358753, -87.72322303812588)"
CICERO AND NORTH,2034,4800 W NORTH AVENUE,10/05/2014,3,1144053.733747163,1910243.80567041,41.90973389,-87.746244973,"(41.909733890131285, -87.74624497295898)"
75TH AND STATE,2624,1 E 75TH STREET,10/13/2014,6,1177601.72646404,1855229.486604181,41.758074111,-87.624671658,"(41.75807411097799, -87.62467165835182)"
ASHLAND AND DIVISION,1791,1200 N ASHLAND AVENUE,09/16/2014,4,1165466.997046718,1908083.767015974,41.903377468,-87.667643142,"(41.903377467566784, -87.66764314227497)"
SACRAMENTO AND LAKE,1822,150 N SACRAMENTO BOUL,07/24/2014,2,1156319.560664766,1900957.489351962,41.884012178,-87.701436479,"(41.88401217771363, -87.7014364786693)"
CENTRAL AND FULLERTON,1442,2400 N CENTRAL AVENUE,10/07/2014,1,1138603.468418662,1915431.058212414,41.924068922,-87.766141214,"(41.92406892227644, -87.76614121413186)"
DIVERSEY AND WESTERN,1434,2400 W DIVERSEY AVENUE,09/18/2014,2,1159859.648423836,1918576.255784305,41.932287183,-87.687950093,"(41.93228718299094, -87.6879500934122)"
PULASKI AND NORTH,1994,4000 W NORTH AVENUE,09/07/2014,7,1149456.2688422,1910376.774019002,41.909995582,-87.726394693,"(41.90999558160536, -87.72639469321471)"
63RD AND STATE,2712,6300 S STATE ST,09/18/2014,7,1177303.801895084,1863220.216755923,41.780008277,-87.625522512,"(41.78000827740796, -87.6255225119157)"
KEDZIE AND 26TH,2381,2600 S KEDZIE AVENUE,07/04/2014,3,1155404.235510285,1886524.460033054,41.844424831,-87.705185452,"(41.84442483084393, -87.70518545233183)"
MILWAUKEE AND MONTROSE,1364,5075 W MONTROSE AVENUE,08/10/2014,3,1141716.746618898,1928736.076639057,41.960522088,-87.754371424,"(41.96052208819935, -87.75437142402293)"
WENTWORTH AND GARFIELD,2264,200 W GARFIELD BLVD,08/03/2014,3,1175889.574397302,1868551.750512227,41.794670385,-87.630547476,"(41.79467038468937, -87.63054747605638)"
HALSTED AND MADISON,1872,1 N HALSTED STREET,07/08/2014,7,1171090.967986833,1900270.454015136,41.881815632,-87.647214717,"(41.88181563164203, -87.64721471704077)"
JEFFERY AND 95TH,2522,9500 S JEFFERY AVE,08/23/2014,1,1191132.420601301,1842335.735988875,41.722375907,-87.575499903,"(41.72237590704101, -87.57549990332795)"
CALIFORNIA AND DIVERSEY,1513,2800 W DIVERSEY,09/24/2014,5,1157212.54253358,1918526.674434943,41.932205395,-87.697679244,"(41.93220539506452, -87.6976792438691)"
55TH AND WESTERN,2213,2400 W 55TH STREET,09/24/2014,5,1161277.012730599,1868185.749490228,41.793981347,-87.684141741,"(41.7939813465735, -87.68414174128355)"
CICERO AND I55,2251,4200 S CICERO AVENUE,08/20/2014,34,1145023.742859509,1876358.276835519,41.816729387,-87.743536712,"(41.81672938674739, -87.74353671247594)"
ELSTON AND ADDISON,1402,3600 N ELSTON AVE,07/19/2014,1,1154106.95251778,1923731.036211081,41.946549165,-87.708952626,"(41.94654916480637, -87.70895262603513)"
WESTERN AND NORTH,1853,2400 W NORTH AVE,07/20/2014,1,1160100.839010995,1910612.783367238,41.910429862,-87.687284221,"(41.91042986235867, -87.68728422050837)"
SHERIDAN AND FOSTER,1134,1000 W FOSTER AVE,07/02/2014,1,1168689.247756979,1934758.578141654,41.976505116,-87.655031882,"(41.97650511595711, -87.65503188224778)"
JEFFERY AND 95TH,2522,9500 S JEFFERY AVE,09/17/2014,4,1191132.420601301,1842335.735988875,41.722375907,-87.575499903,"(41.72237590704101, -87.57549990332795)"
WENTWORTH AND GARFIELD,2264,200 W GARFIELD BLVD,07/18/2014,11,1175889.574397302,1868551.750512227,41.794670385,-87.630547476,"(41.79467038468937, -87.63054747605638)"
BELMONT AND KEDZIE,1373,3200 W BELMONT,09/05/2014,2,1154461.587940363,1921143.091003516,41.939440561,-87.707718516,"(41.93944056117365, -87.70771851630873)"
PULASKI AND LAWRENCE,1173,4000 W LAWRENCE AVENUE,07/17/2014,6,1148844.220085601,1931638.45430438,41.968351285,-87.728091672,"(41.96835128527914, -87.72809167198088)"
CENTRAL AND DIVERSEY,1644,5600 W DIVERSEY AVENUE,08/21/2014,3,1138539.758528398,1918097.096677271,41.931385977,-87.766310532,"(41.93138597683265, -87.76631053155157)"
STONY ISLAND/CORNELL AND 67TH,2721,6700 S STONY ISLAND A,07/15/2014,7,1187984.143047539,1860863.338367666,41.773292896,-87.586442368,"(41.77329289585066, -87.58644236831432)"
WESTERN AND DEVON,1211,6400 N WESTERN AVENUE,08/01/2014,3,1159113.585759434,1942451.622367891,41.997817807,-87.690033035,"(41.997817807026, -87.69003303469276)"
CENTRAL AND LAKE,1743,5600 W LAKE STREET,07/31/2014,2,1138951.495695032,1902230.510465733,41.887838735,-87.765183663,"(41.887838735330206, -87.76518366338465)"
CENTRAL AND DIVERSEY,1642,2800 N CENTRAL AVENUE,07/11/2014,3,1138516.407377375,1918089.499227987,41.931365552,-87.766396529,"(41.93136555236339, -87.76639652879172)"
CICERO AND HARRISON,2023,4800 W HARRISON STREET,08/18/2014,2,1144451.867388303,1896949.561959463,41.873245464,-87.745117179,"(41.873245464379586, -87.7451171788807)"
COLUMBUS AND ILLINOIS,1952,500 N COLUMBUS DRIVE,09/23/2014,4,1178372.808407292,1903693.06016042,41.891044569,-87.620371839,"(41.891044569124276, -87.620371839074)"
99TH AND HALSTED,2431,9900 S HALSTED ST,07/07/2014,10,1172689.754200318,1839171.652197216,41.714118868,-87.643145408,"(41.714118868089905, -87.64314540818165)"
LARAMIE AND MADISON,2044,5200 W MADISON STREET,07/24/2014,18,1141706.965522802,1899567.55684314,41.880480752,-87.755130433,"(41.88048075170171, -87.75513043296509)"
ASHLAND AND MADISON,1914,1600 W MADISON,09/02/2014,3,1165723.014733182,1900136.515489506,41.881564167,-87.666929463,"(41.8815641670199, -87.66692946294842)"
LARAMIE AND MADISON,2043,5200 W MADISON STREET,09/15/2014,10,1141706.965522802,1899567.55684314,41.880480752,-87.755130433,"(41.88048075170171, -87.75513043296509)"
CICERO AND CHICAGO,1781,800 N CICERO AVENUE,08/25/2014,1,1144169.162482127,1904893.189220372,41.895049038,-87.745955516,"(41.89504903796389, -87.74595551626888)"
WESTERN AND 71ST,2612,7100 S WESTERN AVENUE,08/18/2014,14,1161563.704681724,1857484.211306323,41.764608912,-87.683387053,"(41.76460891223613, -87.68338705328121)"
ROOSEVELT AND KOSTNER,2321,1200 S KOSTNER,08/07/2014,1,1147196.304001978,1894305.883269746,41.865938839,-87.735108549,"(41.8659388389088, -87.73510854901264)"
FULLERTON AND NARRAGANSETT,1554,6400 W FULLERTON AVENU,08/14/2014,7,1133317.594499059,1915293.661305931,41.923786189,-87.785567206,"(41.92378618871128, -87.78556720562165)"
CLARK AND IRVING PARK,1093,1300 W IRVING PARK ROAD,07/19/2014,9,1166777.545456989,1926719.73687357,41.954487567,-87.662293496,"(41.95448756687966, -87.66229349585691)"
31ST ST AND MARTIN LUTHER KING DRIVE,2123,400 E 31ST STREET,10/07/2014,4,1179437.985396417,1884565.84226022,41.838534018,-87.617046113,"(41.838534018118914, -87.61704611345726)"
KEDZIE AND 26TH,2382,2600 S KEDZIE AVENUE,07/22/2014,2,1155404.235510285,1886524.460033054,41.844424831,-87.705185452,"(41.84442483084393, -87.70518545233183)"
79TH AND HALSTED,2543,800 W 79TH STREET,09/13/2014,3,1172320.105719411,1852517.9814434,41.750751157,-87.644107793,"(41.75075115747316, -87.64410779300933)"
WESTERN AND FULLERTON,1671,2400 N WESTERN AVENUE,07/05/2014,14,1159923.309342995,1915897.778561358,41.924935944,-87.687790255,"(41.92493594409127, -87.68779025471278)"
55TH AND KEDZIE,2162,5500 S KEDZIE AVENUE,07/27/2014,2,1155945.854705238,1867941.621374192,41.793420237,-87.703697508,"(41.793420236755864, -87.70369750845424)"
VINCENNES AND 111TH,2532,11100 S VINCENNES AVE,09/29/2014,5,1167202.128381332,1831126.639262444,41.692160999,-87.663472469,"(41.69216099874656, -87.66347246868617)"
HOMAN/KIMBALL AND NORTH,1771,1600 N HOMAN AVENUE,09/13/2014,1,,,,,
ROOSEVELT AND HALSTED,2234,800 W ROOSEVELT ROAD,10/12/2014,9,1171199.282357741,1894968.056393724,41.867263098,-87.646972686,"(41.86726309836901, -87.64697268601648)"
ASHLAND AND 47TH,2192,4700 S ASHLAND AVENUE,08/25/2014,5,1166423.624284841,1873520.235394001,41.808511597,-87.665117292,"(41.8085115972472, -87.66511729173287)"
DAMEN AND FULLERTON,1663,2000 W FULLERTON AVE,09/29/2014,11,1162596.935552891,1915990.579747891,41.925134944,-87.677963546,"(41.92513494374925, -87.67796354553815)"
DAMEN AND FULLERTON,1663,2000 W FULLERTON AVE,08/03/2014,9,1162596.935552891,1915990.579747891,41.925134944,-87.677963546,"(41.92513494374925, -87.67796354553815)"
KEDZIE AND 71ST,2354,3200 W 71ST STREET,07/27/2014,1,1156246.862901455,1857404.014959868,41.764497433,-87.702877023,"(41.76449743256955, -87.70287702335861)"
ROOSEVELT AND KOSTNER,2321,1200 S KOSTNER,08/09/2014,3,1147196.304001978,1894305.883269746,41.865938839,-87.735108549,"(41.8659388389088, -87.73510854901264)"
31ST ST AND MARTIN LUTHER KING DRIVE,2123,400 E 31ST STREET,08/31/2014,8,1179437.985396417,1884565.84226022,41.838534018,-87.617046113,"(41.838534018118914, -87.61704611345726)"
WESTERN AND 79TH,2484,2400 W 79TH ST,07/22/2014,2,1161758.68085177,1852242.255513454,41.750220168,-87.682817693,"(41.75022016799851, -87.68281769253687)"
CICERO AND CHICAGO,1783,4800 W CHICAGO AVENUE,10/15/2014,4,1144175.291152764,1904916.255225279,41.895112219,-87.745932427,"(41.89511221857764, -87.74593242701515)"
WESTERN AND DEVON,1212,6400 N WESTERN AVENUE,09/14/2014,4,1159113.585759434,1942451.622367891,41.997817807,-87.690033035,"(41.997817807026, -87.69003303469276)"
WESTERN AND CERMAK,1002,2200 S WESTERN AVENUE,08/09/2014,16,1160669.42562757,1889318.196820393,41.85198384,-87.685785704,"(41.85198383957328, -87.68578570420526)"
HARLEM AND NORTHWEST HWY,1082,6400 N HARLEM AVE,12/11/2014,2,1127335.21218179,1941943.442727776,41.997018918,-87.806947715,"(41.99701891845275, -87.8069477154956)"
PULASKI AND ARMITAGE,1843,4000 W ARMITAGE AVENUE,08/15/2014,1,1149375.428872108,1913028.984273181,41.917275069,-87.726622746,"(41.91727506940875, -87.72662274644799)"
DIVERSEY AND WESTERN,1434,2400 W DIVERSEY AVENUE,08/11/2014,1,1159859.648423836,1918576.255784305,41.932287183,-87.687950093,"(41.93228718299094, -87.6879500934122)"
DIVERSEY AND AUSTIN,1454,6000 W DIVERSEY AVENUE,08/14/2014,4,1135895.736169343,1918029.70673837,41.931248624,-87.776028612,"(41.931248623643455, -87.77602861172493)"
VINCENNES AND 111TH,2532,11100 S VINCENNES AVE,08/11/2014,6,1167202.128381332,1831126.639262444,41.692160999,-87.663472469,"(41.69216099874656, -87.66347246868617)"
WESTERN AND CERMAK,1002,2200 S WESTERN AVENUE,09/20/2014,6,1160669.42562757,1889318.196820393,41.85198384,-87.685785704,"(41.85198383957328, -87.68578570420526)"
COLUMBUS AND ILLINOIS,1951,500 N COLUMBUS DRIVE,08/13/2014,12,1178372.808407292,1903693.06016042,41.891044569,-87.620371839,"(41.891044569124276, -87.620371839074)"
STONEY ISLAND AND 76TH,2632,7600 S STONY ISLAND A,09/29/2014,4,1188092.796191935,1854889.354158304,41.756897173,-87.586234285,"(41.75689717260223, -87.58623428506996)"
31ST ST AND MARTIN LUTHER KING DRIVE,2123,400 E 31ST STREET,08/13/2014,2,1179437.985396417,1884565.84226022,41.838534018,-87.617046113,"(41.838534018118914, -87.61704611345726)"
HALSTED AND 95TH,2582,9500 S HALSTED STREET,09/13/2014,1,1172610.538363645,1841811.61926207,41.721365061,-87.643358042,"(41.72136506078306, -87.64335804234075)"
CICERO AND DIVERSEY,1694,4800 W DIVERSEY AVENUE,09/22/2014,2,1143869.848167704,1918226.043989398,41.93164142,-87.746719911,"(41.93164142040689, -87.7467199106462)"
PULASKI AND NORTH,1994,4000 W NORTH AVENUE,07/20/2014,1,1149456.2688422,1910376.774019002,41.909995582,-87.726394693,"(41.90999558160536, -87.72639469321471)"
ASHLAND AND ARCHER,2301,3100 S ASHLAND AVENUE,07/18/2014,19,1166131.325337548,1884126.42490739,41.837622344,-87.665887181,"(41.83762234415814, -87.66588718054551)"
79TH AND KEDZIE,2443,3200 W 79TH ST,07/14/2014,5,1156402.644780165,1852104.649370984,41.749952001,-87.702448478,"(41.74995200142266, -87.70244847808695)"
HALSTED AND MADISON,1871,1 S HALSTED STREET,09/30/2014,4,1171092.392868784,1900234.542088741,41.881717056,-87.647210539,"(41.88171705561901, -87.64721053920604)"
CORTLAND AND ASHLAND,1723,1600 W CORTLAND ST,09/21/2014,16,1165377.660768235,1912768.773647285,41.916235337,-87.667837772,"(41.91623533746878, -87.66783777212962)"
DAMEN AND 63RD,2701,6300 S DAMEN AVENUE,10/11/2014,4,1164069.407943298,1862830.277442834,41.779226921,-87.674052731,"(41.77922692069256, -87.67405273137854)"
CENTRAL AND FULLERTON,1444,5600 W FULLERTON AVENU,07/06/2014,3,1138627.279189421,1915438.969256439,41.924090199,-87.76605353,"(41.92409019883488, -87.76605353016079)"
DIVERSEY AND AUSTIN,1453,6000 W DIVERSEY AVENUE,10/04/2014,1,1135895.736169343,1918029.70673837,41.931248624,-87.776028612,"(41.931248623643455, -87.77602861172493)"
HAMLIN AND LAKE,1881,300 N HAMLIN AVENUE,07/09/2014,2,1150970.026856642,1901381.688308858,41.885282636,-87.721069539,"(41.88528263580913, -87.72106953854511)"
87TH AND VINCENNES,2412,8700 S VINCENNES,07/27/2014,21,1172026.328989535,1847142.496643776,41.736006565,-87.645341819,"(41.73600656458518, -87.64534181897955)"
DIVERSEY AND WESTERN,1431,2800 N WESTERN AVENUE,10/01/2014,3,1159837.205417355,1918550.506189309,41.932216988,-87.688033281,"(41.93221698794738, -87.68803328089533)"
DIVERSEY AND AUSTIN,1454,6000 W DIVERSEY AVENUE,10/04/2014,5,1135895.736169343,1918029.70673837,41.931248624,-87.776028612,"(41.931248623643455, -87.77602861172493)"
ASHLAND AND FULLERTON,1652,2400 N ASHLAND AVENUE,07/25/2014,9,1165228.073342838,1916032.319169157,41.92519389,-87.668294363,"(41.92519388981048, -87.66829436339881)"
LAKE SHORE DR AND BELMONT,1413,400 W BELMONT AVE,09/28/2014,9,1172981.744869382,1921577.376128802,41.940241193,-87.639639114,"(41.94024119325571, -87.63963911427594)"
PETERSON AND WESTERN,1014,2400 W PETERSON,10/07/2014,4,1159214.211316277,1939825.301874586,41.99060901,-87.689735481,"(41.990609009807294, -87.68973548092968)"
KEDZIE AND 47TH,2104,3200 W 47TH ST,09/19/2014,5,1155815.231505056,1873336.169728074,41.808226246,-87.704031672,"(41.808226246244026, -87.70403167215984)"
SACRAMENTO AND CHICAGO,1814,3000 W CHICAGO AVENUE,09/04/2014,6,1156075.266375505,1905216.604770718,41.895704525,-87.702218524,"(41.895704524946225, -87.70221852353758)"
ASHLAND AND LAWRENCE,1143,1600 W LAWRENCE AVENUE,08/31/2014,3,1164771.946929007,1931988.254061312,41.968987457,-87.669516307,"(41.96898745654617, -87.66951630654926)"
COTTAGE GROVE AND 95TH,2603,800 E 95TH STREET,08/19/2014,6,1183230.529909316,1842186.614201556,41.722153939,-87.604447736,"(41.72215393877189, -87.60444773564429)"
71ST AND ASHLAND,2394,1600 W 71ST,08/20/2014,2,1166890.012333149,1857674.2502247,41.765018306,-87.66385923,"(41.76501830555763, -87.66385923012646)"
55TH AND KEDZIE,2163,3200 W 55TH STREET,07/09/2014,4,1155966.956993183,1868015.593764152,41.793622803,-87.703618141,"(41.79362280329978, -87.70361814062049)"
CICERO AND WASHINGTON,1892,100 N CICERO AVENUE,09/18/2014,6,1144328.984091479,1900095.170838459,41.88187971,-87.745489247,"(41.88187970991601, -87.7454892473012)"
CLARK AND FULLERTON,1632,2400 N CLARK ST,09/05/2014,3,1172749.562209477,1916238.997132859,41.925597623,-87.640650973,"(41.925597623023144, -87.64065097309872)"
ELSTON AND ADDISON,1403,3216 W ADDISON ST,09/05/2014,7,1154199.729816868,1923799.345386665,41.946734755,-87.708609774,"(41.946734754927796, -87.7086097735515)"
CALIFORNIA AND DIVERSEY,1513,2800 W DIVERSEY,07/17/2014,4,1157212.54253358,1918526.674434943,41.932205395,-87.697679244,"(41.93220539506452, -87.6976792438691)"
CICERO AND I55,2252,4200 S CICERO AVENUE,07/20/2014,32,1145023.742859509,1876358.276835519,41.816729387,-87.743536712,"(41.81672938674739, -87.74353671247594)"
PULASKI AND LAWRENCE,1173,4000 W LAWRENCE AVENUE,07/01/2014,2,1148844.220085601,1931638.45430438,41.968351285,-87.728091672,"(41.96835128527914, -87.72809167198088)"
55TH and PULASKI,2242,5500 S PULASKI,07/02/2014,8,1150600.072649439,1867806.44512718,41.793155061,-87.723303765,"(41.793155060731024, -87.72330376464247)"
LASALLE AND KINZIE,1923,140 W KINZIE,07/09/2014,2,1175048.09765242,1903028.894760294,41.889297219,-87.632601648,"(41.88929721947309, -87.63260164817305)"
CORNELL DRIVE AND 57TH,2182,5700 S CORNELL DRIVE,10/11/2014,5,1188165.732740433,1867529.196427323,41.791580204,-87.585564215,"(41.79158020433135, -87.58556421519536)"
PULASKI AND ARCHER,2154,5000 S ARCHER AVE,09/01/2014,2,1150501.818909837,1871162.311703322,41.802365973,-87.723576766,"(41.80236597333895, -87.72357676611004)"
CENTRAL AND BELMONT,1604,5600 W BELMONT AVENUE,09/24/2014,3,1138453.617438343,1920755.972768412,41.938683775,-87.766562494,"(41.93868377475747, -87.76656249384537)"
KEDZIE AND 63RD,2361,6300 S KEDZIE AVE,07/16/2014,3,1156097.505177228,1862668.051775093,41.77894575,-87.703283119,"(41.77894575017997, -87.70328311900342)"
DIVISION AND DAMEN,1734,2000 W DIVISION,10/10/2014,5,1162815.710860194,1908034.672555531,41.903298793,-87.677383247,"(41.903298792681944, -87.67738324739636)"
ELSTON AND LAWRENCE,1284,4440 W LAWRENCE AVENUE,10/01/2014,1,1145715.061027481,1931571.0474838,41.968226398,-87.739599251,"(41.96822639754791, -87.73959925065756)"
BROADWAY/SHERIDAN AND DEVON,1122,6400 N SHERIDAN ROAD,08/06/2014,8,1167087.151194129,1942658.704988689,41.998217921,-87.660695256,"(41.99821792053241, -87.6606952555721)"
WESTERN AND ARMITAGE,1862,2000 N WESTERN AVENUE,09/03/2014,1,1160006.66733459,1913226.418158186,41.917603818,-87.687557878,"(41.91760381794161, -87.68755787755686)"
ASHLAND AND FULLERTON,1651,2400 N ASHLAND AVENUE,08/20/2014,5,1165228.073342838,1916032.319169157,41.92519389,-87.668294363,"(41.92519388981048, -87.66829436339881)"
ASHLAND AND 47TH,2192,4700 S ASHLAND AVENUE,09/06/2014,1,1166423.624284841,1873520.235394001,41.808511597,-87.665117292,"(41.8085115972472, -87.66511729173287)"
99TH AND HALSTED,2433,800 W 99TH ST,09/29/2014,1,1172710.642565684,1839246.330602143,41.714323337,-87.643066714,"(41.71432333701137, -87.64306671421937)"
STONY ISLAND/CORNELL AND 67TH,2731,6700 S CORNELL DRIVE,07/20/2014,10,1188316.454860734,1860851.137456735,41.77325149,-87.5852246,"(41.77325148959568, -87.58522459967712)"
WESTERN AND FOSTER,1074,2400 W FOSTER AVE,08/21/2014,8,1159379.402846887,1934502.712486132,41.97600019,-87.689275084,"(41.97600018976586, -87.68927508385399)"
KEDZIE AND ARMITAGE,1834,3200 W ARMITAGE AVENUE,08/28/2014,6,1154700.851347995,1913153.252187904,41.917511023,-87.707053639,"(41.91751102291878, -87.7070536388797)"
ELSTON AND ADDISON,1403,3216 W ADDISON ST,10/12/2014,7,1154199.729816868,1923799.345386665,41.946734755,-87.708609774,"(41.946734754927796, -87.7086097735515)"
PULASKI AND CHICAGO,1983,4000 W CHICAGO AVENUE,10/04/2014,4,1149561.855939692,1905086.596446259,41.895476752,-87.72614436,"(41.89547675163723, -87.72614435991626)"
ASHLAND AND LAWRENCE,1143,1600 W LAWRENCE AVENUE,08/06/2014,5,1164771.946929007,1931988.254061312,41.968987457,-87.669516307,"(41.96898745654617, -87.66951630654926)"
ASHLAND AND ARCHER,2302,3100 S ARCHER AVENUE,07/20/2014,5,1166129.031970482,1884166.613649776,41.837732675,-87.66589445,"(41.83773267497158, -87.66589444999927)"
LARAMIE AND FULLERTON,1424,5200 W FULLERTON AVENUE,08/22/2014,7,1141305.554932016,1915502.611239048,41.924215797,-87.756210755,"(41.92421579723144, -87.75621075458939)"
AUSTIN AND ADDISON,1491,3600 N AUSTIN AVENUE,07/21/2014,3,1135691.599896458,1923335.967306169,41.945813215,-87.776652162,"(41.9458132146695, -87.77665216156436)"
ASHLAND AND 47TH,2191,4700 S ASHLAND AVENUE,08/24/2014,1,1166423.624284841,1873520.235394001,41.808511597,-87.665117292,"(41.8085115972472, -87.66511729173287)"
CALIFORNIA AND PETERSON,1313,2800 W PETERSON AVENUE,07/26/2014,8,1156569.515341857,1939784.830544118,41.990552082,-87.699464396,"(41.990552081681564, -87.69946439622785)"
PERSHING AND WESTERN,2114,2400 W PERSHING ROAD,09/05/2014,6,1160957.773623189,1878793.434193427,41.82309676,-87.685018951,"(41.82309676016606, -87.68501895061576)"
BROADWAY/SHERIDAN AND DEVON,1123,1200 W DEVON AVE,07/22/2014,7,1167109.644248166,1942688.147952186,41.998298228,-87.660611661,"(41.99829822771884, -87.66061166063517)"
115TH AND HALSTED,2553,800 W 115TH STREET,09/30/2014,2,1173010.735357888,1828632.242070332,41.685190056,-87.642279564,"(41.68519005571938, -87.64227956401977)"
SACRAMENTO AND LAKE,1821,150 N SACRAMENTO BOUL,07/04/2014,9,1156319.560664766,1900957.489351962,41.884012178,-87.701436479,"(41.88401217771363, -87.7014364786693)"
FULLERTON AND NARRAGANSETT,1554,6400 W FULLERTON AVENU,09/29/2014,9,1133317.594499059,1915293.661305931,41.923786189,-87.785567206,"(41.92378618871128, -87.78556720562165)"
OGDEN AND KOSTNER,2223,4400 W OGDEN AVENUE,10/14/2014,4,1147406.592439224,1887689.099869462,41.847777523,-87.734505969,"(41.84777752280453, -87.73450596874825)"
115TH AND HALSTED,2553,800 W 115TH STREET,07/10/2014,4,1173010.735357888,1828632.242070332,41.685190056,-87.642279564,"(41.68519005571938, -87.64227956401977)"
83RD AND STONY ISLAND,2562,8300 S STONY ISLAND A,07/28/2014,14,1188212.052384068,1850245.675393851,41.744151639,-87.585945067,"(41.744151639041974, -87.58594506695293)"
DAMEN AND 63RD,2702,6300 S DAMEN AVENUE,07/05/2014,2,1164069.407943298,1862830.277442834,41.779226921,-87.674052731,"(41.77922692069256, -87.67405273137854)"
WESTERN AND 51ST,2174,2400 W 51ST ST,09/03/2014,1,1161218.987472846,1870836.843263966,41.801257492,-87.684281116,"(41.801257491998776, -87.68428111564593)"
CHICAGO AND CLARK,1963,100 W CHICAGO AVENUE,09/11/2014,11,1175374.528739575,1905745.47783364,41.896744347,-87.631321248,"(41.896744346875806, -87.63132124815151)"
CENTRAL AND IRVING PARK,1182,4000 N CENTRAL AVENUE,08/21/2014,3,1138258.614129764,1926071.172884932,41.953272751,-87.767150151,"(41.95327275103541, -87.76715015131407)"
STONY ISLAND/CORNELL AND 67TH,2721,6700 S STONY ISLAND A,09/21/2014,5,1187984.143047539,1860863.338367666,41.773292896,-87.586442368,"(41.77329289585066, -87.58644236831432)"
WESTERN AND DEVON,1211,6400 N WESTERN AVENUE,07/26/2014,3,1159113.585759434,1942451.622367891,41.997817807,-87.690033035,"(41.997817807026, -87.69003303469276)"
CALIFORNIA AND DEVON,1323,2800 W DEVON AVENUE,08/30/2014,2,1156484.528078038,1942377.980662191,41.997669523,-87.699706423,"(41.99766952286052, -87.69970642324591)"
111TH AND HALSTED,2422,11100 S HALSTED ST,08/08/2014,10,1172923.657689312,1831209.044179248,41.692263123,-87.642522688,"(41.692263123425136, -87.6425226876268)"
BELMONT AND KEDZIE,1372,3200 N KEDZIE AVE,07/12/2014,17,1154426.977874407,1921110.466549542,41.93935173,-87.707846594,"(41.93935173030961, -87.70784659359776)"
HALSTED AND MADISON,1871,1 S HALSTED STREET,10/05/2014,5,1171092.392868784,1900234.542088741,41.881717056,-87.647210539,"(41.88171705561901, -87.64721053920604)"
CICERO AND WASHINGTON,1891,100 N CICERO AVENUE,09/30/2014,10,1144328.984091479,1900095.170838459,41.88187971,-87.745489247,"(41.88187970991601, -87.7454892473012)"
SACRAMENTO AND LAKE,1821,150 N SACRAMENTO BOUL,07/23/2014,2,1156319.560664766,1900957.489351962,41.884012178,-87.701436479,"(41.88401217771363, -87.7014364786693)"
55TH AND KEDZIE,2163,3200 W 55TH STREET,08/23/2014,1,1155966.956993183,1868015.593764152,41.793622803,-87.703618141,"(41.79362280329978, -87.70361814062049)"
LAWRENCE AND WESTERN,1193,2400 W LAWRENCE AVENUE,08/15/2014,6,1159482.648570304,1931851.989492596,41.968724349,-87.688968727,"(41.96872434882172, -87.68896872699601)"
CICERO AND HARRISON,2022,600 S CICERO AVENUE,08/05/2014,5,1144444.97442848,1896894.622216872,41.873094833,-87.745143869,"(41.873094832519136, -87.74514386884542)"
KEDZIE AND 63RD,2361,6300 S KEDZIE AVE,09/04/2014,2,1156097.505177228,1862668.051775093,41.77894575,-87.703283119,"(41.77894575017997, -87.70328311900342)"
119TH AND HALSTED,2404,800 W 119TH STREET,08/27/2014,2,1173111.174088158,1825985.001014405,41.677923389,-87.641989646,"(41.677923389134385, -87.64198964584013)"
AUSTIN AND ADDISON,1491,3600 N AUSTIN AVENUE,08/23/2014,2,1135691.599896458,1923335.967306169,41.945813215,-87.776652162,"(41.9458132146695, -87.77665216156436)"
CORNELL DRIVE AND 57TH,2181,5700 S CORNELL DRIVE,09/08/2014,5,1188165.732740433,1867529.196427323,41.791580204,-87.585564215,"(41.79158020433135, -87.58556421519536)"
CALIFORNIA AND DEVON,1323,2800 W DEVON AVENUE,10/05/2014,3,1156484.528078038,1942377.980662191,41.997669523,-87.699706423,"(41.99766952286052, -87.69970642324591)"
CICERO AND PETERSON,1204,4800 W PETERSON AVENUE,08/31/2014,3,1143273.766829016,1939491.944645127,41.990008007,-87.748376951,"(41.99000800729908, -87.74837695118997)"
BLUE ISLAND AND DAMEN,2283,2416 S BLUE ISLAND AV,09/25/2014,4,1163271.402680135,1888053.313412189,41.848458633,-87.676271269,"(41.848458633352884, -87.67627126912292)"
MILWAUKEE AND MONTROSE,1364,5075 W MONTROSE AVENUE,08/21/2014,2,1141716.746618898,1928736.076639057,41.960522088,-87.754371424,"(41.96052208819935, -87.75437142402293)"
IRVING PARK AND LARAMIE,1534,5200 W IRVING PARK ROA,09/13/2014,1,,,,,
75TH AND STATE,2621,7500 S STATE STREET,09/25/2014,5,1177538.763040612,1855235.551345519,41.758092176,-87.624902228,"(41.75809217638291, -87.6249022282473)"
TOUHY AND OSCEOLA,1243,7432 W TOUHY AVENUE,09/13/2014,4,1125717.010560011,1947269.685461107,42.011661765,-87.812781431,"(42.01166176507329, -87.81278143114147)"
CERMAK AND PULASKI,2332,2200 S PULASKI,08/07/2014,2,1150012.876838243,1889071.75851865,41.851521442,-87.724904787,"(41.85152144233116, -87.7249047867499)"
CICERO AND PETERSON,1204,4800 W PETERSON AVENUE,07/01/2014,1,1143273.766829016,1939491.944645127,41.990008007,-87.748376951,"(41.99000800729908, -87.74837695118997)"
HALSTED AND DIVISION,1714,800 W DIVISION,08/10/2014,3,1170767.827960358,1908259.644151662,41.903745557,-87.648167011,"(41.90374555734733, -87.64816701062779)"
CANAL AND ROOSEVELT,2294,500 W ROOSEVELT ROAD,09/06/2014,5,1173290.72186561,1895021.166235495,41.867362693,-87.639293195,"(41.867362692616666, -87.63929319464197)"
ARCHER AND CICERO,2081,5200 S CICERO AVE,09/28/2014,12,1145195.931989777,1869737.708306623,41.798558278,-87.743071866,"(41.798558278193305, -87.74307186616427)"
HALSTED AND FULLERTON,1701,2400 N HALSTED STREET,08/08/2014,4,1170501.602639925,1916200.061550148,41.925540315,-87.648912156,"(41.925540315431995, -87.64891215551155)"
LINCOLN AND MCCORMICK,2751,6200 N LINCOLN AVENUE,08/20/2014,14,1152551.008921873,1941175.933038791,41.994450004,-87.714208439,"(41.9944500041165, -87.71420843920934)"
HOLLYWOOD AND SHERIDAN,1344,1000 W HOLLYWOOD AVE,07/04/2014,28,1168580.228926466,1938090.295189338,41.985649799,-87.655335807,"(41.98564979859328, -87.65533580655139)"
CICERO AND ARMITAGE,2003,4800 W ARMITAGE AVENUE,08/10/2014,1,1144054.25126508,1912907.00926109,41.917041992,-87.746176095,"(41.91704199201953, -87.74617609464687)"
KOSTNER AND NORTH,2012,4400 W GRAND AVE,09/20/2014,2,1146773.519128439,1910425.663958581,41.91018141,-87.73624887,"(41.910181409597406, -87.73624887040725)"
ASHLAND AND 47TH,2192,4700 S ASHLAND AVENUE,09/05/2014,5,1166423.624284841,1873520.235394001,41.808511597,-87.665117292,"(41.8085115972472, -87.66511729173287)"
CENTRAL AND CHICAGO,1973,5600 W CHICAGO AVENUE,08/13/2014,6,1138858.856732452,1904825.827586656,41.894962293,-87.765460791,"(41.89496229349977, -87.76546079122906)"
KEDZIE AND 26TH,2381,2600 S KEDZIE AVENUE,07/02/2014,4,1155404.235510285,1886524.460033054,41.844424831,-87.705185452,"(41.84442483084393, -87.70518545233183)"
ASHLAND AND 87TH,2452,8700 S ASHLAND AVE,07/09/2014,7,1167150.470087748,1846991.212339794,41.735696989,-87.663209544,"(41.73569698863625, -87.66320954445679)"
DAMEN AND DIVERSEY,1462,2800 N DAMEN AVENUE,09/05/2014,5,1162490.04851994,1918611.623717091,41.932329494,-87.678282719,"(41.9323294940985, -87.67828271931386)"
ASHLAND AND 87TH,2454,1600 W 87TH ST,09/23/2014,5,1167171.941297436,1847064.855345151,41.735898617,-87.663128781,"(41.735898617066006, -87.66312878090133)"
CERMAK AND PULASKI,2332,2200 S PULASKI,08/08/2014,3,1150012.876838243,1889071.75851865,41.851521442,-87.724904787,"(41.85152144233116, -87.7249047867499)"
119TH AND HALSTED,2402,11900 S HALSTED,10/13/2014,2,1173094.774616191,1825911.054609338,41.677720829,-87.642051845,"(41.67772082924762, -87.64205184498218)"
CHICAGO AND CLARK,1963,100 W CHICAGO AVENUE,09/02/2014,10,1175374.528739575,1905745.47783364,41.896744347,-87.631321248,"(41.896744346875806, -87.63132124815151)"
ASHLAND AND FULLERTON,1652,2400 N ASHLAND AVENUE,09/15/2014,4,1165228.073342838,1916032.319169157,41.92519389,-87.668294363,"(41.92519388981048, -87.66829436339881)"
ASHLAND AND 87TH,2454,1600 W 87TH ST,09/12/2014,6,1167171.941297436,1847064.855345151,41.735898617,-87.663128781,"(41.735898617066006, -87.66312878090133)"
75TH AND STATE,2624,1 E 75TH STREET,10/02/2014,4,1177601.72646404,1855229.486604181,41.758074111,-87.624671658,"(41.75807411097799, -87.62467165835182)"
WESTERN AND DEVON,1211,6400 N WESTERN AVENUE,07/08/2014,3,1159113.585759434,1942451.622367891,41.997817807,-87.690033035,"(41.997817807026, -87.69003303469276)"
PULASKI AND PETERSON,1262,6000 N PULASKI ROAD,10/04/2014,1,1148598.016685695,1939584.645960177,41.990160923,-87.728790748,"(41.99016092280557, -87.72879074759867)"
LARAMIE AND MADISON,2044,5200 W MADISON STREET,07/04/2014,8,1141706.965522802,1899567.55684314,41.880480752,-87.755130433,"(41.88048075170171, -87.75513043296509)"
119TH AND HALSTED,2404,800 W 119TH STREET,07/01/2014,2,1173111.174088158,1825985.001014405,41.677923389,-87.641989646,"(41.677923389134385, -87.64198964584013)"
DAMEN AND FULLERTON,1663,2000 W FULLERTON AVE,08/08/2014,15,1162596.935552891,1915990.579747891,41.925134944,-87.677963546,"(41.92513494374925, -87.67796354553815)"
PULASKI AND ARCHER,2153,5000 S ARCHER AVE,08/26/2014,9,1150501.818909837,1871162.311703322,41.802365973,-87.723576766,"(41.80236597333895, -87.72357676611004)"
LAFAYETTE AND 87TH,2502,8700 S LAFAYETTE AVEN,08/09/2014,12,1177417.493180297,1847243.988223464,41.73616511,-87.625587569,"(41.73616511008592, -87.62558756899932)"
CICERO AND CHICAGO,1781,800 N CICERO AVENUE,10/14/2014,4,1144169.162482127,1904893.189220372,41.895049038,-87.745955516,"(41.89504903796389, -87.74595551626888)"
WESTERN AND TOUHY,1251,7200 N WESTERN AVENUE,07/11/2014,1,1158975.66256211,1947754.286963361,42.012371335,-87.690393917,"(42.012371334791766, -87.69039391737863)"
CICERO AND NORTH,2034,4800 W NORTH AVENUE,10/13/2014,3,1144053.733747163,1910243.80567041,41.90973389,-87.746244973,"(41.909733890131285, -87.74624497295898)"
HOLLYWOOD AND SHERIDAN,1344,1000 W HOLLYWOOD AVE,07/02/2014,35,1168580.228926466,1938090.295189338,41.985649799,-87.655335807,"(41.98564979859328, -87.65533580655139)"
CENTRAL AND ADDISON,1682,3600 N CENTRAL AVENUE,09/16/2014,6,1138343.117435682,1923392.067464765,41.945919491,-87.766904594,"(41.945919490555106, -87.76690459426293)"
OGDEN AND KOSTNER,2222,2348 S KOSTNER AVENUE,08/28/2014,3,1147394.548182079,1887795.177782082,41.848068845,-87.734547457,"(41.8480688449598, -87.73454745748458)"
4700 WESTERN,2142,4700 S WESTERN AVENUE,07/31/2014,2,1161120.438879703,1873431.066474726,41.808378408,-87.684570717,"(41.808378407946726, -87.68457071689552)"
119TH AND HALSTED,2402,11900 S HALSTED,08/04/2014,4,1173094.774616191,1825911.054609338,41.677720829,-87.642051845,"(41.67772082924762, -87.64205184498218)"
CENTRAL AND BELMONT,1604,5600 W BELMONT AVENUE,10/05/2014,1,1138453.617438343,1920755.972768412,41.938683775,-87.766562494,"(41.93868377475747, -87.76656249384537)"
CERMAK AND PULASKI,2332,2200 S PULASKI,09/21/2014,2,1150012.876838243,1889071.75851865,41.851521442,-87.724904787,"(41.85152144233116, -87.7249047867499)"
MILWAUKEE AND DEVON,1274,6400 W DEVON AVENUE,08/12/2014,3,1132590.619798275,1942138.532048656,41.997463981,-87.787610243,"(41.99746398102873, -87.78761024341388)"
DIVISION AND DAMEN,1734,2000 W DIVISION,10/03/2014,6,1162815.710860194,1908034.672555531,41.903298793,-87.677383247,"(41.903298792681944, -87.67738324739636)"
ASHLAND AND DIVISION,1791,1200 N ASHLAND AVENUE,09/25/2014,12,1165466.997046718,1908083.767015974,41.903377468,-87.667643142,"(41.903377467566784, -87.66764314227497)"
CICERO AND NORTH,2034,4800 W NORTH AVENUE,09/02/2014,5,1144053.733747163,1910243.80567041,41.90973389,-87.746244973,"(41.909733890131285, -87.74624497295898)"
ASHLAND AND 95TH,2472,9500 S ASHLAND AVENUE,07/08/2014,6,1167295.830128711,1841695.121217916,41.721160612,-87.662828139,"(41.72116061205213, -87.66282813939165)"
CICERO AND HARRISON,2023,4800 W HARRISON STREET,09/09/2014,1,1144451.867388303,1896949.561959463,41.873245464,-87.745117179,"(41.873245464379586, -87.7451171788807)"
PULASKI AND PETERSON,1263,4000 W PETERSON AVENUE,09/05/2014,3,1148618.560490339,1939615.133928395,41.990244186,-87.728714391,"(41.99024418564742, -87.7287143910091)"
OGDEN AND KOSTNER,2222,2348 S KOSTNER AVENUE,07/02/2014,3,1147394.548182079,1887795.177782082,41.848068845,-87.734547457,"(41.8480688449598, -87.73454745748458)"
PULASKI AND ARMITAGE,1844,4000 W ARMITAGE AVENUE,07/28/2014,6,1149375.428872108,1913028.984273181,41.917275069,-87.726622746,"(41.91727506940875, -87.72662274644799)"
FOSTER AND BROADWAY,1111,5200 N BROADWAY ST,08/15/2014,1,1167334.508577915,1934714.008346532,41.976412143,-87.660015082,"(41.97641214294823, -87.66001508205365)"
CANAL AND ROOSEVELT,2294,500 W ROOSEVELT ROAD,10/07/2014,3,1173290.72186561,1895021.166235495,41.867362693,-87.639293195,"(41.867362692616666, -87.63929319464197)"
MILWAUKEE AND MONTROSE,1364,5075 W MONTROSE AVENUE,08/04/2014,4,1141716.746618898,1928736.076639057,41.960522088,-87.754371424,"(41.96052208819935, -87.75437142402293)"
IRVING PARK AND KEDZIE,1353,3200 W IRVING PARK ROAD,08/06/2014,2,1154325.140302006,1926458.463197156,41.954029047,-87.708077494,"(41.95402904691877, -87.70807749383191)"
ELSTON AND ADDISON,1403,3216 W ADDISON ST,08/30/2014,7,1154199.729816868,1923799.345386665,41.946734755,-87.708609774,"(41.946734754927796, -87.7086097735515)"
LAKE SHORE DR AND BELMONT,1412,3200 N LAKESHORE DRIV,10/03/2014,5,1173053.220555078,1921821.380831705,41.940909163,-87.63936916,"(41.94090916326764, -87.63936915995522)"
ASHLAND AND 47TH,2192,4700 S ASHLAND AVENUE,08/30/2014,3,1166423.624284841,1873520.235394001,41.808511597,-87.665117292,"(41.8085115972472, -87.66511729173287)"
HAMLIN AND LAKE,1881,300 N HAMLIN AVENUE,07/29/2014,16,1150970.026856642,1901381.688308858,41.885282636,-87.721069539,"(41.88528263580913, -87.72106953854511)"
DIVERSEY AND WESTERN,1434,2400 W DIVERSEY AVENUE,07/11/2014,2,1159859.648423836,1918576.255784305,41.932287183,-87.687950093,"(41.93228718299094, -87.6879500934122)"
ELSTON AND IRVING PARK,1502,4000 N ELSTON AVENUE,07/28/2014,2,1151273.974828198,1926311.849469842,41.953687266,-87.719297882,"(41.95368726563273, -87.71929788151473)"
BLUE ISLAND AND DAMEN,2283,2416 S BLUE ISLAND AV,09/16/2014,7,1163271.402680135,1888053.313412189,41.848458633,-87.676271269,"(41.848458633352884, -87.67627126912292)"
ASHLAND AND DIVISION,1791,1200 N ASHLAND AVENUE,08/07/2014,4,1165466.997046718,1908083.767015974,41.903377468,-87.667643142,"(41.903377467566784, -87.66764314227497)"
WESTERN AND ARMITAGE,1862,2000 N WESTERN AVENUE,07/13/2014,4,1160006.66733459,1913226.418158186,41.917603818,-87.687557878,"(41.91760381794161, -87.68755787755686)"
55TH AND KEDZIE,2163,3200 W 55TH STREET,07/16/2014,6,1155966.956993183,1868015.593764152,41.793622803,-87.703618141,"(41.79362280329978, -87.70361814062049)"
ASHLAND AND 63RD,2681,6300 S ASHLAND AVE,08/05/2014,3,1166711.252809567,1862903.630015878,41.77937222,-87.664365347,"(41.77937222048469, -87.66436534741581)"
IRVING PARK AND NARRAGANSETT,1024,6400 W IRVING PK,07/05/2014,2,1132945.939118726,1925946.304925137,41.953024751,-87.786683238,"(41.95302475075328, -87.78668323766634)"
WESTERN AND MARQUETTE,2672,6700 S WESTERN AVENUE,09/26/2014,3,1161488.747635042,1860134.788366884,41.771884028,-87.683588402,"(41.77188402771193, -87.68358840206334)"
4700 WESTERN,2141,4700 S WESTERN AVENUE,09/25/2014,1,1161120.438879703,1873431.066474726,41.808378408,-87.684570717,"(41.808378407946726, -87.68457071689552)"
55TH and PULASKI,2244,4000 W 55TH ST,07/27/2014,5,1150621.676903861,1867864.274865394,41.793313334,-87.723223038,"(41.79331333358753, -87.72322303812588)"
FULLERTON AND NARRAGANSETT,1553,6400 W FULLERTON AVENU,10/06/2014,6,1133317.594499059,1915293.661305931,41.923786189,-87.785567206,"(41.92378618871128, -87.78556720562165)"
CENTRAL AND ADDISON,1683,5600 W ADDISON STREET,09/13/2014,1,1138349.663302502,1923416.02157061,41.945985104,-87.766879952,"(41.94598510430888, -87.76687995165918)"
PERSHING AND WESTERN,2114,2400 W PERSHING ROAD,07/08/2014,5,1160957.773623189,1878793.434193427,41.82309676,-87.685018951,"(41.82309676016606, -87.68501895061576)"
CORTLAND AND ASHLAND,1723,1600 W CORTLAND ST,09/30/2014,7,1165377.660768235,1912768.773647285,41.916235337,-87.667837772,"(41.91623533746878, -87.66783777212962)"
83RD AND STONY ISLAND,2562,8300 S STONY ISLAND A,10/13/2014,7,1188212.052384068,1850245.675393851,41.744151639,-87.585945067,"(41.744151639041974, -87.58594506695293)"
DAMEN AND 63RD,2702,6300 S DAMEN AVENUE,07/22/2014,1,1164069.407943298,1862830.277442834,41.779226921,-87.674052731,"(41.77922692069256, -87.67405273137854)"
ASHLAND AND 63RD,2683,1600 W 63RD STREET,08/28/2014,2,1166730.185044193,1862976.010016387,41.779570436,-87.664293875,"(41.77957043618697, -87.66429387512882)"
CENTRAL AND IRVING PARK,1183,5600 W IRVING PARK ROAD,07/16/2014,5,1138281.535484986,1926078.647777633,41.953292847,-87.767065708,"(41.953292847298, -87.76706570775266)"
WESTERN AND FOSTER,1072,5200 N WESTERN AVE,07/07/2014,3,1159372.922497116,1934478.313674003,41.975933372,-87.689299589,"(41.97593337199358, -87.6892995891816)"
DAMEN AND FULLERTON,1662,2400 N DAMEN AVE,07/27/2014,5,1162574.442800845,1915955.081657831,41.925038006,-87.678047191,"(41.925038006410325, -87.67804719101314)"
LAKE SHORE DR AND BELMONT,1413,400 W BELMONT AVE,10/05/2014,41,1172981.744869382,1921577.376128802,41.940241193,-87.639639114,"(41.94024119325571, -87.63963911427594)"
WESTERN AND ARMITAGE,1862,2000 N WESTERN AVENUE,09/25/2014,1,1160006.66733459,1913226.418158186,41.917603818,-87.687557878,"(41.91760381794161, -87.68755787755686)"
WESTERN AND ARMITAGE,1862,2000 N WESTERN AVENUE,08/27/2014,1,1160006.66733459,1913226.418158186,41.917603818,-87.687557878,"(41.91760381794161, -87.68755787755686)"
HAMLIN AND LAKE,1881,300 N HAMLIN AVENUE,07/31/2014,10,1150970.026856642,1901381.688308858,41.885282636,-87.721069539,"(41.88528263580913, -87.72106953854511)"
ELSTON AND IRVING PARK,1503,3700 W IRVING PARK ROA,10/15/2014,7,,,,,
CENTRAL AND DIVERSEY,1642,2800 N CENTRAL AVENUE,07/20/2014,1,1138516.407377375,1918089.499227987,41.931365552,-87.766396529,"(41.93136555236339, -87.76639652879172)"
IRVING PARK AND NARRAGANSETT,1024,6400 W IRVING PK,09/25/2014,3,1132945.939118726,1925946.304925137,41.953024751,-87.786683238,"(41.95302475075328, -87.78668323766634)"
CALIFORNIA AND DIVERSEY,1513,2800 W DIVERSEY,07/13/2014,8,1157212.54253358,1918526.674434943,41.932205395,-87.697679244,"(41.93220539506452, -87.6976792438691)"
HALSTED AND 103RD,2593,800 W 103RD STREET,09/03/2014,1,1172778.570616036,1836587.755252818,41.70702632,-87.642896007,"(41.707026319812215, -87.64289600741817)"
DAMEN AND DIVERSEY,1464,2000 W DIVERSEY PARKWAY,09/14/2014,9,1162519.714934025,1918635.417634925,41.932394164,-87.678173031,"(41.93239416403691, -87.67817303087757)"
BELMONT AND KEDZIE,1372,3200 N KEDZIE AVE,09/28/2014,8,1154426.977874407,1921110.466549542,41.93935173,-87.707846594,"(41.93935173030961, -87.70784659359776)"
CICERO AND 47TH,2202,4700 S CICERO AVE,07/22/2014,2,1145112.150373471,1873006.659918126,41.807530373,-87.743296821,"(41.80753037289406, -87.7432968212423)"
BELMONT AND KEDZIE,1371,3200 N KEDZIE AVENUE,07/24/2014,3,1154426.977874407,1921110.466549542,41.93935173,-87.707846594,"(41.93935173030961, -87.70784659359776)"
CENTRAL AND BELMONT,1604,5600 W BELMONT AVENUE,10/10/2014,1,1138453.617438343,1920755.972768412,41.938683775,-87.766562494,"(41.93868377475747, -87.76656249384537)"
PULASKI AND DIVISION,1801,1200 N PULASKI ROAD,09/07/2014,2,1149459.590666926,1907723.219884254,41.902713902,-87.726451457,"(41.902713901936174, -87.72645145715836)"
71ST AND ASHLAND,2394,1600 W 71ST,09/01/2014,7,1166890.012333149,1857674.2502247,41.765018306,-87.66385923,"(41.76501830555763, -87.66385923012646)"
ELSTON AND LAWRENCE,1282,4800 N ELSTON AVENUE,08/14/2014,1,1145529.344259918,1931501.601268983,41.968039361,-87.740283894,"(41.96803936143674, -87.74028389448999)"
HALSTED AND MADISON,1871,1 S HALSTED STREET,08/21/2014,11,1171092.392868784,1900234.542088741,41.881717056,-87.647210539,"(41.88171705561901, -87.64721053920604)"
CICERO AND NORTH,2034,4800 W NORTH AVENUE,07/06/2014,4,1144053.733747163,1910243.80567041,41.90973389,-87.746244973,"(41.909733890131285, -87.74624497295898)"
HALSTED AND DIVISION,1714,800 W DIVISION,09/12/2014,10,1170767.827960358,1908259.644151662,41.903745557,-87.648167011,"(41.90374555734733, -87.64816701062779)"
KEDZIE AND 63RD,2364,3200 W 63RD ST,08/15/2014,5,1156103.348831225,1862717.565210739,41.779081505,-87.703260365,"(41.77908150488341, -87.70326036544745)"
31ST ST AND MARTIN LUTHER KING DRIVE,2123,400 E 31ST STREET,08/25/2014,4,1179437.985396417,1884565.84226022,41.838534018,-87.617046113,"(41.838534018118914, -87.61704611345726)"
KEDZIE AND 63RD,2364,3200 W 63RD ST,09/23/2014,2,1156103.348831225,1862717.565210739,41.779081505,-87.703260365,"(41.77908150488341, -87.70326036544745)"
WESTERN AND FOSTER,1072,5200 N WESTERN AVE,09/07/2014,3,1159372.922497116,1934478.313674003,41.975933372,-87.689299589,"(41.97593337199358, -87.6892995891816)"
CICERO AND HARRISON,2022,600 S CICERO AVENUE,07/13/2014,12,1144444.97442848,1896894.622216872,41.873094833,-87.745143869,"(41.873094832519136, -87.74514386884542)"
4700 WESTERN,2141,4700 S WESTERN AVENUE,07/24/2014,1,1161120.438879703,1873431.066474726,41.808378408,-87.684570717,"(41.808378407946726, -87.68457071689552)"
ASHLAND AND 87TH,2454,1600 W 87TH ST,08/08/2014,14,1167171.941297436,1847064.855345151,41.735898617,-87.663128781,"(41.735898617066006, -87.66312878090133)"
KOSTNER AND NORTH,2012,4400 W GRAND AVE,09/13/2014,4,1146773.519128439,1910425.663958581,41.91018141,-87.73624887,"(41.910181409597406, -87.73624887040725)"
KOSTNER AND NORTH,2012,4400 W GRAND AVE,07/26/2014,6,1146773.519128439,1910425.663958581,41.91018141,-87.73624887,"(41.910181409597406, -87.73624887040725)"
LINCOLN AND MCCORMICK,2751,6200 N LINCOLN AVENUE,08/02/2014,27,1152551.008921873,1941175.933038791,41.994450004,-87.714208439,"(41.9944500041165, -87.71420843920934)"
CORNELL DRIVE AND 57TH,2182,5700 S CORNELL DRIVE,10/01/2014,4,1188165.732740433,1867529.196427323,41.791580204,-87.585564215,"(41.79158020433135, -87.58556421519536)"
83RD AND STONY ISLAND,2562,8300 S STONY ISLAND A,07/03/2014,18,1188212.052384068,1850245.675393851,41.744151639,-87.585945067,"(41.744151639041974, -87.58594506695293)"
KEDZIE AND ARMITAGE,1834,3200 W ARMITAGE AVENUE,10/08/2014,1,1154700.851347995,1913153.252187904,41.917511023,-87.707053639,"(41.91751102291878, -87.7070536388797)"
KEDZIE AND 31ST,2132,3100 S KEDZIE AVENUE,07/29/2014,1,1155483.167539854,1883867.660503274,41.837132671,-87.704967115,"(41.837132671422296, -87.70496711478727)"
ASHLAND AND 95TH,2472,9500 S ASHLAND AVENUE,08/07/2014,8,1167295.830128711,1841695.121217916,41.721160612,-87.662828139,"(41.72116061205213, -87.66282813939165)"
PULASKI AND PETERSON,1263,4000 W PETERSON AVENUE,10/06/2014,6,1148618.560490339,1939615.133928395,41.990244186,-87.728714391,"(41.99024418564742, -87.7287143910091)"
CICERO AND NORTH,2034,4800 W NORTH AVENUE,08/22/2014,4,1144053.733747163,1910243.80567041,41.90973389,-87.746244973,"(41.909733890131285, -87.74624497295898)"
LARAMIE AND MADISON,2043,5200 W MADISON STREET,07/30/2014,3,1141706.965522802,1899567.55684314,41.880480752,-87.755130433,"(41.88048075170171, -87.75513043296509)"
LAFAYETTE AND 87TH,2503,30 W 87TH STREET,07/18/2014,17,1177407.651800237,1847320.772058312,41.736376037,-87.625621311,"(41.736376036604916, -87.62562131092602)"
WESTERN AND DEVON,1211,6400 N WESTERN AVENUE,09/11/2014,1,1159113.585759434,1942451.622367891,41.997817807,-87.690033035,"(41.997817807026, -87.69003303469276)"
TOUHY AND OSCEOLA,1243,7432 W TOUHY AVENUE,09/06/2014,2,1125717.010560011,1947269.685461107,42.011661765,-87.812781431,"(42.01166176507329, -87.81278143114147)"
DIVERSEY AND WESTERN,1431,2800 N WESTERN AVENUE,07/29/2014,2,1159837.205417355,1918550.506189309,41.932216988,-87.688033281,"(41.93221698794738, -87.68803328089533)"
LARAMIE AND MADISON,2044,5200 W MADISON STREET,10/09/2014,6,1141706.965522802,1899567.55684314,41.880480752,-87.755130433,"(41.88048075170171, -87.75513043296509)"
CENTRAL AND ADDISON,1682,3600 N CENTRAL AVENUE,08/28/2014,4,1138343.117435682,1923392.067464765,41.945919491,-87.766904594,"(41.945919490555106, -87.76690459426293)"
99TH AND HALSTED,2431,9900 S HALSTED ST,07/15/2014,12,1172689.754200318,1839171.652197216,41.714118868,-87.643145408,"(41.714118868089905, -87.64314540818165)"
PULASKI AND ARCHER,2154,5000 S ARCHER AVE,09/27/2014,1,1150501.818909837,1871162.311703322,41.802365973,-87.723576766,"(41.80236597333895, -87.72357676611004)"
WESTERN AND ADDISON,1562,3600 N WESTERN AVENUE,07/26/2014,13,1159695.573342728,1923871.086283556,41.94681992,-87.688406662,"(41.94681991986288, -87.68840666206194)"
IRVING PARK AND NARRAGANSETT,1023,6400 W IRVING PK,09/21/2014,3,1132945.939118726,1925946.304925137,41.953024751,-87.786683238,"(41.95302475075328, -87.78668323766634)"
75TH AND STATE,2624,1 E 75TH STREET,07/08/2014,7,1177601.72646404,1855229.486604181,41.758074111,-87.624671658,"(41.75807411097799, -87.62467165835182)"
IRVING PARK AND NARRAGANSETT,1023,6400 W IRVING PK,10/02/2014,1,1132945.939118726,1925946.304925137,41.953024751,-87.786683238,"(41.95302475075328, -87.78668323766634)"
CICERO AND 47TH,2204,4800 W 47TH ST,08/21/2014,8,1145130.048925744,1873078.44198302,41.807727017,-87.743229366,"(41.80772701677172, -87.74322936566276)"
ASHLAND AND 87TH,2454,1600 W 87TH ST,09/21/2014,2,1167171.941297436,1847064.855345151,41.735898617,-87.663128781,"(41.735898617066006, -87.66312878090133)"
KEDZIE AND 71ST,2354,3200 W 71ST STREET,09/29/2014,3,1156246.862901455,1857404.014959868,41.764497433,-87.702877023,"(41.76449743256955, -87.70287702335861)"
WESTERN AND CERMAK,1003,2400 W CERMAK ROAD,07/28/2014,3,1160678.000607329,1889375.645335924,41.852141307,-87.685752642,"(41.85214130680468, -87.6857526415569)"
CICERO AND ARMITAGE,2001,2000 N CICERO AVENUE,07/21/2014,1,1144031.525719004,1912881.8300295,41.916973325,-87.746260223,"(41.91697332451097, -87.74626022251057)"
WESTERN AND CHICAGO,1943,2400 W CHICAGO AVE,09/06/2014,1,1160226.686812944,1905300.904544474,41.895851041,-87.686968935,"(41.895851041123755, -87.68696893468467)"
CENTRAL AND DIVERSEY,1644,5600 W DIVERSEY AVENUE,09/05/2014,2,1138539.758528398,1918097.096677271,41.931385977,-87.766310532,"(41.93138597683265, -87.76631053155157)"
DIVERSEY AND AUSTIN,1453,6000 W DIVERSEY AVENUE,07/25/2014,1,1135895.736169343,1918029.70673837,41.931248624,-87.776028612,"(41.931248623643455, -87.77602861172493)"
HALSTED AND 103RD,2593,800 W 103RD STREET,09/08/2014,2,1172778.570616036,1836587.755252818,41.70702632,-87.642896007,"(41.707026319812215, -87.64289600741817)"
MILWAUKEE AND DEVON,1272,6400 N MILWAUKEE AVEN,09/27/2014,1,1132463.750397878,1942107.911507627,41.997382173,-87.788077674,"(41.99738217345368, -87.78807767391953)"
IRVING PARK AND NARRAGANSETT,1023,6400 W IRVING PK,10/01/2014,2,1132945.939118726,1925946.304925137,41.953024751,-87.786683238,"(41.95302475075328, -87.78668323766634)"
KEDZIE AND 63RD,2361,6300 S KEDZIE AVE,07/21/2014,3,1156097.505177228,1862668.051775093,41.77894575,-87.703283119,"(41.77894575017997, -87.70328311900342)"
CICERO AND CHICAGO,1783,4800 W CHICAGO AVENUE,09/03/2014,1,1144175.291152764,1904916.255225279,41.895112219,-87.745932427,"(41.89511221857764, -87.74593242701515)"
WESTERN AND MARQUETTE,2672,6700 S WESTERN AVENUE,09/24/2014,7,1161488.747635042,1860134.788366884,41.771884028,-87.683588402,"(41.77188402771193, -87.68358840206334)"
WESTERN AND PRATT,1302,6800 N WESTERN AVENUE,09/22/2014,1,1159043.160898631,1945096.218978482,42.005076123,-87.69021903,"(42.00507612272344, -87.69021903022175)"
SHERIDAN AND FOSTER,1134,1000 W FOSTER AVE,07/09/2014,5,1168689.247756979,1934758.578141654,41.976505116,-87.655031882,"(41.97650511595711, -87.65503188224778)"
CENTRAL AND DIVERSEY,1642,2800 N CENTRAL AVENUE,09/30/2014,1,1138516.407377375,1918089.499227987,41.931365552,-87.766396529,"(41.93136555236339, -87.76639652879172)"
MADISON AND WESTERN,1931,1 S WESTERN AVE,07/10/2014,4,1160453.827721979,1899933.703473746,41.881118279,-87.686283339,"(41.881118278833966, -87.686283338873)"
SACRAMENTO AND LAKE,1821,150 N SACRAMENTO BOUL,07/17/2014,6,1156319.560664766,1900957.489351962,41.884012178,-87.701436479,"(41.88401217771363, -87.7014364786693)"
ELSTON AND LAWRENCE,1282,4800 N ELSTON AVENUE,09/25/2014,2,1145529.344259918,1931501.601268983,41.968039361,-87.740283894,"(41.96803936143674, -87.74028389448999)"
ASHLAND AND DIVERSEY,1621,2800 N ASHLAND AVENUE,09/15/2014,11,1165139.964068357,1918674.245501741,41.932445362,-87.66854285,"(41.93244536200095, -87.6685428496422)"
ASHLAND AND ARCHER,2301,3100 S ASHLAND AVENUE,07/23/2014,2,1166131.325337548,1884126.42490739,41.837622344,-87.665887181,"(41.83762234415814, -87.66588718054551)"
WESTERN AND CERMAK,1003,2400 W CERMAK ROAD,08/30/2014,2,1160678.000607329,1889375.645335924,41.852141307,-87.685752642,"(41.85214130680468, -87.6857526415569)"
CENTRAL AND LAKE,1743,5600 W LAKE STREET,07/07/2014,4,1138951.495695032,1902230.510465733,41.887838735,-87.765183663,"(41.887838735330206, -87.76518366338465)"
CENTRAL AND CHICAGO,1973,5600 W CHICAGO AVENUE,09/23/2014,3,1138858.856732452,1904825.827586656,41.894962293,-87.765460791,"(41.89496229349977, -87.76546079122906)"
119TH AND HALSTED,2404,800 W 119TH STREET,07/30/2014,1,1173111.174088158,1825985.001014405,41.677923389,-87.641989646,"(41.677923389134385, -87.64198964584013)"
IRVING PARK AND NARRAGANSETT,1023,6400 W IRVING PK,08/30/2014,2,1132945.939118726,1925946.304925137,41.953024751,-87.786683238,"(41.95302475075328, -87.78668323766634)"
GARFIELD AND ASHLAND,2272,5500 S ASHLAND AVENUE,10/14/2014,3,1166573.960309557,1868083.777885787,41.793590116,-87.664720996,"(41.793590115883404, -87.66472099593501)"
PULASKI AND ARMITAGE,1843,4000 W ARMITAGE AVENUE,10/09/2014,2,1149375.428872108,1913028.984273181,41.917275069,-87.726622746,"(41.91727506940875, -87.72662274644799)"
CHICAGO AND CLARK,1963,100 W CHICAGO AVENUE,07/26/2014,7,1175374.528739575,1905745.47783364,41.896744347,-87.631321248,"(41.896744346875806, -87.63132124815151)"
31ST ST AND MARTIN LUTHER KING DRIVE,2123,400 E 31ST STREET,07/01/2014,4,1179437.985396417,1884565.84226022,41.838534018,-87.617046113,"(41.838534018118914, -87.61704611345726)"
BELMONT AND KEDZIE,1372,3200 N KEDZIE AVE,08/18/2014,14,1154426.977874407,1921110.466549542,41.93935173,-87.707846594,"(41.93935173030961, -87.70784659359776)"
CICERO AND HARRISON,2022,600 S CICERO AVENUE,10/07/2014,4,1144444.97442848,1896894.622216872,41.873094833,-87.745143869,"(41.873094832519136, -87.74514386884542)"
WESTERN AND 63RD,2373,2400 W 63RD ST,08/09/2014,1,1161444.415758584,1862848.534703658,41.779331844,-87.683675761,"(41.77933184429814, -87.68367576084798)"
PULASKI AND CHICAGO,1983,4000 W CHICAGO AVENUE,09/10/2014,2,1149561.855939692,1905086.596446259,41.895476752,-87.72614436,"(41.89547675163723, -87.72614435991626)"
HALSTED AND FULLERTON,1701,2400 N HALSTED STREET,08/01/2014,3,1170501.602639925,1916200.061550148,41.925540315,-87.648912156,"(41.925540315431995, -87.64891215551155)"
ROOSEVELT AND HALSTED,2233,800 W ROOSEVELT ROAD,10/14/2014,5,1171199.282357741,1894968.056393724,41.867263098,-87.646972686,"(41.86726309836901, -87.64697268601648)"
CLARK AND IRVING PARK,1093,1300 W IRVING PARK ROAD,07/30/2014,5,1166777.545456989,1926719.73687357,41.954487567,-87.662293496,"(41.95448756687966, -87.66229349585691)"
ROOSEVELT AND HALSTED,2234,800 W ROOSEVELT ROAD,08/15/2014,19,1171199.282357741,1894968.056393724,41.867263098,-87.646972686,"(41.86726309836901, -87.64697268601648)"
PULASKI AND ARCHER,2154,5000 S ARCHER AVE,08/10/2014,3,1150501.818909837,1871162.311703322,41.802365973,-87.723576766,"(41.80236597333895, -87.72357676611004)"
FULLERTON AND NARRAGANSETT,1553,6400 W FULLERTON AVENU,09/18/2014,7,1133317.594499059,1915293.661305931,41.923786189,-87.785567206,"(41.92378618871128, -87.78556720562165)"
KOSTNER AND NORTH,2011,1600 N KOSTNER,08/23/2014,3,1146732.108679105,1910282.120990798,41.909788304,-87.736404667,"(41.90978830394343, -87.73640466739216)"
LASALLE AND KINZIE,1923,140 W KINZIE,09/12/2014,5,1175048.09765242,1903028.894760294,41.889297219,-87.632601648,"(41.88929721947309, -87.63260164817305)"
MILWAUKEE AND DEVON,1274,6400 W DEVON AVENUE,08/11/2014,6,1132590.619798275,1942138.532048656,41.997463981,-87.787610243,"(41.99746398102873, -87.78761024341388)"
55TH and PULASKI,2244,4000 W 55TH ST,07/20/2014,2,1150621.676903861,1867864.274865394,41.793313334,-87.723223038,"(41.79331333358753, -87.72322303812588)"
COLUMBUS AND ILLINOIS,1952,500 N COLUMBUS DRIVE,09/28/2014,3,1178372.808407292,1903693.06016042,41.891044569,-87.620371839,"(41.891044569124276, -87.620371839074)"
CICERO AND HARRISON,2022,600 S CICERO AVENUE,08/18/2014,3,1144444.97442848,1896894.622216872,41.873094833,-87.745143869,"(41.873094832519136, -87.74514386884542)"
LARAMIE AND MADISON,2044,5200 W MADISON STREET,09/19/2014,11,1141706.965522802,1899567.55684314,41.880480752,-87.755130433,"(41.88048075170171, -87.75513043296509)"
WESTERN AND 71ST,2614,2400 W 71ST STREET,07/16/2014,1,1161584.506819846,1857557.788853485,41.764810388,-87.683308769,"(41.76481038827884, -87.68330876944678)"
STONY ISLAND/CORNELL AND 67TH,2731,6700 S CORNELL DRIVE,08/16/2014,10,1188316.454860734,1860851.137456735,41.77325149,-87.5852246,"(41.77325148959568, -87.58522459967712)"
ASHLAND AND 95TH,2473,1600 W 95TH STREET,08/27/2014,8,1167323.753394196,1841755.029221382,41.721324412,-87.662724153,"(41.721324411975246, -87.66272415265087)"
CANAL AND ROOSEVELT,2294,500 W ROOSEVELT ROAD,09/11/2014,6,1173290.72186561,1895021.166235495,41.867362693,-87.639293195,"(41.867362692616666, -87.63929319464197)"
KEDZIE AND 26TH,2381,2600 S KEDZIE AVENUE,08/11/2014,4,1155404.235510285,1886524.460033054,41.844424831,-87.705185452,"(41.84442483084393, -87.70518545233183)"
79TH AND HALSTED,2541,7900 S HALSTED STREET,09/01/2014,6,1172298.707400847,1852444.344822186,41.750549559,-87.644188368,"(41.750549559438944, -87.64418836784098)"
COLUMBUS AND ILLINOIS,1951,500 N COLUMBUS DRIVE,09/26/2014,9,1178372.808407292,1903693.06016042,41.891044569,-87.620371839,"(41.891044569124276, -87.620371839074)"
WESTERN AND CHICAGO,1943,2400 W CHICAGO AVE,08/05/2014,3,1160226.686812944,1905300.904544474,41.895851041,-87.686968935,"(41.895851041123755, -87.68696893468467)"
STATE AND 79TH,2651,7900 S STATE STREET,07/18/2014,5,1177618.166929966,1852621.870232838,41.750918138,-87.624690123,"(41.7509181383154, -87.62469012251644)"
ROOSEVELT AND PULASKI,2311,1200 S PULASKI ROAD,08/25/2014,2,1149866.002247864,1894375.839200384,41.866079337,-87.725305995,"(41.86607933722178, -87.7253059948758)"
ELSTON AND FOSTER,1062,5200 N ELSTON AVENUE,08/23/2014,2,1142327.864249356,1934110.317720717,41.975258095,-87.751990557,"(41.97525809526954, -87.75199055715778)"
HALSTED AND MADISON,1872,1 N HALSTED STREET,08/01/2014,6,1171090.967986833,1900270.454015136,41.881815632,-87.647214717,"(41.88181563164203, -87.64721471704077)"
35TH AND WESTERN,2092,3500 S WESTERN,07/12/2014,3,1160894.949857101,1881376.851112895,41.830187255,-87.685177925,"(41.83018725526863, -87.68517792510231)"
ARCHER AND CICERO,2081,5200 S CICERO AVE,07/24/2014,27,1145195.931989777,1869737.708306623,41.798558278,-87.743071866,"(41.798558278193305, -87.74307186616427)"
LASALLE AND KINZIE,1921,400 N LASALLE,08/05/2014,5,1175028.579766798,1903002.552291359,41.889225372,-87.632674115,"(41.88922537162015, -87.63267411498495)"
ADDISON AND HARLEM,1591,3600 N HARLEM AVENUE,07/08/2014,5,1127394.594070737,1923110.532422811,41.945338412,-87.807154769,"(41.94533841246591, -87.80715476912044)"
CICERO AND ADDISON,1611,3600 N CICERO AVENUE,08/24/2014,11,1143698.904601495,1923517.005821035,41.946163524,-87.747215169,"(41.94616352362556, -87.74721516897007)"
DIVERSEY AND AUSTIN,1453,6000 W DIVERSEY AVENUE,08/25/2014,2,1135895.736169343,1918029.70673837,41.931248624,-87.776028612,"(41.931248623643455, -87.77602861172493)"
MILWAUKEE AND MONTROSE,1364,5075 W MONTROSE AVENUE,10/08/2014,3,1141716.746618898,1928736.076639057,41.960522088,-87.754371424,"(41.96052208819935, -87.75437142402293)"
CENTRAL AND DIVERSEY,1644,5600 W DIVERSEY AVENUE,08/07/2014,2,1138539.758528398,1918097.096677271,41.931385977,-87.766310532,"(41.93138597683265, -87.76631053155157)"
CICERO AND PETERSON,1204,4800 W PETERSON AVENUE,08/24/2014,2,1143273.766829016,1939491.944645127,41.990008007,-87.748376951,"(41.99000800729908, -87.74837695118997)"
STATE AND 79TH,2654,1 E 79TH STREET,08/28/2014,17,1177680.113652821,1852598.313477786,41.750852096,-87.624463832,"(41.75085209551078, -87.62446383210285)"
STONEY ISLAND AND 76TH,2631,7600 S STONY ISLAND A,07/27/2014,17,1188092.796191935,1854889.354158304,41.756897173,-87.586234285,"(41.75689717260223, -87.58623428506996)"
55TH AND WESTERN,2212,5500 S WESTERN AVE,07/12/2014,13,1161269.521335262,1867963.111601251,41.793370554,-87.684175377,"(41.79337055433029, -87.6841753767592)"
CORNELL DRIVE AND 57TH,2182,5700 S CORNELL DRIVE,07/23/2014,22,1188165.732740433,1867529.196427323,41.791580204,-87.585564215,"(41.79158020433135, -87.58556421519536)"
PULASKI AND PETERSON,1263,4000 W PETERSON AVENUE,09/12/2014,8,1148618.560490339,1939615.133928395,41.990244186,-87.728714391,"(41.99024418564742, -87.7287143910091)"
WESTERN AND CERMAK,1002,2200 S WESTERN AVENUE,09/04/2014,6,1160669.42562757,1889318.196820393,41.85198384,-87.685785704,"(41.85198383957328, -87.68578570420526)"
WESTERN AND DEVON,1211,6400 N WESTERN AVENUE,09/05/2014,1,1159113.585759434,1942451.622367891,41.997817807,-87.690033035,"(41.997817807026, -87.69003303469276)"
IRVING PARK AND KEDZIE,1354,3200 W IRVING PARK ROAD,07/20/2014,7,1154325.140302006,1926458.463197156,41.954029047,-87.708077494,"(41.95402904691877, -87.70807749383191)"
MILWAUKEE AND MONTROSE,1364,5075 W MONTROSE AVENUE,07/20/2014,5,1141716.746618898,1928736.076639057,41.960522088,-87.754371424,"(41.96052208819935, -87.75437142402293)"
35TH AND WESTERN,2092,3500 S WESTERN,09/12/2014,8,1160894.949857101,1881376.851112895,41.830187255,-87.685177925,"(41.83018725526863, -87.68517792510231)"
CICERO AND HARRISON,2023,4800 W HARRISON STREET,07/14/2014,2,1144451.867388303,1896949.561959463,41.873245464,-87.745117179,"(41.873245464379586, -87.7451171788807)"
WESTERN AND NORTH,1853,2400 W NORTH AVE,08/02/2014,2,1160100.839010995,1910612.783367238,41.910429862,-87.687284221,"(41.91042986235867, -87.68728422050837)"
CENTRAL AND IRVING PARK,1182,4000 N CENTRAL AVENUE,08/05/2014,1,1138258.614129764,1926071.172884932,41.953272751,-87.767150151,"(41.95327275103541, -87.76715015131407)"
COTTAGE GROVE AND 71ST,2571,7100 S COTTAGE GROVE,09/01/2014,1,1182746.23698699,1858088.011064538,41.765800351,-87.605729127,"(41.76580035131893, -87.6057291269901)"
CENTRAL AND IRVING PARK,1183,5600 W IRVING PARK ROAD,08/07/2014,9,1138281.535484986,1926078.647777633,41.953292847,-87.767065708,"(41.953292847298, -87.76706570775266)"
LARAMIE AND MADISON,2043,5200 W MADISON STREET,10/15/2014,4,1141706.965522802,1899567.55684314,41.880480752,-87.755130433,"(41.88048075170171, -87.75513043296509)"
35TH AND WESTERN,2091,3500 S WESTERN,10/05/2014,8,1160894.949857101,1881376.851112895,41.830187255,-87.685177925,"(41.83018725526863, -87.68517792510231)"
CALIFORNIA AND DIVERSEY,1513,2800 W DIVERSEY,07/06/2014,4,1157212.54253358,1918526.674434943,41.932205395,-87.697679244,"(41.93220539506452, -87.6976792438691)"
KEDZIE AND 63RD,2361,6300 S KEDZIE AVE,07/18/2014,1,1156097.505177228,1862668.051775093,41.77894575,-87.703283119,"(41.77894575017997, -87.70328311900342)"
HAMLIN AND LAKE,1881,300 N HAMLIN AVENUE,07/17/2014,12,1150970.026856642,1901381.688308858,41.885282636,-87.721069539,"(41.88528263580913, -87.72106953854511)"
63RD AND STATE,2712,6300 S STATE ST,08/24/2014,6,1177303.801895084,1863220.216755923,41.780008277,-87.625522512,"(41.78000827740796, -87.6255225119157)"
PULASKI AND FOSTER,1104,4000 W FOSTER AVE,07/21/2014,2,1148759.16134887,1934294.249006446,41.975640616,-87.728335469,"(41.975640616231914, -87.72833546926573)"
MONTROSE AND WESTERN,1221,4400 N WESTERN AVENUE,07/26/2014,5,1159539.733234718,1929183.918095502,41.961401846,-87.688832623,"(41.961401846278505, -87.6888326227788)"
MILWAUKEE AND DEVON,1274,6400 W DEVON AVENUE,09/02/2014,3,1132590.619798275,1942138.532048656,41.997463981,-87.787610243,"(41.99746398102873, -87.78761024341388)"
LAFAYETTE AND 87TH,2503,30 W 87TH STREET,08/15/2014,10,1177407.651800237,1847320.772058312,41.736376037,-87.625621311,"(41.736376036604916, -87.62562131092602)"
OGDEN AND KOSTNER,2222,2348 S KOSTNER AVENUE,08/18/2014,6,1147394.548182079,1887795.177782082,41.848068845,-87.734547457,"(41.8480688449598, -87.73454745748458)"
CICERO AND I55,2251,4200 S CICERO AVENUE,10/11/2014,30,1145023.742859509,1876358.276835519,41.816729387,-87.743536712,"(41.81672938674739, -87.74353671247594)"
IRVING PARK AND KILPATRICK,2764,4700 W IRVING PARK ROA,09/13/2014,7,,,,,
LAKE SHORE DR AND BELMONT,1412,3200 N LAKESHORE DRIV,09/02/2014,8,1173053.220555078,1921821.380831705,41.940909163,-87.63936916,"(41.94090916326764, -87.63936915995522)"
COLUMBUS AND ILLINOIS,1951,500 N COLUMBUS DRIVE,10/05/2014,4,1178372.808407292,1903693.06016042,41.891044569,-87.620371839,"(41.891044569124276, -87.620371839074)"
WESTERN AND FULLERTON,1671,2400 N WESTERN AVENUE,08/28/2014,9,1159923.309342995,1915897.778561358,41.924935944,-87.687790255,"(41.92493594409127, -87.68779025471278)"
PULASKI AND 63RD,2342,6300 S PULASKI RD,08/07/2014,7,1150746.00309079,1862516.747695325,41.778636469,-87.722906356,"(41.77863646878099, -87.72290635568541)"
ASHLAND AND 87TH,2452,8700 S ASHLAND AVE,09/18/2014,2,1167150.470087748,1846991.212339794,41.735696989,-87.663209544,"(41.73569698863625, -87.66320954445679)"
VINCENNES AND 111TH,2531,11100 S VINCENNES AVE,10/06/2014,5,1167202.128381332,1831126.639262444,41.692160999,-87.663472469,"(41.69216099874656, -87.66347246868617)"
111TH AND HALSTED,2424,800 W 111TH ST,09/25/2014,3,1172945.404219168,1831282.917027882,41.692465363,-87.642440901,"(41.692465363421874, -87.64244090105778)"
HAMLIN AND LAKE,1882,300 N HAMLIN AVENUE,10/03/2014,2,1150970.026856642,1901381.688308858,41.885282636,-87.721069539,"(41.88528263580913, -87.72106953854511)"
CICERO AND 47TH,2202,4700 S CICERO AVE,07/24/2014,2,1145112.150373471,1873006.659918126,41.807530373,-87.743296821,"(41.80753037289406, -87.7432968212423)"
HALSTED AND 95TH,2581,9500 S HALSTED STREET,09/13/2014,4,1172610.538363645,1841811.61926207,41.721365061,-87.643358042,"(41.72136506078306, -87.64335804234075)"
HARLEM AND NORTHWEST HWY,1081,6400 N HARLEM AVE,09/13/2014,4,1127335.21218179,1941943.442727776,41.997018918,-87.806947715,"(41.99701891845275, -87.8069477154956)"
PULASKI AND DIVISION,1802,1200 N PULASKI ROAD,07/17/2014,3,1149459.590666926,1907723.219884254,41.902713902,-87.726451457,"(41.902713901936174, -87.72645145715836)"
CHICAGO AND CLARK,1963,100 W CHICAGO AVENUE,09/20/2014,3,1175374.528739575,1905745.47783364,41.896744347,-87.631321248,"(41.896744346875806, -87.63132124815151)"
PULASKI AND DIVERSEY,1542,2800 N PULASKI ROAD,07/18/2014,12,1149200.724531183,1918332.222549679,41.931831026,-87.727126873,"(41.93183102561505, -87.72712687300454)"
31ST ST AND MARTIN LUTHER KING DRIVE,2123,400 E 31ST STREET,07/23/2014,13,1179437.985396417,1884565.84226022,41.838534018,-87.617046113,"(41.838534018118914, -87.61704611345726)"
CENTRAL AND LAKE,1743,5600 W LAKE STREET,08/28/2014,1,1138951.495695032,1902230.510465733,41.887838735,-87.765183663,"(41.887838735330206, -87.76518366338465)"
HOLLYWOOD AND SHERIDAN,1344,1000 W HOLLYWOOD AVE,07/21/2014,17,1168580.228926466,1938090.295189338,41.985649799,-87.655335807,"(41.98564979859328, -87.65533580655139)"
WESTERN AND CERMAK,1002,2200 S WESTERN AVENUE,08/01/2014,10,1160669.42562757,1889318.196820393,41.85198384,-87.685785704,"(41.85198383957328, -87.68578570420526)"
4700 WESTERN,2142,4700 S WESTERN AVENUE,10/04/2014,1,1161120.438879703,1873431.066474726,41.808378408,-87.684570717,"(41.808378407946726, -87.68457071689552)"
ASHLAND AND LAWRENCE,1142,4800 N ASHLAND AVENUE,08/17/2014,5,1164751.686785145,1932001.206626392,41.96902343,-87.669590434,"(41.969023429614026, -87.66959043354217)"
CALIFORNIA AND PETERSON,1311,6000 N CALIFORNIA AVE,09/29/2014,1,1156545.742699118,1939775.775541795,41.990527717,-87.699552084,"(41.990527717148176, -87.69955208405155)"
LAKE SHORE DR AND BELMONT,1412,3200 N LAKESHORE DRIV,07/26/2014,7,1173053.220555078,1921821.380831705,41.940909163,-87.63936916,"(41.94090916326764, -87.63936915995522)"
CLARK AND IRVING PARK,1091,4000 N CLARK STREET,10/01/2014,3,1166736.149822904,1926699.323624709,41.954432441,-87.662446259,"(41.95443244141688, -87.66244625914061)"
TOUHY AND OSCEOLA,1244,7432 W TOUHY AVENUE,10/09/2014,2,1125717.010560011,1947269.685461107,42.011661765,-87.812781431,"(42.01166176507329, -87.81278143114147)"
CENTRAL AND IRVING PARK,1183,5600 W IRVING PARK ROAD,08/09/2014,1,1138281.535484986,1926078.647777633,41.953292847,-87.767065708,"(41.953292847298, -87.76706570775266)"
PULASKI AND FOSTER,1102,5200 N PULASKI RD,07/28/2014,3,1148746.251286324,1934286.914361976,41.97562074,-87.728383135,"(41.97562073966174, -87.72838313514907)"
CALIFORNIA AND DIVERSEY,1513,2800 W DIVERSEY,09/27/2014,4,1157212.54253358,1918526.674434943,41.932205395,-87.697679244,"(41.93220539506452, -87.6976792438691)"
LAWRENCE AND WESTERN,1193,2400 W LAWRENCE AVENUE,10/10/2014,3,1159482.648570304,1931851.989492596,41.968724349,-87.688968727,"(41.96872434882172, -87.68896872699601)"
ASHLAND AND 87TH,2452,8700 S ASHLAND AVE,07/24/2014,7,1167150.470087748,1846991.212339794,41.735696989,-87.663209544,"(41.73569698863625, -87.66320954445679)"
CENTRAL AND FULLERTON,1444,5600 W FULLERTON AVENU,07/18/2014,1,1138627.279189421,1915438.969256439,41.924090199,-87.76605353,"(41.92409019883488, -87.76605353016079)"
KEDZIE AND ARMITAGE,1834,3200 W ARMITAGE AVENUE,09/13/2014,3,1154700.851347995,1913153.252187904,41.917511023,-87.707053639,"(41.91751102291878, -87.7070536388797)"
STONY ISLAND/CORNELL AND 67TH,2721,6700 S STONY ISLAND A,09/12/2014,12,1187984.143047539,1860863.338367666,41.773292896,-87.586442368,"(41.77329289585066, -87.58644236831432)"
BROADWAY/SHERIDAN AND DEVON,1122,6400 N SHERIDAN ROAD,08/05/2014,8,1167087.151194129,1942658.704988689,41.998217921,-87.660695256,"(41.99821792053241, -87.6606952555721)"
LARAMIE AND FULLERTON,1421,2400 N LARAMIE AVENUE,09/25/2014,1,1141282.877477884,1915479.163971956,41.924151874,-87.756294662,"(41.92415187425276, -87.75629466175003)"
ASHLAND AND FULLERTON,1651,2400 N ASHLAND AVENUE,08/06/2014,11,1165228.073342838,1916032.319169157,41.92519389,-87.668294363,"(41.92519388981048, -87.66829436339881)"
KOSTNER AND NORTH,2011,1600 N KOSTNER,09/30/2014,3,1146732.108679105,1910282.120990798,41.909788304,-87.736404667,"(41.90978830394343, -87.73640466739216)"
87TH AND VINCENNES,2412,8700 S VINCENNES,07/26/2014,23,1172026.328989535,1847142.496643776,41.736006565,-87.645341819,"(41.73600656458518, -87.64534181897955)"
4700 WESTERN,2142,4700 S WESTERN AVENUE,07/28/2014,5,1161120.438879703,1873431.066474726,41.808378408,-87.684570717,"(41.808378407946726, -87.68457071689552)"
HOMAN/KIMBALL AND NORTH,1773,3400 W NORTH AVE,09/13/2014,7,1153386.578905125,1910465.87061722,41.910162847,-87.711953868,"(41.91016284680269, -87.71195386769125)"
STONEY ISLAND AND 76TH,2631,7600 S STONY ISLAND A,08/05/2014,10,1188092.796191935,1854889.354158304,41.756897173,-87.586234285,"(41.75689717260223, -87.58623428506996)"
HALSTED AND NORTH,1761,1600 N HALSTED STREET,10/09/2014,3,1170678.283433825,1910880.991397547,41.910940644,-87.648419043,"(41.91094064391597, -87.64841904272998)"
SACRAMENTO AND CHICAGO,1814,3000 W CHICAGO AVENUE,09/23/2014,3,1156075.266375505,1905216.604770718,41.895704525,-87.702218524,"(41.895704524946225, -87.70221852353758)"
HALSTED AND NORTH,1761,1600 N HALSTED STREET,08/21/2014,1,1170678.283433825,1910880.991397547,41.910940644,-87.648419043,"(41.91094064391597, -87.64841904272998)"
ASHLAND AND LAWRENCE,1142,4800 N ASHLAND AVENUE,07/21/2014,6,1164751.686785145,1932001.206626392,41.96902343,-87.669590434,"(41.969023429614026, -87.66959043354217)"
AUSTIN AND IRVING PARK,1161,4000 N AUSTIN AVENUE,09/29/2014,4,1135599.956110927,1926006.862619986,41.953144059,-87.776925284,"(41.95314405904539, -87.77692528423394)"
LAKE SHORE DR AND BELMONT,1412,3200 N LAKESHORE DRIV,07/20/2014,2,1173053.220555078,1921821.380831705,41.940909163,-87.63936916,"(41.94090916326764, -87.63936915995522)"
CORNELL DRIVE AND 57TH,2182,5700 S CORNELL DRIVE,09/19/2014,5,1188165.732740433,1867529.196427323,41.791580204,-87.585564215,"(41.79158020433135, -87.58556421519536)"
CICERO AND I55,2251,4200 S CICERO AVENUE,07/04/2014,38,1145023.742859509,1876358.276835519,41.816729387,-87.743536712,"(41.81672938674739, -87.74353671247594)"
ELSTON AND IRVING PARK,1502,4000 N ELSTON AVENUE,08/13/2014,3,1151273.974828198,1926311.849469842,41.953687266,-87.719297882,"(41.95368726563273, -87.71929788151473)"
IRVING PARK AND NARRAGANSETT,1023,6400 W IRVING PK,10/09/2014,3,1132945.939118726,1925946.304925137,41.953024751,-87.786683238,"(41.95302475075328, -87.78668323766634)"
AUSTIN AND IRVING PARK,1161,4000 N AUSTIN AVENUE,08/13/2014,2,1135599.956110927,1926006.862619986,41.953144059,-87.776925284,"(41.95314405904539, -87.77692528423394)"
LAKE SHORE DR AND BELMONT,1412,3200 N LAKESHORE DRIV,08/10/2014,1,1173053.220555078,1921821.380831705,41.940909163,-87.63936916,"(41.94090916326764, -87.63936915995522)"
HALSTED AND 83RD,2641,8300 S HALSTED STREET,09/25/2014,3,1172378.202798089,1849790.199606783,41.743264491,-87.64397498,"(41.743264490643654, -87.64397498015705)"
STATE AND 79TH,2654,1 E 79TH STREET,10/14/2014,13,1177680.113652821,1852598.313477786,41.750852096,-87.624463832,"(41.75085209551078, -87.62446383210285)"
KEDZIE AND 26TH,2382,2600 S KEDZIE AVENUE,07/07/2014,3,1155404.235510285,1886524.460033054,41.844424831,-87.705185452,"(41.84442483084393, -87.70518545233183)"
ARCHER AND CICERO,2081,5200 S CICERO AVE,08/04/2014,18,1145195.931989777,1869737.708306623,41.798558278,-87.743071866,"(41.798558278193305, -87.74307186616427)"
SACRAMENTO AND LAKE,1821,150 N SACRAMENTO BOUL,10/01/2014,1,1156319.560664766,1900957.489351962,41.884012178,-87.701436479,"(41.88401217771363, -87.7014364786693)"
ASHLAND AND DIVISION,1791,1200 N ASHLAND AVENUE,10/07/2014,2,1165466.997046718,1908083.767015974,41.903377468,-87.667643142,"(41.903377467566784, -87.66764314227497)"
KEDZIE AND 71ST,2354,3200 W 71ST STREET,10/12/2014,2,1156246.862901455,1857404.014959868,41.764497433,-87.702877023,"(41.76449743256955, -87.70287702335861)"
CENTRAL AND DIVERSEY,1642,2800 N CENTRAL AVENUE,08/25/2014,2,1138516.407377375,1918089.499227987,41.931365552,-87.766396529,"(41.93136555236339, -87.76639652879172)"
PETERSON AND WESTERN,1014,2400 W PETERSON,07/15/2014,10,1159214.211316277,1939825.301874586,41.99060901,-87.689735481,"(41.990609009807294, -87.68973548092968)"
CENTRAL AND BELMONT,1604,5600 W BELMONT AVENUE,09/26/2014,2,1138453.617438343,1920755.972768412,41.938683775,-87.766562494,"(41.93868377475747, -87.76656249384537)"
CICERO AND 47TH,2204,4800 W 47TH ST,08/15/2014,10,1145130.048925744,1873078.44198302,41.807727017,-87.743229366,"(41.80772701677172, -87.74322936566276)"
FULLERTON AND NARRAGANSETT,1553,6400 W FULLERTON AVENU,09/16/2014,3,1133317.594499059,1915293.661305931,41.923786189,-87.785567206,"(41.92378618871128, -87.78556720562165)"
JEFFERY AND 95TH,2523,2000 E 95TH ST,09/23/2014,2,1191188.381103057,1842410.411853539,41.722579473,-87.575292523,"(41.722579473126416, -87.57529252250366)"
TOUHY AND OSCEOLA,1243,7432 W TOUHY AVENUE,08/05/2014,4,1125717.010560011,1947269.685461107,42.011661765,-87.812781431,"(42.01166176507329, -87.81278143114147)"
CICERO AND WASHINGTON,1891,100 N CICERO AVENUE,10/12/2014,6,1144328.984091479,1900095.170838459,41.88187971,-87.745489247,"(41.88187970991601, -87.7454892473012)"
DIVERSEY AND AUSTIN,1454,6000 W DIVERSEY AVENUE,07/05/2014,3,1135895.736169343,1918029.70673837,41.931248624,-87.776028612,"(41.931248623643455, -87.77602861172493)"
HALSTED AND MADISON,1871,1 S HALSTED STREET,08/01/2014,2,1171092.392868784,1900234.542088741,41.881717056,-87.647210539,"(41.88171705561901, -87.64721053920604)"
CLARK AND IRVING PARK,1091,4000 N CLARK STREET,08/30/2014,2,1166736.149822904,1926699.323624709,41.954432441,-87.662446259,"(41.95443244141688, -87.66244625914061)"
FOSTER AND NAGLE,1034,6400 W FOSTER,08/10/2014,8,1132552.893142153,1934229.875527466,41.975762574,-87.787934296,"(41.97576257447203, -87.7879342955108)"
WESTERN AND 63RD,2373,2400 W 63RD ST,10/02/2014,2,1161444.415758584,1862848.534703658,41.779331844,-87.683675761,"(41.77933184429814, -87.68367576084798)"
WENTWORTH AND GARFIELD,2264,200 W GARFIELD BLVD,07/10/2014,7,1175889.574397302,1868551.750512227,41.794670385,-87.630547476,"(41.79467038468937, -87.63054747605638)"
DIVERSEY AND WESTERN,1434,2400 W DIVERSEY AVENUE,09/10/2014,1,1159859.648423836,1918576.255784305,41.932287183,-87.687950093,"(41.93228718299094, -87.6879500934122)"
WESTERN AND DEVON,1212,6400 N WESTERN AVENUE,07/05/2014,1,1159113.585759434,1942451.622367891,41.997817807,-87.690033035,"(41.997817807026, -87.69003303469276)"
HOLLYWOOD AND SHERIDAN,1343,1000 W HOLLYWOOD AVE,09/16/2014,5,1168580.228926466,1938090.295189338,41.985649799,-87.655335807,"(41.98564979859328, -87.65533580655139)"
CICERO AND HARRISON,2022,600 S CICERO AVENUE,07/09/2014,1,1144444.97442848,1896894.622216872,41.873094833,-87.745143869,"(41.873094832519136, -87.74514386884542)"
71ST AND ASHLAND,2391,7100 S ASHLAND,09/04/2014,8,1166868.379865725,1857616.168087255,41.764859382,-87.663940176,"(41.764859382425385, -87.66394017630476)"
CENTRAL AND CHICAGO,1973,5600 W CHICAGO AVENUE,10/11/2014,3,1138858.856732452,1904825.827586656,41.894962293,-87.765460791,"(41.89496229349977, -87.76546079122906)"
WESTERN AND FULLERTON,1672,2400 N WESTERN AVENUE,08/08/2014,1,1159923.309342995,1915897.778561358,41.924935944,-87.687790255,"(41.92493594409127, -87.68779025471278)"
ASHLAND AND FULLERTON,1651,2400 N ASHLAND AVENUE,09/25/2014,8,1165228.073342838,1916032.319169157,41.92519389,-87.668294363,"(41.92519388981048, -87.66829436339881)"
PULASKI AND ARCHER,2154,5000 S ARCHER AVE,08/04/2014,2,1150501.818909837,1871162.311703322,41.802365973,-87.723576766,"(41.80236597333895, -87.72357676611004)"
PULASKI AND PETERSON,1263,4000 W PETERSON AVENUE,10/04/2014,9,1148618.560490339,1939615.133928395,41.990244186,-87.728714391,"(41.99024418564742, -87.7287143910091)"
ASHLAND AND 95TH,2472,9500 S ASHLAND AVENUE,10/06/2014,4,1167295.830128711,1841695.121217916,41.721160612,-87.662828139,"(41.72116061205213, -87.66282813939165)"
83RD AND STONY ISLAND,2563,1600 E 83RD STREET,08/07/2014,5,1188383.194217679,1850307.01299095,41.744315875,-87.585316041,"(41.74431587464464, -87.58531604125469)"
KEDZIE AND ARMITAGE,1832,2000 N KEDZIE AVENUE,07/02/2014,9,1154684.031809326,1913129.496340896,41.917446172,-87.707116072,"(41.91744617191702, -87.70711607187832)"
CENTRAL AND ADDISON,1682,3600 N CENTRAL AVENUE,07/11/2014,3,1138343.117435682,1923392.067464765,41.945919491,-87.766904594,"(41.945919490555106, -87.76690459426293)"
AUSTIN AND IRVING PARK,1161,4000 N AUSTIN AVENUE,07/28/2014,4,1135599.956110927,1926006.862619986,41.953144059,-87.776925284,"(41.95314405904539, -87.77692528423394)"
SACRAMENTO AND LAKE,1821,150 N SACRAMENTO BOUL,10/10/2014,6,1156319.560664766,1900957.489351962,41.884012178,-87.701436479,"(41.88401217771363, -87.7014364786693)"
CICERO AND CHICAGO,1781,800 N CICERO AVENUE,08/04/2014,2,1144169.162482127,1904893.189220372,41.895049038,-87.745955516,"(41.89504903796389, -87.74595551626888)"
FOSTER AND NAGLE,1034,6400 W FOSTER,09/13/2014,7,1132552.893142153,1934229.875527466,41.975762574,-87.787934296,"(41.97576257447203, -87.7879342955108)"
WESTERN AND DEVON,1211,6400 N WESTERN AVENUE,08/07/2014,2,1159113.585759434,1942451.622367891,41.997817807,-87.690033035,"(41.997817807026, -87.69003303469276)"
STONY ISLAND/CORNELL AND 67TH,2731,6700 S CORNELL DRIVE,10/09/2014,4,1188316.454860734,1860851.137456735,41.77325149,-87.5852246,"(41.77325148959568, -87.58522459967712)"
CICERO AND I55,2252,4200 S CICERO AVENUE,07/17/2014,10,1145023.742859509,1876358.276835519,41.816729387,-87.743536712,"(41.81672938674739, -87.74353671247594)"
DIVERSEY AND AUSTIN,1454,6000 W DIVERSEY AVENUE,08/05/2014,1,1135895.736169343,1918029.70673837,41.931248624,-87.776028612,"(41.931248623643455, -87.77602861172493)"
HALSTED AND 63RD,2691,6300 S HALSTED STREET,07/29/2014,4,1172011.176373021,1863049.419962901,41.7796575,-87.644930993,"(41.77965750036339, -87.64493099278877)"
DAMEN AND DIVERSEY,1462,2800 N DAMEN AVENUE,08/31/2014,1,1162490.04851994,1918611.623717091,41.932329494,-87.678282719,"(41.9323294940985, -87.67828271931386)"
CICERO AND ARMITAGE,2003,4800 W ARMITAGE AVENUE,08/16/2014,2,1144054.25126508,1912907.00926109,41.917041992,-87.746176095,"(41.91704199201953, -87.74617609464687)"
COLUMBUS AND ILLINOIS,1952,500 N COLUMBUS DRIVE,07/18/2014,12,1178372.808407292,1903693.06016042,41.891044569,-87.620371839,"(41.891044569124276, -87.620371839074)"
CICERO AND NORTH,2034,4800 W NORTH AVENUE,09/26/2014,1,1144053.733747163,1910243.80567041,41.90973389,-87.746244973,"(41.909733890131285, -87.74624497295898)"
HOMAN/KIMBALL AND NORTH,1773,3400 W NORTH AVE,08/29/2014,12,1153386.578905125,1910465.87061722,41.910162847,-87.711953868,"(41.91016284680269, -87.71195386769125)"
DAMEN AND 63RD,2701,6300 S DAMEN AVENUE,09/29/2014,2,1164069.407943298,1862830.277442834,41.779226921,-87.674052731,"(41.77922692069256, -87.67405273137854)"
HALSTED AND FULLERTON,1704,800 W FULLERTON AVENUE,10/10/2014,1,1170525.624723311,1916208.443992778,41.925562791,-87.648823641,"(41.92556279107417, -87.64882364145232)"
KEDZIE AND ARMITAGE,1834,3200 W ARMITAGE AVENUE,09/19/2014,6,1154700.851347995,1913153.252187904,41.917511023,-87.707053639,"(41.91751102291878, -87.7070536388797)"
CICERO AND ADDISON,1611,3600 N CICERO AVENUE,08/26/2014,6,1143698.904601495,1923517.005821035,41.946163524,-87.747215169,"(41.94616352362556, -87.74721516897007)"
JEFFERY AND 95TH,2522,9500 S JEFFERY AVE,10/09/2014,2,1191132.420601301,1842335.735988875,41.722375907,-87.575499903,"(41.72237590704101, -87.57549990332795)"
BELMONT AND KEDZIE,1373,3200 W BELMONT,08/04/2014,1,1154461.587940363,1921143.091003516,41.939440561,-87.707718516,"(41.93944056117365, -87.70771851630873)"
CORTLAND AND ASHLAND,1721,1900 N ASHLAND AVE,07/25/2014,25,1165348.084854857,1912736.454335569,41.916147281,-87.667947354,"(41.91614728095272, -87.66794735350443)"
KEDZIE AND 31ST,2134,3200 W 31ST STREET,09/05/2014,2,1155487.128005646,1883943.061106793,41.8373395,-87.704950558,"(41.83733950029648, -87.70495055800411)"
WESTERN AND CHICAGO,1941,800 N WESTERN AVE,08/25/2014,6,1160220.967978608,1905277.507115921,41.895786955,-87.686990586,"(41.89578695485361, -87.68699058611217)"
ELSTON AND LAWRENCE,1284,4440 W LAWRENCE AVENUE,08/24/2014,2,1145715.061027481,1931571.0474838,41.968226398,-87.739599251,"(41.96822639754791, -87.73959925065756)"
SACRAMENTO AND LAKE,1822,150 N SACRAMENTO BOUL,10/11/2014,1,1156319.560664766,1900957.489351962,41.884012178,-87.701436479,"(41.88401217771363, -87.7014364786693)"
DAMEN AND FULLERTON,1662,2400 N DAMEN AVE,08/04/2014,2,1162574.442800845,1915955.081657831,41.925038006,-87.678047191,"(41.925038006410325, -87.67804719101314)"
STONY ISLAND/CORNELL AND 67TH,2731,6700 S CORNELL DRIVE,09/07/2014,7,1188316.454860734,1860851.137456735,41.77325149,-87.5852246,"(41.77325148959568, -87.58522459967712)"
CENTRAL AND CHICAGO,1973,5600 W CHICAGO AVENUE,07/11/2014,4,1138858.856732452,1904825.827586656,41.894962293,-87.765460791,"(41.89496229349977, -87.76546079122906)"
PERSHING AND WESTERN,2114,2400 W PERSHING ROAD,07/03/2014,3,1160957.773623189,1878793.434193427,41.82309676,-87.685018951,"(41.82309676016606, -87.68501895061576)"
PULASKI AND ARMITAGE,1844,4000 W ARMITAGE AVENUE,09/05/2014,4,1149375.428872108,1913028.984273181,41.917275069,-87.726622746,"(41.91727506940875, -87.72662274644799)"
CENTRAL AND BELMONT,1604,5600 W BELMONT AVENUE,07/10/2014,2,1138453.617438343,1920755.972768412,41.938683775,-87.766562494,"(41.93868377475747, -87.76656249384537)"
ASHLAND AND 63RD,2681,6300 S ASHLAND AVE,07/24/2014,2,1166711.252809567,1862903.630015878,41.77937222,-87.664365347,"(41.77937222048469, -87.66436534741581)"
ASHLAND AND ARCHER,2302,3100 S ARCHER AVENUE,07/19/2014,2,1166129.031970482,1884166.613649776,41.837732675,-87.66589445,"(41.83773267497158, -87.66589444999927)"
WESTERN AND FOSTER,1072,5200 N WESTERN AVE,08/25/2014,2,1159372.922497116,1934478.313674003,41.975933372,-87.689299589,"(41.97593337199358, -87.6892995891816)"
BROADWAY/SHERIDAN AND DEVON,1123,1200 W DEVON AVE,07/02/2014,4,1167109.644248166,1942688.147952186,41.998298228,-87.660611661,"(41.99829822771884, -87.66061166063517)"
99TH AND HALSTED,2433,800 W 99TH ST,09/20/2014,10,1172710.642565684,1839246.330602143,41.714323337,-87.643066714,"(41.71432333701137, -87.64306671421937)"
DIVERSEY AND AUSTIN,1453,6000 W DIVERSEY AVENUE,09/14/2014,3,1135895.736169343,1918029.70673837,41.931248624,-87.776028612,"(41.931248623643455, -87.77602861172493)"
COLUMBUS AND ILLINOIS,1952,500 N COLUMBUS DRIVE,09/24/2014,1,1178372.808407292,1903693.06016042,41.891044569,-87.620371839,"(41.891044569124276, -87.620371839074)"
WESTERN AND PRATT,1301,6800 N WESTERN AVENUE,12/11/2014,6,1159043.160898631,1945096.218978482,42.005076123,-87.69021903,"(42.00507612272344, -87.69021903022175)"
DAMEN AND 63RD,2702,6300 S DAMEN AVENUE,09/11/2014,3,1164069.407943298,1862830.277442834,41.779226921,-87.674052731,"(41.77922692069256, -87.67405273137854)"
TOUHY AND OSCEOLA,1243,7432 W TOUHY AVENUE,10/02/2014,2,1125717.010560011,1947269.685461107,42.011661765,-87.812781431,"(42.01166176507329, -87.81278143114147)"
CORTLAND AND ASHLAND,1721,1900 N ASHLAND AVE,10/03/2014,16,1165348.084854857,1912736.454335569,41.916147281,-87.667947354,"(41.91614728095272, -87.66794735350443)"
ASHLAND AND 47TH,2191,4700 S ASHLAND AVENUE,08/11/2014,2,1166423.624284841,1873520.235394001,41.808511597,-87.665117292,"(41.8085115972472, -87.66511729173287)"
BROADWAY/SHERIDAN AND DEVON,1122,6400 N SHERIDAN ROAD,09/03/2014,11,1167087.151194129,1942658.704988689,41.998217921,-87.660695256,"(41.99821792053241, -87.6606952555721)"
55TH and PULASKI,2242,5500 S PULASKI,09/20/2014,2,1150600.072649439,1867806.44512718,41.793155061,-87.723303765,"(41.793155060731024, -87.72330376464247)"
CALIFORNIA AND DIVERSEY,1513,2800 W DIVERSEY,09/08/2014,3,1157212.54253358,1918526.674434943,41.932205395,-87.697679244,"(41.93220539506452, -87.6976792438691)"
CENTRAL AND ADDISON,1683,5600 W ADDISON STREET,09/01/2014,2,1138349.663302502,1923416.02157061,41.945985104,-87.766879952,"(41.94598510430888, -87.76687995165918)"
WESTERN AND TOUHY,1252,7200 N WESTERN AVENUE,08/19/2014,3,1158975.66256211,1947754.286963361,42.012371335,-87.690393917,"(42.012371334791766, -87.69039391737863)"
SHERIDAN AND FOSTER,1134,1000 W FOSTER AVE,08/06/2014,2,1168689.247756979,1934758.578141654,41.976505116,-87.655031882,"(41.97650511595711, -87.65503188224778)"
111TH AND HALSTED,2422,11100 S HALSTED ST,08/16/2014,6,1172923.657689312,1831209.044179248,41.692263123,-87.642522688,"(41.692263123425136, -87.6425226876268)"
CENTRAL AND IRVING PARK,1183,5600 W IRVING PARK ROAD,07/15/2014,2,1138281.535484986,1926078.647777633,41.953292847,-87.767065708,"(41.953292847298, -87.76706570775266)"
WESTERN AND ARMITAGE,1862,2000 N WESTERN AVENUE,09/05/2014,1,1160006.66733459,1913226.418158186,41.917603818,-87.687557878,"(41.91760381794161, -87.68755787755686)"
WESTERN AND 71ST,2612,7100 S WESTERN AVENUE,09/17/2014,5,1161563.704681724,1857484.211306323,41.764608912,-87.683387053,"(41.76460891223613, -87.68338705328121)"
ASHLAND AND IRVING PARK,1151,4000 N ASHLAND AVENUE,10/09/2014,1,1164899.463802581,1926665.661118925,41.954379326,-87.66919912,"(41.954379326212695, -87.66919911980419)"
ELSTON AND IRVING PARK,1503,3700 W IRVING PARK ROA,09/25/2014,4,,,,,
CALIFORNIA AND DIVERSEY,1513,2800 W DIVERSEY,08/15/2014,1,1157212.54253358,1918526.674434943,41.932205395,-87.697679244,"(41.93220539506452, -87.6976792438691)"
ROOSEVELT AND PULASKI,2311,1200 S PULASKI ROAD,07/29/2014,1,1149866.002247864,1894375.839200384,41.866079337,-87.725305995,"(41.86607933722178, -87.7253059948758)"
87TH AND VINCENNES,2412,8700 S VINCENNES,10/07/2014,8,1172026.328989535,1847142.496643776,41.736006565,-87.645341819,"(41.73600656458518, -87.64534181897955)"
75TH AND STATE,2624,1 E 75TH STREET,08/23/2014,6,1177601.72646404,1855229.486604181,41.758074111,-87.624671658,"(41.75807411097799, -87.62467165835182)"
IRVING PARK AND LARAMIE,1534,5200 W IRVING PARK ROA,09/28/2014,1,,,,,
CANAL AND ROOSEVELT,2294,500 W ROOSEVELT ROAD,10/01/2014,9,1173290.72186561,1895021.166235495,41.867362693,-87.639293195,"(41.867362692616666, -87.63929319464197)"
ASHLAND AND LAWRENCE,1142,4800 N ASHLAND AVENUE,08/28/2014,3,1164751.686785145,1932001.206626392,41.96902343,-87.669590434,"(41.969023429614026, -87.66959043354217)"
BROADWAY/SHERIDAN AND DEVON,1122,6400 N SHERIDAN ROAD,08/21/2014,10,1167087.151194129,1942658.704988689,41.998217921,-87.660695256,"(41.99821792053241, -87.6606952555721)"
HAMLIN AND MADISON,1903,3800 W MADISON STREET,07/14/2014,12,1151032.709141294,1899784.033986533,41.880897273,-87.720881226,"(41.880897273491264, -87.72088122613924)"
HALSTED AND 83RD,2641,8300 S HALSTED STREET,07/13/2014,1,1172378.202798089,1849790.199606783,41.743264491,-87.64397498,"(41.743264490643654, -87.64397498015705)"
CENTRAL AND FULLERTON,1444,5600 W FULLERTON AVENU,08/04/2014,3,1138627.279189421,1915438.969256439,41.924090199,-87.76605353,"(41.92409019883488, -87.76605353016079)"
ASHLAND AND 47TH,2191,4700 S ASHLAND AVENUE,10/02/2014,1,1166423.624284841,1873520.235394001,41.808511597,-87.665117292,"(41.8085115972472, -87.66511729173287)"
ASHLAND AND 87TH,2452,8700 S ASHLAND AVE,09/17/2014,1,1167150.470087748,1846991.212339794,41.735696989,-87.663209544,"(41.73569698863625, -87.66320954445679)"
PULASKI AND IRVING PARK,1572,4000 N PULASKI ROAD,08/14/2014,2,1148970.255325552,1926313.600468643,41.953737051,-87.727766612,"(41.95373705144353, -87.72776661179896)"
CALIFORNIA AND DIVERSEY,1513,2800 W DIVERSEY,08/31/2014,2,1157212.54253358,1918526.674434943,41.932205395,-87.697679244,"(41.93220539506452, -87.6976792438691)"
CENTRAL AND ADDISON,1682,3600 N CENTRAL AVENUE,09/24/2014,2,1138343.117435682,1923392.067464765,41.945919491,-87.766904594,"(41.945919490555106, -87.76690459426293)"
PULASKI AND ARCHER,2153,5000 S ARCHER AVE,08/15/2014,6,1150501.818909837,1871162.311703322,41.802365973,-87.723576766,"(41.80236597333895, -87.72357676611004)"
CENTRAL AND CHICAGO,1972,800 N CENTRAL AVENUE,07/30/2014,1,1138836.562608552,1904801.732832435,41.894896579,-87.765543258,"(41.89489657939746, -87.76554325845893)"
HALSTED AND FULLERTON,1704,800 W FULLERTON AVENUE,09/30/2014,2,1170525.624723311,1916208.443992778,41.925562791,-87.648823641,"(41.92556279107417, -87.64882364145232)"
PULASKI AND PETERSON,1263,4000 W PETERSON AVENUE,07/15/2014,13,1148618.560490339,1939615.133928395,41.990244186,-87.728714391,"(41.99024418564742, -87.7287143910091)"
MADISON AND WESTERN,1931,1 S WESTERN AVE,07/16/2014,1,1160453.827721979,1899933.703473746,41.881118279,-87.686283339,"(41.881118278833966, -87.686283338873)"
HALSTED AND FULLERTON,1704,800 W FULLERTON AVENUE,08/25/2014,2,1170525.624723311,1916208.443992778,41.925562791,-87.648823641,"(41.92556279107417, -87.64882364145232)"
SACRAMENTO AND LAKE,1822,150 N SACRAMENTO BOUL,07/06/2014,2,1156319.560664766,1900957.489351962,41.884012178,-87.701436479,"(41.88401217771363, -87.7014364786693)"
PULASKI AND DIVISION,1802,1200 N PULASKI ROAD,09/19/2014,1,1149459.590666926,1907723.219884254,41.902713902,-87.726451457,"(41.902713901936174, -87.72645145715836)"
ASHLAND AND LAWRENCE,1143,1600 W LAWRENCE AVENUE,07/23/2014,5,1164771.946929007,1931988.254061312,41.968987457,-87.669516307,"(41.96898745654617, -87.66951630654926)"
MILWAUKEE AND MONTROSE,1362,4400 N MILWAUKEE AVEN,09/12/2014,2,1141643.943268783,1928770.256316239,41.96061723,-87.75463824,"(41.9606172296957, -87.75463824007085)"
CENTRAL AND DIVERSEY,1642,2800 N CENTRAL AVENUE,07/17/2014,2,1138516.407377375,1918089.499227987,41.931365552,-87.766396529,"(41.93136555236339, -87.76639652879172)"
KEDZIE AND 47TH,2104,3200 W 47TH ST,07/31/2014,3,1155815.231505056,1873336.169728074,41.808226246,-87.704031672,"(41.808226246244026, -87.70403167215984)"
CHICAGO AND CLARK,1964,100 W CHICAGO AVENUE,07/08/2014,1,1175374.528739575,1905745.47783364,41.896744347,-87.631321248,"(41.896744346875806, -87.63132124815151)"
DAMEN AND FULLERTON,1663,2000 W FULLERTON AVE,10/04/2014,12,1162596.935552891,1915990.579747891,41.925134944,-87.677963546,"(41.92513494374925, -87.67796354553815)"
IRVING PARK AND KEDZIE,1353,3200 W IRVING PARK ROAD,08/02/2014,4,1154325.140302006,1926458.463197156,41.954029047,-87.708077494,"(41.95402904691877, -87.70807749383191)"
4700 WESTERN,2142,4700 S WESTERN AVENUE,07/02/2014,8,1161120.438879703,1873431.066474726,41.808378408,-87.684570717,"(41.808378407946726, -87.68457071689552)"
LAFAYETTE AND 87TH,2503,30 W 87TH STREET,07/31/2014,13,1177407.651800237,1847320.772058312,41.736376037,-87.625621311,"(41.736376036604916, -87.62562131092602)"
CICERO AND NORTH,2033,4800 W NORTH AVENUE,07/07/2014,3,1144053.733747163,1910243.80567041,41.90973389,-87.746244973,"(41.909733890131285, -87.74624497295898)"
BELMONT AND KEDZIE,1371,3200 N KEDZIE AVENUE,07/08/2014,1,1154426.977874407,1921110.466549542,41.93935173,-87.707846594,"(41.93935173030961, -87.70784659359776)"
DIVERSEY AND AUSTIN,1454,6000 W DIVERSEY AVENUE,07/06/2014,3,1135895.736169343,1918029.70673837,41.931248624,-87.776028612,"(41.931248623643455, -87.77602861172493)"
KOSTNER AND NORTH,2013,4400 W NORTH,07/05/2014,7,1146738.551618032,1910309.595368032,41.909863573,-87.736380296,"(41.90986357340246, -87.73638029605371)"
CALIFORNIA AND PETERSON,1311,6000 N CALIFORNIA AVE,07/10/2014,1,1156545.742699118,1939775.775541795,41.990527717,-87.699552084,"(41.990527717148176, -87.69955208405155)"
CALIFORNIA AND DIVERSEY,1514,2800 W DIVERSEY,10/02/2014,28,1157212.54253358,1918526.674434943,41.932205395,-87.697679244,"(41.93220539506452, -87.6976792438691)"
ROOSEVELT AND HALSTED,2233,800 W ROOSEVELT ROAD,08/21/2014,5,1171199.282357741,1894968.056393724,41.867263098,-87.646972686,"(41.86726309836901, -87.64697268601648)"
WESTERN AND 63RD,2373,2400 W 63RD ST,07/15/2014,3,1161444.415758584,1862848.534703658,41.779331844,-87.683675761,"(41.77933184429814, -87.68367576084798)"
BROADWAY/SHERIDAN AND DEVON,1122,6400 N SHERIDAN ROAD,08/08/2014,8,1167087.151194129,1942658.704988689,41.998217921,-87.660695256,"(41.99821792053241, -87.6606952555721)"
WENTWORTH AND GARFIELD,2264,200 W GARFIELD BLVD,07/05/2014,4,1175889.574397302,1868551.750512227,41.794670385,-87.630547476,"(41.79467038468937, -87.63054747605638)"
CLARK AND IRVING PARK,1093,1300 W IRVING PARK ROAD,09/04/2014,5,1166777.545456989,1926719.73687357,41.954487567,-87.662293496,"(41.95448756687966, -87.66229349585691)"
CENTRAL AND FULLERTON,1444,5600 W FULLERTON AVENU,09/04/2014,2,1138627.279189421,1915438.969256439,41.924090199,-87.76605353,"(41.92409019883488, -87.76605353016079)"
DIVISION AND DAMEN,1734,2000 W DIVISION,07/24/2014,5,1162815.710860194,1908034.672555531,41.903298793,-87.677383247,"(41.903298792681944, -87.67738324739636)"
ASHLAND AND FULLERTON,1651,2400 N ASHLAND AVENUE,09/01/2014,17,1165228.073342838,1916032.319169157,41.92519389,-87.668294363,"(41.92519388981048, -87.66829436339881)"
CICERO AND ADDISON,1611,3600 N CICERO AVENUE,10/09/2014,8,1143698.904601495,1923517.005821035,41.946163524,-87.747215169,"(41.94616352362556, -87.74721516897007)"
ASHLAND AND DIVERSEY,1621,2800 N ASHLAND AVENUE,08/12/2014,12,1165139.964068357,1918674.245501741,41.932445362,-87.66854285,"(41.93244536200095, -87.6685428496422)"
35TH AND WESTERN,2092,3500 S WESTERN,09/28/2014,1,1160894.949857101,1881376.851112895,41.830187255,-87.685177925,"(41.83018725526863, -87.68517792510231)"
HALSTED AND 103RD,2593,800 W 103RD STREET,10/11/2014,1,1172778.570616036,1836587.755252818,41.70702632,-87.642896007,"(41.707026319812215, -87.64289600741817)"
HALSTED AND MADISON,1871,1 S HALSTED STREET,07/28/2014,7,1171092.392868784,1900234.542088741,41.881717056,-87.647210539,"(41.88171705561901, -87.64721053920604)"
KEDZIE AND 26TH,2382,2600 S KEDZIE AVENUE,07/13/2014,3,1155404.235510285,1886524.460033054,41.844424831,-87.705185452,"(41.84442483084393, -87.70518545233183)"
CICERO AND DIVERSEY,1694,4800 W DIVERSEY AVENUE,09/09/2014,2,1143869.848167704,1918226.043989398,41.93164142,-87.746719911,"(41.93164142040689, -87.7467199106462)"
CICERO AND I55,2251,4200 S CICERO AVENUE,09/19/2014,41,1145023.742859509,1876358.276835519,41.816729387,-87.743536712,"(41.81672938674739, -87.74353671247594)"
TOUHY AND OSCEOLA,1243,7432 W TOUHY AVENUE,08/12/2014,3,1125717.010560011,1947269.685461107,42.011661765,-87.812781431,"(42.01166176507329, -87.81278143114147)"
PULASKI AND CHICAGO,1983,4000 W CHICAGO AVENUE,08/07/2014,2,1149561.855939692,1905086.596446259,41.895476752,-87.72614436,"(41.89547675163723, -87.72614435991626)"
KEDZIE AND 63RD,2361,6300 S KEDZIE AVE,09/21/2014,4,1156097.505177228,1862668.051775093,41.77894575,-87.703283119,"(41.77894575017997, -87.70328311900342)"
PERSHING AND WESTERN,2112,3900 S WESTERN BLVD,09/05/2014,4,1161130.992078755,1878746.226354636,41.822963628,-87.684384785,"(41.82296362788048, -87.68438478541296)"
CICERO AND FULLERTON,1474,4800 W FULLERTON AVE,09/09/2014,2,1143967.570794243,1915568.504954477,41.924347036,-87.74642764,"(41.924347036010694, -87.74642763965628)"
IRVING PARK AND KEDZIE,1353,3200 W IRVING PARK ROAD,08/21/2014,2,1154325.140302006,1926458.463197156,41.954029047,-87.708077494,"(41.95402904691877, -87.70807749383191)"
PULASKI AND PETERSON,1263,4000 W PETERSON AVENUE,09/30/2014,6,1148618.560490339,1939615.133928395,41.990244186,-87.728714391,"(41.99024418564742, -87.7287143910091)"
ADDISON AND HARLEM,1591,3600 N HARLEM AVENUE,09/09/2014,5,1127394.594070737,1923110.532422811,41.945338412,-87.807154769,"(41.94533841246591, -87.80715476912044)"
CICERO AND CHICAGO,1781,800 N CICERO AVENUE,08/14/2014,9,1144169.162482127,1904893.189220372,41.895049038,-87.745955516,"(41.89504903796389, -87.74595551626888)"
STONY ISLAND/CORNELL AND 67TH,2731,6700 S CORNELL DRIVE,09/22/2014,7,1188316.454860734,1860851.137456735,41.77325149,-87.5852246,"(41.77325148959568, -87.58522459967712)"
LAKE SHORE DR AND BELMONT,1412,3200 N LAKESHORE DRIV,08/19/2014,2,1173053.220555078,1921821.380831705,41.940909163,-87.63936916,"(41.94090916326764, -87.63936915995522)"
MONTROSE AND WESTERN,1221,4400 N WESTERN AVENUE,07/24/2014,3,1159539.733234718,1929183.918095502,41.961401846,-87.688832623,"(41.961401846278505, -87.6888326227788)"
ELSTON AND LAWRENCE,1284,4440 W LAWRENCE AVENUE,10/05/2014,6,1145715.061027481,1931571.0474838,41.968226398,-87.739599251,"(41.96822639754791, -87.73959925065756)"
HALSTED AND 103RD,2593,800 W 103RD STREET,10/15/2014,2,1172778.570616036,1836587.755252818,41.70702632,-87.642896007,"(41.707026319812215, -87.64289600741817)"
TOUHY AND OSCEOLA,1243,7432 W TOUHY AVENUE,10/12/2014,2,1125717.010560011,1947269.685461107,42.011661765,-87.812781431,"(42.01166176507329, -87.81278143114147)"
WESTERN AND 71ST,2614,2400 W 71ST STREET,08/08/2014,1,1161584.506819846,1857557.788853485,41.764810388,-87.683308769,"(41.76481038827884, -87.68330876944678)"
KEDZIE AND ARMITAGE,1832,2000 N KEDZIE AVENUE,08/13/2014,7,1154684.031809326,1913129.496340896,41.917446172,-87.707116072,"(41.91744617191702, -87.70711607187832)"
ELSTON AND LAWRENCE,1284,4440 W LAWRENCE AVENUE,09/23/2014,4,1145715.061027481,1931571.0474838,41.968226398,-87.739599251,"(41.96822639754791, -87.73959925065756)"
WESTERN AND 51ST,2172,5100 S WESTERN BLVD,07/16/2014,3,1161345.691274872,1870773.193852299,41.801080204,-87.683818209,"(41.801080203554356, -87.68381820888895)"
ARCHER AND CICERO,2081,5200 S CICERO AVE,10/07/2014,9,1145195.931989777,1869737.708306623,41.798558278,-87.743071866,"(41.798558278193305, -87.74307186616427)"
AUSTIN AND ADDISON,1491,3600 N AUSTIN AVENUE,10/03/2014,5,1135691.599896458,1923335.967306169,41.945813215,-87.776652162,"(41.9458132146695, -87.77665216156436)"
55TH and PULASKI,2244,4000 W 55TH ST,10/02/2014,4,1150621.676903861,1867864.274865394,41.793313334,-87.723223038,"(41.79331333358753, -87.72322303812588)"
WESTERN AND 51ST,2172,5100 S WESTERN BLVD,07/22/2014,1,1161345.691274872,1870773.193852299,41.801080204,-87.683818209,"(41.801080203554356, -87.68381820888895)"
WESTERN AND ARMITAGE,1861,2000 N WESTERN AVENUE,07/23/2014,3,1160006.66733459,1913226.418158186,41.917603818,-87.687557878,"(41.91760381794161, -87.68755787755686)"
HALSTED AND 63RD,2692,6300 S HALSTED STREET,08/13/2014,1,1172011.176373021,1863049.419962901,41.7796575,-87.644930993,"(41.77965750036339, -87.64493099278877)"
FULLERTON AND NARRAGANSETT,1553,6400 W FULLERTON AVENU,08/22/2014,2,1133317.594499059,1915293.661305931,41.923786189,-87.785567206,"(41.92378618871128, -87.78556720562165)"
CENTRAL AND CHICAGO,1973,5600 W CHICAGO AVENUE,09/22/2014,7,1138858.856732452,1904825.827586656,41.894962293,-87.765460791,"(41.89496229349977, -87.76546079122906)"
63RD AND STATE,2712,6300 S STATE ST,09/02/2014,8,1177303.801895084,1863220.216755923,41.780008277,-87.625522512,"(41.78000827740796, -87.6255225119157)"
BELMONT AND KEDZIE,1372,3200 N KEDZIE AVE,10/02/2014,18,1154426.977874407,1921110.466549542,41.93935173,-87.707846594,"(41.93935173030961, -87.70784659359776)"
CORNELL DRIVE AND 57TH,2182,5700 S CORNELL DRIVE,08/16/2014,13,1188165.732740433,1867529.196427323,41.791580204,-87.585564215,"(41.79158020433135, -87.58556421519536)"
CALIFORNIA AND DIVERSEY,1513,2800 W DIVERSEY,08/26/2014,2,1157212.54253358,1918526.674434943,41.932205395,-87.697679244,"(41.93220539506452, -87.6976792438691)"
WESTERN AND 79TH,2481,7900 S WESTERN AVE,07/02/2014,2,1161711.516404028,1852181.685686118,41.750054934,-87.682992203,"(41.750054933649984, -87.68299220290213)"
MILWAUKEE AND DEVON,1274,6400 W DEVON AVENUE,07/18/2014,9,1132590.619798275,1942138.532048656,41.997463981,-87.787610243,"(41.99746398102873, -87.78761024341388)"
PULASKI AND FOSTER,1102,5200 N PULASKI RD,07/18/2014,2,1148746.251286324,1934286.914361976,41.97562074,-87.728383135,"(41.97562073966174, -87.72838313514907)"
KEDZIE AND 26TH,2382,2600 S KEDZIE AVENUE,07/06/2014,3,1155404.235510285,1886524.460033054,41.844424831,-87.705185452,"(41.84442483084393, -87.70518545233183)"
KEDZIE AND ARMITAGE,1832,2000 N KEDZIE AVENUE,10/01/2014,5,1154684.031809326,1913129.496340896,41.917446172,-87.707116072,"(41.91744617191702, -87.70711607187832)"
PULASKI AND FOSTER,1104,4000 W FOSTER AVE,08/18/2014,5,1148759.16134887,1934294.249006446,41.975640616,-87.728335469,"(41.975640616231914, -87.72833546926573)"
HALSTED AND FULLERTON,1704,800 W FULLERTON AVENUE,10/05/2014,4,1170525.624723311,1916208.443992778,41.925562791,-87.648823641,"(41.92556279107417, -87.64882364145232)"
ASHLAND AND LAWRENCE,1142,4800 N ASHLAND AVENUE,09/02/2014,1,1164751.686785145,1932001.206626392,41.96902343,-87.669590434,"(41.969023429614026, -87.66959043354217)"
55TH AND WESTERN,2212,5500 S WESTERN AVE,08/03/2014,9,1161269.521335262,1867963.111601251,41.793370554,-87.684175377,"(41.79337055433029, -87.6841753767592)"
KEDZIE AND 71ST,2354,3200 W 71ST STREET,09/17/2014,2,1156246.862901455,1857404.014959868,41.764497433,-87.702877023,"(41.76449743256955, -87.70287702335861)"
FULLERTON AND NARRAGANSETT,1553,6400 W FULLERTON AVENU,07/16/2014,2,1133317.594499059,1915293.661305931,41.923786189,-87.785567206,"(41.92378618871128, -87.78556720562165)"
CLARK AND FULLERTON,1632,2400 N CLARK ST,07/18/2014,1,1172749.562209477,1916238.997132859,41.925597623,-87.640650973,"(41.925597623023144, -87.64065097309872)"
WESTERN AND 51ST,2172,5100 S WESTERN BLVD,08/27/2014,3,1161345.691274872,1870773.193852299,41.801080204,-87.683818209,"(41.801080203554356, -87.68381820888895)"
WESTERN AND CHICAGO,1943,2400 W CHICAGO AVE,09/08/2014,4,1160226.686812944,1905300.904544474,41.895851041,-87.686968935,"(41.895851041123755, -87.68696893468467)"
CALIFORNIA AND DEVON,1323,2800 W DEVON AVENUE,08/04/2014,2,1156484.528078038,1942377.980662191,41.997669523,-87.699706423,"(41.99766952286052, -87.69970642324591)"
WESTERN AND 51ST,2172,5100 S WESTERN BLVD,07/15/2014,4,1161345.691274872,1870773.193852299,41.801080204,-87.683818209,"(41.801080203554356, -87.68381820888895)"
CENTRAL AND DIVERSEY,1644,5600 W DIVERSEY AVENUE,07/27/2014,3,1138539.758528398,1918097.096677271,41.931385977,-87.766310532,"(41.93138597683265, -87.76631053155157)"
PULASKI AND ARCHER,2153,5000 S ARCHER AVE,10/02/2014,2,1150501.818909837,1871162.311703322,41.802365973,-87.723576766,"(41.80236597333895, -87.72357676611004)"
FULLERTON AND NARRAGANSETT,1553,6400 W FULLERTON AVENU,09/27/2014,5,1133317.594499059,1915293.661305931,41.923786189,-87.785567206,"(41.92378618871128, -87.78556720562165)"
CENTRAL AND DIVERSEY,1642,2800 N CENTRAL AVENUE,08/26/2014,3,1138516.407377375,1918089.499227987,41.931365552,-87.766396529,"(41.93136555236339, -87.76639652879172)"
CANAL AND ROOSEVELT,2294,500 W ROOSEVELT ROAD,09/14/2014,10,1173290.72186561,1895021.166235495,41.867362693,-87.639293195,"(41.867362692616666, -87.63929319464197)"
99TH AND HALSTED,2433,800 W 99TH ST,07/02/2014,6,1172710.642565684,1839246.330602143,41.714323337,-87.643066714,"(41.71432333701137, -87.64306671421937)"
ELSTON AND FOSTER,1062,5200 N ELSTON AVENUE,09/09/2014,2,1142327.864249356,1934110.317720717,41.975258095,-87.751990557,"(41.97525809526954, -87.75199055715778)"
IRVING PARK AND NARRAGANSETT,1024,6400 W IRVING PK,07/02/2014,2,1132945.939118726,1925946.304925137,41.953024751,-87.786683238,"(41.95302475075328, -87.78668323766634)"
LARAMIE AND MADISON,2044,5200 W MADISON STREET,08/01/2014,13,1141706.965522802,1899567.55684314,41.880480752,-87.755130433,"(41.88048075170171, -87.75513043296509)"
SHERIDAN AND FOSTER,1132,5200 N SHERIDAN ROAD,07/20/2014,1,1168661.623718229,1934753.842272756,41.976492721,-87.655133605,"(41.97649272077833, -87.65513360456677)"
KEDZIE AND 31ST,2134,3200 W 31ST STREET,07/21/2014,3,1155487.128005646,1883943.061106793,41.8373395,-87.704950558,"(41.83733950029648, -87.70495055800411)"
HALSTED AND 83RD,2642,8300 S HALSTED STREET,09/05/2014,9,1172378.202798089,1849790.199606783,41.743264491,-87.64397498,"(41.743264490643654, -87.64397498015705)"
KEDZIE AND 26TH,2382,2600 S KEDZIE AVENUE,07/16/2014,5,1155404.235510285,1886524.460033054,41.844424831,-87.705185452,"(41.84442483084393, -87.70518545233183)"
ELSTON AND LAWRENCE,1284,4440 W LAWRENCE AVENUE,09/09/2014,7,1145715.061027481,1931571.0474838,41.968226398,-87.739599251,"(41.96822639754791, -87.73959925065756)"
LARAMIE AND FULLERTON,1424,5200 W FULLERTON AVENUE,08/19/2014,4,1141305.554932016,1915502.611239048,41.924215797,-87.756210755,"(41.92421579723144, -87.75621075458939)"
CENTRAL AND DIVERSEY,1644,5600 W DIVERSEY AVENUE,08/06/2014,2,1138539.758528398,1918097.096677271,41.931385977,-87.766310532,"(41.93138597683265, -87.76631053155157)"
115TH AND HALSTED,2553,800 W 115TH STREET,08/24/2014,2,1173010.735357888,1828632.242070332,41.685190056,-87.642279564,"(41.68519005571938, -87.64227956401977)"
WESTERN AND 71ST,2614,2400 W 71ST STREET,07/22/2014,2,1161584.506819846,1857557.788853485,41.764810388,-87.683308769,"(41.76481038827884, -87.68330876944678)"
KEDZIE AND 26TH,2382,2600 S KEDZIE AVENUE,09/19/2014,2,1155404.235510285,1886524.460033054,41.844424831,-87.705185452,"(41.84442483084393, -87.70518545233183)"
HALSTED AND 63RD,2691,6300 S HALSTED STREET,07/27/2014,3,1172011.176373021,1863049.419962901,41.7796575,-87.644930993,"(41.77965750036339, -87.64493099278877)"
PULASKI AND FOSTER,1104,4000 W FOSTER AVE,09/28/2014,2,1148759.16134887,1934294.249006446,41.975640616,-87.728335469,"(41.975640616231914, -87.72833546926573)"
HALSTED AND NORTH,1761,1600 N HALSTED STREET,07/31/2014,3,1170678.283433825,1910880.991397547,41.910940644,-87.648419043,"(41.91094064391597, -87.64841904272998)"
CICERO AND FULLERTON,1474,4800 W FULLERTON AVE,10/06/2014,2,1143967.570794243,1915568.504954477,41.924347036,-87.74642764,"(41.924347036010694, -87.74642763965628)"
111TH AND HALSTED,2422,11100 S HALSTED ST,08/02/2014,8,1172923.657689312,1831209.044179248,41.692263123,-87.642522688,"(41.692263123425136, -87.6425226876268)"
ARCHER AND CICERO,2081,5200 S CICERO AVE,10/01/2014,14,1145195.931989777,1869737.708306623,41.798558278,-87.743071866,"(41.798558278193305, -87.74307186616427)"
75TH AND STATE,2621,7500 S STATE STREET,08/07/2014,12,1177538.763040612,1855235.551345519,41.758092176,-87.624902228,"(41.75809217638291, -87.6249022282473)"
HALSTED AND 83RD,2642,8300 S HALSTED STREET,09/13/2014,6,1172378.202798089,1849790.199606783,41.743264491,-87.64397498,"(41.743264490643654, -87.64397498015705)"
ASHLAND AND IRVING PARK,1153,1600 W IRVING PARK ROA,10/12/2014,2,,,,,
PERSHING AND WESTERN,2112,3900 S WESTERN BLVD,07/07/2014,5,1161130.992078755,1878746.226354636,41.822963628,-87.684384785,"(41.82296362788048, -87.68438478541296)"
CANAL AND ROOSEVELT,2291,1200 S CANAL STREET,08/29/2014,3,1173268.771030949,1894952.634878732,41.867175125,-87.639375813,"(41.86717512472001, -87.63937581258092)"
DAMEN AND FULLERTON,1663,2000 W FULLERTON AVE,09/02/2014,3,1162596.935552891,1915990.579747891,41.925134944,-87.677963546,"(41.92513494374925, -87.67796354553815)"
ROOSEVELT AND PULASKI,2314,4000 W ROOSEVELT ROAD,07/24/2014,8,1149885.032049683,1894449.464076882,41.866281003,-87.72523422,"(41.866281002664536, -87.72523421983905)"
CORTLAND AND ASHLAND,1721,1900 N ASHLAND AVE,08/14/2014,34,1165348.084854857,1912736.454335569,41.916147281,-87.667947354,"(41.91614728095272, -87.66794735350443)"
IRVING PARK AND NARRAGANSETT,1024,6400 W IRVING PK,08/21/2014,1,1132945.939118726,1925946.304925137,41.953024751,-87.786683238,"(41.95302475075328, -87.78668323766634)"
CENTRAL AND DIVERSEY,1642,2800 N CENTRAL AVENUE,07/21/2014,1,1138516.407377375,1918089.499227987,41.931365552,-87.766396529,"(41.93136555236339, -87.76639652879172)"
HALSTED AND 103RD,2593,800 W 103RD STREET,07/08/2014,2,1172778.570616036,1836587.755252818,41.70702632,-87.642896007,"(41.707026319812215, -87.64289600741817)"
FOSTER AND BROADWAY,1113,1200 W FOSTER AVE,08/16/2014,4,1167357.095930752,1934721.393266777,41.97643192,-87.659931806,"(41.97643192018459, -87.65993180604016)"
ASHLAND AND 95TH,2472,9500 S ASHLAND AVENUE,07/11/2014,9,1167295.830128711,1841695.121217916,41.721160612,-87.662828139,"(41.72116061205213, -87.66282813939165)"
IRVING PARK AND KEDZIE,1353,3200 W IRVING PARK ROAD,07/14/2014,1,1154325.140302006,1926458.463197156,41.954029047,-87.708077494,"(41.95402904691877, -87.70807749383191)"
DAMEN AND FULLERTON,1662,2400 N DAMEN AVE,07/12/2014,1,1162574.442800845,1915955.081657831,41.925038006,-87.678047191,"(41.925038006410325, -87.67804719101314)"
STONY ISLAND/CORNELL AND 67TH,2731,6700 S CORNELL DRIVE,09/18/2014,5,1188316.454860734,1860851.137456735,41.77325149,-87.5852246,"(41.77325148959568, -87.58522459967712)"
PULASKI AND CHICAGO,1983,4000 W CHICAGO AVENUE,08/29/2014,7,1149561.855939692,1905086.596446259,41.895476752,-87.72614436,"(41.89547675163723, -87.72614435991626)"
STONEY ISLAND AND 79TH,2461,7900 S SOUTH CHICAGO AVE,10/15/2014,1,1188274.655498937,1852865.685797892,41.751339705,-87.585632266,"(41.751339704589455, -87.58563226565187)"
CHICAGO AND CLARK,1964,100 W CHICAGO AVENUE,09/20/2014,4,1175374.528739575,1905745.47783364,41.896744347,-87.631321248,"(41.896744346875806, -87.63132124815151)"
PULASKI AND NORTH,1994,4000 W NORTH AVENUE,08/19/2014,2,1149456.2688422,1910376.774019002,41.909995582,-87.726394693,"(41.90999558160536, -87.72639469321471)"
KEDZIE AND 26TH,2382,2600 S KEDZIE AVENUE,09/02/2014,1,1155404.235510285,1886524.460033054,41.844424831,-87.705185452,"(41.84442483084393, -87.70518545233183)"
79TH AND HALSTED,2543,800 W 79TH STREET,08/19/2014,3,1172320.105719411,1852517.9814434,41.750751157,-87.644107793,"(41.75075115747316, -87.64410779300933)"
WESTERN AND 51ST,2174,2400 W 51ST ST,07/16/2014,1,1161218.987472846,1870836.843263966,41.801257492,-87.684281116,"(41.801257491998776, -87.68428111564593)"
IRVING PARK AND CALIFORNIA,1234,2800 W IRVING PARK ROA,09/28/2014,3,,,,,
ASHLAND AND 47TH,2192,4700 S ASHLAND AVENUE,07/09/2014,2,1166423.624284841,1873520.235394001,41.808511597,-87.665117292,"(41.8085115972472, -87.66511729173287)"
CICERO AND ADDISON,1612,3600 N CICERO AVENUE,08/29/2014,6,1143698.904601495,1923517.005821035,41.946163524,-87.747215169,"(41.94616352362556, -87.74721516897007)"
DAMEN AND 63RD,2701,6300 S DAMEN AVENUE,07/21/2014,2,1164069.407943298,1862830.277442834,41.779226921,-87.674052731,"(41.77922692069256, -87.67405273137854)"
PULASKI AND NORTH,1992,1600 N PULASKI AVENUE,07/23/2014,1,1149432.959240306,1910369.112502195,41.90997501,-87.726480523,"(41.909975010236906, -87.72648052306623)"
TOUHY AND OSCEOLA,1244,7432 W TOUHY AVENUE,07/16/2014,1,1125717.010560011,1947269.685461107,42.011661765,-87.812781431,"(42.01166176507329, -87.81278143114147)"
DAMEN AND 63RD,2701,6300 S DAMEN AVENUE,09/04/2014,5,1164069.407943298,1862830.277442834,41.779226921,-87.674052731,"(41.77922692069256, -87.67405273137854)"
WESTERN AND ARMITAGE,1862,2000 N WESTERN AVENUE,08/12/2014,1,1160006.66733459,1913226.418158186,41.917603818,-87.687557878,"(41.91760381794161, -87.68755787755686)"
DIVISION AND DAMEN,1733,2000 W DIVISION,08/15/2014,9,1162815.710860194,1908034.672555531,41.903298793,-87.677383247,"(41.903298792681944, -87.67738324739636)"
ARCHER AND CICERO,2081,5200 S CICERO AVE,09/03/2014,1,1145195.931989777,1869737.708306623,41.798558278,-87.743071866,"(41.798558278193305, -87.74307186616427)"
CICERO AND DIVERSEY,1694,4800 W DIVERSEY AVENUE,08/04/2014,1,1143869.848167704,1918226.043989398,41.93164142,-87.746719911,"(41.93164142040689, -87.7467199106462)"
HALSTED AND MADISON,1871,1 S HALSTED STREET,10/02/2014,1,1171092.392868784,1900234.542088741,41.881717056,-87.647210539,"(41.88171705561901, -87.64721053920604)"
71ST AND ASHLAND,2394,1600 W 71ST,07/23/2015,2,1166890.012333149,1857674.2502247,41.765018306,-87.66385923,"(41.76501830555763, -87.66385923012646)"
CORTLAND AND ASHLAND,1721,1900 N ASHLAND AVE,10/08/2014,15,1165348.084854857,1912736.454335569,41.916147281,-87.667947354,"(41.91614728095272, -87.66794735350443)"
WESTERN AND ARMITAGE,1862,2000 N WESTERN AVENUE,07/15/2014,3,1160006.66733459,1913226.418158186,41.917603818,-87.687557878,"(41.91760381794161, -87.68755787755686)"
ARCHER AND CICERO,2081,5200 S CICERO AVE,07/26/2014,24,1145195.931989777,1869737.708306623,41.798558278,-87.743071866,"(41.798558278193305, -87.74307186616427)"
ASHLAND AND 87TH,2452,8700 S ASHLAND AVE,10/10/2014,7,1167150.470087748,1846991.212339794,41.735696989,-87.663209544,"(41.73569698863625, -87.66320954445679)"
CICERO AND ADDISON,1612,3600 N CICERO AVENUE,08/23/2014,7,1143698.904601495,1923517.005821035,41.946163524,-87.747215169,"(41.94616352362556, -87.74721516897007)"
ASHLAND AND DIVISION,1791,1200 N ASHLAND AVENUE,09/05/2014,10,1165466.997046718,1908083.767015974,41.903377468,-87.667643142,"(41.903377467566784, -87.66764314227497)"
CORTLAND AND ASHLAND,1721,1900 N ASHLAND AVE,08/26/2014,12,1165348.084854857,1912736.454335569,41.916147281,-87.667947354,"(41.91614728095272, -87.66794735350443)"
PULASKI AND ARCHER,2153,5000 S ARCHER AVE,07/12/2014,1,1150501.818909837,1871162.311703322,41.802365973,-87.723576766,"(41.80236597333895, -87.72357676611004)"
PULASKI AND IRVING PARK,1574,4000 W IRVING PARK RD,08/14/2014,7,1148988.727877253,1926320.954938409,41.953756874,-87.727698513,"(41.95375687447515, -87.72769851312907)"
PULASKI AND FOSTER,1102,5200 N PULASKI RD,07/22/2014,2,1148746.251286324,1934286.914361976,41.97562074,-87.728383135,"(41.97562073966174, -87.72838313514907)"
71ST AND ASHLAND,2391,7100 S ASHLAND,09/06/2014,4,1166868.379865725,1857616.168087255,41.764859382,-87.663940176,"(41.764859382425385, -87.66394017630476)"
LAFAYETTE AND 87TH,2502,8700 S LAFAYETTE AVEN,09/10/2014,9,1177417.493180297,1847243.988223464,41.73616511,-87.625587569,"(41.73616511008592, -87.62558756899932)"
CENTRAL AND BELMONT,1602,3200 N CENTRAL AVENUE,07/14/2014,2,1138430.432324593,1920731.654410336,41.938617463,-87.766648297,"(41.938617463272884, -87.76664829683827)"
WESTERN AND FOSTER,1074,2400 W FOSTER AVE,08/04/2014,9,1159379.402846887,1934502.712486132,41.97600019,-87.689275084,"(41.97600018976586, -87.68927508385399)"
HALSTED AND 83RD,2641,8300 S HALSTED STREET,09/17/2014,2,1172378.202798089,1849790.199606783,41.743264491,-87.64397498,"(41.743264490643654, -87.64397498015705)"
CICERO AND NORTH,2033,4800 W NORTH AVENUE,09/30/2014,5,1144053.733747163,1910243.80567041,41.90973389,-87.746244973,"(41.909733890131285, -87.74624497295898)"
WESTERN AND PRATT,1302,6800 N WESTERN AVENUE,07/17/2014,4,1159043.160898631,1945096.218978482,42.005076123,-87.69021903,"(42.00507612272344, -87.69021903022175)"
CENTRAL AND BELMONT,1602,3200 N CENTRAL AVENUE,10/06/2014,1,1138430.432324593,1920731.654410336,41.938617463,-87.766648297,"(41.938617463272884, -87.76664829683827)"
COTTAGE GROVE AND 71ST,2572,7100 S COTTAGE GROVE,07/14/2014,1,1182746.23698699,1858088.011064538,41.765800351,-87.605729127,"(41.76580035131893, -87.6057291269901)"
ASHLAND AND 87TH,2454,1600 W 87TH ST,09/29/2014,3,1167171.941297436,1847064.855345151,41.735898617,-87.663128781,"(41.735898617066006, -87.66312878090133)"
CICERO AND CHICAGO,1781,800 N CICERO AVENUE,08/13/2014,1,1144169.162482127,1904893.189220372,41.895049038,-87.745955516,"(41.89504903796389, -87.74595551626888)"
ELSTON AND LAWRENCE,1282,4800 N ELSTON AVENUE,09/19/2014,2,1145529.344259918,1931501.601268983,41.968039361,-87.740283894,"(41.96803936143674, -87.74028389448999)"
CLARK AND IRVING PARK,1091,4000 N CLARK STREET,09/17/2014,1,1166736.149822904,1926699.323624709,41.954432441,-87.662446259,"(41.95443244141688, -87.66244625914061)"
MONTROSE AND WESTERN,1221,4400 N WESTERN AVENUE,09/19/2014,13,1159539.733234718,1929183.918095502,41.961401846,-87.688832623,"(41.961401846278505, -87.6888326227788)"
CLARK AND IRVING PARK,1093,1300 W IRVING PARK ROAD,09/28/2014,5,1166777.545456989,1926719.73687357,41.954487567,-87.662293496,"(41.95448756687966, -87.66229349585691)"
PULASKI AND PETERSON,1262,6000 N PULASKI ROAD,07/23/2014,1,1148598.016685695,1939584.645960177,41.990160923,-87.728790748,"(41.99016092280557, -87.72879074759867)"
63RD AND STATE,2712,6300 S STATE ST,09/09/2014,3,1177303.801895084,1863220.216755923,41.780008277,-87.625522512,"(41.78000827740796, -87.6255225119157)"
LASALLE AND KINZIE,1921,400 N LASALLE,07/04/2014,6,1175028.579766798,1903002.552291359,41.889225372,-87.632674115,"(41.88922537162015, -87.63267411498495)"
4700 WESTERN,2142,4700 S WESTERN AVENUE,08/11/2014,3,1161120.438879703,1873431.066474726,41.808378408,-87.684570717,"(41.808378407946726, -87.68457071689552)"
55TH and PULASKI,2244,4000 W 55TH ST,09/18/2014,4,1150621.676903861,1867864.274865394,41.793313334,-87.723223038,"(41.79331333358753, -87.72322303812588)"
HOMAN/KIMBALL AND NORTH,1773,3400 W NORTH AVE,08/17/2014,5,1153386.578905125,1910465.87061722,41.910162847,-87.711953868,"(41.91016284680269, -87.71195386769125)"
HOMAN/KIMBALL AND NORTH,1773,3400 W NORTH AVE,07/25/2014,5,1153386.578905125,1910465.87061722,41.910162847,-87.711953868,"(41.91016284680269, -87.71195386769125)"
WESTERN AND FULLERTON,1671,2400 N WESTERN AVENUE,10/09/2014,9,1159923.309342995,1915897.778561358,41.924935944,-87.687790255,"(41.92493594409127, -87.68779025471278)"
ASHLAND AND FULLERTON,1651,2400 N ASHLAND AVENUE,09/18/2014,12,1165228.073342838,1916032.319169157,41.92519389,-87.668294363,"(41.92519388981048, -87.66829436339881)"
WESTERN AND 79TH,2481,7900 S WESTERN AVE,07/20/2014,3,1161711.516404028,1852181.685686118,41.750054934,-87.682992203,"(41.750054933649984, -87.68299220290213)"
LAFAYETTE AND 87TH,2503,30 W 87TH STREET,09/23/2014,20,1177407.651800237,1847320.772058312,41.736376037,-87.625621311,"(41.736376036604916, -87.62562131092602)"
MILWAUKEE AND MONTROSE,1362,4400 N MILWAUKEE AVEN,07/06/2014,2,1141643.943268783,1928770.256316239,41.96061723,-87.75463824,"(41.9606172296957, -87.75463824007085)"
KEDZIE AND 71ST,2352,7100 S KEDZIE AVENUE,07/14/2014,1,1156225.540366296,1857330.103443232,41.764295037,-87.702957162,"(41.764295036756856, -87.70295716211793)"
LAWRENCE AND WESTERN,1193,2400 W LAWRENCE AVENUE,07/17/2014,6,1159482.648570304,1931851.989492596,41.968724349,-87.688968727,"(41.96872434882172, -87.68896872699601)"
HAMLIN AND MADISON,1903,3800 W MADISON STREET,10/05/2014,6,1151032.709141294,1899784.033986533,41.880897273,-87.720881226,"(41.880897273491264, -87.72088122613924)"
LAFAYETTE AND 87TH,2503,30 W 87TH STREET,07/05/2014,30,1177407.651800237,1847320.772058312,41.736376037,-87.625621311,"(41.736376036604916, -87.62562131092602)"
JEFFERY AND 95TH,2523,2000 E 95TH ST,07/12/2014,1,1191188.381103057,1842410.411853539,41.722579473,-87.575292523,"(41.722579473126416, -87.57529252250366)"
FULLERTON AND NARRAGANSETT,1554,6400 W FULLERTON AVENU,08/03/2014,5,1133317.594499059,1915293.661305931,41.923786189,-87.785567206,"(41.92378618871128, -87.78556720562165)"
BELMONT AND KEDZIE,1371,3200 N KEDZIE AVENUE,08/21/2014,2,1154426.977874407,1921110.466549542,41.93935173,-87.707846594,"(41.93935173030961, -87.70784659359776)"
ROOSEVELT AND HALSTED,2233,800 W ROOSEVELT ROAD,09/13/2014,12,1171199.282357741,1894968.056393724,41.867263098,-87.646972686,"(41.86726309836901, -87.64697268601648)"
WESTERN AND 79TH,2481,7900 S WESTERN AVE,08/03/2014,5,1161711.516404028,1852181.685686118,41.750054934,-87.682992203,"(41.750054933649984, -87.68299220290213)"
DIVERSEY AND AUSTIN,1453,6000 W DIVERSEY AVENUE,08/08/2014,1,1135895.736169343,1918029.70673837,41.931248624,-87.776028612,"(41.931248623643455, -87.77602861172493)"
WESTERN AND NORTH,1851,1600 N WESTERN AVE,10/15/2014,2,1160077.474351131,1910605.013316134,41.910409024,-87.687370268,"(41.91040902362901, -87.687370268401)"
SHERIDAN AND FOSTER,1134,1000 W FOSTER AVE,09/08/2014,2,1168689.247756979,1934758.578141654,41.976505116,-87.655031882,"(41.97650511595711, -87.65503188224778)"
KIMBALL AND DIVERSEY,1583,3400 W DIVERSEY AVENUE,08/04/2014,3,1153211.149172713,1918454.477800566,41.932087747,-87.71238583,"(41.932087747378944, -87.71238582951281)"
WESTERN AND ARMITAGE,1861,2000 N WESTERN AVENUE,08/30/2014,1,1160006.66733459,1913226.418158186,41.917603818,-87.687557878,"(41.91760381794161, -87.68755787755686)"
ROOSEVELT AND HALSTED,2234,800 W ROOSEVELT ROAD,07/30/2014,28,1171199.282357741,1894968.056393724,41.867263098,-87.646972686,"(41.86726309836901, -87.64697268601648)"
PETERSON AND WESTERN,1014,2400 W PETERSON,09/24/2014,4,1159214.211316277,1939825.301874586,41.99060901,-87.689735481,"(41.990609009807294, -87.68973548092968)"
WESTERN AND 51ST,2172,5100 S WESTERN BLVD,07/25/2014,3,1161345.691274872,1870773.193852299,41.801080204,-87.683818209,"(41.801080203554356, -87.68381820888895)"
KEDZIE AND ARMITAGE,1832,2000 N KEDZIE AVENUE,08/30/2014,7,1154684.031809326,1913129.496340896,41.917446172,-87.707116072,"(41.91744617191702, -87.70711607187832)"
PULASKI AND NORTH,1994,4000 W NORTH AVENUE,09/22/2014,1,1149456.2688422,1910376.774019002,41.909995582,-87.726394693,"(41.90999558160536, -87.72639469321471)"
WESTERN AND MARQUETTE,2672,6700 S WESTERN AVENUE,08/18/2014,14,1161488.747635042,1860134.788366884,41.771884028,-87.683588402,"(41.77188402771193, -87.68358840206334)"
HALSTED AND 103RD,2593,800 W 103RD STREET,08/01/2014,3,1172778.570616036,1836587.755252818,41.70702632,-87.642896007,"(41.707026319812215, -87.64289600741817)"
CICERO AND NORTH,2034,4800 W NORTH AVENUE,09/21/2014,2,1144053.733747163,1910243.80567041,41.90973389,-87.746244973,"(41.909733890131285, -87.74624497295898)"
MONTROSE AND WESTERN,1221,4400 N WESTERN AVENUE,09/20/2014,8,1159539.733234718,1929183.918095502,41.961401846,-87.688832623,"(41.961401846278505, -87.6888326227788)"
PULASKI AND 63RD,2342,6300 S PULASKI RD,07/01/2014,3,1150746.00309079,1862516.747695325,41.778636469,-87.722906356,"(41.77863646878099, -87.72290635568541)"
ADDISON AND HARLEM,1591,3600 N HARLEM AVENUE,08/15/2014,6,1127394.594070737,1923110.532422811,41.945338412,-87.807154769,"(41.94533841246591, -87.80715476912044)"
LINCOLN AND MCCORMICK,2751,6200 N LINCOLN AVENUE,07/25/2014,30,1152551.008921873,1941175.933038791,41.994450004,-87.714208439,"(41.9944500041165, -87.71420843920934)"
CENTRAL AND IRVING PARK,1182,4000 N CENTRAL AVENUE,07/14/2014,2,1138258.614129764,1926071.172884932,41.953272751,-87.767150151,"(41.95327275103541, -87.76715015131407)"
ROOSEVELT AND HALSTED,2234,800 W ROOSEVELT ROAD,07/31/2014,23,1171199.282357741,1894968.056393724,41.867263098,-87.646972686,"(41.86726309836901, -87.64697268601648)"
MILWAUKEE AND MONTROSE,1364,5075 W MONTROSE AVENUE,08/08/2014,3,1141716.746618898,1928736.076639057,41.960522088,-87.754371424,"(41.96052208819935, -87.75437142402293)"
PULASKI AND ARMITAGE,1844,4000 W ARMITAGE AVENUE,07/03/2014,6,1149375.428872108,1913028.984273181,41.917275069,-87.726622746,"(41.91727506940875, -87.72662274644799)"
STATE AND 79TH,2651,7900 S STATE STREET,07/29/2014,5,1177618.166929966,1852621.870232838,41.750918138,-87.624690123,"(41.7509181383154, -87.62469012251644)"
ROOSEVELT AND PULASKI,2311,1200 S PULASKI ROAD,10/13/2014,2,1149866.002247864,1894375.839200384,41.866079337,-87.725305995,"(41.86607933722178, -87.7253059948758)"
SHERIDAN AND FOSTER,1132,5200 N SHERIDAN ROAD,09/26/2014,1,1168661.623718229,1934753.842272756,41.976492721,-87.655133605,"(41.97649272077833, -87.65513360456677)"
COTTAGE GROVE AND 95TH,2603,800 E 95TH STREET,08/09/2014,3,1183230.529909316,1842186.614201556,41.722153939,-87.604447736,"(41.72215393877189, -87.60444773564429)"
LAWRENCE AND WESTERN,1193,2400 W LAWRENCE AVENUE,08/20/2014,4,1159482.648570304,1931851.989492596,41.968724349,-87.688968727,"(41.96872434882172, -87.68896872699601)"
DIVERSEY AND WESTERN,1431,2800 N WESTERN AVENUE,08/05/2014,3,1159837.205417355,1918550.506189309,41.932216988,-87.688033281,"(41.93221698794738, -87.68803328089533)"
FOSTER AND BROADWAY,1113,1200 W FOSTER AVE,08/07/2014,2,1167357.095930752,1934721.393266777,41.97643192,-87.659931806,"(41.97643192018459, -87.65993180604016)"
HOMAN/KIMBALL AND NORTH,1773,3400 W NORTH AVE,08/16/2014,10,1153386.578905125,1910465.87061722,41.910162847,-87.711953868,"(41.91016284680269, -87.71195386769125)"
HAMLIN AND LAKE,1881,300 N HAMLIN AVENUE,09/28/2014,11,1150970.026856642,1901381.688308858,41.885282636,-87.721069539,"(41.88528263580913, -87.72106953854511)"
63RD AND STATE,2714,1 E 63RD ST,08/01/2014,6,1177367.518733101,1863199.17768559,41.779949105,-87.625289553,"(41.779949104569106, -87.62528955333775)"
KOSTNER AND NORTH,2013,4400 W NORTH,08/12/2014,3,1146738.551618032,1910309.595368032,41.909863573,-87.736380296,"(41.90986357340246, -87.73638029605371)"
LAKE SHORE DR AND BELMONT,1413,400 W BELMONT AVE,07/31/2014,72,1172981.744869382,1921577.376128802,41.940241193,-87.639639114,"(41.94024119325571, -87.63963911427594)"
FULLERTON AND NARRAGANSETT,1554,6400 W FULLERTON AVENU,07/09/2014,5,1133317.594499059,1915293.661305931,41.923786189,-87.785567206,"(41.92378618871128, -87.78556720562165)"
4700 WESTERN,2141,4700 S WESTERN AVENUE,08/25/2014,6,1161120.438879703,1873431.066474726,41.808378408,-87.684570717,"(41.808378407946726, -87.68457071689552)"
PERSHING AND WESTERN,2114,2400 W PERSHING ROAD,10/10/2014,3,1160957.773623189,1878793.434193427,41.82309676,-87.685018951,"(41.82309676016606, -87.68501895061576)"
COLUMBUS AND ILLINOIS,1952,500 N COLUMBUS DRIVE,09/10/2014,3,1178372.808407292,1903693.06016042,41.891044569,-87.620371839,"(41.891044569124276, -87.620371839074)"
CENTRAL AND IRVING PARK,1183,5600 W IRVING PARK ROAD,08/14/2014,12,1138281.535484986,1926078.647777633,41.953292847,-87.767065708,"(41.953292847298, -87.76706570775266)"
55TH AND WESTERN,2212,5500 S WESTERN AVE,08/13/2014,7,1161269.521335262,1867963.111601251,41.793370554,-87.684175377,"(41.79337055433029, -87.6841753767592)"
HALSTED AND MADISON,1871,1 S HALSTED STREET,07/15/2014,5,1171092.392868784,1900234.542088741,41.881717056,-87.647210539,"(41.88171705561901, -87.64721053920604)"
ASHLAND AND IRVING PARK,1153,1600 W IRVING PARK ROA,09/16/2014,3,,,,,
ELSTON AND IRVING PARK,1502,4000 N ELSTON AVENUE,09/05/2014,1,1151273.974828198,1926311.849469842,41.953687266,-87.719297882,"(41.95368726563273, -87.71929788151473)"
CALIFORNIA AND PETERSON,1313,2800 W PETERSON AVENUE,09/14/2014,4,1156569.515341857,1939784.830544118,41.990552082,-87.699464396,"(41.990552081681564, -87.69946439622785)"
CORNELL DRIVE AND 57TH,2181,5700 S CORNELL DRIVE,08/26/2014,6,1188165.732740433,1867529.196427323,41.791580204,-87.585564215,"(41.79158020433135, -87.58556421519536)"
CICERO AND 47TH,2202,4700 S CICERO AVE,07/26/2014,1,1145112.150373471,1873006.659918126,41.807530373,-87.743296821,"(41.80753037289406, -87.7432968212423)"
ROOSEVELT AND PULASKI,2314,4000 W ROOSEVELT ROAD,08/10/2014,5,1149885.032049683,1894449.464076882,41.866281003,-87.72523422,"(41.866281002664536, -87.72523421983905)"
CHICAGO AND CLARK,1964,100 W CHICAGO AVENUE,09/04/2014,7,1175374.528739575,1905745.47783364,41.896744347,-87.631321248,"(41.896744346875806, -87.63132124815151)"
ROOSEVELT AND HALSTED,2233,800 W ROOSEVELT ROAD,07/14/2014,3,1171199.282357741,1894968.056393724,41.867263098,-87.646972686,"(41.86726309836901, -87.64697268601648)"
115TH AND HALSTED,2553,800 W 115TH STREET,07/30/2014,6,1173010.735357888,1828632.242070332,41.685190056,-87.642279564,"(41.68519005571938, -87.64227956401977)"
CENTRAL AND DIVERSEY,1644,5600 W DIVERSEY AVENUE,10/04/2014,2,1138539.758528398,1918097.096677271,41.931385977,-87.766310532,"(41.93138597683265, -87.76631053155157)"
KEDZIE AND 47TH,2104,3200 W 47TH ST,08/03/2014,5,1155815.231505056,1873336.169728074,41.808226246,-87.704031672,"(41.808226246244026, -87.70403167215984)"
KEDZIE AND 31ST,2134,3200 W 31ST STREET,10/06/2014,6,1155487.128005646,1883943.061106793,41.8373395,-87.704950558,"(41.83733950029648, -87.70495055800411)"
CICERO AND CHICAGO,1781,800 N CICERO AVENUE,09/08/2014,4,1144169.162482127,1904893.189220372,41.895049038,-87.745955516,"(41.89504903796389, -87.74595551626888)"
ASHLAND AND ARCHER,2302,3100 S ARCHER AVENUE,07/21/2014,7,1166129.031970482,1884166.613649776,41.837732675,-87.66589445,"(41.83773267497158, -87.66589444999927)"
LARAMIE AND MADISON,2043,5200 W MADISON STREET,08/13/2014,2,1141706.965522802,1899567.55684314,41.880480752,-87.755130433,"(41.88048075170171, -87.75513043296509)"
LAWRENCE AND WESTERN,1193,2400 W LAWRENCE AVENUE,08/23/2014,1,1159482.648570304,1931851.989492596,41.968724349,-87.688968727,"(41.96872434882172, -87.68896872699601)"
COTTAGE GROVE AND 95TH,2603,800 E 95TH STREET,07/07/2014,4,1183230.529909316,1842186.614201556,41.722153939,-87.604447736,"(41.72215393877189, -87.60444773564429)"
CHICAGO AND CLARK,1964,100 W CHICAGO AVENUE,08/07/2014,3,1175374.528739575,1905745.47783364,41.896744347,-87.631321248,"(41.896744346875806, -87.63132124815151)"
WENTWORTH AND GARFIELD,2261,5500 S WENTWORTH AVEN,07/24/2015,8,,,,,
79TH AND HALSTED,2541,7900 S HALSTED STREET,10/13/2014,1,1172298.707400847,1852444.344822186,41.750549559,-87.644188368,"(41.750549559438944, -87.64418836784098)"
MONTROSE AND WESTERN,1224,2400 W MONTROSE AVENUE,07/24/2014,1,1159562.971802959,1929191.337701253,41.961421726,-87.68874698,"(41.961421726406314, -87.68874697983858)"
KEDZIE AND 26TH,2382,2600 S KEDZIE AVENUE,09/11/2014,2,1155404.235510285,1886524.460033054,41.844424831,-87.705185452,"(41.84442483084393, -87.70518545233183)"
WESTERN AND CHICAGO,1943,2400 W CHICAGO AVE,07/30/2014,1,1160226.686812944,1905300.904544474,41.895851041,-87.686968935,"(41.895851041123755, -87.68696893468467)"
CENTRAL AND DIVERSEY,1644,5600 W DIVERSEY AVENUE,09/24/2014,1,1138539.758528398,1918097.096677271,41.931385977,-87.766310532,"(41.93138597683265, -87.76631053155157)"
CENTRAL AND ADDISON,1682,3600 N CENTRAL AVENUE,08/18/2014,1,1138343.117435682,1923392.067464765,41.945919491,-87.766904594,"(41.945919490555106, -87.76690459426293)"
FOSTER AND NAGLE,1031,5200 N NAGLE,09/09/2014,4,1132529.656558223,1934201.702060651,41.97568567,-87.788020406,"(41.97568566971868, -87.78802040620296)"
MILWAUKEE AND DEVON,1274,6400 W DEVON AVENUE,07/05/2014,3,1132590.619798275,1942138.532048656,41.997463981,-87.787610243,"(41.99746398102873, -87.78761024341388)"
WESTERN AND NORTH,1853,2400 W NORTH AVE,09/06/2014,1,1160100.839010995,1910612.783367238,41.910429862,-87.687284221,"(41.91042986235867, -87.68728422050837)"
WESTERN AND ADDISON,1563,2400 W ADDISON,07/02/2014,7,1159719.041544334,1923878.577275797,41.946839991,-87.688320193,"(41.9468399910054, -87.68832019252964)"
ROOSEVELT AND HALSTED,2234,800 W ROOSEVELT ROAD,08/13/2014,24,1171199.282357741,1894968.056393724,41.867263098,-87.646972686,"(41.86726309836901, -87.64697268601648)"
HOLLYWOOD AND SHERIDAN,1343,1000 W HOLLYWOOD AVE,07/05/2014,10,1168580.228926466,1938090.295189338,41.985649799,-87.655335807,"(41.98564979859328, -87.65533580655139)"
CORTLAND AND ASHLAND,1721,1900 N ASHLAND AVE,08/25/2014,21,1165348.084854857,1912736.454335569,41.916147281,-87.667947354,"(41.91614728095272, -87.66794735350443)"
MONTROSE AND WESTERN,1224,2400 W MONTROSE AVENUE,10/01/2014,1,1159562.971802959,1929191.337701253,41.961421726,-87.68874698,"(41.961421726406314, -87.68874697983858)"
CORTLAND AND ASHLAND,1721,1900 N ASHLAND AVE,10/05/2014,15,1165348.084854857,1912736.454335569,41.916147281,-87.667947354,"(41.91614728095272, -87.66794735350443)"
HALSTED AND 95TH,2582,9500 S HALSTED STREET,09/05/2014,1,1172610.538363645,1841811.61926207,41.721365061,-87.643358042,"(41.72136506078306, -87.64335804234075)"
DIVERSEY AND WESTERN,1434,2400 W DIVERSEY AVENUE,07/07/2014,3,1159859.648423836,1918576.255784305,41.932287183,-87.687950093,"(41.93228718299094, -87.6879500934122)"
HALSTED AND 83RD,2641,8300 S HALSTED STREET,10/04/2014,3,1172378.202798089,1849790.199606783,41.743264491,-87.64397498,"(41.743264490643654, -87.64397498015705)"
PULASKI AND PETERSON,1262,6000 N PULASKI ROAD,09/07/2014,1,1148598.016685695,1939584.645960177,41.990160923,-87.728790748,"(41.99016092280557, -87.72879074759867)"
HALSTED AND 95TH,2581,9500 S HALSTED STREET,07/10/2014,2,1172610.538363645,1841811.61926207,41.721365061,-87.643358042,"(41.72136506078306, -87.64335804234075)"
79TH AND KEDZIE,2443,3200 W 79TH ST,07/26/2014,1,1156402.644780165,1852104.649370984,41.749952001,-87.702448478,"(41.74995200142266, -87.70244847808695)"
KEDZIE AND 26TH,2381,2600 S KEDZIE AVENUE,08/08/2014,1,1155404.235510285,1886524.460033054,41.844424831,-87.705185452,"(41.84442483084393, -87.70518545233183)"
IRVING PARK AND NARRAGANSETT,1024,6400 W IRVING PK,09/29/2014,5,1132945.939118726,1925946.304925137,41.953024751,-87.786683238,"(41.95302475075328, -87.78668323766634)"
KEDZIE AND 71ST,2352,7100 S KEDZIE AVENUE,09/03/2014,6,1156225.540366296,1857330.103443232,41.764295037,-87.702957162,"(41.764295036756856, -87.70295716211793)"
MONTROSE AND WESTERN,1221,4400 N WESTERN AVENUE,08/17/2014,2,1159539.733234718,1929183.918095502,41.961401846,-87.688832623,"(41.961401846278505, -87.6888326227788)"
PULASKI AND ARCHER,2154,5000 S ARCHER AVE,07/23/2014,3,1150501.818909837,1871162.311703322,41.802365973,-87.723576766,"(41.80236597333895, -87.72357676611004)"
HARLEM AND NORTHWEST HWY,1081,6400 N HARLEM AVE,08/01/2014,1,1127335.21218179,1941943.442727776,41.997018918,-87.806947715,"(41.99701891845275, -87.8069477154956)"
DIVISION AND DAMEN,1734,2000 W DIVISION,07/29/2014,5,1162815.710860194,1908034.672555531,41.903298793,-87.677383247,"(41.903298792681944, -87.67738324739636)"
WESTERN AND DEVON,1212,6400 N WESTERN AVENUE,07/18/2014,2,1159113.585759434,1942451.622367891,41.997817807,-87.690033035,"(41.997817807026, -87.69003303469276)"
VINCENNES AND 111TH,2531,11100 S VINCENNES AVE,09/03/2014,7,1167202.128381332,1831126.639262444,41.692160999,-87.663472469,"(41.69216099874656, -87.66347246868617)"
PULASKI AND ARMITAGE,1844,4000 W ARMITAGE AVENUE,10/02/2014,1,1149375.428872108,1913028.984273181,41.917275069,-87.726622746,"(41.91727506940875, -87.72662274644799)"
WESTERN AND 71ST,2612,7100 S WESTERN AVENUE,09/15/2014,8,1161563.704681724,1857484.211306323,41.764608912,-87.683387053,"(41.76460891223613, -87.68338705328121)"
CENTRAL AND CHICAGO,1973,5600 W CHICAGO AVENUE,10/07/2014,2,1138858.856732452,1904825.827586656,41.894962293,-87.765460791,"(41.89496229349977, -87.76546079122906)"
115TH AND HALSTED,2552,11500 S HALSTED STREE,09/13/2014,20,,,,,
PULASKI AND DIVISION,1801,1200 N PULASKI ROAD,07/04/2014,1,1149459.590666926,1907723.219884254,41.902713902,-87.726451457,"(41.902713901936174, -87.72645145715836)"
ELSTON AND FOSTER,1063,4932 W FOSTER AVENUE,07/17/2014,4,1142393.863544234,1934160.513830056,41.975394608,-87.751746599,"(41.975394608045924, -87.75174659886025)"
LASALLE AND KINZIE,1921,400 N LASALLE,07/14/2014,4,1175028.579766798,1903002.552291359,41.889225372,-87.632674115,"(41.88922537162015, -87.63267411498495)"
ELSTON AND LAWRENCE,1284,4440 W LAWRENCE AVENUE,09/14/2014,4,1145715.061027481,1931571.0474838,41.968226398,-87.739599251,"(41.96822639754791, -87.73959925065756)"
ASHLAND AND FULLERTON,1652,2400 N ASHLAND AVENUE,09/13/2014,10,1165228.073342838,1916032.319169157,41.92519389,-87.668294363,"(41.92519388981048, -87.66829436339881)"
JEFFERY AND 79TH,2663,2000 E 79TH STREET,07/05/2014,5,1190922.804327671,1853026.181924232,41.751716559,-87.575923074,"(41.751716559267784, -87.57592307446549)"
LAWRENCE AND WESTERN,1193,2400 W LAWRENCE AVENUE,07/15/2014,5,1159482.648570304,1931851.989492596,41.968724349,-87.688968727,"(41.96872434882172, -87.68896872699601)"
PULASKI AND MONTROSE,1294,4000 W MONTROSE AVENUE,07/08/2014,2,1148917.521854602,1928980.338532162,41.961055804,-87.727891206,"(41.96105580370759, -87.72789120598296)"
ROOSEVELT AND KOSTNER,2323,4400 W ROOSEVELT,07/27/2014,3,1147200.963258796,1894379.538078088,41.866140868,-87.73508956,"(41.866140867641654, -87.73508956008207)"
MADISON AND WESTERN,1931,1 S WESTERN AVE,09/05/2014,1,1160453.827721979,1899933.703473746,41.881118279,-87.686283339,"(41.881118278833966, -87.686283338873)"
79TH AND HALSTED,2541,7900 S HALSTED STREET,10/05/2014,3,1172298.707400847,1852444.344822186,41.750549559,-87.644188368,"(41.750549559438944, -87.64418836784098)"
CENTRAL AND DIVERSEY,1644,5600 W DIVERSEY AVENUE,08/23/2014,4,1138539.758528398,1918097.096677271,41.931385977,-87.766310532,"(41.93138597683265, -87.76631053155157)"
LASALLE AND KINZIE,1921,400 N LASALLE,07/08/2014,4,1175028.579766798,1903002.552291359,41.889225372,-87.632674115,"(41.88922537162015, -87.63267411498495)"
TOUHY AND OSCEOLA,1243,7432 W TOUHY AVENUE,10/11/2014,1,1125717.010560011,1947269.685461107,42.011661765,-87.812781431,"(42.01166176507329, -87.81278143114147)"
CICERO AND WASHINGTON,1892,100 N CICERO AVENUE,08/30/2014,9,1144328.984091479,1900095.170838459,41.88187971,-87.745489247,"(41.88187970991601, -87.7454892473012)"
PULASKI AND CHICAGO,1983,4000 W CHICAGO AVENUE,07/30/2014,5,1149561.855939692,1905086.596446259,41.895476752,-87.72614436,"(41.89547675163723, -87.72614435991626)"
FOSTER AND BROADWAY,1111,5200 N BROADWAY ST,08/09/2014,2,1167334.508577915,1934714.008346532,41.976412143,-87.660015082,"(41.97641214294823, -87.66001508205365)"
CORTLAND AND ASHLAND,1721,1900 N ASHLAND AVE,08/05/2014,27,1165348.084854857,1912736.454335569,41.916147281,-87.667947354,"(41.91614728095272, -87.66794735350443)"
IRVING PARK AND LARAMIE,1534,5200 W IRVING PARK ROA,07/26/2015,6,,,,,
KEDZIE AND 47TH,2104,3200 W 47TH ST,08/21/2014,2,1155815.231505056,1873336.169728074,41.808226246,-87.704031672,"(41.808226246244026, -87.70403167215984)"
WESTERN AND PRATT,1301,6800 N WESTERN AVENUE,10/14/2014,3,1159043.160898631,1945096.218978482,42.005076123,-87.69021903,"(42.00507612272344, -87.69021903022175)"
ELSTON AND ADDISON,1402,3600 N ELSTON AVE,09/06/2014,3,1154106.95251778,1923731.036211081,41.946549165,-87.708952626,"(41.94654916480637, -87.70895262603513)"
WESTERN AND DEVON,1211,6400 N WESTERN AVENUE,08/18/2014,1,1159113.585759434,1942451.622367891,41.997817807,-87.690033035,"(41.997817807026, -87.69003303469276)"
LAKE SHORE DR AND BELMONT,1413,400 W BELMONT AVE,07/04/2014,10,1172981.744869382,1921577.376128802,41.940241193,-87.639639114,"(41.94024119325571, -87.63963911427594)"
IRVING PARK AND KEDZIE,1353,3200 W IRVING PARK ROAD,08/09/2014,7,1154325.140302006,1926458.463197156,41.954029047,-87.708077494,"(41.95402904691877, -87.70807749383191)"
CALIFORNIA AND DEVON,1323,2800 W DEVON AVENUE,10/08/2014,3,1156484.528078038,1942377.980662191,41.997669523,-87.699706423,"(41.99766952286052, -87.69970642324591)"
DIVISION AND DAMEN,1734,2000 W DIVISION,09/15/2014,10,1162815.710860194,1908034.672555531,41.903298793,-87.677383247,"(41.903298792681944, -87.67738324739636)"
DAMEN AND 63RD,2701,6300 S DAMEN AVENUE,08/14/2014,4,1164069.407943298,1862830.277442834,41.779226921,-87.674052731,"(41.77922692069256, -87.67405273137854)"
55TH AND WESTERN,2213,2400 W 55TH STREET,08/20/2014,2,1161277.012730599,1868185.749490228,41.793981347,-87.684141741,"(41.7939813465735, -87.68414174128355)"
CERMAK AND PULASKI,2332,2200 S PULASKI,09/04/2014,3,1150012.876838243,1889071.75851865,41.851521442,-87.724904787,"(41.85152144233116, -87.7249047867499)"
PULASKI AND IRVING PARK,1572,4000 N PULASKI ROAD,07/14/2014,2,1148970.255325552,1926313.600468643,41.953737051,-87.727766612,"(41.95373705144353, -87.72776661179896)"
HALSTED AND MADISON,1872,1 N HALSTED STREET,10/13/2014,6,1171090.967986833,1900270.454015136,41.881815632,-87.647214717,"(41.88181563164203, -87.64721471704077)"
JEFFERY AND 79TH,2663,2000 E 79TH STREET,09/01/2014,1,1190922.804327671,1853026.181924232,41.751716559,-87.575923074,"(41.751716559267784, -87.57592307446549)"
CICERO AND PETERSON,1202,6000 N CICERO AVENUE,09/19/2014,1,1143247.733553094,1939479.342905704,41.989973915,-87.748473024,"(41.98997391514614, -87.74847302426933)"
PULASKI AND NORTH,1994,4000 W NORTH AVENUE,10/15/2014,1,1149456.2688422,1910376.774019002,41.909995582,-87.726394693,"(41.90999558160536, -87.72639469321471)"
BELMONT AND KEDZIE,1371,3200 N KEDZIE AVENUE,07/23/2014,1,1154426.977874407,1921110.466549542,41.93935173,-87.707846594,"(41.93935173030961, -87.70784659359776)"
ASHLAND AND ARCHER,2302,3100 S ARCHER AVENUE,07/18/2014,8,1166129.031970482,1884166.613649776,41.837732675,-87.66589445,"(41.83773267497158, -87.66589444999927)"
WESTERN AND CHICAGO,1941,800 N WESTERN AVE,07/28/2014,1,1160220.967978608,1905277.507115921,41.895786955,-87.686990586,"(41.89578695485361, -87.68699058611217)"
ROOSEVELT AND HALSTED,2234,800 W ROOSEVELT ROAD,09/08/2014,19,1171199.282357741,1894968.056393724,41.867263098,-87.646972686,"(41.86726309836901, -87.64697268601648)"
HALSTED AND 95TH,2581,9500 S HALSTED STREET,08/13/2014,2,1172610.538363645,1841811.61926207,41.721365061,-87.643358042,"(41.72136506078306, -87.64335804234075)"
55TH AND KEDZIE,2162,5500 S KEDZIE AVENUE,08/18/2014,2,1155945.854705238,1867941.621374192,41.793420237,-87.703697508,"(41.793420236755864, -87.70369750845424)"
IRVING PARK AND NARRAGANSETT,1023,6400 W IRVING PK,08/16/2014,5,1132945.939118726,1925946.304925137,41.953024751,-87.786683238,"(41.95302475075328, -87.78668323766634)"
55TH AND KEDZIE,2162,5500 S KEDZIE AVENUE,07/17/2014,2,1155945.854705238,1867941.621374192,41.793420237,-87.703697508,"(41.793420236755864, -87.70369750845424)"
87TH AND VINCENNES,2412,8700 S VINCENNES,10/05/2014,6,1172026.328989535,1847142.496643776,41.736006565,-87.645341819,"(41.73600656458518, -87.64534181897955)"
ASHLAND AND FULLERTON,1652,2400 N ASHLAND AVENUE,10/07/2014,1,1165228.073342838,1916032.319169157,41.92519389,-87.668294363,"(41.92519388981048, -87.66829436339881)"
ASHLAND AND 63RD,2681,6300 S ASHLAND AVE,09/15/2014,1,1166711.252809567,1862903.630015878,41.77937222,-87.664365347,"(41.77937222048469, -87.66436534741581)"
CENTRAL AND DIVERSEY,1644,5600 W DIVERSEY AVENUE,07/14/2014,3,1138539.758528398,1918097.096677271,41.931385977,-87.766310532,"(41.93138597683265, -87.76631053155157)"
KEDZIE AND 71ST,2354,3200 W 71ST STREET,10/13/2014,1,1156246.862901455,1857404.014959868,41.764497433,-87.702877023,"(41.76449743256955, -87.70287702335861)"
MONTROSE AND WESTERN,1221,4400 N WESTERN AVENUE,08/11/2014,5,1159539.733234718,1929183.918095502,41.961401846,-87.688832623,"(41.961401846278505, -87.6888326227788)"
CLARK AND IRVING PARK,1093,1300 W IRVING PARK ROAD,08/08/2014,10,1166777.545456989,1926719.73687357,41.954487567,-87.662293496,"(41.95448756687966, -87.66229349585691)"
35TH AND WESTERN,2092,3500 S WESTERN,08/13/2014,3,1160894.949857101,1881376.851112895,41.830187255,-87.685177925,"(41.83018725526863, -87.68517792510231)"
79TH AND HALSTED,2541,7900 S HALSTED STREET,07/24/2014,6,1172298.707400847,1852444.344822186,41.750549559,-87.644188368,"(41.750549559438944, -87.64418836784098)"
ASHLAND AND 47TH,2191,4700 S ASHLAND AVENUE,07/29/2014,3,1166423.624284841,1873520.235394001,41.808511597,-87.665117292,"(41.8085115972472, -87.66511729173287)"
KEDZIE AND 47TH,2104,3200 W 47TH ST,07/22/2014,3,1155815.231505056,1873336.169728074,41.808226246,-87.704031672,"(41.808226246244026, -87.70403167215984)"
KOSTNER AND NORTH,2013,4400 W NORTH,09/02/2014,8,1146738.551618032,1910309.595368032,41.909863573,-87.736380296,"(41.90986357340246, -87.73638029605371)"
55TH AND WESTERN,2213,2400 W 55TH STREET,07/11/2014,3,1161277.012730599,1868185.749490228,41.793981347,-87.684141741,"(41.7939813465735, -87.68414174128355)"
PULASKI AND ARCHER,2154,5000 S ARCHER AVE,08/09/2014,7,1150501.818909837,1871162.311703322,41.802365973,-87.723576766,"(41.80236597333895, -87.72357676611004)"
STONY ISLAND/CORNELL AND 67TH,2731,6700 S CORNELL DRIVE,07/21/2014,19,1188316.454860734,1860851.137456735,41.77325149,-87.5852246,"(41.77325148959568, -87.58522459967712)"
CORTLAND AND ASHLAND,1723,1600 W CORTLAND ST,10/01/2014,5,1165377.660768235,1912768.773647285,41.916235337,-87.667837772,"(41.91623533746878, -87.66783777212962)"
BROADWAY/SHERIDAN AND DEVON,1122,6400 N SHERIDAN ROAD,10/06/2014,7,1167087.151194129,1942658.704988689,41.998217921,-87.660695256,"(41.99821792053241, -87.6606952555721)"
FOSTER AND NAGLE,1031,5200 N NAGLE,07/06/2014,6,1132529.656558223,1934201.702060651,41.97568567,-87.788020406,"(41.97568566971868, -87.78802040620296)"
LINCOLN AND MCCORMICK,2751,6200 N LINCOLN AVENUE,09/04/2014,30,1152551.008921873,1941175.933038791,41.994450004,-87.714208439,"(41.9944500041165, -87.71420843920934)"
PULASKI AND ARCHER,2154,5000 S ARCHER AVE,07/18/2014,5,1150501.818909837,1871162.311703322,41.802365973,-87.723576766,"(41.80236597333895, -87.72357676611004)"
KEDZIE AND 63RD,2361,6300 S KEDZIE AVE,07/28/2014,3,1156097.505177228,1862668.051775093,41.77894575,-87.703283119,"(41.77894575017997, -87.70328311900342)"
ASHLAND AND LAWRENCE,1143,1600 W LAWRENCE AVENUE,09/30/2014,3,1164771.946929007,1931988.254061312,41.968987457,-87.669516307,"(41.96898745654617, -87.66951630654926)"
CHICAGO AND CLARK,1964,100 W CHICAGO AVENUE,10/12/2014,3,1175374.528739575,1905745.47783364,41.896744347,-87.631321248,"(41.896744346875806, -87.63132124815151)"
LAWRENCE AND WESTERN,1193,2400 W LAWRENCE AVENUE,07/21/2014,3,1159482.648570304,1931851.989492596,41.968724349,-87.688968727,"(41.96872434882172, -87.68896872699601)"
SACRAMENTO AND LAKE,1822,150 N SACRAMENTO BOUL,08/18/2014,1,1156319.560664766,1900957.489351962,41.884012178,-87.701436479,"(41.88401217771363, -87.7014364786693)"
ASHLAND AND ARCHER,2302,3100 S ARCHER AVENUE,09/22/2014,7,1166129.031970482,1884166.613649776,41.837732675,-87.66589445,"(41.83773267497158, -87.66589444999927)"
MONTROSE AND WESTERN,1221,4400 N WESTERN AVENUE,08/13/2014,7,1159539.733234718,1929183.918095502,41.961401846,-87.688832623,"(41.961401846278505, -87.6888326227788)"
SHERIDAN AND FOSTER,1132,5200 N SHERIDAN ROAD,08/22/2014,1,1168661.623718229,1934753.842272756,41.976492721,-87.655133605,"(41.97649272077833, -87.65513360456677)"
ASHLAND AND DIVERSEY,1621,2800 N ASHLAND AVENUE,09/24/2014,5,1165139.964068357,1918674.245501741,41.932445362,-87.66854285,"(41.93244536200095, -87.6685428496422)"
PULASKI AND CHICAGO,1983,4000 W CHICAGO AVENUE,07/04/2014,8,1149561.855939692,1905086.596446259,41.895476752,-87.72614436,"(41.89547675163723, -87.72614435991626)"
VAN BUREN AND WESTERN,2052,400 S WESTERN AVENUE,09/23/2014,31,1160431.682297829,1898091.942371589,41.876064776,-87.686415631,"(41.87606477642526, -87.68641563098768)"
HALSTED AND MADISON,,1 S HALSTED STREET,07/31/2014,1,1171092.392868784,1900234.542088741,41.881717056,-87.647210539,"(41.88171705561901, -87.64721053920604)"
PULASKI AND DIVISION,1802,1200 N PULASKI ROAD,09/12/2014,3,1149459.590666926,1907723.219884254,41.902713902,-87.726451457,"(41.902713901936174, -87.72645145715836)"
35TH AND WESTERN,2092,3500 S WESTERN,09/24/2014,3,1160894.949857101,1881376.851112895,41.830187255,-87.685177925,"(41.83018725526863, -87.68517792510231)"
DAMEN AND DIVERSEY,1464,2000 W DIVERSEY PARKWAY,08/13/2014,4,1162519.714934025,1918635.417634925,41.932394164,-87.678173031,"(41.93239416403691, -87.67817303087757)"
87TH AND VINCENNES,2412,8700 S VINCENNES,08/22/2014,3,1172026.328989535,1847142.496643776,41.736006565,-87.645341819,"(41.73600656458518, -87.64534181897955)"
TOUHY AND OSCEOLA,1243,7432 W TOUHY AVENUE,09/16/2014,3,1125717.010560011,1947269.685461107,42.011661765,-87.812781431,"(42.01166176507329, -87.81278143114147)"
VINCENNES AND 111TH,2532,11100 S VINCENNES AVE,10/14/2014,1,1167202.128381332,1831126.639262444,41.692160999,-87.663472469,"(41.69216099874656, -87.66347246868617)"
DIVERSEY AND AUSTIN,1454,6000 W DIVERSEY AVENUE,07/30/2014,2,1135895.736169343,1918029.70673837,41.931248624,-87.776028612,"(41.931248623643455, -87.77602861172493)"
71ST AND ASHLAND,2391,7100 S ASHLAND,09/11/2014,2,1166868.379865725,1857616.168087255,41.764859382,-87.663940176,"(41.764859382425385, -87.66394017630476)"
CENTRAL AND BELMONT,1602,3200 N CENTRAL AVENUE,09/24/2014,1,1138430.432324593,1920731.654410336,41.938617463,-87.766648297,"(41.938617463272884, -87.76664829683827)"
SACRAMENTO AND CHICAGO,1814,3000 W CHICAGO AVENUE,10/10/2014,1,1156075.266375505,1905216.604770718,41.895704525,-87.702218524,"(41.895704524946225, -87.70221852353758)"
PULASKI AND CHICAGO,1983,4000 W CHICAGO AVENUE,08/30/2014,13,1149561.855939692,1905086.596446259,41.895476752,-87.72614436,"(41.89547675163723, -87.72614435991626)"
CERMAK AND PULASKI,2332,2200 S PULASKI,07/02/2014,1,1150012.876838243,1889071.75851865,41.851521442,-87.724904787,"(41.85152144233116, -87.7249047867499)"
ASHLAND AND IRVING PARK,1151,4000 N ASHLAND AVENUE,09/26/2014,3,1164899.463802581,1926665.661118925,41.954379326,-87.66919912,"(41.954379326212695, -87.66919911980419)"
KOSTNER AND NORTH,2012,4400 W GRAND AVE,07/29/2014,4,1146773.519128439,1910425.663958581,41.91018141,-87.73624887,"(41.910181409597406, -87.73624887040725)"
CICERO AND CHICAGO,1781,800 N CICERO AVENUE,08/23/2014,5,1144169.162482127,1904893.189220372,41.895049038,-87.745955516,"(41.89504903796389, -87.74595551626888)"
LASALLE AND KINZIE,1921,400 N LASALLE,10/08/2014,2,1175028.579766798,1903002.552291359,41.889225372,-87.632674115,"(41.88922537162015, -87.63267411498495)"
STATE AND 79TH,2654,1 E 79TH STREET,09/17/2014,29,1177680.113652821,1852598.313477786,41.750852096,-87.624463832,"(41.75085209551078, -87.62446383210285)"
CENTRAL AND FULLERTON,1444,5600 W FULLERTON AVENU,08/12/2014,1,1138627.279189421,1915438.969256439,41.924090199,-87.76605353,"(41.92409019883488, -87.76605353016079)"
PULASKI AND FOSTER,1102,5200 N PULASKI RD,08/19/2014,3,1148746.251286324,1934286.914361976,41.97562074,-87.728383135,"(41.97562073966174, -87.72838313514907)"
ASHLAND AND FULLERTON,1652,2400 N ASHLAND AVENUE,09/17/2014,9,1165228.073342838,1916032.319169157,41.92519389,-87.668294363,"(41.92519388981048, -87.66829436339881)"
ASHLAND AND ARCHER,2301,3100 S ASHLAND AVENUE,09/15/2014,3,1166131.325337548,1884126.42490739,41.837622344,-87.665887181,"(41.83762234415814, -87.66588718054551)"
87TH AND VINCENNES,2412,8700 S VINCENNES,09/24/2014,10,1172026.328989535,1847142.496643776,41.736006565,-87.645341819,"(41.73600656458518, -87.64534181897955)"
IRVING PARK AND KILPATRICK,2763,4700 W IRVING PARK ROA,07/27/2015,5,,,,,
JEFFERY AND 95TH,2522,9500 S JEFFERY AVE,07/09/2014,2,1191132.420601301,1842335.735988875,41.722375907,-87.575499903,"(41.72237590704101, -87.57549990332795)"
OGDEN AND KOSTNER,2222,2348 S KOSTNER AVENUE,09/08/2014,12,1147394.548182079,1887795.177782082,41.848068845,-87.734547457,"(41.8480688449598, -87.73454745748458)"
WESTERN AND 79TH,2484,2400 W 79TH ST,07/02/2014,1,1161758.68085177,1852242.255513454,41.750220168,-87.682817693,"(41.75022016799851, -87.68281769253687)"
CENTRAL AND FULLERTON,1442,2400 N CENTRAL AVENUE,07/22/2014,1,1138603.468418662,1915431.058212414,41.924068922,-87.766141214,"(41.92406892227644, -87.76614121413186)"
FULLERTON AND NARRAGANSETT,1553,6400 W FULLERTON AVENU,09/23/2014,6,1133317.594499059,1915293.661305931,41.923786189,-87.785567206,"(41.92378618871128, -87.78556720562165)"
STONEY ISLAND AND 76TH,2632,7600 S STONY ISLAND A,07/02/2014,6,1188092.796191935,1854889.354158304,41.756897173,-87.586234285,"(41.75689717260223, -87.58623428506996)"
ROOSEVELT AND PULASKI,2314,4000 W ROOSEVELT ROAD,07/09/2014,7,1149885.032049683,1894449.464076882,41.866281003,-87.72523422,"(41.866281002664536, -87.72523421983905)"
ELSTON AND ADDISON,1403,3216 W ADDISON ST,07/03/2014,12,1154199.729816868,1923799.345386665,41.946734755,-87.708609774,"(41.946734754927796, -87.7086097735515)"
WESTERN AND PRATT,1301,6800 N WESTERN AVENUE,10/12/2014,9,1159043.160898631,1945096.218978482,42.005076123,-87.69021903,"(42.00507612272344, -87.69021903022175)"
CENTRAL AND ADDISON,1683,5600 W ADDISON STREET,10/03/2014,1,1138349.663302502,1923416.02157061,41.945985104,-87.766879952,"(41.94598510430888, -87.76687995165918)"
KOSTNER AND NORTH,2011,1600 N KOSTNER,10/13/2014,1,1146732.108679105,1910282.120990798,41.909788304,-87.736404667,"(41.90978830394343, -87.73640466739216)"
STONY ISLAND/CORNELL AND 67TH,2721,6700 S STONY ISLAND A,07/02/2014,5,1187984.143047539,1860863.338367666,41.773292896,-87.586442368,"(41.77329289585066, -87.58644236831432)"
JEFFERY AND 79TH,2663,2000 E 79TH STREET,08/25/2014,5,1190922.804327671,1853026.181924232,41.751716559,-87.575923074,"(41.751716559267784, -87.57592307446549)"
ASHLAND AND IRVING PARK,1151,4000 N ASHLAND AVENUE,09/29/2014,1,1164899.463802581,1926665.661118925,41.954379326,-87.66919912,"(41.954379326212695, -87.66919911980419)"
CERMAK AND PULASKI,2332,2200 S PULASKI,07/18/2014,3,1150012.876838243,1889071.75851865,41.851521442,-87.724904787,"(41.85152144233116, -87.7249047867499)"
WESTERN AND 71ST,2612,7100 S WESTERN AVENUE,08/21/2014,6,1161563.704681724,1857484.211306323,41.764608912,-87.683387053,"(41.76460891223613, -87.68338705328121)"
CICERO AND ADDISON,1611,3600 N CICERO AVENUE,09/24/2014,2,1143698.904601495,1923517.005821035,41.946163524,-87.747215169,"(41.94616352362556, -87.74721516897007)"
WESTERN AND PRATT,1302,6800 N WESTERN AVENUE,09/30/2014,2,1159043.160898631,1945096.218978482,42.005076123,-87.69021903,"(42.00507612272344, -87.69021903022175)"
CALIFORNIA AND DIVERSEY,1513,2800 W DIVERSEY,10/11/2014,3,1157212.54253358,1918526.674434943,41.932205395,-87.697679244,"(41.93220539506452, -87.6976792438691)"
4700 WESTERN,2141,4700 S WESTERN AVENUE,12/11/2014,3,1161120.438879703,1873431.066474726,41.808378408,-87.684570717,"(41.808378407946726, -87.68457071689552)"
BELMONT AND KEDZIE,1373,3200 W BELMONT,07/28/2014,1,1154461.587940363,1921143.091003516,41.939440561,-87.707718516,"(41.93944056117365, -87.70771851630873)"
DAMEN AND 63RD,2701,6300 S DAMEN AVENUE,07/15/2014,7,1164069.407943298,1862830.277442834,41.779226921,-87.674052731,"(41.77922692069256, -87.67405273137854)"
VINCENNES AND 111TH,2532,11100 S VINCENNES AVE,08/23/2014,10,1167202.128381332,1831126.639262444,41.692160999,-87.663472469,"(41.69216099874656, -87.66347246868617)"
DIVISION AND DAMEN,1734,2000 W DIVISION,07/19/2014,8,1162815.710860194,1908034.672555531,41.903298793,-87.677383247,"(41.903298792681944, -87.67738324739636)"
CENTRAL AND DIVERSEY,1642,2800 N CENTRAL AVENUE,09/27/2014,2,1138516.407377375,1918089.499227987,41.931365552,-87.766396529,"(41.93136555236339, -87.76639652879172)"
DIVERSEY AND WESTERN,1431,2800 N WESTERN AVENUE,08/26/2014,2,1159837.205417355,1918550.506189309,41.932216988,-87.688033281,"(41.93221698794738, -87.68803328089533)"
111TH AND HALSTED,2422,11100 S HALSTED ST,10/07/2014,7,1172923.657689312,1831209.044179248,41.692263123,-87.642522688,"(41.692263123425136, -87.6425226876268)"
MADISON AND WESTERN,1931,1 S WESTERN AVE,09/28/2014,1,1160453.827721979,1899933.703473746,41.881118279,-87.686283339,"(41.881118278833966, -87.686283338873)"
LASALLE AND KINZIE,1921,400 N LASALLE,09/18/2014,5,1175028.579766798,1903002.552291359,41.889225372,-87.632674115,"(41.88922537162015, -87.63267411498495)"
PULASKI AND 63RD,2342,6300 S PULASKI RD,10/06/2014,3,1150746.00309079,1862516.747695325,41.778636469,-87.722906356,"(41.77863646878099, -87.72290635568541)"
4700 WESTERN,2142,4700 S WESTERN AVENUE,09/13/2014,13,1161120.438879703,1873431.066474726,41.808378408,-87.684570717,"(41.808378407946726, -87.68457071689552)"
PULASKI AND IRVING PARK,1574,4000 W IRVING PARK RD,07/22/2014,5,1148988.727877253,1926320.954938409,41.953756874,-87.727698513,"(41.95375687447515, -87.72769851312907)"
CALIFORNIA AND DIVERSEY,1514,2800 W DIVERSEY,09/07/2014,41,1157212.54253358,1918526.674434943,41.932205395,-87.697679244,"(41.93220539506452, -87.6976792438691)"
DAMEN AND FULLERTON,1662,2400 N DAMEN AVE,09/12/2014,1,1162574.442800845,1915955.081657831,41.925038006,-87.678047191,"(41.925038006410325, -87.67804719101314)"
CALIFORNIA AND DIVERSEY,1514,2800 W DIVERSEY,08/18/2014,28,1157212.54253358,1918526.674434943,41.932205395,-87.697679244,"(41.93220539506452, -87.6976792438691)"
WESTERN AND 51ST,2172,5100 S WESTERN BLVD,10/03/2014,1,1161345.691274872,1870773.193852299,41.801080204,-87.683818209,"(41.801080203554356, -87.68381820888895)"
AUSTIN AND ADDISON,1491,3600 N AUSTIN AVENUE,09/04/2014,1,1135691.599896458,1923335.967306169,41.945813215,-87.776652162,"(41.9458132146695, -87.77665216156436)"
CENTRAL AND ADDISON,1682,3600 N CENTRAL AVENUE,09/11/2014,3,1138343.117435682,1923392.067464765,41.945919491,-87.766904594,"(41.945919490555106, -87.76690459426293)"
MILWAUKEE AND DEVON,1274,6400 W DEVON AVENUE,09/14/2014,8,1132590.619798275,1942138.532048656,41.997463981,-87.787610243,"(41.99746398102873, -87.78761024341388)"
119TH AND HALSTED,2404,800 W 119TH STREET,08/28/2014,2,1173111.174088158,1825985.001014405,41.677923389,-87.641989646,"(41.677923389134385, -87.64198964584013)"
35TH AND WESTERN,2091,3500 S WESTERN,07/17/2014,5,1160894.949857101,1881376.851112895,41.830187255,-87.685177925,"(41.83018725526863, -87.68517792510231)"
99TH AND HALSTED,2431,9900 S HALSTED ST,07/12/2014,8,1172689.754200318,1839171.652197216,41.714118868,-87.643145408,"(41.714118868089905, -87.64314540818165)"
WESTERN AND 79TH,2481,7900 S WESTERN AVE,10/10/2014,3,1161711.516404028,1852181.685686118,41.750054934,-87.682992203,"(41.750054933649984, -87.68299220290213)"
83RD AND STONY ISLAND,2562,8300 S STONY ISLAND A,09/28/2014,12,1188212.052384068,1850245.675393851,41.744151639,-87.585945067,"(41.744151639041974, -87.58594506695293)"
CORTLAND AND ASHLAND,1721,1900 N ASHLAND AVE,09/23/2014,15,1165348.084854857,1912736.454335569,41.916147281,-87.667947354,"(41.91614728095272, -87.66794735350443)"
55TH and PULASKI,2244,4000 W 55TH ST,07/25/2014,1,1150621.676903861,1867864.274865394,41.793313334,-87.723223038,"(41.79331333358753, -87.72322303812588)"
87TH AND VINCENNES,2412,8700 S VINCENNES,07/12/2014,23,1172026.328989535,1847142.496643776,41.736006565,-87.645341819,"(41.73600656458518, -87.64534181897955)"
OGDEN AND KOSTNER,2222,2348 S KOSTNER AVENUE,08/06/2014,4,1147394.548182079,1887795.177782082,41.848068845,-87.734547457,"(41.8480688449598, -87.73454745748458)"
CORNELL DRIVE AND 57TH,2181,5700 S CORNELL DRIVE,08/28/2014,2,1188165.732740433,1867529.196427323,41.791580204,-87.585564215,"(41.79158020433135, -87.58556421519536)"
DAMEN AND FULLERTON,1663,2000 W FULLERTON AVE,09/08/2014,6,1162596.935552891,1915990.579747891,41.925134944,-87.677963546,"(41.92513494374925, -87.67796354553815)"
63RD AND STATE,2714,1 E 63RD ST,10/15/2014,1,1177367.518733101,1863199.17768559,41.779949105,-87.625289553,"(41.779949104569106, -87.62528955333775)"
CORTLAND AND ASHLAND,1721,1900 N ASHLAND AVE,08/21/2014,12,1165348.084854857,1912736.454335569,41.916147281,-87.667947354,"(41.91614728095272, -87.66794735350443)"
ELSTON AND IRVING PARK,1503,3700 W IRVING PARK ROA,07/28/2015,8,,,,,
PULASKI AND ARCHER,2154,5000 S ARCHER AVE,10/08/2014,1,1150501.818909837,1871162.311703322,41.802365973,-87.723576766,"(41.80236597333895, -87.72357676611004)"
CICERO AND ADDISON,1612,3600 N CICERO AVENUE,08/24/2014,1,1143698.904601495,1923517.005821035,41.946163524,-87.747215169,"(41.94616352362556, -87.74721516897007)"
CANAL AND ROOSEVELT,2291,1200 S CANAL STREET,08/27/2014,2,1173268.771030949,1894952.634878732,41.867175125,-87.639375813,"(41.86717512472001, -87.63937581258092)"
IRVING PARK AND KEDZIE,1353,3200 W IRVING PARK ROAD,08/12/2014,3,1154325.140302006,1926458.463197156,41.954029047,-87.708077494,"(41.95402904691877, -87.70807749383191)"
CICERO AND CHICAGO,1781,800 N CICERO AVENUE,09/02/2014,1,1144169.162482127,1904893.189220372,41.895049038,-87.745955516,"(41.89504903796389, -87.74595551626888)"
PULASKI AND CHICAGO,1983,4000 W CHICAGO AVENUE,08/26/2014,6,1149561.855939692,1905086.596446259,41.895476752,-87.72614436,"(41.89547675163723, -87.72614435991626)"
ELSTON AND IRVING PARK,1502,4000 N ELSTON AVENUE,09/27/2014,1,1151273.974828198,1926311.849469842,41.953687266,-87.719297882,"(41.95368726563273, -87.71929788151473)"
IRVING PARK AND KEDZIE,1353,3200 W IRVING PARK ROAD,08/04/2014,5,1154325.140302006,1926458.463197156,41.954029047,-87.708077494,"(41.95402904691877, -87.70807749383191)"
WESTERN AND FOSTER,1074,2400 W FOSTER AVE,07/19/2014,10,1159379.402846887,1934502.712486132,41.97600019,-87.689275084,"(41.97600018976586, -87.68927508385399)"
CALIFORNIA AND DEVON,1323,2800 W DEVON AVENUE,08/12/2014,5,1156484.528078038,1942377.980662191,41.997669523,-87.699706423,"(41.99766952286052, -87.69970642324591)"
CORNELL DRIVE AND 57TH,2181,5700 S CORNELL DRIVE,07/15/2014,8,1188165.732740433,1867529.196427323,41.791580204,-87.585564215,"(41.79158020433135, -87.58556421519536)"
FOSTER AND NAGLE,1031,5200 N NAGLE,09/18/2014,10,1132529.656558223,1934201.702060651,41.97568567,-87.788020406,"(41.97568566971868, -87.78802040620296)"
WESTERN AND NORTH,1853,2400 W NORTH AVE,07/21/2014,1,1160100.839010995,1910612.783367238,41.910429862,-87.687284221,"(41.91042986235867, -87.68728422050837)"
MILWAUKEE AND DEVON,1274,6400 W DEVON AVENUE,07/13/2014,5,1132590.619798275,1942138.532048656,41.997463981,-87.787610243,"(41.99746398102873, -87.78761024341388)"
HALSTED AND DIVISION,1714,800 W DIVISION,09/28/2014,5,1170767.827960358,1908259.644151662,41.903745557,-87.648167011,"(41.90374555734733, -87.64816701062779)"
CANAL AND ROOSEVELT,2294,500 W ROOSEVELT ROAD,09/01/2014,5,1173290.72186561,1895021.166235495,41.867362693,-87.639293195,"(41.867362692616666, -87.63929319464197)"
ELSTON AND LAWRENCE,1282,4800 N ELSTON AVENUE,09/18/2014,2,1145529.344259918,1931501.601268983,41.968039361,-87.740283894,"(41.96803936143674, -87.74028389448999)"
CHICAGO AND CLARK,1964,100 W CHICAGO AVENUE,07/15/2014,3,1175374.528739575,1905745.47783364,41.896744347,-87.631321248,"(41.896744346875806, -87.63132124815151)"
KEDZIE AND 31ST,2134,3200 W 31ST STREET,08/25/2014,1,1155487.128005646,1883943.061106793,41.8373395,-87.704950558,"(41.83733950029648, -87.70495055800411)"
75TH AND STATE,2624,1 E 75TH STREET,09/17/2014,4,1177601.72646404,1855229.486604181,41.758074111,-87.624671658,"(41.75807411097799, -87.62467165835182)"
DIVERSEY AND AUSTIN,1454,6000 W DIVERSEY AVENUE,08/30/2014,2,1135895.736169343,1918029.70673837,41.931248624,-87.776028612,"(41.931248623643455, -87.77602861172493)"
FULLERTON AND NARRAGANSETT,1554,6400 W FULLERTON AVENU,08/12/2014,2,1133317.594499059,1915293.661305931,41.923786189,-87.785567206,"(41.92378618871128, -87.78556720562165)"
CENTRAL AND FULLERTON,1442,2400 N CENTRAL AVENUE,09/26/2014,1,1138603.468418662,1915431.058212414,41.924068922,-87.766141214,"(41.92406892227644, -87.76614121413186)"
WESTERN AND MARQUETTE,2672,6700 S WESTERN AVENUE,07/29/2014,5,1161488.747635042,1860134.788366884,41.771884028,-87.683588402,"(41.77188402771193, -87.68358840206334)"
WESTERN AND NORTH,1851,1600 N WESTERN AVE,09/12/2014,7,1160077.474351131,1910605.013316134,41.910409024,-87.687370268,"(41.91040902362901, -87.687370268401)"
CENTRAL AND IRVING PARK,1183,5600 W IRVING PARK ROAD,09/04/2014,5,1138281.535484986,1926078.647777633,41.953292847,-87.767065708,"(41.953292847298, -87.76706570775266)"
IRVING PARK AND KEDZIE,1353,3200 W IRVING PARK ROAD,07/08/2014,1,1154325.140302006,1926458.463197156,41.954029047,-87.708077494,"(41.95402904691877, -87.70807749383191)"
MILWAUKEE AND DEVON,1272,6400 N MILWAUKEE AVEN,07/25/2014,2,1132463.750397878,1942107.911507627,41.997382173,-87.788077674,"(41.99738217345368, -87.78807767391953)"
PERSHING AND WESTERN,2112,3900 S WESTERN BLVD,07/28/2014,5,1161130.992078755,1878746.226354636,41.822963628,-87.684384785,"(41.82296362788048, -87.68438478541296)"
ASHLAND AND IRVING PARK,1151,4000 N ASHLAND AVENUE,09/03/2014,2,1164899.463802581,1926665.661118925,41.954379326,-87.66919912,"(41.954379326212695, -87.66919911980419)"
CALIFORNIA AND DEVON,1323,2800 W DEVON AVENUE,07/25/2014,2,1156484.528078038,1942377.980662191,41.997669523,-87.699706423,"(41.99766952286052, -87.69970642324591)"
GARFIELD AND ASHLAND,2272,5500 S ASHLAND AVENUE,10/11/2014,1,1166573.960309557,1868083.777885787,41.793590116,-87.664720996,"(41.793590115883404, -87.66472099593501)"
75TH AND STATE,2624,1 E 75TH STREET,09/02/2014,5,1177601.72646404,1855229.486604181,41.758074111,-87.624671658,"(41.75807411097799, -87.62467165835182)"
CENTRAL AND LAKE,1743,5600 W LAKE STREET,07/16/2014,1,1138951.495695032,1902230.510465733,41.887838735,-87.765183663,"(41.887838735330206, -87.76518366338465)"
ASHLAND AND FULLERTON,1652,2400 N ASHLAND AVENUE,08/25/2014,1,1165228.073342838,1916032.319169157,41.92519389,-87.668294363,"(41.92519388981048, -87.66829436339881)"
CICERO AND NORTH,2033,4800 W NORTH AVENUE,09/29/2014,2,1144053.733747163,1910243.80567041,41.90973389,-87.746244973,"(41.909733890131285, -87.74624497295898)"
PULASKI AND ARCHER,2153,5000 S ARCHER AVE,08/22/2014,34,1150501.818909837,1871162.311703322,41.802365973,-87.723576766,"(41.80236597333895, -87.72357676611004)"
ROOSEVELT AND KOSTNER,2323,4400 W ROOSEVELT,08/13/2014,2,1147200.963258796,1894379.538078088,41.866140868,-87.73508956,"(41.866140867641654, -87.73508956008207)"
WESTERN AND FULLERTON,1672,2400 N WESTERN AVENUE,09/03/2014,3,1159923.309342995,1915897.778561358,41.924935944,-87.687790255,"(41.92493594409127, -87.68779025471278)"
MILWAUKEE AND MONTROSE,1362,4400 N MILWAUKEE AVEN,09/14/2014,2,1141643.943268783,1928770.256316239,41.96061723,-87.75463824,"(41.9606172296957, -87.75463824007085)"
FULLERTON AND NARRAGANSETT,1554,6400 W FULLERTON AVENU,09/17/2014,6,1133317.594499059,1915293.661305931,41.923786189,-87.785567206,"(41.92378618871128, -87.78556720562165)"
ASHLAND AND 87TH,2452,8700 S ASHLAND AVE,07/30/2014,3,1167150.470087748,1846991.212339794,41.735696989,-87.663209544,"(41.73569698863625, -87.66320954445679)"
55TH AND KEDZIE,2163,3200 W 55TH STREET,10/05/2014,1,1155966.956993183,1868015.593764152,41.793622803,-87.703618141,"(41.79362280329978, -87.70361814062049)"
MILWAUKEE AND DEVON,1274,6400 W DEVON AVENUE,07/28/2014,8,1132590.619798275,1942138.532048656,41.997463981,-87.787610243,"(41.99746398102873, -87.78761024341388)"
SHERIDAN AND FOSTER,1134,1000 W FOSTER AVE,09/27/2014,1,1168689.247756979,1934758.578141654,41.976505116,-87.655031882,"(41.97650511595711, -87.65503188224778)"
55TH and PULASKI,2242,5500 S PULASKI,08/09/2014,8,1150600.072649439,1867806.44512718,41.793155061,-87.723303765,"(41.793155060731024, -87.72330376464247)"
HAMLIN AND LAKE,1881,300 N HAMLIN AVENUE,08/14/2014,10,1150970.026856642,1901381.688308858,41.885282636,-87.721069539,"(41.88528263580913, -87.72106953854511)"
WESTERN AND 79TH,2481,7900 S WESTERN AVE,08/29/2014,6,1161711.516404028,1852181.685686118,41.750054934,-87.682992203,"(41.750054933649984, -87.68299220290213)"
ASHLAND AND ARCHER,2301,3100 S ASHLAND AVENUE,10/13/2014,1,1166131.325337548,1884126.42490739,41.837622344,-87.665887181,"(41.83762234415814, -87.66588718054551)"
PULASKI AND MONTROSE,1294,4000 W MONTROSE AVENUE,08/25/2014,1,1148917.521854602,1928980.338532162,41.961055804,-87.727891206,"(41.96105580370759, -87.72789120598296)"
35TH AND WESTERN,2091,3500 S WESTERN,08/14/2014,8,1160894.949857101,1881376.851112895,41.830187255,-87.685177925,"(41.83018725526863, -87.68517792510231)"
HALSTED AND NORTH,1761,1600 N HALSTED STREET,07/14/2014,3,1170678.283433825,1910880.991397547,41.910940644,-87.648419043,"(41.91094064391597, -87.64841904272998)"
CICERO AND ADDISON,1612,3600 N CICERO AVENUE,08/08/2014,7,1143698.904601495,1923517.005821035,41.946163524,-87.747215169,"(41.94616352362556, -87.74721516897007)"
CENTRAL AND ADDISON,1682,3600 N CENTRAL AVENUE,07/19/2014,1,1138343.117435682,1923392.067464765,41.945919491,-87.766904594,"(41.945919490555106, -87.76690459426293)"
FOSTER AND NAGLE,1031,5200 N NAGLE,08/09/2014,8,1132529.656558223,1934201.702060651,41.97568567,-87.788020406,"(41.97568566971868, -87.78802040620296)"
PULASKI AND BELMONT,1382,3200 N PULASKI RD,07/12/2014,3,1149125.621478734,1920994.556178086,41.939138154,-87.72733371,"(41.939138153500274, -87.7273337101426)"
FOSTER AND NAGLE,1034,6400 W FOSTER,07/05/2014,2,1132552.893142153,1934229.875527466,41.975762574,-87.787934296,"(41.97576257447203, -87.7879342955108)"
HOMAN/KIMBALL AND NORTH,1773,3400 W NORTH AVE,08/20/2014,3,1153386.578905125,1910465.87061722,41.910162847,-87.711953868,"(41.91016284680269, -87.71195386769125)"
CICERO AND CHICAGO,1781,800 N CICERO AVENUE,07/02/2014,7,1144169.162482127,1904893.189220372,41.895049038,-87.745955516,"(41.89504903796389, -87.74595551626888)"
VINCENNES AND 111TH,2531,11100 S VINCENNES AVE,08/24/2014,4,1167202.128381332,1831126.639262444,41.692160999,-87.663472469,"(41.69216099874656, -87.66347246868617)"
FOSTER AND BROADWAY,1113,1200 W FOSTER AVE,09/13/2014,3,1167357.095930752,1934721.393266777,41.97643192,-87.659931806,"(41.97643192018459, -87.65993180604016)"
83RD AND STONY ISLAND,2563,1600 E 83RD STREET,07/04/2014,7,1188383.194217679,1850307.01299095,41.744315875,-87.585316041,"(41.74431587464464, -87.58531604125469)"
BLUE ISLAND AND DAMEN,2283,2416 S BLUE ISLAND AV,09/28/2014,4,1163271.402680135,1888053.313412189,41.848458633,-87.676271269,"(41.848458633352884, -87.67627126912292)"
ASHLAND AND 95TH,2473,1600 W 95TH STREET,10/03/2014,2,1167323.753394196,1841755.029221382,41.721324412,-87.662724153,"(41.721324411975246, -87.66272415265087)"
KIMBALL AND DIVERSEY,1583,3400 W DIVERSEY AVENUE,09/21/2014,3,1153211.149172713,1918454.477800566,41.932087747,-87.71238583,"(41.932087747378944, -87.71238582951281)"
HAMLIN AND MADISON,1903,3800 W MADISON STREET,09/13/2014,5,1151032.709141294,1899784.033986533,41.880897273,-87.720881226,"(41.880897273491264, -87.72088122613924)"
PULASKI AND FOSTER,1104,4000 W FOSTER AVE,08/24/2014,7,1148759.16134887,1934294.249006446,41.975640616,-87.728335469,"(41.975640616231914, -87.72833546926573)"
ASHLAND AND MADISON,1911,0 N ASHLAND AVE,10/10/2014,13,,,,,
PULASKI AND FOSTER,1104,4000 W FOSTER AVE,09/20/2014,3,1148759.16134887,1934294.249006446,41.975640616,-87.728335469,"(41.975640616231914, -87.72833546926573)"
HAMLIN AND LAKE,1881,300 N HAMLIN AVENUE,08/30/2014,18,1150970.026856642,1901381.688308858,41.885282636,-87.721069539,"(41.88528263580913, -87.72106953854511)"
FOSTER AND BROADWAY,1111,5200 N BROADWAY ST,09/17/2014,7,1167334.508577915,1934714.008346532,41.976412143,-87.660015082,"(41.97641214294823, -87.66001508205365)"
ELSTON AND LAWRENCE,1282,4800 N ELSTON AVENUE,09/05/2014,1,1145529.344259918,1931501.601268983,41.968039361,-87.740283894,"(41.96803936143674, -87.74028389448999)"
CICERO AND ADDISON,1611,3600 N CICERO AVENUE,09/11/2014,13,1143698.904601495,1923517.005821035,41.946163524,-87.747215169,"(41.94616352362556, -87.74721516897007)"
KOSTNER AND NORTH,2013,4400 W NORTH,09/13/2014,12,1146738.551618032,1910309.595368032,41.909863573,-87.736380296,"(41.90986357340246, -87.73638029605371)"
CICERO AND CHICAGO,1781,800 N CICERO AVENUE,07/30/2014,4,1144169.162482127,1904893.189220372,41.895049038,-87.745955516,"(41.89504903796389, -87.74595551626888)"
HALSTED AND FULLERTON,1701,2400 N HALSTED STREET,10/08/2014,2,1170501.602639925,1916200.061550148,41.925540315,-87.648912156,"(41.925540315431995, -87.64891215551155)"
LAFAYETTE AND 87TH,2502,8700 S LAFAYETTE AVEN,09/05/2014,9,1177417.493180297,1847243.988223464,41.73616511,-87.625587569,"(41.73616511008592, -87.62558756899932)"
HALSTED AND 103RD,2593,800 W 103RD STREET,07/28/2014,4,1172778.570616036,1836587.755252818,41.70702632,-87.642896007,"(41.707026319812215, -87.64289600741817)"
CORTLAND AND ASHLAND,1721,1900 N ASHLAND AVE,08/29/2014,16,1165348.084854857,1912736.454335569,41.916147281,-87.667947354,"(41.91614728095272, -87.66794735350443)"
CICERO AND ADDISON,1611,3600 N CICERO AVENUE,07/23/2014,4,1143698.904601495,1923517.005821035,41.946163524,-87.747215169,"(41.94616352362556, -87.74721516897007)"
63RD AND STATE,2714,1 E 63RD ST,07/18/2014,10,1177367.518733101,1863199.17768559,41.779949105,-87.625289553,"(41.779949104569106, -87.62528955333775)"
PULASKI AND LAWRENCE,1172,4800 N PULASKI ROAD,09/24/2014,3,1148821.701520117,1931605.974570937,41.968262595,-87.728175316,"(41.968262595100775, -87.7281753157596)"
MILWAUKEE AND MONTROSE,1362,4400 N MILWAUKEE AVEN,07/04/2014,2,1141643.943268783,1928770.256316239,41.96061723,-87.75463824,"(41.9606172296957, -87.75463824007085)"
FOSTER AND BROADWAY,1111,5200 N BROADWAY ST,08/10/2014,1,1167334.508577915,1934714.008346532,41.976412143,-87.660015082,"(41.97641214294823, -87.66001508205365)"
ELSTON AND ADDISON,1402,3600 N ELSTON AVE,08/18/2014,2,1154106.95251778,1923731.036211081,41.946549165,-87.708952626,"(41.94654916480637, -87.70895262603513)"
ASHLAND AND FULLERTON,1651,2400 N ASHLAND AVENUE,08/10/2014,14,1165228.073342838,1916032.319169157,41.92519389,-87.668294363,"(41.92519388981048, -87.66829436339881)"
DAMEN AND DIVERSEY,1462,2800 N DAMEN AVENUE,09/14/2014,5,1162490.04851994,1918611.623717091,41.932329494,-87.678282719,"(41.9323294940985, -87.67828271931386)"
55TH AND WESTERN,2212,5500 S WESTERN AVE,07/06/2014,2,1161269.521335262,1867963.111601251,41.793370554,-87.684175377,"(41.79337055433029, -87.6841753767592)"
CANAL AND ROOSEVELT,2294,500 W ROOSEVELT ROAD,10/10/2014,9,1173290.72186561,1895021.166235495,41.867362693,-87.639293195,"(41.867362692616666, -87.63929319464197)"
KOSTNER AND NORTH,2013,4400 W NORTH,10/04/2014,5,1146738.551618032,1910309.595368032,41.909863573,-87.736380296,"(41.90986357340246, -87.73638029605371)"
DAMEN AND FULLERTON,1663,2000 W FULLERTON AVE,08/27/2014,8,1162596.935552891,1915990.579747891,41.925134944,-87.677963546,"(41.92513494374925, -87.67796354553815)"
MONTROSE AND WESTERN,1221,4400 N WESTERN AVENUE,07/25/2014,5,1159539.733234718,1929183.918095502,41.961401846,-87.688832623,"(41.961401846278505, -87.6888326227788)"
DAMEN AND FULLERTON,1663,2000 W FULLERTON AVE,10/02/2014,1,1162596.935552891,1915990.579747891,41.925134944,-87.677963546,"(41.92513494374925, -87.67796354553815)"
ELSTON AND LAWRENCE,1282,4800 N ELSTON AVENUE,07/27/2014,4,1145529.344259918,1931501.601268983,41.968039361,-87.740283894,"(41.96803936143674, -87.74028389448999)"
STATE AND 79TH,2654,1 E 79TH STREET,07/28/2014,29,1177680.113652821,1852598.313477786,41.750852096,-87.624463832,"(41.75085209551078, -87.62446383210285)"
ASHLAND AND 95TH,2472,9500 S ASHLAND AVENUE,09/29/2014,12,1167295.830128711,1841695.121217916,41.721160612,-87.662828139,"(41.72116061205213, -87.66282813939165)"
DIVERSEY AND AUSTIN,1454,6000 W DIVERSEY AVENUE,08/27/2014,2,1135895.736169343,1918029.70673837,41.931248624,-87.776028612,"(41.931248623643455, -87.77602861172493)"
DAMEN AND FULLERTON,1662,2400 N DAMEN AVE,07/22/2014,1,1162574.442800845,1915955.081657831,41.925038006,-87.678047191,"(41.925038006410325, -87.67804719101314)"
LAFAYETTE AND 87TH,2503,30 W 87TH STREET,07/23/2014,17,1177407.651800237,1847320.772058312,41.736376037,-87.625621311,"(41.736376036604916, -87.62562131092602)"
PULASKI AND BELMONT,1382,3200 N PULASKI RD,09/07/2014,1,1149125.621478734,1920994.556178086,41.939138154,-87.72733371,"(41.939138153500274, -87.7273337101426)"
WESTERN AND ADDISON,1562,3600 N WESTERN AVENUE,07/20/2014,6,1159695.573342728,1923871.086283556,41.94681992,-87.688406662,"(41.94681991986288, -87.68840666206194)"
CICERO AND DIVERSEY,1694,4800 W DIVERSEY AVENUE,09/29/2014,2,1143869.848167704,1918226.043989398,41.93164142,-87.746719911,"(41.93164142040689, -87.7467199106462)"
WESTERN AND FOSTER,1074,2400 W FOSTER AVE,08/19/2014,6,1159379.402846887,1934502.712486132,41.97600019,-87.689275084,"(41.97600018976586, -87.68927508385399)"
CLARK AND FULLERTON,1631,2400 N CLARK ST,08/31/2014,1,1172749.562209477,1916238.997132859,41.925597623,-87.640650973,"(41.925597623023144, -87.64065097309872)"
ROOSEVELT AND PULASKI,2314,4000 W ROOSEVELT ROAD,07/22/2014,9,1149885.032049683,1894449.464076882,41.866281003,-87.72523422,"(41.866281002664536, -87.72523421983905)"
PETERSON AND WESTERN,1014,2400 W PETERSON,07/31/2014,3,1159214.211316277,1939825.301874586,41.99060901,-87.689735481,"(41.990609009807294, -87.68973548092968)"
PULASKI AND DIVERSEY,1542,2800 N PULASKI ROAD,08/25/2014,1,1149200.724531183,1918332.222549679,41.931831026,-87.727126873,"(41.93183102561505, -87.72712687300454)"
COLUMBUS AND ILLINOIS,1951,500 N COLUMBUS DRIVE,07/28/2014,16,1178372.808407292,1903693.06016042,41.891044569,-87.620371839,"(41.891044569124276, -87.620371839074)"
DAMEN AND DIVERSEY,1462,2800 N DAMEN AVENUE,08/16/2014,6,1162490.04851994,1918611.623717091,41.932329494,-87.678282719,"(41.9323294940985, -87.67828271931386)"
AUSTIN AND ADDISON,1491,3600 N AUSTIN AVENUE,09/15/2014,4,1135691.599896458,1923335.967306169,41.945813215,-87.776652162,"(41.9458132146695, -87.77665216156436)"
WESTERN AND 51ST,2174,2400 W 51ST ST,07/04/2014,1,1161218.987472846,1870836.843263966,41.801257492,-87.684281116,"(41.801257491998776, -87.68428111564593)"
BELMONT AND KEDZIE,1373,3200 W BELMONT,08/15/2014,4,1154461.587940363,1921143.091003516,41.939440561,-87.707718516,"(41.93944056117365, -87.70771851630873)"
GARFIELD AND ASHLAND,2272,5500 S ASHLAND AVENUE,09/12/2014,2,1166573.960309557,1868083.777885787,41.793590116,-87.664720996,"(41.793590115883404, -87.66472099593501)"
WESTERN AND FOSTER,1074,2400 W FOSTER AVE,08/12/2014,7,1159379.402846887,1934502.712486132,41.97600019,-87.689275084,"(41.97600018976586, -87.68927508385399)"
DAMEN AND 63RD,2702,6300 S DAMEN AVENUE,10/14/2014,2,1164069.407943298,1862830.277442834,41.779226921,-87.674052731,"(41.77922692069256, -87.67405273137854)"
COTTAGE GROVE AND 71ST,2572,7100 S COTTAGE GROVE,09/04/2014,1,1182746.23698699,1858088.011064538,41.765800351,-87.605729127,"(41.76580035131893, -87.6057291269901)"
CHICAGO AND CLARK,1963,100 W CHICAGO AVENUE,08/14/2014,8,1175374.528739575,1905745.47783364,41.896744347,-87.631321248,"(41.896744346875806, -87.63132124815151)"
IRVING PARK AND KILPATRICK,2764,4700 W IRVING PARK ROA,09/16/2014,3,,,,,
HALSTED AND 95TH,2581,9500 S HALSTED STREET,08/06/2014,2,1172610.538363645,1841811.61926207,41.721365061,-87.643358042,"(41.72136506078306, -87.64335804234075)"
TOUHY AND OSCEOLA,1244,7432 W TOUHY AVENUE,09/19/2014,2,1125717.010560011,1947269.685461107,42.011661765,-87.812781431,"(42.01166176507329, -87.81278143114147)"
PULASKI AND PETERSON,1263,4000 W PETERSON AVENUE,09/21/2014,6,1148618.560490339,1939615.133928395,41.990244186,-87.728714391,"(41.99024418564742, -87.7287143910091)"
ROOSEVELT AND PULASKI,2311,1200 S PULASKI ROAD,07/13/2014,3,1149866.002247864,1894375.839200384,41.866079337,-87.725305995,"(41.86607933722178, -87.7253059948758)"
KEDZIE AND 26TH,2382,2600 S KEDZIE AVENUE,09/10/2014,2,1155404.235510285,1886524.460033054,41.844424831,-87.705185452,"(41.84442483084393, -87.70518545233183)"
CORTLAND AND ASHLAND,1723,1600 W CORTLAND ST,07/22/2014,7,1165377.660768235,1912768.773647285,41.916235337,-87.667837772,"(41.91623533746878, -87.66783777212962)"
DIVISION AND DAMEN,1733,2000 W DIVISION,08/19/2014,3,1162815.710860194,1908034.672555531,41.903298793,-87.677383247,"(41.903298792681944, -87.67738324739636)"
ASHLAND AND 87TH,2452,8700 S ASHLAND AVE,08/08/2014,5,1167150.470087748,1846991.212339794,41.735696989,-87.663209544,"(41.73569698863625, -87.66320954445679)"
99TH AND HALSTED,2433,800 W 99TH ST,12/11/2014,5,1172710.642565684,1839246.330602143,41.714323337,-87.643066714,"(41.71432333701137, -87.64306671421937)"
CICERO AND ADDISON,1611,3600 N CICERO AVENUE,07/07/2014,3,1143698.904601495,1923517.005821035,41.946163524,-87.747215169,"(41.94616352362556, -87.74721516897007)"
SACRAMENTO AND LAKE,1821,150 N SACRAMENTO BOUL,08/11/2014,2,1156319.560664766,1900957.489351962,41.884012178,-87.701436479,"(41.88401217771363, -87.7014364786693)"
CICERO AND 47TH,2204,4800 W 47TH ST,08/30/2014,11,1145130.048925744,1873078.44198302,41.807727017,-87.743229366,"(41.80772701677172, -87.74322936566276)"
STONEY ISLAND AND 79TH,2462,7900 S STONEY ISLAND,07/20/2014,6,1188181.571068297,1852908.934789311,41.751460603,-87.585971993,"(41.75146060316686, -87.5859719929647)"
WESTERN AND PRATT,1302,6800 N WESTERN AVENUE,07/03/2014,9,1159043.160898631,1945096.218978482,42.005076123,-87.69021903,"(42.00507612272344, -87.69021903022175)"
83RD AND STONY ISLAND,2562,8300 S STONY ISLAND A,08/20/2014,10,1188212.052384068,1850245.675393851,41.744151639,-87.585945067,"(41.744151639041974, -87.58594506695293)"
ASHLAND AND DIVERSEY,1621,2800 N ASHLAND AVENUE,12/11/2014,9,1165139.964068357,1918674.245501741,41.932445362,-87.66854285,"(41.93244536200095, -87.6685428496422)"
HARLEM AND BELMONT,1394,7200 W BELMONT AVE,09/26/2014,10,1127504.698153561,1920475.415440844,41.938105479,-87.806809552,"(41.93810547939496, -87.80680955240743)"
KIMBALL AND DIVERSEY,1583,3400 W DIVERSEY AVENUE,09/13/2014,5,1153211.149172713,1918454.477800566,41.932087747,-87.71238583,"(41.932087747378944, -87.71238582951281)"
WESTERN AND FOSTER,1074,2400 W FOSTER AVE,08/16/2014,11,1159379.402846887,1934502.712486132,41.97600019,-87.689275084,"(41.97600018976586, -87.68927508385399)"
COTTAGE GROVE AND 95TH,2603,800 E 95TH STREET,07/19/2014,7,1183230.529909316,1842186.614201556,41.722153939,-87.604447736,"(41.72215393877189, -87.60444773564429)"
4700 WESTERN,2141,4700 S WESTERN AVENUE,07/19/2014,1,1161120.438879703,1873431.066474726,41.808378408,-87.684570717,"(41.808378407946726, -87.68457071689552)"
PULASKI AND LAWRENCE,1172,4800 N PULASKI ROAD,10/08/2014,1,1148821.701520117,1931605.974570937,41.968262595,-87.728175316,"(41.968262595100775, -87.7281753157596)"
TOUHY AND OSCEOLA,1243,7432 W TOUHY AVENUE,09/22/2014,2,1125717.010560011,1947269.685461107,42.011661765,-87.812781431,"(42.01166176507329, -87.81278143114147)"
ADDISON AND HARLEM,1591,3600 N HARLEM AVENUE,10/12/2014,4,1127394.594070737,1923110.532422811,41.945338412,-87.807154769,"(41.94533841246591, -87.80715476912044)"
CICERO AND DIVERSEY,1694,4800 W DIVERSEY AVENUE,09/12/2014,3,1143869.848167704,1918226.043989398,41.93164142,-87.746719911,"(41.93164142040689, -87.7467199106462)"
CLARK AND IRVING PARK,1093,1300 W IRVING PARK ROAD,08/21/2014,8,1166777.545456989,1926719.73687357,41.954487567,-87.662293496,"(41.95448756687966, -87.66229349585691)"
PULASKI AND FOSTER,1104,4000 W FOSTER AVE,10/05/2014,5,1148759.16134887,1934294.249006446,41.975640616,-87.728335469,"(41.975640616231914, -87.72833546926573)"
87TH AND VINCENNES,2412,8700 S VINCENNES,08/20/2014,6,1172026.328989535,1847142.496643776,41.736006565,-87.645341819,"(41.73600656458518, -87.64534181897955)"
KEDZIE AND 26TH,2382,2600 S KEDZIE AVENUE,09/09/2014,4,1155404.235510285,1886524.460033054,41.844424831,-87.705185452,"(41.84442483084393, -87.70518545233183)"
HALSTED AND FULLERTON,1704,800 W FULLERTON AVENUE,08/01/2014,2,1170525.624723311,1916208.443992778,41.925562791,-87.648823641,"(41.92556279107417, -87.64882364145232)"
VINCENNES AND 111TH,2531,11100 S VINCENNES AVE,07/30/2014,3,1167202.128381332,1831126.639262444,41.692160999,-87.663472469,"(41.69216099874656, -87.66347246868617)"
STONY ISLAND/CORNELL AND 67TH,2721,6700 S STONY ISLAND A,08/29/2014,6,1187984.143047539,1860863.338367666,41.773292896,-87.586442368,"(41.77329289585066, -87.58644236831432)"
ASHLAND AND DIVERSEY,1621,2800 N ASHLAND AVENUE,07/01/2014,15,1165139.964068357,1918674.245501741,41.932445362,-87.66854285,"(41.93244536200095, -87.6685428496422)"
ASHLAND AND 95TH,2472,9500 S ASHLAND AVENUE,10/15/2014,4,1167295.830128711,1841695.121217916,41.721160612,-87.662828139,"(41.72116061205213, -87.66282813939165)"
115TH AND HALSTED,2553,800 W 115TH STREET,08/16/2014,1,1173010.735357888,1828632.242070332,41.685190056,-87.642279564,"(41.68519005571938, -87.64227956401977)"
WESTERN AND CHICAGO,1943,2400 W CHICAGO AVE,08/22/2014,5,1160226.686812944,1905300.904544474,41.895851041,-87.686968935,"(41.895851041123755, -87.68696893468467)"
HALSTED AND 95TH,2581,9500 S HALSTED STREET,07/20/2014,2,1172610.538363645,1841811.61926207,41.721365061,-87.643358042,"(41.72136506078306, -87.64335804234075)"
CENTRAL AND LAKE,1742,400 N CENTRAL AVENUE,08/07/2014,3,1138928.478257537,1902217.926149854,41.887804621,-87.765268498,"(41.88780462053497, -87.76526849810371)"
CENTRAL AND DIVERSEY,1644,5600 W DIVERSEY AVENUE,09/10/2014,3,1138539.758528398,1918097.096677271,41.931385977,-87.766310532,"(41.93138597683265, -87.76631053155157)"
63RD AND STATE,2714,1 E 63RD ST,07/08/2014,4,1177367.518733101,1863199.17768559,41.779949105,-87.625289553,"(41.779949104569106, -87.62528955333775)"
LARAMIE AND MADISON,2044,5200 W MADISON STREET,09/14/2014,10,1141706.965522802,1899567.55684314,41.880480752,-87.755130433,"(41.88048075170171, -87.75513043296509)"
CENTRAL AND DIVERSEY,1644,5600 W DIVERSEY AVENUE,09/04/2014,2,1138539.758528398,1918097.096677271,41.931385977,-87.766310532,"(41.93138597683265, -87.76631053155157)"
CENTRAL AND LAKE,1742,400 N CENTRAL AVENUE,07/26/2014,4,1138928.478257537,1902217.926149854,41.887804621,-87.765268498,"(41.88780462053497, -87.76526849810371)"
PULASKI AND LAWRENCE,1173,4000 W LAWRENCE AVENUE,07/08/2014,2,1148844.220085601,1931638.45430438,41.968351285,-87.728091672,"(41.96835128527914, -87.72809167198088)"
79TH AND HALSTED,2541,7900 S HALSTED STREET,08/18/2014,8,1172298.707400847,1852444.344822186,41.750549559,-87.644188368,"(41.750549559438944, -87.64418836784098)"
HALSTED AND NORTH,1761,1600 N HALSTED STREET,10/02/2014,1,1170678.283433825,1910880.991397547,41.910940644,-87.648419043,"(41.91094064391597, -87.64841904272998)"
HALSTED AND 63RD,2692,6300 S HALSTED STREET,08/11/2014,2,1172011.176373021,1863049.419962901,41.7796575,-87.644930993,"(41.77965750036339, -87.64493099278877)"
ASHLAND AND 95TH,2473,1600 W 95TH STREET,09/20/2014,4,1167323.753394196,1841755.029221382,41.721324412,-87.662724153,"(41.721324411975246, -87.66272415265087)"
LASALLE AND KINZIE,1923,140 W KINZIE,07/21/2014,2,1175048.09765242,1903028.894760294,41.889297219,-87.632601648,"(41.88929721947309, -87.63260164817305)"
ROOSEVELT AND KOSTNER,2321,1200 S KOSTNER,07/29/2014,3,1147196.304001978,1894305.883269746,41.865938839,-87.735108549,"(41.8659388389088, -87.73510854901264)"
CORTLAND AND ASHLAND,1723,1600 W CORTLAND ST,08/16/2014,8,1165377.660768235,1912768.773647285,41.916235337,-87.667837772,"(41.91623533746878, -87.66783777212962)"
PULASKI AND PETERSON,1262,6000 N PULASKI ROAD,07/05/2014,1,1148598.016685695,1939584.645960177,41.990160923,-87.728790748,"(41.99016092280557, -87.72879074759867)"
BLUE ISLAND AND DAMEN,2283,2416 S BLUE ISLAND AV,08/22/2014,6,1163271.402680135,1888053.313412189,41.848458633,-87.676271269,"(41.848458633352884, -87.67627126912292)"
DIVERSEY AND WESTERN,1431,2800 N WESTERN AVENUE,07/22/2014,9,1159837.205417355,1918550.506189309,41.932216988,-87.688033281,"(41.93221698794738, -87.68803328089533)"
CLARK AND IRVING PARK,1091,4000 N CLARK STREET,07/01/2014,4,1166736.149822904,1926699.323624709,41.954432441,-87.662446259,"(41.95443244141688, -87.66244625914061)"
WESTERN AND FOSTER,1072,5200 N WESTERN AVE,09/19/2014,4,1159372.922497116,1934478.313674003,41.975933372,-87.689299589,"(41.97593337199358, -87.6892995891816)"
ASHLAND AND MADISON,1914,1600 W MADISON,07/20/2014,4,1165723.014733182,1900136.515489506,41.881564167,-87.666929463,"(41.8815641670199, -87.66692946294842)"
83RD AND STONY ISLAND,2562,8300 S STONY ISLAND A,07/19/2014,27,1188212.052384068,1850245.675393851,41.744151639,-87.585945067,"(41.744151639041974, -87.58594506695293)"
CALIFORNIA AND DIVERSEY,1513,2800 W DIVERSEY,08/22/2014,3,1157212.54253358,1918526.674434943,41.932205395,-87.697679244,"(41.93220539506452, -87.6976792438691)"
MILWAUKEE AND DEVON,1272,6400 N MILWAUKEE AVEN,08/24/2014,1,1132463.750397878,1942107.911507627,41.997382173,-87.788077674,"(41.99738217345368, -87.78807767391953)"
WENTWORTH AND GARFIELD,2264,200 W GARFIELD BLVD,07/24/2014,5,1175889.574397302,1868551.750512227,41.794670385,-87.630547476,"(41.79467038468937, -87.63054747605638)"
LAWRENCE AND WESTERN,1193,2400 W LAWRENCE AVENUE,09/09/2014,1,1159482.648570304,1931851.989492596,41.968724349,-87.688968727,"(41.96872434882172, -87.68896872699601)"
AUSTIN AND IRVING PARK,1161,4000 N AUSTIN AVENUE,07/14/2014,5,1135599.956110927,1926006.862619986,41.953144059,-87.776925284,"(41.95314405904539, -87.77692528423394)"
75TH AND STATE,2621,7500 S STATE STREET,09/28/2014,3,1177538.763040612,1855235.551345519,41.758092176,-87.624902228,"(41.75809217638291, -87.6249022282473)"
DIVERSEY AND AUSTIN,1454,6000 W DIVERSEY AVENUE,10/02/2014,4,1135895.736169343,1918029.70673837,41.931248624,-87.776028612,"(41.931248623643455, -87.77602861172493)"
DIVERSEY AND AUSTIN,1454,6000 W DIVERSEY AVENUE,07/23/2014,1,1135895.736169343,1918029.70673837,41.931248624,-87.776028612,"(41.931248623643455, -87.77602861172493)"
ASHLAND AND 47TH,2192,4700 S ASHLAND AVENUE,07/25/2014,3,1166423.624284841,1873520.235394001,41.808511597,-87.665117292,"(41.8085115972472, -87.66511729173287)"
CALIFORNIA AND DIVERSEY,1514,2800 W DIVERSEY,08/11/2014,35,1157212.54253358,1918526.674434943,41.932205395,-87.697679244,"(41.93220539506452, -87.6976792438691)"
WESTERN AND CERMAK,1002,2200 S WESTERN AVENUE,08/23/2014,10,1160669.42562757,1889318.196820393,41.85198384,-87.685785704,"(41.85198383957328, -87.68578570420526)"
FOSTER AND BROADWAY,1113,1200 W FOSTER AVE,08/31/2014,3,1167357.095930752,1934721.393266777,41.97643192,-87.659931806,"(41.97643192018459, -87.65993180604016)"
WENTWORTH AND GARFIELD,2264,200 W GARFIELD BLVD,07/27/2014,6,1175889.574397302,1868551.750512227,41.794670385,-87.630547476,"(41.79467038468937, -87.63054747605638)"
BROADWAY/SHERIDAN AND DEVON,1123,1200 W DEVON AVE,08/18/2014,2,1167109.644248166,1942688.147952186,41.998298228,-87.660611661,"(41.99829822771884, -87.66061166063517)"
CALIFORNIA AND DEVON,1323,2800 W DEVON AVENUE,09/11/2014,2,1156484.528078038,1942377.980662191,41.997669523,-87.699706423,"(41.99766952286052, -87.69970642324591)"
GARFIELD AND ASHLAND,2272,5500 S ASHLAND AVENUE,07/27/2014,4,1166573.960309557,1868083.777885787,41.793590116,-87.664720996,"(41.793590115883404, -87.66472099593501)"
STATE AND 79TH,2654,1 E 79TH STREET,07/18/2014,20,1177680.113652821,1852598.313477786,41.750852096,-87.624463832,"(41.75085209551078, -87.62446383210285)"
87TH AND VINCENNES,2412,8700 S VINCENNES,10/11/2014,1,1172026.328989535,1847142.496643776,41.736006565,-87.645341819,"(41.73600656458518, -87.64534181897955)"
FULLERTON AND NARRAGANSETT,1553,6400 W FULLERTON AVENU,09/11/2014,7,1133317.594499059,1915293.661305931,41.923786189,-87.785567206,"(41.92378618871128, -87.78556720562165)"
111TH AND HALSTED,2422,11100 S HALSTED ST,09/27/2014,5,1172923.657689312,1831209.044179248,41.692263123,-87.642522688,"(41.692263123425136, -87.6425226876268)"
ELSTON AND LAWRENCE,1284,4440 W LAWRENCE AVENUE,07/20/2014,6,1145715.061027481,1931571.0474838,41.968226398,-87.739599251,"(41.96822639754791, -87.73959925065756)"
ASHLAND AND FULLERTON,1652,2400 N ASHLAND AVENUE,07/29/2014,8,1165228.073342838,1916032.319169157,41.92519389,-87.668294363,"(41.92519388981048, -87.66829436339881)"
HALSTED AND DIVISION,1714,800 W DIVISION,08/13/2014,3,1170767.827960358,1908259.644151662,41.903745557,-87.648167011,"(41.90374555734733, -87.64816701062779)"
ASHLAND AND 95TH,2473,1600 W 95TH STREET,09/02/2014,4,1167323.753394196,1841755.029221382,41.721324412,-87.662724153,"(41.721324411975246, -87.66272415265087)"
CICERO AND WASHINGTON,1891,100 N CICERO AVENUE,07/13/2014,9,1144328.984091479,1900095.170838459,41.88187971,-87.745489247,"(41.88187970991601, -87.7454892473012)"
DAMEN AND 63RD,2701,6300 S DAMEN AVENUE,07/08/2014,5,1164069.407943298,1862830.277442834,41.779226921,-87.674052731,"(41.77922692069256, -87.67405273137854)"
CICERO AND NORTH,2034,4800 W NORTH AVENUE,07/21/2014,7,1144053.733747163,1910243.80567041,41.90973389,-87.746244973,"(41.909733890131285, -87.74624497295898)"
CICERO AND ADDISON,1611,3600 N CICERO AVENUE,08/10/2014,12,1143698.904601495,1923517.005821035,41.946163524,-87.747215169,"(41.94616352362556, -87.74721516897007)"
CICERO AND ADDISON,1612,3600 N CICERO AVENUE,10/04/2014,3,1143698.904601495,1923517.005821035,41.946163524,-87.747215169,"(41.94616352362556, -87.74721516897007)"
KEDZIE AND 31ST,2134,3200 W 31ST STREET,08/04/2014,2,1155487.128005646,1883943.061106793,41.8373395,-87.704950558,"(41.83733950029648, -87.70495055800411)"
DIVISION AND DAMEN,1734,2000 W DIVISION,07/05/2014,3,1162815.710860194,1908034.672555531,41.903298793,-87.677383247,"(41.903298792681944, -87.67738324739636)"
CORNELL DRIVE AND 57TH,2181,5700 S CORNELL DRIVE,07/05/2014,10,1188165.732740433,1867529.196427323,41.791580204,-87.585564215,"(41.79158020433135, -87.58556421519536)"
CICERO AND WASHINGTON,1891,100 N CICERO AVENUE,07/28/2014,9,1144328.984091479,1900095.170838459,41.88187971,-87.745489247,"(41.88187970991601, -87.7454892473012)"
WESTERN AND CHICAGO,1941,800 N WESTERN AVE,07/20/2014,5,1160220.967978608,1905277.507115921,41.895786955,-87.686990586,"(41.89578695485361, -87.68699058611217)"
HARLEM AND NORTHWEST HWY,1082,6400 N HARLEM AVE,09/09/2014,1,1127335.21218179,1941943.442727776,41.997018918,-87.806947715,"(41.99701891845275, -87.8069477154956)"
LINCOLN AND MCCORMICK,2751,6200 N LINCOLN AVENUE,08/01/2014,15,1152551.008921873,1941175.933038791,41.994450004,-87.714208439,"(41.9944500041165, -87.71420843920934)"
PULASKI AND NORTH,1994,4000 W NORTH AVENUE,10/14/2014,1,1149456.2688422,1910376.774019002,41.909995582,-87.726394693,"(41.90999558160536, -87.72639469321471)"
LARAMIE AND FULLERTON,1421,2400 N LARAMIE AVENUE,09/21/2014,1,1141282.877477884,1915479.163971956,41.924151874,-87.756294662,"(41.92415187425276, -87.75629466175003)"
DIVERSEY AND WESTERN,1434,2400 W DIVERSEY AVENUE,07/15/2014,2,1159859.648423836,1918576.255784305,41.932287183,-87.687950093,"(41.93228718299094, -87.6879500934122)"
CICERO AND FULLERTON,1474,4800 W FULLERTON AVE,07/18/2014,1,1143967.570794243,1915568.504954477,41.924347036,-87.74642764,"(41.924347036010694, -87.74642763965628)"
DIVISION AND DAMEN,1734,2000 W DIVISION,07/21/2014,4,1162815.710860194,1908034.672555531,41.903298793,-87.677383247,"(41.903298792681944, -87.67738324739636)"
ELSTON AND ADDISON,1402,3600 N ELSTON AVE,07/18/2014,3,1154106.95251778,1923731.036211081,41.946549165,-87.708952626,"(41.94654916480637, -87.70895262603513)"
MILWAUKEE AND MONTROSE,1362,4400 N MILWAUKEE AVEN,09/03/2014,2,1141643.943268783,1928770.256316239,41.96061723,-87.75463824,"(41.9606172296957, -87.75463824007085)"
STONY ISLAND/CORNELL AND 67TH,2721,6700 S STONY ISLAND A,07/08/2014,8,1187984.143047539,1860863.338367666,41.773292896,-87.586442368,"(41.77329289585066, -87.58644236831432)"
CICERO AND DIVERSEY,1694,4800 W DIVERSEY AVENUE,08/19/2014,3,1143869.848167704,1918226.043989398,41.93164142,-87.746719911,"(41.93164142040689, -87.7467199106462)"
PULASKI AND DIVISION,1801,1200 N PULASKI ROAD,10/14/2014,2,1149459.590666926,1907723.219884254,41.902713902,-87.726451457,"(41.902713901936174, -87.72645145715836)"
LAFAYETTE AND 87TH,2503,30 W 87TH STREET,08/06/2014,9,1177407.651800237,1847320.772058312,41.736376037,-87.625621311,"(41.736376036604916, -87.62562131092602)"
HALSTED AND NORTH,1764,800 W NORTH AVENUE,09/08/2014,2,1170700.68422007,1910913.190749698,41.91102851,-87.648335806,"(41.91102850981186, -87.64833580602037)"
79TH AND HALSTED,2543,800 W 79TH STREET,07/06/2014,10,1172320.105719411,1852517.9814434,41.750751157,-87.644107793,"(41.75075115747316, -87.64410779300933)"
HOLLYWOOD AND SHERIDAN,1343,1000 W HOLLYWOOD AVE,08/11/2014,4,1168580.228926466,1938090.295189338,41.985649799,-87.655335807,"(41.98564979859328, -87.65533580655139)"
HARLEM AND NORTHWEST HWY,1081,6400 N HARLEM AVE,09/25/2014,3,1127335.21218179,1941943.442727776,41.997018918,-87.806947715,"(41.99701891845275, -87.8069477154956)"
JEFFERY AND 95TH,2522,9500 S JEFFERY AVE,07/07/2014,2,1191132.420601301,1842335.735988875,41.722375907,-87.575499903,"(41.72237590704101, -87.57549990332795)"
WESTERN AND FULLERTON,1671,2400 N WESTERN AVENUE,07/29/2014,16,1159923.309342995,1915897.778561358,41.924935944,-87.687790255,"(41.92493594409127, -87.68779025471278)"
HOLLYWOOD AND SHERIDAN,1343,1000 W HOLLYWOOD AVE,08/22/2014,11,1168580.228926466,1938090.295189338,41.985649799,-87.655335807,"(41.98564979859328, -87.65533580655139)"
DIVERSEY AND AUSTIN,1454,6000 W DIVERSEY AVENUE,07/18/2014,4,1135895.736169343,1918029.70673837,41.931248624,-87.776028612,"(41.931248623643455, -87.77602861172493)"
ROOSEVELT AND HALSTED,2234,800 W ROOSEVELT ROAD,07/16/2014,4,1171199.282357741,1894968.056393724,41.867263098,-87.646972686,"(41.86726309836901, -87.64697268601648)"
111TH AND HALSTED,2422,11100 S HALSTED ST,09/23/2014,7,1172923.657689312,1831209.044179248,41.692263123,-87.642522688,"(41.692263123425136, -87.6425226876268)"
FOSTER AND NAGLE,1034,6400 W FOSTER,08/03/2014,6,1132552.893142153,1934229.875527466,41.975762574,-87.787934296,"(41.97576257447203, -87.7879342955108)"
ASHLAND AND 63RD,2681,6300 S ASHLAND AVE,09/06/2014,2,1166711.252809567,1862903.630015878,41.77937222,-87.664365347,"(41.77937222048469, -87.66436534741581)"
PERSHING AND WESTERN,2112,3900 S WESTERN BLVD,09/02/2014,6,1161130.992078755,1878746.226354636,41.822963628,-87.684384785,"(41.82296362788048, -87.68438478541296)"
DAMEN AND FULLERTON,1663,2000 W FULLERTON AVE,09/17/2014,15,1162596.935552891,1915990.579747891,41.925134944,-87.677963546,"(41.92513494374925, -87.67796354553815)"
HALSTED AND NORTH,1761,1600 N HALSTED STREET,10/08/2014,1,1170678.283433825,1910880.991397547,41.910940644,-87.648419043,"(41.91094064391597, -87.64841904272998)"
CORTLAND AND ASHLAND,1721,1900 N ASHLAND AVE,10/15/2014,11,1165348.084854857,1912736.454335569,41.916147281,-87.667947354,"(41.91614728095272, -87.66794735350443)"
55TH AND WESTERN,2213,2400 W 55TH STREET,07/31/2014,2,1161277.012730599,1868185.749490228,41.793981347,-87.684141741,"(41.7939813465735, -87.68414174128355)"
111TH AND HALSTED,2424,800 W 111TH ST,09/29/2014,2,1172945.404219168,1831282.917027882,41.692465363,-87.642440901,"(41.692465363421874, -87.64244090105778)"
CICERO AND NORTH,2033,4800 W NORTH AVENUE,09/15/2014,11,1144053.733747163,1910243.80567041,41.90973389,-87.746244973,"(41.909733890131285, -87.74624497295898)"
CICERO AND PETERSON,1204,4800 W PETERSON AVENUE,08/17/2014,1,1143273.766829016,1939491.944645127,41.990008007,-87.748376951,"(41.99000800729908, -87.74837695118997)"
CICERO AND PETERSON,1204,4800 W PETERSON AVENUE,10/11/2014,1,1143273.766829016,1939491.944645127,41.990008007,-87.748376951,"(41.99000800729908, -87.74837695118997)"
CICERO AND CHICAGO,1781,800 N CICERO AVENUE,08/27/2014,4,1144169.162482127,1904893.189220372,41.895049038,-87.745955516,"(41.89504903796389, -87.74595551626888)"
WESTERN AND PRATT,1302,6800 N WESTERN AVENUE,09/29/2014,1,1159043.160898631,1945096.218978482,42.005076123,-87.69021903,"(42.00507612272344, -87.69021903022175)"
DAMEN AND 63RD,2702,6300 S DAMEN AVENUE,09/16/2014,3,1164069.407943298,1862830.277442834,41.779226921,-87.674052731,"(41.77922692069256, -87.67405273137854)"
SACRAMENTO AND LAKE,1821,150 N SACRAMENTO BOUL,08/31/2014,3,1156319.560664766,1900957.489351962,41.884012178,-87.701436479,"(41.88401217771363, -87.7014364786693)"
HAMLIN AND LAKE,1882,300 N HAMLIN AVENUE,09/09/2014,2,1150970.026856642,1901381.688308858,41.885282636,-87.721069539,"(41.88528263580913, -87.72106953854511)"
WESTERN AND CHICAGO,1941,800 N WESTERN AVE,07/22/2014,3,1160220.967978608,1905277.507115921,41.895786955,-87.686990586,"(41.89578695485361, -87.68699058611217)"
CICERO AND HARRISON,2022,600 S CICERO AVENUE,07/27/2014,9,1144444.97442848,1896894.622216872,41.873094833,-87.745143869,"(41.873094832519136, -87.74514386884542)"
ELSTON AND IRVING PARK,1502,4000 N ELSTON AVENUE,07/25/2014,3,1151273.974828198,1926311.849469842,41.953687266,-87.719297882,"(41.95368726563273, -87.71929788151473)"
DIVERSEY AND WESTERN,1434,2400 W DIVERSEY AVENUE,07/09/2014,1,1159859.648423836,1918576.255784305,41.932287183,-87.687950093,"(41.93228718299094, -87.6879500934122)"
JEFFERY AND 95TH,2523,2000 E 95TH ST,09/15/2014,1,1191188.381103057,1842410.411853539,41.722579473,-87.575292523,"(41.722579473126416, -87.57529252250366)"
ASHLAND AND DIVERSEY,1621,2800 N ASHLAND AVENUE,09/22/2014,11,1165139.964068357,1918674.245501741,41.932445362,-87.66854285,"(41.93244536200095, -87.6685428496422)"
HALSTED AND NORTH,1764,800 W NORTH AVENUE,09/20/2014,5,1170700.68422007,1910913.190749698,41.91102851,-87.648335806,"(41.91102850981186, -87.64833580602037)"
LASALLE AND KINZIE,1923,140 W KINZIE,10/02/2014,1,1175048.09765242,1903028.894760294,41.889297219,-87.632601648,"(41.88929721947309, -87.63260164817305)"
DIVISION AND DAMEN,1733,2000 W DIVISION,07/23/2014,4,1162815.710860194,1908034.672555531,41.903298793,-87.677383247,"(41.903298792681944, -87.67738324739636)"
111TH AND HALSTED,2424,800 W 111TH ST,09/13/2014,3,1172945.404219168,1831282.917027882,41.692465363,-87.642440901,"(41.692465363421874, -87.64244090105778)"
ROOSEVELT AND KOSTNER,2321,1200 S KOSTNER,09/27/2014,1,1147196.304001978,1894305.883269746,41.865938839,-87.735108549,"(41.8659388389088, -87.73510854901264)"
DIVISION AND DAMEN,1733,2000 W DIVISION,09/30/2014,6,1162815.710860194,1908034.672555531,41.903298793,-87.677383247,"(41.903298792681944, -87.67738324739636)"
111TH AND HALSTED,2422,11100 S HALSTED ST,09/17/2014,4,1172923.657689312,1831209.044179248,41.692263123,-87.642522688,"(41.692263123425136, -87.6425226876268)"
87TH AND VINCENNES,2412,8700 S VINCENNES,07/17/2014,7,1172026.328989535,1847142.496643776,41.736006565,-87.645341819,"(41.73600656458518, -87.64534181897955)"
IRVING PARK AND CALIFORNIA,1234,2800 W IRVING PARK ROA,09/16/2014,7,,,,,
ASHLAND AND 87TH,2452,8700 S ASHLAND AVE,08/12/2014,3,1167150.470087748,1846991.212339794,41.735696989,-87.663209544,"(41.73569698863625, -87.66320954445679)"
PULASKI AND NORTH,1992,1600 N PULASKI AVENUE,07/14/2014,2,1149432.959240306,1910369.112502195,41.90997501,-87.726480523,"(41.909975010236906, -87.72648052306623)"
ASHLAND AND 47TH,2192,4700 S ASHLAND AVENUE,07/20/2014,1,1166423.624284841,1873520.235394001,41.808511597,-87.665117292,"(41.8085115972472, -87.66511729173287)"
PULASKI AND NORTH,1994,4000 W NORTH AVENUE,08/14/2014,3,1149456.2688422,1910376.774019002,41.909995582,-87.726394693,"(41.90999558160536, -87.72639469321471)"
PULASKI AND DIVERSEY,1542,2800 N PULASKI ROAD,08/23/2014,5,1149200.724531183,1918332.222549679,41.931831026,-87.727126873,"(41.93183102561505, -87.72712687300454)"
ASHLAND AND FULLERTON,1651,2400 N ASHLAND AVENUE,08/01/2014,12,1165228.073342838,1916032.319169157,41.92519389,-87.668294363,"(41.92519388981048, -87.66829436339881)"
CLARK AND FULLERTON,1632,2400 N CLARK ST,07/11/2014,3,1172749.562209477,1916238.997132859,41.925597623,-87.640650973,"(41.925597623023144, -87.64065097309872)"
ASHLAND AND 87TH,2454,1600 W 87TH ST,10/01/2014,11,1167171.941297436,1847064.855345151,41.735898617,-87.663128781,"(41.735898617066006, -87.66312878090133)"
MADISON AND WESTERN,1931,1 S WESTERN AVE,07/18/2014,1,1160453.827721979,1899933.703473746,41.881118279,-87.686283339,"(41.881118278833966, -87.686283338873)"
SHERIDAN AND FOSTER,1134,1000 W FOSTER AVE,08/31/2014,4,1168689.247756979,1934758.578141654,41.976505116,-87.655031882,"(41.97650511595711, -87.65503188224778)"
HOLLYWOOD AND SHERIDAN,1344,1000 W HOLLYWOOD AVE,08/13/2014,20,1168580.228926466,1938090.295189338,41.985649799,-87.655335807,"(41.98564979859328, -87.65533580655139)"
WESTERN AND DEVON,1212,6400 N WESTERN AVENUE,07/12/2014,1,1159113.585759434,1942451.622367891,41.997817807,-87.690033035,"(41.997817807026, -87.69003303469276)"
HALSTED AND 95TH,2581,9500 S HALSTED STREET,09/19/2014,4,1172610.538363645,1841811.61926207,41.721365061,-87.643358042,"(41.72136506078306, -87.64335804234075)"
99TH AND HALSTED,2431,9900 S HALSTED ST,07/03/2014,10,1172689.754200318,1839171.652197216,41.714118868,-87.643145408,"(41.714118868089905, -87.64314540818165)"
4700 WESTERN,2141,4700 S WESTERN AVENUE,09/18/2014,3,1161120.438879703,1873431.066474726,41.808378408,-87.684570717,"(41.808378407946726, -87.68457071689552)"
CICERO AND CHICAGO,1783,4800 W CHICAGO AVENUE,10/07/2014,5,1144175.291152764,1904916.255225279,41.895112219,-87.745932427,"(41.89511221857764, -87.74593242701515)"
KEDZIE AND 63RD,2361,6300 S KEDZIE AVE,07/10/2014,3,1156097.505177228,1862668.051775093,41.77894575,-87.703283119,"(41.77894575017997, -87.70328311900342)"
CICERO AND WASHINGTON,1892,100 N CICERO AVENUE,08/02/2014,16,1144328.984091479,1900095.170838459,41.88187971,-87.745489247,"(41.88187970991601, -87.7454892473012)"
HOMAN/KIMBALL AND NORTH,1773,3400 W NORTH AVE,07/24/2014,5,1153386.578905125,1910465.87061722,41.910162847,-87.711953868,"(41.91016284680269, -87.71195386769125)"
PULASKI AND DIVISION,1801,1200 N PULASKI ROAD,08/30/2014,2,1149459.590666926,1907723.219884254,41.902713902,-87.726451457,"(41.902713901936174, -87.72645145715836)"
CICERO AND ADDISON,1612,3600 N CICERO AVENUE,08/02/2014,3,1143698.904601495,1923517.005821035,41.946163524,-87.747215169,"(41.94616352362556, -87.74721516897007)"
DIVERSEY AND AUSTIN,1453,6000 W DIVERSEY AVENUE,07/17/2014,4,1135895.736169343,1918029.70673837,41.931248624,-87.776028612,"(41.931248623643455, -87.77602861172493)"
CICERO AND 47TH,2202,4700 S CICERO AVE,09/29/2014,1,1145112.150373471,1873006.659918126,41.807530373,-87.743296821,"(41.80753037289406, -87.7432968212423)"
KEDZIE AND 31ST,2132,3100 S KEDZIE AVENUE,09/06/2014,5,1155483.167539854,1883867.660503274,41.837132671,-87.704967115,"(41.837132671422296, -87.70496711478727)"
31ST ST AND MARTIN LUTHER KING DRIVE,2121,3100 S DR MARTIN L KING,07/28/2015,15,,,,,
ELSTON AND IRVING PARK,1502,4000 N ELSTON AVENUE,08/07/2014,1,1151273.974828198,1926311.849469842,41.953687266,-87.719297882,"(41.95368726563273, -87.71929788151473)"
PULASKI AND ARMITAGE,1843,4000 W ARMITAGE AVENUE,08/04/2014,4,1149375.428872108,1913028.984273181,41.917275069,-87.726622746,"(41.91727506940875, -87.72662274644799)"
WESTERN AND FOSTER,1074,2400 W FOSTER AVE,08/13/2014,8,1159379.402846887,1934502.712486132,41.97600019,-87.689275084,"(41.97600018976586, -87.68927508385399)"
115TH AND HALSTED,2553,800 W 115TH STREET,07/03/2014,2,1173010.735357888,1828632.242070332,41.685190056,-87.642279564,"(41.68519005571938, -87.64227956401977)"
CENTRAL AND FULLERTON,1442,2400 N CENTRAL AVENUE,09/09/2014,1,1138603.468418662,1915431.058212414,41.924068922,-87.766141214,"(41.92406892227644, -87.76614121413186)"
SHERIDAN AND FOSTER,1134,1000 W FOSTER AVE,08/08/2014,2,1168689.247756979,1934758.578141654,41.976505116,-87.655031882,"(41.97650511595711, -87.65503188224778)"
WESTERN AND ADDISON,1562,3600 N WESTERN AVENUE,10/11/2014,19,1159695.573342728,1923871.086283556,41.94681992,-87.688406662,"(41.94681991986288, -87.68840666206194)"
MILWAUKEE AND MONTROSE,1362,4400 N MILWAUKEE AVEN,07/05/2014,3,1141643.943268783,1928770.256316239,41.96061723,-87.75463824,"(41.9606172296957, -87.75463824007085)"
SACRAMENTO AND LAKE,1822,150 N SACRAMENTO BOUL,07/21/2014,1,1156319.560664766,1900957.489351962,41.884012178,-87.701436479,"(41.88401217771363, -87.7014364786693)"
STONEY ISLAND AND 76TH,2631,7600 S STONY ISLAND A,07/16/2014,8,1188092.796191935,1854889.354158304,41.756897173,-87.586234285,"(41.75689717260223, -87.58623428506996)"
CENTRAL AND FULLERTON,1442,2400 N CENTRAL AVENUE,07/20/2014,1,1138603.468418662,1915431.058212414,41.924068922,-87.766141214,"(41.92406892227644, -87.76614121413186)"
71ST AND ASHLAND,2394,1600 W 71ST,09/14/2014,2,1166890.012333149,1857674.2502247,41.765018306,-87.66385923,"(41.76501830555763, -87.66385923012646)"
55TH AND WESTERN,2212,5500 S WESTERN AVE,08/01/2014,12,1161269.521335262,1867963.111601251,41.793370554,-87.684175377,"(41.79337055433029, -87.6841753767592)"
HOMAN/KIMBALL AND NORTH,1773,3400 W NORTH AVE,09/23/2014,9,1153386.578905125,1910465.87061722,41.910162847,-87.711953868,"(41.91016284680269, -87.71195386769125)"
HALSTED AND 95TH,2581,9500 S HALSTED STREET,08/02/2014,3,1172610.538363645,1841811.61926207,41.721365061,-87.643358042,"(41.72136506078306, -87.64335804234075)"
HALSTED AND NORTH,1761,1600 N HALSTED STREET,09/02/2014,2,1170678.283433825,1910880.991397547,41.910940644,-87.648419043,"(41.91094064391597, -87.64841904272998)"
STONEY ISLAND AND 79TH,2462,7900 S STONEY ISLAND,08/26/2014,3,1188181.571068297,1852908.934789311,41.751460603,-87.585971993,"(41.75146060316686, -87.5859719929647)"
PULASKI AND ARCHER,2153,5000 S ARCHER AVE,10/06/2014,4,1150501.818909837,1871162.311703322,41.802365973,-87.723576766,"(41.80236597333895, -87.72357676611004)"
JEFFERY AND 95TH,2522,9500 S JEFFERY AVE,09/01/2014,3,1191132.420601301,1842335.735988875,41.722375907,-87.575499903,"(41.72237590704101, -87.57549990332795)"
111TH AND HALSTED,2422,11100 S HALSTED ST,07/25/2014,8,1172923.657689312,1831209.044179248,41.692263123,-87.642522688,"(41.692263123425136, -87.6425226876268)"
PULASKI AND ARCHER,2154,5000 S ARCHER AVE,10/09/2014,1,1150501.818909837,1871162.311703322,41.802365973,-87.723576766,"(41.80236597333895, -87.72357676611004)"
ROOSEVELT AND KOSTNER,2323,4400 W ROOSEVELT,08/04/2014,6,1147200.963258796,1894379.538078088,41.866140868,-87.73508956,"(41.866140867641654, -87.73508956008207)"
ASHLAND AND DIVISION,1791,1200 N ASHLAND AVENUE,10/01/2014,6,1165466.997046718,1908083.767015974,41.903377468,-87.667643142,"(41.903377467566784, -87.66764314227497)"
ASHLAND AND FULLERTON,1651,2400 N ASHLAND AVENUE,07/26/2014,16,1165228.073342838,1916032.319169157,41.92519389,-87.668294363,"(41.92519388981048, -87.66829436339881)"
ROOSEVELT AND PULASKI,2311,1200 S PULASKI ROAD,07/10/2014,4,1149866.002247864,1894375.839200384,41.866079337,-87.725305995,"(41.86607933722178, -87.7253059948758)"
ARCHER AND CICERO,2081,5200 S CICERO AVE,07/31/2014,24,1145195.931989777,1869737.708306623,41.798558278,-87.743071866,"(41.798558278193305, -87.74307186616427)"
HARLEM AND BELMONT,1391,3200 N HARLEM AVE,08/05/2014,5,1127481.020995451,1920467.613239239,41.938084468,-87.806896749,"(41.93808446822169, -87.80689674887883)"
KEDZIE AND 71ST,2352,7100 S KEDZIE AVENUE,08/14/2014,4,1156225.540366296,1857330.103443232,41.764295037,-87.702957162,"(41.764295036756856, -87.70295716211793)"
STONY ISLAND/CORNELL AND 67TH,2731,6700 S CORNELL DRIVE,10/15/2014,2,1188316.454860734,1860851.137456735,41.77325149,-87.5852246,"(41.77325148959568, -87.58522459967712)"
KEDZIE AND 63RD,2364,3200 W 63RD ST,09/14/2014,1,1156103.348831225,1862717.565210739,41.779081505,-87.703260365,"(41.77908150488341, -87.70326036544745)"
SACRAMENTO AND CHICAGO,1814,3000 W CHICAGO AVENUE,09/18/2014,4,1156075.266375505,1905216.604770718,41.895704525,-87.702218524,"(41.895704524946225, -87.70221852353758)"
KEDZIE AND 63RD,2364,3200 W 63RD ST,08/28/2014,7,1156103.348831225,1862717.565210739,41.779081505,-87.703260365,"(41.77908150488341, -87.70326036544745)"
ASHLAND AND 95TH,2473,1600 W 95TH STREET,08/08/2014,3,1167323.753394196,1841755.029221382,41.721324412,-87.662724153,"(41.721324411975246, -87.66272415265087)"
CICERO AND NORTH,2033,4800 W NORTH AVENUE,10/03/2014,2,1144053.733747163,1910243.80567041,41.90973389,-87.746244973,"(41.909733890131285, -87.74624497295898)"
CLARK AND IRVING PARK,1091,4000 N CLARK STREET,08/10/2014,2,1166736.149822904,1926699.323624709,41.954432441,-87.662446259,"(41.95443244141688, -87.66244625914061)"
FOSTER AND BROADWAY,1111,5200 N BROADWAY ST,07/31/2014,5,1167334.508577915,1934714.008346532,41.976412143,-87.660015082,"(41.97641214294823, -87.66001508205365)"
ASHLAND AND 95TH,2473,1600 W 95TH STREET,08/12/2014,3,1167323.753394196,1841755.029221382,41.721324412,-87.662724153,"(41.721324411975246, -87.66272415265087)"
BLUE ISLAND AND DAMEN,2283,2416 S BLUE ISLAND AV,08/29/2014,4,1163271.402680135,1888053.313412189,41.848458633,-87.676271269,"(41.848458633352884, -87.67627126912292)"
83RD AND STONY ISLAND,2562,8300 S STONY ISLAND A,09/05/2014,10,1188212.052384068,1850245.675393851,41.744151639,-87.585945067,"(41.744151639041974, -87.58594506695293)"
BELMONT AND KEDZIE,1372,3200 N KEDZIE AVE,10/04/2014,7,1154426.977874407,1921110.466549542,41.93935173,-87.707846594,"(41.93935173030961, -87.70784659359776)"
DIVERSEY AND WESTERN,1434,2400 W DIVERSEY AVENUE,09/22/2014,1,1159859.648423836,1918576.255784305,41.932287183,-87.687950093,"(41.93228718299094, -87.6879500934122)"
LARAMIE AND MADISON,2044,5200 W MADISON STREET,08/23/2014,11,1141706.965522802,1899567.55684314,41.880480752,-87.755130433,"(41.88048075170171, -87.75513043296509)"
CICERO AND ADDISON,1611,3600 N CICERO AVENUE,08/12/2014,9,1143698.904601495,1923517.005821035,41.946163524,-87.747215169,"(41.94616352362556, -87.74721516897007)"
WESTERN AND 79TH,2481,7900 S WESTERN AVE,08/20/2014,3,1161711.516404028,1852181.685686118,41.750054934,-87.682992203,"(41.750054933649984, -87.68299220290213)"
STATE AND 79TH,2651,7900 S STATE STREET,07/01/2014,2,1177618.166929966,1852621.870232838,41.750918138,-87.624690123,"(41.7509181383154, -87.62469012251644)"
ASHLAND AND 87TH,2454,1600 W 87TH ST,09/15/2014,5,1167171.941297436,1847064.855345151,41.735898617,-87.663128781,"(41.735898617066006, -87.66312878090133)"
99TH AND HALSTED,2431,9900 S HALSTED ST,09/21/2014,3,1172689.754200318,1839171.652197216,41.714118868,-87.643145408,"(41.714118868089905, -87.64314540818165)"
MONTROSE AND WESTERN,1224,2400 W MONTROSE AVENUE,09/08/2014,1,1159562.971802959,1929191.337701253,41.961421726,-87.68874698,"(41.961421726406314, -87.68874697983858)"
ROOSEVELT AND HALSTED,2233,800 W ROOSEVELT ROAD,10/08/2014,6,1171199.282357741,1894968.056393724,41.867263098,-87.646972686,"(41.86726309836901, -87.64697268601648)"
55TH AND WESTERN,2213,2400 W 55TH STREET,08/23/2014,5,1161277.012730599,1868185.749490228,41.793981347,-87.684141741,"(41.7939813465735, -87.68414174128355)"
WESTERN AND DEVON,1212,6400 N WESTERN AVENUE,08/27/2014,1,1159113.585759434,1942451.622367891,41.997817807,-87.690033035,"(41.997817807026, -87.69003303469276)"
MONTROSE AND WESTERN,1221,4400 N WESTERN AVENUE,07/12/2014,7,1159539.733234718,1929183.918095502,41.961401846,-87.688832623,"(41.961401846278505, -87.6888326227788)"
IRVING PARK AND KEDZIE,1353,3200 W IRVING PARK ROAD,07/06/2014,2,1154325.140302006,1926458.463197156,41.954029047,-87.708077494,"(41.95402904691877, -87.70807749383191)"
87TH AND VINCENNES,2412,8700 S VINCENNES,07/30/2014,15,1172026.328989535,1847142.496643776,41.736006565,-87.645341819,"(41.73600656458518, -87.64534181897955)"
LAWRENCE AND WESTERN,1193,2400 W LAWRENCE AVENUE,08/10/2014,1,1159482.648570304,1931851.989492596,41.968724349,-87.688968727,"(41.96872434882172, -87.68896872699601)"
ADDISON AND HARLEM,1591,3600 N HARLEM AVENUE,09/26/2014,2,1127394.594070737,1923110.532422811,41.945338412,-87.807154769,"(41.94533841246591, -87.80715476912044)"
CENTRAL AND ADDISON,1682,3600 N CENTRAL AVENUE,07/22/2014,5,1138343.117435682,1923392.067464765,41.945919491,-87.766904594,"(41.945919490555106, -87.76690459426293)"
LASALLE AND KINZIE,1923,140 W KINZIE,09/26/2014,1,1175048.09765242,1903028.894760294,41.889297219,-87.632601648,"(41.88929721947309, -87.63260164817305)"
LAWRENCE AND WESTERN,1193,2400 W LAWRENCE AVENUE,07/18/2014,5,1159482.648570304,1931851.989492596,41.968724349,-87.688968727,"(41.96872434882172, -87.68896872699601)"
DAMEN AND 63RD,2701,6300 S DAMEN AVENUE,10/10/2014,7,1164069.407943298,1862830.277442834,41.779226921,-87.674052731,"(41.77922692069256, -87.67405273137854)"
CENTRAL AND BELMONT,1602,3200 N CENTRAL AVENUE,09/27/2014,1,1138430.432324593,1920731.654410336,41.938617463,-87.766648297,"(41.938617463272884, -87.76664829683827)"
SACRAMENTO AND CHICAGO,1814,3000 W CHICAGO AVENUE,10/03/2014,1,1156075.266375505,1905216.604770718,41.895704525,-87.702218524,"(41.895704524946225, -87.70221852353758)"
WESTERN AND MARQUETTE,2672,6700 S WESTERN AVENUE,09/01/2014,14,1161488.747635042,1860134.788366884,41.771884028,-87.683588402,"(41.77188402771193, -87.68358840206334)"
HALSTED AND 95TH,2582,9500 S HALSTED STREET,07/25/2014,1,1172610.538363645,1841811.61926207,41.721365061,-87.643358042,"(41.72136506078306, -87.64335804234075)"
HOMAN/KIMBALL AND NORTH,1773,3400 W NORTH AVE,09/25/2014,9,1153386.578905125,1910465.87061722,41.910162847,-87.711953868,"(41.91016284680269, -87.71195386769125)"
JEFFERY AND 95TH,2523,2000 E 95TH ST,07/10/2014,2,1191188.381103057,1842410.411853539,41.722579473,-87.575292523,"(41.722579473126416, -87.57529252250366)"
ASHLAND AND FULLERTON,1651,2400 N ASHLAND AVENUE,09/21/2014,16,1165228.073342838,1916032.319169157,41.92519389,-87.668294363,"(41.92519388981048, -87.66829436339881)"
55TH and PULASKI,2244,4000 W 55TH ST,10/15/2014,4,1150621.676903861,1867864.274865394,41.793313334,-87.723223038,"(41.79331333358753, -87.72322303812588)"
PULASKI AND FOSTER,1102,5200 N PULASKI RD,08/22/2014,4,1148746.251286324,1934286.914361976,41.97562074,-87.728383135,"(41.97562073966174, -87.72838313514907)"
71ST AND ASHLAND,2391,7100 S ASHLAND,09/01/2014,1,1166868.379865725,1857616.168087255,41.764859382,-87.663940176,"(41.764859382425385, -87.66394017630476)"
119TH AND HALSTED,2404,800 W 119TH STREET,09/19/2014,1,1173111.174088158,1825985.001014405,41.677923389,-87.641989646,"(41.677923389134385, -87.64198964584013)"
PULASKI AND LAWRENCE,1173,4000 W LAWRENCE AVENUE,09/17/2014,2,1148844.220085601,1931638.45430438,41.968351285,-87.728091672,"(41.96835128527914, -87.72809167198088)"
KOSTNER AND NORTH,2013,4400 W NORTH,07/10/2014,4,1146738.551618032,1910309.595368032,41.909863573,-87.736380296,"(41.90986357340246, -87.73638029605371)"
WESTERN AND CHICAGO,1941,800 N WESTERN AVE,09/16/2014,2,1160220.967978608,1905277.507115921,41.895786955,-87.686990586,"(41.89578695485361, -87.68699058611217)"
CICERO AND I55,2252,4200 S CICERO AVENUE,08/06/2014,7,1145023.742859509,1876358.276835519,41.816729387,-87.743536712,"(41.81672938674739, -87.74353671247594)"
LAFAYETTE AND 87TH,2502,8700 S LAFAYETTE AVEN,07/07/2014,9,1177417.493180297,1847243.988223464,41.73616511,-87.625587569,"(41.73616511008592, -87.62558756899932)"
IRVING PARK AND KEDZIE,1354,3200 W IRVING PARK ROAD,07/22/2014,6,1154325.140302006,1926458.463197156,41.954029047,-87.708077494,"(41.95402904691877, -87.70807749383191)"
DAMEN AND FULLERTON,1663,2000 W FULLERTON AVE,09/30/2014,11,1162596.935552891,1915990.579747891,41.925134944,-87.677963546,"(41.92513494374925, -87.67796354553815)"
PULASKI AND LAWRENCE,1173,4000 W LAWRENCE AVENUE,09/18/2014,1,1148844.220085601,1931638.45430438,41.968351285,-87.728091672,"(41.96835128527914, -87.72809167198088)"
DIVISION AND DAMEN,1734,2000 W DIVISION,09/17/2014,7,1162815.710860194,1908034.672555531,41.903298793,-87.677383247,"(41.903298792681944, -87.67738324739636)"
ASHLAND AND FULLERTON,1651,2400 N ASHLAND AVENUE,09/14/2014,20,1165228.073342838,1916032.319169157,41.92519389,-87.668294363,"(41.92519388981048, -87.66829436339881)"
COTTAGE GROVE AND 71ST,2571,7100 S COTTAGE GROVE,09/10/2014,1,1182746.23698699,1858088.011064538,41.765800351,-87.605729127,"(41.76580035131893, -87.6057291269901)"
PULASKI AND FOSTER,1104,4000 W FOSTER AVE,07/28/2014,5,1148759.16134887,1934294.249006446,41.975640616,-87.728335469,"(41.975640616231914, -87.72833546926573)"
PULASKI AND FOSTER,1102,5200 N PULASKI RD,10/04/2014,2,1148746.251286324,1934286.914361976,41.97562074,-87.728383135,"(41.97562073966174, -87.72838313514907)"
LARAMIE AND MADISON,2044,5200 W MADISON STREET,10/15/2014,6,1141706.965522802,1899567.55684314,41.880480752,-87.755130433,"(41.88048075170171, -87.75513043296509)"
FULLERTON AND NARRAGANSETT,1554,6400 W FULLERTON AVENU,10/04/2014,6,1133317.594499059,1915293.661305931,41.923786189,-87.785567206,"(41.92378618871128, -87.78556720562165)"
4700 WESTERN,2142,4700 S WESTERN AVENUE,07/21/2014,4,1161120.438879703,1873431.066474726,41.808378408,-87.684570717,"(41.808378407946726, -87.68457071689552)"
HAMLIN AND LAKE,1881,300 N HAMLIN AVENUE,08/04/2014,15,1150970.026856642,1901381.688308858,41.885282636,-87.721069539,"(41.88528263580913, -87.72106953854511)"
HARLEM AND NORTHWEST HWY,1081,6400 N HARLEM AVE,08/10/2014,3,1127335.21218179,1941943.442727776,41.997018918,-87.806947715,"(41.99701891845275, -87.8069477154956)"
LASALLE AND KINZIE,1923,140 W KINZIE,07/04/2014,2,1175048.09765242,1903028.894760294,41.889297219,-87.632601648,"(41.88929721947309, -87.63260164817305)"
CICERO AND WASHINGTON,1891,100 N CICERO AVENUE,09/19/2014,18,1144328.984091479,1900095.170838459,41.88187971,-87.745489247,"(41.88187970991601, -87.7454892473012)"
55TH AND WESTERN,2213,2400 W 55TH STREET,08/27/2014,1,1161277.012730599,1868185.749490228,41.793981347,-87.684141741,"(41.7939813465735, -87.68414174128355)"
WESTERN AND ADDISON,1562,3600 N WESTERN AVENUE,07/12/2014,14,1159695.573342728,1923871.086283556,41.94681992,-87.688406662,"(41.94681991986288, -87.68840666206194)"
KEDZIE AND 26TH,2381,2600 S KEDZIE AVENUE,07/12/2014,2,1155404.235510285,1886524.460033054,41.844424831,-87.705185452,"(41.84442483084393, -87.70518545233183)"
ASHLAND AND MADISON,1914,1600 W MADISON,09/04/2014,4,1165723.014733182,1900136.515489506,41.881564167,-87.666929463,"(41.8815641670199, -87.66692946294842)"
ELSTON AND ADDISON,1403,3216 W ADDISON ST,08/07/2014,5,1154199.729816868,1923799.345386665,41.946734755,-87.708609774,"(41.946734754927796, -87.7086097735515)"
CANAL AND ROOSEVELT,2294,500 W ROOSEVELT ROAD,08/16/2014,7,1173290.72186561,1895021.166235495,41.867362693,-87.639293195,"(41.867362692616666, -87.63929319464197)"
IRVING PARK AND KEDZIE,1353,3200 W IRVING PARK ROAD,07/30/2014,6,1154325.140302006,1926458.463197156,41.954029047,-87.708077494,"(41.95402904691877, -87.70807749383191)"
79TH AND KEDZIE,2443,3200 W 79TH ST,07/08/2014,6,1156402.644780165,1852104.649370984,41.749952001,-87.702448478,"(41.74995200142266, -87.70244847808695)"
CICERO AND FULLERTON,1472,2400 N CICERO AVE,09/19/2014,5,1143961.592189569,1915545.343094087,41.92428359,-87.74645019,"(41.92428358982701, -87.74645019028947)"
HARLEM AND BELMONT,1394,7200 W BELMONT AVE,08/10/2014,4,1127504.698153561,1920475.415440844,41.938105479,-87.806809552,"(41.93810547939496, -87.80680955240743)"
ASHLAND AND 95TH,2472,9500 S ASHLAND AVENUE,07/02/2014,3,1167295.830128711,1841695.121217916,41.721160612,-87.662828139,"(41.72116061205213, -87.66282813939165)"
75TH AND STATE,2624,1 E 75TH STREET,08/27/2014,11,1177601.72646404,1855229.486604181,41.758074111,-87.624671658,"(41.75807411097799, -87.62467165835182)"
DIVISION AND DAMEN,1733,2000 W DIVISION,08/12/2014,2,1162815.710860194,1908034.672555531,41.903298793,-87.677383247,"(41.903298792681944, -87.67738324739636)"
WENTWORTH AND GARFIELD,2261,5500 S WENTWORTH AVEN,07/28/2015,14,,,,,
99TH AND HALSTED,2433,800 W 99TH ST,09/25/2014,3,1172710.642565684,1839246.330602143,41.714323337,-87.643066714,"(41.71432333701137, -87.64306671421937)"
ASHLAND AND IRVING PARK,1151,4000 N ASHLAND AVENUE,08/30/2014,5,1164899.463802581,1926665.661118925,41.954379326,-87.66919912,"(41.954379326212695, -87.66919911980419)"
CICERO AND CHICAGO,1781,800 N CICERO AVENUE,09/24/2014,2,1144169.162482127,1904893.189220372,41.895049038,-87.745955516,"(41.89504903796389, -87.74595551626888)"
LAWRENCE AND WESTERN,1193,2400 W LAWRENCE AVENUE,10/05/2014,2,1159482.648570304,1931851.989492596,41.968724349,-87.688968727,"(41.96872434882172, -87.68896872699601)"
WESTERN AND FOSTER,1074,2400 W FOSTER AVE,09/13/2014,14,1159379.402846887,1934502.712486132,41.97600019,-87.689275084,"(41.97600018976586, -87.68927508385399)"
KEDZIE AND 47TH,2104,3200 W 47TH ST,09/21/2014,2,1155815.231505056,1873336.169728074,41.808226246,-87.704031672,"(41.808226246244026, -87.70403167215984)"
LASALLE AND KINZIE,1923,140 W KINZIE,07/16/2014,2,1175048.09765242,1903028.894760294,41.889297219,-87.632601648,"(41.88929721947309, -87.63260164817305)"
CLARK AND IRVING PARK,1093,1300 W IRVING PARK ROAD,08/18/2014,9,1166777.545456989,1926719.73687357,41.954487567,-87.662293496,"(41.95448756687966, -87.66229349585691)"
CANAL AND ROOSEVELT,2294,500 W ROOSEVELT ROAD,09/18/2014,16,1173290.72186561,1895021.166235495,41.867362693,-87.639293195,"(41.867362692616666, -87.63929319464197)"
CENTRAL AND FULLERTON,1442,2400 N CENTRAL AVENUE,07/03/2014,1,1138603.468418662,1915431.058212414,41.924068922,-87.766141214,"(41.92406892227644, -87.76614121413186)"
IRVING PARK AND KEDZIE,1353,3200 W IRVING PARK ROAD,07/29/2014,5,1154325.140302006,1926458.463197156,41.954029047,-87.708077494,"(41.95402904691877, -87.70807749383191)"
STONY ISLAND/CORNELL AND 67TH,2721,6700 S STONY ISLAND A,09/09/2014,9,1187984.143047539,1860863.338367666,41.773292896,-87.586442368,"(41.77329289585066, -87.58644236831432)"
LAWRENCE AND WESTERN,1193,2400 W LAWRENCE AVENUE,09/13/2014,5,1159482.648570304,1931851.989492596,41.968724349,-87.688968727,"(41.96872434882172, -87.68896872699601)"
WESTERN AND 63RD,2373,2400 W 63RD ST,09/27/2014,2,1161444.415758584,1862848.534703658,41.779331844,-87.683675761,"(41.77933184429814, -87.68367576084798)"
HALSTED AND DIVISION,1714,800 W DIVISION,08/18/2014,7,1170767.827960358,1908259.644151662,41.903745557,-87.648167011,"(41.90374555734733, -87.64816701062779)"
WENTWORTH AND GARFIELD,2261,5500 S WENTWORTH AVEN,09/13/2014,7,,,,,
DAMEN AND 63RD,2702,6300 S DAMEN AVENUE,09/22/2014,5,1164069.407943298,1862830.277442834,41.779226921,-87.674052731,"(41.77922692069256, -87.67405273137854)"
HAMLIN AND MADISON,1903,3800 W MADISON STREET,07/31/2014,6,1151032.709141294,1899784.033986533,41.880897273,-87.720881226,"(41.880897273491264, -87.72088122613924)"
CENTRAL AND LAKE,1742,400 N CENTRAL AVENUE,09/07/2014,7,1138928.478257537,1902217.926149854,41.887804621,-87.765268498,"(41.88780462053497, -87.76526849810371)"
KEDZIE AND 63RD,2361,6300 S KEDZIE AVE,07/24/2014,3,1156097.505177228,1862668.051775093,41.77894575,-87.703283119,"(41.77894575017997, -87.70328311900342)"
CICERO AND FULLERTON,1472,2400 N CICERO AVE,07/31/2014,1,1143961.592189569,1915545.343094087,41.92428359,-87.74645019,"(41.92428358982701, -87.74645019028947)"
HALSTED AND 95TH,2582,9500 S HALSTED STREET,08/05/2014,1,1172610.538363645,1841811.61926207,41.721365061,-87.643358042,"(41.72136506078306, -87.64335804234075)"
KEDZIE AND 26TH,2382,2600 S KEDZIE AVENUE,08/26/2014,1,1155404.235510285,1886524.460033054,41.844424831,-87.705185452,"(41.84442483084393, -87.70518545233183)"
MONTROSE AND WESTERN,1224,2400 W MONTROSE AVENUE,08/06/2014,1,1159562.971802959,1929191.337701253,41.961421726,-87.68874698,"(41.961421726406314, -87.68874697983858)"
DAMEN AND DIVERSEY,1462,2800 N DAMEN AVENUE,07/02/2014,8,1162490.04851994,1918611.623717091,41.932329494,-87.678282719,"(41.9323294940985, -87.67828271931386)"
FOSTER AND NAGLE,1034,6400 W FOSTER,07/06/2014,2,1132552.893142153,1934229.875527466,41.975762574,-87.787934296,"(41.97576257447203, -87.7879342955108)"
HALSTED AND 103RD,2592,10300 S HALSTED STREE,02/07/2016,6,,,,,
MILWAUKEE AND MONTROSE,1364,5075 W MONTROSE AVENUE,07/27/2014,5,1141716.746618898,1928736.076639057,41.960522088,-87.754371424,"(41.96052208819935, -87.75437142402293)"
WESTERN AND FULLERTON,1672,2400 N WESTERN AVENUE,08/26/2014,1,1159923.309342995,1915897.778561358,41.924935944,-87.687790255,"(41.92493594409127, -87.68779025471278)"
KEDZIE AND 31ST,2134,3200 W 31ST STREET,07/05/2014,1,1155487.128005646,1883943.061106793,41.8373395,-87.704950558,"(41.83733950029648, -87.70495055800411)"
CORNELL DRIVE AND 57TH,2182,5700 S CORNELL DRIVE,09/20/2014,8,1188165.732740433,1867529.196427323,41.791580204,-87.585564215,"(41.79158020433135, -87.58556421519536)"
PULASKI AND DIVERSEY,1542,2800 N PULASKI ROAD,10/15/2014,4,1149200.724531183,1918332.222549679,41.931831026,-87.727126873,"(41.93183102561505, -87.72712687300454)"
CENTRAL AND LAKE,1742,400 N CENTRAL AVENUE,09/17/2014,1,1138928.478257537,1902217.926149854,41.887804621,-87.765268498,"(41.88780462053497, -87.76526849810371)"
WESTERN AND MARQUETTE,2672,6700 S WESTERN AVENUE,09/29/2014,4,1161488.747635042,1860134.788366884,41.771884028,-87.683588402,"(41.77188402771193, -87.68358840206334)"
MONTROSE AND WESTERN,1221,4400 N WESTERN AVENUE,09/07/2014,4,1159539.733234718,1929183.918095502,41.961401846,-87.688832623,"(41.961401846278505, -87.6888326227788)"
71ST AND ASHLAND,2391,7100 S ASHLAND,10/01/2014,7,1166868.379865725,1857616.168087255,41.764859382,-87.663940176,"(41.764859382425385, -87.66394017630476)"
STATE AND 79TH,2654,1 E 79TH STREET,07/15/2014,22,1177680.113652821,1852598.313477786,41.750852096,-87.624463832,"(41.75085209551078, -87.62446383210285)"
STONEY ISLAND AND 76TH,2631,7600 S STONY ISLAND A,07/25/2014,16,1188092.796191935,1854889.354158304,41.756897173,-87.586234285,"(41.75689717260223, -87.58623428506996)"
WESTERN AND ADDISON,1562,3600 N WESTERN AVENUE,07/03/2014,12,1159695.573342728,1923871.086283556,41.94681992,-87.688406662,"(41.94681991986288, -87.68840666206194)"
PULASKI AND ARMITAGE,1844,4000 W ARMITAGE AVENUE,07/24/2014,7,1149375.428872108,1913028.984273181,41.917275069,-87.726622746,"(41.91727506940875, -87.72662274644799)"
CALIFORNIA AND DEVON,1323,2800 W DEVON AVENUE,09/18/2014,1,1156484.528078038,1942377.980662191,41.997669523,-87.699706423,"(41.99766952286052, -87.69970642324591)"
CORNELL DRIVE AND 57TH,2181,5700 S CORNELL DRIVE,10/06/2014,4,1188165.732740433,1867529.196427323,41.791580204,-87.585564215,"(41.79158020433135, -87.58556421519536)"
STONEY ISLAND AND 79TH,2461,7900 S SOUTH CHICAGO AVE,10/13/2014,2,1188274.655498937,1852865.685797892,41.751339705,-87.585632266,"(41.751339704589455, -87.58563226565187)"
CICERO AND PETERSON,1202,6000 N CICERO AVENUE,08/10/2014,5,1143247.733553094,1939479.342905704,41.989973915,-87.748473024,"(41.98997391514614, -87.74847302426933)"
WESTERN AND ADDISON,1563,2400 W ADDISON,09/23/2014,1,1159719.041544334,1923878.577275797,41.946839991,-87.688320193,"(41.9468399910054, -87.68832019252964)"
ASHLAND AND ARCHER,2301,3100 S ASHLAND AVENUE,10/08/2014,2,1166131.325337548,1884126.42490739,41.837622344,-87.665887181,"(41.83762234415814, -87.66588718054551)"
119TH AND HALSTED,2404,800 W 119TH STREET,07/22/2014,1,1173111.174088158,1825985.001014405,41.677923389,-87.641989646,"(41.677923389134385, -87.64198964584013)"
AUSTIN AND ADDISON,1491,3600 N AUSTIN AVENUE,10/09/2014,1,1135691.599896458,1923335.967306169,41.945813215,-87.776652162,"(41.9458132146695, -87.77665216156436)"
AUSTIN AND ADDISON,1491,3600 N AUSTIN AVENUE,07/11/2014,1,1135691.599896458,1923335.967306169,41.945813215,-87.776652162,"(41.9458132146695, -87.77665216156436)"
GARFIELD AND ASHLAND,2272,5500 S ASHLAND AVENUE,07/10/2014,4,1166573.960309557,1868083.777885787,41.793590116,-87.664720996,"(41.793590115883404, -87.66472099593501)"
PULASKI AND NORTH,1994,4000 W NORTH AVENUE,08/21/2014,3,1149456.2688422,1910376.774019002,41.909995582,-87.726394693,"(41.90999558160536, -87.72639469321471)"
PULASKI AND DIVERSEY,1543,4000 W DIVERSEY AVENUE,08/30/2014,4,1149206.496130705,1918356.569267582,41.931897723,-87.72710503,"(41.9318977231462, -87.72710503045386)"
CENTRAL AND FULLERTON,1444,5600 W FULLERTON AVENU,07/30/2014,1,1138627.279189421,1915438.969256439,41.924090199,-87.76605353,"(41.92409019883488, -87.76605353016079)"
CICERO AND WASHINGTON,1892,100 N CICERO AVENUE,07/07/2014,7,1144328.984091479,1900095.170838459,41.88187971,-87.745489247,"(41.88187970991601, -87.7454892473012)"
MILWAUKEE AND MONTROSE,1362,4400 N MILWAUKEE AVEN,08/06/2014,1,1141643.943268783,1928770.256316239,41.96061723,-87.75463824,"(41.9606172296957, -87.75463824007085)"
LARAMIE AND FULLERTON,1424,5200 W FULLERTON AVENUE,09/03/2014,4,1141305.554932016,1915502.611239048,41.924215797,-87.756210755,"(41.92421579723144, -87.75621075458939)"
WESTERN AND NORTH,1853,2400 W NORTH AVE,07/14/2014,3,1160100.839010995,1910612.783367238,41.910429862,-87.687284221,"(41.91042986235867, -87.68728422050837)"
ASHLAND AND LAWRENCE,1142,4800 N ASHLAND AVENUE,07/08/2014,7,1164751.686785145,1932001.206626392,41.96902343,-87.669590434,"(41.969023429614026, -87.66959043354217)"
ROOSEVELT AND KOSTNER,2321,1200 S KOSTNER,07/27/2014,1,1147196.304001978,1894305.883269746,41.865938839,-87.735108549,"(41.8659388389088, -87.73510854901264)"
IRVING PARK AND KEDZIE,1353,3200 W IRVING PARK ROAD,08/19/2014,5,1154325.140302006,1926458.463197156,41.954029047,-87.708077494,"(41.95402904691877, -87.70807749383191)"
HOLLYWOOD AND SHERIDAN,1344,1000 W HOLLYWOOD AVE,08/30/2014,13,1168580.228926466,1938090.295189338,41.985649799,-87.655335807,"(41.98564979859328, -87.65533580655139)"
WESTERN AND ARMITAGE,1861,2000 N WESTERN AVENUE,07/05/2014,5,1160006.66733459,1913226.418158186,41.917603818,-87.687557878,"(41.91760381794161, -87.68755787755686)"
WESTERN AND FOSTER,1072,5200 N WESTERN AVE,09/15/2014,3,1159372.922497116,1934478.313674003,41.975933372,-87.689299589,"(41.97593337199358, -87.6892995891816)"
CICERO AND 47TH,2204,4800 W 47TH ST,07/25/2014,20,1145130.048925744,1873078.44198302,41.807727017,-87.743229366,"(41.80772701677172, -87.74322936566276)"
ROOSEVELT AND KOSTNER,2323,4400 W ROOSEVELT,08/15/2014,9,1147200.963258796,1894379.538078088,41.866140868,-87.73508956,"(41.866140867641654, -87.73508956008207)"
PERSHING AND WESTERN,2112,3900 S WESTERN BLVD,08/25/2014,6,1161130.992078755,1878746.226354636,41.822963628,-87.684384785,"(41.82296362788048, -87.68438478541296)"
LAFAYETTE AND 87TH,2503,30 W 87TH STREET,09/18/2014,15,1177407.651800237,1847320.772058312,41.736376037,-87.625621311,"(41.736376036604916, -87.62562131092602)"
CENTRAL AND IRVING PARK,1183,5600 W IRVING PARK ROAD,07/27/2014,4,1138281.535484986,1926078.647777633,41.953292847,-87.767065708,"(41.953292847298, -87.76706570775266)"
CICERO AND I55,2251,4200 S CICERO AVENUE,07/02/2014,23,1145023.742859509,1876358.276835519,41.816729387,-87.743536712,"(41.81672938674739, -87.74353671247594)"
CENTRAL AND ADDISON,1682,3600 N CENTRAL AVENUE,09/28/2014,1,1138343.117435682,1923392.067464765,41.945919491,-87.766904594,"(41.945919490555106, -87.76690459426293)"
KEDZIE AND 26TH,2382,2600 S KEDZIE AVENUE,08/27/2014,2,1155404.235510285,1886524.460033054,41.844424831,-87.705185452,"(41.84442483084393, -87.70518545233183)"
CICERO AND NORTH,2034,4800 W NORTH AVENUE,08/10/2014,6,1144053.733747163,1910243.80567041,41.90973389,-87.746244973,"(41.909733890131285, -87.74624497295898)"
CENTRAL AND IRVING PARK,1183,5600 W IRVING PARK ROAD,10/05/2014,7,1138281.535484986,1926078.647777633,41.953292847,-87.767065708,"(41.953292847298, -87.76706570775266)"
WESTERN AND TOUHY,1251,7200 N WESTERN AVENUE,09/05/2014,3,1158975.66256211,1947754.286963361,42.012371335,-87.690393917,"(42.012371334791766, -87.69039391737863)"
KEDZIE AND 26TH,2381,2600 S KEDZIE AVENUE,10/12/2014,3,1155404.235510285,1886524.460033054,41.844424831,-87.705185452,"(41.84442483084393, -87.70518545233183)"
111TH AND HALSTED,2422,11100 S HALSTED ST,09/30/2014,5,1172923.657689312,1831209.044179248,41.692263123,-87.642522688,"(41.692263123425136, -87.6425226876268)"
COTTAGE GROVE AND 95TH,2603,800 E 95TH STREET,07/09/2014,5,1183230.529909316,1842186.614201556,41.722153939,-87.604447736,"(41.72215393877189, -87.60444773564429)"
ELSTON AND ADDISON,1403,3216 W ADDISON ST,09/06/2014,4,1154199.729816868,1923799.345386665,41.946734755,-87.708609774,"(41.946734754927796, -87.7086097735515)"
CICERO AND PETERSON,1204,4800 W PETERSON AVENUE,08/26/2014,1,1143273.766829016,1939491.944645127,41.990008007,-87.748376951,"(41.99000800729908, -87.74837695118997)"
LARAMIE AND MADISON,2043,5200 W MADISON STREET,08/18/2014,4,1141706.965522802,1899567.55684314,41.880480752,-87.755130433,"(41.88048075170171, -87.75513043296509)"
HALSTED AND NORTH,1764,800 W NORTH AVENUE,08/21/2014,4,1170700.68422007,1910913.190749698,41.91102851,-87.648335806,"(41.91102850981186, -87.64833580602037)"
ROOSEVELT AND HALSTED,2233,800 W ROOSEVELT ROAD,09/25/2014,10,1171199.282357741,1894968.056393724,41.867263098,-87.646972686,"(41.86726309836901, -87.64697268601648)"
79TH AND HALSTED,2541,7900 S HALSTED STREET,09/26/2014,1,1172298.707400847,1852444.344822186,41.750549559,-87.644188368,"(41.750549559438944, -87.64418836784098)"
WESTERN AND ADDISON,1563,2400 W ADDISON,08/16/2014,6,1159719.041544334,1923878.577275797,41.946839991,-87.688320193,"(41.9468399910054, -87.68832019252964)"
PULASKI AND DIVISION,1801,1200 N PULASKI ROAD,09/04/2014,2,1149459.590666926,1907723.219884254,41.902713902,-87.726451457,"(41.902713901936174, -87.72645145715836)"
SACRAMENTO AND LAKE,1821,150 N SACRAMENTO BOUL,09/25/2014,10,1156319.560664766,1900957.489351962,41.884012178,-87.701436479,"(41.88401217771363, -87.7014364786693)"
CICERO AND NORTH,2033,4800 W NORTH AVENUE,10/09/2014,4,1144053.733747163,1910243.80567041,41.90973389,-87.746244973,"(41.909733890131285, -87.74624497295898)"
PERSHING AND WESTERN,2114,2400 W PERSHING ROAD,07/12/2014,1,1160957.773623189,1878793.434193427,41.82309676,-87.685018951,"(41.82309676016606, -87.68501895061576)"
CICERO AND 47TH,2204,4800 W 47TH ST,07/09/2014,10,1145130.048925744,1873078.44198302,41.807727017,-87.743229366,"(41.80772701677172, -87.74322936566276)"
HALSTED AND DIVISION,1714,800 W DIVISION,09/29/2014,3,1170767.827960358,1908259.644151662,41.903745557,-87.648167011,"(41.90374555734733, -87.64816701062779)"
CICERO AND HARRISON,2022,600 S CICERO AVENUE,08/04/2014,2,1144444.97442848,1896894.622216872,41.873094833,-87.745143869,"(41.873094832519136, -87.74514386884542)"
ASHLAND AND FULLERTON,1652,2400 N ASHLAND AVENUE,09/22/2014,10,1165228.073342838,1916032.319169157,41.92519389,-87.668294363,"(41.92519388981048, -87.66829436339881)"
TOUHY AND OSCEOLA,1243,7432 W TOUHY AVENUE,09/07/2014,1,1125717.010560011,1947269.685461107,42.011661765,-87.812781431,"(42.01166176507329, -87.81278143114147)"
PERSHING AND WESTERN,2114,2400 W PERSHING ROAD,08/20/2014,3,1160957.773623189,1878793.434193427,41.82309676,-87.685018951,"(41.82309676016606, -87.68501895061576)"
CERMAK AND PULASKI,2334,4000 W CERMAK,09/12/2014,3,1150018.476053666,1889120.238540361,41.851654369,-87.724882975,"(41.85165436867626, -87.7248829753078)"
DIVISION AND DAMEN,1733,2000 W DIVISION,07/11/2014,4,1162815.710860194,1908034.672555531,41.903298793,-87.677383247,"(41.903298792681944, -87.67738324739636)"
HALSTED AND 95TH,2582,9500 S HALSTED STREET,09/11/2014,2,1172610.538363645,1841811.61926207,41.721365061,-87.643358042,"(41.72136506078306, -87.64335804234075)"
WENTWORTH AND GARFIELD,2264,200 W GARFIELD BLVD,09/10/2014,5,1175889.574397302,1868551.750512227,41.794670385,-87.630547476,"(41.79467038468937, -87.63054747605638)"
TOUHY AND OSCEOLA,1243,7432 W TOUHY AVENUE,08/10/2014,4,1125717.010560011,1947269.685461107,42.011661765,-87.812781431,"(42.01166176507329, -87.81278143114147)"
KOSTNER AND NORTH,2012,4400 W GRAND AVE,07/15/2014,5,1146773.519128439,1910425.663958581,41.91018141,-87.73624887,"(41.910181409597406, -87.73624887040725)"
COLUMBUS AND ILLINOIS,1952,500 N COLUMBUS DRIVE,08/06/2014,6,1178372.808407292,1903693.06016042,41.891044569,-87.620371839,"(41.891044569124276, -87.620371839074)"
CICERO AND WASHINGTON,1891,100 N CICERO AVENUE,09/18/2014,20,1144328.984091479,1900095.170838459,41.88187971,-87.745489247,"(41.88187970991601, -87.7454892473012)"
CHICAGO AND CLARK,1963,100 W CHICAGO AVENUE,07/22/2014,7,1175374.528739575,1905745.47783364,41.896744347,-87.631321248,"(41.896744346875806, -87.63132124815151)"
ROOSEVELT AND PULASKI,2311,1200 S PULASKI ROAD,08/15/2014,3,1149866.002247864,1894375.839200384,41.866079337,-87.725305995,"(41.86607933722178, -87.7253059948758)"
LAFAYETTE AND 87TH,2502,8700 S LAFAYETTE AVEN,10/04/2014,5,1177417.493180297,1847243.988223464,41.73616511,-87.625587569,"(41.73616511008592, -87.62558756899932)"
COLUMBUS AND ILLINOIS,1951,500 N COLUMBUS DRIVE,08/11/2014,10,1178372.808407292,1903693.06016042,41.891044569,-87.620371839,"(41.891044569124276, -87.620371839074)"
CALIFORNIA AND DEVON,1323,2800 W DEVON AVENUE,08/21/2014,2,1156484.528078038,1942377.980662191,41.997669523,-87.699706423,"(41.99766952286052, -87.69970642324591)"
83RD AND STONY ISLAND,2562,8300 S STONY ISLAND A,09/10/2014,12,1188212.052384068,1850245.675393851,41.744151639,-87.585945067,"(41.744151639041974, -87.58594506695293)"
PULASKI AND ARMITAGE,1844,4000 W ARMITAGE AVENUE,07/10/2014,2,1149375.428872108,1913028.984273181,41.917275069,-87.726622746,"(41.91727506940875, -87.72662274644799)"
WESTERN AND FULLERTON,1671,2400 N WESTERN AVENUE,08/05/2014,12,1159923.309342995,1915897.778561358,41.924935944,-87.687790255,"(41.92493594409127, -87.68779025471278)"
WESTERN AND CERMAK,1002,2200 S WESTERN AVENUE,08/31/2014,24,1160669.42562757,1889318.196820393,41.85198384,-87.685785704,"(41.85198383957328, -87.68578570420526)"
CICERO AND ARMITAGE,2001,2000 N CICERO AVENUE,09/08/2014,1,1144031.525719004,1912881.8300295,41.916973325,-87.746260223,"(41.91697332451097, -87.74626022251057)"
CALIFORNIA AND DIVERSEY,1514,2800 W DIVERSEY,10/11/2014,34,1157212.54253358,1918526.674434943,41.932205395,-87.697679244,"(41.93220539506452, -87.6976792438691)"
119TH AND HALSTED,2402,11900 S HALSTED,08/14/2014,4,1173094.774616191,1825911.054609338,41.677720829,-87.642051845,"(41.67772082924762, -87.64205184498218)"
MADISON AND CENTRAL,1751,0 S CENTRAL AVENUE,09/28/2014,5,,,,,
WESTERN AND 71ST,2614,2400 W 71ST STREET,07/08/2014,1,1161584.506819846,1857557.788853485,41.764810388,-87.683308769,"(41.76481038827884, -87.68330876944678)"
IRVING PARK AND NARRAGANSETT,1023,6400 W IRVING PK,09/26/2014,3,1132945.939118726,1925946.304925137,41.953024751,-87.786683238,"(41.95302475075328, -87.78668323766634)"
CALIFORNIA AND DIVERSEY,1514,2800 W DIVERSEY,09/25/2014,26,1157212.54253358,1918526.674434943,41.932205395,-87.697679244,"(41.93220539506452, -87.6976792438691)"
KEDZIE AND ARMITAGE,1832,2000 N KEDZIE AVENUE,08/14/2014,4,1154684.031809326,1913129.496340896,41.917446172,-87.707116072,"(41.91744617191702, -87.70711607187832)"
CICERO AND ADDISON,1611,3600 N CICERO AVENUE,07/27/2014,9,1143698.904601495,1923517.005821035,41.946163524,-87.747215169,"(41.94616352362556, -87.74721516897007)"
CICERO AND CHICAGO,1783,4800 W CHICAGO AVENUE,10/10/2014,3,1144175.291152764,1904916.255225279,41.895112219,-87.745932427,"(41.89511221857764, -87.74593242701515)"
MADISON AND WESTERN,1931,1 S WESTERN AVE,08/30/2014,2,1160453.827721979,1899933.703473746,41.881118279,-87.686283339,"(41.881118278833966, -87.686283338873)"
83RD AND STONY ISLAND,2562,8300 S STONY ISLAND A,09/13/2014,19,1188212.052384068,1850245.675393851,41.744151639,-87.585945067,"(41.744151639041974, -87.58594506695293)"
ASHLAND AND 47TH,2191,4700 S ASHLAND AVENUE,07/19/2014,3,1166423.624284841,1873520.235394001,41.808511597,-87.665117292,"(41.8085115972472, -87.66511729173287)"
ASHLAND AND DIVISION,1791,1200 N ASHLAND AVENUE,08/22/2014,14,1165466.997046718,1908083.767015974,41.903377468,-87.667643142,"(41.903377467566784, -87.66764314227497)"
ASHLAND AND FULLERTON,1652,2400 N ASHLAND AVENUE,09/19/2014,8,1165228.073342838,1916032.319169157,41.92519389,-87.668294363,"(41.92519388981048, -87.66829436339881)"
CHICAGO AND CLARK,1964,100 W CHICAGO AVENUE,08/18/2014,7,1175374.528739575,1905745.47783364,41.896744347,-87.631321248,"(41.896744346875806, -87.63132124815151)"
119TH AND HALSTED,2404,800 W 119TH STREET,09/20/2014,4,1173111.174088158,1825985.001014405,41.677923389,-87.641989646,"(41.677923389134385, -87.64198964584013)"
DIVISION AND DAMEN,1734,2000 W DIVISION,10/04/2014,3,1162815.710860194,1908034.672555531,41.903298793,-87.677383247,"(41.903298792681944, -87.67738324739636)"
AUSTIN AND IRVING PARK,1161,4000 N AUSTIN AVENUE,09/20/2014,2,1135599.956110927,1926006.862619986,41.953144059,-87.776925284,"(41.95314405904539, -87.77692528423394)"
PULASKI AND DIVISION,1802,1200 N PULASKI ROAD,09/05/2014,6,1149459.590666926,1907723.219884254,41.902713902,-87.726451457,"(41.902713901936174, -87.72645145715836)"
CENTRAL AND ADDISON,1682,3600 N CENTRAL AVENUE,09/17/2014,2,1138343.117435682,1923392.067464765,41.945919491,-87.766904594,"(41.945919490555106, -87.76690459426293)"
SACRAMENTO AND LAKE,1822,150 N SACRAMENTO BOUL,09/23/2014,2,1156319.560664766,1900957.489351962,41.884012178,-87.701436479,"(41.88401217771363, -87.7014364786693)"
71ST AND ASHLAND,2391,7100 S ASHLAND,09/09/2014,4,1166868.379865725,1857616.168087255,41.764859382,-87.663940176,"(41.764859382425385, -87.66394017630476)"
PULASKI AND 63RD,2342,6300 S PULASKI RD,10/03/2014,5,1150746.00309079,1862516.747695325,41.778636469,-87.722906356,"(41.77863646878099, -87.72290635568541)"
PULASKI AND ARMITAGE,1844,4000 W ARMITAGE AVENUE,09/19/2014,1,1149375.428872108,1913028.984273181,41.917275069,-87.726622746,"(41.91727506940875, -87.72662274644799)"
ELSTON AND ADDISON,1403,3216 W ADDISON ST,09/27/2014,8,1154199.729816868,1923799.345386665,41.946734755,-87.708609774,"(41.946734754927796, -87.7086097735515)"
PULASKI AND 63RD,2342,6300 S PULASKI RD,08/23/2014,3,1150746.00309079,1862516.747695325,41.778636469,-87.722906356,"(41.77863646878099, -87.72290635568541)"
4700 WESTERN,2142,4700 S WESTERN AVENUE,09/03/2014,3,1161120.438879703,1873431.066474726,41.808378408,-87.684570717,"(41.808378407946726, -87.68457071689552)"
HALSTED AND 63RD,2691,6300 S HALSTED STREET,07/05/2014,1,1172011.176373021,1863049.419962901,41.7796575,-87.644930993,"(41.77965750036339, -87.64493099278877)"
HARLEM AND BELMONT,1394,7200 W BELMONT AVE,08/11/2014,6,1127504.698153561,1920475.415440844,41.938105479,-87.806809552,"(41.93810547939496, -87.80680955240743)"
ROOSEVELT AND PULASKI,2311,1200 S PULASKI ROAD,07/27/2014,5,1149866.002247864,1894375.839200384,41.866079337,-87.725305995,"(41.86607933722178, -87.7253059948758)"
HALSTED AND 63RD,2691,6300 S HALSTED STREET,09/27/2014,1,1172011.176373021,1863049.419962901,41.7796575,-87.644930993,"(41.77965750036339, -87.64493099278877)"
CALIFORNIA AND DEVON,1323,2800 W DEVON AVENUE,10/13/2014,1,1156484.528078038,1942377.980662191,41.997669523,-87.699706423,"(41.99766952286052, -87.69970642324591)"
111TH AND HALSTED,2424,800 W 111TH ST,08/27/2014,4,1172945.404219168,1831282.917027882,41.692465363,-87.642440901,"(41.692465363421874, -87.64244090105778)"
DIVERSEY AND WESTERN,1434,2400 W DIVERSEY AVENUE,07/19/2014,2,1159859.648423836,1918576.255784305,41.932287183,-87.687950093,"(41.93228718299094, -87.6879500934122)"
PULASKI AND FOSTER,1104,4000 W FOSTER AVE,08/22/2014,15,1148759.16134887,1934294.249006446,41.975640616,-87.728335469,"(41.975640616231914, -87.72833546926573)"
HALSTED AND 63RD,2692,6300 S HALSTED STREET,09/27/2014,2,1172011.176373021,1863049.419962901,41.7796575,-87.644930993,"(41.77965750036339, -87.64493099278877)"
LAKE SHORE DR AND BELMONT,1413,400 W BELMONT AVE,07/14/2014,15,1172981.744869382,1921577.376128802,41.940241193,-87.639639114,"(41.94024119325571, -87.63963911427594)"
HALSTED AND FULLERTON,1704,800 W FULLERTON AVENUE,07/10/2014,4,1170525.624723311,1916208.443992778,41.925562791,-87.648823641,"(41.92556279107417, -87.64882364145232)"
MILWAUKEE AND MONTROSE,1362,4400 N MILWAUKEE AVEN,09/27/2014,2,1141643.943268783,1928770.256316239,41.96061723,-87.75463824,"(41.9606172296957, -87.75463824007085)"
DIVISION AND DAMEN,1733,2000 W DIVISION,07/07/2014,4,1162815.710860194,1908034.672555531,41.903298793,-87.677383247,"(41.903298792681944, -87.67738324739636)"
MONTROSE AND WESTERN,1221,4400 N WESTERN AVENUE,09/18/2014,10,1159539.733234718,1929183.918095502,41.961401846,-87.688832623,"(41.961401846278505, -87.6888326227788)"
75TH AND STATE,2621,7500 S STATE STREET,07/17/2014,6,1177538.763040612,1855235.551345519,41.758092176,-87.624902228,"(41.75809217638291, -87.6249022282473)"
LASALLE AND KINZIE,1921,400 N LASALLE,07/25/2014,7,1175028.579766798,1903002.552291359,41.889225372,-87.632674115,"(41.88922537162015, -87.63267411498495)"
FULLERTON AND NARRAGANSETT,1554,6400 W FULLERTON AVENU,09/08/2014,5,1133317.594499059,1915293.661305931,41.923786189,-87.785567206,"(41.92378618871128, -87.78556720562165)"
DAMEN AND 63RD,2702,6300 S DAMEN AVENUE,08/29/2014,3,1164069.407943298,1862830.277442834,41.779226921,-87.674052731,"(41.77922692069256, -87.67405273137854)"
FOSTER AND NAGLE,1034,6400 W FOSTER,10/05/2014,3,1132552.893142153,1934229.875527466,41.975762574,-87.787934296,"(41.97576257447203, -87.7879342955108)"
79TH AND HALSTED,2541,7900 S HALSTED STREET,10/14/2014,2,1172298.707400847,1852444.344822186,41.750549559,-87.644188368,"(41.750549559438944, -87.64418836784098)"
WESTERN AND ADDISON,1562,3600 N WESTERN AVENUE,07/14/2014,21,1159695.573342728,1923871.086283556,41.94681992,-87.688406662,"(41.94681991986288, -87.68840666206194)"
MILWAUKEE AND MONTROSE,1364,5075 W MONTROSE AVENUE,07/01/2014,3,1141716.746618898,1928736.076639057,41.960522088,-87.754371424,"(41.96052208819935, -87.75437142402293)"
PULASKI AND FOSTER,1102,5200 N PULASKI RD,09/11/2014,4,1148746.251286324,1934286.914361976,41.97562074,-87.728383135,"(41.97562073966174, -87.72838313514907)"
STONEY ISLAND AND 76TH,2631,7600 S STONY ISLAND A,09/29/2014,11,1188092.796191935,1854889.354158304,41.756897173,-87.586234285,"(41.75689717260223, -87.58623428506996)"
CICERO AND DIVERSEY,1694,4800 W DIVERSEY AVENUE,09/13/2014,3,1143869.848167704,1918226.043989398,41.93164142,-87.746719911,"(41.93164142040689, -87.7467199106462)"
99TH AND HALSTED,2433,800 W 99TH ST,07/16/2014,3,1172710.642565684,1839246.330602143,41.714323337,-87.643066714,"(41.71432333701137, -87.64306671421937)"
ASHLAND AND 95TH,2472,9500 S ASHLAND AVENUE,08/21/2014,7,1167295.830128711,1841695.121217916,41.721160612,-87.662828139,"(41.72116061205213, -87.66282813939165)"
WESTERN AND CERMAK,1002,2200 S WESTERN AVENUE,09/24/2014,9,1160669.42562757,1889318.196820393,41.85198384,-87.685785704,"(41.85198383957328, -87.68578570420526)"
WESTERN AND 79TH,2481,7900 S WESTERN AVE,09/16/2014,5,1161711.516404028,1852181.685686118,41.750054934,-87.682992203,"(41.750054933649984, -87.68299220290213)"
JEFFERY AND 95TH,2522,9500 S JEFFERY AVE,07/10/2014,3,1191132.420601301,1842335.735988875,41.722375907,-87.575499903,"(41.72237590704101, -87.57549990332795)"
WESTERN AND 63RD,2373,2400 W 63RD ST,09/23/2014,1,1161444.415758584,1862848.534703658,41.779331844,-87.683675761,"(41.77933184429814, -87.68367576084798)"
55TH and PULASKI,,4000 W 55TH ST,08/14/2014,1,1150621.676903861,1867864.274865394,41.793313334,-87.723223038,"(41.79331333358753, -87.72322303812588)"
55TH AND KEDZIE,2162,5500 S KEDZIE AVENUE,07/04/2014,2,1155945.854705238,1867941.621374192,41.793420237,-87.703697508,"(41.793420236755864, -87.70369750845424)"
KEDZIE AND 71ST,2354,3200 W 71ST STREET,08/29/2014,2,1156246.862901455,1857404.014959868,41.764497433,-87.702877023,"(41.76449743256955, -87.70287702335861)"
31ST ST AND MARTIN LUTHER KING DRIVE,2123,400 E 31ST STREET,07/05/2014,5,1179437.985396417,1884565.84226022,41.838534018,-87.617046113,"(41.838534018118914, -87.61704611345726)"
KIMBALL AND DIVERSEY,1583,3400 W DIVERSEY AVENUE,07/29/2014,3,1153211.149172713,1918454.477800566,41.932087747,-87.71238583,"(41.932087747378944, -87.71238582951281)"
PERSHING AND WESTERN,2114,2400 W PERSHING ROAD,08/25/2014,6,1160957.773623189,1878793.434193427,41.82309676,-87.685018951,"(41.82309676016606, -87.68501895061576)"
CICERO AND FULLERTON,1472,2400 N CICERO AVE,09/14/2014,2,1143961.592189569,1915545.343094087,41.92428359,-87.74645019,"(41.92428358982701, -87.74645019028947)"
HALSTED AND 63RD,2691,6300 S HALSTED STREET,07/30/2014,2,1172011.176373021,1863049.419962901,41.7796575,-87.644930993,"(41.77965750036339, -87.64493099278877)"
HALSTED AND MADISON,1872,1 N HALSTED STREET,09/26/2014,6,1171090.967986833,1900270.454015136,41.881815632,-87.647214717,"(41.88181563164203, -87.64721471704077)"
75TH AND STATE,2621,7500 S STATE STREET,08/28/2014,11,1177538.763040612,1855235.551345519,41.758092176,-87.624902228,"(41.75809217638291, -87.6249022282473)"
CALIFORNIA AND DIVERSEY,1514,2800 W DIVERSEY,07/26/2014,23,1157212.54253358,1918526.674434943,41.932205395,-87.697679244,"(41.93220539506452, -87.6976792438691)"
CICERO AND WASHINGTON,1891,100 N CICERO AVENUE,10/13/2014,4,1144328.984091479,1900095.170838459,41.88187971,-87.745489247,"(41.88187970991601, -87.7454892473012)"
ASHLAND AND LAWRENCE,1143,1600 W LAWRENCE AVENUE,09/08/2014,4,1164771.946929007,1931988.254061312,41.968987457,-87.669516307,"(41.96898745654617, -87.66951630654926)"
CICERO AND I55,2252,4200 S CICERO AVENUE,08/14/2014,4,1145023.742859509,1876358.276835519,41.816729387,-87.743536712,"(41.81672938674739, -87.74353671247594)"
CALIFORNIA AND DIVERSEY,1513,2800 W DIVERSEY,08/27/2014,3,1157212.54253358,1918526.674434943,41.932205395,-87.697679244,"(41.93220539506452, -87.6976792438691)"
WESTERN AND CHICAGO,1943,2400 W CHICAGO AVE,07/06/2014,5,1160226.686812944,1905300.904544474,41.895851041,-87.686968935,"(41.895851041123755, -87.68696893468467)"
CICERO AND FULLERTON,1474,4800 W FULLERTON AVE,08/29/2014,2,1143967.570794243,1915568.504954477,41.924347036,-87.74642764,"(41.924347036010694, -87.74642763965628)"
COLUMBUS AND ILLINOIS,1951,500 N COLUMBUS DRIVE,09/09/2014,11,1178372.808407292,1903693.06016042,41.891044569,-87.620371839,"(41.891044569124276, -87.620371839074)"
KEDZIE AND 71ST,2354,3200 W 71ST STREET,09/06/2014,5,1156246.862901455,1857404.014959868,41.764497433,-87.702877023,"(41.76449743256955, -87.70287702335861)"
WESTERN AND 71ST,2612,7100 S WESTERN AVENUE,09/24/2014,11,1161563.704681724,1857484.211306323,41.764608912,-87.683387053,"(41.76460891223613, -87.68338705328121)"
75TH AND STATE,2621,7500 S STATE STREET,10/01/2014,7,1177538.763040612,1855235.551345519,41.758092176,-87.624902228,"(41.75809217638291, -87.6249022282473)"
CALIFORNIA AND DEVON,1323,2800 W DEVON AVENUE,10/02/2014,2,1156484.528078038,1942377.980662191,41.997669523,-87.699706423,"(41.99766952286052, -87.69970642324591)"
PERSHING AND WESTERN,2112,3900 S WESTERN BLVD,07/23/2014,6,1161130.992078755,1878746.226354636,41.822963628,-87.684384785,"(41.82296362788048, -87.68438478541296)"
119TH AND HALSTED,2402,11900 S HALSTED,08/23/2014,3,1173094.774616191,1825911.054609338,41.677720829,-87.642051845,"(41.67772082924762, -87.64205184498218)"
HOMAN/KIMBALL AND NORTH,1773,3400 W NORTH AVE,10/13/2014,6,1153386.578905125,1910465.87061722,41.910162847,-87.711953868,"(41.91016284680269, -87.71195386769125)"
TOUHY AND OSCEOLA,1243,7432 W TOUHY AVENUE,07/21/2014,1,1125717.010560011,1947269.685461107,42.011661765,-87.812781431,"(42.01166176507329, -87.81278143114147)"
CICERO AND CHICAGO,1781,800 N CICERO AVENUE,09/20/2014,6,1144169.162482127,1904893.189220372,41.895049038,-87.745955516,"(41.89504903796389, -87.74595551626888)"
CORNELL DRIVE AND 57TH,2181,5700 S CORNELL DRIVE,10/07/2014,7,1188165.732740433,1867529.196427323,41.791580204,-87.585564215,"(41.79158020433135, -87.58556421519536)"
PETERSON AND WESTERN,1014,2400 W PETERSON,07/17/2014,6,1159214.211316277,1939825.301874586,41.99060901,-87.689735481,"(41.990609009807294, -87.68973548092968)"
HAMLIN AND LAKE,1881,300 N HAMLIN AVENUE,09/16/2014,6,1150970.026856642,1901381.688308858,41.885282636,-87.721069539,"(41.88528263580913, -87.72106953854511)"
JEFFERY AND 79TH,2663,2000 E 79TH STREET,07/15/2014,1,1190922.804327671,1853026.181924232,41.751716559,-87.575923074,"(41.751716559267784, -87.57592307446549)"
ASHLAND AND 87TH,2454,1600 W 87TH ST,10/04/2014,6,1167171.941297436,1847064.855345151,41.735898617,-87.663128781,"(41.735898617066006, -87.66312878090133)"
PULASKI AND ARCHER,2153,5000 S ARCHER AVE,08/30/2014,7,1150501.818909837,1871162.311703322,41.802365973,-87.723576766,"(41.80236597333895, -87.72357676611004)"
WESTERN AND CHICAGO,1941,800 N WESTERN AVE,07/15/2014,4,1160220.967978608,1905277.507115921,41.895786955,-87.686990586,"(41.89578695485361, -87.68699058611217)"
HAMLIN AND LAKE,1881,300 N HAMLIN AVENUE,10/06/2014,9,1150970.026856642,1901381.688308858,41.885282636,-87.721069539,"(41.88528263580913, -87.72106953854511)"
STONEY ISLAND AND 76TH,2631,7600 S STONY ISLAND A,08/18/2014,17,1188092.796191935,1854889.354158304,41.756897173,-87.586234285,"(41.75689717260223, -87.58623428506996)"
KEDZIE AND 47TH,2104,3200 W 47TH ST,10/03/2014,4,1155815.231505056,1873336.169728074,41.808226246,-87.704031672,"(41.808226246244026, -87.70403167215984)"
WESTERN AND TOUHY,1251,7200 N WESTERN AVENUE,07/10/2014,3,1158975.66256211,1947754.286963361,42.012371335,-87.690393917,"(42.012371334791766, -87.69039391737863)"
DIVISION AND DAMEN,1733,2000 W DIVISION,09/17/2014,3,1162815.710860194,1908034.672555531,41.903298793,-87.677383247,"(41.903298792681944, -87.67738324739636)"
KEDZIE AND ARMITAGE,1832,2000 N KEDZIE AVENUE,08/05/2014,6,1154684.031809326,1913129.496340896,41.917446172,-87.707116072,"(41.91744617191702, -87.70711607187832)"
CICERO AND 47TH,2202,4700 S CICERO AVE,08/11/2014,1,1145112.150373471,1873006.659918126,41.807530373,-87.743296821,"(41.80753037289406, -87.7432968212423)"
MILWAUKEE AND DEVON,1272,6400 N MILWAUKEE AVEN,10/10/2014,1,1132463.750397878,1942107.911507627,41.997382173,-87.788077674,"(41.99738217345368, -87.78807767391953)"
LAWRENCE AND WESTERN,1193,2400 W LAWRENCE AVENUE,10/01/2014,2,1159482.648570304,1931851.989492596,41.968724349,-87.688968727,"(41.96872434882172, -87.68896872699601)"
CICERO AND WASHINGTON,1891,100 N CICERO AVENUE,09/23/2014,9,1144328.984091479,1900095.170838459,41.88187971,-87.745489247,"(41.88187970991601, -87.7454892473012)"
99TH AND HALSTED,2433,800 W 99TH ST,08/15/2014,12,1172710.642565684,1839246.330602143,41.714323337,-87.643066714,"(41.71432333701137, -87.64306671421937)"
ASHLAND AND ARCHER,2301,3100 S ASHLAND AVENUE,08/06/2014,5,1166131.325337548,1884126.42490739,41.837622344,-87.665887181,"(41.83762234415814, -87.66588718054551)"
HARLEM AND BELMONT,1394,7200 W BELMONT AVE,08/28/2014,6,1127504.698153561,1920475.415440844,41.938105479,-87.806809552,"(41.93810547939496, -87.80680955240743)"
BELMONT AND KEDZIE,1371,3200 N KEDZIE AVENUE,07/28/2014,1,1154426.977874407,1921110.466549542,41.93935173,-87.707846594,"(41.93935173030961, -87.70784659359776)"
WESTERN AND FULLERTON,1672,2400 N WESTERN AVENUE,09/15/2014,3,1159923.309342995,1915897.778561358,41.924935944,-87.687790255,"(41.92493594409127, -87.68779025471278)"
ASHLAND AND FULLERTON,1652,2400 N ASHLAND AVENUE,07/30/2014,5,1165228.073342838,1916032.319169157,41.92519389,-87.668294363,"(41.92519388981048, -87.66829436339881)"
IRVING PARK AND KEDZIE,1354,3200 W IRVING PARK ROAD,07/09/2014,3,1154325.140302006,1926458.463197156,41.954029047,-87.708077494,"(41.95402904691877, -87.70807749383191)"
WESTERN AND FOSTER,1074,2400 W FOSTER AVE,08/26/2014,6,1159379.402846887,1934502.712486132,41.97600019,-87.689275084,"(41.97600018976586, -87.68927508385399)"
PERSHING AND WESTERN,2112,3900 S WESTERN BLVD,08/20/2014,5,1161130.992078755,1878746.226354636,41.822963628,-87.684384785,"(41.82296362788048, -87.68438478541296)"
PULASKI AND IRVING PARK,1572,4000 N PULASKI ROAD,09/11/2014,3,1148970.255325552,1926313.600468643,41.953737051,-87.727766612,"(41.95373705144353, -87.72776661179896)"
CENTRAL AND ADDISON,1682,3600 N CENTRAL AVENUE,07/08/2014,2,1138343.117435682,1923392.067464765,41.945919491,-87.766904594,"(41.945919490555106, -87.76690459426293)"
HALSTED AND 63RD,2692,6300 S HALSTED STREET,07/08/2014,1,1172011.176373021,1863049.419962901,41.7796575,-87.644930993,"(41.77965750036339, -87.64493099278877)"
SACRAMENTO AND LAKE,1821,150 N SACRAMENTO BOUL,07/07/2014,1,1156319.560664766,1900957.489351962,41.884012178,-87.701436479,"(41.88401217771363, -87.7014364786693)"
PULASKI AND DIVERSEY,1542,2800 N PULASKI ROAD,08/28/2014,5,1149200.724531183,1918332.222549679,41.931831026,-87.727126873,"(41.93183102561505, -87.72712687300454)"
ASHLAND AND 63RD,2683,1600 W 63RD STREET,10/11/2014,2,1166730.185044193,1862976.010016387,41.779570436,-87.664293875,"(41.77957043618697, -87.66429387512882)"
LARAMIE AND FULLERTON,1421,2400 N LARAMIE AVENUE,08/24/2014,1,1141282.877477884,1915479.163971956,41.924151874,-87.756294662,"(41.92415187425276, -87.75629466175003)"
CALIFORNIA AND PETERSON,1313,2800 W PETERSON AVENUE,07/17/2014,7,1156569.515341857,1939784.830544118,41.990552082,-87.699464396,"(41.990552081681564, -87.69946439622785)"
99TH AND HALSTED,2433,800 W 99TH ST,09/08/2014,9,1172710.642565684,1839246.330602143,41.714323337,-87.643066714,"(41.71432333701137, -87.64306671421937)"
CICERO AND NORTH,2033,4800 W NORTH AVENUE,09/13/2014,14,1144053.733747163,1910243.80567041,41.90973389,-87.746244973,"(41.909733890131285, -87.74624497295898)"
CANAL AND ROOSEVELT,2294,500 W ROOSEVELT ROAD,07/12/2014,11,1173290.72186561,1895021.166235495,41.867362693,-87.639293195,"(41.867362692616666, -87.63929319464197)"
IRVING PARK AND KEDZIE,1353,3200 W IRVING PARK ROAD,10/08/2014,4,1154325.140302006,1926458.463197156,41.954029047,-87.708077494,"(41.95402904691877, -87.70807749383191)"
GARFIELD AND ASHLAND,2272,5500 S ASHLAND AVENUE,07/23/2014,4,1166573.960309557,1868083.777885787,41.793590116,-87.664720996,"(41.793590115883404, -87.66472099593501)"
PULASKI AND IRVING PARK,1574,4000 W IRVING PARK RD,08/23/2014,5,1148988.727877253,1926320.954938409,41.953756874,-87.727698513,"(41.95375687447515, -87.72769851312907)"
4700 WESTERN,2141,4700 S WESTERN AVENUE,07/01/2014,5,1161120.438879703,1873431.066474726,41.808378408,-87.684570717,"(41.808378407946726, -87.68457071689552)"
JEFFERY AND 79TH,2662,7900 S JEFFERY BOULEV,10/13/2014,1,,,,,
WESTERN AND CHICAGO,1941,800 N WESTERN AVE,08/22/2014,3,1160220.967978608,1905277.507115921,41.895786955,-87.686990586,"(41.89578695485361, -87.68699058611217)"
LAKE SHORE DR AND BELMONT,1412,3200 N LAKESHORE DRIV,08/11/2014,6,1173053.220555078,1921821.380831705,41.940909163,-87.63936916,"(41.94090916326764, -87.63936915995522)"
JEFFERY AND 95TH,2523,2000 E 95TH ST,07/02/2014,1,1191188.381103057,1842410.411853539,41.722579473,-87.575292523,"(41.722579473126416, -87.57529252250366)"
WESTERN AND 51ST,2174,2400 W 51ST ST,08/14/2014,1,1161218.987472846,1870836.843263966,41.801257492,-87.684281116,"(41.801257491998776, -87.68428111564593)"
DAMEN AND 63RD,2702,6300 S DAMEN AVENUE,10/09/2014,2,1164069.407943298,1862830.277442834,41.779226921,-87.674052731,"(41.77922692069256, -87.67405273137854)"
HALSTED AND FULLERTON,1704,800 W FULLERTON AVENUE,08/03/2014,5,1170525.624723311,1916208.443992778,41.925562791,-87.648823641,"(41.92556279107417, -87.64882364145232)"
CICERO AND I55,2252,4200 S CICERO AVENUE,09/13/2014,4,1145023.742859509,1876358.276835519,41.816729387,-87.743536712,"(41.81672938674739, -87.74353671247594)"
STONY ISLAND/CORNELL AND 67TH,2731,6700 S CORNELL DRIVE,08/18/2014,4,1188316.454860734,1860851.137456735,41.77325149,-87.5852246,"(41.77325148959568, -87.58522459967712)"
CENTRAL AND CHICAGO,1973,5600 W CHICAGO AVENUE,08/08/2014,4,1138858.856732452,1904825.827586656,41.894962293,-87.765460791,"(41.89496229349977, -87.76546079122906)"
FULLERTON AND NARRAGANSETT,1554,6400 W FULLERTON AVENU,09/19/2014,8,1133317.594499059,1915293.661305931,41.923786189,-87.785567206,"(41.92378618871128, -87.78556720562165)"
CICERO AND HARRISON,2022,600 S CICERO AVENUE,08/09/2014,3,1144444.97442848,1896894.622216872,41.873094833,-87.745143869,"(41.873094832519136, -87.74514386884542)"
FULLERTON AND NARRAGANSETT,1554,6400 W FULLERTON AVENU,10/01/2014,2,1133317.594499059,1915293.661305931,41.923786189,-87.785567206,"(41.92378618871128, -87.78556720562165)"
BROADWAY/SHERIDAN AND DEVON,1123,1200 W DEVON AVE,07/12/2014,5,1167109.644248166,1942688.147952186,41.998298228,-87.660611661,"(41.99829822771884, -87.66061166063517)"
ASHLAND AND 95TH,2472,9500 S ASHLAND AVENUE,07/14/2014,6,1167295.830128711,1841695.121217916,41.721160612,-87.662828139,"(41.72116061205213, -87.66282813939165)"
ASHLAND AND ARCHER,2301,3100 S ASHLAND AVENUE,07/07/2014,5,1166131.325337548,1884126.42490739,41.837622344,-87.665887181,"(41.83762234415814, -87.66588718054551)"
PULASKI AND CHICAGO,1983,4000 W CHICAGO AVENUE,07/14/2014,1,1149561.855939692,1905086.596446259,41.895476752,-87.72614436,"(41.89547675163723, -87.72614435991626)"
IRVING PARK AND NARRAGANSETT,1024,6400 W IRVING PK,08/29/2014,3,1132945.939118726,1925946.304925137,41.953024751,-87.786683238,"(41.95302475075328, -87.78668323766634)"
CALIFORNIA AND DEVON,1323,2800 W DEVON AVENUE,08/05/2014,4,1156484.528078038,1942377.980662191,41.997669523,-87.699706423,"(41.99766952286052, -87.69970642324591)"
PULASKI AND ARMITAGE,1844,4000 W ARMITAGE AVENUE,09/24/2014,1,1149375.428872108,1913028.984273181,41.917275069,-87.726622746,"(41.91727506940875, -87.72662274644799)"
ADDISON AND HARLEM,1591,3600 N HARLEM AVENUE,07/12/2014,5,1127394.594070737,1923110.532422811,41.945338412,-87.807154769,"(41.94533841246591, -87.80715476912044)"
WESTERN AND DEVON,1212,6400 N WESTERN AVENUE,09/27/2014,3,1159113.585759434,1942451.622367891,41.997817807,-87.690033035,"(41.997817807026, -87.69003303469276)"
CALIFORNIA AND PETERSON,1313,2800 W PETERSON AVENUE,07/27/2014,4,1156569.515341857,1939784.830544118,41.990552082,-87.699464396,"(41.990552081681564, -87.69946439622785)"
WESTERN AND TOUHY,1251,7200 N WESTERN AVENUE,08/24/2014,6,1158975.66256211,1947754.286963361,42.012371335,-87.690393917,"(42.012371334791766, -87.69039391737863)"
PULASKI AND FOSTER,1102,5200 N PULASKI RD,09/21/2014,1,1148746.251286324,1934286.914361976,41.97562074,-87.728383135,"(41.97562073966174, -87.72838313514907)"
STATE AND 79TH,2651,7900 S STATE STREET,08/19/2014,6,1177618.166929966,1852621.870232838,41.750918138,-87.624690123,"(41.7509181383154, -87.62469012251644)"
CENTRAL AND LAKE,1742,400 N CENTRAL AVENUE,09/27/2014,4,1138928.478257537,1902217.926149854,41.887804621,-87.765268498,"(41.88780462053497, -87.76526849810371)"
CICERO AND I55,2251,4200 S CICERO AVENUE,08/14/2014,37,1145023.742859509,1876358.276835519,41.816729387,-87.743536712,"(41.81672938674739, -87.74353671247594)"
WESTERN AND ARMITAGE,1862,2000 N WESTERN AVENUE,08/26/2014,3,1160006.66733459,1913226.418158186,41.917603818,-87.687557878,"(41.91760381794161, -87.68755787755686)"
CALIFORNIA AND DEVON,1323,2800 W DEVON AVENUE,07/05/2014,2,1156484.528078038,1942377.980662191,41.997669523,-87.699706423,"(41.99766952286052, -87.69970642324591)"
VINCENNES AND 111TH,2531,11100 S VINCENNES AVE,08/28/2014,8,1167202.128381332,1831126.639262444,41.692160999,-87.663472469,"(41.69216099874656, -87.66347246868617)"
FOSTER AND BROADWAY,1111,5200 N BROADWAY ST,07/06/2014,3,1167334.508577915,1934714.008346532,41.976412143,-87.660015082,"(41.97641214294823, -87.66001508205365)"
DIVERSEY AND WESTERN,1434,2400 W DIVERSEY AVENUE,08/21/2014,2,1159859.648423836,1918576.255784305,41.932287183,-87.687950093,"(41.93228718299094, -87.6879500934122)"
BELMONT AND KEDZIE,1373,3200 W BELMONT,08/29/2014,5,1154461.587940363,1921143.091003516,41.939440561,-87.707718516,"(41.93944056117365, -87.70771851630873)"
CICERO AND I55,2252,4200 S CICERO AVENUE,09/08/2014,1,1145023.742859509,1876358.276835519,41.816729387,-87.743536712,"(41.81672938674739, -87.74353671247594)"
CICERO AND I55,2252,4200 S CICERO AVENUE,07/10/2014,11,1145023.742859509,1876358.276835519,41.816729387,-87.743536712,"(41.81672938674739, -87.74353671247594)"
CICERO AND ARMITAGE,2003,4800 W ARMITAGE AVENUE,08/09/2014,1,1144054.25126508,1912907.00926109,41.917041992,-87.746176095,"(41.91704199201953, -87.74617609464687)"
KEDZIE AND 31ST,2134,3200 W 31ST STREET,10/14/2014,1,1155487.128005646,1883943.061106793,41.8373395,-87.704950558,"(41.83733950029648, -87.70495055800411)"
HALSTED AND 63RD,2691,6300 S HALSTED STREET,10/04/2014,2,1172011.176373021,1863049.419962901,41.7796575,-87.644930993,"(41.77965750036339, -87.64493099278877)"
63RD AND STATE,2714,1 E 63RD ST,07/23/2014,8,1177367.518733101,1863199.17768559,41.779949105,-87.625289553,"(41.779949104569106, -87.62528955333775)"
LAFAYETTE AND 87TH,2503,30 W 87TH STREET,09/15/2014,10,1177407.651800237,1847320.772058312,41.736376037,-87.625621311,"(41.736376036604916, -87.62562131092602)"
DAMEN AND 63RD,2701,6300 S DAMEN AVENUE,09/27/2014,8,1164069.407943298,1862830.277442834,41.779226921,-87.674052731,"(41.77922692069256, -87.67405273137854)"
ROOSEVELT AND HALSTED,2234,800 W ROOSEVELT ROAD,07/26/2014,7,1171199.282357741,1894968.056393724,41.867263098,-87.646972686,"(41.86726309836901, -87.64697268601648)"
STONEY ISLAND AND 79TH,2462,7900 S STONEY ISLAND,08/04/2014,6,1188181.571068297,1852908.934789311,41.751460603,-87.585971993,"(41.75146060316686, -87.5859719929647)"
COTTAGE GROVE AND 71ST,2571,7100 S COTTAGE GROVE,07/04/2014,2,1182746.23698699,1858088.011064538,41.765800351,-87.605729127,"(41.76580035131893, -87.6057291269901)"
DIVISION AND DAMEN,1733,2000 W DIVISION,07/29/2014,3,1162815.710860194,1908034.672555531,41.903298793,-87.677383247,"(41.903298792681944, -87.67738324739636)"
119TH AND HALSTED,2404,800 W 119TH STREET,09/16/2014,1,1173111.174088158,1825985.001014405,41.677923389,-87.641989646,"(41.677923389134385, -87.64198964584013)"
WESTERN AND ADDISON,1562,3600 N WESTERN AVENUE,09/22/2014,10,1159695.573342728,1923871.086283556,41.94681992,-87.688406662,"(41.94681991986288, -87.68840666206194)"
CHICAGO AND CLARK,1964,100 W CHICAGO AVENUE,07/29/2014,1,1175374.528739575,1905745.47783364,41.896744347,-87.631321248,"(41.896744346875806, -87.63132124815151)"
75TH AND STATE,2624,1 E 75TH STREET,09/25/2014,6,1177601.72646404,1855229.486604181,41.758074111,-87.624671658,"(41.75807411097799, -87.62467165835182)"
ELSTON AND LAWRENCE,1284,4440 W LAWRENCE AVENUE,07/31/2014,3,1145715.061027481,1931571.0474838,41.968226398,-87.739599251,"(41.96822639754791, -87.73959925065756)"
ASHLAND AND 95TH,2472,9500 S ASHLAND AVENUE,08/30/2014,9,1167295.830128711,1841695.121217916,41.721160612,-87.662828139,"(41.72116061205213, -87.66282813939165)"
KIMBALL AND DIVERSEY,1583,3400 W DIVERSEY AVENUE,07/10/2014,2,1153211.149172713,1918454.477800566,41.932087747,-87.71238583,"(41.932087747378944, -87.71238582951281)"
ASHLAND AND IRVING PARK,1151,4000 N ASHLAND AVENUE,09/01/2014,7,1164899.463802581,1926665.661118925,41.954379326,-87.66919912,"(41.954379326212695, -87.66919911980419)"
CALIFORNIA AND DIVERSEY,1513,2800 W DIVERSEY,09/18/2014,1,1157212.54253358,1918526.674434943,41.932205395,-87.697679244,"(41.93220539506452, -87.6976792438691)"
WESTERN AND FOSTER,1074,2400 W FOSTER AVE,07/24/2014,9,1159379.402846887,1934502.712486132,41.97600019,-87.689275084,"(41.97600018976586, -87.68927508385399)"
35TH AND WESTERN,2091,3500 S WESTERN,08/18/2014,3,1160894.949857101,1881376.851112895,41.830187255,-87.685177925,"(41.83018725526863, -87.68517792510231)"
ELSTON AND ADDISON,1402,3600 N ELSTON AVE,09/17/2014,2,1154106.95251778,1923731.036211081,41.946549165,-87.708952626,"(41.94654916480637, -87.70895262603513)"
PULASKI AND LAWRENCE,1173,4000 W LAWRENCE AVENUE,08/05/2014,2,1148844.220085601,1931638.45430438,41.968351285,-87.728091672,"(41.96835128527914, -87.72809167198088)"
99TH AND HALSTED,2433,800 W 99TH ST,07/29/2014,4,1172710.642565684,1839246.330602143,41.714323337,-87.643066714,"(41.71432333701137, -87.64306671421937)"
CICERO AND PETERSON,1204,4800 W PETERSON AVENUE,09/29/2014,1,1143273.766829016,1939491.944645127,41.990008007,-87.748376951,"(41.99000800729908, -87.74837695118997)"
STONY ISLAND/CORNELL AND 67TH,2731,6700 S CORNELL DRIVE,09/05/2014,4,1188316.454860734,1860851.137456735,41.77325149,-87.5852246,"(41.77325148959568, -87.58522459967712)"
111TH AND HALSTED,2422,11100 S HALSTED ST,10/08/2014,4,1172923.657689312,1831209.044179248,41.692263123,-87.642522688,"(41.692263123425136, -87.6425226876268)"
CICERO AND WASHINGTON,1891,100 N CICERO AVENUE,07/07/2014,9,1144328.984091479,1900095.170838459,41.88187971,-87.745489247,"(41.88187970991601, -87.7454892473012)"
CALIFORNIA AND DIVERSEY,1514,2800 W DIVERSEY,07/24/2014,36,1157212.54253358,1918526.674434943,41.932205395,-87.697679244,"(41.93220539506452, -87.6976792438691)"
WESTERN AND MARQUETTE,2672,6700 S WESTERN AVENUE,07/18/2014,3,1161488.747635042,1860134.788366884,41.771884028,-87.683588402,"(41.77188402771193, -87.68358840206334)"
WESTERN AND 51ST,2172,5100 S WESTERN BLVD,07/13/2014,1,1161345.691274872,1870773.193852299,41.801080204,-87.683818209,"(41.801080203554356, -87.68381820888895)"
PULASKI AND ARCHER,2153,5000 S ARCHER AVE,09/07/2014,6,1150501.818909837,1871162.311703322,41.802365973,-87.723576766,"(41.80236597333895, -87.72357676611004)"
HAMLIN AND MADISON,1901,0 N HAMLIN BOULEVARD,10/10/2014,5,,,,,
HARLEM AND NORTHWEST HWY,1082,6400 N HARLEM AVE,08/05/2014,5,1127335.21218179,1941943.442727776,41.997018918,-87.806947715,"(41.99701891845275, -87.8069477154956)"
99TH AND HALSTED,2433,800 W 99TH ST,08/08/2014,11,1172710.642565684,1839246.330602143,41.714323337,-87.643066714,"(41.71432333701137, -87.64306671421937)"
BELMONT AND KEDZIE,1373,3200 W BELMONT,09/22/2014,7,1154461.587940363,1921143.091003516,41.939440561,-87.707718516,"(41.93944056117365, -87.70771851630873)"
CENTRAL AND CHICAGO,1973,5600 W CHICAGO AVENUE,09/19/2014,1,1138858.856732452,1904825.827586656,41.894962293,-87.765460791,"(41.89496229349977, -87.76546079122906)"
WESTERN AND CHICAGO,1943,2400 W CHICAGO AVE,08/13/2014,5,1160226.686812944,1905300.904544474,41.895851041,-87.686968935,"(41.895851041123755, -87.68696893468467)"
4700 WESTERN,2142,4700 S WESTERN AVENUE,09/25/2014,7,1161120.438879703,1873431.066474726,41.808378408,-87.684570717,"(41.808378407946726, -87.68457071689552)"
CENTRAL AND BELMONT,1602,3200 N CENTRAL AVENUE,10/08/2014,1,1138430.432324593,1920731.654410336,41.938617463,-87.766648297,"(41.938617463272884, -87.76664829683827)"
COLUMBUS AND ILLINOIS,1952,500 N COLUMBUS DRIVE,07/28/2014,32,1178372.808407292,1903693.06016042,41.891044569,-87.620371839,"(41.891044569124276, -87.620371839074)"
STONY ISLAND/CORNELL AND 67TH,2731,6700 S CORNELL DRIVE,09/24/2014,9,1188316.454860734,1860851.137456735,41.77325149,-87.5852246,"(41.77325148959568, -87.58522459967712)"
SACRAMENTO AND LAKE,1821,150 N SACRAMENTO BOUL,07/09/2014,6,1156319.560664766,1900957.489351962,41.884012178,-87.701436479,"(41.88401217771363, -87.7014364786693)"
WESTERN AND DEVON,1211,6400 N WESTERN AVENUE,07/09/2014,5,1159113.585759434,1942451.622367891,41.997817807,-87.690033035,"(41.997817807026, -87.69003303469276)"
ASHLAND AND LAWRENCE,1143,1600 W LAWRENCE AVENUE,07/05/2014,7,1164771.946929007,1931988.254061312,41.968987457,-87.669516307,"(41.96898745654617, -87.66951630654926)"
CICERO AND 47TH,2202,4700 S CICERO AVE,08/15/2014,1,1145112.150373471,1873006.659918126,41.807530373,-87.743296821,"(41.80753037289406, -87.7432968212423)"
CICERO AND ARMITAGE,2003,4800 W ARMITAGE AVENUE,08/30/2014,2,1144054.25126508,1912907.00926109,41.917041992,-87.746176095,"(41.91704199201953, -87.74617609464687)"
SHERIDAN AND FOSTER,1134,1000 W FOSTER AVE,08/29/2014,3,1168689.247756979,1934758.578141654,41.976505116,-87.655031882,"(41.97650511595711, -87.65503188224778)"
COLUMBUS AND ILLINOIS,1952,500 N COLUMBUS DRIVE,07/25/2014,22,1178372.808407292,1903693.06016042,41.891044569,-87.620371839,"(41.891044569124276, -87.620371839074)"
KOSTNER AND NORTH,2012,4400 W GRAND AVE,07/31/2014,5,1146773.519128439,1910425.663958581,41.91018141,-87.73624887,"(41.910181409597406, -87.73624887040725)"
ASHLAND AND 47TH,2192,4700 S ASHLAND AVENUE,08/19/2014,2,1166423.624284841,1873520.235394001,41.808511597,-87.665117292,"(41.8085115972472, -87.66511729173287)"
KEDZIE AND 26TH,2381,2600 S KEDZIE AVENUE,07/15/2014,2,1155404.235510285,1886524.460033054,41.844424831,-87.705185452,"(41.84442483084393, -87.70518545233183)"
83RD AND STONY ISLAND,2562,8300 S STONY ISLAND A,09/23/2014,4,1188212.052384068,1850245.675393851,41.744151639,-87.585945067,"(41.744151639041974, -87.58594506695293)"
CENTRAL AND DIVERSEY,1642,2800 N CENTRAL AVENUE,10/08/2014,1,1138516.407377375,1918089.499227987,41.931365552,-87.766396529,"(41.93136555236339, -87.76639652879172)"
79TH AND HALSTED,2541,7900 S HALSTED STREET,10/07/2014,2,1172298.707400847,1852444.344822186,41.750549559,-87.644188368,"(41.750549559438944, -87.64418836784098)"
WESTERN AND 79TH,2481,7900 S WESTERN AVE,07/28/2014,4,1161711.516404028,1852181.685686118,41.750054934,-87.682992203,"(41.750054933649984, -87.68299220290213)"
ELSTON AND IRVING PARK,1502,4000 N ELSTON AVENUE,07/16/2014,2,1151273.974828198,1926311.849469842,41.953687266,-87.719297882,"(41.95368726563273, -87.71929788151473)"
WESTERN AND PRATT,1301,6800 N WESTERN AVENUE,09/04/2014,7,1159043.160898631,1945096.218978482,42.005076123,-87.69021903,"(42.00507612272344, -87.69021903022175)"
HOLLYWOOD AND SHERIDAN,1343,1000 W HOLLYWOOD AVE,09/08/2014,2,1168580.228926466,1938090.295189338,41.985649799,-87.655335807,"(41.98564979859328, -87.65533580655139)"
CICERO AND FULLERTON,1472,2400 N CICERO AVE,09/30/2014,2,1143961.592189569,1915545.343094087,41.92428359,-87.74645019,"(41.92428358982701, -87.74645019028947)"
DAMEN AND 63RD,2701,6300 S DAMEN AVENUE,07/31/2014,4,1164069.407943298,1862830.277442834,41.779226921,-87.674052731,"(41.77922692069256, -87.67405273137854)"
WESTERN AND FOSTER,1074,2400 W FOSTER AVE,07/10/2014,11,1159379.402846887,1934502.712486132,41.97600019,-87.689275084,"(41.97600018976586, -87.68927508385399)"
119TH AND HALSTED,2404,800 W 119TH STREET,08/09/2014,3,1173111.174088158,1825985.001014405,41.677923389,-87.641989646,"(41.677923389134385, -87.64198964584013)"
COTTAGE GROVE AND 71ST,2571,7100 S COTTAGE GROVE,07/02/2014,1,1182746.23698699,1858088.011064538,41.765800351,-87.605729127,"(41.76580035131893, -87.6057291269901)"
STATE AND 79TH,2654,1 E 79TH STREET,08/20/2014,12,1177680.113652821,1852598.313477786,41.750852096,-87.624463832,"(41.75085209551078, -87.62446383210285)"
WENTWORTH AND GARFIELD,2264,200 W GARFIELD BLVD,08/25/2014,11,1175889.574397302,1868551.750512227,41.794670385,-87.630547476,"(41.79467038468937, -87.63054747605638)"
WESTERN AND 71ST,2612,7100 S WESTERN AVENUE,09/18/2014,12,1161563.704681724,1857484.211306323,41.764608912,-87.683387053,"(41.76460891223613, -87.68338705328121)"
PULASKI AND IRVING PARK,1574,4000 W IRVING PARK RD,08/01/2014,5,1148988.727877253,1926320.954938409,41.953756874,-87.727698513,"(41.95375687447515, -87.72769851312907)"
55TH and PULASKI,2244,4000 W 55TH ST,10/07/2014,5,1150621.676903861,1867864.274865394,41.793313334,-87.723223038,"(41.79331333358753, -87.72322303812588)"
WESTERN AND FOSTER,1072,5200 N WESTERN AVE,09/05/2014,8,1159372.922497116,1934478.313674003,41.975933372,-87.689299589,"(41.97593337199358, -87.6892995891816)"
PULASKI AND IRVING PARK,1574,4000 W IRVING PARK RD,10/11/2014,3,1148988.727877253,1926320.954938409,41.953756874,-87.727698513,"(41.95375687447515, -87.72769851312907)"
BELMONT AND KEDZIE,1372,3200 N KEDZIE AVE,10/13/2014,1,1154426.977874407,1921110.466549542,41.93935173,-87.707846594,"(41.93935173030961, -87.70784659359776)"
VAN BUREN AND WESTERN,2052,400 S WESTERN AVENUE,09/01/2014,39,1160431.682297829,1898091.942371589,41.876064776,-87.686415631,"(41.87606477642526, -87.68641563098768)"
CICERO AND 47TH,2202,4700 S CICERO AVE,10/12/2014,1,1145112.150373471,1873006.659918126,41.807530373,-87.743296821,"(41.80753037289406, -87.7432968212423)"
VINCENNES AND 111TH,2532,11100 S VINCENNES AVE,07/26/2014,4,1167202.128381332,1831126.639262444,41.692160999,-87.663472469,"(41.69216099874656, -87.66347246868617)"
119TH AND HALSTED,2402,11900 S HALSTED,09/29/2014,5,1173094.774616191,1825911.054609338,41.677720829,-87.642051845,"(41.67772082924762, -87.64205184498218)"
WESTERN AND FOSTER,1072,5200 N WESTERN AVE,07/06/2014,1,1159372.922497116,1934478.313674003,41.975933372,-87.689299589,"(41.97593337199358, -87.6892995891816)"
ASHLAND AND FULLERTON,1651,2400 N ASHLAND AVENUE,08/24/2014,10,1165228.073342838,1916032.319169157,41.92519389,-87.668294363,"(41.92519388981048, -87.66829436339881)"
PULASKI AND PETERSON,1262,6000 N PULASKI ROAD,09/22/2014,1,1148598.016685695,1939584.645960177,41.990160923,-87.728790748,"(41.99016092280557, -87.72879074759867)"
TOUHY AND OSCEOLA,1244,7432 W TOUHY AVENUE,07/01/2014,2,1125717.010560011,1947269.685461107,42.011661765,-87.812781431,"(42.01166176507329, -87.81278143114147)"
LAWRENCE AND WESTERN,1193,2400 W LAWRENCE AVENUE,08/12/2014,2,1159482.648570304,1931851.989492596,41.968724349,-87.688968727,"(41.96872434882172, -87.68896872699601)"
LAKE SHORE DR AND BELMONT,1413,400 W BELMONT AVE,07/16/2014,11,1172981.744869382,1921577.376128802,41.940241193,-87.639639114,"(41.94024119325571, -87.63963911427594)"
DAMEN AND 63RD,2701,6300 S DAMEN AVENUE,07/05/2014,6,1164069.407943298,1862830.277442834,41.779226921,-87.674052731,"(41.77922692069256, -87.67405273137854)"
WESTERN AND DEVON,1211,6400 N WESTERN AVENUE,10/04/2014,1,1159113.585759434,1942451.622367891,41.997817807,-87.690033035,"(41.997817807026, -87.69003303469276)"
BELMONT AND KEDZIE,1371,3200 N KEDZIE AVENUE,12/11/2014,1,1154426.977874407,1921110.466549542,41.93935173,-87.707846594,"(41.93935173030961, -87.70784659359776)"
PULASKI AND CHICAGO,1983,4000 W CHICAGO AVENUE,10/15/2014,1,1149561.855939692,1905086.596446259,41.895476752,-87.72614436,"(41.89547675163723, -87.72614435991626)"
71ST AND ASHLAND,2394,1600 W 71ST,08/31/2014,6,1166890.012333149,1857674.2502247,41.765018306,-87.66385923,"(41.76501830555763, -87.66385923012646)"
ASHLAND AND 47TH,2192,4700 S ASHLAND AVENUE,10/08/2014,3,1166423.624284841,1873520.235394001,41.808511597,-87.665117292,"(41.8085115972472, -87.66511729173287)"
79TH AND KEDZIE,2443,3200 W 79TH ST,09/21/2014,1,1156402.644780165,1852104.649370984,41.749952001,-87.702448478,"(41.74995200142266, -87.70244847808695)"
83RD AND STONY ISLAND,2562,8300 S STONY ISLAND A,10/05/2014,10,1188212.052384068,1850245.675393851,41.744151639,-87.585945067,"(41.744151639041974, -87.58594506695293)"
4700 WESTERN,2141,4700 S WESTERN AVENUE,07/17/2014,3,1161120.438879703,1873431.066474726,41.808378408,-87.684570717,"(41.808378407946726, -87.68457071689552)"
IRVING PARK AND NARRAGANSETT,1024,6400 W IRVING PK,08/17/2014,3,1132945.939118726,1925946.304925137,41.953024751,-87.786683238,"(41.95302475075328, -87.78668323766634)"
PULASKI AND MONTROSE,1294,4000 W MONTROSE AVENUE,07/05/2014,2,1148917.521854602,1928980.338532162,41.961055804,-87.727891206,"(41.96105580370759, -87.72789120598296)"
55TH AND WESTERN,2213,2400 W 55TH STREET,08/17/2014,5,1161277.012730599,1868185.749490228,41.793981347,-87.684141741,"(41.7939813465735, -87.68414174128355)"
WESTERN AND FULLERTON,1671,2400 N WESTERN AVENUE,09/28/2014,8,1159923.309342995,1915897.778561358,41.924935944,-87.687790255,"(41.92493594409127, -87.68779025471278)"
MONTROSE AND WESTERN,1224,2400 W MONTROSE AVENUE,07/09/2014,2,1159562.971802959,1929191.337701253,41.961421726,-87.68874698,"(41.961421726406314, -87.68874697983858)"
AUSTIN AND ADDISON,1491,3600 N AUSTIN AVENUE,09/16/2014,1,1135691.599896458,1923335.967306169,41.945813215,-87.776652162,"(41.9458132146695, -87.77665216156436)"
PULASKI AND MONTROSE,1294,4000 W MONTROSE AVENUE,09/20/2014,1,1148917.521854602,1928980.338532162,41.961055804,-87.727891206,"(41.96105580370759, -87.72789120598296)"
DAMEN AND DIVERSEY,1464,2000 W DIVERSEY PARKWAY,10/04/2014,4,1162519.714934025,1918635.417634925,41.932394164,-87.678173031,"(41.93239416403691, -87.67817303087757)"
WESTERN AND CERMAK,1003,2400 W CERMAK ROAD,07/01/2014,2,1160678.000607329,1889375.645335924,41.852141307,-87.685752642,"(41.85214130680468, -87.6857526415569)"
STONY ISLAND/CORNELL AND 67TH,2721,6700 S STONY ISLAND A,08/16/2014,7,1187984.143047539,1860863.338367666,41.773292896,-87.586442368,"(41.77329289585066, -87.58644236831432)"
FOSTER AND BROADWAY,1111,5200 N BROADWAY ST,07/29/2014,3,1167334.508577915,1934714.008346532,41.976412143,-87.660015082,"(41.97641214294823, -87.66001508205365)"
CICERO AND PETERSON,1204,4800 W PETERSON AVENUE,10/05/2014,1,1143273.766829016,1939491.944645127,41.990008007,-87.748376951,"(41.99000800729908, -87.74837695118997)"
COTTAGE GROVE AND 71ST,2571,7100 S COTTAGE GROVE,08/26/2014,1,1182746.23698699,1858088.011064538,41.765800351,-87.605729127,"(41.76580035131893, -87.6057291269901)"
IRVING PARK AND NARRAGANSETT,1023,6400 W IRVING PK,08/17/2014,1,1132945.939118726,1925946.304925137,41.953024751,-87.786683238,"(41.95302475075328, -87.78668323766634)"
ASHLAND AND 95TH,2472,9500 S ASHLAND AVENUE,07/26/2014,5,1167295.830128711,1841695.121217916,41.721160612,-87.662828139,"(41.72116061205213, -87.66282813939165)"
PULASKI AND ARCHER,2153,5000 S ARCHER AVE,09/08/2014,4,1150501.818909837,1871162.311703322,41.802365973,-87.723576766,"(41.80236597333895, -87.72357676611004)"
LASALLE AND KINZIE,1923,140 W KINZIE,09/16/2014,3,1175048.09765242,1903028.894760294,41.889297219,-87.632601648,"(41.88929721947309, -87.63260164817305)"
MONTROSE AND WESTERN,1224,2400 W MONTROSE AVENUE,08/14/2014,1,1159562.971802959,1929191.337701253,41.961421726,-87.68874698,"(41.961421726406314, -87.68874697983858)"
HAMLIN AND LAKE,1882,300 N HAMLIN AVENUE,09/14/2014,3,1150970.026856642,1901381.688308858,41.885282636,-87.721069539,"(41.88528263580913, -87.72106953854511)"
PULASKI AND PETERSON,1262,6000 N PULASKI ROAD,10/01/2014,1,1148598.016685695,1939584.645960177,41.990160923,-87.728790748,"(41.99016092280557, -87.72879074759867)"
71ST AND ASHLAND,2394,1600 W 71ST,09/30/2014,6,1166890.012333149,1857674.2502247,41.765018306,-87.66385923,"(41.76501830555763, -87.66385923012646)"
79TH AND HALSTED,2541,7900 S HALSTED STREET,07/05/2014,4,1172298.707400847,1852444.344822186,41.750549559,-87.644188368,"(41.750549559438944, -87.64418836784098)"
55TH AND KEDZIE,2163,3200 W 55TH STREET,09/28/2014,2,1155966.956993183,1868015.593764152,41.793622803,-87.703618141,"(41.79362280329978, -87.70361814062049)"
WESTERN AND 79TH,2484,2400 W 79TH ST,07/16/2014,1,1161758.68085177,1852242.255513454,41.750220168,-87.682817693,"(41.75022016799851, -87.68281769253687)"
ELSTON AND IRVING PARK,1502,4000 N ELSTON AVENUE,10/11/2014,3,1151273.974828198,1926311.849469842,41.953687266,-87.719297882,"(41.95368726563273, -87.71929788151473)"
31ST ST AND MARTIN LUTHER KING DRIVE,2123,400 E 31ST STREET,09/24/2014,2,1179437.985396417,1884565.84226022,41.838534018,-87.617046113,"(41.838534018118914, -87.61704611345726)"
IRVING PARK AND KEDZIE,1354,3200 W IRVING PARK ROAD,07/05/2014,1,1154325.140302006,1926458.463197156,41.954029047,-87.708077494,"(41.95402904691877, -87.70807749383191)"
WESTERN AND 79TH,2481,7900 S WESTERN AVE,07/17/2014,5,1161711.516404028,1852181.685686118,41.750054934,-87.682992203,"(41.750054933649984, -87.68299220290213)"
WESTERN AND CHICAGO,1943,2400 W CHICAGO AVE,10/03/2014,1,1160226.686812944,1905300.904544474,41.895851041,-87.686968935,"(41.895851041123755, -87.68696893468467)"
VINCENNES AND 111TH,2531,11100 S VINCENNES AVE,07/03/2014,9,1167202.128381332,1831126.639262444,41.692160999,-87.663472469,"(41.69216099874656, -87.66347246868617)"
WESTERN AND TOUHY,1252,7200 N WESTERN AVENUE,07/09/2014,5,1158975.66256211,1947754.286963361,42.012371335,-87.690393917,"(42.012371334791766, -87.69039391737863)"
CERMAK AND PULASKI,2334,4000 W CERMAK,08/29/2014,3,1150018.476053666,1889120.238540361,41.851654369,-87.724882975,"(41.85165436867626, -87.7248829753078)"
ARCHER AND CICERO,2081,5200 S CICERO AVE,10/05/2014,14,1145195.931989777,1869737.708306623,41.798558278,-87.743071866,"(41.798558278193305, -87.74307186616427)"
CLARK AND IRVING PARK,1093,1300 W IRVING PARK ROAD,09/14/2014,6,1166777.545456989,1926719.73687357,41.954487567,-87.662293496,"(41.95448756687966, -87.66229349585691)"
WESTERN AND DEVON,1212,6400 N WESTERN AVENUE,09/13/2014,2,1159113.585759434,1942451.622367891,41.997817807,-87.690033035,"(41.997817807026, -87.69003303469276)"
HALSTED AND DIVISION,1714,800 W DIVISION,07/01/2014,1,1170767.827960358,1908259.644151662,41.903745557,-87.648167011,"(41.90374555734733, -87.64816701062779)"
WESTERN AND CHICAGO,1941,800 N WESTERN AVE,07/25/2014,3,1160220.967978608,1905277.507115921,41.895786955,-87.686990586,"(41.89578695485361, -87.68699058611217)"
DAMEN AND FULLERTON,1662,2400 N DAMEN AVE,08/08/2014,3,1162574.442800845,1915955.081657831,41.925038006,-87.678047191,"(41.925038006410325, -87.67804719101314)"
KEDZIE AND 71ST,2352,7100 S KEDZIE AVENUE,10/11/2014,2,1156225.540366296,1857330.103443232,41.764295037,-87.702957162,"(41.764295036756856, -87.70295716211793)"
119TH AND HALSTED,2404,800 W 119TH STREET,07/11/2014,2,1173111.174088158,1825985.001014405,41.677923389,-87.641989646,"(41.677923389134385, -87.64198964584013)"
HOLLYWOOD AND SHERIDAN,1344,1000 W HOLLYWOOD AVE,08/08/2014,27,1168580.228926466,1938090.295189338,41.985649799,-87.655335807,"(41.98564979859328, -87.65533580655139)"
COTTAGE GROVE AND 95TH,2603,800 E 95TH STREET,08/13/2014,8,1183230.529909316,1842186.614201556,41.722153939,-87.604447736,"(41.72215393877189, -87.60444773564429)"
ASHLAND AND 47TH,2192,4700 S ASHLAND AVENUE,08/02/2014,8,1166423.624284841,1873520.235394001,41.808511597,-87.665117292,"(41.8085115972472, -87.66511729173287)"
LAFAYETTE AND 87TH,2503,30 W 87TH STREET,09/10/2014,19,1177407.651800237,1847320.772058312,41.736376037,-87.625621311,"(41.736376036604916, -87.62562131092602)"
CICERO AND ARMITAGE,2003,4800 W ARMITAGE AVENUE,08/31/2014,2,1144054.25126508,1912907.00926109,41.917041992,-87.746176095,"(41.91704199201953, -87.74617609464687)"
PULASKI AND FOSTER,1104,4000 W FOSTER AVE,08/23/2014,6,1148759.16134887,1934294.249006446,41.975640616,-87.728335469,"(41.975640616231914, -87.72833546926573)"
ASHLAND AND 87TH,2452,8700 S ASHLAND AVE,07/23/2014,3,1167150.470087748,1846991.212339794,41.735696989,-87.663209544,"(41.73569698863625, -87.66320954445679)"
CICERO AND PETERSON,1204,4800 W PETERSON AVENUE,07/10/2014,1,1143273.766829016,1939491.944645127,41.990008007,-87.748376951,"(41.99000800729908, -87.74837695118997)"
LARAMIE AND FULLERTON,1424,5200 W FULLERTON AVENUE,09/11/2014,3,1141305.554932016,1915502.611239048,41.924215797,-87.756210755,"(41.92421579723144, -87.75621075458939)"
MILWAUKEE AND DEVON,1272,6400 N MILWAUKEE AVEN,09/25/2014,4,1132463.750397878,1942107.911507627,41.997382173,-87.788077674,"(41.99738217345368, -87.78807767391953)"
LASALLE AND KINZIE,1921,400 N LASALLE,08/10/2014,4,1175028.579766798,1903002.552291359,41.889225372,-87.632674115,"(41.88922537162015, -87.63267411498495)"
KEDZIE AND ARMITAGE,1834,3200 W ARMITAGE AVENUE,08/05/2014,3,1154700.851347995,1913153.252187904,41.917511023,-87.707053639,"(41.91751102291878, -87.7070536388797)"
KEDZIE AND ARMITAGE,1832,2000 N KEDZIE AVENUE,09/16/2014,7,1154684.031809326,1913129.496340896,41.917446172,-87.707116072,"(41.91744617191702, -87.70711607187832)"
DAMEN AND DIVERSEY,1464,2000 W DIVERSEY PARKWAY,09/06/2014,3,1162519.714934025,1918635.417634925,41.932394164,-87.678173031,"(41.93239416403691, -87.67817303087757)"
FULLERTON AND NARRAGANSETT,1553,6400 W FULLERTON AVENU,09/17/2014,4,1133317.594499059,1915293.661305931,41.923786189,-87.785567206,"(41.92378618871128, -87.78556720562165)"
BROADWAY/SHERIDAN AND DEVON,1123,1200 W DEVON AVE,08/03/2014,1,1167109.644248166,1942688.147952186,41.998298228,-87.660611661,"(41.99829822771884, -87.66061166063517)"
CENTRAL AND DIVERSEY,1642,2800 N CENTRAL AVENUE,08/17/2014,2,1138516.407377375,1918089.499227987,41.931365552,-87.766396529,"(41.93136555236339, -87.76639652879172)"
IRVING PARK AND KEDZIE,1353,3200 W IRVING PARK ROAD,07/25/2014,3,1154325.140302006,1926458.463197156,41.954029047,-87.708077494,"(41.95402904691877, -87.70807749383191)"
HALSTED AND 63RD,2692,6300 S HALSTED STREET,07/17/2014,1,1172011.176373021,1863049.419962901,41.7796575,-87.644930993,"(41.77965750036339, -87.64493099278877)"
HAMLIN AND MADISON,1901,0 N HAMLIN BOULEVARD,09/22/2014,2,,,,,
STONY ISLAND/CORNELL AND 67TH,2721,6700 S STONY ISLAND A,08/12/2014,5,1187984.143047539,1860863.338367666,41.773292896,-87.586442368,"(41.77329289585066, -87.58644236831432)"
AUSTIN AND ADDISON,1491,3600 N AUSTIN AVENUE,07/27/2014,2,1135691.599896458,1923335.967306169,41.945813215,-87.776652162,"(41.9458132146695, -87.77665216156436)"
IRVING PARK AND NARRAGANSETT,1024,6400 W IRVING PK,07/09/2014,3,1132945.939118726,1925946.304925137,41.953024751,-87.786683238,"(41.95302475075328, -87.78668323766634)"
JEFFERY AND 95TH,2523,2000 E 95TH ST,10/13/2014,1,1191188.381103057,1842410.411853539,41.722579473,-87.575292523,"(41.722579473126416, -87.57529252250366)"
55TH AND WESTERN,2213,2400 W 55TH STREET,07/16/2014,1,1161277.012730599,1868185.749490228,41.793981347,-87.684141741,"(41.7939813465735, -87.68414174128355)"
DIVERSEY AND WESTERN,1431,2800 N WESTERN AVENUE,08/20/2014,9,1159837.205417355,1918550.506189309,41.932216988,-87.688033281,"(41.93221698794738, -87.68803328089533)"
ELSTON AND LAWRENCE,1284,4440 W LAWRENCE AVENUE,08/07/2014,3,1145715.061027481,1931571.0474838,41.968226398,-87.739599251,"(41.96822639754791, -87.73959925065756)"
WESTERN AND CERMAK,1002,2200 S WESTERN AVENUE,07/04/2014,14,1160669.42562757,1889318.196820393,41.85198384,-87.685785704,"(41.85198383957328, -87.68578570420526)"
PERSHING AND WESTERN,2112,3900 S WESTERN BLVD,08/26/2014,9,1161130.992078755,1878746.226354636,41.822963628,-87.684384785,"(41.82296362788048, -87.68438478541296)"
63RD AND STATE,2714,1 E 63RD ST,08/20/2014,3,1177367.518733101,1863199.17768559,41.779949105,-87.625289553,"(41.779949104569106, -87.62528955333775)"
KEDZIE AND 63RD,2361,6300 S KEDZIE AVE,08/09/2014,2,1156097.505177228,1862668.051775093,41.77894575,-87.703283119,"(41.77894575017997, -87.70328311900342)"
HARLEM AND BELMONT,1394,7200 W BELMONT AVE,10/09/2014,7,1127504.698153561,1920475.415440844,41.938105479,-87.806809552,"(41.93810547939496, -87.80680955240743)"
LAWRENCE AND WESTERN,1193,2400 W LAWRENCE AVENUE,08/06/2014,2,1159482.648570304,1931851.989492596,41.968724349,-87.688968727,"(41.96872434882172, -87.68896872699601)"
SACRAMENTO AND LAKE,1821,150 N SACRAMENTO BOUL,09/17/2014,6,1156319.560664766,1900957.489351962,41.884012178,-87.701436479,"(41.88401217771363, -87.7014364786693)"
PULASKI AND DIVISION,1802,1200 N PULASKI ROAD,07/19/2014,2,1149459.590666926,1907723.219884254,41.902713902,-87.726451457,"(41.902713901936174, -87.72645145715836)"
PULASKI AND IRVING PARK,1574,4000 W IRVING PARK RD,08/06/2014,3,1148988.727877253,1926320.954938409,41.953756874,-87.727698513,"(41.95375687447515, -87.72769851312907)"
KEDZIE AND 71ST,2352,7100 S KEDZIE AVENUE,08/25/2014,4,1156225.540366296,1857330.103443232,41.764295037,-87.702957162,"(41.764295036756856, -87.70295716211793)"
CENTRAL AND ADDISON,1683,5600 W ADDISON STREET,07/31/2014,2,1138349.663302502,1923416.02157061,41.945985104,-87.766879952,"(41.94598510430888, -87.76687995165918)"
35TH AND WESTERN,2092,3500 S WESTERN,09/13/2014,2,1160894.949857101,1881376.851112895,41.830187255,-87.685177925,"(41.83018725526863, -87.68517792510231)"
STONEY ISLAND AND 79TH,2461,7900 S SOUTH CHICAGO AVE,07/23/2014,1,1188274.655498937,1852865.685797892,41.751339705,-87.585632266,"(41.751339704589455, -87.58563226565187)"
HALSTED AND 103RD,2593,800 W 103RD STREET,07/31/2014,3,1172778.570616036,1836587.755252818,41.70702632,-87.642896007,"(41.707026319812215, -87.64289600741817)"
FOSTER AND NAGLE,1034,6400 W FOSTER,10/14/2014,3,1132552.893142153,1934229.875527466,41.975762574,-87.787934296,"(41.97576257447203, -87.7879342955108)"
KEDZIE AND ARMITAGE,1832,2000 N KEDZIE AVENUE,07/22/2014,7,1154684.031809326,1913129.496340896,41.917446172,-87.707116072,"(41.91744617191702, -87.70711607187832)"
COTTAGE GROVE AND 95TH,2603,800 E 95TH STREET,08/21/2014,7,1183230.529909316,1842186.614201556,41.722153939,-87.604447736,"(41.72215393877189, -87.60444773564429)"
71ST AND ASHLAND,2394,1600 W 71ST,10/08/2014,3,1166890.012333149,1857674.2502247,41.765018306,-87.66385923,"(41.76501830555763, -87.66385923012646)"
ASHLAND AND FULLERTON,1652,2400 N ASHLAND AVENUE,07/03/2014,13,1165228.073342838,1916032.319169157,41.92519389,-87.668294363,"(41.92519388981048, -87.66829436339881)"
ASHLAND AND ARCHER,2302,3100 S ARCHER AVENUE,07/04/2014,4,1166129.031970482,1884166.613649776,41.837732675,-87.66589445,"(41.83773267497158, -87.66589444999927)"
CICERO AND I55,2252,4200 S CICERO AVENUE,09/20/2014,2,1145023.742859509,1876358.276835519,41.816729387,-87.743536712,"(41.81672938674739, -87.74353671247594)"
ASHLAND AND 95TH,2473,1600 W 95TH STREET,07/27/2014,5,1167323.753394196,1841755.029221382,41.721324412,-87.662724153,"(41.721324411975246, -87.66272415265087)"
HAMLIN AND LAKE,1881,300 N HAMLIN AVENUE,08/22/2014,6,1150970.026856642,1901381.688308858,41.885282636,-87.721069539,"(41.88528263580913, -87.72106953854511)"
KEDZIE AND 26TH,2382,2600 S KEDZIE AVENUE,08/17/2014,3,1155404.235510285,1886524.460033054,41.844424831,-87.705185452,"(41.84442483084393, -87.70518545233183)"
WESTERN AND MARQUETTE,2672,6700 S WESTERN AVENUE,08/06/2014,3,1161488.747635042,1860134.788366884,41.771884028,-87.683588402,"(41.77188402771193, -87.68358840206334)"
CLARK AND IRVING PARK,1091,4000 N CLARK STREET,07/10/2014,4,1166736.149822904,1926699.323624709,41.954432441,-87.662446259,"(41.95443244141688, -87.66244625914061)"
FULLERTON AND NARRAGANSETT,1554,6400 W FULLERTON AVENU,07/29/2014,10,1133317.594499059,1915293.661305931,41.923786189,-87.785567206,"(41.92378618871128, -87.78556720562165)"
KOSTNER AND NORTH,2013,4400 W NORTH,09/11/2014,4,1146738.551618032,1910309.595368032,41.909863573,-87.736380296,"(41.90986357340246, -87.73638029605371)"
CICERO AND WASHINGTON,1891,100 N CICERO AVENUE,08/02/2014,18,1144328.984091479,1900095.170838459,41.88187971,-87.745489247,"(41.88187970991601, -87.7454892473012)"
PULASKI AND 63RD,2342,6300 S PULASKI RD,09/08/2014,8,1150746.00309079,1862516.747695325,41.778636469,-87.722906356,"(41.77863646878099, -87.72290635568541)"
ROOSEVELT AND PULASKI,2311,1200 S PULASKI ROAD,08/14/2014,3,1149866.002247864,1894375.839200384,41.866079337,-87.725305995,"(41.86607933722178, -87.7253059948758)"
STATE AND 79TH,2654,1 E 79TH STREET,07/27/2014,23,1177680.113652821,1852598.313477786,41.750852096,-87.624463832,"(41.75085209551078, -87.62446383210285)"
CICERO AND ADDISON,1612,3600 N CICERO AVENUE,08/20/2014,5,1143698.904601495,1923517.005821035,41.946163524,-87.747215169,"(41.94616352362556, -87.74721516897007)"
VINCENNES AND 111TH,2532,11100 S VINCENNES AVE,10/13/2014,4,1167202.128381332,1831126.639262444,41.692160999,-87.663472469,"(41.69216099874656, -87.66347246868617)"
CLARK AND IRVING PARK,1093,1300 W IRVING PARK ROAD,08/31/2014,9,1166777.545456989,1926719.73687357,41.954487567,-87.662293496,"(41.95448756687966, -87.66229349585691)"
LAWRENCE AND WESTERN,1193,2400 W LAWRENCE AVENUE,09/10/2014,2,1159482.648570304,1931851.989492596,41.968724349,-87.688968727,"(41.96872434882172, -87.68896872699601)"
SACRAMENTO AND LAKE,1822,150 N SACRAMENTO BOUL,09/19/2014,1,1156319.560664766,1900957.489351962,41.884012178,-87.701436479,"(41.88401217771363, -87.7014364786693)"
115TH AND HALSTED,2553,800 W 115TH STREET,07/23/2014,2,1173010.735357888,1828632.242070332,41.685190056,-87.642279564,"(41.68519005571938, -87.64227956401977)"
HALSTED AND FULLERTON,1704,800 W FULLERTON AVENUE,09/09/2014,3,1170525.624723311,1916208.443992778,41.925562791,-87.648823641,"(41.92556279107417, -87.64882364145232)"
TOUHY AND OSCEOLA,1243,7432 W TOUHY AVENUE,08/30/2014,2,1125717.010560011,1947269.685461107,42.011661765,-87.812781431,"(42.01166176507329, -87.81278143114147)"
CENTRAL AND IRVING PARK,1183,5600 W IRVING PARK ROAD,07/30/2014,3,1138281.535484986,1926078.647777633,41.953292847,-87.767065708,"(41.953292847298, -87.76706570775266)"
HALSTED AND 95TH,2581,9500 S HALSTED STREET,09/21/2014,3,1172610.538363645,1841811.61926207,41.721365061,-87.643358042,"(41.72136506078306, -87.64335804234075)"
CICERO AND NORTH,2034,4800 W NORTH AVENUE,09/22/2014,2,1144053.733747163,1910243.80567041,41.90973389,-87.746244973,"(41.909733890131285, -87.74624497295898)"
HAMLIN AND LAKE,1882,300 N HAMLIN AVENUE,09/20/2014,2,1150970.026856642,1901381.688308858,41.885282636,-87.721069539,"(41.88528263580913, -87.72106953854511)"
WESTERN AND FULLERTON,1672,2400 N WESTERN AVENUE,09/18/2014,2,1159923.309342995,1915897.778561358,41.924935944,-87.687790255,"(41.92493594409127, -87.68779025471278)"
CALIFORNIA AND PETERSON,1311,6000 N CALIFORNIA AVE,08/11/2014,1,1156545.742699118,1939775.775541795,41.990527717,-87.699552084,"(41.990527717148176, -87.69955208405155)"
DAMEN AND 63RD,2701,6300 S DAMEN AVENUE,09/07/2014,1,1164069.407943298,1862830.277442834,41.779226921,-87.674052731,"(41.77922692069256, -87.67405273137854)"
CALIFORNIA AND DEVON,1321,6400 N CALIFORNIA AVE,09/08/2014,3,1156461.150245401,1942370.37710537,41.997649133,-87.699792629,"(41.997649133049336, -87.69979262891378)"
CICERO AND 47TH,2202,4700 S CICERO AVE,09/13/2014,1,1145112.150373471,1873006.659918126,41.807530373,-87.743296821,"(41.80753037289406, -87.7432968212423)"
63RD AND STATE,2714,1 E 63RD ST,09/15/2014,8,1177367.518733101,1863199.17768559,41.779949105,-87.625289553,"(41.779949104569106, -87.62528955333775)"
KEDZIE AND 63RD,2361,6300 S KEDZIE AVE,10/06/2014,1,1156097.505177228,1862668.051775093,41.77894575,-87.703283119,"(41.77894575017997, -87.70328311900342)"
HOMAN/KIMBALL AND NORTH,1771,1600 N HOMAN AVENUE,10/13/2014,2,,,,,
75TH AND STATE,2621,7500 S STATE STREET,07/10/2014,9,1177538.763040612,1855235.551345519,41.758092176,-87.624902228,"(41.75809217638291, -87.6249022282473)"
ASHLAND AND 47TH,2191,4700 S ASHLAND AVENUE,09/24/2014,3,1166423.624284841,1873520.235394001,41.808511597,-87.665117292,"(41.8085115972472, -87.66511729173287)"
STONY ISLAND/CORNELL AND 67TH,2721,6700 S STONY ISLAND A,07/13/2014,2,1187984.143047539,1860863.338367666,41.773292896,-87.586442368,"(41.77329289585066, -87.58644236831432)"
CENTRAL AND DIVERSEY,1642,2800 N CENTRAL AVENUE,07/16/2014,4,1138516.407377375,1918089.499227987,41.931365552,-87.766396529,"(41.93136555236339, -87.76639652879172)"
63RD AND STATE,2712,6300 S STATE ST,08/14/2014,9,1177303.801895084,1863220.216755923,41.780008277,-87.625522512,"(41.78000827740796, -87.6255225119157)"
WESTERN AND FULLERTON,1671,2400 N WESTERN AVENUE,07/17/2014,13,1159923.309342995,1915897.778561358,41.924935944,-87.687790255,"(41.92493594409127, -87.68779025471278)"
63RD AND STATE,2712,6300 S STATE ST,09/08/2014,7,1177303.801895084,1863220.216755923,41.780008277,-87.625522512,"(41.78000827740796, -87.6255225119157)"
ASHLAND AND MADISON,1914,1600 W MADISON,07/19/2014,1,1165723.014733182,1900136.515489506,41.881564167,-87.666929463,"(41.8815641670199, -87.66692946294842)"
FULLERTON AND NARRAGANSETT,1554,6400 W FULLERTON AVENU,08/31/2014,9,1133317.594499059,1915293.661305931,41.923786189,-87.785567206,"(41.92378618871128, -87.78556720562165)"
LARAMIE AND MADISON,2043,5200 W MADISON STREET,08/22/2014,7,1141706.965522802,1899567.55684314,41.880480752,-87.755130433,"(41.88048075170171, -87.75513043296509)"
WESTERN AND CERMAK,1002,2200 S WESTERN AVENUE,10/05/2014,6,1160669.42562757,1889318.196820393,41.85198384,-87.685785704,"(41.85198383957328, -87.68578570420526)"
HARLEM AND BELMONT,1394,7200 W BELMONT AVE,10/11/2014,3,1127504.698153561,1920475.415440844,41.938105479,-87.806809552,"(41.93810547939496, -87.80680955240743)"
STONY ISLAND/CORNELL AND 67TH,2731,6700 S CORNELL DRIVE,08/03/2014,8,1188316.454860734,1860851.137456735,41.77325149,-87.5852246,"(41.77325148959568, -87.58522459967712)"
HALSTED AND 95TH,2581,9500 S HALSTED STREET,08/08/2014,3,1172610.538363645,1841811.61926207,41.721365061,-87.643358042,"(41.72136506078306, -87.64335804234075)"
CICERO AND NORTH,2034,4800 W NORTH AVENUE,08/25/2014,3,1144053.733747163,1910243.80567041,41.90973389,-87.746244973,"(41.909733890131285, -87.74624497295898)"
35TH AND WESTERN,2091,3500 S WESTERN,07/11/2014,1,1160894.949857101,1881376.851112895,41.830187255,-87.685177925,"(41.83018725526863, -87.68517792510231)"
ASHLAND AND 63RD,2681,6300 S ASHLAND AVE,07/01/2014,4,1166711.252809567,1862903.630015878,41.77937222,-87.664365347,"(41.77937222048469, -87.66436534741581)"
KEDZIE AND 31ST,2134,3200 W 31ST STREET,09/03/2014,4,1155487.128005646,1883943.061106793,41.8373395,-87.704950558,"(41.83733950029648, -87.70495055800411)"
LASALLE AND KINZIE,1921,400 N LASALLE,08/08/2014,10,1175028.579766798,1903002.552291359,41.889225372,-87.632674115,"(41.88922537162015, -87.63267411498495)"
CICERO AND ADDISON,1611,3600 N CICERO AVENUE,09/08/2014,11,1143698.904601495,1923517.005821035,41.946163524,-87.747215169,"(41.94616352362556, -87.74721516897007)"
SACRAMENTO AND CHICAGO,1814,3000 W CHICAGO AVENUE,07/25/2014,5,1156075.266375505,1905216.604770718,41.895704525,-87.702218524,"(41.895704524946225, -87.70221852353758)"
WESTERN AND ARMITAGE,1861,2000 N WESTERN AVENUE,07/18/2014,1,1160006.66733459,1913226.418158186,41.917603818,-87.687557878,"(41.91760381794161, -87.68755787755686)"
WESTERN AND FOSTER,1072,5200 N WESTERN AVE,08/13/2014,2,1159372.922497116,1934478.313674003,41.975933372,-87.689299589,"(41.97593337199358, -87.6892995891816)"
83RD AND STONY ISLAND,2562,8300 S STONY ISLAND A,10/06/2014,6,1188212.052384068,1850245.675393851,41.744151639,-87.585945067,"(41.744151639041974, -87.58594506695293)"
119TH AND HALSTED,2402,11900 S HALSTED,08/02/2014,3,1173094.774616191,1825911.054609338,41.677720829,-87.642051845,"(41.67772082924762, -87.64205184498218)"
CENTRAL AND LAKE,1743,5600 W LAKE STREET,08/04/2014,3,1138951.495695032,1902230.510465733,41.887838735,-87.765183663,"(41.887838735330206, -87.76518366338465)"
HALSTED AND 103RD,2593,800 W 103RD STREET,08/05/2014,2,1172778.570616036,1836587.755252818,41.70702632,-87.642896007,"(41.707026319812215, -87.64289600741817)"
AUSTIN AND IRVING PARK,1161,4000 N AUSTIN AVENUE,07/27/2014,3,1135599.956110927,1926006.862619986,41.953144059,-87.776925284,"(41.95314405904539, -87.77692528423394)"
CERMAK AND PULASKI,2332,2200 S PULASKI,09/03/2014,2,1150012.876838243,1889071.75851865,41.851521442,-87.724904787,"(41.85152144233116, -87.7249047867499)"
CORTLAND AND ASHLAND,1721,1900 N ASHLAND AVE,07/04/2014,18,1165348.084854857,1912736.454335569,41.916147281,-87.667947354,"(41.91614728095272, -87.66794735350443)"
WESTERN AND CHICAGO,1941,800 N WESTERN AVE,09/30/2014,6,1160220.967978608,1905277.507115921,41.895786955,-87.686990586,"(41.89578695485361, -87.68699058611217)"
WENTWORTH AND GARFIELD,2264,200 W GARFIELD BLVD,07/19/2014,3,1175889.574397302,1868551.750512227,41.794670385,-87.630547476,"(41.79467038468937, -87.63054747605638)"
SACRAMENTO AND LAKE,1821,150 N SACRAMENTO BOUL,07/21/2014,3,1156319.560664766,1900957.489351962,41.884012178,-87.701436479,"(41.88401217771363, -87.7014364786693)"
CENTRAL AND LAKE,1743,5600 W LAKE STREET,08/27/2014,1,1138951.495695032,1902230.510465733,41.887838735,-87.765183663,"(41.887838735330206, -87.76518366338465)"
SHERIDAN AND FOSTER,1132,5200 N SHERIDAN ROAD,08/29/2014,2,1168661.623718229,1934753.842272756,41.976492721,-87.655133605,"(41.97649272077833, -87.65513360456677)"
ASHLAND AND FULLERTON,1652,2400 N ASHLAND AVENUE,09/03/2014,2,1165228.073342838,1916032.319169157,41.92519389,-87.668294363,"(41.92519388981048, -87.66829436339881)"
WESTERN AND ADDISON,1563,2400 W ADDISON,08/11/2014,5,1159719.041544334,1923878.577275797,41.946839991,-87.688320193,"(41.9468399910054, -87.68832019252964)"
ASHLAND AND 95TH,2472,9500 S ASHLAND AVENUE,08/16/2014,6,1167295.830128711,1841695.121217916,41.721160612,-87.662828139,"(41.72116061205213, -87.66282813939165)"
COLUMBUS AND ILLINOIS,1951,500 N COLUMBUS DRIVE,07/31/2014,12,1178372.808407292,1903693.06016042,41.891044569,-87.620371839,"(41.891044569124276, -87.620371839074)"
CLARK AND IRVING PARK,1093,1300 W IRVING PARK ROAD,10/04/2014,7,1166777.545456989,1926719.73687357,41.954487567,-87.662293496,"(41.95448756687966, -87.66229349585691)"
75TH AND STATE,2621,7500 S STATE STREET,08/30/2014,12,1177538.763040612,1855235.551345519,41.758092176,-87.624902228,"(41.75809217638291, -87.6249022282473)"
WESTERN AND MARQUETTE,2672,6700 S WESTERN AVENUE,07/19/2014,4,1161488.747635042,1860134.788366884,41.771884028,-87.683588402,"(41.77188402771193, -87.68358840206334)"
CICERO AND I55,2252,4200 S CICERO AVENUE,07/30/2014,1,1145023.742859509,1876358.276835519,41.816729387,-87.743536712,"(41.81672938674739, -87.74353671247594)"
87TH AND VINCENNES,2412,8700 S VINCENNES,10/10/2014,7,1172026.328989535,1847142.496643776,41.736006565,-87.645341819,"(41.73600656458518, -87.64534181897955)"
ADDISON AND HARLEM,1591,3600 N HARLEM AVENUE,08/07/2014,7,1127394.594070737,1923110.532422811,41.945338412,-87.807154769,"(41.94533841246591, -87.80715476912044)"
ELSTON AND LAWRENCE,1284,4440 W LAWRENCE AVENUE,07/19/2014,12,1145715.061027481,1931571.0474838,41.968226398,-87.739599251,"(41.96822639754791, -87.73959925065756)"
WESTERN AND NORTH,1851,1600 N WESTERN AVE,07/03/2014,5,1160077.474351131,1910605.013316134,41.910409024,-87.687370268,"(41.91040902362901, -87.687370268401)"
HARLEM AND BELMONT,1394,7200 W BELMONT AVE,08/27/2014,1,1127504.698153561,1920475.415440844,41.938105479,-87.806809552,"(41.93810547939496, -87.80680955240743)"
PULASKI AND FOSTER,1104,4000 W FOSTER AVE,08/29/2014,8,1148759.16134887,1934294.249006446,41.975640616,-87.728335469,"(41.975640616231914, -87.72833546926573)"
MILWAUKEE AND DEVON,1272,6400 N MILWAUKEE AVEN,10/12/2014,1,1132463.750397878,1942107.911507627,41.997382173,-87.788077674,"(41.99738217345368, -87.78807767391953)"
WESTERN AND CERMAK,1002,2200 S WESTERN AVENUE,10/04/2014,6,1160669.42562757,1889318.196820393,41.85198384,-87.685785704,"(41.85198383957328, -87.68578570420526)"
LARAMIE AND MADISON,2043,5200 W MADISON STREET,08/03/2014,8,1141706.965522802,1899567.55684314,41.880480752,-87.755130433,"(41.88048075170171, -87.75513043296509)"
ASHLAND AND 87TH,2454,1600 W 87TH ST,10/06/2014,11,1167171.941297436,1847064.855345151,41.735898617,-87.663128781,"(41.735898617066006, -87.66312878090133)"
VINCENNES AND 111TH,2532,11100 S VINCENNES AVE,08/21/2014,4,1167202.128381332,1831126.639262444,41.692160999,-87.663472469,"(41.69216099874656, -87.66347246868617)"
MONTROSE AND WESTERN,1221,4400 N WESTERN AVENUE,09/10/2014,11,1159539.733234718,1929183.918095502,41.961401846,-87.688832623,"(41.961401846278505, -87.6888326227788)"
WESTERN AND NORTH,1853,2400 W NORTH AVE,09/23/2014,2,1160100.839010995,1910612.783367238,41.910429862,-87.687284221,"(41.91042986235867, -87.68728422050837)"
PULASKI AND FOSTER,1104,4000 W FOSTER AVE,09/18/2014,5,1148759.16134887,1934294.249006446,41.975640616,-87.728335469,"(41.975640616231914, -87.72833546926573)"
111TH AND HALSTED,2424,800 W 111TH ST,09/08/2014,1,1172945.404219168,1831282.917027882,41.692465363,-87.642440901,"(41.692465363421874, -87.64244090105778)"
63RD AND STATE,2712,6300 S STATE ST,09/01/2014,5,1177303.801895084,1863220.216755923,41.780008277,-87.625522512,"(41.78000827740796, -87.6255225119157)"
PULASKI AND NORTH,8313,1600 N PULASKI AVENUE,07/07/2014,2,1149432.959240306,1910369.112502195,41.90997501,-87.726480523,"(41.909975010236906, -87.72648052306623)"
ROOSEVELT AND KOSTNER,2321,1200 S KOSTNER,08/18/2014,4,1147196.304001978,1894305.883269746,41.865938839,-87.735108549,"(41.8659388389088, -87.73510854901264)"
115TH AND HALSTED,2553,800 W 115TH STREET,08/06/2014,2,1173010.735357888,1828632.242070332,41.685190056,-87.642279564,"(41.68519005571938, -87.64227956401977)"
HALSTED AND 83RD,2641,8300 S HALSTED STREET,08/25/2014,1,1172378.202798089,1849790.199606783,41.743264491,-87.64397498,"(41.743264490643654, -87.64397498015705)"
ASHLAND AND LAWRENCE,1142,4800 N ASHLAND AVENUE,09/24/2014,6,1164751.686785145,1932001.206626392,41.96902343,-87.669590434,"(41.969023429614026, -87.66959043354217)"
CENTRAL AND FULLERTON,1444,5600 W FULLERTON AVENU,07/20/2014,3,1138627.279189421,1915438.969256439,41.924090199,-87.76605353,"(41.92409019883488, -87.76605353016079)"
CICERO AND ARMITAGE,2001,2000 N CICERO AVENUE,08/28/2014,1,1144031.525719004,1912881.8300295,41.916973325,-87.746260223,"(41.91697332451097, -87.74626022251057)"
CORNELL DRIVE AND 57TH,2181,5700 S CORNELL DRIVE,09/02/2014,14,1188165.732740433,1867529.196427323,41.791580204,-87.585564215,"(41.79158020433135, -87.58556421519536)"
PULASKI AND MONTROSE,1294,4000 W MONTROSE AVENUE,08/11/2014,1,1148917.521854602,1928980.338532162,41.961055804,-87.727891206,"(41.96105580370759, -87.72789120598296)"
ASHLAND AND ARCHER,2302,3100 S ARCHER AVENUE,08/22/2014,8,1166129.031970482,1884166.613649776,41.837732675,-87.66589445,"(41.83773267497158, -87.66589444999927)"
