MADISON AND WESTERN,1931,1 S WESTERN AVE,01/01/2017,1,1160453.827721979,1899933.703473746,41.881118279,-87.686283339,"(41.881118278833966, -87.686283338873)"
31ST ST AND MARTIN LUTHER KING DRIVE,2121,3100 S DR MARTIN L KING,02/11/2015,13,,,,,
111TH AND HALSTED,2424,800 W 111TH ST,03/27/2017,3,1172945.404219168,1831282.917027882,41.692465363,-87.642440901,"(41.692465363421874, -87.64244090105778)"
WESTERN AND CERMAK,1002,2200 S WESTERN AVENUE,01/03/2017,3,1160669.42562757,1889318.196820393,41.85198384,-87.685785704,"(41.85198383957328, -87.68578570420526)"
CICERO AND PETERSON,1204,4800 W PETERSON AVENUE,01/03/2017,2,1143273.766829016,1939491.944645127,41.990008007,-87.748376951,"(41.99000800729908, -87.74837695118997)"
CICERO AND WASHINGTON,1891,100 N CICERO AVENUE,01/03/2017,3,1144328.984091479,1900095.170838459,41.88187971,-87.745489247,"(41.88187970991601, -87.7454892473012)"
PULASKI AND DIVERSEY,1542,2800 N PULASKI ROAD,01/03/2017,3,1149200.724531183,1918332.222549679,41.931831026,-87.727126873,"(41.93183102561505, -87.72712687300454)"
CHICAGO AND CLARK,1963,100 W CHICAGO AVENUE,12/31/2016,13,1175374.528739575,1905745.47783364,41.896744347,-87.631321248,"(41.896744346875806, -87.63132124815151)"
SHERIDAN AND FOSTER,1134,1000 W FOSTER AVE,01/01/2017,2,1168689.247756979,1934758.578141654,41.976505116,-87.655031882,"(41.97650511595711, -87.65503188224778)"
CORTLAND AND ASHLAND,1723,1600 W CORTLAND ST,01/01/2017,9,1165377.660768235,1912768.773647285,41.916235337,-87.667837772,"(41.91623533746878, -87.66783777212962)"
CENTRAL AND LAKE,1742,400 N CENTRAL AVENUE,03/27/2017,3,1138928.478257537,1902217.926149854,41.887804621,-87.765268498,"(41.88780462053497, -87.76526849810371)"
HALSTED AND FULLERTON,1704,800 W FULLERTON AVENUE,12/22/2016,8,1170525.624723311,1916208.443992778,41.925562791,-87.648823641,"(41.92556279107417, -87.64882364145232)"
HALSTED AND FULLERTON,1704,800 W FULLERTON AVENUE,01/02/2017,8,1170525.624723311,1916208.443992778,41.925562791,-87.648823641,"(41.92556279107417, -87.64882364145232)"
HOMAN/KIMBALL AND NORTH,1771,1600 N HOMAN AVENUE,01/02/2017,3,,,,,
KEDZIE AND 31ST,2134,3200 W 31ST STREET,03/27/2017,2,1155487.128005646,1883943.061106793,41.8373395,-87.704950558,"(41.83733950029648, -87.70495055800411)"
75TH AND STATE,2621,7500 S STATE STREET,01/01/2017,1,1177538.763040612,1855235.551345519,41.758092176,-87.624902228,"(41.75809217638291, -87.6249022282473)"
119TH AND HALSTED,2402,11900 S HALSTED,01/02/2017,3,1173094.774616191,1825911.054609338,41.677720829,-87.642051845,"(41.67772082924762, -87.64205184498218)"
111TH AND HALSTED,2422,11100 S HALSTED ST,01/01/2017,9,1172923.657689312,1831209.044179248,41.692263123,-87.642522688,"(41.692263123425136, -87.6425226876268)"
KOSTNER AND NORTH,2013,4400 W NORTH,12/27/2016,6,1146738.551618032,1910309.595368032,41.909863573,-87.736380296,"(41.90986357340246, -87.73638029605371)"
55TH and PULASKI,2244,4000 W 55TH ST,01/02/2017,1,1150621.676903861,1867864.274865394,41.793313334,-87.723223038,"(41.79331333358753, -87.72322303812588)"
119TH AND HALSTED,2404,800 W 119TH STREET,01/03/2017,2,1173111.174088158,1825985.001014405,41.677923389,-87.641989646,"(41.677923389134385, -87.64198964584013)"
LAFAYETTE AND 87TH,2503,30 W 87TH STREET,01/02/2017,17,1177407.651800237,1847320.772058312,41.736376037,-87.625621311,"(41.736376036604916, -87.62562131092602)"
WENTWORTH AND GARFIELD,2261,5500 S WENTWORTH AVEN,12/18/2016,21,,,,,
ELSTON AND LAWRENCE,1284,4440 W LAWRENCE AVENUE,12/31/2016,3,1145715.061027481,1931571.0474838,41.968226398,-87.739599251,"(41.96822639754791, -87.73959925065756)"
SACRAMENTO AND LAKE,1821,150 N SACRAMENTO BOUL,01/03/2017,14,1156319.560664766,1900957.489351962,41.884012178,-87.701436479,"(41.88401217771363, -87.7014364786693)"
STONEY ISLAND AND 76TH,2631,7600 S STONY ISLAND A,01/03/2017,7,1188092.796191935,1854889.354158304,41.756897173,-87.586234285,"(41.75689717260223, -87.58623428506996)"
99TH AND HALSTED,2431,9900 S HALSTED ST,01/02/2017,13,1172689.754200318,1839171.652197216,41.714118868,-87.643145408,"(41.714118868089905, -87.64314540818165)"
CENTRAL AND BELMONT,1602,3200 N CENTRAL AVENUE,01/02/2017,1,1138430.432324593,1920731.654410336,41.938617463,-87.766648297,"(41.938617463272884, -87.76664829683827)"
VAN BUREN AND WESTERN,2054,2400 W VAN BUREN STREE,01/03/2017,4,,,,,
OGDEN AND KOSTNER,2222,2348 S KOSTNER AVENUE,03/27/2017,4,1147394.548182079,1887795.177782082,41.848068845,-87.734547457,"(41.8480688449598, -87.73454745748458)"
CLARK AND IRVING PARK,1093,1300 W IRVING PARK ROAD,01/03/2017,1,1166777.545456989,1926719.73687357,41.954487567,-87.662293496,"(41.95448756687966, -87.66229349585691)"
CENTRAL AND LAKE,1742,400 N CENTRAL AVENUE,01/02/2017,3,1138928.478257537,1902217.926149854,41.887804621,-87.765268498,"(41.88780462053497, -87.76526849810371)"
79TH AND HALSTED,2541,7900 S HALSTED STREET,03/27/2017,1,1172298.707400847,1852444.344822186,41.750549559,-87.644188368,"(41.750549559438944, -87.64418836784098)"
STONEY ISLAND AND 76TH,2632,7600 S STONY ISLAND A,12/16/2016,25,1188092.796191935,1854889.354158304,41.756897173,-87.586234285,"(41.75689717260223, -87.58623428506996)"
55TH and PULASKI,2244,4000 W 55TH ST,12/31/2016,3,1150621.676903861,1867864.274865394,41.793313334,-87.723223038,"(41.79331333358753, -87.72322303812588)"
OGDEN AND KOSTNER,2223,4400 W OGDEN AVENUE,12/31/2016,3,1147406.592439224,1887689.099869462,41.847777523,-87.734505969,"(41.84777752280453, -87.73450596874825)"
PULASKI AND DIVISION,1802,1200 N PULASKI ROAD,03/27/2017,4,1149459.590666926,1907723.219884254,41.902713902,-87.726451457,"(41.902713901936174, -87.72645145715836)"
FULLERTON AND NARRAGANSETT,1553,6400 W FULLERTON AVENU,01/01/2017,4,1133317.594499059,1915293.661305931,41.923786189,-87.785567206,"(41.92378618871128, -87.78556720562165)"
LAFAYETTE AND 87TH,2502,8700 S LAFAYETTE AVEN,01/03/2017,18,1177417.493180297,1847243.988223464,41.73616511,-87.625587569,"(41.73616511008592, -87.62558756899932)"
HAMLIN AND LAKE,1882,300 N HAMLIN AVENUE,01/02/2017,5,1150970.026856642,1901381.688308858,41.885282636,-87.721069539,"(41.88528263580913, -87.72106953854511)"
PERSHING AND WESTERN,2114,2400 W PERSHING ROAD,01/01/2017,1,1160957.773623189,1878793.434193427,41.82309676,-87.685018951,"(41.82309676016606, -87.68501895061576)"
75TH AND STATE,2621,7500 S STATE STREET,04/03/2017,9,1177538.763040612,1855235.551345519,41.758092176,-87.624902228,"(41.75809217638291, -87.6249022282473)"
PERSHING AND WESTERN,2114,2400 W PERSHING ROAD,03/27/2017,1,1160957.773623189,1878793.434193427,41.82309676,-87.685018951,"(41.82309676016606, -87.68501895061576)"
SACRAMENTO AND LAKE,1821,150 N SACRAMENTO BOUL,12/31/2016,17,1156319.560664766,1900957.489351962,41.884012178,-87.701436479,"(41.88401217771363, -87.7014364786693)"
75TH AND STATE,2624,1 E 75TH STREET,01/03/2017,10,1177601.72646404,1855229.486604181,41.758074111,-87.624671658,"(41.75807411097799, -87.62467165835182)"
KEDZIE AND 26TH,2382,2600 S KEDZIE AVENUE,01/03/2017,1,1155404.235510285,1886524.460033054,41.844424831,-87.705185452,"(41.84442483084393, -87.70518545233183)"
ROOSEVELT AND HALSTED,2233,800 W ROOSEVELT ROAD,03/27/2017,3,1171199.282357741,1894968.056393724,41.867263098,-87.646972686,"(41.86726309836901, -87.64697268601648)"
ELSTON AND ADDISON,1403,3216 W ADDISON ST,03/27/2017,3,1154199.729816868,1923799.345386665,41.946734755,-87.708609774,"(41.946734754927796, -87.7086097735515)"
LAFAYETTE AND 87TH,2502,8700 S LAFAYETTE AVEN,03/27/2017,12,1177417.493180297,1847243.988223464,41.73616511,-87.625587569,"(41.73616511008592, -87.62558756899932)"
STONEY ISLAND AND 79TH,2464,1600 E 79TH ST,01/01/2017,5,1188284.704439907,1852964.829047574,41.751611523,-87.585592284,"(41.75161152327319, -87.58559228428787)"
CICERO AND ARMITAGE,2003,4800 W ARMITAGE AVENUE,01/02/2017,1,1144054.25126508,1912907.00926109,41.917041992,-87.746176095,"(41.91704199201953, -87.74617609464687)"
LAFAYETTE AND 87TH,2502,8700 S LAFAYETTE AVEN,01/02/2017,15,1177417.493180297,1847243.988223464,41.73616511,-87.625587569,"(41.73616511008592, -87.62558756899932)"
HOLLYWOOD AND SHERIDAN,1343,1000 W HOLLYWOOD AVE,01/03/2017,3,1168580.228926466,1938090.295189338,41.985649799,-87.655335807,"(41.98564979859328, -87.65533580655139)"
JEFFERY AND 95TH,2522,9500 S JEFFERY AVE,01/03/2017,2,1191132.420601301,1842335.735988875,41.722375907,-87.575499903,"(41.72237590704101, -87.57549990332795)"
CICERO AND CHICAGO,1781,800 N CICERO AVENUE,02/11/2015,2,1144169.162482127,1904893.189220372,41.895049038,-87.745955516,"(41.89504903796389, -87.74595551626888)"
PULASKI AND ARCHER,2153,5000 S ARCHER AVE,01/03/2017,5,1150501.818909837,1871162.311703322,41.802365973,-87.723576766,"(41.80236597333895, -87.72357676611004)"
HALSTED AND DIVISION,1714,800 W DIVISION,03/27/2017,3,1170767.827960358,1908259.644151662,41.903745557,-87.648167011,"(41.90374555734733, -87.64816701062779)"
CENTRAL AND CHICAGO,1972,800 N CENTRAL AVENUE,03/27/2017,1,1138836.562608552,1904801.732832435,41.894896579,-87.765543258,"(41.89489657939746, -87.76554325845893)"
PULASKI AND PETERSON,1263,4000 W PETERSON AVENUE,01/02/2017,2,1148618.560490339,1939615.133928395,41.990244186,-87.728714391,"(41.99024418564742, -87.7287143910091)"
STATE AND 79TH,2654,1 E 79TH STREET,12/25/2016,35,1177680.113652821,1852598.313477786,41.750852096,-87.624463832,"(41.75085209551078, -87.62446383210285)"
ASHLAND AND 87TH,2454,1600 W 87TH ST,12/16/2016,6,1167171.941297436,1847064.855345151,41.735898617,-87.663128781,"(41.735898617066006, -87.66312878090133)"
HALSTED AND 103RD,2592,10300 S HALSTED STREE,01/01/2017,5,,,,,
PERSHING AND WESTERN,2114,2400 W PERSHING ROAD,01/04/2017,2,1160957.773623189,1878793.434193427,41.82309676,-87.685018951,"(41.82309676016606, -87.68501895061576)"
FOSTER AND NAGLE,1031,5200 N NAGLE,01/03/2017,3,1132529.656558223,1934201.702060651,41.97568567,-87.788020406,"(41.97568566971868, -87.78802040620296)"
STONEY ISLAND AND 76TH,2631,7600 S STONY ISLAND A,12/22/2016,9,1188092.796191935,1854889.354158304,41.756897173,-87.586234285,"(41.75689717260223, -87.58623428506996)"
CALIFORNIA AND PETERSON,1311,6000 N CALIFORNIA AVE,01/04/2017,1,1156545.742699118,1939775.775541795,41.990527717,-87.699552084,"(41.990527717148176, -87.69955208405155)"
CENTRAL AND FULLERTON,1442,2400 N CENTRAL AVENUE,12/31/2016,2,1138603.468418662,1915431.058212414,41.924068922,-87.766141214,"(41.92406892227644, -87.76614121413186)"
CHICAGO AND CLARK,1964,100 W CHICAGO AVENUE,01/01/2017,9,1175374.528739575,1905745.47783364,41.896744347,-87.631321248,"(41.896744346875806, -87.63132124815151)"
CICERO AND WASHINGTON,1891,100 N CICERO AVENUE,01/04/2017,8,1144328.984091479,1900095.170838459,41.88187971,-87.745489247,"(41.88187970991601, -87.7454892473012)"
KOSTNER AND NORTH,2013,4400 W NORTH,03/27/2017,9,1146738.551618032,1910309.595368032,41.909863573,-87.736380296,"(41.90986357340246, -87.73638029605371)"
35TH AND WESTERN,2092,3500 S WESTERN,01/02/2017,1,1160894.949857101,1881376.851112895,41.830187255,-87.685177925,"(41.83018725526863, -87.68517792510231)"
WESTERN AND DEVON,1211,6400 N WESTERN AVENUE,03/27/2017,2,1159113.585759434,1942451.622367891,41.997817807,-87.690033035,"(41.997817807026, -87.69003303469276)"
WESTERN AND TOUHY,1252,7200 N WESTERN AVENUE,01/02/2017,1,1158975.66256211,1947754.286963361,42.012371335,-87.690393917,"(42.012371334791766, -87.69039391737863)"
HAMLIN AND MADISON,1903,3800 W MADISON STREET,01/01/2017,20,1151032.709141294,1899784.033986533,41.880897273,-87.720881226,"(41.880897273491264, -87.72088122613924)"
IRVING PARK AND KEDZIE,1354,3200 W IRVING PARK ROAD,02/11/2015,8,1154325.140302006,1926458.463197156,41.954029047,-87.708077494,"(41.95402904691877, -87.70807749383191)"
CENTRAL AND CHICAGO,1972,800 N CENTRAL AVENUE,02/11/2015,1,1138836.562608552,1904801.732832435,41.894896579,-87.765543258,"(41.89489657939746, -87.76554325845893)"
ASHLAND AND LAWRENCE,1142,4800 N ASHLAND AVENUE,01/01/2017,6,1164751.686785145,1932001.206626392,41.96902343,-87.669590434,"(41.969023429614026, -87.66959043354217)"
CALIFORNIA AND DIVERSEY,1513,2800 W DIVERSEY,01/04/2017,1,1157212.54253358,1918526.674434943,41.932205395,-87.697679244,"(41.93220539506452, -87.6976792438691)"
TOUHY AND OSCEOLA,1244,7432 W TOUHY AVENUE,03/27/2017,2,1125717.010560011,1947269.685461107,42.011661765,-87.812781431,"(42.01166176507329, -87.81278143114147)"
CENTRAL AND BELMONT,1604,5600 W BELMONT AVENUE,01/04/2017,1,1138453.617438343,1920755.972768412,41.938683775,-87.766562494,"(41.93868377475747, -87.76656249384537)"
MILWAUKEE AND DEVON,1272,6400 N MILWAUKEE AVEN,01/01/2017,3,1132463.750397878,1942107.911507627,41.997382173,-87.788077674,"(41.99738217345368, -87.78807767391953)"
PULASKI AND CHICAGO,1983,4000 W CHICAGO AVENUE,01/03/2017,2,1149561.855939692,1905086.596446259,41.895476752,-87.72614436,"(41.89547675163723, -87.72614435991626)"
HALSTED AND MADISON,1872,1 N HALSTED STREET,12/31/2016,6,1171090.967986833,1900270.454015136,41.881815632,-87.647214717,"(41.88181563164203, -87.64721471704077)"
COLUMBUS AND ILLINOIS,1951,500 N COLUMBUS DRIVE,12/23/2016,16,1178372.808407292,1903693.06016042,41.891044569,-87.620371839,"(41.891044569124276, -87.620371839074)"
55TH AND WESTERN,2212,5500 S WESTERN AVE,02/05/2015,3,1161269.521335262,1867963.111601251,41.793370554,-87.684175377,"(41.79337055433029, -87.6841753767592)"
HALSTED AND FULLERTON,1704,800 W FULLERTON AVENUE,01/01/2017,4,1170525.624723311,1916208.443992778,41.925562791,-87.648823641,"(41.92556279107417, -87.64882364145232)"
CICERO AND FULLERTON,1474,4800 W FULLERTON AVE,12/31/2016,6,1143967.570794243,1915568.504954477,41.924347036,-87.74642764,"(41.924347036010694, -87.74642763965628)"
IRVING PARK AND KILPATRICK,2764,4700 W IRVING PARK ROA,03/27/2017,5,,,,,
WESTERN AND TOUHY,1251,7200 N WESTERN AVENUE,04/19/2017,1,1158975.66256211,1947754.286963361,42.012371335,-87.690393917,"(42.012371334791766, -87.69039391737863)"
HALSTED AND 95TH,2581,9500 S HALSTED STREET,04/19/2017,2,1172610.538363645,1841811.61926207,41.721365061,-87.643358042,"(41.72136506078306, -87.64335804234075)"
CICERO AND NORTH,2033,4800 W NORTH AVENUE,12/31/2016,6,1144053.733747163,1910243.80567041,41.90973389,-87.746244973,"(41.909733890131285, -87.74624497295898)"
IRVING PARK AND KILPATRICK,2763,4700 W IRVING PARK ROA,01/02/2017,3,,,,,
WESTERN AND CERMAK,1003,2400 W CERMAK ROAD,01/02/2017,1,1160678.000607329,1889375.645335924,41.852141307,-87.685752642,"(41.85214130680468, -87.6857526415569)"
55TH AND WESTERN,2212,5500 S WESTERN AVE,12/31/2016,2,1161269.521335262,1867963.111601251,41.793370554,-87.684175377,"(41.79337055433029, -87.6841753767592)"
55TH AND WESTERN,2213,2400 W 55TH STREET,01/03/2017,4,1161277.012730599,1868185.749490228,41.793981347,-87.684141741,"(41.7939813465735, -87.68414174128355)"
CANAL AND ROOSEVELT,2294,500 W ROOSEVELT ROAD,01/02/2017,4,1173290.72186561,1895021.166235495,41.867362693,-87.639293195,"(41.867362692616666, -87.63929319464197)"
PULASKI AND BELMONT,1382,3200 N PULASKI RD,12/20/2016,6,1149125.621478734,1920994.556178086,41.939138154,-87.72733371,"(41.939138153500274, -87.7273337101426)"
CALIFORNIA AND DIVERSEY,1514,2800 W DIVERSEY,01/01/2017,16,1157212.54253358,1918526.674434943,41.932205395,-87.697679244,"(41.93220539506452, -87.6976792438691)"
CENTRAL AND CHICAGO,1972,800 N CENTRAL AVENUE,12/31/2016,6,1138836.562608552,1904801.732832435,41.894896579,-87.765543258,"(41.89489657939746, -87.76554325845893)"
IRVING PARK AND NARRAGANSETT,1023,6400 W IRVING PK,01/02/2017,1,1132945.939118726,1925946.304925137,41.953024751,-87.786683238,"(41.95302475075328, -87.78668323766634)"
KEDZIE AND 26TH,2382,2600 S KEDZIE AVENUE,01/04/2017,2,1155404.235510285,1886524.460033054,41.844424831,-87.705185452,"(41.84442483084393, -87.70518545233183)"
35TH AND WESTERN,2092,3500 S WESTERN,04/22/2017,3,1160894.949857101,1881376.851112895,41.830187255,-87.685177925,"(41.83018725526863, -87.68517792510231)"
STATE AND 79TH,2651,7900 S STATE STREET,01/02/2017,6,1177618.166929966,1852621.870232838,41.750918138,-87.624690123,"(41.7509181383154, -87.62469012251644)"
PULASKI AND ARMITAGE,1843,4000 W ARMITAGE AVENUE,12/31/2016,6,1149375.428872108,1913028.984273181,41.917275069,-87.726622746,"(41.91727506940875, -87.72662274644799)"
55TH AND KEDZIE,2163,3200 W 55TH STREET,02/11/2015,2,1155966.956993183,1868015.593764152,41.793622803,-87.703618141,"(41.79362280329978, -87.70361814062049)"
WESTERN AND 79TH,2481,7900 S WESTERN AVE,01/01/2017,7,1161711.516404028,1852181.685686118,41.750054934,-87.682992203,"(41.750054933649984, -87.68299220290213)"
IRVING PARK AND KILPATRICK,2764,4700 W IRVING PARK ROA,02/11/2015,1,,,,,
75TH AND STATE,2621,7500 S STATE STREET,12/23/2016,18,1177538.763040612,1855235.551345519,41.758092176,-87.624902228,"(41.75809217638291, -87.6249022282473)"
ASHLAND AND DIVISION,1791,1200 N ASHLAND AVENUE,11/22/2016,12,1165466.997046718,1908083.767015974,41.903377468,-87.667643142,"(41.903377467566784, -87.66764314227497)"
75TH AND STATE,2621,7500 S STATE STREET,12/20/2016,18,1177538.763040612,1855235.551345519,41.758092176,-87.624902228,"(41.75809217638291, -87.6249022282473)"
ASHLAND AND 95TH,2472,9500 S ASHLAND AVENUE,12/21/2016,5,1167295.830128711,1841695.121217916,41.721160612,-87.662828139,"(41.72116061205213, -87.66282813939165)"
BELMONT AND KEDZIE,1372,3200 N KEDZIE AVE,03/28/2017,12,1154426.977874407,1921110.466549542,41.93935173,-87.707846594,"(41.93935173030961, -87.70784659359776)"
4700 WESTERN,2141,4700 S WESTERN AVENUE,12/30/2016,11,1161120.438879703,1873431.066474726,41.808378408,-87.684570717,"(41.808378407946726, -87.68457071689552)"
COLUMBUS AND ILLINOIS,1951,500 N COLUMBUS DRIVE,03/28/2017,7,1178372.808407292,1903693.06016042,41.891044569,-87.620371839,"(41.891044569124276, -87.620371839074)"
CANAL AND ROOSEVELT,2291,1200 S CANAL STREET,01/01/2017,5,1173268.771030949,1894952.634878732,41.867175125,-87.639375813,"(41.86717512472001, -87.63937581258092)"
MONTROSE AND WESTERN,1224,2400 W MONTROSE AVENUE,01/04/2017,1,1159562.971802959,1929191.337701253,41.961421726,-87.68874698,"(41.961421726406314, -87.68874697983858)"
PULASKI AND DIVERSEY,1542,2800 N PULASKI ROAD,01/01/2017,2,1149200.724531183,1918332.222549679,41.931831026,-87.727126873,"(41.93183102561505, -87.72712687300454)"
LAFAYETTE AND 87TH,2503,30 W 87TH STREET,11/21/2016,26,1177407.651800237,1847320.772058312,41.736376037,-87.625621311,"(41.736376036604916, -87.62562131092602)"
FOSTER AND BROADWAY,1111,5200 N BROADWAY ST,12/31/2016,5,1167334.508577915,1934714.008346532,41.976412143,-87.660015082,"(41.97641214294823, -87.66001508205365)"
87TH AND VINCENNES,2412,8700 S VINCENNES,03/28/2017,7,1172026.328989535,1847142.496643776,41.736006565,-87.645341819,"(41.73600656458518, -87.64534181897955)"
PULASKI AND LAWRENCE,1172,4800 N PULASKI ROAD,01/01/2017,1,1148821.701520117,1931605.974570937,41.968262595,-87.728175316,"(41.968262595100775, -87.7281753157596)"
JEFFERY AND 95TH,2523,2000 E 95TH ST,01/04/2017,1,1191188.381103057,1842410.411853539,41.722579473,-87.575292523,"(41.722579473126416, -87.57529252250366)"
TOUHY AND OSCEOLA,1244,7432 W TOUHY AVENUE,01/01/2017,1,1125717.010560011,1947269.685461107,42.011661765,-87.812781431,"(42.01166176507329, -87.81278143114147)"
CICERO AND CHICAGO,1781,800 N CICERO AVENUE,01/01/2017,7,1144169.162482127,1904893.189220372,41.895049038,-87.745955516,"(41.89504903796389, -87.74595551626888)"
CENTRAL AND BELMONT,1602,3200 N CENTRAL AVENUE,03/28/2017,1,1138430.432324593,1920731.654410336,41.938617463,-87.766648297,"(41.938617463272884, -87.76664829683827)"
CLARK AND IRVING PARK,1093,1300 W IRVING PARK ROAD,01/01/2017,4,1166777.545456989,1926719.73687357,41.954487567,-87.662293496,"(41.95448756687966, -87.66229349585691)"
111TH AND HALSTED,2422,11100 S HALSTED ST,01/04/2017,3,1172923.657689312,1831209.044179248,41.692263123,-87.642522688,"(41.692263123425136, -87.6425226876268)"
ASHLAND AND DIVISION,1791,1200 N ASHLAND AVENUE,01/04/2017,6,1165466.997046718,1908083.767015974,41.903377468,-87.667643142,"(41.903377467566784, -87.66764314227497)"
BELMONT AND KEDZIE,1371,3200 N KEDZIE AVENUE,12/31/2016,3,1154426.977874407,1921110.466549542,41.93935173,-87.707846594,"(41.93935173030961, -87.70784659359776)"
CENTRAL AND CHICAGO,1973,5600 W CHICAGO AVENUE,12/31/2016,3,1138858.856732452,1904825.827586656,41.894962293,-87.765460791,"(41.89496229349977, -87.76546079122906)"
55TH and PULASKI,2242,5500 S PULASKI,12/31/2016,3,1150600.072649439,1867806.44512718,41.793155061,-87.723303765,"(41.793155060731024, -87.72330376464247)"
HOMAN/KIMBALL AND NORTH,1773,3400 W NORTH AVE,01/02/2017,4,1153386.578905125,1910465.87061722,41.910162847,-87.711953868,"(41.91016284680269, -87.71195386769125)"
FULLERTON AND NARRAGANSETT,1554,6400 W FULLERTON AVENU,01/03/2017,3,1133317.594499059,1915293.661305931,41.923786189,-87.785567206,"(41.92378618871128, -87.78556720562165)"
IRVING PARK AND LARAMIE,1534,5200 W IRVING PARK ROA,01/03/2017,2,,,,,
ROOSEVELT AND KOSTNER,2323,4400 W ROOSEVELT,03/28/2017,5,1147200.963258796,1894379.538078088,41.866140868,-87.73508956,"(41.866140867641654, -87.73508956008207)"
WESTERN AND 63RD,2373,2400 W 63RD ST,01/03/2017,1,1161444.415758584,1862848.534703658,41.779331844,-87.683675761,"(41.77933184429814, -87.68367576084798)"
CENTRAL AND ADDISON,1683,5600 W ADDISON STREET,01/02/2017,1,1138349.663302502,1923416.02157061,41.945985104,-87.766879952,"(41.94598510430888, -87.76687995165918)"
KEDZIE AND 31ST,2134,3200 W 31ST STREET,12/31/2016,2,1155487.128005646,1883943.061106793,41.8373395,-87.704950558,"(41.83733950029648, -87.70495055800411)"
HOMAN/KIMBALL AND NORTH,1771,1600 N HOMAN AVENUE,03/28/2017,2,,,,,
115TH AND HALSTED,2552,11500 S HALSTED STREE,12/27/2016,13,,,,,
CORTLAND AND ASHLAND,1723,1600 W CORTLAND ST,02/11/2015,1,1165377.660768235,1912768.773647285,41.916235337,-87.667837772,"(41.91623533746878, -87.66783777212962)"
55TH AND WESTERN,2213,2400 W 55TH STREET,01/02/2017,10,1161277.012730599,1868185.749490228,41.793981347,-87.684141741,"(41.7939813465735, -87.68414174128355)"
VAN BUREN AND WESTERN,2054,2400 W VAN BUREN STREE,01/02/2017,10,,,,,
31ST ST AND MARTIN LUTHER KING DRIVE,2121,3100 S DR MARTIN L KING,01/01/2017,6,,,,,
CICERO AND PETERSON,1204,4800 W PETERSON AVENUE,01/02/2017,1,1143273.766829016,1939491.944645127,41.990008007,-87.748376951,"(41.99000800729908, -87.74837695118997)"
KEDZIE AND 47TH,2104,3200 W 47TH ST,01/04/2017,1,1155815.231505056,1873336.169728074,41.808226246,-87.704031672,"(41.808226246244026, -87.70403167215984)"
MILWAUKEE AND DEVON,1274,6400 W DEVON AVENUE,01/02/2017,4,1132590.619798275,1942138.532048656,41.997463981,-87.787610243,"(41.99746398102873, -87.78761024341388)"
WENTWORTH AND GARFIELD,2261,5500 S WENTWORTH AVEN,12/31/2016,25,,,,,
IRVING PARK AND KILPATRICK,2764,4700 W IRVING PARK ROA,01/04/2017,1,,,,,
ASHLAND AND FULLERTON,1652,2400 N ASHLAND AVENUE,03/28/2017,2,1165228.073342838,1916032.319169157,41.92519389,-87.668294363,"(41.92519388981048, -87.66829436339881)"
HALSTED AND NORTH,1761,1600 N HALSTED STREET,01/04/2017,3,1170678.283433825,1910880.991397547,41.910940644,-87.648419043,"(41.91094064391597, -87.64841904272998)"
LAKE SHORE DR AND BELMONT,1413,400 W BELMONT AVE,12/20/2016,53,1172981.744869382,1921577.376128802,41.940241193,-87.639639114,"(41.94024119325571, -87.63963911427594)"
99TH AND HALSTED,2431,9900 S HALSTED ST,01/01/2017,23,1172689.754200318,1839171.652197216,41.714118868,-87.643145408,"(41.714118868089905, -87.64314540818165)"
79TH AND HALSTED,2543,800 W 79TH STREET,01/03/2017,1,1172320.105719411,1852517.9814434,41.750751157,-87.644107793,"(41.75075115747316, -87.64410779300933)"
79TH AND HALSTED,2541,7900 S HALSTED STREET,03/28/2017,8,1172298.707400847,1852444.344822186,41.750549559,-87.644188368,"(41.750549559438944, -87.64418836784098)"
31ST ST AND MARTIN LUTHER KING DRIVE,2123,400 E 31ST STREET,03/28/2017,1,1179437.985396417,1884565.84226022,41.838534018,-87.617046113,"(41.838534018118914, -87.61704611345726)"
WENTWORTH AND GARFIELD,2261,5500 S WENTWORTH AVEN,01/02/2017,11,,,,,
KEDZIE AND 63RD,2361,6300 S KEDZIE AVE,01/01/2017,1,1156097.505177228,1862668.051775093,41.77894575,-87.703283119,"(41.77894575017997, -87.70328311900342)"
ASHLAND AND 95TH,2472,9500 S ASHLAND AVENUE,03/28/2017,7,1167295.830128711,1841695.121217916,41.721160612,-87.662828139,"(41.72116061205213, -87.66282813939165)"
ROOSEVELT AND PULASKI,2311,1200 S PULASKI ROAD,12/31/2016,2,1149866.002247864,1894375.839200384,41.866079337,-87.725305995,"(41.86607933722178, -87.7253059948758)"
CICERO AND PETERSON,1202,6000 N CICERO AVENUE,01/02/2017,6,1143247.733553094,1939479.342905704,41.989973915,-87.748473024,"(41.98997391514614, -87.74847302426933)"
LAFAYETTE AND 87TH,2503,30 W 87TH STREET,03/28/2017,6,1177407.651800237,1847320.772058312,41.736376037,-87.625621311,"(41.736376036604916, -87.62562131092602)"
4700 WESTERN,2141,4700 S WESTERN AVENUE,12/31/2016,10,1161120.438879703,1873431.066474726,41.808378408,-87.684570717,"(41.808378407946726, -87.68457071689552)"
IRVING PARK AND CALIFORNIA,1233,2800 W IRVING PARK ROA,03/28/2017,3,,,,,
HOLLYWOOD AND SHERIDAN,1344,1000 W HOLLYWOOD AVE,01/03/2017,10,1168580.228926466,1938090.295189338,41.985649799,-87.655335807,"(41.98564979859328, -87.65533580655139)"
STONEY ISLAND AND 76TH,2631,7600 S STONY ISLAND A,12/31/2016,26,1188092.796191935,1854889.354158304,41.756897173,-87.586234285,"(41.75689717260223, -87.58623428506996)"
FOSTER AND NAGLE,1031,5200 N NAGLE,12/31/2016,4,1132529.656558223,1934201.702060651,41.97568567,-87.788020406,"(41.97568566971868, -87.78802040620296)"
PULASKI AND PETERSON,1263,4000 W PETERSON AVENUE,01/01/2017,3,1148618.560490339,1939615.133928395,41.990244186,-87.728714391,"(41.99024418564742, -87.7287143910091)"
CLARK AND IRVING PARK,1093,1300 W IRVING PARK ROAD,12/31/2016,1,1166777.545456989,1926719.73687357,41.954487567,-87.662293496,"(41.95448756687966, -87.66229349585691)"
CENTRAL AND FULLERTON,1444,5600 W FULLERTON AVENU,01/01/2017,2,1138627.279189421,1915438.969256439,41.924090199,-87.76605353,"(41.92409019883488, -87.76605353016079)"
71ST AND ASHLAND,2391,7100 S ASHLAND,01/01/2017,4,1166868.379865725,1857616.168087255,41.764859382,-87.663940176,"(41.764859382425385, -87.66394017630476)"
CHICAGO AND CLARK,1964,100 W CHICAGO AVENUE,03/20/2017,7,1175374.528739575,1905745.47783364,41.896744347,-87.631321248,"(41.896744346875806, -87.63132124815151)"
WESTERN AND FOSTER,1072,5200 N WESTERN AVE,12/22/2016,5,1159372.922497116,1934478.313674003,41.975933372,-87.689299589,"(41.97593337199358, -87.6892995891816)"
KEDZIE AND 71ST,2354,3200 W 71ST STREET,01/03/2017,1,1156246.862901455,1857404.014959868,41.764497433,-87.702877023,"(41.76449743256955, -87.70287702335861)"
ASHLAND AND 87TH,2452,8700 S ASHLAND AVE,03/28/2017,1,1167150.470087748,1846991.212339794,41.735696989,-87.663209544,"(41.73569698863625, -87.66320954445679)"
CICERO AND NORTH,2033,4800 W NORTH AVENUE,01/03/2017,2,1144053.733747163,1910243.80567041,41.90973389,-87.746244973,"(41.909733890131285, -87.74624497295898)"
KEDZIE AND 26TH,2382,2600 S KEDZIE AVENUE,12/31/2016,2,1155404.235510285,1886524.460033054,41.844424831,-87.705185452,"(41.84442483084393, -87.70518545233183)"
STATE AND 79TH,2651,7900 S STATE STREET,01/03/2017,4,1177618.166929966,1852621.870232838,41.750918138,-87.624690123,"(41.7509181383154, -87.62469012251644)"
ASHLAND AND LAWRENCE,1143,1600 W LAWRENCE AVENUE,01/01/2017,8,1164771.946929007,1931988.254061312,41.968987457,-87.669516307,"(41.96898745654617, -87.66951630654926)"
STONY ISLAND/CORNELL AND 67TH,2731,6700 S CORNELL DRIVE,01/01/2017,7,1188316.454860734,1860851.137456735,41.77325149,-87.5852246,"(41.77325148959568, -87.58522459967712)"
PULASKI AND NORTH,1994,4000 W NORTH AVENUE,01/01/2017,4,1149456.2688422,1910376.774019002,41.909995582,-87.726394693,"(41.90999558160536, -87.72639469321471)"
CORTLAND AND ASHLAND,1721,1900 N ASHLAND AVE,03/28/2017,16,1165348.084854857,1912736.454335569,41.916147281,-87.667947354,"(41.91614728095272, -87.66794735350443)"
ROOSEVELT AND KOSTNER,2321,1200 S KOSTNER,01/02/2017,3,1147196.304001978,1894305.883269746,41.865938839,-87.735108549,"(41.8659388389088, -87.73510854901264)"
CICERO AND 47TH,2204,4800 W 47TH ST,01/03/2017,10,1145130.048925744,1873078.44198302,41.807727017,-87.743229366,"(41.80772701677172, -87.74322936566276)"
115TH AND HALSTED,2553,800 W 115TH STREET,12/31/2016,5,1173010.735357888,1828632.242070332,41.685190056,-87.642279564,"(41.68519005571938, -87.64227956401977)"
CORTLAND AND ASHLAND,1721,1900 N ASHLAND AVE,12/22/2016,27,1165348.084854857,1912736.454335569,41.916147281,-87.667947354,"(41.91614728095272, -87.66794735350443)"
STATE AND 79TH,2654,1 E 79TH STREET,01/01/2017,30,1177680.113652821,1852598.313477786,41.750852096,-87.624463832,"(41.75085209551078, -87.62446383210285)"
ELSTON AND ADDISON,1402,3600 N ELSTON AVE,01/03/2017,2,1154106.95251778,1923731.036211081,41.946549165,-87.708952626,"(41.94654916480637, -87.70895262603513)"
STONY ISLAND/CORNELL AND 67TH,2721,6700 S STONY ISLAND A,01/03/2017,4,1187984.143047539,1860863.338367666,41.773292896,-87.586442368,"(41.77329289585066, -87.58644236831432)"
CALIFORNIA AND DEVON,1323,2800 W DEVON AVENUE,02/06/2015,3,1156484.528078038,1942377.980662191,41.997669523,-87.699706423,"(41.99766952286052, -87.69970642324591)"
KEDZIE AND 31ST,2134,3200 W 31ST STREET,01/04/2017,2,1155487.128005646,1883943.061106793,41.8373395,-87.704950558,"(41.83733950029648, -87.70495055800411)"
KIMBALL AND DIVERSEY,1581,2800 N KIMBALL AVENUE,01/01/2017,4,,,,,
CALIFORNIA AND DIVERSEY,1514,2800 W DIVERSEY,01/02/2017,13,1157212.54253358,1918526.674434943,41.932205395,-87.697679244,"(41.93220539506452, -87.6976792438691)"
CICERO AND NORTH,2033,4800 W NORTH AVENUE,01/02/2017,5,1144053.733747163,1910243.80567041,41.90973389,-87.746244973,"(41.909733890131285, -87.74624497295898)"
71ST AND ASHLAND,2394,1600 W 71ST,01/02/2017,5,1166890.012333149,1857674.2502247,41.765018306,-87.66385923,"(41.76501830555763, -87.66385923012646)"
KEDZIE AND ARMITAGE,1834,3200 W ARMITAGE AVENUE,01/01/2017,3,1154700.851347995,1913153.252187904,41.917511023,-87.707053639,"(41.91751102291878, -87.7070536388797)"
PULASKI AND DIVERSEY,1542,2800 N PULASKI ROAD,03/28/2017,2,1149200.724531183,1918332.222549679,41.931831026,-87.727126873,"(41.93183102561505, -87.72712687300454)"
WESTERN AND DEVON,1212,6400 N WESTERN AVENUE,01/01/2017,3,1159113.585759434,1942451.622367891,41.997817807,-87.690033035,"(41.997817807026, -87.69003303469276)"
OGDEN AND KOSTNER,2222,2348 S KOSTNER AVENUE,01/03/2017,4,1147394.548182079,1887795.177782082,41.848068845,-87.734547457,"(41.8480688449598, -87.73454745748458)"
ASHLAND AND IRVING PARK,1151,4000 N ASHLAND AVENUE,01/03/2017,3,1164899.463802581,1926665.661118925,41.954379326,-87.66919912,"(41.954379326212695, -87.66919911980419)"
COTTAGE GROVE AND 71ST,2571,7100 S COTTAGE GROVE,01/02/2017,1,1182746.23698699,1858088.011064538,41.765800351,-87.605729127,"(41.76580035131893, -87.6057291269901)"
KEDZIE AND 63RD,2364,3200 W 63RD ST,03/28/2017,1,1156103.348831225,1862717.565210739,41.779081505,-87.703260365,"(41.77908150488341, -87.70326036544745)"
KEDZIE AND ARMITAGE,1834,3200 W ARMITAGE AVENUE,03/28/2017,1,1154700.851347995,1913153.252187904,41.917511023,-87.707053639,"(41.91751102291878, -87.7070536388797)"
CICERO AND ARMITAGE,2001,2000 N CICERO AVENUE,01/03/2017,3,1144031.525719004,1912881.8300295,41.916973325,-87.746260223,"(41.91697332451097, -87.74626022251057)"
CICERO AND PETERSON,1202,6000 N CICERO AVENUE,01/01/2017,2,1143247.733553094,1939479.342905704,41.989973915,-87.748473024,"(41.98997391514614, -87.74847302426933)"
FOSTER AND BROADWAY,1111,5200 N BROADWAY ST,01/03/2017,2,1167334.508577915,1934714.008346532,41.976412143,-87.660015082,"(41.97641214294823, -87.66001508205365)"
31ST ST AND MARTIN LUTHER KING DRIVE,2123,400 E 31ST STREET,12/31/2016,6,1179437.985396417,1884565.84226022,41.838534018,-87.617046113,"(41.838534018118914, -87.61704611345726)"
JEFFERY AND 95TH,2523,2000 E 95TH ST,03/20/2017,1,1191188.381103057,1842410.411853539,41.722579473,-87.575292523,"(41.722579473126416, -87.57529252250366)"
WESTERN AND FOSTER,1074,2400 W FOSTER AVE,01/01/2017,4,1159379.402846887,1934502.712486132,41.97600019,-87.689275084,"(41.97600018976586, -87.68927508385399)"
87TH AND VINCENNES,2412,8700 S VINCENNES,01/03/2017,12,1172026.328989535,1847142.496643776,41.736006565,-87.645341819,"(41.73600656458518, -87.64534181897955)"
OGDEN AND KOSTNER,2223,4400 W OGDEN AVENUE,01/04/2017,3,1147406.592439224,1887689.099869462,41.847777523,-87.734505969,"(41.84777752280453, -87.73450596874825)"
LARAMIE AND FULLERTON,1421,2400 N LARAMIE AVENUE,01/03/2017,2,1141282.877477884,1915479.163971956,41.924151874,-87.756294662,"(41.92415187425276, -87.75629466175003)"
HOMAN/KIMBALL AND NORTH,1773,3400 W NORTH AVE,01/01/2017,6,1153386.578905125,1910465.87061722,41.910162847,-87.711953868,"(41.91016284680269, -87.71195386769125)"
LAFAYETTE AND 87TH,2502,8700 S LAFAYETTE AVEN,12/27/2016,21,1177417.493180297,1847243.988223464,41.73616511,-87.625587569,"(41.73616511008592, -87.62558756899932)"
LAWRENCE AND WESTERN,1193,2400 W LAWRENCE AVENUE,01/01/2017,5,1159482.648570304,1931851.989492596,41.968724349,-87.688968727,"(41.96872434882172, -87.68896872699601)"
BROADWAY/SHERIDAN AND DEVON,1122,6400 N SHERIDAN ROAD,01/01/2017,7,1167087.151194129,1942658.704988689,41.998217921,-87.660695256,"(41.99821792053241, -87.6606952555721)"
CANAL AND ROOSEVELT,2291,1200 S CANAL STREET,01/03/2017,10,1173268.771030949,1894952.634878732,41.867175125,-87.639375813,"(41.86717512472001, -87.63937581258092)"
CICERO AND FULLERTON,1472,2400 N CICERO AVE,01/02/2017,4,1143961.592189569,1915545.343094087,41.92428359,-87.74645019,"(41.92428358982701, -87.74645019028947)"
HARLEM AND BELMONT,1394,7200 W BELMONT AVE,01/01/2017,1,1127504.698153561,1920475.415440844,41.938105479,-87.806809552,"(41.93810547939496, -87.80680955240743)"
LARAMIE AND MADISON,2043,5200 W MADISON STREET,12/16/2016,5,1141706.965522802,1899567.55684314,41.880480752,-87.755130433,"(41.88048075170171, -87.75513043296509)"
CALIFORNIA AND PETERSON,1313,2800 W PETERSON AVENUE,12/31/2016,3,1156569.515341857,1939784.830544118,41.990552082,-87.699464396,"(41.990552081681564, -87.69946439622785)"
CICERO AND NORTH,2033,4800 W NORTH AVENUE,01/01/2017,2,1144053.733747163,1910243.80567041,41.90973389,-87.746244973,"(41.909733890131285, -87.74624497295898)"
ROOSEVELT AND KOSTNER,2321,1200 S KOSTNER,01/03/2017,4,1147196.304001978,1894305.883269746,41.865938839,-87.735108549,"(41.8659388389088, -87.73510854901264)"
LAKE SHORE DR AND BELMONT,1412,3200 N LAKESHORE DRIV,12/31/2016,7,1173053.220555078,1921821.380831705,41.940909163,-87.63936916,"(41.94090916326764, -87.63936915995522)"
ELSTON AND ADDISON,1402,3600 N ELSTON AVE,03/28/2017,3,1154106.95251778,1923731.036211081,41.946549165,-87.708952626,"(41.94654916480637, -87.70895262603513)"
CICERO AND PETERSON,1202,6000 N CICERO AVENUE,01/04/2017,2,1143247.733553094,1939479.342905704,41.989973915,-87.748473024,"(41.98997391514614, -87.74847302426933)"
OGDEN AND KOSTNER,2222,2348 S KOSTNER AVENUE,03/28/2017,5,1147394.548182079,1887795.177782082,41.848068845,-87.734547457,"(41.8480688449598, -87.73454745748458)"
STATE AND 79TH,2654,1 E 79TH STREET,12/23/2016,42,1177680.113652821,1852598.313477786,41.750852096,-87.624463832,"(41.75085209551078, -87.62446383210285)"
DIVERSEY AND AUSTIN,1453,6000 W DIVERSEY AVENUE,03/28/2017,2,1135895.736169343,1918029.70673837,41.931248624,-87.776028612,"(41.931248623643455, -87.77602861172493)"
LARAMIE AND MADISON,2044,5200 W MADISON STREET,01/02/2017,6,1141706.965522802,1899567.55684314,41.880480752,-87.755130433,"(41.88048075170171, -87.75513043296509)"
ADDISON AND HARLEM,1591,3600 N HARLEM AVENUE,12/31/2016,5,1127394.594070737,1923110.532422811,41.945338412,-87.807154769,"(41.94533841246591, -87.80715476912044)"
SHERIDAN AND FOSTER,1132,5200 N SHERIDAN ROAD,03/28/2017,3,1168661.623718229,1934753.842272756,41.976492721,-87.655133605,"(41.97649272077833, -87.65513360456677)"
CALIFORNIA AND DEVON,1323,2800 W DEVON AVENUE,03/28/2017,2,1156484.528078038,1942377.980662191,41.997669523,-87.699706423,"(41.99766952286052, -87.69970642324591)"
KEDZIE AND 71ST,2354,3200 W 71ST STREET,01/01/2017,2,1156246.862901455,1857404.014959868,41.764497433,-87.702877023,"(41.76449743256955, -87.70287702335861)"
55TH and PULASKI,2244,4000 W 55TH ST,02/11/2015,2,1150621.676903861,1867864.274865394,41.793313334,-87.723223038,"(41.79331333358753, -87.72322303812588)"
HARLEM AND BELMONT,1394,7200 W BELMONT AVE,12/16/2016,4,1127504.698153561,1920475.415440844,41.938105479,-87.806809552,"(41.93810547939496, -87.80680955240743)"
HALSTED AND 103RD,2592,10300 S HALSTED STREE,03/28/2017,6,,,,,
KEDZIE AND 71ST,2352,7100 S KEDZIE AVENUE,01/03/2017,3,1156225.540366296,1857330.103443232,41.764295037,-87.702957162,"(41.764295036756856, -87.70295716211793)"
MONTROSE AND WESTERN,1221,4400 N WESTERN AVENUE,01/02/2017,5,1159539.733234718,1929183.918095502,41.961401846,-87.688832623,"(41.961401846278505, -87.6888326227788)"
CORTLAND AND ASHLAND,1721,1900 N ASHLAND AVE,12/31/2016,21,1165348.084854857,1912736.454335569,41.916147281,-87.667947354,"(41.91614728095272, -87.66794735350443)"
IRVING PARK AND CALIFORNIA,1234,2800 W IRVING PARK ROA,01/03/2017,5,,,,,
63RD AND STATE,2714,1 E 63RD ST,01/01/2017,8,1177367.518733101,1863199.17768559,41.779949105,-87.625289553,"(41.779949104569106, -87.62528955333775)"
ASHLAND AND FULLERTON,1651,2400 N ASHLAND AVENUE,03/28/2017,1,1165228.073342838,1916032.319169157,41.92519389,-87.668294363,"(41.92519388981048, -87.66829436339881)"
55TH AND KEDZIE,2163,3200 W 55TH STREET,01/02/2017,1,1155966.956993183,1868015.593764152,41.793622803,-87.703618141,"(41.79362280329978, -87.70361814062049)"
CALIFORNIA AND PETERSON,1313,2800 W PETERSON AVENUE,01/02/2017,1,1156569.515341857,1939784.830544118,41.990552082,-87.699464396,"(41.990552081681564, -87.69946439622785)"
WESTERN AND CHICAGO,1941,800 N WESTERN AVE,03/28/2017,1,1160220.967978608,1905277.507115921,41.895786955,-87.686990586,"(41.89578695485361, -87.68699058611217)"
71ST AND ASHLAND,2394,1600 W 71ST,03/28/2017,1,1166890.012333149,1857674.2502247,41.765018306,-87.66385923,"(41.76501830555763, -87.66385923012646)"
HALSTED AND NORTH,1764,800 W NORTH AVENUE,12/31/2016,2,1170700.68422007,1910913.190749698,41.91102851,-87.648335806,"(41.91102850981186, -87.64833580602037)"
ASHLAND AND IRVING PARK,1151,4000 N ASHLAND AVENUE,01/02/2017,2,1164899.463802581,1926665.661118925,41.954379326,-87.66919912,"(41.954379326212695, -87.66919911980419)"
DIVISION AND DAMEN,1733,2000 W DIVISION,12/31/2016,5,1162815.710860194,1908034.672555531,41.903298793,-87.677383247,"(41.903298792681944, -87.67738324739636)"
PULASKI AND BELMONT,1382,3200 N PULASKI RD,12/31/2016,2,1149125.621478734,1920994.556178086,41.939138154,-87.72733371,"(41.939138153500274, -87.7273337101426)"
CICERO AND HARRISON,2023,4800 W HARRISON STREET,01/03/2017,2,1144451.867388303,1896949.561959463,41.873245464,-87.745117179,"(41.873245464379586, -87.7451171788807)"
IRVING PARK AND NARRAGANSETT,1024,6400 W IRVING PK,01/03/2017,1,1132945.939118726,1925946.304925137,41.953024751,-87.786683238,"(41.95302475075328, -87.78668323766634)"
PULASKI AND NORTH,1992,1600 N PULASKI AVENUE,12/31/2016,1,1149432.959240306,1910369.112502195,41.90997501,-87.726480523,"(41.909975010236906, -87.72648052306623)"
IRVING PARK AND LARAMIE,1533,5200 W IRVING PARK ROA,12/31/2016,2,,,,,
ASHLAND AND LAWRENCE,1143,1600 W LAWRENCE AVENUE,01/03/2017,3,1164771.946929007,1931988.254061312,41.968987457,-87.669516307,"(41.96898745654617, -87.66951630654926)"
CENTRAL AND ADDISON,1682,3600 N CENTRAL AVENUE,03/28/2017,1,1138343.117435682,1923392.067464765,41.945919491,-87.766904594,"(41.945919490555106, -87.76690459426293)"
WESTERN AND 63RD,2373,2400 W 63RD ST,02/11/2015,1,1161444.415758584,1862848.534703658,41.779331844,-87.683675761,"(41.77933184429814, -87.68367576084798)"
AUSTIN AND ADDISON,1491,3600 N AUSTIN AVENUE,01/01/2017,1,1135691.599896458,1923335.967306169,41.945813215,-87.776652162,"(41.9458132146695, -87.77665216156436)"
HOLLYWOOD AND SHERIDAN,1343,1000 W HOLLYWOOD AVE,01/01/2017,1,1168580.228926466,1938090.295189338,41.985649799,-87.655335807,"(41.98564979859328, -87.65533580655139)"
LAFAYETTE AND 87TH,2502,8700 S LAFAYETTE AVEN,03/28/2017,20,1177417.493180297,1847243.988223464,41.73616511,-87.625587569,"(41.73616511008592, -87.62558756899932)"
ROOSEVELT AND KOSTNER,2321,1200 S KOSTNER,01/01/2017,8,1147196.304001978,1894305.883269746,41.865938839,-87.735108549,"(41.8659388389088, -87.73510854901264)"
HAMLIN AND MADISON,1903,3800 W MADISON STREET,03/28/2017,12,1151032.709141294,1899784.033986533,41.880897273,-87.720881226,"(41.880897273491264, -87.72088122613924)"
CLARK AND IRVING PARK,1091,4000 N CLARK STREET,01/03/2017,4,1166736.149822904,1926699.323624709,41.954432441,-87.662446259,"(41.95443244141688, -87.66244625914061)"
ROOSEVELT AND KOSTNER,2321,1200 S KOSTNER,12/31/2016,4,1147196.304001978,1894305.883269746,41.865938839,-87.735108549,"(41.8659388389088, -87.73510854901264)"
MONTROSE AND WESTERN,1221,4400 N WESTERN AVENUE,12/31/2016,7,1159539.733234718,1929183.918095502,41.961401846,-87.688832623,"(41.961401846278505, -87.6888326227788)"
KEDZIE AND ARMITAGE,1832,2000 N KEDZIE AVENUE,12/31/2016,6,1154684.031809326,1913129.496340896,41.917446172,-87.707116072,"(41.91744617191702, -87.70711607187832)"
PULASKI AND LAWRENCE,1172,4800 N PULASKI ROAD,01/03/2017,1,1148821.701520117,1931605.974570937,41.968262595,-87.728175316,"(41.968262595100775, -87.7281753157596)"
HALSTED AND NORTH,1761,1600 N HALSTED STREET,12/31/2016,4,1170678.283433825,1910880.991397547,41.910940644,-87.648419043,"(41.91094064391597, -87.64841904272998)"
PULASKI AND CHICAGO,1983,4000 W CHICAGO AVENUE,01/01/2017,3,1149561.855939692,1905086.596446259,41.895476752,-87.72614436,"(41.89547675163723, -87.72614435991626)"
BROADWAY/SHERIDAN AND DEVON,1122,6400 N SHERIDAN ROAD,03/28/2017,7,1167087.151194129,1942658.704988689,41.998217921,-87.660695256,"(41.99821792053241, -87.6606952555721)"
JEFFERY AND 95TH,2522,9500 S JEFFERY AVE,01/01/2017,2,1191132.420601301,1842335.735988875,41.722375907,-87.575499903,"(41.72237590704101, -87.57549990332795)"
CENTRAL AND FULLERTON,1444,5600 W FULLERTON AVENU,01/02/2017,1,1138627.279189421,1915438.969256439,41.924090199,-87.76605353,"(41.92409019883488, -87.76605353016079)"
IRVING PARK AND KILPATRICK,2763,4700 W IRVING PARK ROA,03/28/2017,5,,,,,
HALSTED AND NORTH,1761,1600 N HALSTED STREET,03/28/2017,4,1170678.283433825,1910880.991397547,41.910940644,-87.648419043,"(41.91094064391597, -87.64841904272998)"
SHERIDAN AND FOSTER,1134,1000 W FOSTER AVE,01/03/2017,1,1168689.247756979,1934758.578141654,41.976505116,-87.655031882,"(41.97650511595711, -87.65503188224778)"
87TH AND VINCENNES,2412,8700 S VINCENNES,01/02/2017,4,1172026.328989535,1847142.496643776,41.736006565,-87.645341819,"(41.73600656458518, -87.64534181897955)"
PULASKI AND ARMITAGE,1844,4000 W ARMITAGE AVENUE,01/02/2017,1,1149375.428872108,1913028.984273181,41.917275069,-87.726622746,"(41.91727506940875, -87.72662274644799)"
ROOSEVELT AND HALSTED,2234,800 W ROOSEVELT ROAD,12/26/2016,10,1171199.282357741,1894968.056393724,41.867263098,-87.646972686,"(41.86726309836901, -87.64697268601648)"
KIMBALL AND DIVERSEY,1581,2800 N KIMBALL AVENUE,01/03/2017,8,,,,,
HAMLIN AND LAKE,1881,300 N HAMLIN AVENUE,01/03/2017,2,1150970.026856642,1901381.688308858,41.885282636,-87.721069539,"(41.88528263580913, -87.72106953854511)"
63RD AND STATE,2712,6300 S STATE ST,01/01/2017,8,1177303.801895084,1863220.216755923,41.780008277,-87.625522512,"(41.78000827740796, -87.6255225119157)"
DAMEN AND 63RD,2702,6300 S DAMEN AVENUE,02/11/2015,1,1164069.407943298,1862830.277442834,41.779226921,-87.674052731,"(41.77922692069256, -87.67405273137854)"
DIVISION AND DAMEN,1733,2000 W DIVISION,01/02/2017,6,1162815.710860194,1908034.672555531,41.903298793,-87.677383247,"(41.903298792681944, -87.67738324739636)"
CANAL AND ROOSEVELT,2294,500 W ROOSEVELT ROAD,01/03/2017,8,1173290.72186561,1895021.166235495,41.867362693,-87.639293195,"(41.867362692616666, -87.63929319464197)"
HALSTED AND FULLERTON,1701,2400 N HALSTED STREET,02/11/2015,1,1170501.602639925,1916200.061550148,41.925540315,-87.648912156,"(41.925540315431995, -87.64891215551155)"
DIVISION AND DAMEN,1734,2000 W DIVISION,12/31/2016,11,1162815.710860194,1908034.672555531,41.903298793,-87.677383247,"(41.903298792681944, -87.67738324739636)"
SACRAMENTO AND LAKE,1822,150 N SACRAMENTO BOUL,12/19/2016,11,1156319.560664766,1900957.489351962,41.884012178,-87.701436479,"(41.88401217771363, -87.7014364786693)"
COTTAGE GROVE AND 71ST,2571,7100 S COTTAGE GROVE,03/28/2017,1,1182746.23698699,1858088.011064538,41.765800351,-87.605729127,"(41.76580035131893, -87.6057291269901)"
HALSTED AND NORTH,1764,800 W NORTH AVENUE,01/02/2017,3,1170700.68422007,1910913.190749698,41.91102851,-87.648335806,"(41.91102850981186, -87.64833580602037)"
63RD AND STATE,2714,1 E 63RD ST,12/31/2016,9,1177367.518733101,1863199.17768559,41.779949105,-87.625289553,"(41.779949104569106, -87.62528955333775)"
CLARK AND IRVING PARK,1093,1300 W IRVING PARK ROAD,03/28/2017,2,1166777.545456989,1926719.73687357,41.954487567,-87.662293496,"(41.95448756687966, -87.66229349585691)"
STONEY ISLAND AND 76TH,2632,7600 S STONY ISLAND A,12/28/2016,21,1188092.796191935,1854889.354158304,41.756897173,-87.586234285,"(41.75689717260223, -87.58623428506996)"
LARAMIE AND MADISON,2044,5200 W MADISON STREET,01/03/2017,9,1141706.965522802,1899567.55684314,41.880480752,-87.755130433,"(41.88048075170171, -87.75513043296509)"
KOSTNER AND NORTH,2012,4400 W GRAND AVE,03/28/2017,2,1146773.519128439,1910425.663958581,41.91018141,-87.73624887,"(41.910181409597406, -87.73624887040725)"
HAMLIN AND MADISON,1903,3800 W MADISON STREET,02/11/2015,2,1151032.709141294,1899784.033986533,41.880897273,-87.720881226,"(41.880897273491264, -87.72088122613924)"
CICERO AND CHICAGO,1781,800 N CICERO AVENUE,01/02/2017,3,1144169.162482127,1904893.189220372,41.895049038,-87.745955516,"(41.89504903796389, -87.74595551626888)"
CICERO AND I55,2251,4200 S CICERO AVENUE,12/28/2016,102,1145023.742859509,1876358.276835519,41.816729387,-87.743536712,"(41.81672938674739, -87.74353671247594)"
SACRAMENTO AND LAKE,1821,150 N SACRAMENTO BOUL,03/28/2017,1,1156319.560664766,1900957.489351962,41.884012178,-87.701436479,"(41.88401217771363, -87.7014364786693)"
PULASKI AND BELMONT,1382,3200 N PULASKI RD,01/03/2017,4,1149125.621478734,1920994.556178086,41.939138154,-87.72733371,"(41.939138153500274, -87.7273337101426)"
HALSTED AND MADISON,1872,1 N HALSTED STREET,01/02/2017,4,1171090.967986833,1900270.454015136,41.881815632,-87.647214717,"(41.88181563164203, -87.64721471704077)"
CHICAGO AND CLARK,1964,100 W CHICAGO AVENUE,12/31/2016,15,1175374.528739575,1905745.47783364,41.896744347,-87.631321248,"(41.896744346875806, -87.63132124815151)"
CORTLAND AND ASHLAND,1721,1900 N ASHLAND AVE,01/03/2017,14,1165348.084854857,1912736.454335569,41.916147281,-87.667947354,"(41.91614728095272, -87.66794735350443)"
DIVISION AND DAMEN,1734,2000 W DIVISION,03/28/2017,4,1162815.710860194,1908034.672555531,41.903298793,-87.677383247,"(41.903298792681944, -87.67738324739636)"
CICERO AND ADDISON,1611,3600 N CICERO AVENUE,12/31/2016,6,1143698.904601495,1923517.005821035,41.946163524,-87.747215169,"(41.94616352362556, -87.74721516897007)"
99TH AND HALSTED,2433,800 W 99TH ST,01/02/2017,13,1172710.642565684,1839246.330602143,41.714323337,-87.643066714,"(41.71432333701137, -87.64306671421937)"
WESTERN AND CERMAK,1002,2200 S WESTERN AVENUE,12/19/2016,8,1160669.42562757,1889318.196820393,41.85198384,-87.685785704,"(41.85198383957328, -87.68578570420526)"
ROOSEVELT AND PULASKI,2311,1200 S PULASKI ROAD,01/04/2017,5,1149866.002247864,1894375.839200384,41.866079337,-87.725305995,"(41.86607933722178, -87.7253059948758)"
CERMAK AND PULASKI,2332,2200 S PULASKI,03/28/2017,2,1150012.876838243,1889071.75851865,41.851521442,-87.724904787,"(41.85152144233116, -87.7249047867499)"
PULASKI AND DIVISION,1802,1200 N PULASKI ROAD,01/01/2017,3,1149459.590666926,1907723.219884254,41.902713902,-87.726451457,"(41.902713901936174, -87.72645145715836)"
79TH AND HALSTED,2541,7900 S HALSTED STREET,01/01/2017,2,1172298.707400847,1852444.344822186,41.750549559,-87.644188368,"(41.750549559438944, -87.64418836784098)"
PULASKI AND CHICAGO,1983,4000 W CHICAGO AVENUE,03/28/2017,8,1149561.855939692,1905086.596446259,41.895476752,-87.72614436,"(41.89547675163723, -87.72614435991626)"
WENTWORTH AND GARFIELD,2261,5500 S WENTWORTH AVEN,03/28/2017,17,,,,,
KEDZIE AND 26TH,2381,2600 S KEDZIE AVENUE,03/28/2017,2,1155404.235510285,1886524.460033054,41.844424831,-87.705185452,"(41.84442483084393, -87.70518545233183)"
ROOSEVELT AND PULASKI,2314,4000 W ROOSEVELT ROAD,12/31/2016,2,1149885.032049683,1894449.464076882,41.866281003,-87.72523422,"(41.866281002664536, -87.72523421983905)"
CANAL AND ROOSEVELT,2294,500 W ROOSEVELT ROAD,12/30/2016,12,1173290.72186561,1895021.166235495,41.867362693,-87.639293195,"(41.867362692616666, -87.63929319464197)"
PULASKI AND BELMONT,1382,3200 N PULASKI RD,01/01/2017,3,1149125.621478734,1920994.556178086,41.939138154,-87.72733371,"(41.939138153500274, -87.7273337101426)"
KEDZIE AND 31ST,2132,3100 S KEDZIE AVENUE,02/11/2015,2,1155483.167539854,1883867.660503274,41.837132671,-87.704967115,"(41.837132671422296, -87.70496711478727)"
KEDZIE AND 47TH,2104,3200 W 47TH ST,03/28/2017,1,1155815.231505056,1873336.169728074,41.808226246,-87.704031672,"(41.808226246244026, -87.70403167215984)"
SACRAMENTO AND LAKE,1822,150 N SACRAMENTO BOUL,01/02/2017,6,1156319.560664766,1900957.489351962,41.884012178,-87.701436479,"(41.88401217771363, -87.7014364786693)"
ASHLAND AND 87TH,2454,1600 W 87TH ST,03/28/2017,5,1167171.941297436,1847064.855345151,41.735898617,-87.663128781,"(41.735898617066006, -87.66312878090133)"
PULASKI AND ARMITAGE,1844,4000 W ARMITAGE AVENUE,01/01/2017,3,1149375.428872108,1913028.984273181,41.917275069,-87.726622746,"(41.91727506940875, -87.72662274644799)"
ROOSEVELT AND PULASKI,2311,1200 S PULASKI ROAD,01/02/2017,6,1149866.002247864,1894375.839200384,41.866079337,-87.725305995,"(41.86607933722178, -87.7253059948758)"
STONY ISLAND/CORNELL AND 67TH,2731,6700 S CORNELL DRIVE,03/28/2017,10,1188316.454860734,1860851.137456735,41.77325149,-87.5852246,"(41.77325148959568, -87.58522459967712)"
MILWAUKEE AND DEVON,1274,6400 W DEVON AVENUE,01/03/2017,3,1132590.619798275,1942138.532048656,41.997463981,-87.787610243,"(41.99746398102873, -87.78761024341388)"
ASHLAND AND IRVING PARK,1151,4000 N ASHLAND AVENUE,12/31/2016,3,1164899.463802581,1926665.661118925,41.954379326,-87.66919912,"(41.954379326212695, -87.66919911980419)"
CENTRAL AND CHICAGO,1972,800 N CENTRAL AVENUE,01/03/2017,1,1138836.562608552,1904801.732832435,41.894896579,-87.765543258,"(41.89489657939746, -87.76554325845893)"
CICERO AND DIVERSEY,1694,4800 W DIVERSEY AVENUE,01/01/2017,2,1143869.848167704,1918226.043989398,41.93164142,-87.746719911,"(41.93164142040689, -87.7467199106462)"
TOUHY AND OSCEOLA,1244,7432 W TOUHY AVENUE,01/03/2017,2,1125717.010560011,1947269.685461107,42.011661765,-87.812781431,"(42.01166176507329, -87.81278143114147)"
ELSTON AND LAWRENCE,1282,4800 N ELSTON AVENUE,03/28/2017,2,1145529.344259918,1931501.601268983,41.968039361,-87.740283894,"(41.96803936143674, -87.74028389448999)"
CICERO AND HARRISON,2023,4800 W HARRISON STREET,01/01/2017,1,1144451.867388303,1896949.561959463,41.873245464,-87.745117179,"(41.873245464379586, -87.7451171788807)"
ELSTON AND ADDISON,1403,3216 W ADDISON ST,12/31/2016,5,1154199.729816868,1923799.345386665,41.946734755,-87.708609774,"(41.946734754927796, -87.7086097735515)"
WESTERN AND NORTH,1851,1600 N WESTERN AVE,01/03/2017,3,1160077.474351131,1910605.013316134,41.910409024,-87.687370268,"(41.91040902362901, -87.687370268401)"
PULASKI AND ARCHER,2153,5000 S ARCHER AVE,01/01/2017,2,1150501.818909837,1871162.311703322,41.802365973,-87.723576766,"(41.80236597333895, -87.72357676611004)"
CLARK AND FULLERTON,1632,2400 N CLARK ST,01/03/2017,3,1172749.562209477,1916238.997132859,41.925597623,-87.640650973,"(41.925597623023144, -87.64065097309872)"
HALSTED AND FULLERTON,1701,2400 N HALSTED STREET,03/28/2017,4,1170501.602639925,1916200.061550148,41.925540315,-87.648912156,"(41.925540315431995, -87.64891215551155)"
KEDZIE AND 31ST,2134,3200 W 31ST STREET,01/02/2017,2,1155487.128005646,1883943.061106793,41.8373395,-87.704950558,"(41.83733950029648, -87.70495055800411)"
CICERO AND I55,2251,4200 S CICERO AVENUE,12/23/2016,140,1145023.742859509,1876358.276835519,41.816729387,-87.743536712,"(41.81672938674739, -87.74353671247594)"
COTTAGE GROVE AND 71ST,2571,7100 S COTTAGE GROVE,12/31/2016,4,1182746.23698699,1858088.011064538,41.765800351,-87.605729127,"(41.76580035131893, -87.6057291269901)"
HALSTED AND 103RD,2592,10300 S HALSTED STREE,03/20/2017,5,,,,,
55TH AND WESTERN,2213,2400 W 55TH STREET,03/28/2017,1,1161277.012730599,1868185.749490228,41.793981347,-87.684141741,"(41.7939813465735, -87.68414174128355)"
PULASKI AND ARMITAGE,1844,4000 W ARMITAGE AVENUE,04/02/2017,2,1149375.428872108,1913028.984273181,41.917275069,-87.726622746,"(41.91727506940875, -87.72662274644799)"
VAN BUREN AND WESTERN,2052,400 S WESTERN AVENUE,12/31/2016,47,1160431.682297829,1898091.942371589,41.876064776,-87.686415631,"(41.87606477642526, -87.68641563098768)"
35TH AND WESTERN,2092,3500 S WESTERN,01/01/2017,4,1160894.949857101,1881376.851112895,41.830187255,-87.685177925,"(41.83018725526863, -87.68517792510231)"
PULASKI AND IRVING PARK,1574,4000 W IRVING PARK RD,12/31/2016,13,1148988.727877253,1926320.954938409,41.953756874,-87.727698513,"(41.95375687447515, -87.72769851312907)"
WESTERN AND FOSTER,1072,5200 N WESTERN AVE,01/02/2017,2,1159372.922497116,1934478.313674003,41.975933372,-87.689299589,"(41.97593337199358, -87.6892995891816)"
WESTERN AND NORTH,1851,1600 N WESTERN AVE,01/01/2017,5,1160077.474351131,1910605.013316134,41.910409024,-87.687370268,"(41.91040902362901, -87.687370268401)"
115TH AND HALSTED,2552,11500 S HALSTED STREE,12/30/2016,13,,,,,
WESTERN AND FOSTER,1074,2400 W FOSTER AVE,01/03/2017,4,1159379.402846887,1934502.712486132,41.97600019,-87.689275084,"(41.97600018976586, -87.68927508385399)"
111TH AND HALSTED,2422,11100 S HALSTED ST,11/21/2016,8,1172923.657689312,1831209.044179248,41.692263123,-87.642522688,"(41.692263123425136, -87.6425226876268)"
HAMLIN AND LAKE,1881,300 N HAMLIN AVENUE,01/01/2017,6,1150970.026856642,1901381.688308858,41.885282636,-87.721069539,"(41.88528263580913, -87.72106953854511)"
CENTRAL AND ADDISON,1682,3600 N CENTRAL AVENUE,01/03/2017,1,1138343.117435682,1923392.067464765,41.945919491,-87.766904594,"(41.945919490555106, -87.76690459426293)"
ASHLAND AND 87TH,2452,8700 S ASHLAND AVE,01/02/2017,5,1167150.470087748,1846991.212339794,41.735696989,-87.663209544,"(41.73569698863625, -87.66320954445679)"
WESTERN AND CERMAK,1002,2200 S WESTERN AVENUE,01/04/2017,2,1160669.42562757,1889318.196820393,41.85198384,-87.685785704,"(41.85198383957328, -87.68578570420526)"
PULASKI AND DIVISION,1801,1200 N PULASKI ROAD,03/28/2017,1,1149459.590666926,1907723.219884254,41.902713902,-87.726451457,"(41.902713901936174, -87.72645145715836)"
PULASKI AND ARMITAGE,1844,4000 W ARMITAGE AVENUE,01/03/2017,3,1149375.428872108,1913028.984273181,41.917275069,-87.726622746,"(41.91727506940875, -87.72662274644799)"
PULASKI AND IRVING PARK,1574,4000 W IRVING PARK RD,01/03/2017,7,1148988.727877253,1926320.954938409,41.953756874,-87.727698513,"(41.95375687447515, -87.72769851312907)"
HAMLIN AND LAKE,1881,300 N HAMLIN AVENUE,01/04/2017,1,1150970.026856642,1901381.688308858,41.885282636,-87.721069539,"(41.88528263580913, -87.72106953854511)"
HAMLIN AND LAKE,1881,300 N HAMLIN AVENUE,03/28/2017,3,1150970.026856642,1901381.688308858,41.885282636,-87.721069539,"(41.88528263580913, -87.72106953854511)"
LAFAYETTE AND 87TH,2503,30 W 87TH STREET,12/26/2016,22,1177407.651800237,1847320.772058312,41.736376037,-87.625621311,"(41.736376036604916, -87.62562131092602)"
KEDZIE AND 47TH,2104,3200 W 47TH ST,01/01/2017,2,1155815.231505056,1873336.169728074,41.808226246,-87.704031672,"(41.808226246244026, -87.70403167215984)"
JEFFERY AND 95TH,2523,2000 E 95TH ST,03/28/2017,1,1191188.381103057,1842410.411853539,41.722579473,-87.575292523,"(41.722579473126416, -87.57529252250366)"
CLARK AND IRVING PARK,1091,4000 N CLARK STREET,03/28/2017,2,1166736.149822904,1926699.323624709,41.954432441,-87.662446259,"(41.95443244141688, -87.66244625914061)"
MONTROSE AND WESTERN,1221,4400 N WESTERN AVENUE,12/26/2016,3,1159539.733234718,1929183.918095502,41.961401846,-87.688832623,"(41.961401846278505, -87.6888326227788)"
WESTERN AND PRATT,1301,6800 N WESTERN AVENUE,02/11/2015,2,1159043.160898631,1945096.218978482,42.005076123,-87.69021903,"(42.00507612272344, -87.69021903022175)"
OGDEN AND KOSTNER,2223,4400 W OGDEN AVENUE,01/02/2017,5,1147406.592439224,1887689.099869462,41.847777523,-87.734505969,"(41.84777752280453, -87.73450596874825)"
STONEY ISLAND AND 76TH,2631,7600 S STONY ISLAND A,01/01/2017,11,1188092.796191935,1854889.354158304,41.756897173,-87.586234285,"(41.75689717260223, -87.58623428506996)"
HOLLYWOOD AND SHERIDAN,1343,1000 W HOLLYWOOD AVE,01/02/2017,5,1168580.228926466,1938090.295189338,41.985649799,-87.655335807,"(41.98564979859328, -87.65533580655139)"
BELMONT AND KEDZIE,1372,3200 N KEDZIE AVE,01/02/2017,3,1154426.977874407,1921110.466549542,41.93935173,-87.707846594,"(41.93935173030961, -87.70784659359776)"
AUSTIN AND ADDISON,1491,3600 N AUSTIN AVENUE,12/31/2016,5,1135691.599896458,1923335.967306169,41.945813215,-87.776652162,"(41.9458132146695, -87.77665216156436)"
CENTRAL AND LAKE,1743,5600 W LAKE STREET,12/31/2016,2,1138951.495695032,1902230.510465733,41.887838735,-87.765183663,"(41.887838735330206, -87.76518366338465)"
STONEY ISLAND AND 79TH,2462,7900 S STONEY ISLAND,12/31/2016,1,1188181.571068297,1852908.934789311,41.751460603,-87.585971993,"(41.75146060316686, -87.5859719929647)"
HOMAN/KIMBALL AND NORTH,1771,1600 N HOMAN AVENUE,12/31/2016,2,,,,,
35TH AND WESTERN,2091,3500 S WESTERN,01/03/2017,1,1160894.949857101,1881376.851112895,41.830187255,-87.685177925,"(41.83018725526863, -87.68517792510231)"
87TH AND VINCENNES,2412,8700 S VINCENNES,12/31/2016,14,1172026.328989535,1847142.496643776,41.736006565,-87.645341819,"(41.73600656458518, -87.64534181897955)"
CENTRAL AND CHICAGO,1972,800 N CENTRAL AVENUE,03/28/2017,2,1138836.562608552,1904801.732832435,41.894896579,-87.765543258,"(41.89489657939746, -87.76554325845893)"
31ST ST AND MARTIN LUTHER KING DRIVE,2121,3100 S DR MARTIN L KING,12/20/2016,16,,,,,
DAMEN AND DIVERSEY,1464,2000 W DIVERSEY PARKWAY,01/03/2017,2,1162519.714934025,1918635.417634925,41.932394164,-87.678173031,"(41.93239416403691, -87.67817303087757)"
KOSTNER AND NORTH,2013,4400 W NORTH,12/31/2016,8,1146738.551618032,1910309.595368032,41.909863573,-87.736380296,"(41.90986357340246, -87.73638029605371)"
KEDZIE AND 63RD,2361,6300 S KEDZIE AVE,01/03/2017,2,1156097.505177228,1862668.051775093,41.77894575,-87.703283119,"(41.77894575017997, -87.70328311900342)"
HAMLIN AND LAKE,1882,300 N HAMLIN AVENUE,01/03/2017,3,1150970.026856642,1901381.688308858,41.885282636,-87.721069539,"(41.88528263580913, -87.72106953854511)"
IRVING PARK AND KILPATRICK,2764,4700 W IRVING PARK ROA,12/18/2016,5,,,,,
PULASKI AND CHICAGO,1983,4000 W CHICAGO AVENUE,02/11/2015,1,1149561.855939692,1905086.596446259,41.895476752,-87.72614436,"(41.89547675163723, -87.72614435991626)"
31ST ST AND MARTIN LUTHER KING DRIVE,2121,3100 S DR MARTIN L KING,03/28/2017,10,,,,,
CALIFORNIA AND PETERSON,1313,2800 W PETERSON AVENUE,01/03/2017,4,1156569.515341857,1939784.830544118,41.990552082,-87.699464396,"(41.990552081681564, -87.69946439622785)"
WESTERN AND 79TH,2481,7900 S WESTERN AVE,03/28/2017,7,1161711.516404028,1852181.685686118,41.750054934,-87.682992203,"(41.750054933649984, -87.68299220290213)"
111TH AND HALSTED,2424,800 W 111TH ST,01/01/2017,6,1172945.404219168,1831282.917027882,41.692465363,-87.642440901,"(41.692465363421874, -87.64244090105778)"
99TH AND HALSTED,2431,9900 S HALSTED ST,03/20/2017,11,1172689.754200318,1839171.652197216,41.714118868,-87.643145408,"(41.714118868089905, -87.64314540818165)"
CICERO AND ADDISON,1611,3600 N CICERO AVENUE,03/28/2017,5,1143698.904601495,1923517.005821035,41.946163524,-87.747215169,"(41.94616352362556, -87.74721516897007)"
HALSTED AND 103RD,2593,800 W 103RD STREET,01/03/2017,1,1172778.570616036,1836587.755252818,41.70702632,-87.642896007,"(41.707026319812215, -87.64289600741817)"
PULASKI AND PETERSON,1262,6000 N PULASKI ROAD,12/31/2016,2,1148598.016685695,1939584.645960177,41.990160923,-87.728790748,"(41.99016092280557, -87.72879074759867)"
PULASKI AND DIVISION,1802,1200 N PULASKI ROAD,01/03/2017,3,1149459.590666926,1907723.219884254,41.902713902,-87.726451457,"(41.902713901936174, -87.72645145715836)"
WENTWORTH AND GARFIELD,2261,5500 S WENTWORTH AVEN,12/29/2016,15,,,,,
CORTLAND AND ASHLAND,1721,1900 N ASHLAND AVE,01/01/2017,18,1165348.084854857,1912736.454335569,41.916147281,-87.667947354,"(41.91614728095272, -87.66794735350443)"
99TH AND HALSTED,2433,800 W 99TH ST,12/16/2016,23,1172710.642565684,1839246.330602143,41.714323337,-87.643066714,"(41.71432333701137, -87.64306671421937)"
CICERO AND CHICAGO,1781,800 N CICERO AVENUE,01/03/2017,3,1144169.162482127,1904893.189220372,41.895049038,-87.745955516,"(41.89504903796389, -87.74595551626888)"
PULASKI AND FOSTER,1102,5200 N PULASKI RD,03/28/2017,2,1148746.251286324,1934286.914361976,41.97562074,-87.728383135,"(41.97562073966174, -87.72838313514907)"
PULASKI AND CHICAGO,1983,4000 W CHICAGO AVENUE,12/31/2016,7,1149561.855939692,1905086.596446259,41.895476752,-87.72614436,"(41.89547675163723, -87.72614435991626)"
STATE AND 79TH,2654,1 E 79TH STREET,12/24/2016,36,1177680.113652821,1852598.313477786,41.750852096,-87.624463832,"(41.75085209551078, -87.62446383210285)"
IRVING PARK AND NARRAGANSETT,1023,6400 W IRVING PK,01/01/2017,2,1132945.939118726,1925946.304925137,41.953024751,-87.786683238,"(41.95302475075328, -87.78668323766634)"
CICERO AND ADDISON,1612,3600 N CICERO AVENUE,03/28/2017,3,1143698.904601495,1923517.005821035,41.946163524,-87.747215169,"(41.94616352362556, -87.74721516897007)"
ASHLAND AND FULLERTON,1651,2400 N ASHLAND AVENUE,01/01/2017,2,1165228.073342838,1916032.319169157,41.92519389,-87.668294363,"(41.92519388981048, -87.66829436339881)"
HOMAN/KIMBALL AND NORTH,1771,1600 N HOMAN AVENUE,01/01/2017,3,,,,,
BROADWAY/SHERIDAN AND DEVON,1123,1200 W DEVON AVE,12/31/2016,5,1167109.644248166,1942688.147952186,41.998298228,-87.660611661,"(41.99829822771884, -87.66061166063517)"
STONEY ISLAND AND 76TH,2632,7600 S STONY ISLAND A,12/31/2016,17,1188092.796191935,1854889.354158304,41.756897173,-87.586234285,"(41.75689717260223, -87.58623428506996)"
CALIFORNIA AND DIVERSEY,1513,2800 W DIVERSEY,03/28/2017,2,1157212.54253358,1918526.674434943,41.932205395,-87.697679244,"(41.93220539506452, -87.6976792438691)"
BROADWAY/SHERIDAN AND DEVON,1122,6400 N SHERIDAN ROAD,01/02/2017,4,1167087.151194129,1942658.704988689,41.998217921,-87.660695256,"(41.99821792053241, -87.6606952555721)"
MILWAUKEE AND MONTROSE,1362,4400 N MILWAUKEE AVEN,01/02/2017,2,1141643.943268783,1928770.256316239,41.96061723,-87.75463824,"(41.9606172296957, -87.75463824007085)"
ROOSEVELT AND HALSTED,2233,800 W ROOSEVELT ROAD,03/28/2017,6,1171199.282357741,1894968.056393724,41.867263098,-87.646972686,"(41.86726309836901, -87.64697268601648)"
CERMAK AND PULASKI,2332,2200 S PULASKI,01/03/2017,3,1150012.876838243,1889071.75851865,41.851521442,-87.724904787,"(41.85152144233116, -87.7249047867499)"
ARCHER AND CICERO,2081,5200 S CICERO AVE,01/02/2017,18,1145195.931989777,1869737.708306623,41.798558278,-87.743071866,"(41.798558278193305, -87.74307186616427)"
LASALLE AND KINZIE,1923,140 W KINZIE,03/28/2017,1,1175048.09765242,1903028.894760294,41.889297219,-87.632601648,"(41.88929721947309, -87.63260164817305)"
CICERO AND FULLERTON,1472,2400 N CICERO AVE,01/01/2017,3,1143961.592189569,1915545.343094087,41.92428359,-87.74645019,"(41.92428358982701, -87.74645019028947)"
CLARK AND IRVING PARK,1093,1300 W IRVING PARK ROAD,04/03/2017,1,1166777.545456989,1926719.73687357,41.954487567,-87.662293496,"(41.95448756687966, -87.66229349585691)"
CICERO AND ADDISON,1611,3600 N CICERO AVENUE,01/01/2017,1,1143698.904601495,1923517.005821035,41.946163524,-87.747215169,"(41.94616352362556, -87.74721516897007)"
CALIFORNIA AND DEVON,1323,2800 W DEVON AVENUE,02/11/2015,2,1156484.528078038,1942377.980662191,41.997669523,-87.699706423,"(41.99766952286052, -87.69970642324591)"
HALSTED AND MADISON,1871,1 S HALSTED STREET,01/02/2017,5,1171092.392868784,1900234.542088741,41.881717056,-87.647210539,"(41.88171705561901, -87.64721053920604)"
55TH AND KEDZIE,2163,3200 W 55TH STREET,03/28/2017,3,1155966.956993183,1868015.593764152,41.793622803,-87.703618141,"(41.79362280329978, -87.70361814062049)"
ASHLAND AND 87TH,2452,8700 S ASHLAND AVE,12/31/2016,5,1167150.470087748,1846991.212339794,41.735696989,-87.663209544,"(41.73569698863625, -87.66320954445679)"
115TH AND HALSTED,2553,800 W 115TH STREET,01/03/2017,1,1173010.735357888,1828632.242070332,41.685190056,-87.642279564,"(41.68519005571938, -87.64227956401977)"
HALSTED AND MADISON,1872,1 N HALSTED STREET,01/01/2017,9,1171090.967986833,1900270.454015136,41.881815632,-87.647214717,"(41.88181563164203, -87.64721471704077)"
ASHLAND AND 87TH,2452,8700 S ASHLAND AVE,01/03/2017,2,1167150.470087748,1846991.212339794,41.735696989,-87.663209544,"(41.73569698863625, -87.66320954445679)"
WESTERN AND ADDISON,1562,3600 N WESTERN AVENUE,01/01/2017,5,1159695.573342728,1923871.086283556,41.94681992,-87.688406662,"(41.94681991986288, -87.68840666206194)"
SHERIDAN AND FOSTER,1132,5200 N SHERIDAN ROAD,01/02/2017,2,1168661.623718229,1934753.842272756,41.976492721,-87.655133605,"(41.97649272077833, -87.65513360456677)"
111TH AND HALSTED,2422,11100 S HALSTED ST,12/31/2016,5,1172923.657689312,1831209.044179248,41.692263123,-87.642522688,"(41.692263123425136, -87.6425226876268)"
ASHLAND AND 95TH,2472,9500 S ASHLAND AVENUE,01/01/2017,4,1167295.830128711,1841695.121217916,41.721160612,-87.662828139,"(41.72116061205213, -87.66282813939165)"
ASHLAND AND 87TH,2454,1600 W 87TH ST,12/31/2016,8,1167171.941297436,1847064.855345151,41.735898617,-87.663128781,"(41.735898617066006, -87.66312878090133)"
119TH AND HALSTED,2402,11900 S HALSTED,03/28/2017,5,1173094.774616191,1825911.054609338,41.677720829,-87.642051845,"(41.67772082924762, -87.64205184498218)"
LASALLE AND KINZIE,1923,140 W KINZIE,03/20/2017,1,1175048.09765242,1903028.894760294,41.889297219,-87.632601648,"(41.88929721947309, -87.63260164817305)"
MILWAUKEE AND DEVON,1272,6400 N MILWAUKEE AVEN,03/28/2017,3,1132463.750397878,1942107.911507627,41.997382173,-87.788077674,"(41.99738217345368, -87.78807767391953)"
COLUMBUS AND ILLINOIS,1952,500 N COLUMBUS DRIVE,12/31/2016,4,1178372.808407292,1903693.06016042,41.891044569,-87.620371839,"(41.891044569124276, -87.620371839074)"
IRVING PARK AND LARAMIE,1534,5200 W IRVING PARK ROA,02/11/2015,4,,,,,
WESTERN AND 79TH,2481,7900 S WESTERN AVE,12/18/2016,4,1161711.516404028,1852181.685686118,41.750054934,-87.682992203,"(41.750054933649984, -87.68299220290213)"
WESTERN AND 79TH,2481,7900 S WESTERN AVE,01/03/2017,2,1161711.516404028,1852181.685686118,41.750054934,-87.682992203,"(41.750054933649984, -87.68299220290213)"
WESTERN AND CERMAK,1002,2200 S WESTERN AVENUE,12/31/2016,5,1160669.42562757,1889318.196820393,41.85198384,-87.685785704,"(41.85198383957328, -87.68578570420526)"
ELSTON AND IRVING PARK,1502,4000 N ELSTON AVENUE,01/03/2017,1,1151273.974828198,1926311.849469842,41.953687266,-87.719297882,"(41.95368726563273, -87.71929788151473)"
CICERO AND 47TH,2204,4800 W 47TH ST,01/01/2017,5,1145130.048925744,1873078.44198302,41.807727017,-87.743229366,"(41.80772701677172, -87.74322936566276)"
HOMAN/KIMBALL AND NORTH,1771,1600 N HOMAN AVENUE,01/04/2017,2,,,,,
ROOSEVELT AND HALSTED,2234,800 W ROOSEVELT ROAD,12/19/2016,11,1171199.282357741,1894968.056393724,41.867263098,-87.646972686,"(41.86726309836901, -87.64697268601648)"
FOSTER AND NAGLE,1031,5200 N NAGLE,01/02/2017,4,1132529.656558223,1934201.702060651,41.97568567,-87.788020406,"(41.97568566971868, -87.78802040620296)"
CICERO AND I55,2251,4200 S CICERO AVENUE,12/20/2016,62,1145023.742859509,1876358.276835519,41.816729387,-87.743536712,"(41.81672938674739, -87.74353671247594)"
ARCHER AND CICERO,2081,5200 S CICERO AVE,01/03/2017,14,1145195.931989777,1869737.708306623,41.798558278,-87.743071866,"(41.798558278193305, -87.74307186616427)"
STONEY ISLAND AND 76TH,2632,7600 S STONY ISLAND A,12/26/2016,12,1188092.796191935,1854889.354158304,41.756897173,-87.586234285,"(41.75689717260223, -87.58623428506996)"
DAMEN AND 63RD,2702,6300 S DAMEN AVENUE,12/31/2016,4,1164069.407943298,1862830.277442834,41.779226921,-87.674052731,"(41.77922692069256, -87.67405273137854)"
CICERO AND ADDISON,1612,3600 N CICERO AVENUE,01/03/2017,6,1143698.904601495,1923517.005821035,41.946163524,-87.747215169,"(41.94616352362556, -87.74721516897007)"
WESTERN AND DEVON,1212,6400 N WESTERN AVENUE,01/03/2017,1,1159113.585759434,1942451.622367891,41.997817807,-87.690033035,"(41.997817807026, -87.69003303469276)"
PULASKI AND ARMITAGE,1844,4000 W ARMITAGE AVENUE,03/28/2017,2,1149375.428872108,1913028.984273181,41.917275069,-87.726622746,"(41.91727506940875, -87.72662274644799)"
WESTERN AND DEVON,1212,6400 N WESTERN AVENUE,03/28/2017,1,1159113.585759434,1942451.622367891,41.997817807,-87.690033035,"(41.997817807026, -87.69003303469276)"
79TH AND HALSTED,2543,800 W 79TH STREET,03/28/2017,3,1172320.105719411,1852517.9814434,41.750751157,-87.644107793,"(41.75075115747316, -87.64410779300933)"
ELSTON AND LAWRENCE,1282,4800 N ELSTON AVENUE,01/01/2017,1,1145529.344259918,1931501.601268983,41.968039361,-87.740283894,"(41.96803936143674, -87.74028389448999)"
4700 WESTERN,2141,4700 S WESTERN AVENUE,03/28/2017,3,1161120.438879703,1873431.066474726,41.808378408,-87.684570717,"(41.808378407946726, -87.68457071689552)"
DIVISION AND DAMEN,1734,2000 W DIVISION,01/03/2017,4,1162815.710860194,1908034.672555531,41.903298793,-87.677383247,"(41.903298792681944, -87.67738324739636)"
MILWAUKEE AND MONTROSE,1362,4400 N MILWAUKEE AVEN,03/28/2017,1,1141643.943268783,1928770.256316239,41.96061723,-87.75463824,"(41.9606172296957, -87.75463824007085)"
DIVERSEY AND AUSTIN,1453,6000 W DIVERSEY AVENUE,01/03/2017,1,1135895.736169343,1918029.70673837,41.931248624,-87.776028612,"(41.931248623643455, -87.77602861172493)"
LARAMIE AND FULLERTON,1424,5200 W FULLERTON AVENUE,01/02/2017,2,1141305.554932016,1915502.611239048,41.924215797,-87.756210755,"(41.92421579723144, -87.75621075458939)"
KEDZIE AND 47TH,2104,3200 W 47TH ST,12/31/2016,1,1155815.231505056,1873336.169728074,41.808226246,-87.704031672,"(41.808226246244026, -87.70403167215984)"
WESTERN AND FULLERTON,1672,2400 N WESTERN AVENUE,01/03/2017,1,1159923.309342995,1915897.778561358,41.924935944,-87.687790255,"(41.92493594409127, -87.68779025471278)"
STONEY ISLAND AND 76TH,2632,7600 S STONY ISLAND A,02/05/2015,13,1188092.796191935,1854889.354158304,41.756897173,-87.586234285,"(41.75689717260223, -87.58623428506996)"
WESTERN AND TOUHY,1252,7200 N WESTERN AVENUE,01/01/2017,2,1158975.66256211,1947754.286963361,42.012371335,-87.690393917,"(42.012371334791766, -87.69039391737863)"
PULASKI AND PETERSON,1263,4000 W PETERSON AVENUE,01/03/2017,3,1148618.560490339,1939615.133928395,41.990244186,-87.728714391,"(41.99024418564742, -87.7287143910091)"
BELMONT AND KEDZIE,1372,3200 N KEDZIE AVE,01/01/2017,16,1154426.977874407,1921110.466549542,41.93935173,-87.707846594,"(41.93935173030961, -87.70784659359776)"
BELMONT AND KEDZIE,1371,3200 N KEDZIE AVENUE,03/28/2017,1,1154426.977874407,1921110.466549542,41.93935173,-87.707846594,"(41.93935173030961, -87.70784659359776)"
IRVING PARK AND KEDZIE,1354,3200 W IRVING PARK ROAD,04/03/2017,1,1154325.140302006,1926458.463197156,41.954029047,-87.708077494,"(41.95402904691877, -87.70807749383191)"
IRVING PARK AND KEDZIE,1353,3200 W IRVING PARK ROAD,01/03/2017,1,1154325.140302006,1926458.463197156,41.954029047,-87.708077494,"(41.95402904691877, -87.70807749383191)"
CENTRAL AND BELMONT,1604,5600 W BELMONT AVENUE,01/03/2017,2,1138453.617438343,1920755.972768412,41.938683775,-87.766562494,"(41.93868377475747, -87.76656249384537)"
CALIFORNIA AND DEVON,1323,2800 W DEVON AVENUE,12/31/2016,1,1156484.528078038,1942377.980662191,41.997669523,-87.699706423,"(41.99766952286052, -87.69970642324591)"
111TH AND HALSTED,2422,11100 S HALSTED ST,04/02/2017,9,1172923.657689312,1831209.044179248,41.692263123,-87.642522688,"(41.692263123425136, -87.6425226876268)"
4700 WESTERN,2141,4700 S WESTERN AVENUE,01/01/2017,9,1161120.438879703,1873431.066474726,41.808378408,-87.684570717,"(41.808378407946726, -87.68457071689552)"
ROOSEVELT AND PULASKI,2314,4000 W ROOSEVELT ROAD,03/28/2017,1,1149885.032049683,1894449.464076882,41.866281003,-87.72523422,"(41.866281002664536, -87.72523421983905)"
WESTERN AND TOUHY,1252,7200 N WESTERN AVENUE,03/28/2017,1,1158975.66256211,1947754.286963361,42.012371335,-87.690393917,"(42.012371334791766, -87.69039391737863)"
KEDZIE AND 26TH,2381,2600 S KEDZIE AVENUE,01/02/2017,4,1155404.235510285,1886524.460033054,41.844424831,-87.705185452,"(41.84442483084393, -87.70518545233183)"
LAFAYETTE AND 87TH,2502,8700 S LAFAYETTE AVEN,12/20/2016,20,1177417.493180297,1847243.988223464,41.73616511,-87.625587569,"(41.73616511008592, -87.62558756899932)"
CENTRAL AND LAKE,1743,5600 W LAKE STREET,12/27/2016,4,1138951.495695032,1902230.510465733,41.887838735,-87.765183663,"(41.887838735330206, -87.76518366338465)"
PULASKI AND LAWRENCE,1173,4000 W LAWRENCE AVENUE,01/01/2017,3,1148844.220085601,1931638.45430438,41.968351285,-87.728091672,"(41.96835128527914, -87.72809167198088)"
4700 WESTERN,2141,4700 S WESTERN AVENUE,01/02/2017,12,1161120.438879703,1873431.066474726,41.808378408,-87.684570717,"(41.808378407946726, -87.68457071689552)"
CICERO AND HARRISON,2022,600 S CICERO AVENUE,01/03/2017,5,1144444.97442848,1896894.622216872,41.873094833,-87.745143869,"(41.873094832519136, -87.74514386884542)"
LAKE SHORE DR AND BELMONT,1413,400 W BELMONT AVE,12/29/2016,50,1172981.744869382,1921577.376128802,41.940241193,-87.639639114,"(41.94024119325571, -87.63963911427594)"
CICERO AND DIVERSEY,1694,4800 W DIVERSEY AVENUE,01/02/2017,2,1143869.848167704,1918226.043989398,41.93164142,-87.746719911,"(41.93164142040689, -87.7467199106462)"
COTTAGE GROVE AND 71ST,2571,7100 S COTTAGE GROVE,01/03/2017,2,1182746.23698699,1858088.011064538,41.765800351,-87.605729127,"(41.76580035131893, -87.6057291269901)"
PULASKI AND FOSTER,1102,5200 N PULASKI RD,01/04/2017,2,1148746.251286324,1934286.914361976,41.97562074,-87.728383135,"(41.97562073966174, -87.72838313514907)"
PULASKI AND DIVERSEY,1542,2800 N PULASKI ROAD,12/31/2016,2,1149200.724531183,1918332.222549679,41.931831026,-87.727126873,"(41.93183102561505, -87.72712687300454)"
CLARK AND IRVING PARK,1091,4000 N CLARK STREET,12/31/2016,1,1166736.149822904,1926699.323624709,41.954432441,-87.662446259,"(41.95443244141688, -87.66244625914061)"
CERMAK AND PULASKI,2332,2200 S PULASKI,01/04/2017,4,1150012.876838243,1889071.75851865,41.851521442,-87.724904787,"(41.85152144233116, -87.7249047867499)"
PULASKI AND DIVISION,1801,1200 N PULASKI ROAD,12/31/2016,1,1149459.590666926,1907723.219884254,41.902713902,-87.726451457,"(41.902713901936174, -87.72645145715836)"
35TH AND WESTERN,2092,3500 S WESTERN,02/11/2015,1,1160894.949857101,1881376.851112895,41.830187255,-87.685177925,"(41.83018725526863, -87.68517792510231)"
71ST AND ASHLAND,2394,1600 W 71ST,01/01/2017,2,1166890.012333149,1857674.2502247,41.765018306,-87.66385923,"(41.76501830555763, -87.66385923012646)"
111TH AND HALSTED,2424,800 W 111TH ST,01/03/2017,1,1172945.404219168,1831282.917027882,41.692465363,-87.642440901,"(41.692465363421874, -87.64244090105778)"
ADDISON AND HARLEM,1591,3600 N HARLEM AVENUE,01/01/2017,5,1127394.594070737,1923110.532422811,41.945338412,-87.807154769,"(41.94533841246591, -87.80715476912044)"
CICERO AND I55,2252,4200 S CICERO AVENUE,01/02/2017,4,1145023.742859509,1876358.276835519,41.816729387,-87.743536712,"(41.81672938674739, -87.74353671247594)"
JEFFERY AND 95TH,2523,2000 E 95TH ST,01/01/2017,1,1191188.381103057,1842410.411853539,41.722579473,-87.575292523,"(41.722579473126416, -87.57529252250366)"
DAMEN AND DIVERSEY,1464,2000 W DIVERSEY PARKWAY,01/02/2017,2,1162519.714934025,1918635.417634925,41.932394164,-87.678173031,"(41.93239416403691, -87.67817303087757)"
71ST AND ASHLAND,2391,7100 S ASHLAND,01/03/2017,1,1166868.379865725,1857616.168087255,41.764859382,-87.663940176,"(41.764859382425385, -87.66394017630476)"
DAMEN AND DIVERSEY,1462,2800 N DAMEN AVENUE,01/01/2017,4,1162490.04851994,1918611.623717091,41.932329494,-87.678282719,"(41.9323294940985, -87.67828271931386)"
31ST ST AND MARTIN LUTHER KING DRIVE,2123,400 E 31ST STREET,01/02/2017,3,1179437.985396417,1884565.84226022,41.838534018,-87.617046113,"(41.838534018118914, -87.61704611345726)"
MONTROSE AND WESTERN,1221,4400 N WESTERN AVENUE,03/28/2017,2,1159539.733234718,1929183.918095502,41.961401846,-87.688832623,"(41.961401846278505, -87.6888326227788)"
FOSTER AND BROADWAY,1111,5200 N BROADWAY ST,01/04/2017,2,1167334.508577915,1934714.008346532,41.976412143,-87.660015082,"(41.97641214294823, -87.66001508205365)"
HALSTED AND MADISON,1872,1 N HALSTED STREET,03/28/2017,3,1171090.967986833,1900270.454015136,41.881815632,-87.647214717,"(41.88181563164203, -87.64721471704077)"
STATE AND 79TH,2654,1 E 79TH STREET,03/28/2017,23,1177680.113652821,1852598.313477786,41.750852096,-87.624463832,"(41.75085209551078, -87.62446383210285)"
FOSTER AND NAGLE,1031,5200 N NAGLE,03/28/2017,2,1132529.656558223,1934201.702060651,41.97568567,-87.788020406,"(41.97568566971868, -87.78802040620296)"
ROOSEVELT AND KOSTNER,2323,4400 W ROOSEVELT,01/04/2017,2,1147200.963258796,1894379.538078088,41.866140868,-87.73508956,"(41.866140867641654, -87.73508956008207)"
CICERO AND ADDISON,1612,3600 N CICERO AVENUE,01/01/2017,6,1143698.904601495,1923517.005821035,41.946163524,-87.747215169,"(41.94616352362556, -87.74721516897007)"
ELSTON AND ADDISON,1402,3600 N ELSTON AVE,01/01/2017,1,1154106.95251778,1923731.036211081,41.946549165,-87.708952626,"(41.94654916480637, -87.70895262603513)"
115TH AND HALSTED,2552,11500 S HALSTED STREE,03/20/2017,7,,,,,
AUSTIN AND IRVING PARK,1161,4000 N AUSTIN AVENUE,12/22/2016,4,1135599.956110927,1926006.862619986,41.953144059,-87.776925284,"(41.95314405904539, -87.77692528423394)"
HALSTED AND MADISON,1871,1 S HALSTED STREET,12/31/2016,10,1171092.392868784,1900234.542088741,41.881717056,-87.647210539,"(41.88171705561901, -87.64721053920604)"
ASHLAND AND MADISON,1914,1600 W MADISON,03/28/2017,5,1165723.014733182,1900136.515489506,41.881564167,-87.666929463,"(41.8815641670199, -87.66692946294842)"
CALIFORNIA AND DIVERSEY,1514,2800 W DIVERSEY,03/28/2017,14,1157212.54253358,1918526.674434943,41.932205395,-87.697679244,"(41.93220539506452, -87.6976792438691)"
CLARK AND FULLERTON,1631,2400 N CLARK ST,12/31/2016,3,1172749.562209477,1916238.997132859,41.925597623,-87.640650973,"(41.925597623023144, -87.64065097309872)"
HALSTED AND NORTH,1761,1600 N HALSTED STREET,01/02/2017,3,1170678.283433825,1910880.991397547,41.910940644,-87.648419043,"(41.91094064391597, -87.64841904272998)"
4700 WESTERN,2141,4700 S WESTERN AVENUE,01/03/2017,1,1161120.438879703,1873431.066474726,41.808378408,-87.684570717,"(41.808378407946726, -87.68457071689552)"
COLUMBUS AND ILLINOIS,1951,500 N COLUMBUS DRIVE,01/01/2017,23,1178372.808407292,1903693.06016042,41.891044569,-87.620371839,"(41.891044569124276, -87.620371839074)"
LAFAYETTE AND 87TH,2502,8700 S LAFAYETTE AVEN,01/01/2017,28,1177417.493180297,1847243.988223464,41.73616511,-87.625587569,"(41.73616511008592, -87.62558756899932)"
KIMBALL AND DIVERSEY,1581,2800 N KIMBALL AVENUE,01/04/2017,4,,,,,
LAKE SHORE DR AND BELMONT,1413,400 W BELMONT AVE,12/31/2016,51,1172981.744869382,1921577.376128802,41.940241193,-87.639639114,"(41.94024119325571, -87.63963911427594)"
ASHLAND AND 87TH,2454,1600 W 87TH ST,01/01/2017,7,1167171.941297436,1847064.855345151,41.735898617,-87.663128781,"(41.735898617066006, -87.66312878090133)"
DIVISION AND DAMEN,1733,2000 W DIVISION,01/01/2017,10,1162815.710860194,1908034.672555531,41.903298793,-87.677383247,"(41.903298792681944, -87.67738324739636)"
ROOSEVELT AND KOSTNER,2323,4400 W ROOSEVELT,01/02/2017,2,1147200.963258796,1894379.538078088,41.866140868,-87.73508956,"(41.866140867641654, -87.73508956008207)"
4700 WESTERN,2141,4700 S WESTERN AVENUE,01/04/2017,11,1161120.438879703,1873431.066474726,41.808378408,-87.684570717,"(41.808378407946726, -87.68457071689552)"
PULASKI AND PETERSON,1262,6000 N PULASKI ROAD,01/03/2017,2,1148598.016685695,1939584.645960177,41.990160923,-87.728790748,"(41.99016092280557, -87.72879074759867)"
55TH AND WESTERN,2212,5500 S WESTERN AVE,03/28/2017,2,1161269.521335262,1867963.111601251,41.793370554,-87.684175377,"(41.79337055433029, -87.6841753767592)"
CERMAK AND PULASKI,2332,2200 S PULASKI,01/01/2017,6,1150012.876838243,1889071.75851865,41.851521442,-87.724904787,"(41.85152144233116, -87.7249047867499)"
PERSHING AND WESTERN,2114,2400 W PERSHING ROAD,02/11/2015,1,1160957.773623189,1878793.434193427,41.82309676,-87.685018951,"(41.82309676016606, -87.68501895061576)"
DAMEN AND 63RD,2701,6300 S DAMEN AVENUE,01/03/2017,4,1164069.407943298,1862830.277442834,41.779226921,-87.674052731,"(41.77922692069256, -87.67405273137854)"
DAMEN AND DIVERSEY,1462,2800 N DAMEN AVENUE,02/06/2015,1,1162490.04851994,1918611.623717091,41.932329494,-87.678282719,"(41.9323294940985, -87.67828271931386)"
WENTWORTH AND GARFIELD,2261,5500 S WENTWORTH AVEN,01/03/2017,22,,,,,
KEDZIE AND 71ST,2352,7100 S KEDZIE AVENUE,03/28/2017,6,1156225.540366296,1857330.103443232,41.764295037,-87.702957162,"(41.764295036756856, -87.70295716211793)"
IRVING PARK AND KEDZIE,1353,3200 W IRVING PARK ROAD,12/31/2016,6,1154325.140302006,1926458.463197156,41.954029047,-87.708077494,"(41.95402904691877, -87.70807749383191)"
CENTRAL AND CHICAGO,1973,5600 W CHICAGO AVENUE,03/28/2017,3,1138858.856732452,1904825.827586656,41.894962293,-87.765460791,"(41.89496229349977, -87.76546079122906)"
ARCHER AND CICERO,2081,5200 S CICERO AVE,03/28/2017,17,1145195.931989777,1869737.708306623,41.798558278,-87.743071866,"(41.798558278193305, -87.74307186616427)"
CENTRAL AND IRVING PARK,1183,5600 W IRVING PARK ROAD,03/28/2017,2,1138281.535484986,1926078.647777633,41.953292847,-87.767065708,"(41.953292847298, -87.76706570775266)"
WESTERN AND CHICAGO,1941,800 N WESTERN AVE,01/03/2017,1,1160220.967978608,1905277.507115921,41.895786955,-87.686990586,"(41.89578695485361, -87.68699058611217)"
ASHLAND AND LAWRENCE,1142,4800 N ASHLAND AVENUE,01/02/2017,6,1164751.686785145,1932001.206626392,41.96902343,-87.669590434,"(41.969023429614026, -87.66959043354217)"
PULASKI AND DIVERSEY,1542,2800 N PULASKI ROAD,01/04/2017,1,1149200.724531183,1918332.222549679,41.931831026,-87.727126873,"(41.93183102561505, -87.72712687300454)"
ROOSEVELT AND HALSTED,2234,800 W ROOSEVELT ROAD,01/02/2017,6,1171199.282357741,1894968.056393724,41.867263098,-87.646972686,"(41.86726309836901, -87.64697268601648)"
SACRAMENTO AND CHICAGO,1814,3000 W CHICAGO AVENUE,12/31/2016,4,1156075.266375505,1905216.604770718,41.895704525,-87.702218524,"(41.895704524946225, -87.70221852353758)"
WENTWORTH AND GARFIELD,2261,5500 S WENTWORTH AVEN,01/01/2017,18,,,,,
CICERO AND ADDISON,1612,3600 N CICERO AVENUE,12/17/2016,9,1143698.904601495,1923517.005821035,41.946163524,-87.747215169,"(41.94616352362556, -87.74721516897007)"
COTTAGE GROVE AND 71ST,2572,7100 S COTTAGE GROVE,01/02/2017,3,1182746.23698699,1858088.011064538,41.765800351,-87.605729127,"(41.76580035131893, -87.6057291269901)"
ELSTON AND IRVING PARK,1503,3700 W IRVING PARK ROA,01/04/2017,1,,,,,
KEDZIE AND 63RD,2361,6300 S KEDZIE AVE,01/04/2017,3,1156097.505177228,1862668.051775093,41.77894575,-87.703283119,"(41.77894575017997, -87.70328311900342)"
79TH AND HALSTED,2543,800 W 79TH STREET,01/02/2017,2,1172320.105719411,1852517.9814434,41.750751157,-87.644107793,"(41.75075115747316, -87.64410779300933)"
CLARK AND IRVING PARK,1091,4000 N CLARK STREET,01/02/2017,2,1166736.149822904,1926699.323624709,41.954432441,-87.662446259,"(41.95443244141688, -87.66244625914061)"
DAMEN AND DIVERSEY,1464,2000 W DIVERSEY PARKWAY,12/31/2016,5,1162519.714934025,1918635.417634925,41.932394164,-87.678173031,"(41.93239416403691, -87.67817303087757)"
IRVING PARK AND KEDZIE,1354,3200 W IRVING PARK ROAD,12/31/2016,3,1154325.140302006,1926458.463197156,41.954029047,-87.708077494,"(41.95402904691877, -87.70807749383191)"
ASHLAND AND MADISON,1911,0 N ASHLAND AVE,01/03/2017,5,,,,,
FOSTER AND BROADWAY,1111,5200 N BROADWAY ST,03/28/2017,2,1167334.508577915,1934714.008346532,41.976412143,-87.660015082,"(41.97641214294823, -87.66001508205365)"
DAMEN AND DIVERSEY,1464,2000 W DIVERSEY PARKWAY,03/28/2017,2,1162519.714934025,1918635.417634925,41.932394164,-87.678173031,"(41.93239416403691, -87.67817303087757)"
IRVING PARK AND KILPATRICK,2764,4700 W IRVING PARK ROA,03/28/2017,2,,,,,
TOUHY AND OSCEOLA,1243,7432 W TOUHY AVENUE,12/31/2016,1,1125717.010560011,1947269.685461107,42.011661765,-87.812781431,"(42.01166176507329, -87.81278143114147)"
55TH and PULASKI,2242,5500 S PULASKI,02/11/2015,3,1150600.072649439,1867806.44512718,41.793155061,-87.723303765,"(41.793155060731024, -87.72330376464247)"
ROOSEVELT AND HALSTED,2233,800 W ROOSEVELT ROAD,01/04/2017,2,1171199.282357741,1894968.056393724,41.867263098,-87.646972686,"(41.86726309836901, -87.64697268601648)"
CICERO AND ARMITAGE,2001,2000 N CICERO AVENUE,12/31/2016,8,1144031.525719004,1912881.8300295,41.916973325,-87.746260223,"(41.91697332451097, -87.74626022251057)"
HALSTED AND 95TH,2581,9500 S HALSTED STREET,01/02/2017,3,1172610.538363645,1841811.61926207,41.721365061,-87.643358042,"(41.72136506078306, -87.64335804234075)"
WESTERN AND CERMAK,1002,2200 S WESTERN AVENUE,12/23/2016,5,1160669.42562757,1889318.196820393,41.85198384,-87.685785704,"(41.85198383957328, -87.68578570420526)"
CENTRAL AND BELMONT,1602,3200 N CENTRAL AVENUE,12/31/2016,1,1138430.432324593,1920731.654410336,41.938617463,-87.766648297,"(41.938617463272884, -87.76664829683827)"
PERSHING AND WESTERN,2114,2400 W PERSHING ROAD,03/28/2017,6,1160957.773623189,1878793.434193427,41.82309676,-87.685018951,"(41.82309676016606, -87.68501895061576)"
HOLLYWOOD AND SHERIDAN,1344,1000 W HOLLYWOOD AVE,03/28/2017,4,1168580.228926466,1938090.295189338,41.985649799,-87.655335807,"(41.98564979859328, -87.65533580655139)"
VAN BUREN AND WESTERN,2052,400 S WESTERN AVENUE,01/01/2017,34,1160431.682297829,1898091.942371589,41.876064776,-87.686415631,"(41.87606477642526, -87.68641563098768)"
ASHLAND AND FULLERTON,1652,2400 N ASHLAND AVENUE,01/02/2017,11,1165228.073342838,1916032.319169157,41.92519389,-87.668294363,"(41.92519388981048, -87.66829436339881)"
HALSTED AND 103RD,2592,10300 S HALSTED STREE,02/11/2015,2,,,,,
CERMAK AND PULASKI,2334,4000 W CERMAK,01/02/2017,1,1150018.476053666,1889120.238540361,41.851654369,-87.724882975,"(41.85165436867626, -87.7248829753078)"
4700 WESTERN,2142,4700 S WESTERN AVENUE,01/02/2017,1,1161120.438879703,1873431.066474726,41.808378408,-87.684570717,"(41.808378407946726, -87.68457071689552)"
WESTERN AND CERMAK,1003,2400 W CERMAK ROAD,01/03/2017,1,1160678.000607329,1889375.645335924,41.852141307,-87.685752642,"(41.85214130680468, -87.6857526415569)"
71ST AND ASHLAND,2391,7100 S ASHLAND,03/28/2017,2,1166868.379865725,1857616.168087255,41.764859382,-87.663940176,"(41.764859382425385, -87.66394017630476)"
BELMONT AND KEDZIE,1373,3200 W BELMONT,01/01/2017,4,1154461.587940363,1921143.091003516,41.939440561,-87.707718516,"(41.93944056117365, -87.70771851630873)"
COLUMBUS AND ILLINOIS,1951,500 N COLUMBUS DRIVE,12/20/2016,31,1178372.808407292,1903693.06016042,41.891044569,-87.620371839,"(41.891044569124276, -87.620371839074)"
63RD AND STATE,2712,6300 S STATE ST,01/03/2017,6,1177303.801895084,1863220.216755923,41.780008277,-87.625522512,"(41.78000827740796, -87.6255225119157)"
CICERO AND FULLERTON,1474,4800 W FULLERTON AVE,01/03/2017,1,1143967.570794243,1915568.504954477,41.924347036,-87.74642764,"(41.924347036010694, -87.74642763965628)"
PULASKI AND IRVING PARK,1572,4000 N PULASKI ROAD,01/03/2017,3,1148970.255325552,1926313.600468643,41.953737051,-87.727766612,"(41.95373705144353, -87.72776661179896)"
STONEY ISLAND AND 76TH,2631,7600 S STONY ISLAND A,12/24/2016,9,1188092.796191935,1854889.354158304,41.756897173,-87.586234285,"(41.75689717260223, -87.58623428506996)"
ASHLAND AND 95TH,2472,9500 S ASHLAND AVENUE,01/02/2017,2,1167295.830128711,1841695.121217916,41.721160612,-87.662828139,"(41.72116061205213, -87.66282813939165)"
CICERO AND PETERSON,1202,6000 N CICERO AVENUE,01/03/2017,3,1143247.733553094,1939479.342905704,41.989973915,-87.748473024,"(41.98997391514614, -87.74847302426933)"
DAMEN AND 63RD,2702,6300 S DAMEN AVENUE,01/02/2017,4,1164069.407943298,1862830.277442834,41.779226921,-87.674052731,"(41.77922692069256, -87.67405273137854)"
55TH and PULASKI,2244,4000 W 55TH ST,01/01/2017,1,1150621.676903861,1867864.274865394,41.793313334,-87.723223038,"(41.79331333358753, -87.72322303812588)"
CENTRAL AND CHICAGO,1972,800 N CENTRAL AVENUE,01/01/2017,6,1138836.562608552,1904801.732832435,41.894896579,-87.765543258,"(41.89489657939746, -87.76554325845893)"
CLARK AND IRVING PARK,1093,1300 W IRVING PARK ROAD,01/02/2017,5,1166777.545456989,1926719.73687357,41.954487567,-87.662293496,"(41.95448756687966, -87.66229349585691)"
IRVING PARK AND KILPATRICK,2763,4700 W IRVING PARK ROA,12/18/2016,5,,,,,
CALIFORNIA AND PETERSON,1313,2800 W PETERSON AVENUE,12/30/2016,5,1156569.515341857,1939784.830544118,41.990552082,-87.699464396,"(41.990552081681564, -87.69946439622785)"
HOMAN/KIMBALL AND NORTH,1773,3400 W NORTH AVE,01/03/2017,3,1153386.578905125,1910465.87061722,41.910162847,-87.711953868,"(41.91016284680269, -87.71195386769125)"
CICERO AND FULLERTON,1474,4800 W FULLERTON AVE,01/04/2017,1,1143967.570794243,1915568.504954477,41.924347036,-87.74642764,"(41.924347036010694, -87.74642763965628)"
WESTERN AND 63RD,2373,2400 W 63RD ST,12/31/2016,2,1161444.415758584,1862848.534703658,41.779331844,-87.683675761,"(41.77933184429814, -87.68367576084798)"
LASALLE AND KINZIE,1921,400 N LASALLE,03/28/2017,3,1175028.579766798,1903002.552291359,41.889225372,-87.632674115,"(41.88922537162015, -87.63267411498495)"
PULASKI AND ARCHER,2153,5000 S ARCHER AVE,01/02/2017,2,1150501.818909837,1871162.311703322,41.802365973,-87.723576766,"(41.80236597333895, -87.72357676611004)"
CANAL AND ROOSEVELT,2294,500 W ROOSEVELT ROAD,12/31/2016,4,1173290.72186561,1895021.166235495,41.867362693,-87.639293195,"(41.867362692616666, -87.63929319464197)"
WESTERN AND FOSTER,1074,2400 W FOSTER AVE,12/31/2016,7,1159379.402846887,1934502.712486132,41.97600019,-87.689275084,"(41.97600018976586, -87.68927508385399)"
ROOSEVELT AND HALSTED,2234,800 W ROOSEVELT ROAD,01/04/2017,5,1171199.282357741,1894968.056393724,41.867263098,-87.646972686,"(41.86726309836901, -87.64697268601648)"
99TH AND HALSTED,2431,9900 S HALSTED ST,03/28/2017,17,1172689.754200318,1839171.652197216,41.714118868,-87.643145408,"(41.714118868089905, -87.64314540818165)"
KIMBALL AND DIVERSEY,1583,3400 W DIVERSEY AVENUE,12/31/2016,4,1153211.149172713,1918454.477800566,41.932087747,-87.71238583,"(41.932087747378944, -87.71238582951281)"
CICERO AND CHICAGO,1783,4800 W CHICAGO AVENUE,11/22/2016,5,1144175.291152764,1904916.255225279,41.895112219,-87.745932427,"(41.89511221857764, -87.74593242701515)"
PULASKI AND LAWRENCE,1173,4000 W LAWRENCE AVENUE,03/28/2017,1,1148844.220085601,1931638.45430438,41.968351285,-87.728091672,"(41.96835128527914, -87.72809167198088)"
HALSTED AND 103RD,2592,10300 S HALSTED STREE,01/02/2017,3,,,,,
WESTERN AND FULLERTON,1671,2400 N WESTERN AVENUE,12/22/2016,20,1159923.309342995,1915897.778561358,41.924935944,-87.687790255,"(41.92493594409127, -87.68779025471278)"
ASHLAND AND FULLERTON,1652,2400 N ASHLAND AVENUE,02/11/2015,4,1165228.073342838,1916032.319169157,41.92519389,-87.668294363,"(41.92519388981048, -87.66829436339881)"
HALSTED AND DIVISION,1714,800 W DIVISION,01/01/2017,8,1170767.827960358,1908259.644151662,41.903745557,-87.648167011,"(41.90374555734733, -87.64816701062779)"
LASALLE AND KINZIE,1921,400 N LASALLE,01/01/2017,5,1175028.579766798,1903002.552291359,41.889225372,-87.632674115,"(41.88922537162015, -87.63267411498495)"
AUSTIN AND ADDISON,1491,3600 N AUSTIN AVENUE,04/02/2017,1,1135691.599896458,1923335.967306169,41.945813215,-87.776652162,"(41.9458132146695, -87.77665216156436)"
KOSTNER AND NORTH,2012,4400 W GRAND AVE,01/01/2017,4,1146773.519128439,1910425.663958581,41.91018141,-87.73624887,"(41.910181409597406, -87.73624887040725)"
CENTRAL AND ADDISON,1682,3600 N CENTRAL AVENUE,01/02/2017,1,1138343.117435682,1923392.067464765,41.945919491,-87.766904594,"(41.945919490555106, -87.76690459426293)"
SHERIDAN AND FOSTER,1134,1000 W FOSTER AVE,02/04/2017,3,1168689.247756979,1934758.578141654,41.976505116,-87.655031882,"(41.97650511595711, -87.65503188224778)"
SACRAMENTO AND CHICAGO,1814,3000 W CHICAGO AVENUE,02/04/2017,5,1156075.266375505,1905216.604770718,41.895704525,-87.702218524,"(41.895704524946225, -87.70221852353758)"
HAMLIN AND MADISON,1901,0 N HAMLIN BOULEVARD,03/20/2017,5,,,,,
KIMBALL AND DIVERSEY,1581,2800 N KIMBALL AVENUE,02/04/2017,8,,,,,
ELSTON AND LAWRENCE,1284,4440 W LAWRENCE AVENUE,02/04/2017,3,1145715.061027481,1931571.0474838,41.968226398,-87.739599251,"(41.96822639754791, -87.73959925065756)"
WESTERN AND FULLERTON,1671,2400 N WESTERN AVENUE,02/04/2017,17,1159923.309342995,1915897.778561358,41.924935944,-87.687790255,"(41.92493594409127, -87.68779025471278)"
OGDEN AND KOSTNER,2222,2348 S KOSTNER AVENUE,02/04/2017,4,1147394.548182079,1887795.177782082,41.848068845,-87.734547457,"(41.8480688449598, -87.73454745748458)"
75TH AND STATE,2621,7500 S STATE STREET,02/04/2017,10,1177538.763040612,1855235.551345519,41.758092176,-87.624902228,"(41.75809217638291, -87.6249022282473)"
VAN BUREN AND WESTERN,2054,2400 W VAN BUREN STREE,02/04/2017,14,,,,,
COTTAGE GROVE AND 71ST,2572,7100 S COTTAGE GROVE,02/04/2017,1,1182746.23698699,1858088.011064538,41.765800351,-87.605729127,"(41.76580035131893, -87.6057291269901)"
IRVING PARK AND KEDZIE,1354,3200 W IRVING PARK ROAD,02/04/2017,10,1154325.140302006,1926458.463197156,41.954029047,-87.708077494,"(41.95402904691877, -87.70807749383191)"
DAMEN AND 63RD,2702,6300 S DAMEN AVENUE,02/04/2017,1,1164069.407943298,1862830.277442834,41.779226921,-87.674052731,"(41.77922692069256, -87.67405273137854)"
31ST ST AND MARTIN LUTHER KING DRIVE,2123,400 E 31ST STREET,02/04/2017,8,1179437.985396417,1884565.84226022,41.838534018,-87.617046113,"(41.838534018118914, -87.61704611345726)"
KEDZIE AND 71ST,2354,3200 W 71ST STREET,03/28/2017,4,1156246.862901455,1857404.014959868,41.764497433,-87.702877023,"(41.76449743256955, -87.70287702335861)"
CENTRAL AND DIVERSEY,1642,2800 N CENTRAL AVENUE,01/04/2017,1,1138516.407377375,1918089.499227987,41.931365552,-87.766396529,"(41.93136555236339, -87.76639652879172)"
STATE AND 79TH,2651,7900 S STATE STREET,03/28/2017,4,1177618.166929966,1852621.870232838,41.750918138,-87.624690123,"(41.7509181383154, -87.62469012251644)"
BELMONT AND KEDZIE,1371,3200 N KEDZIE AVENUE,01/05/2017,1,1154426.977874407,1921110.466549542,41.93935173,-87.707846594,"(41.93935173030961, -87.70784659359776)"
CENTRAL AND ADDISON,1683,5600 W ADDISON STREET,01/05/2017,1,1138349.663302502,1923416.02157061,41.945985104,-87.766879952,"(41.94598510430888, -87.76687995165918)"
IRVING PARK AND KILPATRICK,2763,4700 W IRVING PARK ROA,10/08/2014,3,,,,,
FOSTER AND NAGLE,1031,5200 N NAGLE,01/05/2017,5,1132529.656558223,1934201.702060651,41.97568567,-87.788020406,"(41.97568566971868, -87.78802040620296)"
OGDEN AND KOSTNER,2223,4400 W OGDEN AVENUE,01/05/2017,6,1147406.592439224,1887689.099869462,41.847777523,-87.734505969,"(41.84777752280453, -87.73450596874825)"
KEDZIE AND 71ST,2352,7100 S KEDZIE AVENUE,01/05/2017,2,1156225.540366296,1857330.103443232,41.764295037,-87.702957162,"(41.764295036756856, -87.70295716211793)"
HALSTED AND FULLERTON,1704,800 W FULLERTON AVENUE,01/05/2017,4,1170525.624723311,1916208.443992778,41.925562791,-87.648823641,"(41.92556279107417, -87.64882364145232)"
63RD AND STATE,2712,6300 S STATE ST,01/05/2017,3,1177303.801895084,1863220.216755923,41.780008277,-87.625522512,"(41.78000827740796, -87.6255225119157)"
CERMAK AND PULASKI,2332,2200 S PULASKI,01/05/2017,3,1150012.876838243,1889071.75851865,41.851521442,-87.724904787,"(41.85152144233116, -87.7249047867499)"
PULASKI AND PETERSON,1262,6000 N PULASKI ROAD,01/04/2017,1,1148598.016685695,1939584.645960177,41.990160923,-87.728790748,"(41.99016092280557, -87.72879074759867)"
STONEY ISLAND AND 79TH,2462,7900 S STONEY ISLAND,01/04/2017,2,1188181.571068297,1852908.934789311,41.751460603,-87.585971993,"(41.75146060316686, -87.5859719929647)"
BROADWAY/SHERIDAN AND DEVON,1123,1200 W DEVON AVE,01/05/2017,2,1167109.644248166,1942688.147952186,41.998298228,-87.660611661,"(41.99829822771884, -87.66061166063517)"
BROADWAY/SHERIDAN AND DEVON,1122,6400 N SHERIDAN ROAD,12/14/2016,9,1167087.151194129,1942658.704988689,41.998217921,-87.660695256,"(41.99821792053241, -87.6606952555721)"
COTTAGE GROVE AND 71ST,2571,7100 S COTTAGE GROVE,01/05/2017,4,1182746.23698699,1858088.011064538,41.765800351,-87.605729127,"(41.76580035131893, -87.6057291269901)"
55TH AND WESTERN,2213,2400 W 55TH STREET,01/05/2017,4,1161277.012730599,1868185.749490228,41.793981347,-87.684141741,"(41.7939813465735, -87.68414174128355)"
ROOSEVELT AND HALSTED,2233,800 W ROOSEVELT ROAD,01/03/2017,4,1171199.282357741,1894968.056393724,41.867263098,-87.646972686,"(41.86726309836901, -87.64697268601648)"
CLARK AND FULLERTON,1632,2400 N CLARK ST,01/04/2017,2,1172749.562209477,1916238.997132859,41.925597623,-87.640650973,"(41.925597623023144, -87.64065097309872)"
CICERO AND HARRISON,2022,600 S CICERO AVENUE,03/28/2017,4,1144444.97442848,1896894.622216872,41.873094833,-87.745143869,"(41.873094832519136, -87.74514386884542)"
LARAMIE AND FULLERTON,1424,5200 W FULLERTON AVENUE,01/04/2017,5,1141305.554932016,1915502.611239048,41.924215797,-87.756210755,"(41.92421579723144, -87.75621075458939)"
FOSTER AND BROADWAY,1111,5200 N BROADWAY ST,01/05/2017,5,1167334.508577915,1934714.008346532,41.976412143,-87.660015082,"(41.97641214294823, -87.66001508205365)"
CICERO AND I55,2251,4200 S CICERO AVENUE,01/05/2017,91,1145023.742859509,1876358.276835519,41.816729387,-87.743536712,"(41.81672938674739, -87.74353671247594)"
IRVING PARK AND CALIFORNIA,1234,2800 W IRVING PARK ROA,10/14/2014,5,,,,,
STONEY ISLAND AND 79TH,2464,1600 E 79TH ST,03/28/2017,2,1188284.704439907,1852964.829047574,41.751611523,-87.585592284,"(41.75161152327319, -87.58559228428787)"
IRVING PARK AND KEDZIE,1353,3200 W IRVING PARK ROAD,01/05/2017,8,1154325.140302006,1926458.463197156,41.954029047,-87.708077494,"(41.95402904691877, -87.70807749383191)"
CICERO AND ARMITAGE,2001,2000 N CICERO AVENUE,01/04/2017,2,1144031.525719004,1912881.8300295,41.916973325,-87.746260223,"(41.91697332451097, -87.74626022251057)"
87TH AND VINCENNES,2412,8700 S VINCENNES,01/04/2017,2,1172026.328989535,1847142.496643776,41.736006565,-87.645341819,"(41.73600656458518, -87.64534181897955)"
KEDZIE AND 63RD,2361,6300 S KEDZIE AVE,01/05/2017,1,1156097.505177228,1862668.051775093,41.77894575,-87.703283119,"(41.77894575017997, -87.70328311900342)"
CICERO AND 47TH,2204,4800 W 47TH ST,01/05/2017,5,1145130.048925744,1873078.44198302,41.807727017,-87.743229366,"(41.80772701677172, -87.74322936566276)"
WENTWORTH AND GARFIELD,2264,200 W GARFIELD BLVD,01/04/2017,1,1175889.574397302,1868551.750512227,41.794670385,-87.630547476,"(41.79467038468937, -87.63054747605638)"
WENTWORTH AND GARFIELD,2261,5500 S WENTWORTH AVEN,01/05/2017,16,,,,,
HALSTED AND MADISON,1871,1 S HALSTED STREET,01/05/2017,3,1171092.392868784,1900234.542088741,41.881717056,-87.647210539,"(41.88171705561901, -87.64721053920604)"
CICERO AND I55,2252,4200 S CICERO AVENUE,01/05/2017,2,1145023.742859509,1876358.276835519,41.816729387,-87.743536712,"(41.81672938674739, -87.74353671247594)"
WESTERN AND NORTH,1853,2400 W NORTH AVE,03/28/2017,1,1160100.839010995,1910612.783367238,41.910429862,-87.687284221,"(41.91042986235867, -87.68728422050837)"
MADISON AND WESTERN,1931,1 S WESTERN AVE,01/05/2017,2,1160453.827721979,1899933.703473746,41.881118279,-87.686283339,"(41.881118278833966, -87.686283338873)"
31ST ST AND MARTIN LUTHER KING DRIVE,2123,400 E 31ST STREET,01/05/2017,1,1179437.985396417,1884565.84226022,41.838534018,-87.617046113,"(41.838534018118914, -87.61704611345726)"
IRVING PARK AND KILPATRICK,2764,4700 W IRVING PARK ROA,01/02/2017,2,,,,,
LAFAYETTE AND 87TH,2502,8700 S LAFAYETTE AVEN,01/04/2017,14,1177417.493180297,1847243.988223464,41.73616511,-87.625587569,"(41.73616511008592, -87.62558756899932)"
HALSTED AND 103RD,2592,10300 S HALSTED STREE,01/05/2017,3,,,,,
4700 WESTERN,2142,4700 S WESTERN AVENUE,01/04/2017,1,1161120.438879703,1873431.066474726,41.808378408,-87.684570717,"(41.808378407946726, -87.68457071689552)"
LARAMIE AND MADISON,2043,5200 W MADISON STREET,03/28/2017,5,1141706.965522802,1899567.55684314,41.880480752,-87.755130433,"(41.88048075170171, -87.75513043296509)"
WESTERN AND 79TH,2481,7900 S WESTERN AVE,01/05/2017,1,1161711.516404028,1852181.685686118,41.750054934,-87.682992203,"(41.750054933649984, -87.68299220290213)"
CENTRAL AND LAKE,1743,5600 W LAKE STREET,01/05/2017,4,1138951.495695032,1902230.510465733,41.887838735,-87.765183663,"(41.887838735330206, -87.76518366338465)"
HOLLYWOOD AND SHERIDAN,1343,1000 W HOLLYWOOD AVE,01/05/2017,8,1168580.228926466,1938090.295189338,41.985649799,-87.655335807,"(41.98564979859328, -87.65533580655139)"
CICERO AND FULLERTON,1474,4800 W FULLERTON AVE,01/05/2017,3,1143967.570794243,1915568.504954477,41.924347036,-87.74642764,"(41.924347036010694, -87.74642763965628)"
CICERO AND NORTH,2034,4800 W NORTH AVENUE,01/05/2017,2,1144053.733747163,1910243.80567041,41.90973389,-87.746244973,"(41.909733890131285, -87.74624497295898)"
CLARK AND FULLERTON,1632,2400 N CLARK ST,01/05/2017,1,1172749.562209477,1916238.997132859,41.925597623,-87.640650973,"(41.925597623023144, -87.64065097309872)"
ELSTON AND LAWRENCE,1284,4440 W LAWRENCE AVENUE,03/28/2017,3,1145715.061027481,1931571.0474838,41.968226398,-87.739599251,"(41.96822639754791, -87.73959925065756)"
MONTROSE AND WESTERN,1221,4400 N WESTERN AVENUE,01/04/2017,6,1159539.733234718,1929183.918095502,41.961401846,-87.688832623,"(41.961401846278505, -87.6888326227788)"
35TH AND WESTERN,2092,3500 S WESTERN,01/04/2017,1,1160894.949857101,1881376.851112895,41.830187255,-87.685177925,"(41.83018725526863, -87.68517792510231)"
SACRAMENTO AND LAKE,1822,150 N SACRAMENTO BOUL,01/04/2017,6,1156319.560664766,1900957.489351962,41.884012178,-87.701436479,"(41.88401217771363, -87.7014364786693)"
DIVERSEY AND AUSTIN,1454,6000 W DIVERSEY AVENUE,01/05/2017,3,1135895.736169343,1918029.70673837,41.931248624,-87.776028612,"(41.931248623643455, -87.77602861172493)"
35TH AND WESTERN,2091,3500 S WESTERN,01/04/2017,2,1160894.949857101,1881376.851112895,41.830187255,-87.685177925,"(41.83018725526863, -87.68517792510231)"
CICERO AND I55,2251,4200 S CICERO AVENUE,12/14/2016,72,1145023.742859509,1876358.276835519,41.816729387,-87.743536712,"(41.81672938674739, -87.74353671247594)"
OGDEN AND KOSTNER,2222,2348 S KOSTNER AVENUE,01/05/2017,9,1147394.548182079,1887795.177782082,41.848068845,-87.734547457,"(41.8480688449598, -87.73454745748458)"
HOLLYWOOD AND SHERIDAN,1344,1000 W HOLLYWOOD AVE,01/05/2017,16,1168580.228926466,1938090.295189338,41.985649799,-87.655335807,"(41.98564979859328, -87.65533580655139)"
MILWAUKEE AND MONTROSE,1364,5075 W MONTROSE AVENUE,01/04/2017,4,1141716.746618898,1928736.076639057,41.960522088,-87.754371424,"(41.96052208819935, -87.75437142402293)"
STONEY ISLAND AND 76TH,2631,7600 S STONY ISLAND A,01/05/2017,11,1188092.796191935,1854889.354158304,41.756897173,-87.586234285,"(41.75689717260223, -87.58623428506996)"
CALIFORNIA AND PETERSON,1313,2800 W PETERSON AVENUE,11/21/2016,7,1156569.515341857,1939784.830544118,41.990552082,-87.699464396,"(41.990552081681564, -87.69946439622785)"
MONTROSE AND WESTERN,1224,2400 W MONTROSE AVENUE,01/05/2017,1,1159562.971802959,1929191.337701253,41.961421726,-87.68874698,"(41.961421726406314, -87.68874697983858)"
CICERO AND WASHINGTON,1891,100 N CICERO AVENUE,03/28/2017,6,1144328.984091479,1900095.170838459,41.88187971,-87.745489247,"(41.88187970991601, -87.7454892473012)"
CICERO AND ARMITAGE,2001,2000 N CICERO AVENUE,01/05/2017,4,1144031.525719004,1912881.8300295,41.916973325,-87.746260223,"(41.91697332451097, -87.74626022251057)"
PULASKI AND 63RD,2342,6300 S PULASKI RD,01/05/2017,1,1150746.00309079,1862516.747695325,41.778636469,-87.722906356,"(41.77863646878099, -87.72290635568541)"
83RD AND STONY ISLAND,2563,1600 E 83RD STREET,02/11/2015,3,1188383.194217679,1850307.01299095,41.744315875,-87.585316041,"(41.74431587464464, -87.58531604125469)"
CALIFORNIA AND DEVON,1323,2800 W DEVON AVENUE,01/05/2017,2,1156484.528078038,1942377.980662191,41.997669523,-87.699706423,"(41.99766952286052, -87.69970642324591)"
87TH AND VINCENNES,2412,8700 S VINCENNES,11/22/2016,15,1172026.328989535,1847142.496643776,41.736006565,-87.645341819,"(41.73600656458518, -87.64534181897955)"
115TH AND HALSTED,2552,11500 S HALSTED STREE,01/05/2017,11,,,,,
CENTRAL AND CHICAGO,1972,800 N CENTRAL AVENUE,01/04/2017,2,1138836.562608552,1904801.732832435,41.894896579,-87.765543258,"(41.89489657939746, -87.76554325845893)"
MILWAUKEE AND DEVON,1272,6400 N MILWAUKEE AVEN,01/05/2017,9,1132463.750397878,1942107.911507627,41.997382173,-87.788077674,"(41.99738217345368, -87.78807767391953)"
CICERO AND CHICAGO,1781,800 N CICERO AVENUE,01/04/2017,3,1144169.162482127,1904893.189220372,41.895049038,-87.745955516,"(41.89504903796389, -87.74595551626888)"
KOSTNER AND NORTH,2013,4400 W NORTH,01/05/2017,4,1146738.551618032,1910309.595368032,41.909863573,-87.736380296,"(41.90986357340246, -87.73638029605371)"
ASHLAND AND FULLERTON,1651,2400 N ASHLAND AVENUE,01/05/2017,4,1165228.073342838,1916032.319169157,41.92519389,-87.668294363,"(41.92519388981048, -87.66829436339881)"
CLARK AND IRVING PARK,1093,1300 W IRVING PARK ROAD,01/04/2017,3,1166777.545456989,1926719.73687357,41.954487567,-87.662293496,"(41.95448756687966, -87.66229349585691)"
PULASKI AND BELMONT,1382,3200 N PULASKI RD,01/02/2017,6,1149125.621478734,1920994.556178086,41.939138154,-87.72733371,"(41.939138153500274, -87.7273337101426)"
LAFAYETTE AND 87TH,2502,8700 S LAFAYETTE AVEN,03/20/2017,17,1177417.493180297,1847243.988223464,41.73616511,-87.625587569,"(41.73616511008592, -87.62558756899932)"
HALSTED AND NORTH,1764,800 W NORTH AVENUE,01/04/2017,1,1170700.68422007,1910913.190749698,41.91102851,-87.648335806,"(41.91102850981186, -87.64833580602037)"
LAFAYETTE AND 87TH,2503,30 W 87TH STREET,01/05/2017,5,1177407.651800237,1847320.772058312,41.736376037,-87.625621311,"(41.736376036604916, -87.62562131092602)"
CICERO AND CHICAGO,1783,4800 W CHICAGO AVENUE,12/19/2016,4,1144175.291152764,1904916.255225279,41.895112219,-87.745932427,"(41.89511221857764, -87.74593242701515)"
CLARK AND IRVING PARK,1093,1300 W IRVING PARK ROAD,01/05/2017,5,1166777.545456989,1926719.73687357,41.954487567,-87.662293496,"(41.95448756687966, -87.66229349585691)"
JEFFERY AND 95TH,2522,9500 S JEFFERY AVE,01/05/2017,3,1191132.420601301,1842335.735988875,41.722375907,-87.575499903,"(41.72237590704101, -87.57549990332795)"
115TH AND HALSTED,2553,800 W 115TH STREET,03/28/2017,3,1173010.735357888,1828632.242070332,41.685190056,-87.642279564,"(41.68519005571938, -87.64227956401977)"
CENTRAL AND LAKE,1742,400 N CENTRAL AVENUE,01/05/2017,5,1138928.478257537,1902217.926149854,41.887804621,-87.765268498,"(41.88780462053497, -87.76526849810371)"
87TH AND VINCENNES,2412,8700 S VINCENNES,01/05/2017,3,1172026.328989535,1847142.496643776,41.736006565,-87.645341819,"(41.73600656458518, -87.64534181897955)"
ASHLAND AND LAWRENCE,1143,1600 W LAWRENCE AVENUE,01/04/2017,4,1164771.946929007,1931988.254061312,41.968987457,-87.669516307,"(41.96898745654617, -87.66951630654926)"
SACRAMENTO AND LAKE,1821,150 N SACRAMENTO BOUL,01/04/2017,16,1156319.560664766,1900957.489351962,41.884012178,-87.701436479,"(41.88401217771363, -87.7014364786693)"
SHERIDAN AND FOSTER,1134,1000 W FOSTER AVE,01/05/2017,2,1168689.247756979,1934758.578141654,41.976505116,-87.655031882,"(41.97650511595711, -87.65503188224778)"
LASALLE AND KINZIE,1921,400 N LASALLE,01/04/2017,9,1175028.579766798,1903002.552291359,41.889225372,-87.632674115,"(41.88922537162015, -87.63267411498495)"
CORTLAND AND ASHLAND,1721,1900 N ASHLAND AVE,01/05/2017,10,1165348.084854857,1912736.454335569,41.916147281,-87.667947354,"(41.91614728095272, -87.66794735350443)"
CHICAGO AND CLARK,1963,100 W CHICAGO AVENUE,03/28/2017,2,1175374.528739575,1905745.47783364,41.896744347,-87.631321248,"(41.896744346875806, -87.63132124815151)"
KEDZIE AND 26TH,2382,2600 S KEDZIE AVENUE,01/05/2017,1,1155404.235510285,1886524.460033054,41.844424831,-87.705185452,"(41.84442483084393, -87.70518545233183)"
DAMEN AND 63RD,2701,6300 S DAMEN AVENUE,01/05/2017,2,1164069.407943298,1862830.277442834,41.779226921,-87.674052731,"(41.77922692069256, -87.67405273137854)"
HALSTED AND NORTH,1764,800 W NORTH AVENUE,03/28/2017,1,1170700.68422007,1910913.190749698,41.91102851,-87.648335806,"(41.91102850981186, -87.64833580602037)"
BELMONT AND KEDZIE,1372,3200 N KEDZIE AVE,01/03/2017,12,1154426.977874407,1921110.466549542,41.93935173,-87.707846594,"(41.93935173030961, -87.70784659359776)"
VAN BUREN AND WESTERN,2054,2400 W VAN BUREN STREE,01/05/2017,8,,,,,
ASHLAND AND FULLERTON,1652,2400 N ASHLAND AVENUE,01/04/2017,8,1165228.073342838,1916032.319169157,41.92519389,-87.668294363,"(41.92519388981048, -87.66829436339881)"
WESTERN AND 79TH,2481,7900 S WESTERN AVE,01/04/2017,5,1161711.516404028,1852181.685686118,41.750054934,-87.682992203,"(41.750054933649984, -87.68299220290213)"
ELSTON AND LAWRENCE,1282,4800 N ELSTON AVENUE,01/05/2017,2,1145529.344259918,1931501.601268983,41.968039361,-87.740283894,"(41.96803936143674, -87.74028389448999)"
99TH AND HALSTED,2433,800 W 99TH ST,01/05/2017,10,1172710.642565684,1839246.330602143,41.714323337,-87.643066714,"(41.71432333701137, -87.64306671421937)"
CICERO AND HARRISON,2022,600 S CICERO AVENUE,01/05/2017,2,1144444.97442848,1896894.622216872,41.873094833,-87.745143869,"(41.873094832519136, -87.74514386884542)"
WENTWORTH AND GARFIELD,2264,200 W GARFIELD BLVD,12/12/2016,6,1175889.574397302,1868551.750512227,41.794670385,-87.630547476,"(41.79467038468937, -87.63054747605638)"
HALSTED AND 95TH,2582,9500 S HALSTED STREET,01/05/2017,1,1172610.538363645,1841811.61926207,41.721365061,-87.643358042,"(41.72136506078306, -87.64335804234075)"
119TH AND HALSTED,2404,800 W 119TH STREET,01/04/2017,1,1173111.174088158,1825985.001014405,41.677923389,-87.641989646,"(41.677923389134385, -87.64198964584013)"
DAMEN AND DIVERSEY,1462,2800 N DAMEN AVENUE,03/28/2017,4,1162490.04851994,1918611.623717091,41.932329494,-87.678282719,"(41.9323294940985, -87.67828271931386)"
HARLEM AND BELMONT,1394,7200 W BELMONT AVE,01/02/2017,5,1127504.698153561,1920475.415440844,41.938105479,-87.806809552,"(41.93810547939496, -87.80680955240743)"
WESTERN AND NORTH,1851,1600 N WESTERN AVE,01/05/2017,5,1160077.474351131,1910605.013316134,41.910409024,-87.687370268,"(41.91040902362901, -87.687370268401)"
CICERO AND CHICAGO,1781,800 N CICERO AVENUE,03/28/2017,1,1144169.162482127,1904893.189220372,41.895049038,-87.745955516,"(41.89504903796389, -87.74595551626888)"
HAMLIN AND MADISON,1903,3800 W MADISON STREET,01/04/2017,13,1151032.709141294,1899784.033986533,41.880897273,-87.720881226,"(41.880897273491264, -87.72088122613924)"
CICERO AND 47TH,2202,4700 S CICERO AVE,01/05/2017,1,1145112.150373471,1873006.659918126,41.807530373,-87.743296821,"(41.80753037289406, -87.7432968212423)"
HALSTED AND 95TH,2581,9500 S HALSTED STREET,01/05/2017,1,1172610.538363645,1841811.61926207,41.721365061,-87.643358042,"(41.72136506078306, -87.64335804234075)"
DAMEN AND DIVERSEY,1464,2000 W DIVERSEY PARKWAY,01/04/2017,5,1162519.714934025,1918635.417634925,41.932394164,-87.678173031,"(41.93239416403691, -87.67817303087757)"
TOUHY AND OSCEOLA,1244,7432 W TOUHY AVENUE,01/04/2017,2,1125717.010560011,1947269.685461107,42.011661765,-87.812781431,"(42.01166176507329, -87.81278143114147)"
IRVING PARK AND NARRAGANSETT,1024,6400 W IRVING PK,01/05/2017,5,1132945.939118726,1925946.304925137,41.953024751,-87.786683238,"(41.95302475075328, -87.78668323766634)"
CICERO AND ADDISON,1612,3600 N CICERO AVENUE,01/04/2017,6,1143698.904601495,1923517.005821035,41.946163524,-87.747215169,"(41.94616352362556, -87.74721516897007)"
ASHLAND AND FULLERTON,1651,2400 N ASHLAND AVENUE,01/04/2017,4,1165228.073342838,1916032.319169157,41.92519389,-87.668294363,"(41.92519388981048, -87.66829436339881)"
CICERO AND ARMITAGE,2003,4800 W ARMITAGE AVENUE,03/28/2017,1,1144054.25126508,1912907.00926109,41.917041992,-87.746176095,"(41.91704199201953, -87.74617609464687)"
WENTWORTH AND GARFIELD,2264,200 W GARFIELD BLVD,01/05/2017,6,1175889.574397302,1868551.750512227,41.794670385,-87.630547476,"(41.79467038468937, -87.63054747605638)"
HAMLIN AND MADISON,1903,3800 W MADISON STREET,01/03/2017,11,1151032.709141294,1899784.033986533,41.880897273,-87.720881226,"(41.880897273491264, -87.72088122613924)"
PULASKI AND PETERSON,1263,4000 W PETERSON AVENUE,01/05/2017,5,1148618.560490339,1939615.133928395,41.990244186,-87.728714391,"(41.99024418564742, -87.7287143910091)"
STONY ISLAND/CORNELL AND 67TH,2721,6700 S STONY ISLAND A,01/04/2017,8,1187984.143047539,1860863.338367666,41.773292896,-87.586442368,"(41.77329289585066, -87.58644236831432)"
HARLEM AND BELMONT,1391,3200 N HARLEM AVE,01/03/2017,1,1127481.020995451,1920467.613239239,41.938084468,-87.806896749,"(41.93808446822169, -87.80689674887883)"
HAMLIN AND LAKE,1881,300 N HAMLIN AVENUE,01/05/2017,4,1150970.026856642,1901381.688308858,41.885282636,-87.721069539,"(41.88528263580913, -87.72106953854511)"
WESTERN AND 79TH,2484,2400 W 79TH ST,03/28/2017,1,1161758.68085177,1852242.255513454,41.750220168,-87.682817693,"(41.75022016799851, -87.68281769253687)"
71ST AND ASHLAND,2394,1600 W 71ST,01/05/2017,6,1166890.012333149,1857674.2502247,41.765018306,-87.66385923,"(41.76501830555763, -87.66385923012646)"
ROOSEVELT AND KOSTNER,2321,1200 S KOSTNER,01/04/2017,5,1147196.304001978,1894305.883269746,41.865938839,-87.735108549,"(41.8659388389088, -87.73510854901264)"
DAMEN AND 63RD,2701,6300 S DAMEN AVENUE,01/04/2017,3,1164069.407943298,1862830.277442834,41.779226921,-87.674052731,"(41.77922692069256, -87.67405273137854)"
CENTRAL AND BELMONT,1604,5600 W BELMONT AVENUE,01/05/2017,1,1138453.617438343,1920755.972768412,41.938683775,-87.766562494,"(41.93868377475747, -87.76656249384537)"
55TH AND WESTERN,2213,2400 W 55TH STREET,01/04/2017,6,1161277.012730599,1868185.749490228,41.793981347,-87.684141741,"(41.7939813465735, -87.68414174128355)"
WESTERN AND DEVON,1211,6400 N WESTERN AVENUE,01/05/2017,1,1159113.585759434,1942451.622367891,41.997817807,-87.690033035,"(41.997817807026, -87.69003303469276)"
KIMBALL AND DIVERSEY,1583,3400 W DIVERSEY AVENUE,01/04/2017,2,1153211.149172713,1918454.477800566,41.932087747,-87.71238583,"(41.932087747378944, -87.71238582951281)"
HAMLIN AND LAKE,1882,300 N HAMLIN AVENUE,03/28/2017,1,1150970.026856642,1901381.688308858,41.885282636,-87.721069539,"(41.88528263580913, -87.72106953854511)"
WESTERN AND FOSTER,1074,2400 W FOSTER AVE,03/28/2017,11,1159379.402846887,1934502.712486132,41.97600019,-87.689275084,"(41.97600018976586, -87.68927508385399)"
WESTERN AND FOSTER,1072,5200 N WESTERN AVE,01/05/2017,1,1159372.922497116,1934478.313674003,41.975933372,-87.689299589,"(41.97593337199358, -87.6892995891816)"
JEFFERY AND 95TH,2523,2000 E 95TH ST,01/05/2017,3,1191188.381103057,1842410.411853539,41.722579473,-87.575292523,"(41.722579473126416, -87.57529252250366)"
75TH AND STATE,2624,1 E 75TH STREET,04/03/2017,8,1177601.72646404,1855229.486604181,41.758074111,-87.624671658,"(41.75807411097799, -87.62467165835182)"
55TH and PULASKI,2242,5500 S PULASKI,01/04/2017,2,1150600.072649439,1867806.44512718,41.793155061,-87.723303765,"(41.793155060731024, -87.72330376464247)"
CORTLAND AND ASHLAND,1723,1600 W CORTLAND ST,01/05/2017,5,1165377.660768235,1912768.773647285,41.916235337,-87.667837772,"(41.91623533746878, -87.66783777212962)"
WESTERN AND 79TH,2484,2400 W 79TH ST,01/04/2017,3,1161758.68085177,1852242.255513454,41.750220168,-87.682817693,"(41.75022016799851, -87.68281769253687)"
STONEY ISLAND AND 79TH,2461,7900 S SOUTH CHICAGO AVE,01/05/2017,2,1188274.655498937,1852865.685797892,41.751339705,-87.585632266,"(41.751339704589455, -87.58563226565187)"
IRVING PARK AND NARRAGANSETT,1024,6400 W IRVING PK,03/28/2017,2,1132945.939118726,1925946.304925137,41.953024751,-87.786683238,"(41.95302475075328, -87.78668323766634)"
CICERO AND CHICAGO,1783,4800 W CHICAGO AVENUE,01/05/2017,2,1144175.291152764,1904916.255225279,41.895112219,-87.745932427,"(41.89511221857764, -87.74593242701515)"
DIVISION AND DAMEN,1733,2000 W DIVISION,01/05/2017,6,1162815.710860194,1908034.672555531,41.903298793,-87.677383247,"(41.903298792681944, -87.67738324739636)"
WESTERN AND ADDISON,1563,2400 W ADDISON,02/11/2015,5,1159719.041544334,1923878.577275797,41.946839991,-87.688320193,"(41.9468399910054, -87.68832019252964)"
PULASKI AND FOSTER,1102,5200 N PULASKI RD,01/05/2017,5,1148746.251286324,1934286.914361976,41.97562074,-87.728383135,"(41.97562073966174, -87.72838313514907)"
PULASKI AND BELMONT,1382,3200 N PULASKI RD,01/04/2017,2,1149125.621478734,1920994.556178086,41.939138154,-87.72733371,"(41.939138153500274, -87.7273337101426)"
WESTERN AND CHICAGO,1943,2400 W CHICAGO AVE,01/05/2017,4,1160226.686812944,1905300.904544474,41.895851041,-87.686968935,"(41.895851041123755, -87.68696893468467)"
CICERO AND PETERSON,1202,6000 N CICERO AVENUE,01/05/2017,4,1143247.733553094,1939479.342905704,41.989973915,-87.748473024,"(41.98997391514614, -87.74847302426933)"
LAWRENCE AND WESTERN,1193,2400 W LAWRENCE AVENUE,01/05/2017,2,1159482.648570304,1931851.989492596,41.968724349,-87.688968727,"(41.96872434882172, -87.68896872699601)"
DIVERSEY AND AUSTIN,1453,6000 W DIVERSEY AVENUE,01/04/2017,2,1135895.736169343,1918029.70673837,41.931248624,-87.776028612,"(41.931248623643455, -87.77602861172493)"
ELSTON AND ADDISON,1402,3600 N ELSTON AVE,12/28/2016,4,1154106.95251778,1923731.036211081,41.946549165,-87.708952626,"(41.94654916480637, -87.70895262603513)"
LAFAYETTE AND 87TH,2503,30 W 87TH STREET,01/04/2017,4,1177407.651800237,1847320.772058312,41.736376037,-87.625621311,"(41.736376036604916, -87.62562131092602)"
PULASKI AND ARCHER,2154,5000 S ARCHER AVE,01/04/2017,4,1150501.818909837,1871162.311703322,41.802365973,-87.723576766,"(41.80236597333895, -87.72357676611004)"
WESTERN AND 71ST,2614,2400 W 71ST STREET,04/02/2017,1,1161584.506819846,1857557.788853485,41.764810388,-87.683308769,"(41.76481038827884, -87.68330876944678)"
55TH and PULASKI,2242,5500 S PULASKI,01/05/2017,1,1150600.072649439,1867806.44512718,41.793155061,-87.723303765,"(41.793155060731024, -87.72330376464247)"
PETERSON AND WESTERN,1014,2400 W PETERSON,03/28/2017,2,1159214.211316277,1939825.301874586,41.99060901,-87.689735481,"(41.990609009807294, -87.68973548092968)"
MADISON AND WESTERN,1931,1 S WESTERN AVE,03/28/2017,2,1160453.827721979,1899933.703473746,41.881118279,-87.686283339,"(41.881118278833966, -87.686283338873)"
CICERO AND ADDISON,1611,3600 N CICERO AVENUE,01/05/2017,5,1143698.904601495,1923517.005821035,41.946163524,-87.747215169,"(41.94616352362556, -87.74721516897007)"
119TH AND HALSTED,2404,800 W 119TH STREET,01/05/2017,4,1173111.174088158,1825985.001014405,41.677923389,-87.641989646,"(41.677923389134385, -87.64198964584013)"
COLUMBUS AND ILLINOIS,1952,500 N COLUMBUS DRIVE,01/05/2017,9,1178372.808407292,1903693.06016042,41.891044569,-87.620371839,"(41.891044569124276, -87.620371839074)"
ASHLAND AND 95TH,2472,9500 S ASHLAND AVENUE,01/03/2017,5,1167295.830128711,1841695.121217916,41.721160612,-87.662828139,"(41.72116061205213, -87.66282813939165)"
IRVING PARK AND KEDZIE,1354,3200 W IRVING PARK ROAD,01/05/2017,8,1154325.140302006,1926458.463197156,41.954029047,-87.708077494,"(41.95402904691877, -87.70807749383191)"
75TH AND STATE,2621,7500 S STATE STREET,01/05/2017,8,1177538.763040612,1855235.551345519,41.758092176,-87.624902228,"(41.75809217638291, -87.6249022282473)"
ASHLAND AND FULLERTON,1652,2400 N ASHLAND AVENUE,01/05/2017,10,1165228.073342838,1916032.319169157,41.92519389,-87.668294363,"(41.92519388981048, -87.66829436339881)"
OGDEN AND KOSTNER,2222,2348 S KOSTNER AVENUE,01/04/2017,1,1147394.548182079,1887795.177782082,41.848068845,-87.734547457,"(41.8480688449598, -87.73454745748458)"
ELSTON AND ADDISON,1403,3216 W ADDISON ST,03/28/2017,5,1154199.729816868,1923799.345386665,41.946734755,-87.708609774,"(41.946734754927796, -87.7086097735515)"
35TH AND WESTERN,2092,3500 S WESTERN,01/05/2017,2,1160894.949857101,1881376.851112895,41.830187255,-87.685177925,"(41.83018725526863, -87.68517792510231)"
ROOSEVELT AND PULASKI,2314,4000 W ROOSEVELT ROAD,01/04/2017,4,1149885.032049683,1894449.464076882,41.866281003,-87.72523422,"(41.866281002664536, -87.72523421983905)"
HARLEM AND BELMONT,1391,3200 N HARLEM AVE,01/05/2017,8,1127481.020995451,1920467.613239239,41.938084468,-87.806896749,"(41.93808446822169, -87.80689674887883)"
KEDZIE AND 71ST,2352,7100 S KEDZIE AVENUE,01/04/2017,1,1156225.540366296,1857330.103443232,41.764295037,-87.702957162,"(41.764295036756856, -87.70295716211793)"
CICERO AND CHICAGO,1783,4800 W CHICAGO AVENUE,01/04/2017,5,1144175.291152764,1904916.255225279,41.895112219,-87.745932427,"(41.89511221857764, -87.74593242701515)"
CICERO AND DIVERSEY,1694,4800 W DIVERSEY AVENUE,01/05/2017,3,1143869.848167704,1918226.043989398,41.93164142,-87.746719911,"(41.93164142040689, -87.7467199106462)"
DAMEN AND DIVERSEY,1464,2000 W DIVERSEY PARKWAY,01/05/2017,3,1162519.714934025,1918635.417634925,41.932394164,-87.678173031,"(41.93239416403691, -87.67817303087757)"
KEDZIE AND 31ST,2132,3100 S KEDZIE AVENUE,01/05/2017,7,1155483.167539854,1883867.660503274,41.837132671,-87.704967115,"(41.837132671422296, -87.70496711478727)"
PULASKI AND IRVING PARK,1574,4000 W IRVING PARK RD,01/04/2017,3,1148988.727877253,1926320.954938409,41.953756874,-87.727698513,"(41.95375687447515, -87.72769851312907)"
CICERO AND 47TH,2204,4800 W 47TH ST,01/04/2017,12,1145130.048925744,1873078.44198302,41.807727017,-87.743229366,"(41.80772701677172, -87.74322936566276)"
WESTERN AND FULLERTON,1671,2400 N WESTERN AVENUE,03/28/2017,10,1159923.309342995,1915897.778561358,41.924935944,-87.687790255,"(41.92493594409127, -87.68779025471278)"
WESTERN AND 71ST,2614,2400 W 71ST STREET,01/05/2017,2,1161584.506819846,1857557.788853485,41.764810388,-87.683308769,"(41.76481038827884, -87.68330876944678)"
COLUMBUS AND ILLINOIS,1951,500 N COLUMBUS DRIVE,01/04/2017,13,1178372.808407292,1903693.06016042,41.891044569,-87.620371839,"(41.891044569124276, -87.620371839074)"
ASHLAND AND 87TH,2454,1600 W 87TH ST,01/05/2017,2,1167171.941297436,1847064.855345151,41.735898617,-87.663128781,"(41.735898617066006, -87.66312878090133)"
MILWAUKEE AND DEVON,1274,6400 W DEVON AVENUE,01/04/2017,5,1132590.619798275,1942138.532048656,41.997463981,-87.787610243,"(41.99746398102873, -87.78761024341388)"
PULASKI AND IRVING PARK,1574,4000 W IRVING PARK RD,01/05/2017,1,1148988.727877253,1926320.954938409,41.953756874,-87.727698513,"(41.95375687447515, -87.72769851312907)"
FOSTER AND BROADWAY,1113,1200 W FOSTER AVE,01/05/2017,7,1167357.095930752,1934721.393266777,41.97643192,-87.659931806,"(41.97643192018459, -87.65993180604016)"
CANAL AND ROOSEVELT,2291,1200 S CANAL STREET,01/05/2017,9,1173268.771030949,1894952.634878732,41.867175125,-87.639375813,"(41.86717512472001, -87.63937581258092)"
ASHLAND AND IRVING PARK,1153,1600 W IRVING PARK ROA,03/28/2017,2,,,,,
CICERO AND NORTH,2033,4800 W NORTH AVENUE,01/04/2017,2,1144053.733747163,1910243.80567041,41.90973389,-87.746244973,"(41.909733890131285, -87.74624497295898)"
HARLEM AND BELMONT,1391,3200 N HARLEM AVE,01/04/2017,4,1127481.020995451,1920467.613239239,41.938084468,-87.806896749,"(41.93808446822169, -87.80689674887883)"
PULASKI AND DIVISION,1802,1200 N PULASKI ROAD,12/24/2016,6,1149459.590666926,1907723.219884254,41.902713902,-87.726451457,"(41.902713901936174, -87.72645145715836)"
ROOSEVELT AND PULASKI,2314,4000 W ROOSEVELT ROAD,01/05/2017,4,1149885.032049683,1894449.464076882,41.866281003,-87.72523422,"(41.866281002664536, -87.72523421983905)"
119TH AND HALSTED,2402,11900 S HALSTED,01/05/2017,8,1173094.774616191,1825911.054609338,41.677720829,-87.642051845,"(41.67772082924762, -87.64205184498218)"
WESTERN AND NORTH,1853,2400 W NORTH AVE,01/04/2017,4,1160100.839010995,1910612.783367238,41.910429862,-87.687284221,"(41.91042986235867, -87.68728422050837)"
SACRAMENTO AND LAKE,1822,150 N SACRAMENTO BOUL,01/05/2017,3,1156319.560664766,1900957.489351962,41.884012178,-87.701436479,"(41.88401217771363, -87.7014364786693)"
CICERO AND WASHINGTON,1892,100 N CICERO AVENUE,01/04/2017,4,1144328.984091479,1900095.170838459,41.88187971,-87.745489247,"(41.88187970991601, -87.7454892473012)"
PULASKI AND PETERSON,1263,4000 W PETERSON AVENUE,01/04/2017,4,1148618.560490339,1939615.133928395,41.990244186,-87.728714391,"(41.99024418564742, -87.7287143910091)"
KOSTNER AND NORTH,2012,4400 W GRAND AVE,01/05/2017,5,1146773.519128439,1910425.663958581,41.91018141,-87.73624887,"(41.910181409597406, -87.73624887040725)"
KIMBALL AND DIVERSEY,1581,2800 N KIMBALL AVENUE,01/05/2017,2,,,,,
AUSTIN AND ADDISON,1491,3600 N AUSTIN AVENUE,01/04/2017,2,1135691.599896458,1923335.967306169,41.945813215,-87.776652162,"(41.9458132146695, -87.77665216156436)"
STONEY ISLAND AND 76TH,2632,7600 S STONY ISLAND A,12/17/2016,20,1188092.796191935,1854889.354158304,41.756897173,-87.586234285,"(41.75689717260223, -87.58623428506996)"
KEDZIE AND 31ST,2132,3100 S KEDZIE AVENUE,01/04/2017,5,1155483.167539854,1883867.660503274,41.837132671,-87.704967115,"(41.837132671422296, -87.70496711478727)"
MILWAUKEE AND DEVON,1274,6400 W DEVON AVENUE,01/05/2017,5,1132590.619798275,1942138.532048656,41.997463981,-87.787610243,"(41.99746398102873, -87.78761024341388)"
55TH AND WESTERN,2212,5500 S WESTERN AVE,01/04/2017,4,1161269.521335262,1867963.111601251,41.793370554,-87.684175377,"(41.79337055433029, -87.6841753767592)"
CALIFORNIA AND DIVERSEY,1514,2800 W DIVERSEY,01/04/2017,15,1157212.54253358,1918526.674434943,41.932205395,-87.697679244,"(41.93220539506452, -87.6976792438691)"
119TH AND HALSTED,2402,11900 S HALSTED,01/04/2017,9,1173094.774616191,1825911.054609338,41.677720829,-87.642051845,"(41.67772082924762, -87.64205184498218)"
CENTRAL AND IRVING PARK,1182,4000 N CENTRAL AVENUE,01/04/2017,2,1138258.614129764,1926071.172884932,41.953272751,-87.767150151,"(41.95327275103541, -87.76715015131407)"
SACRAMENTO AND CHICAGO,1814,3000 W CHICAGO AVENUE,03/28/2017,4,1156075.266375505,1905216.604770718,41.895704525,-87.702218524,"(41.895704524946225, -87.70221852353758)"
LARAMIE AND MADISON,2043,5200 W MADISON STREET,01/05/2017,1,1141706.965522802,1899567.55684314,41.880480752,-87.755130433,"(41.88048075170171, -87.75513043296509)"
ASHLAND AND 95TH,2473,1600 W 95TH STREET,01/04/2017,4,1167323.753394196,1841755.029221382,41.721324412,-87.662724153,"(41.721324411975246, -87.66272415265087)"
SACRAMENTO AND CHICAGO,1814,3000 W CHICAGO AVENUE,01/05/2017,4,1156075.266375505,1905216.604770718,41.895704525,-87.702218524,"(41.895704524946225, -87.70221852353758)"
ASHLAND AND IRVING PARK,1153,1600 W IRVING PARK ROA,01/05/2017,1,,,,,
HALSTED AND DIVISION,1714,800 W DIVISION,01/05/2017,3,1170767.827960358,1908259.644151662,41.903745557,-87.648167011,"(41.90374555734733, -87.64816701062779)"
ASHLAND AND 95TH,2472,9500 S ASHLAND AVENUE,01/05/2017,4,1167295.830128711,1841695.121217916,41.721160612,-87.662828139,"(41.72116061205213, -87.66282813939165)"
ASHLAND AND 87TH,2454,1600 W 87TH ST,01/04/2017,9,1167171.941297436,1847064.855345151,41.735898617,-87.663128781,"(41.735898617066006, -87.66312878090133)"
ASHLAND AND 87TH,2452,8700 S ASHLAND AVE,01/05/2017,4,1167150.470087748,1846991.212339794,41.735696989,-87.663209544,"(41.73569698863625, -87.66320954445679)"
LAKE SHORE DR AND BELMONT,1413,400 W BELMONT AVE,01/02/2017,36,1172981.744869382,1921577.376128802,41.940241193,-87.639639114,"(41.94024119325571, -87.63963911427594)"
WESTERN AND FULLERTON,1671,2400 N WESTERN AVENUE,01/04/2017,19,1159923.309342995,1915897.778561358,41.924935944,-87.687790255,"(41.92493594409127, -87.68779025471278)"
KEDZIE AND ARMITAGE,1832,2000 N KEDZIE AVENUE,01/05/2017,9,1154684.031809326,1913129.496340896,41.917446172,-87.707116072,"(41.91744617191702, -87.70711607187832)"
115TH AND HALSTED,2552,11500 S HALSTED STREE,01/04/2017,10,,,,,
31ST ST AND MARTIN LUTHER KING DRIVE,2121,3100 S DR MARTIN L KING,01/05/2017,9,,,,,
JEFFERY AND 95TH,2522,9500 S JEFFERY AVE,01/04/2017,6,1191132.420601301,1842335.735988875,41.722375907,-87.575499903,"(41.72237590704101, -87.57549990332795)"
PERSHING AND WESTERN,2112,3900 S WESTERN BLVD,01/05/2017,5,1161130.992078755,1878746.226354636,41.822963628,-87.684384785,"(41.82296362788048, -87.68438478541296)"
TOUHY AND OSCEOLA,1243,7432 W TOUHY AVENUE,01/04/2017,4,1125717.010560011,1947269.685461107,42.011661765,-87.812781431,"(42.01166176507329, -87.81278143114147)"
DIVISION AND DAMEN,1734,2000 W DIVISION,01/05/2017,5,1162815.710860194,1908034.672555531,41.903298793,-87.677383247,"(41.903298792681944, -87.67738324739636)"
COLUMBUS AND ILLINOIS,1951,500 N COLUMBUS DRIVE,01/05/2017,16,1178372.808407292,1903693.06016042,41.891044569,-87.620371839,"(41.891044569124276, -87.620371839074)"
HAMLIN AND LAKE,1882,300 N HAMLIN AVENUE,01/05/2017,1,1150970.026856642,1901381.688308858,41.885282636,-87.721069539,"(41.88528263580913, -87.72106953854511)"
HALSTED AND FULLERTON,1701,2400 N HALSTED STREET,01/04/2017,6,1170501.602639925,1916200.061550148,41.925540315,-87.648912156,"(41.925540315431995, -87.64891215551155)"
LAFAYETTE AND 87TH,2502,8700 S LAFAYETTE AVEN,01/05/2017,15,1177417.493180297,1847243.988223464,41.73616511,-87.625587569,"(41.73616511008592, -87.62558756899932)"
AUSTIN AND ADDISON,1491,3600 N AUSTIN AVENUE,01/05/2017,2,1135691.599896458,1923335.967306169,41.945813215,-87.776652162,"(41.9458132146695, -87.77665216156436)"
VAN BUREN AND WESTERN,2054,2400 W VAN BUREN STREE,01/04/2017,7,,,,,
CHICAGO AND CLARK,1963,100 W CHICAGO AVENUE,01/04/2017,8,1175374.528739575,1905745.47783364,41.896744347,-87.631321248,"(41.896744346875806, -87.63132124815151)"
PULASKI AND LAWRENCE,1172,4800 N PULASKI ROAD,01/05/2017,1,1148821.701520117,1931605.974570937,41.968262595,-87.728175316,"(41.968262595100775, -87.7281753157596)"
KEDZIE AND 47TH,2104,3200 W 47TH ST,01/05/2017,1,1155815.231505056,1873336.169728074,41.808226246,-87.704031672,"(41.808226246244026, -87.70403167215984)"
CICERO AND I55,2251,4200 S CICERO AVENUE,01/03/2017,105,1145023.742859509,1876358.276835519,41.816729387,-87.743536712,"(41.81672938674739, -87.74353671247594)"
KEDZIE AND 31ST,2132,3100 S KEDZIE AVENUE,03/28/2017,5,1155483.167539854,1883867.660503274,41.837132671,-87.704967115,"(41.837132671422296, -87.70496711478727)"
KEDZIE AND ARMITAGE,1834,3200 W ARMITAGE AVENUE,01/05/2017,1,1154700.851347995,1913153.252187904,41.917511023,-87.707053639,"(41.91751102291878, -87.7070536388797)"
PULASKI AND DIVISION,1801,1200 N PULASKI ROAD,01/04/2017,5,1149459.590666926,1907723.219884254,41.902713902,-87.726451457,"(41.902713901936174, -87.72645145715836)"
CLARK AND IRVING PARK,1091,4000 N CLARK STREET,02/11/2015,1,1166736.149822904,1926699.323624709,41.954432441,-87.662446259,"(41.95443244141688, -87.66244625914061)"
WESTERN AND CHICAGO,1941,800 N WESTERN AVE,01/05/2017,2,1160220.967978608,1905277.507115921,41.895786955,-87.686990586,"(41.89578695485361, -87.68699058611217)"
HALSTED AND MADISON,1871,1 S HALSTED STREET,01/04/2017,4,1171092.392868784,1900234.542088741,41.881717056,-87.647210539,"(41.88171705561901, -87.64721053920604)"
LASALLE AND KINZIE,1921,400 N LASALLE,01/05/2017,5,1175028.579766798,1903002.552291359,41.889225372,-87.632674115,"(41.88922537162015, -87.63267411498495)"
HALSTED AND 103RD,2593,800 W 103RD STREET,01/05/2017,1,1172778.570616036,1836587.755252818,41.70702632,-87.642896007,"(41.707026319812215, -87.64289600741817)"
DAMEN AND 63RD,2702,6300 S DAMEN AVENUE,01/04/2017,1,1164069.407943298,1862830.277442834,41.779226921,-87.674052731,"(41.77922692069256, -87.67405273137854)"
LARAMIE AND FULLERTON,1421,2400 N LARAMIE AVENUE,04/03/2017,1,1141282.877477884,1915479.163971956,41.924151874,-87.756294662,"(41.92415187425276, -87.75629466175003)"
PULASKI AND FOSTER,1104,4000 W FOSTER AVE,01/05/2017,7,1148759.16134887,1934294.249006446,41.975640616,-87.728335469,"(41.975640616231914, -87.72833546926573)"
63RD AND STATE,2712,6300 S STATE ST,03/28/2017,4,1177303.801895084,1863220.216755923,41.780008277,-87.625522512,"(41.78000827740796, -87.6255225119157)"
STONEY ISLAND AND 79TH,2464,1600 E 79TH ST,01/05/2017,3,1188284.704439907,1852964.829047574,41.751611523,-87.585592284,"(41.75161152327319, -87.58559228428787)"
CENTRAL AND BELMONT,1602,3200 N CENTRAL AVENUE,01/04/2017,2,1138430.432324593,1920731.654410336,41.938617463,-87.766648297,"(41.938617463272884, -87.76664829683827)"
PULASKI AND LAWRENCE,1173,4000 W LAWRENCE AVENUE,01/05/2017,1,1148844.220085601,1931638.45430438,41.968351285,-87.728091672,"(41.96835128527914, -87.72809167198088)"
LAKE SHORE DR AND BELMONT,1412,3200 N LAKESHORE DRIV,01/04/2017,10,1173053.220555078,1921821.380831705,41.940909163,-87.63936916,"(41.94090916326764, -87.63936915995522)"
ASHLAND AND LAWRENCE,1142,4800 N ASHLAND AVENUE,03/28/2017,4,1164751.686785145,1932001.206626392,41.96902343,-87.669590434,"(41.969023429614026, -87.66959043354217)"
75TH AND STATE,2624,1 E 75TH STREET,01/05/2017,18,1177601.72646404,1855229.486604181,41.758074111,-87.624671658,"(41.75807411097799, -87.62467165835182)"
KOSTNER AND NORTH,2012,4400 W GRAND AVE,04/03/2017,4,1146773.519128439,1910425.663958581,41.91018141,-87.73624887,"(41.910181409597406, -87.73624887040725)"
WESTERN AND DEVON,1212,6400 N WESTERN AVENUE,01/04/2017,2,1159113.585759434,1942451.622367891,41.997817807,-87.690033035,"(41.997817807026, -87.69003303469276)"
4700 WESTERN,2142,4700 S WESTERN AVENUE,01/05/2017,1,1161120.438879703,1873431.066474726,41.808378408,-87.684570717,"(41.808378407946726, -87.68457071689552)"
CICERO AND 47TH,2202,4700 S CICERO AVE,01/04/2017,3,1145112.150373471,1873006.659918126,41.807530373,-87.743296821,"(41.80753037289406, -87.7432968212423)"
LAKE SHORE DR AND BELMONT,1412,3200 N LAKESHORE DRIV,01/05/2017,13,1173053.220555078,1921821.380831705,41.940909163,-87.63936916,"(41.94090916326764, -87.63936915995522)"
KEDZIE AND ARMITAGE,1834,3200 W ARMITAGE AVENUE,01/04/2017,2,1154700.851347995,1913153.252187904,41.917511023,-87.707053639,"(41.91751102291878, -87.7070536388797)"
ARCHER AND CICERO,2081,5200 S CICERO AVE,01/05/2017,17,1145195.931989777,1869737.708306623,41.798558278,-87.743071866,"(41.798558278193305, -87.74307186616427)"
MILWAUKEE AND MONTROSE,1364,5075 W MONTROSE AVENUE,01/03/2017,9,1141716.746618898,1928736.076639057,41.960522088,-87.754371424,"(41.96052208819935, -87.75437142402293)"
STONEY ISLAND AND 76TH,2632,7600 S STONY ISLAND A,03/28/2017,7,1188092.796191935,1854889.354158304,41.756897173,-87.586234285,"(41.75689717260223, -87.58623428506996)"
CICERO AND WASHINGTON,1892,100 N CICERO AVENUE,01/05/2017,10,1144328.984091479,1900095.170838459,41.88187971,-87.745489247,"(41.88187970991601, -87.7454892473012)"
HALSTED AND FULLERTON,1704,800 W FULLERTON AVENUE,01/04/2017,6,1170525.624723311,1916208.443992778,41.925562791,-87.648823641,"(41.92556279107417, -87.64882364145232)"
WESTERN AND FULLERTON,1671,2400 N WESTERN AVENUE,01/05/2017,13,1159923.309342995,1915897.778561358,41.924935944,-87.687790255,"(41.92493594409127, -87.68779025471278)"
HALSTED AND DIVISION,1714,800 W DIVISION,03/28/2017,1,1170767.827960358,1908259.644151662,41.903745557,-87.648167011,"(41.90374555734733, -87.64816701062779)"
CICERO AND FULLERTON,1472,2400 N CICERO AVE,03/28/2017,3,1143961.592189569,1915545.343094087,41.92428359,-87.74645019,"(41.92428358982701, -87.74645019028947)"
55TH AND WESTERN,2213,2400 W 55TH STREET,11/21/2016,14,1161277.012730599,1868185.749490228,41.793981347,-87.684141741,"(41.7939813465735, -87.68414174128355)"
TOUHY AND OSCEOLA,1244,7432 W TOUHY AVENUE,01/05/2017,3,1125717.010560011,1947269.685461107,42.011661765,-87.812781431,"(42.01166176507329, -87.81278143114147)"
SACRAMENTO AND LAKE,1822,150 N SACRAMENTO BOUL,03/28/2017,6,1156319.560664766,1900957.489351962,41.884012178,-87.701436479,"(41.88401217771363, -87.7014364786693)"
PULASKI AND PETERSON,1262,6000 N PULASKI ROAD,01/05/2017,3,1148598.016685695,1939584.645960177,41.990160923,-87.728790748,"(41.99016092280557, -87.72879074759867)"
DAMEN AND DIVERSEY,1462,2800 N DAMEN AVENUE,01/05/2017,12,1162490.04851994,1918611.623717091,41.932329494,-87.678282719,"(41.9323294940985, -87.67828271931386)"
OGDEN AND KOSTNER,2223,4400 W OGDEN AVENUE,12/10/2016,9,1147406.592439224,1887689.099869462,41.847777523,-87.734505969,"(41.84777752280453, -87.73450596874825)"
CHICAGO AND CLARK,1964,100 W CHICAGO AVENUE,01/05/2017,6,1175374.528739575,1905745.47783364,41.896744347,-87.631321248,"(41.896744346875806, -87.63132124815151)"
IRVING PARK AND LARAMIE,1533,5200 W IRVING PARK ROA,01/05/2017,3,,,,,
35TH AND WESTERN,2091,3500 S WESTERN,01/05/2017,1,1160894.949857101,1881376.851112895,41.830187255,-87.685177925,"(41.83018725526863, -87.68517792510231)"
CICERO AND HARRISON,2023,4800 W HARRISON STREET,01/05/2017,2,1144451.867388303,1896949.561959463,41.873245464,-87.745117179,"(41.873245464379586, -87.7451171788807)"
55TH and PULASKI,2244,4000 W 55TH ST,11/22/2016,3,1150621.676903861,1867864.274865394,41.793313334,-87.723223038,"(41.79331333358753, -87.72322303812588)"
CALIFORNIA AND DIVERSEY,1513,2800 W DIVERSEY,01/05/2017,4,1157212.54253358,1918526.674434943,41.932205395,-87.697679244,"(41.93220539506452, -87.6976792438691)"
111TH AND HALSTED,2424,800 W 111TH ST,03/28/2017,4,1172945.404219168,1831282.917027882,41.692465363,-87.642440901,"(41.692465363421874, -87.64244090105778)"
BELMONT AND KEDZIE,1372,3200 N KEDZIE AVE,01/04/2017,17,1154426.977874407,1921110.466549542,41.93935173,-87.707846594,"(41.93935173030961, -87.70784659359776)"
WESTERN AND CHICAGO,1941,800 N WESTERN AVE,01/04/2017,5,1160220.967978608,1905277.507115921,41.895786955,-87.686990586,"(41.89578695485361, -87.68699058611217)"
PULASKI AND BELMONT,1382,3200 N PULASKI RD,01/05/2017,3,1149125.621478734,1920994.556178086,41.939138154,-87.72733371,"(41.939138153500274, -87.7273337101426)"
PULASKI AND ARCHER,2153,5000 S ARCHER AVE,01/05/2017,1,1150501.818909837,1871162.311703322,41.802365973,-87.723576766,"(41.80236597333895, -87.72357676611004)"
79TH AND HALSTED,2543,800 W 79TH STREET,01/05/2017,1,1172320.105719411,1852517.9814434,41.750751157,-87.644107793,"(41.75075115747316, -87.64410779300933)"
KEDZIE AND 26TH,2381,2600 S KEDZIE AVENUE,01/05/2017,4,1155404.235510285,1886524.460033054,41.844424831,-87.705185452,"(41.84442483084393, -87.70518545233183)"
WESTERN AND 79TH,2484,2400 W 79TH ST,01/05/2017,1,1161758.68085177,1852242.255513454,41.750220168,-87.682817693,"(41.75022016799851, -87.68281769253687)"
HOLLYWOOD AND SHERIDAN,1343,1000 W HOLLYWOOD AVE,01/04/2017,7,1168580.228926466,1938090.295189338,41.985649799,-87.655335807,"(41.98564979859328, -87.65533580655139)"
LAKE SHORE DR AND BELMONT,1412,3200 N LAKESHORE DRIV,01/02/2017,10,1173053.220555078,1921821.380831705,41.940909163,-87.63936916,"(41.94090916326764, -87.63936915995522)"
HALSTED AND 103RD,2593,800 W 103RD STREET,03/20/2017,1,1172778.570616036,1836587.755252818,41.70702632,-87.642896007,"(41.707026319812215, -87.64289600741817)"
ASHLAND AND MADISON,1911,0 N ASHLAND AVE,01/05/2017,1,,,,,
99TH AND HALSTED,2431,9900 S HALSTED ST,01/05/2017,1,1172689.754200318,1839171.652197216,41.714118868,-87.643145408,"(41.714118868089905, -87.64314540818165)"
ASHLAND AND DIVISION,1791,1200 N ASHLAND AVENUE,03/28/2017,2,1165466.997046718,1908083.767015974,41.903377468,-87.667643142,"(41.903377467566784, -87.66764314227497)"
PULASKI AND LAWRENCE,1172,4800 N PULASKI ROAD,04/02/2017,4,1148821.701520117,1931605.974570937,41.968262595,-87.728175316,"(41.968262595100775, -87.7281753157596)"
CHICAGO AND CLARK,1963,100 W CHICAGO AVENUE,01/05/2017,11,1175374.528739575,1905745.47783364,41.896744347,-87.631321248,"(41.896744346875806, -87.63132124815151)"
CENTRAL AND IRVING PARK,1183,5600 W IRVING PARK ROAD,01/04/2017,1,1138281.535484986,1926078.647777633,41.953292847,-87.767065708,"(41.953292847298, -87.76706570775266)"
WESTERN AND FOSTER,1074,2400 W FOSTER AVE,01/05/2017,4,1159379.402846887,1934502.712486132,41.97600019,-87.689275084,"(41.97600018976586, -87.68927508385399)"
CERMAK AND PULASKI,2334,4000 W CERMAK,03/28/2017,11,1150018.476053666,1889120.238540361,41.851654369,-87.724882975,"(41.85165436867626, -87.7248829753078)"
4700 WESTERN,2141,4700 S WESTERN AVENUE,01/05/2017,3,1161120.438879703,1873431.066474726,41.808378408,-87.684570717,"(41.808378407946726, -87.68457071689552)"
STONY ISLAND/CORNELL AND 67TH,2731,6700 S CORNELL DRIVE,01/04/2017,6,1188316.454860734,1860851.137456735,41.77325149,-87.5852246,"(41.77325148959568, -87.58522459967712)"
BROADWAY/SHERIDAN AND DEVON,1122,6400 N SHERIDAN ROAD,01/04/2017,6,1167087.151194129,1942658.704988689,41.998217921,-87.660695256,"(41.99821792053241, -87.6606952555721)"
CENTRAL AND LAKE,1742,400 N CENTRAL AVENUE,01/04/2017,4,1138928.478257537,1902217.926149854,41.887804621,-87.765268498,"(41.88780462053497, -87.76526849810371)"
IRVING PARK AND CALIFORNIA,1234,2800 W IRVING PARK ROA,12/17/2016,17,,,,,
ASHLAND AND MADISON,1914,1600 W MADISON,01/05/2017,4,1165723.014733182,1900136.515489506,41.881564167,-87.666929463,"(41.8815641670199, -87.66692946294842)"
ELSTON AND LAWRENCE,1284,4440 W LAWRENCE AVENUE,01/04/2017,3,1145715.061027481,1931571.0474838,41.968226398,-87.739599251,"(41.96822639754791, -87.73959925065756)"
PULASKI AND DIVERSEY,1542,2800 N PULASKI ROAD,01/05/2017,1,1149200.724531183,1918332.222549679,41.931831026,-87.727126873,"(41.93183102561505, -87.72712687300454)"
CANAL AND ROOSEVELT,2291,1200 S CANAL STREET,01/04/2017,6,1173268.771030949,1894952.634878732,41.867175125,-87.639375813,"(41.86717512472001, -87.63937581258092)"
STATE AND 79TH,2654,1 E 79TH STREET,01/04/2017,33,1177680.113652821,1852598.313477786,41.750852096,-87.624463832,"(41.75085209551078, -87.62446383210285)"
ASHLAND AND LAWRENCE,1143,1600 W LAWRENCE AVENUE,01/05/2017,2,1164771.946929007,1931988.254061312,41.968987457,-87.669516307,"(41.96898745654617, -87.66951630654926)"
PULASKI AND IRVING PARK,1572,4000 N PULASKI ROAD,01/05/2017,2,1148970.255325552,1926313.600468643,41.953737051,-87.727766612,"(41.95373705144353, -87.72776661179896)"
ASHLAND AND IRVING PARK,1151,4000 N ASHLAND AVENUE,01/05/2017,1,1164899.463802581,1926665.661118925,41.954379326,-87.66919912,"(41.954379326212695, -87.66919911980419)"
IRVING PARK AND NARRAGANSETT,1024,6400 W IRVING PK,01/04/2017,1,1132945.939118726,1925946.304925137,41.953024751,-87.786683238,"(41.95302475075328, -87.78668323766634)"
KEDZIE AND ARMITAGE,1832,2000 N KEDZIE AVENUE,01/04/2017,8,1154684.031809326,1913129.496340896,41.917446172,-87.707116072,"(41.91744617191702, -87.70711607187832)"
PULASKI AND DIVISION,1802,1200 N PULASKI ROAD,01/04/2017,6,1149459.590666926,1907723.219884254,41.902713902,-87.726451457,"(41.902713901936174, -87.72645145715836)"
STONEY ISLAND AND 79TH,2464,1600 E 79TH ST,01/04/2017,1,1188284.704439907,1852964.829047574,41.751611523,-87.585592284,"(41.75161152327319, -87.58559228428787)"
ELSTON AND ADDISON,1402,3600 N ELSTON AVE,01/05/2017,4,1154106.95251778,1923731.036211081,41.946549165,-87.708952626,"(41.94654916480637, -87.70895262603513)"
MILWAUKEE AND MONTROSE,1364,5075 W MONTROSE AVENUE,01/05/2017,4,1141716.746618898,1928736.076639057,41.960522088,-87.754371424,"(41.96052208819935, -87.75437142402293)"
LAKE SHORE DR AND BELMONT,1413,400 W BELMONT AVE,01/04/2017,35,1172981.744869382,1921577.376128802,41.940241193,-87.639639114,"(41.94024119325571, -87.63963911427594)"
CANAL AND ROOSEVELT,2294,500 W ROOSEVELT ROAD,01/04/2017,12,1173290.72186561,1895021.166235495,41.867362693,-87.639293195,"(41.867362692616666, -87.63929319464197)"
CENTRAL AND ADDISON,1682,3600 N CENTRAL AVENUE,01/04/2017,2,1138343.117435682,1923392.067464765,41.945919491,-87.766904594,"(41.945919490555106, -87.76690459426293)"
31ST ST AND MARTIN LUTHER KING DRIVE,2123,400 E 31ST STREET,01/04/2017,4,1179437.985396417,1884565.84226022,41.838534018,-87.617046113,"(41.838534018118914, -87.61704611345726)"
KEDZIE AND 71ST,2354,3200 W 71ST STREET,01/05/2017,1,1156246.862901455,1857404.014959868,41.764497433,-87.702877023,"(41.76449743256955, -87.70287702335861)"
PULASKI AND NORTH,1992,1600 N PULASKI AVENUE,01/05/2017,1,1149432.959240306,1910369.112502195,41.90997501,-87.726480523,"(41.909975010236906, -87.72648052306623)"
CHICAGO AND CLARK,1963,100 W CHICAGO AVENUE,12/13/2016,7,1175374.528739575,1905745.47783364,41.896744347,-87.631321248,"(41.896744346875806, -87.63132124815151)"
IRVING PARK AND KILPATRICK,2763,4700 W IRVING PARK ROA,01/04/2017,6,,,,,
CICERO AND CHICAGO,1781,800 N CICERO AVENUE,01/05/2017,4,1144169.162482127,1904893.189220372,41.895049038,-87.745955516,"(41.89504903796389, -87.74595551626888)"
LAKE SHORE DR AND BELMONT,1412,3200 N LAKESHORE DRIV,12/12/2016,10,1173053.220555078,1921821.380831705,41.940909163,-87.63936916,"(41.94090916326764, -87.63936915995522)"
LAKE SHORE DR AND BELMONT,1413,400 W BELMONT AVE,01/03/2017,35,1172981.744869382,1921577.376128802,41.940241193,-87.639639114,"(41.94024119325571, -87.63963911427594)"
CICERO AND 47TH,2204,4800 W 47TH ST,03/28/2017,3,1145130.048925744,1873078.44198302,41.807727017,-87.743229366,"(41.80772701677172, -87.74322936566276)"
CALIFORNIA AND PETERSON,1313,2800 W PETERSON AVENUE,01/05/2017,3,1156569.515341857,1939784.830544118,41.990552082,-87.699464396,"(41.990552081681564, -87.69946439622785)"
HALSTED AND 95TH,2581,9500 S HALSTED STREET,03/28/2017,4,1172610.538363645,1841811.61926207,41.721365061,-87.643358042,"(41.72136506078306, -87.64335804234075)"
MILWAUKEE AND DEVON,1272,6400 N MILWAUKEE AVEN,01/04/2017,6,1132463.750397878,1942107.911507627,41.997382173,-87.788077674,"(41.99738217345368, -87.78807767391953)"
ASHLAND AND LAWRENCE,1142,4800 N ASHLAND AVENUE,01/04/2017,3,1164751.686785145,1932001.206626392,41.96902343,-87.669590434,"(41.969023429614026, -87.66959043354217)"
111TH AND HALSTED,2424,800 W 111TH ST,01/05/2017,4,1172945.404219168,1831282.917027882,41.692465363,-87.642440901,"(41.692465363421874, -87.64244090105778)"
55TH AND KEDZIE,2162,5500 S KEDZIE AVENUE,01/05/2017,3,1155945.854705238,1867941.621374192,41.793420237,-87.703697508,"(41.793420236755864, -87.70369750845424)"
WESTERN AND NORTH,1851,1600 N WESTERN AVE,01/04/2017,8,1160077.474351131,1910605.013316134,41.910409024,-87.687370268,"(41.91040902362901, -87.687370268401)"
ELSTON AND LAWRENCE,1284,4440 W LAWRENCE AVENUE,01/05/2017,3,1145715.061027481,1931571.0474838,41.968226398,-87.739599251,"(41.96822639754791, -87.73959925065756)"
CICERO AND ADDISON,1611,3600 N CICERO AVENUE,01/04/2017,6,1143698.904601495,1923517.005821035,41.946163524,-87.747215169,"(41.94616352362556, -87.74721516897007)"
AUSTIN AND IRVING PARK,1161,4000 N AUSTIN AVENUE,01/05/2017,1,1135599.956110927,1926006.862619986,41.953144059,-87.776925284,"(41.95314405904539, -87.77692528423394)"
71ST AND ASHLAND,2391,7100 S ASHLAND,01/05/2017,3,1166868.379865725,1857616.168087255,41.764859382,-87.663940176,"(41.764859382425385, -87.66394017630476)"
HAMLIN AND MADISON,1901,0 N HAMLIN BOULEVARD,10/14/2014,1,,,,,
HALSTED AND NORTH,1764,800 W NORTH AVENUE,01/05/2017,2,1170700.68422007,1910913.190749698,41.91102851,-87.648335806,"(41.91102850981186, -87.64833580602037)"
WESTERN AND 71ST,2612,7100 S WESTERN AVENUE,01/04/2017,5,1161563.704681724,1857484.211306323,41.764608912,-87.683387053,"(41.76460891223613, -87.68338705328121)"
HALSTED AND FULLERTON,1701,2400 N HALSTED STREET,01/05/2017,3,1170501.602639925,1916200.061550148,41.925540315,-87.648912156,"(41.925540315431995, -87.64891215551155)"
LAWRENCE AND WESTERN,1193,2400 W LAWRENCE AVENUE,03/28/2017,1,1159482.648570304,1931851.989492596,41.968724349,-87.688968727,"(41.96872434882172, -87.68896872699601)"
PULASKI AND FOSTER,1104,4000 W FOSTER AVE,03/28/2017,3,1148759.16134887,1934294.249006446,41.975640616,-87.728335469,"(41.975640616231914, -87.72833546926573)"
CICERO AND FULLERTON,1472,2400 N CICERO AVE,01/05/2017,6,1143961.592189569,1915545.343094087,41.92428359,-87.74645019,"(41.92428358982701, -87.74645019028947)"
FOSTER AND NAGLE,1034,6400 W FOSTER,01/05/2017,3,1132552.893142153,1934229.875527466,41.975762574,-87.787934296,"(41.97576257447203, -87.7879342955108)"
WENTWORTH AND GARFIELD,2261,5500 S WENTWORTH AVEN,12/14/2016,22,,,,,
COTTAGE GROVE AND 71ST,2572,7100 S COTTAGE GROVE,01/05/2017,3,1182746.23698699,1858088.011064538,41.765800351,-87.605729127,"(41.76580035131893, -87.6057291269901)"
MILWAUKEE AND MONTROSE,1362,4400 N MILWAUKEE AVEN,01/05/2017,3,1141643.943268783,1928770.256316239,41.96061723,-87.75463824,"(41.9606172296957, -87.75463824007085)"
ROOSEVELT AND HALSTED,2234,800 W ROOSEVELT ROAD,01/05/2017,8,1171199.282357741,1894968.056393724,41.867263098,-87.646972686,"(41.86726309836901, -87.64697268601648)"
CICERO AND ADDISON,1612,3600 N CICERO AVENUE,01/05/2017,3,1143698.904601495,1923517.005821035,41.946163524,-87.747215169,"(41.94616352362556, -87.74721516897007)"
STONEY ISLAND AND 76TH,2632,7600 S STONY ISLAND A,01/05/2017,13,1188092.796191935,1854889.354158304,41.756897173,-87.586234285,"(41.75689717260223, -87.58623428506996)"
115TH AND HALSTED,2553,800 W 115TH STREET,01/05/2017,3,1173010.735357888,1828632.242070332,41.685190056,-87.642279564,"(41.68519005571938, -87.64227956401977)"
PETERSON AND WESTERN,1014,2400 W PETERSON,01/05/2017,4,1159214.211316277,1939825.301874586,41.99060901,-87.689735481,"(41.990609009807294, -87.68973548092968)"
CENTRAL AND IRVING PARK,1183,5600 W IRVING PARK ROAD,04/03/2017,1,1138281.535484986,1926078.647777633,41.953292847,-87.767065708,"(41.953292847298, -87.76706570775266)"
LASALLE AND KINZIE,1923,140 W KINZIE,01/05/2017,2,1175048.09765242,1903028.894760294,41.889297219,-87.632601648,"(41.88929721947309, -87.63260164817305)"
ELSTON AND ADDISON,1403,3216 W ADDISON ST,01/02/2017,6,1154199.729816868,1923799.345386665,41.946734755,-87.708609774,"(41.946734754927796, -87.7086097735515)"
CICERO AND PETERSON,1204,4800 W PETERSON AVENUE,01/05/2017,1,1143273.766829016,1939491.944645127,41.990008007,-87.748376951,"(41.99000800729908, -87.74837695118997)"
PULASKI AND ARMITAGE,1843,4000 W ARMITAGE AVENUE,01/05/2017,4,1149375.428872108,1913028.984273181,41.917275069,-87.726622746,"(41.91727506940875, -87.72662274644799)"
WESTERN AND 71ST,2612,7100 S WESTERN AVENUE,03/28/2017,2,1161563.704681724,1857484.211306323,41.764608912,-87.683387053,"(41.76460891223613, -87.68338705328121)"
ELSTON AND ADDISON,1403,3216 W ADDISON ST,01/05/2017,6,1154199.729816868,1923799.345386665,41.946734755,-87.708609774,"(41.946734754927796, -87.7086097735515)"
LAFAYETTE AND 87TH,2503,30 W 87TH STREET,01/03/2017,13,1177407.651800237,1847320.772058312,41.736376037,-87.625621311,"(41.736376036604916, -87.62562131092602)"
HOLLYWOOD AND SHERIDAN,1344,1000 W HOLLYWOOD AVE,01/01/2017,13,1168580.228926466,1938090.295189338,41.985649799,-87.655335807,"(41.98564979859328, -87.65533580655139)"
PETERSON AND WESTERN,1014,2400 W PETERSON,01/04/2017,2,1159214.211316277,1939825.301874586,41.99060901,-87.689735481,"(41.990609009807294, -87.68973548092968)"
CICERO AND WASHINGTON,1891,100 N CICERO AVENUE,01/05/2017,11,1144328.984091479,1900095.170838459,41.88187971,-87.745489247,"(41.88187970991601, -87.7454892473012)"
CENTRAL AND IRVING PARK,1183,5600 W IRVING PARK ROAD,01/05/2017,2,1138281.535484986,1926078.647777633,41.953292847,-87.767065708,"(41.953292847298, -87.76706570775266)"
WESTERN AND ADDISON,1562,3600 N WESTERN AVENUE,01/04/2017,2,1159695.573342728,1923871.086283556,41.94681992,-87.688406662,"(41.94681991986288, -87.68840666206194)"
PULASKI AND DIVERSEY,1543,4000 W DIVERSEY AVENUE,01/05/2017,6,1149206.496130705,1918356.569267582,41.931897723,-87.72710503,"(41.9318977231462, -87.72710503045386)"
MILWAUKEE AND DEVON,1274,6400 W DEVON AVENUE,12/17/2016,3,1132590.619798275,1942138.532048656,41.997463981,-87.787610243,"(41.99746398102873, -87.78761024341388)"
55TH AND KEDZIE,2163,3200 W 55TH STREET,01/05/2017,1,1155966.956993183,1868015.593764152,41.793622803,-87.703618141,"(41.79362280329978, -87.70361814062049)"
STONEY ISLAND AND 76TH,2631,7600 S STONY ISLAND A,01/04/2017,15,1188092.796191935,1854889.354158304,41.756897173,-87.586234285,"(41.75689717260223, -87.58623428506996)"
PERSHING AND WESTERN,2114,2400 W PERSHING ROAD,01/05/2017,2,1160957.773623189,1878793.434193427,41.82309676,-87.685018951,"(41.82309676016606, -87.68501895061576)"
CANAL AND ROOSEVELT,2294,500 W ROOSEVELT ROAD,03/28/2017,5,1173290.72186561,1895021.166235495,41.867362693,-87.639293195,"(41.867362692616666, -87.63929319464197)"
WESTERN AND CHICAGO,1943,2400 W CHICAGO AVE,01/04/2017,1,1160226.686812944,1905300.904544474,41.895851041,-87.686968935,"(41.895851041123755, -87.68696893468467)"
KIMBALL AND DIVERSEY,1581,2800 N KIMBALL AVENUE,02/11/2015,1,,,,,
ROOSEVELT AND HALSTED,2233,800 W ROOSEVELT ROAD,01/05/2017,8,1171199.282357741,1894968.056393724,41.867263098,-87.646972686,"(41.86726309836901, -87.64697268601648)"
HAMLIN AND MADISON,1901,0 N HAMLIN BOULEVARD,01/05/2017,3,,,,,
79TH AND KEDZIE,2443,3200 W 79TH ST,01/05/2017,6,1156402.644780165,1852104.649370984,41.749952001,-87.702448478,"(41.74995200142266, -87.70244847808695)"
CENTRAL AND IRVING PARK,1182,4000 N CENTRAL AVENUE,01/05/2017,5,1138258.614129764,1926071.172884932,41.953272751,-87.767150151,"(41.95327275103541, -87.76715015131407)"
VAN BUREN AND WESTERN,2052,400 S WESTERN AVENUE,01/05/2017,26,1160431.682297829,1898091.942371589,41.876064776,-87.686415631,"(41.87606477642526, -87.68641563098768)"
KEDZIE AND 26TH,2381,2600 S KEDZIE AVENUE,01/04/2017,2,1155404.235510285,1886524.460033054,41.844424831,-87.705185452,"(41.84442483084393, -87.70518545233183)"
WESTERN AND 71ST,2612,7100 S WESTERN AVENUE,01/05/2017,5,1161563.704681724,1857484.211306323,41.764608912,-87.683387053,"(41.76460891223613, -87.68338705328121)"
MONTROSE AND WESTERN,1221,4400 N WESTERN AVENUE,01/03/2017,6,1159539.733234718,1929183.918095502,41.961401846,-87.688832623,"(41.961401846278505, -87.6888326227788)"
IRVING PARK AND CALIFORNIA,1234,2800 W IRVING PARK ROA,01/05/2017,7,,,,,
BELMONT AND KEDZIE,1372,3200 N KEDZIE AVE,01/05/2017,11,1154426.977874407,1921110.466549542,41.93935173,-87.707846594,"(41.93935173030961, -87.70784659359776)"
CICERO AND DIVERSEY,1694,4800 W DIVERSEY AVENUE,01/04/2017,3,1143869.848167704,1918226.043989398,41.93164142,-87.746719911,"(41.93164142040689, -87.7467199106462)"
ROOSEVELT AND KOSTNER,2321,1200 S KOSTNER,01/05/2017,4,1147196.304001978,1894305.883269746,41.865938839,-87.735108549,"(41.8659388389088, -87.73510854901264)"
HALSTED AND MADISON,1872,1 N HALSTED STREET,01/05/2017,3,1171090.967986833,1900270.454015136,41.881815632,-87.647214717,"(41.88181563164203, -87.64721471704077)"
WENTWORTH AND GARFIELD,2261,5500 S WENTWORTH AVEN,01/04/2017,28,,,,,
AUSTIN AND IRVING PARK,1161,4000 N AUSTIN AVENUE,01/03/2017,2,1135599.956110927,1926006.862619986,41.953144059,-87.776925284,"(41.95314405904539, -87.77692528423394)"
PULASKI AND NORTH,1994,4000 W NORTH AVENUE,01/05/2017,3,1149456.2688422,1910376.774019002,41.909995582,-87.726394693,"(41.90999558160536, -87.72639469321471)"
111TH AND HALSTED,2422,11100 S HALSTED ST,01/05/2017,7,1172923.657689312,1831209.044179248,41.692263123,-87.642522688,"(41.692263123425136, -87.6425226876268)"
HARLEM AND BELMONT,1394,7200 W BELMONT AVE,01/04/2017,5,1127504.698153561,1920475.415440844,41.938105479,-87.806809552,"(41.93810547939496, -87.80680955240743)"
STONEY ISLAND AND 76TH,2632,7600 S STONY ISLAND A,01/04/2017,14,1188092.796191935,1854889.354158304,41.756897173,-87.586234285,"(41.75689717260223, -87.58623428506996)"
CICERO AND PETERSON,1204,4800 W PETERSON AVENUE,01/04/2017,3,1143273.766829016,1939491.944645127,41.990008007,-87.748376951,"(41.99000800729908, -87.74837695118997)"
PULASKI AND ARMITAGE,1844,4000 W ARMITAGE AVENUE,01/05/2017,3,1149375.428872108,1913028.984273181,41.917275069,-87.726622746,"(41.91727506940875, -87.72662274644799)"
CENTRAL AND CHICAGO,1972,800 N CENTRAL AVENUE,01/05/2017,1,1138836.562608552,1904801.732832435,41.894896579,-87.765543258,"(41.89489657939746, -87.76554325845893)"
79TH AND HALSTED,2543,800 W 79TH STREET,01/04/2017,2,1172320.105719411,1852517.9814434,41.750751157,-87.644107793,"(41.75075115747316, -87.64410779300933)"
VAN BUREN AND WESTERN,2052,400 S WESTERN AVENUE,01/04/2017,24,1160431.682297829,1898091.942371589,41.876064776,-87.686415631,"(41.87606477642526, -87.68641563098768)"
WESTERN AND CERMAK,1002,2200 S WESTERN AVENUE,01/05/2017,1,1160669.42562757,1889318.196820393,41.85198384,-87.685785704,"(41.85198383957328, -87.68578570420526)"
CANAL AND ROOSEVELT,2294,500 W ROOSEVELT ROAD,01/05/2017,13,1173290.72186561,1895021.166235495,41.867362693,-87.639293195,"(41.867362692616666, -87.63929319464197)"
HOMAN/KIMBALL AND NORTH,1771,1600 N HOMAN AVENUE,01/05/2017,2,,,,,
CENTRAL AND FULLERTON,1444,5600 W FULLERTON AVENU,01/05/2017,1,1138627.279189421,1915438.969256439,41.924090199,-87.76605353,"(41.92409019883488, -87.76605353016079)"
WENTWORTH AND GARFIELD,2264,200 W GARFIELD BLVD,03/28/2017,6,1175889.574397302,1868551.750512227,41.794670385,-87.630547476,"(41.79467038468937, -87.63054747605638)"
55TH AND WESTERN,2212,5500 S WESTERN AVE,01/05/2017,2,1161269.521335262,1867963.111601251,41.793370554,-87.684175377,"(41.79337055433029, -87.6841753767592)"
ARCHER AND CICERO,2081,5200 S CICERO AVE,01/04/2017,9,1145195.931989777,1869737.708306623,41.798558278,-87.743071866,"(41.798558278193305, -87.74307186616427)"
LAKE SHORE DR AND BELMONT,1413,400 W BELMONT AVE,01/05/2017,38,1172981.744869382,1921577.376128802,41.940241193,-87.639639114,"(41.94024119325571, -87.63963911427594)"
FOSTER AND BROADWAY,1113,1200 W FOSTER AVE,01/04/2017,1,1167357.095930752,1934721.393266777,41.97643192,-87.659931806,"(41.97643192018459, -87.65993180604016)"
HOLLYWOOD AND SHERIDAN,1344,1000 W HOLLYWOOD AVE,01/04/2017,11,1168580.228926466,1938090.295189338,41.985649799,-87.655335807,"(41.98564979859328, -87.65533580655139)"
CICERO AND I55,2251,4200 S CICERO AVENUE,03/28/2017,103,1145023.742859509,1876358.276835519,41.816729387,-87.743536712,"(41.81672938674739, -87.74353671247594)"
CLARK AND FULLERTON,1631,2400 N CLARK ST,03/28/2017,2,1172749.562209477,1916238.997132859,41.925597623,-87.640650973,"(41.925597623023144, -87.64065097309872)"
KEDZIE AND 31ST,2134,3200 W 31ST STREET,01/05/2017,1,1155487.128005646,1883943.061106793,41.8373395,-87.704950558,"(41.83733950029648, -87.70495055800411)"
IRVING PARK AND KEDZIE,1353,3200 W IRVING PARK ROAD,01/04/2017,4,1154325.140302006,1926458.463197156,41.954029047,-87.708077494,"(41.95402904691877, -87.70807749383191)"
HOMAN/KIMBALL AND NORTH,1773,3400 W NORTH AVE,01/05/2017,12,1153386.578905125,1910465.87061722,41.910162847,-87.711953868,"(41.91016284680269, -87.71195386769125)"
WESTERN AND 63RD,2373,2400 W 63RD ST,01/04/2017,3,1161444.415758584,1862848.534703658,41.779331844,-87.683675761,"(41.77933184429814, -87.68367576084798)"
HALSTED AND 95TH,2581,9500 S HALSTED STREET,01/04/2017,5,1172610.538363645,1841811.61926207,41.721365061,-87.643358042,"(41.72136506078306, -87.64335804234075)"
FULLERTON AND NARRAGANSETT,1553,6400 W FULLERTON AVENU,01/05/2017,6,1133317.594499059,1915293.661305931,41.923786189,-87.785567206,"(41.92378618871128, -87.78556720562165)"
HALSTED AND 103RD,2593,800 W 103RD STREET,01/04/2017,2,1172778.570616036,1836587.755252818,41.70702632,-87.642896007,"(41.707026319812215, -87.64289600741817)"
WESTERN AND FULLERTON,1672,2400 N WESTERN AVENUE,03/28/2017,1,1159923.309342995,1915897.778561358,41.924935944,-87.687790255,"(41.92493594409127, -87.68779025471278)"
CORTLAND AND ASHLAND,1721,1900 N ASHLAND AVE,01/04/2017,30,1165348.084854857,1912736.454335569,41.916147281,-87.667947354,"(41.91614728095272, -87.66794735350443)"
HALSTED AND 103RD,2592,10300 S HALSTED STREE,01/04/2017,6,,,,,
TOUHY AND OSCEOLA,1243,7432 W TOUHY AVENUE,01/05/2017,2,1125717.010560011,1947269.685461107,42.011661765,-87.812781431,"(42.01166176507329, -87.81278143114147)"
CICERO AND HARRISON,2022,600 S CICERO AVENUE,01/04/2017,4,1144444.97442848,1896894.622216872,41.873094833,-87.745143869,"(41.873094832519136, -87.74514386884542)"
ELSTON AND IRVING PARK,1503,3700 W IRVING PARK ROA,01/05/2017,7,,,,,
PULASKI AND DIVISION,1802,1200 N PULASKI ROAD,01/05/2017,3,1149459.590666926,1907723.219884254,41.902713902,-87.726451457,"(41.902713901936174, -87.72645145715836)"
ASHLAND AND 95TH,2472,9500 S ASHLAND AVENUE,01/04/2017,6,1167295.830128711,1841695.121217916,41.721160612,-87.662828139,"(41.72116061205213, -87.66282813939165)"
CENTRAL AND CHICAGO,1973,5600 W CHICAGO AVENUE,01/04/2017,1,1138858.856732452,1904825.827586656,41.894962293,-87.765460791,"(41.89496229349977, -87.76546079122906)"
HALSTED AND NORTH,1761,1600 N HALSTED STREET,01/05/2017,5,1170678.283433825,1910880.991397547,41.910940644,-87.648419043,"(41.91094064391597, -87.64841904272998)"
WESTERN AND NORTH,1853,2400 W NORTH AVE,01/05/2017,4,1160100.839010995,1910612.783367238,41.910429862,-87.687284221,"(41.91042986235867, -87.68728422050837)"
ELSTON AND IRVING PARK,1503,3700 W IRVING PARK ROA,01/03/2017,6,,,,,
PULASKI AND LAWRENCE,1173,4000 W LAWRENCE AVENUE,01/04/2017,1,1148844.220085601,1931638.45430438,41.968351285,-87.728091672,"(41.96835128527914, -87.72809167198088)"
ROOSEVELT AND PULASKI,2311,1200 S PULASKI ROAD,01/05/2017,2,1149866.002247864,1894375.839200384,41.866079337,-87.725305995,"(41.86607933722178, -87.7253059948758)"
SACRAMENTO AND LAKE,1821,150 N SACRAMENTO BOUL,01/05/2017,7,1156319.560664766,1900957.489351962,41.884012178,-87.701436479,"(41.88401217771363, -87.7014364786693)"
STONEY ISLAND AND 79TH,2461,7900 S SOUTH CHICAGO AVE,03/28/2017,1,1188274.655498937,1852865.685797892,41.751339705,-87.585632266,"(41.751339704589455, -87.58563226565187)"
ASHLAND AND 87TH,2454,1600 W 87TH ST,03/20/2017,5,1167171.941297436,1847064.855345151,41.735898617,-87.663128781,"(41.735898617066006, -87.66312878090133)"
IRVING PARK AND KILPATRICK,2763,4700 W IRVING PARK ROA,11/22/2016,3,,,,,
STATE AND 79TH,2651,7900 S STATE STREET,01/04/2017,7,1177618.166929966,1852621.870232838,41.750918138,-87.624690123,"(41.7509181383154, -87.62469012251644)"
79TH AND HALSTED,2541,7900 S HALSTED STREET,01/04/2017,3,1172298.707400847,1852444.344822186,41.750549559,-87.644188368,"(41.750549559438944, -87.64418836784098)"
DIVISION AND DAMEN,1734,2000 W DIVISION,01/04/2017,6,1162815.710860194,1908034.672555531,41.903298793,-87.677383247,"(41.903298792681944, -87.67738324739636)"
LARAMIE AND MADISON,2044,5200 W MADISON STREET,01/04/2017,8,1141706.965522802,1899567.55684314,41.880480752,-87.755130433,"(41.88048075170171, -87.75513043296509)"
BROADWAY/SHERIDAN AND DEVON,1123,1200 W DEVON AVE,01/03/2017,6,1167109.644248166,1942688.147952186,41.998298228,-87.660611661,"(41.99829822771884, -87.66061166063517)"
MONTROSE AND WESTERN,1221,4400 N WESTERN AVENUE,01/05/2017,9,1159539.733234718,1929183.918095502,41.961401846,-87.688832623,"(41.961401846278505, -87.6888326227788)"
KIMBALL AND DIVERSEY,1583,3400 W DIVERSEY AVENUE,01/05/2017,1,1153211.149172713,1918454.477800566,41.932087747,-87.71238583,"(41.932087747378944, -87.71238582951281)"
KOSTNER AND NORTH,2012,4400 W GRAND AVE,01/04/2017,4,1146773.519128439,1910425.663958581,41.91018141,-87.73624887,"(41.910181409597406, -87.73624887040725)"
111TH AND HALSTED,2422,11100 S HALSTED ST,03/28/2017,4,1172923.657689312,1831209.044179248,41.692263123,-87.642522688,"(41.692263123425136, -87.6425226876268)"
79TH AND HALSTED,2541,7900 S HALSTED STREET,01/05/2017,1,1172298.707400847,1852444.344822186,41.750549559,-87.644188368,"(41.750549559438944, -87.64418836784098)"
LARAMIE AND FULLERTON,1424,5200 W FULLERTON AVENUE,01/05/2017,5,1141305.554932016,1915502.611239048,41.924215797,-87.756210755,"(41.92421579723144, -87.75621075458939)"
CICERO AND NORTH,2033,4800 W NORTH AVENUE,01/05/2017,4,1144053.733747163,1910243.80567041,41.90973389,-87.746244973,"(41.909733890131285, -87.74624497295898)"
COTTAGE GROVE AND 71ST,2571,7100 S COTTAGE GROVE,01/04/2017,2,1182746.23698699,1858088.011064538,41.765800351,-87.605729127,"(41.76580035131893, -87.6057291269901)"
CORTLAND AND ASHLAND,1723,1600 W CORTLAND ST,01/04/2017,1,1165377.660768235,1912768.773647285,41.916235337,-87.667837772,"(41.91623533746878, -87.66783777212962)"
63RD AND STATE,2714,1 E 63RD ST,01/04/2017,8,1177367.518733101,1863199.17768559,41.779949105,-87.625289553,"(41.779949104569106, -87.62528955333775)"
WESTERN AND 71ST,2614,2400 W 71ST STREET,01/04/2017,2,1161584.506819846,1857557.788853485,41.764810388,-87.683308769,"(41.76481038827884, -87.68330876944678)"
CHICAGO AND CLARK,1964,100 W CHICAGO AVENUE,03/28/2017,7,1175374.528739575,1905745.47783364,41.896744347,-87.631321248,"(41.896744346875806, -87.63132124815151)"
LAKE SHORE DR AND BELMONT,1412,3200 N LAKESHORE DRIV,01/03/2017,10,1173053.220555078,1921821.380831705,41.940909163,-87.63936916,"(41.94090916326764, -87.63936915995522)"
IRVING PARK AND KEDZIE,1354,3200 W IRVING PARK ROAD,01/04/2017,9,1154325.140302006,1926458.463197156,41.954029047,-87.708077494,"(41.95402904691877, -87.70807749383191)"
WESTERN AND ADDISON,1562,3600 N WESTERN AVENUE,01/05/2017,5,1159695.573342728,1923871.086283556,41.94681992,-87.688406662,"(41.94681991986288, -87.68840666206194)"
CALIFORNIA AND DEVON,1321,6400 N CALIFORNIA AVE,01/05/2017,3,1156461.150245401,1942370.37710537,41.997649133,-87.699792629,"(41.997649133049336, -87.69979262891378)"
ASHLAND AND DIVISION,1791,1200 N ASHLAND AVENUE,01/05/2017,6,1165466.997046718,1908083.767015974,41.903377468,-87.667643142,"(41.903377467566784, -87.66764314227497)"
CALIFORNIA AND DEVON,1321,6400 N CALIFORNIA AVE,01/04/2017,2,1156461.150245401,1942370.37710537,41.997649133,-87.699792629,"(41.997649133049336, -87.69979262891378)"
DAMEN AND DIVERSEY,1462,2800 N DAMEN AVENUE,01/04/2017,4,1162490.04851994,1918611.623717091,41.932329494,-87.678282719,"(41.9323294940985, -87.67828271931386)"
ASHLAND AND LAWRENCE,1142,4800 N ASHLAND AVENUE,01/05/2017,6,1164751.686785145,1932001.206626392,41.96902343,-87.669590434,"(41.969023429614026, -87.66959043354217)"
ELSTON AND ADDISON,1403,3216 W ADDISON ST,01/03/2017,4,1154199.729816868,1923799.345386665,41.946734755,-87.708609774,"(41.946734754927796, -87.7086097735515)"
SHERIDAN AND FOSTER,1132,5200 N SHERIDAN ROAD,01/05/2017,1,1168661.623718229,1934753.842272756,41.976492721,-87.655133605,"(41.97649272077833, -87.65513360456677)"
CICERO AND I55,2251,4200 S CICERO AVENUE,01/04/2017,98,1145023.742859509,1876358.276835519,41.816729387,-87.743536712,"(41.81672938674739, -87.74353671247594)"
HARLEM AND BELMONT,1391,3200 N HARLEM AVE,01/02/2017,1,1127481.020995451,1920467.613239239,41.938084468,-87.806896749,"(41.93808446822169, -87.80689674887883)"
ASHLAND AND 95TH,2473,1600 W 95TH STREET,01/05/2017,4,1167323.753394196,1841755.029221382,41.721324412,-87.662724153,"(41.721324411975246, -87.66272415265087)"
CLARK AND FULLERTON,1631,2400 N CLARK ST,01/05/2017,2,1172749.562209477,1916238.997132859,41.925597623,-87.640650973,"(41.925597623023144, -87.64065097309872)"
IRVING PARK AND CALIFORNIA,1234,2800 W IRVING PARK ROA,01/04/2017,9,,,,,
ROOSEVELT AND KOSTNER,2323,4400 W ROOSEVELT,01/05/2017,3,1147200.963258796,1894379.538078088,41.866140868,-87.73508956,"(41.866140867641654, -87.73508956008207)"
99TH AND HALSTED,2433,800 W 99TH ST,01/04/2017,12,1172710.642565684,1839246.330602143,41.714323337,-87.643066714,"(41.71432333701137, -87.64306671421937)"
CHICAGO AND CLARK,1964,100 W CHICAGO AVENUE,01/04/2017,4,1175374.528739575,1905745.47783364,41.896744347,-87.631321248,"(41.896744346875806, -87.63132124815151)"
HAMLIN AND MADISON,1903,3800 W MADISON STREET,01/05/2017,14,1151032.709141294,1899784.033986533,41.880897273,-87.720881226,"(41.880897273491264, -87.72088122613924)"
79TH AND KEDZIE,2443,3200 W 79TH ST,01/04/2017,3,1156402.644780165,1852104.649370984,41.749952001,-87.702448478,"(41.74995200142266, -87.70244847808695)"
ASHLAND AND DIVERSEY,1623,1600 W DIVERSEY PARKWA,10/08/2014,4,,,,,
FULLERTON AND NARRAGANSETT,1554,6400 W FULLERTON AVENU,01/04/2017,2,1133317.594499059,1915293.661305931,41.923786189,-87.785567206,"(41.92378618871128, -87.78556720562165)"
ASHLAND AND IRVING PARK,1151,4000 N ASHLAND AVENUE,01/04/2017,2,1164899.463802581,1926665.661118925,41.954379326,-87.66919912,"(41.954379326212695, -87.66919911980419)"
111TH AND HALSTED,2424,800 W 111TH ST,01/04/2017,4,1172945.404219168,1831282.917027882,41.692465363,-87.642440901,"(41.692465363421874, -87.64244090105778)"
HARLEM AND BELMONT,1394,7200 W BELMONT AVE,01/05/2017,5,1127504.698153561,1920475.415440844,41.938105479,-87.806809552,"(41.93810547939496, -87.80680955240743)"
PULASKI AND CHICAGO,1983,4000 W CHICAGO AVENUE,01/05/2017,1,1149561.855939692,1905086.596446259,41.895476752,-87.72614436,"(41.89547675163723, -87.72614435991626)"
HALSTED AND DIVISION,1714,800 W DIVISION,01/04/2017,5,1170767.827960358,1908259.644151662,41.903745557,-87.648167011,"(41.90374555734733, -87.64816701062779)"
SACRAMENTO AND CHICAGO,1814,3000 W CHICAGO AVENUE,01/04/2017,2,1156075.266375505,1905216.604770718,41.895704525,-87.702218524,"(41.895704524946225, -87.70221852353758)"
ASHLAND AND MADISON,1911,0 N ASHLAND AVE,01/04/2017,4,,,,,
HAMLIN AND MADISON,1901,0 N HAMLIN BOULEVARD,04/02/2017,4,,,,,
PULASKI AND DIVISION,1801,1200 N PULASKI ROAD,01/05/2017,4,1149459.590666926,1907723.219884254,41.902713902,-87.726451457,"(41.902713901936174, -87.72645145715836)"
LARAMIE AND MADISON,2044,5200 W MADISON STREET,01/05/2017,11,1141706.965522802,1899567.55684314,41.880480752,-87.755130433,"(41.88048075170171, -87.75513043296509)"
CLARK AND FULLERTON,1631,2400 N CLARK ST,01/04/2017,4,1172749.562209477,1916238.997132859,41.925597623,-87.640650973,"(41.925597623023144, -87.64065097309872)"
COTTAGE GROVE AND 71ST,2572,7100 S COTTAGE GROVE,01/04/2017,3,1182746.23698699,1858088.011064538,41.765800351,-87.605729127,"(41.76580035131893, -87.6057291269901)"
DIVISION AND DAMEN,1734,2000 W DIVISION,04/19/2017,4,1162815.710860194,1908034.672555531,41.903298793,-87.677383247,"(41.903298792681944, -87.67738324739636)"
SACRAMENTO AND LAKE,1822,150 N SACRAMENTO BOUL,01/03/2017,5,1156319.560664766,1900957.489351962,41.884012178,-87.701436479,"(41.88401217771363, -87.7014364786693)"
LARAMIE AND FULLERTON,1424,5200 W FULLERTON AVENUE,03/28/2017,2,1141305.554932016,1915502.611239048,41.924215797,-87.756210755,"(41.92421579723144, -87.75621075458939)"
PULASKI AND ARCHER,2153,5000 S ARCHER AVE,01/04/2017,2,1150501.818909837,1871162.311703322,41.802365973,-87.723576766,"(41.80236597333895, -87.72357676611004)"
STATE AND 79TH,2651,7900 S STATE STREET,01/05/2017,1,1177618.166929966,1852621.870232838,41.750918138,-87.624690123,"(41.7509181383154, -87.62469012251644)"
FULLERTON AND NARRAGANSETT,1554,6400 W FULLERTON AVENU,01/05/2017,1,1133317.594499059,1915293.661305931,41.923786189,-87.785567206,"(41.92378618871128, -87.78556720562165)"
ELSTON AND ADDISON,1402,3600 N ELSTON AVE,01/02/2017,1,1154106.95251778,1923731.036211081,41.946549165,-87.708952626,"(41.94654916480637, -87.70895262603513)"
CENTRAL AND LAKE,1743,5600 W LAKE STREET,02/04/2017,3,1138951.495695032,1902230.510465733,41.887838735,-87.765183663,"(41.887838735330206, -87.76518366338465)"
IRVING PARK AND LARAMIE,1533,5200 W IRVING PARK ROA,02/04/2017,1,,,,,
ASHLAND AND FULLERTON,1651,2400 N ASHLAND AVENUE,02/04/2017,3,1165228.073342838,1916032.319169157,41.92519389,-87.668294363,"(41.92519388981048, -87.66829436339881)"
KEDZIE AND ARMITAGE,1832,2000 N KEDZIE AVENUE,02/04/2017,8,1154684.031809326,1913129.496340896,41.917446172,-87.707116072,"(41.91744617191702, -87.70711607187832)"
OGDEN AND KOSTNER,2223,4400 W OGDEN AVENUE,02/04/2017,4,1147406.592439224,1887689.099869462,41.847777523,-87.734505969,"(41.84777752280453, -87.73450596874825)"
ROOSEVELT AND KOSTNER,2323,4400 W ROOSEVELT,02/04/2017,2,1147200.963258796,1894379.538078088,41.866140868,-87.73508956,"(41.866140867641654, -87.73508956008207)"
CANAL AND ROOSEVELT,2291,1200 S CANAL STREET,02/04/2017,9,1173268.771030949,1894952.634878732,41.867175125,-87.639375813,"(41.86717512472001, -87.63937581258092)"
STONEY ISLAND AND 79TH,2464,1600 E 79TH ST,02/04/2017,3,1188284.704439907,1852964.829047574,41.751611523,-87.585592284,"(41.75161152327319, -87.58559228428787)"
IRVING PARK AND CALIFORNIA,1234,2800 W IRVING PARK ROA,02/04/2017,6,,,,,
WESTERN AND NORTH,1851,1600 N WESTERN AVE,02/04/2017,5,1160077.474351131,1910605.013316134,41.910409024,-87.687370268,"(41.91040902362901, -87.687370268401)"
CICERO AND WASHINGTON,1891,100 N CICERO AVENUE,02/04/2017,11,1144328.984091479,1900095.170838459,41.88187971,-87.745489247,"(41.88187970991601, -87.7454892473012)"
HALSTED AND MADISON,1871,1 S HALSTED STREET,02/04/2017,5,1171092.392868784,1900234.542088741,41.881717056,-87.647210539,"(41.88171705561901, -87.64721053920604)"
CICERO AND WASHINGTON,1892,100 N CICERO AVENUE,02/04/2017,11,1144328.984091479,1900095.170838459,41.88187971,-87.745489247,"(41.88187970991601, -87.7454892473012)"
KEDZIE AND ARMITAGE,1834,3200 W ARMITAGE AVENUE,02/04/2017,2,1154700.851347995,1913153.252187904,41.917511023,-87.707053639,"(41.91751102291878, -87.7070536388797)"
LAWRENCE AND WESTERN,1193,2400 W LAWRENCE AVENUE,02/04/2017,2,1159482.648570304,1931851.989492596,41.968724349,-87.688968727,"(41.96872434882172, -87.68896872699601)"
SACRAMENTO AND LAKE,1822,150 N SACRAMENTO BOUL,02/04/2017,4,1156319.560664766,1900957.489351962,41.884012178,-87.701436479,"(41.88401217771363, -87.7014364786693)"
FULLERTON AND NARRAGANSETT,1554,6400 W FULLERTON AVENU,01/06/2017,6,1133317.594499059,1915293.661305931,41.923786189,-87.785567206,"(41.92378618871128, -87.78556720562165)"
COLUMBUS AND ILLINOIS,1951,500 N COLUMBUS DRIVE,01/06/2017,9,1178372.808407292,1903693.06016042,41.891044569,-87.620371839,"(41.891044569124276, -87.620371839074)"
31ST ST AND MARTIN LUTHER KING DRIVE,2121,3100 S DR MARTIN L KING,01/06/2017,6,,,,,
71ST AND ASHLAND,2394,1600 W 71ST,01/06/2017,8,1166890.012333149,1857674.2502247,41.765018306,-87.66385923,"(41.76501830555763, -87.66385923012646)"
CENTRAL AND FULLERTON,1442,2400 N CENTRAL AVENUE,01/06/2017,1,1138603.468418662,1915431.058212414,41.924068922,-87.766141214,"(41.92406892227644, -87.76614121413186)"
119TH AND HALSTED,2404,800 W 119TH STREET,01/06/2017,3,1173111.174088158,1825985.001014405,41.677923389,-87.641989646,"(41.677923389134385, -87.64198964584013)"
KEDZIE AND ARMITAGE,1834,3200 W ARMITAGE AVENUE,02/11/2015,1,1154700.851347995,1913153.252187904,41.917511023,-87.707053639,"(41.91751102291878, -87.7070536388797)"
HALSTED AND 95TH,2581,9500 S HALSTED STREET,02/11/2015,2,1172610.538363645,1841811.61926207,41.721365061,-87.643358042,"(41.72136506078306, -87.64335804234075)"
LARAMIE AND MADISON,2043,5200 W MADISON STREET,01/06/2017,4,1141706.965522802,1899567.55684314,41.880480752,-87.755130433,"(41.88048075170171, -87.75513043296509)"
HALSTED AND NORTH,1761,1600 N HALSTED STREET,01/06/2017,4,1170678.283433825,1910880.991397547,41.910940644,-87.648419043,"(41.91094064391597, -87.64841904272998)"
CALIFORNIA AND DIVERSEY,1513,2800 W DIVERSEY,01/06/2017,2,1157212.54253358,1918526.674434943,41.932205395,-87.697679244,"(41.93220539506452, -87.6976792438691)"
DIVISION AND DAMEN,1734,2000 W DIVISION,01/06/2017,5,1162815.710860194,1908034.672555531,41.903298793,-87.677383247,"(41.903298792681944, -87.67738324739636)"
55TH AND WESTERN,2213,2400 W 55TH STREET,01/06/2017,6,1161277.012730599,1868185.749490228,41.793981347,-87.684141741,"(41.7939813465735, -87.68414174128355)"
AUSTIN AND ADDISON,1491,3600 N AUSTIN AVENUE,01/06/2017,5,1135691.599896458,1923335.967306169,41.945813215,-87.776652162,"(41.9458132146695, -87.77665216156436)"
HOMAN/KIMBALL AND NORTH,1773,3400 W NORTH AVE,01/06/2017,12,1153386.578905125,1910465.87061722,41.910162847,-87.711953868,"(41.91016284680269, -87.71195386769125)"
KEDZIE AND 71ST,2352,7100 S KEDZIE AVENUE,01/06/2017,5,1156225.540366296,1857330.103443232,41.764295037,-87.702957162,"(41.764295036756856, -87.70295716211793)"
WESTERN AND FULLERTON,1672,2400 N WESTERN AVENUE,01/06/2017,2,1159923.309342995,1915897.778561358,41.924935944,-87.687790255,"(41.92493594409127, -87.68779025471278)"
55TH AND KEDZIE,2162,5500 S KEDZIE AVENUE,03/28/2017,3,1155945.854705238,1867941.621374192,41.793420237,-87.703697508,"(41.793420236755864, -87.70369750845424)"
CICERO AND ARMITAGE,2001,2000 N CICERO AVENUE,01/06/2017,4,1144031.525719004,1912881.8300295,41.916973325,-87.746260223,"(41.91697332451097, -87.74626022251057)"
IRVING PARK AND CALIFORNIA,1234,2800 W IRVING PARK ROA,03/28/2017,4,,,,,
CICERO AND CHICAGO,1783,4800 W CHICAGO AVENUE,03/28/2017,2,1144175.291152764,1904916.255225279,41.895112219,-87.745932427,"(41.89511221857764, -87.74593242701515)"
PULASKI AND NORTH,1992,1600 N PULASKI AVENUE,01/06/2017,4,1149432.959240306,1910369.112502195,41.90997501,-87.726480523,"(41.909975010236906, -87.72648052306623)"
ROOSEVELT AND KOSTNER,2323,4400 W ROOSEVELT,01/06/2017,2,1147200.963258796,1894379.538078088,41.866140868,-87.73508956,"(41.866140867641654, -87.73508956008207)"
PULASKI AND LAWRENCE,1173,4000 W LAWRENCE AVENUE,01/06/2017,1,1148844.220085601,1931638.45430438,41.968351285,-87.728091672,"(41.96835128527914, -87.72809167198088)"
HALSTED AND NORTH,1764,800 W NORTH AVENUE,02/11/2015,3,1170700.68422007,1910913.190749698,41.91102851,-87.648335806,"(41.91102850981186, -87.64833580602037)"
ASHLAND AND MADISON,1911,0 N ASHLAND AVE,02/04/2017,2,,,,,
CICERO AND ARMITAGE,2001,2000 N CICERO AVENUE,02/04/2017,7,1144031.525719004,1912881.8300295,41.916973325,-87.746260223,"(41.91697332451097, -87.74626022251057)"
STONEY ISLAND AND 79TH,2461,7900 S SOUTH CHICAGO AVE,01/06/2017,2,1188274.655498937,1852865.685797892,41.751339705,-87.585632266,"(41.751339704589455, -87.58563226565187)"
HALSTED AND NORTH,1761,1600 N HALSTED STREET,02/11/2015,1,1170678.283433825,1910880.991397547,41.910940644,-87.648419043,"(41.91094064391597, -87.64841904272998)"
DAMEN AND DIVERSEY,1462,2800 N DAMEN AVENUE,01/06/2017,3,1162490.04851994,1918611.623717091,41.932329494,-87.678282719,"(41.9323294940985, -87.67828271931386)"
KIMBALL AND DIVERSEY,1581,2800 N KIMBALL AVENUE,03/28/2017,2,,,,,
ARCHER AND CICERO,2081,5200 S CICERO AVE,01/06/2017,6,1145195.931989777,1869737.708306623,41.798558278,-87.743071866,"(41.798558278193305, -87.74307186616427)"
IRVING PARK AND KILPATRICK,2764,4700 W IRVING PARK ROA,01/06/2017,3,,,,,
55TH AND KEDZIE,2162,5500 S KEDZIE AVENUE,01/06/2017,3,1155945.854705238,1867941.621374192,41.793420237,-87.703697508,"(41.793420236755864, -87.70369750845424)"
CENTRAL AND FULLERTON,1444,5600 W FULLERTON AVENU,03/28/2017,1,1138627.279189421,1915438.969256439,41.924090199,-87.76605353,"(41.92409019883488, -87.76605353016079)"
87TH AND VINCENNES,2412,8700 S VINCENNES,01/06/2017,4,1172026.328989535,1847142.496643776,41.736006565,-87.645341819,"(41.73600656458518, -87.64534181897955)"
CICERO AND DIVERSEY,1694,4800 W DIVERSEY AVENUE,01/06/2017,1,1143869.848167704,1918226.043989398,41.93164142,-87.746719911,"(41.93164142040689, -87.7467199106462)"
ARCHER AND CICERO,2081,5200 S CICERO AVE,11/19/2016,23,1145195.931989777,1869737.708306623,41.798558278,-87.743071866,"(41.798558278193305, -87.74307186616427)"
PULASKI AND FOSTER,1102,5200 N PULASKI RD,01/06/2017,2,1148746.251286324,1934286.914361976,41.97562074,-87.728383135,"(41.97562073966174, -87.72838313514907)"
WESTERN AND 71ST,2614,2400 W 71ST STREET,03/28/2017,2,1161584.506819846,1857557.788853485,41.764810388,-87.683308769,"(41.76481038827884, -87.68330876944678)"
ADDISON AND HARLEM,1591,3600 N HARLEM AVENUE,01/06/2017,1,1127394.594070737,1923110.532422811,41.945338412,-87.807154769,"(41.94533841246591, -87.80715476912044)"
PULASKI AND 63RD,2342,6300 S PULASKI RD,01/06/2017,2,1150746.00309079,1862516.747695325,41.778636469,-87.722906356,"(41.77863646878099, -87.72290635568541)"
MONTROSE AND WESTERN,1224,2400 W MONTROSE AVENUE,01/06/2017,1,1159562.971802959,1929191.337701253,41.961421726,-87.68874698,"(41.961421726406314, -87.68874697983858)"
COTTAGE GROVE AND 71ST,2571,7100 S COTTAGE GROVE,01/06/2017,4,1182746.23698699,1858088.011064538,41.765800351,-87.605729127,"(41.76580035131893, -87.6057291269901)"
OGDEN AND KOSTNER,2222,2348 S KOSTNER AVENUE,01/06/2017,3,1147394.548182079,1887795.177782082,41.848068845,-87.734547457,"(41.8480688449598, -87.73454745748458)"
CICERO AND HARRISON,2022,600 S CICERO AVENUE,01/06/2017,1,1144444.97442848,1896894.622216872,41.873094833,-87.745143869,"(41.873094832519136, -87.74514386884542)"
ASHLAND AND 87TH,2454,1600 W 87TH ST,01/06/2017,10,1167171.941297436,1847064.855345151,41.735898617,-87.663128781,"(41.735898617066006, -87.66312878090133)"
WESTERN AND FOSTER,1074,2400 W FOSTER AVE,01/06/2017,2,1159379.402846887,1934502.712486132,41.97600019,-87.689275084,"(41.97600018976586, -87.68927508385399)"
WENTWORTH AND GARFIELD,2264,200 W GARFIELD BLVD,01/06/2017,3,1175889.574397302,1868551.750512227,41.794670385,-87.630547476,"(41.79467038468937, -87.63054747605638)"
GARFIELD AND ASHLAND,2272,5500 S ASHLAND AVENUE,02/11/2015,2,1166573.960309557,1868083.777885787,41.793590116,-87.664720996,"(41.793590115883404, -87.66472099593501)"
HALSTED AND MADISON,1872,1 N HALSTED STREET,01/06/2017,7,1171090.967986833,1900270.454015136,41.881815632,-87.647214717,"(41.88181563164203, -87.64721471704077)"
63RD AND STATE,2714,1 E 63RD ST,01/06/2017,7,1177367.518733101,1863199.17768559,41.779949105,-87.625289553,"(41.779949104569106, -87.62528955333775)"
IRVING PARK AND KILPATRICK,2764,4700 W IRVING PARK ROA,01/05/2017,2,,,,,
KEDZIE AND 63RD,2364,3200 W 63RD ST,01/06/2017,3,1156103.348831225,1862717.565210739,41.779081505,-87.703260365,"(41.77908150488341, -87.70326036544745)"
KIMBALL AND DIVERSEY,1581,2800 N KIMBALL AVENUE,04/02/2017,3,,,,,
79TH AND KEDZIE,2443,3200 W 79TH ST,01/06/2017,6,1156402.644780165,1852104.649370984,41.749952001,-87.702448478,"(41.74995200142266, -87.70244847808695)"
MILWAUKEE AND MONTROSE,1364,5075 W MONTROSE AVENUE,01/06/2017,1,1141716.746618898,1928736.076639057,41.960522088,-87.754371424,"(41.96052208819935, -87.75437142402293)"
IRVING PARK AND NARRAGANSETT,1023,6400 W IRVING PK,01/06/2017,3,1132945.939118726,1925946.304925137,41.953024751,-87.786683238,"(41.95302475075328, -87.78668323766634)"
PERSHING AND WESTERN,2112,3900 S WESTERN BLVD,01/06/2017,2,1161130.992078755,1878746.226354636,41.822963628,-87.684384785,"(41.82296362788048, -87.68438478541296)"
ASHLAND AND 87TH,2452,8700 S ASHLAND AVE,03/20/2017,7,1167150.470087748,1846991.212339794,41.735696989,-87.663209544,"(41.73569698863625, -87.66320954445679)"
DAMEN AND DIVERSEY,1464,2000 W DIVERSEY PARKWAY,01/06/2017,5,1162519.714934025,1918635.417634925,41.932394164,-87.678173031,"(41.93239416403691, -87.67817303087757)"
35TH AND WESTERN,2091,3500 S WESTERN,01/06/2017,1,1160894.949857101,1881376.851112895,41.830187255,-87.685177925,"(41.83018725526863, -87.68517792510231)"
FOSTER AND NAGLE,1031,5200 N NAGLE,01/06/2017,8,1132529.656558223,1934201.702060651,41.97568567,-87.788020406,"(41.97568566971868, -87.78802040620296)"
71ST AND ASHLAND,2391,7100 S ASHLAND,01/06/2017,1,1166868.379865725,1857616.168087255,41.764859382,-87.663940176,"(41.764859382425385, -87.66394017630476)"
SHERIDAN AND FOSTER,1134,1000 W FOSTER AVE,01/06/2017,1,1168689.247756979,1934758.578141654,41.976505116,-87.655031882,"(41.97650511595711, -87.65503188224778)"
CERMAK AND PULASKI,2334,4000 W CERMAK,01/06/2017,4,1150018.476053666,1889120.238540361,41.851654369,-87.724882975,"(41.85165436867626, -87.7248829753078)"
ELSTON AND ADDISON,1402,3600 N ELSTON AVE,01/06/2017,2,1154106.95251778,1923731.036211081,41.946549165,-87.708952626,"(41.94654916480637, -87.70895262603513)"
AUSTIN AND IRVING PARK,1161,4000 N AUSTIN AVENUE,01/06/2017,4,1135599.956110927,1926006.862619986,41.953144059,-87.776925284,"(41.95314405904539, -87.77692528423394)"
PETERSON AND WESTERN,1014,2400 W PETERSON,01/06/2017,3,1159214.211316277,1939825.301874586,41.99060901,-87.689735481,"(41.990609009807294, -87.68973548092968)"
DIVISION AND DAMEN,1733,2000 W DIVISION,01/06/2017,4,1162815.710860194,1908034.672555531,41.903298793,-87.677383247,"(41.903298792681944, -87.67738324739636)"
OGDEN AND KOSTNER,2223,4400 W OGDEN AVENUE,01/06/2017,9,1147406.592439224,1887689.099869462,41.847777523,-87.734505969,"(41.84777752280453, -87.73450596874825)"
VAN BUREN AND WESTERN,2054,2400 W VAN BUREN STREE,01/06/2017,12,,,,,
TOUHY AND OSCEOLA,1243,7432 W TOUHY AVENUE,01/06/2017,1,1125717.010560011,1947269.685461107,42.011661765,-87.812781431,"(42.01166176507329, -87.81278143114147)"
CICERO AND 47TH,2204,4800 W 47TH ST,01/06/2017,9,1145130.048925744,1873078.44198302,41.807727017,-87.743229366,"(41.80772701677172, -87.74322936566276)"
99TH AND HALSTED,2431,9900 S HALSTED ST,01/06/2017,2,1172689.754200318,1839171.652197216,41.714118868,-87.643145408,"(41.714118868089905, -87.64314540818165)"
55TH AND WESTERN,2212,5500 S WESTERN AVE,01/06/2017,4,1161269.521335262,1867963.111601251,41.793370554,-87.684175377,"(41.79337055433029, -87.6841753767592)"
FULLERTON AND NARRAGANSETT,1554,6400 W FULLERTON AVENU,03/28/2017,3,1133317.594499059,1915293.661305931,41.923786189,-87.785567206,"(41.92378618871128, -87.78556720562165)"
PULASKI AND BELMONT,1382,3200 N PULASKI RD,01/06/2017,2,1149125.621478734,1920994.556178086,41.939138154,-87.72733371,"(41.939138153500274, -87.7273337101426)"
CENTRAL AND LAKE,1742,400 N CENTRAL AVENUE,01/06/2017,6,1138928.478257537,1902217.926149854,41.887804621,-87.765268498,"(41.88780462053497, -87.76526849810371)"
ELSTON AND ADDISON,1403,3216 W ADDISON ST,01/06/2017,5,1154199.729816868,1923799.345386665,41.946734755,-87.708609774,"(41.946734754927796, -87.7086097735515)"
ASHLAND AND 95TH,2472,9500 S ASHLAND AVENUE,01/06/2017,6,1167295.830128711,1841695.121217916,41.721160612,-87.662828139,"(41.72116061205213, -87.66282813939165)"
PULASKI AND ARMITAGE,1843,4000 W ARMITAGE AVENUE,03/28/2017,4,1149375.428872108,1913028.984273181,41.917275069,-87.726622746,"(41.91727506940875, -87.72662274644799)"
LAKE SHORE DR AND BELMONT,1412,3200 N LAKESHORE DRIV,03/28/2017,9,1173053.220555078,1921821.380831705,41.940909163,-87.63936916,"(41.94090916326764, -87.63936915995522)"
PULASKI AND IRVING PARK,1574,4000 W IRVING PARK RD,01/06/2017,5,1148988.727877253,1926320.954938409,41.953756874,-87.727698513,"(41.95375687447515, -87.72769851312907)"
ASHLAND AND DIVISION,1791,1200 N ASHLAND AVENUE,01/06/2017,14,1165466.997046718,1908083.767015974,41.903377468,-87.667643142,"(41.903377467566784, -87.66764314227497)"
MILWAUKEE AND DEVON,1274,6400 W DEVON AVENUE,01/06/2017,8,1132590.619798275,1942138.532048656,41.997463981,-87.787610243,"(41.99746398102873, -87.78761024341388)"
KEDZIE AND 47TH,2104,3200 W 47TH ST,01/06/2017,3,1155815.231505056,1873336.169728074,41.808226246,-87.704031672,"(41.808226246244026, -87.70403167215984)"
99TH AND HALSTED,2433,800 W 99TH ST,03/20/2017,9,1172710.642565684,1839246.330602143,41.714323337,-87.643066714,"(41.71432333701137, -87.64306671421937)"
LARAMIE AND MADISON,2044,5200 W MADISON STREET,01/06/2017,8,1141706.965522802,1899567.55684314,41.880480752,-87.755130433,"(41.88048075170171, -87.75513043296509)"
PULASKI AND PETERSON,1263,4000 W PETERSON AVENUE,01/06/2017,4,1148618.560490339,1939615.133928395,41.990244186,-87.728714391,"(41.99024418564742, -87.7287143910091)"
PULASKI AND DIVISION,1802,1200 N PULASKI ROAD,01/06/2017,3,1149459.590666926,1907723.219884254,41.902713902,-87.726451457,"(41.902713901936174, -87.72645145715836)"
FOSTER AND BROADWAY,1113,1200 W FOSTER AVE,01/06/2017,1,1167357.095930752,1934721.393266777,41.97643192,-87.659931806,"(41.97643192018459, -87.65993180604016)"
LAFAYETTE AND 87TH,2502,8700 S LAFAYETTE AVEN,01/06/2017,21,1177417.493180297,1847243.988223464,41.73616511,-87.625587569,"(41.73616511008592, -87.62558756899932)"
WESTERN AND NORTH,1853,2400 W NORTH AVE,01/06/2017,1,1160100.839010995,1910612.783367238,41.910429862,-87.687284221,"(41.91042986235867, -87.68728422050837)"
HALSTED AND 95TH,2582,9500 S HALSTED STREET,01/06/2017,1,1172610.538363645,1841811.61926207,41.721365061,-87.643358042,"(41.72136506078306, -87.64335804234075)"
55TH and PULASKI,2242,5500 S PULASKI,01/06/2017,2,1150600.072649439,1867806.44512718,41.793155061,-87.723303765,"(41.793155060731024, -87.72330376464247)"
MONTROSE AND WESTERN,1221,4400 N WESTERN AVENUE,01/06/2017,3,1159539.733234718,1929183.918095502,41.961401846,-87.688832623,"(41.961401846278505, -87.6888326227788)"
PULASKI AND ARCHER,2154,5000 S ARCHER AVE,01/06/2017,2,1150501.818909837,1871162.311703322,41.802365973,-87.723576766,"(41.80236597333895, -87.72357676611004)"
DIVERSEY AND AUSTIN,1453,6000 W DIVERSEY AVENUE,01/06/2017,1,1135895.736169343,1918029.70673837,41.931248624,-87.776028612,"(41.931248623643455, -87.77602861172493)"
WESTERN AND CHICAGO,1941,800 N WESTERN AVE,01/06/2017,6,1160220.967978608,1905277.507115921,41.895786955,-87.686990586,"(41.89578695485361, -87.68699058611217)"
STONY ISLAND/CORNELL AND 67TH,2731,6700 S CORNELL DRIVE,01/05/2017,9,1188316.454860734,1860851.137456735,41.77325149,-87.5852246,"(41.77325148959568, -87.58522459967712)"
CICERO AND ADDISON,1612,3600 N CICERO AVENUE,01/06/2017,5,1143698.904601495,1923517.005821035,41.946163524,-87.747215169,"(41.94616352362556, -87.74721516897007)"
HOMAN/KIMBALL AND NORTH,1771,1600 N HOMAN AVENUE,01/06/2017,3,,,,,
HALSTED AND DIVISION,1714,800 W DIVISION,01/06/2017,8,1170767.827960358,1908259.644151662,41.903745557,-87.648167011,"(41.90374555734733, -87.64816701062779)"
PULASKI AND DIVERSEY,1542,2800 N PULASKI ROAD,01/06/2017,3,1149200.724531183,1918332.222549679,41.931831026,-87.727126873,"(41.93183102561505, -87.72712687300454)"
CICERO AND WASHINGTON,1891,100 N CICERO AVENUE,01/06/2017,6,1144328.984091479,1900095.170838459,41.88187971,-87.745489247,"(41.88187970991601, -87.7454892473012)"
CLARK AND IRVING PARK,1091,4000 N CLARK STREET,01/06/2017,1,1166736.149822904,1926699.323624709,41.954432441,-87.662446259,"(41.95443244141688, -87.66244625914061)"
KOSTNER AND NORTH,2011,1600 N KOSTNER,01/06/2017,2,1146732.108679105,1910282.120990798,41.909788304,-87.736404667,"(41.90978830394343, -87.73640466739216)"
COLUMBUS AND ILLINOIS,1952,500 N COLUMBUS DRIVE,01/06/2017,5,1178372.808407292,1903693.06016042,41.891044569,-87.620371839,"(41.891044569124276, -87.620371839074)"
99TH AND HALSTED,2433,800 W 99TH ST,01/06/2017,9,1172710.642565684,1839246.330602143,41.714323337,-87.643066714,"(41.71432333701137, -87.64306671421937)"
WESTERN AND DEVON,1211,6400 N WESTERN AVENUE,01/06/2017,2,1159113.585759434,1942451.622367891,41.997817807,-87.690033035,"(41.997817807026, -87.69003303469276)"
CENTRAL AND CHICAGO,1972,800 N CENTRAL AVENUE,01/06/2017,3,1138836.562608552,1904801.732832435,41.894896579,-87.765543258,"(41.89489657939746, -87.76554325845893)"
CICERO AND NORTH,2034,4800 W NORTH AVENUE,01/06/2017,1,1144053.733747163,1910243.80567041,41.90973389,-87.746244973,"(41.909733890131285, -87.74624497295898)"
STONY ISLAND/CORNELL AND 67TH,2721,6700 S STONY ISLAND A,01/05/2017,5,1187984.143047539,1860863.338367666,41.773292896,-87.586442368,"(41.77329289585066, -87.58644236831432)"
CALIFORNIA AND PETERSON,1313,2800 W PETERSON AVENUE,02/11/2015,3,1156569.515341857,1939784.830544118,41.990552082,-87.699464396,"(41.990552081681564, -87.69946439622785)"
HOLLYWOOD AND SHERIDAN,1344,1000 W HOLLYWOOD AVE,01/06/2017,13,1168580.228926466,1938090.295189338,41.985649799,-87.655335807,"(41.98564979859328, -87.65533580655139)"
CALIFORNIA AND PETERSON,1313,2800 W PETERSON AVENUE,03/28/2017,2,1156569.515341857,1939784.830544118,41.990552082,-87.699464396,"(41.990552081681564, -87.69946439622785)"
KOSTNER AND NORTH,2012,4400 W GRAND AVE,01/06/2017,3,1146773.519128439,1910425.663958581,41.91018141,-87.73624887,"(41.910181409597406, -87.73624887040725)"
CENTRAL AND ADDISON,1683,5600 W ADDISON STREET,01/06/2017,2,1138349.663302502,1923416.02157061,41.945985104,-87.766879952,"(41.94598510430888, -87.76687995165918)"
DAMEN AND 63RD,2701,6300 S DAMEN AVENUE,01/06/2017,3,1164069.407943298,1862830.277442834,41.779226921,-87.674052731,"(41.77922692069256, -87.67405273137854)"
ASHLAND AND 95TH,2473,1600 W 95TH STREET,01/06/2017,8,1167323.753394196,1841755.029221382,41.721324412,-87.662724153,"(41.721324411975246, -87.66272415265087)"
KEDZIE AND 31ST,2132,3100 S KEDZIE AVENUE,01/06/2017,4,1155483.167539854,1883867.660503274,41.837132671,-87.704967115,"(41.837132671422296, -87.70496711478727)"
CERMAK AND PULASKI,2332,2200 S PULASKI,01/06/2017,6,1150012.876838243,1889071.75851865,41.851521442,-87.724904787,"(41.85152144233116, -87.7249047867499)"
MADISON AND WESTERN,1931,1 S WESTERN AVE,01/06/2017,1,1160453.827721979,1899933.703473746,41.881118279,-87.686283339,"(41.881118278833966, -87.686283338873)"
WESTERN AND CERMAK,1002,2200 S WESTERN AVENUE,01/06/2017,7,1160669.42562757,1889318.196820393,41.85198384,-87.685785704,"(41.85198383957328, -87.68578570420526)"
PERSHING AND WESTERN,2114,2400 W PERSHING ROAD,01/06/2017,1,1160957.773623189,1878793.434193427,41.82309676,-87.685018951,"(41.82309676016606, -87.68501895061576)"
PULASKI AND DIVERSEY,1543,4000 W DIVERSEY AVENUE,01/06/2017,1,1149206.496130705,1918356.569267582,41.931897723,-87.72710503,"(41.9318977231462, -87.72710503045386)"
CICERO AND CHICAGO,1783,4800 W CHICAGO AVENUE,01/06/2017,3,1144175.291152764,1904916.255225279,41.895112219,-87.745932427,"(41.89511221857764, -87.74593242701515)"
STONY ISLAND/CORNELL AND 67TH,2721,6700 S STONY ISLAND A,03/28/2017,8,1187984.143047539,1860863.338367666,41.773292896,-87.586442368,"(41.77329289585066, -87.58644236831432)"
35TH AND WESTERN,2092,3500 S WESTERN,01/06/2017,3,1160894.949857101,1881376.851112895,41.830187255,-87.685177925,"(41.83018725526863, -87.68517792510231)"
ASHLAND AND LAWRENCE,1142,4800 N ASHLAND AVENUE,01/06/2017,8,1164751.686785145,1932001.206626392,41.96902343,-87.669590434,"(41.969023429614026, -87.66959043354217)"
115TH AND HALSTED,2552,11500 S HALSTED STREE,01/06/2017,10,,,,,
CENTRAL AND LAKE,1743,5600 W LAKE STREET,01/06/2017,2,1138951.495695032,1902230.510465733,41.887838735,-87.765183663,"(41.887838735330206, -87.76518366338465)"
CANAL AND ROOSEVELT,2291,1200 S CANAL STREET,03/28/2017,2,1173268.771030949,1894952.634878732,41.867175125,-87.639375813,"(41.86717512472001, -87.63937581258092)"
TOUHY AND OSCEOLA,1244,7432 W TOUHY AVENUE,01/06/2017,1,1125717.010560011,1947269.685461107,42.011661765,-87.812781431,"(42.01166176507329, -87.81278143114147)"
CALIFORNIA AND DEVON,1323,2800 W DEVON AVENUE,01/06/2017,5,1156484.528078038,1942377.980662191,41.997669523,-87.699706423,"(41.99766952286052, -87.69970642324591)"
LARAMIE AND FULLERTON,1424,5200 W FULLERTON AVENUE,01/06/2017,6,1141305.554932016,1915502.611239048,41.924215797,-87.756210755,"(41.92421579723144, -87.75621075458939)"
CENTRAL AND IRVING PARK,1182,4000 N CENTRAL AVENUE,01/06/2017,1,1138258.614129764,1926071.172884932,41.953272751,-87.767150151,"(41.95327275103541, -87.76715015131407)"
WESTERN AND CERMAK,1003,2400 W CERMAK ROAD,01/06/2017,2,1160678.000607329,1889375.645335924,41.852141307,-87.685752642,"(41.85214130680468, -87.6857526415569)"
WESTERN AND 79TH,2481,7900 S WESTERN AVE,01/06/2017,1,1161711.516404028,1852181.685686118,41.750054934,-87.682992203,"(41.750054933649984, -87.68299220290213)"
COTTAGE GROVE AND 71ST,2572,7100 S COTTAGE GROVE,01/06/2017,1,1182746.23698699,1858088.011064538,41.765800351,-87.605729127,"(41.76580035131893, -87.6057291269901)"
FOSTER AND NAGLE,1034,6400 W FOSTER,01/06/2017,1,1132552.893142153,1934229.875527466,41.975762574,-87.787934296,"(41.97576257447203, -87.7879342955108)"
IRVING PARK AND KEDZIE,1353,3200 W IRVING PARK ROAD,01/06/2017,4,1154325.140302006,1926458.463197156,41.954029047,-87.708077494,"(41.95402904691877, -87.70807749383191)"
STONY ISLAND/CORNELL AND 67TH,2731,6700 S CORNELL DRIVE,01/06/2017,8,1188316.454860734,1860851.137456735,41.77325149,-87.5852246,"(41.77325148959568, -87.58522459967712)"
WENTWORTH AND GARFIELD,2261,5500 S WENTWORTH AVEN,01/06/2017,27,,,,,
KIMBALL AND DIVERSEY,1581,2800 N KIMBALL AVENUE,01/06/2017,4,,,,,
WESTERN AND FULLERTON,1671,2400 N WESTERN AVENUE,01/06/2017,13,1159923.309342995,1915897.778561358,41.924935944,-87.687790255,"(41.92493594409127, -87.68779025471278)"
PULASKI AND IRVING PARK,1572,4000 N PULASKI ROAD,01/06/2017,3,1148970.255325552,1926313.600468643,41.953737051,-87.727766612,"(41.95373705144353, -87.72776661179896)"
HALSTED AND 95TH,2582,9500 S HALSTED STREET,03/28/2017,5,1172610.538363645,1841811.61926207,41.721365061,-87.643358042,"(41.72136506078306, -87.64335804234075)"
ASHLAND AND MADISON,1914,1600 W MADISON,01/06/2017,3,1165723.014733182,1900136.515489506,41.881564167,-87.666929463,"(41.8815641670199, -87.66692946294842)"
ASHLAND AND LAWRENCE,1143,1600 W LAWRENCE AVENUE,01/06/2017,2,1164771.946929007,1931988.254061312,41.968987457,-87.669516307,"(41.96898745654617, -87.66951630654926)"
CORTLAND AND ASHLAND,1721,1900 N ASHLAND AVE,01/06/2017,29,1165348.084854857,1912736.454335569,41.916147281,-87.667947354,"(41.91614728095272, -87.66794735350443)"
SACRAMENTO AND LAKE,1821,150 N SACRAMENTO BOUL,01/06/2017,19,1156319.560664766,1900957.489351962,41.884012178,-87.701436479,"(41.88401217771363, -87.7014364786693)"
PULASKI AND DIVISION,1801,1200 N PULASKI ROAD,01/06/2017,2,1149459.590666926,1907723.219884254,41.902713902,-87.726451457,"(41.902713901936174, -87.72645145715836)"
VAN BUREN AND WESTERN,2052,400 S WESTERN AVENUE,01/06/2017,31,1160431.682297829,1898091.942371589,41.876064776,-87.686415631,"(41.87606477642526, -87.68641563098768)"
CICERO AND HARRISON,2023,4800 W HARRISON STREET,01/06/2017,2,1144451.867388303,1896949.561959463,41.873245464,-87.745117179,"(41.873245464379586, -87.7451171788807)"
HALSTED AND FULLERTON,1704,800 W FULLERTON AVENUE,01/06/2017,4,1170525.624723311,1916208.443992778,41.925562791,-87.648823641,"(41.92556279107417, -87.64882364145232)"
STONEY ISLAND AND 79TH,2462,7900 S STONEY ISLAND,01/06/2017,1,1188181.571068297,1852908.934789311,41.751460603,-87.585971993,"(41.75146060316686, -87.5859719929647)"
HALSTED AND NORTH,1764,800 W NORTH AVENUE,01/06/2017,4,1170700.68422007,1910913.190749698,41.91102851,-87.648335806,"(41.91102850981186, -87.64833580602037)"
ROOSEVELT AND HALSTED,2233,800 W ROOSEVELT ROAD,01/06/2017,3,1171199.282357741,1894968.056393724,41.867263098,-87.646972686,"(41.86726309836901, -87.64697268601648)"
CALIFORNIA AND DIVERSEY,1514,2800 W DIVERSEY,01/06/2017,24,1157212.54253358,1918526.674434943,41.932205395,-87.697679244,"(41.93220539506452, -87.6976792438691)"
CANAL AND ROOSEVELT,2294,500 W ROOSEVELT ROAD,01/06/2017,19,1173290.72186561,1895021.166235495,41.867362693,-87.639293195,"(41.867362692616666, -87.63929319464197)"
31ST ST AND MARTIN LUTHER KING DRIVE,2123,400 E 31ST STREET,01/06/2017,8,1179437.985396417,1884565.84226022,41.838534018,-87.617046113,"(41.838534018118914, -87.61704611345726)"
ASHLAND AND MADISON,1911,0 N ASHLAND AVE,01/06/2017,7,,,,,
WESTERN AND CHICAGO,1943,2400 W CHICAGO AVE,01/06/2017,1,1160226.686812944,1905300.904544474,41.895851041,-87.686968935,"(41.895851041123755, -87.68696893468467)"
111TH AND HALSTED,2422,11100 S HALSTED ST,01/06/2017,5,1172923.657689312,1831209.044179248,41.692263123,-87.642522688,"(41.692263123425136, -87.6425226876268)"
HARLEM AND BELMONT,1394,7200 W BELMONT AVE,01/06/2017,4,1127504.698153561,1920475.415440844,41.938105479,-87.806809552,"(41.93810547939496, -87.80680955240743)"
HALSTED AND FULLERTON,1701,2400 N HALSTED STREET,01/06/2017,1,1170501.602639925,1916200.061550148,41.925540315,-87.648912156,"(41.925540315431995, -87.64891215551155)"
75TH AND STATE,2621,7500 S STATE STREET,01/06/2017,14,1177538.763040612,1855235.551345519,41.758092176,-87.624902228,"(41.75809217638291, -87.6249022282473)"
LASALLE AND KINZIE,1923,140 W KINZIE,01/06/2017,2,1175048.09765242,1903028.894760294,41.889297219,-87.632601648,"(41.88929721947309, -87.63260164817305)"
KEDZIE AND 26TH,2382,2600 S KEDZIE AVENUE,01/06/2017,4,1155404.235510285,1886524.460033054,41.844424831,-87.705185452,"(41.84442483084393, -87.70518545233183)"
LAKE SHORE DR AND BELMONT,1413,400 W BELMONT AVE,03/28/2017,39,1172981.744869382,1921577.376128802,41.940241193,-87.639639114,"(41.94024119325571, -87.63963911427594)"
CENTRAL AND DIVERSEY,1644,5600 W DIVERSEY AVENUE,01/06/2017,1,1138539.758528398,1918097.096677271,41.931385977,-87.766310532,"(41.93138597683265, -87.76631053155157)"
ELSTON AND LAWRENCE,1284,4440 W LAWRENCE AVENUE,01/06/2017,5,1145715.061027481,1931571.0474838,41.968226398,-87.739599251,"(41.96822639754791, -87.73959925065756)"
CICERO AND I55,2252,4200 S CICERO AVENUE,01/06/2017,2,1145023.742859509,1876358.276835519,41.816729387,-87.743536712,"(41.81672938674739, -87.74353671247594)"
WESTERN AND DEVON,1212,6400 N WESTERN AVENUE,01/06/2017,4,1159113.585759434,1942451.622367891,41.997817807,-87.690033035,"(41.997817807026, -87.69003303469276)"
IRVING PARK AND KILPATRICK,2763,4700 W IRVING PARK ROA,01/05/2017,4,,,,,
STONY ISLAND/CORNELL AND 67TH,2721,6700 S STONY ISLAND A,01/06/2017,7,1187984.143047539,1860863.338367666,41.773292896,-87.586442368,"(41.77329289585066, -87.58644236831432)"
STATE AND 79TH,2651,7900 S STATE STREET,01/06/2017,7,1177618.166929966,1852621.870232838,41.750918138,-87.624690123,"(41.7509181383154, -87.62469012251644)"
STONEY ISLAND AND 76TH,2631,7600 S STONY ISLAND A,01/06/2017,16,1188092.796191935,1854889.354158304,41.756897173,-87.586234285,"(41.75689717260223, -87.58623428506996)"
CICERO AND WASHINGTON,1892,100 N CICERO AVENUE,01/06/2017,4,1144328.984091479,1900095.170838459,41.88187971,-87.745489247,"(41.88187970991601, -87.7454892473012)"
IRVING PARK AND NARRAGANSETT,1024,6400 W IRVING PK,01/06/2017,2,1132945.939118726,1925946.304925137,41.953024751,-87.786683238,"(41.95302475075328, -87.78668323766634)"
KEDZIE AND 26TH,2381,2600 S KEDZIE AVENUE,01/06/2017,4,1155404.235510285,1886524.460033054,41.844424831,-87.705185452,"(41.84442483084393, -87.70518545233183)"
HAMLIN AND LAKE,1881,300 N HAMLIN AVENUE,01/06/2017,12,1150970.026856642,1901381.688308858,41.885282636,-87.721069539,"(41.88528263580913, -87.72106953854511)"
ASHLAND AND 87TH,2452,8700 S ASHLAND AVE,01/06/2017,7,1167150.470087748,1846991.212339794,41.735696989,-87.663209544,"(41.73569698863625, -87.66320954445679)"
HAMLIN AND MADISON,1901,0 N HAMLIN BOULEVARD,01/06/2017,4,,,,,
HAMLIN AND LAKE,1882,300 N HAMLIN AVENUE,01/06/2017,2,1150970.026856642,1901381.688308858,41.885282636,-87.721069539,"(41.88528263580913, -87.72106953854511)"
PULASKI AND FOSTER,1104,4000 W FOSTER AVE,01/06/2017,5,1148759.16134887,1934294.249006446,41.975640616,-87.728335469,"(41.975640616231914, -87.72833546926573)"
MONTROSE AND WESTERN,1221,4400 N WESTERN AVENUE,11/21/2016,7,1159539.733234718,1929183.918095502,41.961401846,-87.688832623,"(41.961401846278505, -87.6888326227788)"
SHERIDAN AND FOSTER,1132,5200 N SHERIDAN ROAD,01/06/2017,3,1168661.623718229,1934753.842272756,41.976492721,-87.655133605,"(41.97649272077833, -87.65513360456677)"
LAKE SHORE DR AND BELMONT,1413,400 W BELMONT AVE,02/11/2015,27,1172981.744869382,1921577.376128802,41.940241193,-87.639639114,"(41.94024119325571, -87.63963911427594)"
ROOSEVELT AND HALSTED,2234,800 W ROOSEVELT ROAD,01/06/2017,5,1171199.282357741,1894968.056393724,41.867263098,-87.646972686,"(41.86726309836901, -87.64697268601648)"
HALSTED AND 103RD,2592,10300 S HALSTED STREE,01/06/2017,6,,,,,
115TH AND HALSTED,2553,800 W 115TH STREET,03/20/2017,3,1173010.735357888,1828632.242070332,41.685190056,-87.642279564,"(41.68519005571938, -87.64227956401977)"
IRVING PARK AND KEDZIE,1354,3200 W IRVING PARK ROAD,01/06/2017,9,1154325.140302006,1926458.463197156,41.954029047,-87.708077494,"(41.95402904691877, -87.70807749383191)"
KEDZIE AND 31ST,2134,3200 W 31ST STREET,01/06/2017,3,1155487.128005646,1883943.061106793,41.8373395,-87.704950558,"(41.83733950029648, -87.70495055800411)"
CICERO AND ARMITAGE,2003,4800 W ARMITAGE AVENUE,01/06/2017,1,1144054.25126508,1912907.00926109,41.917041992,-87.746176095,"(41.91704199201953, -87.74617609464687)"
WESTERN AND CERMAK,1002,2200 S WESTERN AVENUE,03/28/2017,1,1160669.42562757,1889318.196820393,41.85198384,-87.685785704,"(41.85198383957328, -87.68578570420526)"
CALIFORNIA AND PETERSON,1313,2800 W PETERSON AVENUE,01/06/2017,4,1156569.515341857,1939784.830544118,41.990552082,-87.699464396,"(41.990552081681564, -87.69946439622785)"
4700 WESTERN,2141,4700 S WESTERN AVENUE,01/06/2017,7,1161120.438879703,1873431.066474726,41.808378408,-87.684570717,"(41.808378407946726, -87.68457071689552)"
55TH AND KEDZIE,2163,3200 W 55TH STREET,01/06/2017,1,1155966.956993183,1868015.593764152,41.793622803,-87.703618141,"(41.79362280329978, -87.70361814062049)"
PULASKI AND ARCHER,2153,5000 S ARCHER AVE,01/06/2017,3,1150501.818909837,1871162.311703322,41.802365973,-87.723576766,"(41.80236597333895, -87.72357676611004)"
IRVING PARK AND CALIFORNIA,1234,2800 W IRVING PARK ROA,01/06/2017,11,,,,,
CLARK AND IRVING PARK,1093,1300 W IRVING PARK ROAD,01/06/2017,7,1166777.545456989,1926719.73687357,41.954487567,-87.662293496,"(41.95448756687966, -87.66229349585691)"
CALIFORNIA AND PETERSON,1311,6000 N CALIFORNIA AVE,01/06/2017,1,1156545.742699118,1939775.775541795,41.990527717,-87.699552084,"(41.990527717148176, -87.69955208405155)"
WESTERN AND ADDISON,1562,3600 N WESTERN AVENUE,01/06/2017,6,1159695.573342728,1923871.086283556,41.94681992,-87.688406662,"(41.94681991986288, -87.68840666206194)"
ASHLAND AND FULLERTON,1651,2400 N ASHLAND AVENUE,01/06/2017,3,1165228.073342838,1916032.319169157,41.92519389,-87.668294363,"(41.92519388981048, -87.66829436339881)"
35TH AND WESTERN,2092,3500 S WESTERN,03/28/2017,2,1160894.949857101,1881376.851112895,41.830187255,-87.685177925,"(41.83018725526863, -87.68517792510231)"
LAFAYETTE AND 87TH,2503,30 W 87TH STREET,01/06/2017,7,1177407.651800237,1847320.772058312,41.736376037,-87.625621311,"(41.736376036604916, -87.62562131092602)"
111TH AND HALSTED,2424,800 W 111TH ST,01/06/2017,1,1172945.404219168,1831282.917027882,41.692465363,-87.642440901,"(41.692465363421874, -87.64244090105778)"
ASHLAND AND IRVING PARK,1151,4000 N ASHLAND AVENUE,01/06/2017,6,1164899.463802581,1926665.661118925,41.954379326,-87.66919912,"(41.954379326212695, -87.66919911980419)"
DAMEN AND 63RD,2702,6300 S DAMEN AVENUE,01/06/2017,1,1164069.407943298,1862830.277442834,41.779226921,-87.674052731,"(41.77922692069256, -87.67405273137854)"
CORTLAND AND ASHLAND,1723,1600 W CORTLAND ST,01/06/2017,4,1165377.660768235,1912768.773647285,41.916235337,-87.667837772,"(41.91623533746878, -87.66783777212962)"
CICERO AND PETERSON,1204,4800 W PETERSON AVENUE,01/06/2017,1,1143273.766829016,1939491.944645127,41.990008007,-87.748376951,"(41.99000800729908, -87.74837695118997)"
CENTRAL AND IRVING PARK,1183,5600 W IRVING PARK ROAD,01/06/2017,2,1138281.535484986,1926078.647777633,41.953292847,-87.767065708,"(41.953292847298, -87.76706570775266)"
SACRAMENTO AND LAKE,1822,150 N SACRAMENTO BOUL,01/06/2017,4,1156319.560664766,1900957.489351962,41.884012178,-87.701436479,"(41.88401217771363, -87.7014364786693)"
STONEY ISLAND AND 79TH,2464,1600 E 79TH ST,01/06/2017,4,1188284.704439907,1852964.829047574,41.751611523,-87.585592284,"(41.75161152327319, -87.58559228428787)"
79TH AND HALSTED,2543,800 W 79TH STREET,01/06/2017,1,1172320.105719411,1852517.9814434,41.750751157,-87.644107793,"(41.75075115747316, -87.64410779300933)"
IRVING PARK AND LARAMIE,1533,5200 W IRVING PARK ROA,01/06/2017,1,,,,,
BROADWAY/SHERIDAN AND DEVON,1123,1200 W DEVON AVE,01/06/2017,1,1167109.644248166,1942688.147952186,41.998298228,-87.660611661,"(41.99829822771884, -87.66061166063517)"
CICERO AND CHICAGO,1781,800 N CICERO AVENUE,01/06/2017,3,1144169.162482127,1904893.189220372,41.895049038,-87.745955516,"(41.89504903796389, -87.74595551626888)"
PULASKI AND DIVERSEY,1543,4000 W DIVERSEY AVENUE,03/28/2017,6,1149206.496130705,1918356.569267582,41.931897723,-87.72710503,"(41.9318977231462, -87.72710503045386)"
IRVING PARK AND KILPATRICK,2763,4700 W IRVING PARK ROA,01/06/2017,4,,,,,
STATE AND 79TH,2654,1 E 79TH STREET,01/06/2017,33,1177680.113652821,1852598.313477786,41.750852096,-87.624463832,"(41.75085209551078, -87.62446383210285)"
HAMLIN AND MADISON,1903,3800 W MADISON STREET,01/06/2017,12,1151032.709141294,1899784.033986533,41.880897273,-87.720881226,"(41.880897273491264, -87.72088122613924)"
CICERO AND I55,2251,4200 S CICERO AVENUE,01/06/2017,101,1145023.742859509,1876358.276835519,41.816729387,-87.743536712,"(41.81672938674739, -87.74353671247594)"
ASHLAND AND FULLERTON,1652,2400 N ASHLAND AVENUE,01/06/2017,7,1165228.073342838,1916032.319169157,41.92519389,-87.668294363,"(41.92519388981048, -87.66829436339881)"
CENTRAL AND DIVERSEY,1642,2800 N CENTRAL AVENUE,01/06/2017,2,1138516.407377375,1918089.499227987,41.931365552,-87.766396529,"(41.93136555236339, -87.76639652879172)"
ELSTON AND IRVING PARK,1503,3700 W IRVING PARK ROA,01/06/2017,3,,,,,
FOSTER AND BROADWAY,1111,5200 N BROADWAY ST,01/06/2017,2,1167334.508577915,1934714.008346532,41.976412143,-87.660015082,"(41.97641214294823, -87.66001508205365)"
79TH AND HALSTED,2543,800 W 79TH STREET,03/20/2017,4,1172320.105719411,1852517.9814434,41.750751157,-87.644107793,"(41.75075115747316, -87.64410779300933)"
BELMONT AND KEDZIE,1372,3200 N KEDZIE AVE,01/06/2017,14,1154426.977874407,1921110.466549542,41.93935173,-87.707846594,"(41.93935173030961, -87.70784659359776)"
HALSTED AND 95TH,2581,9500 S HALSTED STREET,01/06/2017,7,1172610.538363645,1841811.61926207,41.721365061,-87.643358042,"(41.72136506078306, -87.64335804234075)"
CENTRAL AND FULLERTON,1444,5600 W FULLERTON AVENU,01/06/2017,1,1138627.279189421,1915438.969256439,41.924090199,-87.76605353,"(41.92409019883488, -87.76605353016079)"
CHICAGO AND CLARK,1964,100 W CHICAGO AVENUE,01/06/2017,8,1175374.528739575,1905745.47783364,41.896744347,-87.631321248,"(41.896744346875806, -87.63132124815151)"
79TH AND HALSTED,2541,7900 S HALSTED STREET,01/06/2017,4,1172298.707400847,1852444.344822186,41.750549559,-87.644188368,"(41.750549559438944, -87.64418836784098)"
FULLERTON AND NARRAGANSETT,1553,6400 W FULLERTON AVENU,01/06/2017,1,1133317.594499059,1915293.661305931,41.923786189,-87.785567206,"(41.92378618871128, -87.78556720562165)"
WESTERN AND 71ST,2614,2400 W 71ST STREET,01/06/2017,2,1161584.506819846,1857557.788853485,41.764810388,-87.683308769,"(41.76481038827884, -87.68330876944678)"
WESTERN AND 71ST,2612,7100 S WESTERN AVENUE,01/06/2017,4,1161563.704681724,1857484.211306323,41.764608912,-87.683387053,"(41.76460891223613, -87.68338705328121)"
MILWAUKEE AND MONTROSE,1362,4400 N MILWAUKEE AVEN,02/11/2015,2,1141643.943268783,1928770.256316239,41.96061723,-87.75463824,"(41.9606172296957, -87.75463824007085)"
HALSTED AND MADISON,1871,1 S HALSTED STREET,01/06/2017,7,1171092.392868784,1900234.542088741,41.881717056,-87.647210539,"(41.88171705561901, -87.64721053920604)"
WESTERN AND NORTH,1851,1600 N WESTERN AVE,01/06/2017,7,1160077.474351131,1910605.013316134,41.910409024,-87.687370268,"(41.91040902362901, -87.687370268401)"
119TH AND HALSTED,2402,11900 S HALSTED,02/11/2015,3,1173094.774616191,1825911.054609338,41.677720829,-87.642051845,"(41.67772082924762, -87.64205184498218)"
LASALLE AND KINZIE,1921,400 N LASALLE,01/06/2017,4,1175028.579766798,1903002.552291359,41.889225372,-87.632674115,"(41.88922537162015, -87.63267411498495)"
HALSTED AND MADISON,1871,1 S HALSTED STREET,03/28/2017,9,1171092.392868784,1900234.542088741,41.881717056,-87.647210539,"(41.88171705561901, -87.64721053920604)"
ROOSEVELT AND PULASKI,2311,1200 S PULASKI ROAD,11/21/2016,6,1149866.002247864,1894375.839200384,41.866079337,-87.725305995,"(41.86607933722178, -87.7253059948758)"
119TH AND HALSTED,2402,11900 S HALSTED,01/06/2017,5,1173094.774616191,1825911.054609338,41.677720829,-87.642051845,"(41.67772082924762, -87.64205184498218)"
CICERO AND FULLERTON,1472,2400 N CICERO AVE,01/06/2017,6,1143961.592189569,1915545.343094087,41.92428359,-87.74645019,"(41.92428358982701, -87.74645019028947)"
CENTRAL AND LAKE,1742,400 N CENTRAL AVENUE,03/28/2017,3,1138928.478257537,1902217.926149854,41.887804621,-87.765268498,"(41.88780462053497, -87.76526849810371)"
KOSTNER AND NORTH,2013,4400 W NORTH,01/06/2017,5,1146738.551618032,1910309.595368032,41.909863573,-87.736380296,"(41.90986357340246, -87.73638029605371)"
CANAL AND ROOSEVELT,2291,1200 S CANAL STREET,01/06/2017,8,1173268.771030949,1894952.634878732,41.867175125,-87.639375813,"(41.86717512472001, -87.63937581258092)"
WESTERN AND TOUHY,1251,7200 N WESTERN AVENUE,01/06/2017,1,1158975.66256211,1947754.286963361,42.012371335,-87.690393917,"(42.012371334791766, -87.69039391737863)"
HOLLYWOOD AND SHERIDAN,1343,1000 W HOLLYWOOD AVE,01/06/2017,6,1168580.228926466,1938090.295189338,41.985649799,-87.655335807,"(41.98564979859328, -87.65533580655139)"
DIVERSEY AND AUSTIN,1454,6000 W DIVERSEY AVENUE,01/06/2017,1,1135895.736169343,1918029.70673837,41.931248624,-87.776028612,"(41.931248623643455, -87.77602861172493)"
63RD AND STATE,2712,6300 S STATE ST,01/06/2017,7,1177303.801895084,1863220.216755923,41.780008277,-87.625522512,"(41.78000827740796, -87.6255225119157)"
KEDZIE AND ARMITAGE,1832,2000 N KEDZIE AVENUE,01/06/2017,8,1154684.031809326,1913129.496340896,41.917446172,-87.707116072,"(41.91744617191702, -87.70711607187832)"
ROOSEVELT AND PULASKI,2314,4000 W ROOSEVELT ROAD,01/06/2017,6,1149885.032049683,1894449.464076882,41.866281003,-87.72523422,"(41.866281002664536, -87.72523421983905)"
CICERO AND ADDISON,1611,3600 N CICERO AVENUE,01/06/2017,4,1143698.904601495,1923517.005821035,41.946163524,-87.747215169,"(41.94616352362556, -87.74721516897007)"
63RD AND STATE,2714,1 E 63RD ST,01/05/2017,15,1177367.518733101,1863199.17768559,41.779949105,-87.625289553,"(41.779949104569106, -87.62528955333775)"
75TH AND STATE,2624,1 E 75TH STREET,03/28/2017,11,1177601.72646404,1855229.486604181,41.758074111,-87.624671658,"(41.75807411097799, -87.62467165835182)"
STONEY ISLAND AND 76TH,2632,7600 S STONY ISLAND A,01/06/2017,11,1188092.796191935,1854889.354158304,41.756897173,-87.586234285,"(41.75689717260223, -87.58623428506996)"
IRVING PARK AND CALIFORNIA,1233,2800 W IRVING PARK ROA,01/06/2017,1,,,,,
79TH AND HALSTED,2541,7900 S HALSTED STREET,03/20/2017,6,1172298.707400847,1852444.344822186,41.750549559,-87.644188368,"(41.750549559438944, -87.64418836784098)"
CICERO AND NORTH,2033,4800 W NORTH AVENUE,01/06/2017,2,1144053.733747163,1910243.80567041,41.90973389,-87.746244973,"(41.909733890131285, -87.74624497295898)"
MILWAUKEE AND DEVON,1272,6400 N MILWAUKEE AVEN,01/06/2017,3,1132463.750397878,1942107.911507627,41.997382173,-87.788077674,"(41.99738217345368, -87.78807767391953)"
LAWRENCE AND WESTERN,1193,2400 W LAWRENCE AVENUE,01/06/2017,4,1159482.648570304,1931851.989492596,41.968724349,-87.688968727,"(41.96872434882172, -87.68896872699601)"
CICERO AND 47TH,2202,4700 S CICERO AVE,01/06/2017,1,1145112.150373471,1873006.659918126,41.807530373,-87.743296821,"(41.80753037289406, -87.7432968212423)"
ROOSEVELT AND KOSTNER,2321,1200 S KOSTNER,01/06/2017,4,1147196.304001978,1894305.883269746,41.865938839,-87.735108549,"(41.8659388389088, -87.73510854901264)"
CHICAGO AND CLARK,1963,100 W CHICAGO AVENUE,01/06/2017,4,1175374.528739575,1905745.47783364,41.896744347,-87.631321248,"(41.896744346875806, -87.63132124815151)"
KOSTNER AND NORTH,2013,4400 W NORTH,02/11/2015,4,1146738.551618032,1910309.595368032,41.909863573,-87.736380296,"(41.90986357340246, -87.73638029605371)"
LARAMIE AND FULLERTON,1421,2400 N LARAMIE AVENUE,01/06/2017,2,1141282.877477884,1915479.163971956,41.924151874,-87.756294662,"(41.92415187425276, -87.75629466175003)"
DAMEN AND 63RD,2702,6300 S DAMEN AVENUE,03/28/2017,3,1164069.407943298,1862830.277442834,41.779226921,-87.674052731,"(41.77922692069256, -87.67405273137854)"
BROADWAY/SHERIDAN AND DEVON,1122,6400 N SHERIDAN ROAD,01/06/2017,2,1167087.151194129,1942658.704988689,41.998217921,-87.660695256,"(41.99821792053241, -87.6606952555721)"
119TH AND HALSTED,2404,800 W 119TH STREET,03/28/2017,3,1173111.174088158,1825985.001014405,41.677923389,-87.641989646,"(41.677923389134385, -87.64198964584013)"
KEDZIE AND 71ST,2354,3200 W 71ST STREET,01/06/2017,2,1156246.862901455,1857404.014959868,41.764497433,-87.702877023,"(41.76449743256955, -87.70287702335861)"
CLARK AND FULLERTON,1632,2400 N CLARK ST,01/06/2017,2,1172749.562209477,1916238.997132859,41.925597623,-87.640650973,"(41.925597623023144, -87.64065097309872)"
111TH AND HALSTED,2424,800 W 111TH ST,03/20/2017,2,1172945.404219168,1831282.917027882,41.692465363,-87.642440901,"(41.692465363421874, -87.64244090105778)"
ROOSEVELT AND PULASKI,2311,1200 S PULASKI ROAD,01/06/2017,6,1149866.002247864,1894375.839200384,41.866079337,-87.725305995,"(41.86607933722178, -87.7253059948758)"
KEDZIE AND ARMITAGE,1834,3200 W ARMITAGE AVENUE,01/06/2017,2,1154700.851347995,1913153.252187904,41.917511023,-87.707053639,"(41.91751102291878, -87.7070536388797)"
HARLEM AND BELMONT,1391,3200 N HARLEM AVE,01/06/2017,4,1127481.020995451,1920467.613239239,41.938084468,-87.806896749,"(41.93808446822169, -87.80689674887883)"
WESTERN AND MARQUETTE,2672,6700 S WESTERN AVENUE,04/03/2017,5,1161488.747635042,1860134.788366884,41.771884028,-87.683588402,"(41.77188402771193, -87.68358840206334)"
4700 WESTERN,2142,4700 S WESTERN AVENUE,01/06/2017,2,1161120.438879703,1873431.066474726,41.808378408,-87.684570717,"(41.808378407946726, -87.68457071689552)"
CICERO AND CHICAGO,1783,4800 W CHICAGO AVENUE,02/11/2015,3,1144175.291152764,1904916.255225279,41.895112219,-87.745932427,"(41.89511221857764, -87.74593242701515)"
HALSTED AND 103RD,2593,800 W 103RD STREET,01/06/2017,1,1172778.570616036,1836587.755252818,41.70702632,-87.642896007,"(41.707026319812215, -87.64289600741817)"
PULASKI AND NORTH,1994,4000 W NORTH AVENUE,01/06/2017,2,1149456.2688422,1910376.774019002,41.909995582,-87.726394693,"(41.90999558160536, -87.72639469321471)"
75TH AND STATE,2624,1 E 75TH STREET,01/06/2017,15,1177601.72646404,1855229.486604181,41.758074111,-87.624671658,"(41.75807411097799, -87.62467165835182)"
LARAMIE AND MADISON,2043,5200 W MADISON STREET,02/04/2017,2,1141706.965522802,1899567.55684314,41.880480752,-87.755130433,"(41.88048075170171, -87.75513043296509)"
KEDZIE AND 47TH,2104,3200 W 47TH ST,02/04/2017,1,1155815.231505056,1873336.169728074,41.808226246,-87.704031672,"(41.808226246244026, -87.70403167215984)"
4700 WESTERN,2141,4700 S WESTERN AVENUE,02/04/2017,5,1161120.438879703,1873431.066474726,41.808378408,-87.684570717,"(41.808378407946726, -87.68457071689552)"
DIVERSEY AND AUSTIN,1453,6000 W DIVERSEY AVENUE,02/04/2017,1,1135895.736169343,1918029.70673837,41.931248624,-87.776028612,"(41.931248623643455, -87.77602861172493)"
CICERO AND PETERSON,1202,6000 N CICERO AVENUE,02/04/2017,2,1143247.733553094,1939479.342905704,41.989973915,-87.748473024,"(41.98997391514614, -87.74847302426933)"
ASHLAND AND IRVING PARK,1151,4000 N ASHLAND AVENUE,02/04/2017,4,1164899.463802581,1926665.661118925,41.954379326,-87.66919912,"(41.954379326212695, -87.66919911980419)"
71ST AND ASHLAND,2391,7100 S ASHLAND,02/04/2017,5,1166868.379865725,1857616.168087255,41.764859382,-87.663940176,"(41.764859382425385, -87.66394017630476)"
KIMBALL AND DIVERSEY,1583,3400 W DIVERSEY AVENUE,02/04/2017,7,1153211.149172713,1918454.477800566,41.932087747,-87.71238583,"(41.932087747378944, -87.71238582951281)"
HAMLIN AND LAKE,1882,300 N HAMLIN AVENUE,02/04/2017,1,1150970.026856642,1901381.688308858,41.885282636,-87.721069539,"(41.88528263580913, -87.72106953854511)"
ELSTON AND IRVING PARK,1503,3700 W IRVING PARK ROA,03/28/2017,5,,,,,
SACRAMENTO AND LAKE,1821,150 N SACRAMENTO BOUL,01/07/2017,11,1156319.560664766,1900957.489351962,41.884012178,-87.701436479,"(41.88401217771363, -87.7014364786693)"
PULASKI AND PETERSON,1263,4000 W PETERSON AVENUE,01/07/2017,7,1148618.560490339,1939615.133928395,41.990244186,-87.728714391,"(41.99024418564742, -87.7287143910091)"
BELMONT AND KEDZIE,1373,3200 W BELMONT,01/07/2017,4,1154461.587940363,1921143.091003516,41.939440561,-87.707718516,"(41.93944056117365, -87.70771851630873)"
LARAMIE AND MADISON,2044,5200 W MADISON STREET,01/07/2017,2,1141706.965522802,1899567.55684314,41.880480752,-87.755130433,"(41.88048075170171, -87.75513043296509)"
PERSHING AND WESTERN,2114,2400 W PERSHING ROAD,01/07/2017,2,1160957.773623189,1878793.434193427,41.82309676,-87.685018951,"(41.82309676016606, -87.68501895061576)"
CALIFORNIA AND DEVON,1323,2800 W DEVON AVENUE,01/07/2017,3,1156484.528078038,1942377.980662191,41.997669523,-87.699706423,"(41.99766952286052, -87.69970642324591)"
PULASKI AND ARCHER,2154,5000 S ARCHER AVE,02/11/2015,2,1150501.818909837,1871162.311703322,41.802365973,-87.723576766,"(41.80236597333895, -87.72357676611004)"
CICERO AND ARMITAGE,2003,4800 W ARMITAGE AVENUE,01/07/2017,1,1144054.25126508,1912907.00926109,41.917041992,-87.746176095,"(41.91704199201953, -87.74617609464687)"
CICERO AND 47TH,2202,4700 S CICERO AVE,01/07/2017,1,1145112.150373471,1873006.659918126,41.807530373,-87.743296821,"(41.80753037289406, -87.7432968212423)"
MILWAUKEE AND DEVON,1274,6400 W DEVON AVENUE,01/07/2017,9,1132590.619798275,1942138.532048656,41.997463981,-87.787610243,"(41.99746398102873, -87.78761024341388)"
IRVING PARK AND KILPATRICK,2763,4700 W IRVING PARK ROA,01/07/2017,4,,,,,
HAMLIN AND LAKE,1882,300 N HAMLIN AVENUE,04/03/2017,1,1150970.026856642,1901381.688308858,41.885282636,-87.721069539,"(41.88528263580913, -87.72106953854511)"
WESTERN AND FOSTER,1074,2400 W FOSTER AVE,01/07/2017,7,1159379.402846887,1934502.712486132,41.97600019,-87.689275084,"(41.97600018976586, -87.68927508385399)"
WESTERN AND 71ST,2612,7100 S WESTERN AVENUE,01/07/2017,4,1161563.704681724,1857484.211306323,41.764608912,-87.683387053,"(41.76460891223613, -87.68338705328121)"
TOUHY AND OSCEOLA,1243,7432 W TOUHY AVENUE,01/07/2017,1,1125717.010560011,1947269.685461107,42.011661765,-87.812781431,"(42.01166176507329, -87.81278143114147)"
WESTERN AND ADDISON,1562,3600 N WESTERN AVENUE,01/07/2017,7,1159695.573342728,1923871.086283556,41.94681992,-87.688406662,"(41.94681991986288, -87.68840666206194)"
WESTERN AND NORTH,1853,2400 W NORTH AVE,01/07/2017,3,1160100.839010995,1910612.783367238,41.910429862,-87.687284221,"(41.91042986235867, -87.68728422050837)"
PULASKI AND ARCHER,2153,5000 S ARCHER AVE,01/07/2017,3,1150501.818909837,1871162.311703322,41.802365973,-87.723576766,"(41.80236597333895, -87.72357676611004)"
31ST ST AND MARTIN LUTHER KING DRIVE,2121,3100 S DR MARTIN L KING,01/07/2017,4,,,,,
CLARK AND FULLERTON,1632,2400 N CLARK ST,03/28/2017,1,1172749.562209477,1916238.997132859,41.925597623,-87.640650973,"(41.925597623023144, -87.64065097309872)"
COTTAGE GROVE AND 71ST,2572,7100 S COTTAGE GROVE,02/11/2015,1,1182746.23698699,1858088.011064538,41.765800351,-87.605729127,"(41.76580035131893, -87.6057291269901)"
CICERO AND CHICAGO,1781,800 N CICERO AVENUE,01/07/2017,4,1144169.162482127,1904893.189220372,41.895049038,-87.745955516,"(41.89504903796389, -87.74595551626888)"
STONEY ISLAND AND 79TH,2462,7900 S STONEY ISLAND,03/28/2017,2,1188181.571068297,1852908.934789311,41.751460603,-87.585971993,"(41.75146060316686, -87.5859719929647)"
PULASKI AND FOSTER,1102,5200 N PULASKI RD,01/07/2017,3,1148746.251286324,1934286.914361976,41.97562074,-87.728383135,"(41.97562073966174, -87.72838313514907)"
IRVING PARK AND KEDZIE,1353,3200 W IRVING PARK ROAD,01/07/2017,5,1154325.140302006,1926458.463197156,41.954029047,-87.708077494,"(41.95402904691877, -87.70807749383191)"
ASHLAND AND 95TH,2472,9500 S ASHLAND AVENUE,12/28/2016,5,1167295.830128711,1841695.121217916,41.721160612,-87.662828139,"(41.72116061205213, -87.66282813939165)"
CALIFORNIA AND PETERSON,1311,6000 N CALIFORNIA AVE,01/07/2017,1,1156545.742699118,1939775.775541795,41.990527717,-87.699552084,"(41.990527717148176, -87.69955208405155)"
LARAMIE AND FULLERTON,1424,5200 W FULLERTON AVENUE,01/07/2017,5,1141305.554932016,1915502.611239048,41.924215797,-87.756210755,"(41.92421579723144, -87.75621075458939)"
CICERO AND CHICAGO,1783,4800 W CHICAGO AVENUE,01/07/2017,5,1144175.291152764,1904916.255225279,41.895112219,-87.745932427,"(41.89511221857764, -87.74593242701515)"
PULASKI AND DIVERSEY,1542,2800 N PULASKI ROAD,01/07/2017,2,1149200.724531183,1918332.222549679,41.931831026,-87.727126873,"(41.93183102561505, -87.72712687300454)"
WESTERN AND FULLERTON,1672,2400 N WESTERN AVENUE,01/07/2017,1,1159923.309342995,1915897.778561358,41.924935944,-87.687790255,"(41.92493594409127, -87.68779025471278)"
CANAL AND ROOSEVELT,2294,500 W ROOSEVELT ROAD,01/07/2017,7,1173290.72186561,1895021.166235495,41.867362693,-87.639293195,"(41.867362692616666, -87.63929319464197)"
WESTERN AND NORTH,1851,1600 N WESTERN AVE,01/07/2017,7,1160077.474351131,1910605.013316134,41.910409024,-87.687370268,"(41.91040902362901, -87.687370268401)"
CICERO AND NORTH,2033,4800 W NORTH AVENUE,01/07/2017,2,1144053.733747163,1910243.80567041,41.90973389,-87.746244973,"(41.909733890131285, -87.74624497295898)"
DAMEN AND DIVERSEY,1464,2000 W DIVERSEY PARKWAY,01/07/2017,8,1162519.714934025,1918635.417634925,41.932394164,-87.678173031,"(41.93239416403691, -87.67817303087757)"
ASHLAND AND DIVISION,1791,1200 N ASHLAND AVENUE,01/07/2017,14,1165466.997046718,1908083.767015974,41.903377468,-87.667643142,"(41.903377467566784, -87.66764314227497)"
111TH AND HALSTED,2424,800 W 111TH ST,01/07/2017,1,1172945.404219168,1831282.917027882,41.692465363,-87.642440901,"(41.692465363421874, -87.64244090105778)"
ROOSEVELT AND KOSTNER,2323,4400 W ROOSEVELT,01/07/2017,1,1147200.963258796,1894379.538078088,41.866140868,-87.73508956,"(41.866140867641654, -87.73508956008207)"
SACRAMENTO AND CHICAGO,1814,3000 W CHICAGO AVENUE,01/07/2017,4,1156075.266375505,1905216.604770718,41.895704525,-87.702218524,"(41.895704524946225, -87.70221852353758)"
ROOSEVELT AND KOSTNER,2321,1200 S KOSTNER,01/07/2017,4,1147196.304001978,1894305.883269746,41.865938839,-87.735108549,"(41.8659388389088, -87.73510854901264)"
WESTERN AND MARQUETTE,2672,6700 S WESTERN AVENUE,03/28/2017,1,1161488.747635042,1860134.788366884,41.771884028,-87.683588402,"(41.77188402771193, -87.68358840206334)"
79TH AND KEDZIE,2443,3200 W 79TH ST,03/20/2017,1,1156402.644780165,1852104.649370984,41.749952001,-87.702448478,"(41.74995200142266, -87.70244847808695)"
CALIFORNIA AND PETERSON,1313,2800 W PETERSON AVENUE,01/07/2017,3,1156569.515341857,1939784.830544118,41.990552082,-87.699464396,"(41.990552081681564, -87.69946439622785)"
DAMEN AND 63RD,2702,6300 S DAMEN AVENUE,01/07/2017,4,1164069.407943298,1862830.277442834,41.779226921,-87.674052731,"(41.77922692069256, -87.67405273137854)"
SACRAMENTO AND LAKE,1822,150 N SACRAMENTO BOUL,01/07/2017,5,1156319.560664766,1900957.489351962,41.884012178,-87.701436479,"(41.88401217771363, -87.7014364786693)"
PERSHING AND WESTERN,2112,3900 S WESTERN BLVD,03/28/2017,1,1161130.992078755,1878746.226354636,41.822963628,-87.684384785,"(41.82296362788048, -87.68438478541296)"
LASALLE AND KINZIE,1921,400 N LASALLE,01/07/2017,7,1175028.579766798,1903002.552291359,41.889225372,-87.632674115,"(41.88922537162015, -87.63267411498495)"
KEDZIE AND 71ST,2352,7100 S KEDZIE AVENUE,01/07/2017,2,1156225.540366296,1857330.103443232,41.764295037,-87.702957162,"(41.764295036756856, -87.70295716211793)"
KOSTNER AND NORTH,2013,4400 W NORTH,03/28/2017,4,1146738.551618032,1910309.595368032,41.909863573,-87.736380296,"(41.90986357340246, -87.73638029605371)"
CICERO AND NORTH,2033,4800 W NORTH AVENUE,02/11/2015,4,1144053.733747163,1910243.80567041,41.90973389,-87.746244973,"(41.909733890131285, -87.74624497295898)"
KEDZIE AND 26TH,2382,2600 S KEDZIE AVENUE,01/07/2017,2,1155404.235510285,1886524.460033054,41.844424831,-87.705185452,"(41.84442483084393, -87.70518545233183)"
COTTAGE GROVE AND 71ST,2572,7100 S COTTAGE GROVE,01/07/2017,3,1182746.23698699,1858088.011064538,41.765800351,-87.605729127,"(41.76580035131893, -87.6057291269901)"
PULASKI AND ARMITAGE,1843,4000 W ARMITAGE AVENUE,01/07/2017,4,1149375.428872108,1913028.984273181,41.917275069,-87.726622746,"(41.91727506940875, -87.72662274644799)"
WESTERN AND NORTH,1851,1600 N WESTERN AVE,03/28/2017,1,1160077.474351131,1910605.013316134,41.910409024,-87.687370268,"(41.91040902362901, -87.687370268401)"
115TH AND HALSTED,2553,800 W 115TH STREET,02/11/2015,2,1173010.735357888,1828632.242070332,41.685190056,-87.642279564,"(41.68519005571938, -87.64227956401977)"
75TH AND STATE,2624,1 E 75TH STREET,01/07/2017,11,1177601.72646404,1855229.486604181,41.758074111,-87.624671658,"(41.75807411097799, -87.62467165835182)"
LAKE SHORE DR AND BELMONT,1412,3200 N LAKESHORE DRIV,01/07/2017,10,1173053.220555078,1921821.380831705,41.940909163,-87.63936916,"(41.94090916326764, -87.63936915995522)"
CALIFORNIA AND DEVON,1321,6400 N CALIFORNIA AVE,12/24/2016,3,1156461.150245401,1942370.37710537,41.997649133,-87.699792629,"(41.997649133049336, -87.69979262891378)"
CENTRAL AND ADDISON,1683,5600 W ADDISON STREET,01/07/2017,1,1138349.663302502,1923416.02157061,41.945985104,-87.766879952,"(41.94598510430888, -87.76687995165918)"
CICERO AND FULLERTON,1474,4800 W FULLERTON AVE,01/07/2017,4,1143967.570794243,1915568.504954477,41.924347036,-87.74642764,"(41.924347036010694, -87.74642763965628)"
31ST ST AND MARTIN LUTHER KING DRIVE,2123,400 E 31ST STREET,01/07/2017,3,1179437.985396417,1884565.84226022,41.838534018,-87.617046113,"(41.838534018118914, -87.61704611345726)"
IRVING PARK AND KEDZIE,1354,3200 W IRVING PARK ROAD,01/07/2017,12,1154325.140302006,1926458.463197156,41.954029047,-87.708077494,"(41.95402904691877, -87.70807749383191)"
CALIFORNIA AND DIVERSEY,1514,2800 W DIVERSEY,01/07/2017,34,1157212.54253358,1918526.674434943,41.932205395,-87.697679244,"(41.93220539506452, -87.6976792438691)"
IRVING PARK AND CALIFORNIA,1233,2800 W IRVING PARK ROA,12/24/2016,2,,,,,
SHERIDAN AND FOSTER,1134,1000 W FOSTER AVE,01/07/2017,2,1168689.247756979,1934758.578141654,41.976505116,-87.655031882,"(41.97650511595711, -87.65503188224778)"
LARAMIE AND MADISON,2043,5200 W MADISON STREET,01/07/2017,4,1141706.965522802,1899567.55684314,41.880480752,-87.755130433,"(41.88048075170171, -87.75513043296509)"
PERSHING AND WESTERN,2112,3900 S WESTERN BLVD,01/07/2017,6,1161130.992078755,1878746.226354636,41.822963628,-87.684384785,"(41.82296362788048, -87.68438478541296)"
CICERO AND HARRISON,2023,4800 W HARRISON STREET,01/07/2017,2,1144451.867388303,1896949.561959463,41.873245464,-87.745117179,"(41.873245464379586, -87.7451171788807)"
FOSTER AND NAGLE,1031,5200 N NAGLE,01/07/2017,10,1132529.656558223,1934201.702060651,41.97568567,-87.788020406,"(41.97568566971868, -87.78802040620296)"
OGDEN AND KOSTNER,2223,4400 W OGDEN AVENUE,01/07/2017,4,1147406.592439224,1887689.099869462,41.847777523,-87.734505969,"(41.84777752280453, -87.73450596874825)"
COLUMBUS AND ILLINOIS,1952,500 N COLUMBUS DRIVE,01/07/2017,9,1178372.808407292,1903693.06016042,41.891044569,-87.620371839,"(41.891044569124276, -87.620371839074)"
DIVISION AND DAMEN,1734,2000 W DIVISION,01/07/2017,14,1162815.710860194,1908034.672555531,41.903298793,-87.677383247,"(41.903298792681944, -87.67738324739636)"
HALSTED AND MADISON,1871,1 S HALSTED STREET,01/07/2017,6,1171092.392868784,1900234.542088741,41.881717056,-87.647210539,"(41.88171705561901, -87.64721053920604)"
PULASKI AND PETERSON,1262,6000 N PULASKI ROAD,03/28/2017,3,1148598.016685695,1939584.645960177,41.990160923,-87.728790748,"(41.99016092280557, -87.72879074759867)"
LAWRENCE AND WESTERN,1193,2400 W LAWRENCE AVENUE,01/07/2017,1,1159482.648570304,1931851.989492596,41.968724349,-87.688968727,"(41.96872434882172, -87.68896872699601)"
ASHLAND AND 95TH,2472,9500 S ASHLAND AVENUE,01/07/2017,4,1167295.830128711,1841695.121217916,41.721160612,-87.662828139,"(41.72116061205213, -87.66282813939165)"
35TH AND WESTERN,2091,3500 S WESTERN,01/07/2017,3,1160894.949857101,1881376.851112895,41.830187255,-87.685177925,"(41.83018725526863, -87.68517792510231)"
MADISON AND CENTRAL,1751,0 S CENTRAL AVENUE,10/11/2014,4,,,,,
CHICAGO AND CLARK,1964,100 W CHICAGO AVENUE,01/07/2017,11,1175374.528739575,1905745.47783364,41.896744347,-87.631321248,"(41.896744346875806, -87.63132124815151)"
IRVING PARK AND NARRAGANSETT,1023,6400 W IRVING PK,03/28/2017,5,1132945.939118726,1925946.304925137,41.953024751,-87.786683238,"(41.95302475075328, -87.78668323766634)"
ROOSEVELT AND HALSTED,2233,800 W ROOSEVELT ROAD,01/07/2017,9,1171199.282357741,1894968.056393724,41.867263098,-87.646972686,"(41.86726309836901, -87.64697268601648)"
HALSTED AND NORTH,1764,800 W NORTH AVENUE,01/07/2017,2,1170700.68422007,1910913.190749698,41.91102851,-87.648335806,"(41.91102850981186, -87.64833580602037)"
SHERIDAN AND FOSTER,1132,5200 N SHERIDAN ROAD,01/07/2017,3,1168661.623718229,1934753.842272756,41.976492721,-87.655133605,"(41.97649272077833, -87.65513360456677)"
CERMAK AND PULASKI,2332,2200 S PULASKI,01/07/2017,4,1150012.876838243,1889071.75851865,41.851521442,-87.724904787,"(41.85152144233116, -87.7249047867499)"
CICERO AND ARMITAGE,2001,2000 N CICERO AVENUE,01/07/2017,9,1144031.525719004,1912881.8300295,41.916973325,-87.746260223,"(41.91697332451097, -87.74626022251057)"
ASHLAND AND IRVING PARK,1153,1600 W IRVING PARK ROA,01/07/2017,2,,,,,
HAMLIN AND LAKE,1881,300 N HAMLIN AVENUE,01/07/2017,3,1150970.026856642,1901381.688308858,41.885282636,-87.721069539,"(41.88528263580913, -87.72106953854511)"
CICERO AND I55,2251,4200 S CICERO AVENUE,01/07/2017,70,1145023.742859509,1876358.276835519,41.816729387,-87.743536712,"(41.81672938674739, -87.74353671247594)"
OGDEN AND KOSTNER,2222,2348 S KOSTNER AVENUE,01/07/2017,4,1147394.548182079,1887795.177782082,41.848068845,-87.734547457,"(41.8480688449598, -87.73454745748458)"
79TH AND KEDZIE,2443,3200 W 79TH ST,01/07/2017,4,1156402.644780165,1852104.649370984,41.749952001,-87.702448478,"(41.74995200142266, -87.70244847808695)"
WESTERN AND CERMAK,1002,2200 S WESTERN AVENUE,01/07/2017,1,1160669.42562757,1889318.196820393,41.85198384,-87.685785704,"(41.85198383957328, -87.68578570420526)"
IRVING PARK AND CALIFORNIA,1234,2800 W IRVING PARK ROA,01/07/2017,11,,,,,
VAN BUREN AND WESTERN,2054,2400 W VAN BUREN STREE,01/07/2017,14,,,,,
MADISON AND WESTERN,1931,1 S WESTERN AVE,01/07/2017,1,1160453.827721979,1899933.703473746,41.881118279,-87.686283339,"(41.881118278833966, -87.686283338873)"
35TH AND WESTERN,2092,3500 S WESTERN,01/07/2017,3,1160894.949857101,1881376.851112895,41.830187255,-87.685177925,"(41.83018725526863, -87.68517792510231)"
ROOSEVELT AND PULASKI,2311,1200 S PULASKI ROAD,01/07/2017,3,1149866.002247864,1894375.839200384,41.866079337,-87.725305995,"(41.86607933722178, -87.7253059948758)"
DIVERSEY AND AUSTIN,1453,6000 W DIVERSEY AVENUE,01/07/2017,1,1135895.736169343,1918029.70673837,41.931248624,-87.776028612,"(41.931248623643455, -87.77602861172493)"
4700 WESTERN,2141,4700 S WESTERN AVENUE,01/07/2017,9,1161120.438879703,1873431.066474726,41.808378408,-87.684570717,"(41.808378407946726, -87.68457071689552)"
CICERO AND ADDISON,1611,3600 N CICERO AVENUE,01/07/2017,6,1143698.904601495,1923517.005821035,41.946163524,-87.747215169,"(41.94616352362556, -87.74721516897007)"
PULASKI AND ARCHER,2153,5000 S ARCHER AVE,04/03/2017,1,1150501.818909837,1871162.311703322,41.802365973,-87.723576766,"(41.80236597333895, -87.72357676611004)"
ASHLAND AND 87TH,2454,1600 W 87TH ST,01/07/2017,3,1167171.941297436,1847064.855345151,41.735898617,-87.663128781,"(41.735898617066006, -87.66312878090133)"
IRVING PARK AND KILPATRICK,2764,4700 W IRVING PARK ROA,01/07/2017,4,,,,,
CICERO AND PETERSON,1202,6000 N CICERO AVENUE,01/07/2017,5,1143247.733553094,1939479.342905704,41.989973915,-87.748473024,"(41.98997391514614, -87.74847302426933)"
CENTRAL AND LAKE,1742,400 N CENTRAL AVENUE,01/07/2017,4,1138928.478257537,1902217.926149854,41.887804621,-87.765268498,"(41.88780462053497, -87.76526849810371)"
ADDISON AND HARLEM,1591,3600 N HARLEM AVENUE,01/07/2017,5,1127394.594070737,1923110.532422811,41.945338412,-87.807154769,"(41.94533841246591, -87.80715476912044)"
BELMONT AND KEDZIE,1372,3200 N KEDZIE AVE,01/07/2017,17,1154426.977874407,1921110.466549542,41.93935173,-87.707846594,"(41.93935173030961, -87.70784659359776)"
ROOSEVELT AND HALSTED,2234,800 W ROOSEVELT ROAD,01/07/2017,13,1171199.282357741,1894968.056393724,41.867263098,-87.646972686,"(41.86726309836901, -87.64697268601648)"
CORTLAND AND ASHLAND,1723,1600 W CORTLAND ST,01/07/2017,11,1165377.660768235,1912768.773647285,41.916235337,-87.667837772,"(41.91623533746878, -87.66783777212962)"
WESTERN AND CHICAGO,1943,2400 W CHICAGO AVE,01/07/2017,1,1160226.686812944,1905300.904544474,41.895851041,-87.686968935,"(41.895851041123755, -87.68696893468467)"
CICERO AND I55,2252,4200 S CICERO AVENUE,01/07/2017,1,1145023.742859509,1876358.276835519,41.816729387,-87.743536712,"(41.81672938674739, -87.74353671247594)"
63RD AND STATE,2714,1 E 63RD ST,01/07/2017,4,1177367.518733101,1863199.17768559,41.779949105,-87.625289553,"(41.779949104569106, -87.62528955333775)"
WESTERN AND CERMAK,1003,2400 W CERMAK ROAD,03/28/2017,2,1160678.000607329,1889375.645335924,41.852141307,-87.685752642,"(41.85214130680468, -87.6857526415569)"
KOSTNER AND NORTH,2013,4400 W NORTH,01/07/2017,7,1146738.551618032,1910309.595368032,41.909863573,-87.736380296,"(41.90986357340246, -87.73638029605371)"
PULASKI AND NORTH,1992,1600 N PULASKI AVENUE,01/07/2017,1,1149432.959240306,1910369.112502195,41.90997501,-87.726480523,"(41.909975010236906, -87.72648052306623)"
ROOSEVELT AND PULASKI,2314,4000 W ROOSEVELT ROAD,04/03/2017,3,1149885.032049683,1894449.464076882,41.866281003,-87.72523422,"(41.866281002664536, -87.72523421983905)"
STONEY ISLAND AND 76TH,2631,7600 S STONY ISLAND A,03/28/2017,15,1188092.796191935,1854889.354158304,41.756897173,-87.586234285,"(41.75689717260223, -87.58623428506996)"
PULASKI AND DIVISION,1802,1200 N PULASKI ROAD,01/07/2017,6,1149459.590666926,1907723.219884254,41.902713902,-87.726451457,"(41.902713901936174, -87.72645145715836)"
HALSTED AND DIVISION,1714,800 W DIVISION,01/07/2017,10,1170767.827960358,1908259.644151662,41.903745557,-87.648167011,"(41.90374555734733, -87.64816701062779)"
79TH AND KEDZIE,2443,3200 W 79TH ST,03/28/2017,4,1156402.644780165,1852104.649370984,41.749952001,-87.702448478,"(41.74995200142266, -87.70244847808695)"
IRVING PARK AND LARAMIE,1533,5200 W IRVING PARK ROA,01/07/2017,2,,,,,
IRVING PARK AND LARAMIE,1534,5200 W IRVING PARK ROA,03/28/2017,2,,,,,
99TH AND HALSTED,2431,9900 S HALSTED ST,01/07/2017,4,1172689.754200318,1839171.652197216,41.714118868,-87.643145408,"(41.714118868089905, -87.64314540818165)"
LASALLE AND KINZIE,1923,140 W KINZIE,01/07/2017,3,1175048.09765242,1903028.894760294,41.889297219,-87.632601648,"(41.88929721947309, -87.63260164817305)"
CICERO AND DIVERSEY,1694,4800 W DIVERSEY AVENUE,01/07/2017,2,1143869.848167704,1918226.043989398,41.93164142,-87.746719911,"(41.93164142040689, -87.7467199106462)"
CENTRAL AND IRVING PARK,1182,4000 N CENTRAL AVENUE,01/07/2017,2,1138258.614129764,1926071.172884932,41.953272751,-87.767150151,"(41.95327275103541, -87.76715015131407)"
HOLLYWOOD AND SHERIDAN,1343,1000 W HOLLYWOOD AVE,03/28/2017,4,1168580.228926466,1938090.295189338,41.985649799,-87.655335807,"(41.98564979859328, -87.65533580655139)"
DAMEN AND 63RD,2701,6300 S DAMEN AVENUE,01/07/2017,3,1164069.407943298,1862830.277442834,41.779226921,-87.674052731,"(41.77922692069256, -87.67405273137854)"
FOSTER AND BROADWAY,1111,5200 N BROADWAY ST,01/07/2017,2,1167334.508577915,1934714.008346532,41.976412143,-87.660015082,"(41.97641214294823, -87.66001508205365)"
CENTRAL AND ADDISON,1682,3600 N CENTRAL AVENUE,01/07/2017,4,1138343.117435682,1923392.067464765,41.945919491,-87.766904594,"(41.945919490555106, -87.76690459426293)"
HAMLIN AND LAKE,1882,300 N HAMLIN AVENUE,01/07/2017,2,1150970.026856642,1901381.688308858,41.885282636,-87.721069539,"(41.88528263580913, -87.72106953854511)"
CERMAK AND PULASKI,2334,4000 W CERMAK,01/07/2017,6,1150018.476053666,1889120.238540361,41.851654369,-87.724882975,"(41.85165436867626, -87.7248829753078)"
KEDZIE AND 47TH,2104,3200 W 47TH ST,01/07/2017,1,1155815.231505056,1873336.169728074,41.808226246,-87.704031672,"(41.808226246244026, -87.70403167215984)"
BROADWAY/SHERIDAN AND DEVON,1123,1200 W DEVON AVE,01/07/2017,4,1167109.644248166,1942688.147952186,41.998298228,-87.660611661,"(41.99829822771884, -87.66061166063517)"
63RD AND STATE,2712,6300 S STATE ST,01/07/2017,3,1177303.801895084,1863220.216755923,41.780008277,-87.625522512,"(41.78000827740796, -87.6255225119157)"
IRVING PARK AND CALIFORNIA,1233,2800 W IRVING PARK ROA,01/07/2017,1,,,,,
55TH AND WESTERN,2213,2400 W 55TH STREET,01/07/2017,11,1161277.012730599,1868185.749490228,41.793981347,-87.684141741,"(41.7939813465735, -87.68414174128355)"
JEFFERY AND 95TH,2523,2000 E 95TH ST,01/07/2017,3,1191188.381103057,1842410.411853539,41.722579473,-87.575292523,"(41.722579473126416, -87.57529252250366)"
PULASKI AND FOSTER,1104,4000 W FOSTER AVE,01/07/2017,2,1148759.16134887,1934294.249006446,41.975640616,-87.728335469,"(41.975640616231914, -87.72833546926573)"
ASHLAND AND 87TH,2452,8700 S ASHLAND AVE,02/11/2015,5,1167150.470087748,1846991.212339794,41.735696989,-87.663209544,"(41.73569698863625, -87.66320954445679)"
PETERSON AND WESTERN,1014,2400 W PETERSON,01/07/2017,8,1159214.211316277,1939825.301874586,41.99060901,-87.689735481,"(41.990609009807294, -87.68973548092968)"
55TH and PULASKI,2244,4000 W 55TH ST,01/07/2017,2,1150621.676903861,1867864.274865394,41.793313334,-87.723223038,"(41.79331333358753, -87.72322303812588)"
HOLLYWOOD AND SHERIDAN,1344,1000 W HOLLYWOOD AVE,01/07/2017,13,1168580.228926466,1938090.295189338,41.985649799,-87.655335807,"(41.98564979859328, -87.65533580655139)"
STATE AND 79TH,2654,1 E 79TH STREET,01/07/2017,32,1177680.113652821,1852598.313477786,41.750852096,-87.624463832,"(41.75085209551078, -87.62446383210285)"
CERMAK AND PULASKI,2334,4000 W CERMAK,01/05/2017,4,1150018.476053666,1889120.238540361,41.851654369,-87.724882975,"(41.85165436867626, -87.7248829753078)"
HALSTED AND NORTH,1761,1600 N HALSTED STREET,01/07/2017,4,1170678.283433825,1910880.991397547,41.910940644,-87.648419043,"(41.91094064391597, -87.64841904272998)"
MILWAUKEE AND MONTROSE,1364,5075 W MONTROSE AVENUE,01/07/2017,3,1141716.746618898,1928736.076639057,41.960522088,-87.754371424,"(41.96052208819935, -87.75437142402293)"
FULLERTON AND NARRAGANSETT,1553,6400 W FULLERTON AVENU,01/07/2017,1,1133317.594499059,1915293.661305931,41.923786189,-87.785567206,"(41.92378618871128, -87.78556720562165)"
WESTERN AND FULLERTON,1671,2400 N WESTERN AVENUE,02/11/2015,12,1159923.309342995,1915897.778561358,41.924935944,-87.687790255,"(41.92493594409127, -87.68779025471278)"
KEDZIE AND 26TH,2381,2600 S KEDZIE AVENUE,01/07/2017,2,1155404.235510285,1886524.460033054,41.844424831,-87.705185452,"(41.84442483084393, -87.70518545233183)"
CICERO AND WASHINGTON,1891,100 N CICERO AVENUE,01/07/2017,8,1144328.984091479,1900095.170838459,41.88187971,-87.745489247,"(41.88187970991601, -87.7454892473012)"
ASHLAND AND MADISON,1911,0 N ASHLAND AVE,01/07/2017,1,,,,,
STONEY ISLAND AND 76TH,2632,7600 S STONY ISLAND A,01/07/2017,18,1188092.796191935,1854889.354158304,41.756897173,-87.586234285,"(41.75689717260223, -87.58623428506996)"
KEDZIE AND 26TH,2382,2600 S KEDZIE AVENUE,03/28/2017,2,1155404.235510285,1886524.460033054,41.844424831,-87.705185452,"(41.84442483084393, -87.70518545233183)"
CICERO AND WASHINGTON,1892,100 N CICERO AVENUE,01/07/2017,3,1144328.984091479,1900095.170838459,41.88187971,-87.745489247,"(41.88187970991601, -87.7454892473012)"
COTTAGE GROVE AND 71ST,2571,7100 S COTTAGE GROVE,01/07/2017,1,1182746.23698699,1858088.011064538,41.765800351,-87.605729127,"(41.76580035131893, -87.6057291269901)"
IRVING PARK AND LARAMIE,1534,5200 W IRVING PARK ROA,01/07/2017,1,,,,,
ASHLAND AND MADISON,1914,1600 W MADISON,03/20/2017,2,1165723.014733182,1900136.515489506,41.881564167,-87.666929463,"(41.8815641670199, -87.66692946294842)"
JEFFERY AND 95TH,2522,9500 S JEFFERY AVE,03/20/2017,4,1191132.420601301,1842335.735988875,41.722375907,-87.575499903,"(41.72237590704101, -87.57549990332795)"
71ST AND ASHLAND,2391,7100 S ASHLAND,01/07/2017,3,1166868.379865725,1857616.168087255,41.764859382,-87.663940176,"(41.764859382425385, -87.66394017630476)"
KEDZIE AND 31ST,2132,3100 S KEDZIE AVENUE,01/07/2017,5,1155483.167539854,1883867.660503274,41.837132671,-87.704967115,"(41.837132671422296, -87.70496711478727)"
ELSTON AND LAWRENCE,1284,4440 W LAWRENCE AVENUE,01/07/2017,1,1145715.061027481,1931571.0474838,41.968226398,-87.739599251,"(41.96822639754791, -87.73959925065756)"
CENTRAL AND CHICAGO,1972,800 N CENTRAL AVENUE,01/07/2017,5,1138836.562608552,1904801.732832435,41.894896579,-87.765543258,"(41.89489657939746, -87.76554325845893)"
WESTERN AND CERMAK,1003,2400 W CERMAK ROAD,01/07/2017,4,1160678.000607329,1889375.645335924,41.852141307,-87.685752642,"(41.85214130680468, -87.6857526415569)"
DAMEN AND DIVERSEY,1462,2800 N DAMEN AVENUE,01/07/2017,6,1162490.04851994,1918611.623717091,41.932329494,-87.678282719,"(41.9323294940985, -87.67828271931386)"
ELSTON AND IRVING PARK,1503,3700 W IRVING PARK ROA,01/07/2017,3,,,,,
ASHLAND AND LAWRENCE,1143,1600 W LAWRENCE AVENUE,03/28/2017,4,1164771.946929007,1931988.254061312,41.968987457,-87.669516307,"(41.96898745654617, -87.66951630654926)"
HALSTED AND FULLERTON,1701,2400 N HALSTED STREET,01/07/2017,6,1170501.602639925,1916200.061550148,41.925540315,-87.648912156,"(41.925540315431995, -87.64891215551155)"
CLARK AND FULLERTON,1632,2400 N CLARK ST,01/07/2017,1,1172749.562209477,1916238.997132859,41.925597623,-87.640650973,"(41.925597623023144, -87.64065097309872)"
CALIFORNIA AND DEVON,1321,6400 N CALIFORNIA AVE,01/07/2017,4,1156461.150245401,1942370.37710537,41.997649133,-87.699792629,"(41.997649133049336, -87.69979262891378)"
ASHLAND AND MADISON,1911,0 N ASHLAND AVE,03/28/2017,8,,,,,
HOLLYWOOD AND SHERIDAN,1343,1000 W HOLLYWOOD AVE,01/07/2017,3,1168580.228926466,1938090.295189338,41.985649799,-87.655335807,"(41.98564979859328, -87.65533580655139)"
75TH AND STATE,2621,7500 S STATE STREET,01/07/2017,16,1177538.763040612,1855235.551345519,41.758092176,-87.624902228,"(41.75809217638291, -87.6249022282473)"
79TH AND HALSTED,2543,800 W 79TH STREET,01/07/2017,2,1172320.105719411,1852517.9814434,41.750751157,-87.644107793,"(41.75075115747316, -87.64410779300933)"
WESTERN AND FOSTER,1072,5200 N WESTERN AVE,01/07/2017,3,1159372.922497116,1934478.313674003,41.975933372,-87.689299589,"(41.97593337199358, -87.6892995891816)"
FULLERTON AND NARRAGANSETT,1554,6400 W FULLERTON AVENU,01/07/2017,6,1133317.594499059,1915293.661305931,41.923786189,-87.785567206,"(41.92378618871128, -87.78556720562165)"
LAFAYETTE AND 87TH,2502,8700 S LAFAYETTE AVEN,01/07/2017,15,1177417.493180297,1847243.988223464,41.73616511,-87.625587569,"(41.73616511008592, -87.62558756899932)"
CICERO AND FULLERTON,1472,2400 N CICERO AVE,01/07/2017,2,1143961.592189569,1915545.343094087,41.92428359,-87.74645019,"(41.92428358982701, -87.74645019028947)"
WESTERN AND FULLERTON,1671,2400 N WESTERN AVENUE,01/07/2017,16,1159923.309342995,1915897.778561358,41.924935944,-87.687790255,"(41.92493594409127, -87.68779025471278)"
55TH AND KEDZIE,2162,5500 S KEDZIE AVENUE,01/07/2017,2,1155945.854705238,1867941.621374192,41.793420237,-87.703697508,"(41.793420236755864, -87.70369750845424)"
STATE AND 79TH,2654,1 E 79TH STREET,12/20/2016,44,1177680.113652821,1852598.313477786,41.750852096,-87.624463832,"(41.75085209551078, -87.62446383210285)"
WENTWORTH AND GARFIELD,2261,5500 S WENTWORTH AVEN,01/07/2017,17,,,,,
KEDZIE AND 63RD,2364,3200 W 63RD ST,01/07/2017,1,1156103.348831225,1862717.565210739,41.779081505,-87.703260365,"(41.77908150488341, -87.70326036544745)"
99TH AND HALSTED,2433,800 W 99TH ST,01/07/2017,6,1172710.642565684,1839246.330602143,41.714323337,-87.643066714,"(41.71432333701137, -87.64306671421937)"
111TH AND HALSTED,2422,11100 S HALSTED ST,04/19/2017,8,1172923.657689312,1831209.044179248,41.692263123,-87.642522688,"(41.692263123425136, -87.6425226876268)"
PULASKI AND ARCHER,2154,5000 S ARCHER AVE,01/07/2017,2,1150501.818909837,1871162.311703322,41.802365973,-87.723576766,"(41.80236597333895, -87.72357676611004)"
WESTERN AND DEVON,1211,6400 N WESTERN AVENUE,01/07/2017,1,1159113.585759434,1942451.622367891,41.997817807,-87.690033035,"(41.997817807026, -87.69003303469276)"
PULASKI AND NORTH,1994,4000 W NORTH AVENUE,01/07/2017,2,1149456.2688422,1910376.774019002,41.909995582,-87.726394693,"(41.90999558160536, -87.72639469321471)"
PULASKI AND 63RD,2342,6300 S PULASKI RD,01/07/2017,2,1150746.00309079,1862516.747695325,41.778636469,-87.722906356,"(41.77863646878099, -87.72290635568541)"
PULASKI AND LAWRENCE,1172,4800 N PULASKI ROAD,01/07/2017,1,1148821.701520117,1931605.974570937,41.968262595,-87.728175316,"(41.968262595100775, -87.7281753157596)"
87TH AND VINCENNES,2412,8700 S VINCENNES,01/07/2017,2,1172026.328989535,1847142.496643776,41.736006565,-87.645341819,"(41.73600656458518, -87.64534181897955)"
BELMONT AND KEDZIE,1372,3200 N KEDZIE AVE,02/11/2015,8,1154426.977874407,1921110.466549542,41.93935173,-87.707846594,"(41.93935173030961, -87.70784659359776)"
CICERO AND PETERSON,1204,4800 W PETERSON AVENUE,01/07/2017,2,1143273.766829016,1939491.944645127,41.990008007,-87.748376951,"(41.99000800729908, -87.74837695118997)"
CENTRAL AND IRVING PARK,1183,5600 W IRVING PARK ROAD,01/07/2017,2,1138281.535484986,1926078.647777633,41.953292847,-87.767065708,"(41.953292847298, -87.76706570775266)"
CLARK AND IRVING PARK,1093,1300 W IRVING PARK ROAD,01/07/2017,7,1166777.545456989,1926719.73687357,41.954487567,-87.662293496,"(41.95448756687966, -87.66229349585691)"
MONTROSE AND WESTERN,1224,2400 W MONTROSE AVENUE,01/07/2017,2,1159562.971802959,1929191.337701253,41.961421726,-87.68874698,"(41.961421726406314, -87.68874697983858)"
FOSTER AND NAGLE,1031,5200 N NAGLE,04/02/2017,5,1132529.656558223,1934201.702060651,41.97568567,-87.788020406,"(41.97568566971868, -87.78802040620296)"
PULASKI AND CHICAGO,1983,4000 W CHICAGO AVENUE,01/07/2017,1,1149561.855939692,1905086.596446259,41.895476752,-87.72614436,"(41.89547675163723, -87.72614435991626)"
ROOSEVELT AND PULASKI,2314,4000 W ROOSEVELT ROAD,01/07/2017,4,1149885.032049683,1894449.464076882,41.866281003,-87.72523422,"(41.866281002664536, -87.72523421983905)"
CICERO AND 47TH,2204,4800 W 47TH ST,01/07/2017,12,1145130.048925744,1873078.44198302,41.807727017,-87.743229366,"(41.80772701677172, -87.74322936566276)"
MILWAUKEE AND DEVON,1272,6400 N MILWAUKEE AVEN,01/07/2017,1,1132463.750397878,1942107.911507627,41.997382173,-87.788077674,"(41.99738217345368, -87.78807767391953)"
FOSTER AND NAGLE,1034,6400 W FOSTER,01/07/2017,1,1132552.893142153,1934229.875527466,41.975762574,-87.787934296,"(41.97576257447203, -87.7879342955108)"
CICERO AND NORTH,2034,4800 W NORTH AVENUE,01/07/2017,1,1144053.733747163,1910243.80567041,41.90973389,-87.746244973,"(41.909733890131285, -87.74624497295898)"
ROOSEVELT AND HALSTED,2234,800 W ROOSEVELT ROAD,03/28/2017,8,1171199.282357741,1894968.056393724,41.867263098,-87.646972686,"(41.86726309836901, -87.64697268601648)"
PULASKI AND BELMONT,1382,3200 N PULASKI RD,01/07/2017,2,1149125.621478734,1920994.556178086,41.939138154,-87.72733371,"(41.939138153500274, -87.7273337101426)"
BROADWAY/SHERIDAN AND DEVON,1122,6400 N SHERIDAN ROAD,01/07/2017,1,1167087.151194129,1942658.704988689,41.998217921,-87.660695256,"(41.99821792053241, -87.6606952555721)"
HALSTED AND 95TH,2581,9500 S HALSTED STREET,01/07/2017,6,1172610.538363645,1841811.61926207,41.721365061,-87.643358042,"(41.72136506078306, -87.64335804234075)"
STONY ISLAND/CORNELL AND 67TH,2721,6700 S STONY ISLAND A,01/07/2017,8,1187984.143047539,1860863.338367666,41.773292896,-87.586442368,"(41.77329289585066, -87.58644236831432)"
KEDZIE AND ARMITAGE,1832,2000 N KEDZIE AVENUE,01/07/2017,3,1154684.031809326,1913129.496340896,41.917446172,-87.707116072,"(41.91744617191702, -87.70711607187832)"
HALSTED AND FULLERTON,1704,800 W FULLERTON AVENUE,01/07/2017,6,1170525.624723311,1916208.443992778,41.925562791,-87.648823641,"(41.92556279107417, -87.64882364145232)"
WESTERN AND TOUHY,1251,7200 N WESTERN AVENUE,12/24/2016,1,1158975.66256211,1947754.286963361,42.012371335,-87.690393917,"(42.012371334791766, -87.69039391737863)"
MILWAUKEE AND DEVON,1274,6400 W DEVON AVENUE,02/11/2015,4,1132590.619798275,1942138.532048656,41.997463981,-87.787610243,"(41.99746398102873, -87.78761024341388)"
STATE AND 79TH,2651,7900 S STATE STREET,01/07/2017,9,1177618.166929966,1852621.870232838,41.750918138,-87.624690123,"(41.7509181383154, -87.62469012251644)"
DIVISION AND DAMEN,1733,2000 W DIVISION,01/07/2017,6,1162815.710860194,1908034.672555531,41.903298793,-87.677383247,"(41.903298792681944, -87.67738324739636)"
PULASKI AND PETERSON,1262,6000 N PULASKI ROAD,01/07/2017,1,1148598.016685695,1939584.645960177,41.990160923,-87.728790748,"(41.99016092280557, -87.72879074759867)"
CENTRAL AND LAKE,1743,5600 W LAKE STREET,01/07/2017,2,1138951.495695032,1902230.510465733,41.887838735,-87.765183663,"(41.887838735330206, -87.76518366338465)"
HARLEM AND BELMONT,1391,3200 N HARLEM AVE,01/07/2017,5,1127481.020995451,1920467.613239239,41.938084468,-87.806896749,"(41.93808446822169, -87.80689674887883)"
HAMLIN AND MADISON,1903,3800 W MADISON STREET,01/07/2017,21,1151032.709141294,1899784.033986533,41.880897273,-87.720881226,"(41.880897273491264, -87.72088122613924)"
PULASKI AND DIVERSEY,1543,4000 W DIVERSEY AVENUE,01/07/2017,4,1149206.496130705,1918356.569267582,41.931897723,-87.72710503,"(41.9318977231462, -87.72710503045386)"
ASHLAND AND LAWRENCE,1143,1600 W LAWRENCE AVENUE,01/07/2017,3,1164771.946929007,1931988.254061312,41.968987457,-87.669516307,"(41.96898745654617, -87.66951630654926)"
COLUMBUS AND ILLINOIS,1951,500 N COLUMBUS DRIVE,01/07/2017,19,1178372.808407292,1903693.06016042,41.891044569,-87.620371839,"(41.891044569124276, -87.620371839074)"
4700 WESTERN,2142,4700 S WESTERN AVENUE,01/07/2017,2,1161120.438879703,1873431.066474726,41.808378408,-87.684570717,"(41.808378407946726, -87.68457071689552)"
MONTROSE AND WESTERN,1221,4400 N WESTERN AVENUE,01/07/2017,5,1159539.733234718,1929183.918095502,41.961401846,-87.688832623,"(41.961401846278505, -87.6888326227788)"
CHICAGO AND CLARK,1963,100 W CHICAGO AVENUE,01/07/2017,7,1175374.528739575,1905745.47783364,41.896744347,-87.631321248,"(41.896744346875806, -87.63132124815151)"
ARCHER AND CICERO,2081,5200 S CICERO AVE,01/07/2017,8,1145195.931989777,1869737.708306623,41.798558278,-87.743071866,"(41.798558278193305, -87.74307186616427)"
KOSTNER AND NORTH,2012,4400 W GRAND AVE,01/07/2017,2,1146773.519128439,1910425.663958581,41.91018141,-87.73624887,"(41.910181409597406, -87.73624887040725)"
TOUHY AND OSCEOLA,1244,7432 W TOUHY AVENUE,01/07/2017,3,1125717.010560011,1947269.685461107,42.011661765,-87.812781431,"(42.01166176507329, -87.81278143114147)"
PULASKI AND DIVISION,1801,1200 N PULASKI ROAD,01/07/2017,3,1149459.590666926,1907723.219884254,41.902713902,-87.726451457,"(41.902713901936174, -87.72645145715836)"
MILWAUKEE AND MONTROSE,1362,4400 N MILWAUKEE AVEN,01/07/2017,2,1141643.943268783,1928770.256316239,41.96061723,-87.75463824,"(41.9606172296957, -87.75463824007085)"
LAKE SHORE DR AND BELMONT,1413,400 W BELMONT AVE,01/06/2017,46,1172981.744869382,1921577.376128802,41.940241193,-87.639639114,"(41.94024119325571, -87.63963911427594)"
WENTWORTH AND GARFIELD,2264,200 W GARFIELD BLVD,01/07/2017,6,1175889.574397302,1868551.750512227,41.794670385,-87.630547476,"(41.79467038468937, -87.63054747605638)"
IRVING PARK AND NARRAGANSETT,1023,6400 W IRVING PK,01/07/2017,1,1132945.939118726,1925946.304925137,41.953024751,-87.786683238,"(41.95302475075328, -87.78668323766634)"
WESTERN AND CHICAGO,1941,800 N WESTERN AVE,01/07/2017,4,1160220.967978608,1905277.507115921,41.895786955,-87.686990586,"(41.89578695485361, -87.68699058611217)"
VAN BUREN AND WESTERN,2052,400 S WESTERN AVENUE,01/07/2017,33,1160431.682297829,1898091.942371589,41.876064776,-87.686415631,"(41.87606477642526, -87.68641563098768)"
KEDZIE AND 63RD,2361,6300 S KEDZIE AVE,01/07/2017,3,1156097.505177228,1862668.051775093,41.77894575,-87.703283119,"(41.77894575017997, -87.70328311900342)"
CORTLAND AND ASHLAND,1721,1900 N ASHLAND AVE,01/07/2017,19,1165348.084854857,1912736.454335569,41.916147281,-87.667947354,"(41.91614728095272, -87.66794735350443)"
PULASKI AND LAWRENCE,1173,4000 W LAWRENCE AVENUE,01/07/2017,1,1148844.220085601,1931638.45430438,41.968351285,-87.728091672,"(41.96835128527914, -87.72809167198088)"
79TH AND HALSTED,2541,7900 S HALSTED STREET,01/07/2017,2,1172298.707400847,1852444.344822186,41.750549559,-87.644188368,"(41.750549559438944, -87.64418836784098)"
AUSTIN AND IRVING PARK,1161,4000 N AUSTIN AVENUE,01/07/2017,2,1135599.956110927,1926006.862619986,41.953144059,-87.776925284,"(41.95314405904539, -87.77692528423394)"
119TH AND HALSTED,2402,11900 S HALSTED,01/07/2017,6,1173094.774616191,1825911.054609338,41.677720829,-87.642051845,"(41.67772082924762, -87.64205184498218)"
HALSTED AND MADISON,1872,1 N HALSTED STREET,01/07/2017,7,1171090.967986833,1900270.454015136,41.881815632,-87.647214717,"(41.88181563164203, -87.64721471704077)"
SHERIDAN AND FOSTER,1134,1000 W FOSTER AVE,03/28/2017,1,1168689.247756979,1934758.578141654,41.976505116,-87.655031882,"(41.97650511595711, -87.65503188224778)"
111TH AND HALSTED,2422,11100 S HALSTED ST,01/07/2017,5,1172923.657689312,1831209.044179248,41.692263123,-87.642522688,"(41.692263123425136, -87.6425226876268)"
55TH AND WESTERN,2212,5500 S WESTERN AVE,01/07/2017,4,1161269.521335262,1867963.111601251,41.793370554,-87.684175377,"(41.79337055433029, -87.6841753767592)"
STONEY ISLAND AND 79TH,2464,1600 E 79TH ST,01/07/2017,1,1188284.704439907,1852964.829047574,41.751611523,-87.585592284,"(41.75161152327319, -87.58559228428787)"
STATE AND 79TH,2654,1 E 79TH STREET,01/05/2017,18,1177680.113652821,1852598.313477786,41.750852096,-87.624463832,"(41.75085209551078, -87.62446383210285)"
KEDZIE AND 63RD,2361,6300 S KEDZIE AVE,04/02/2017,1,1156097.505177228,1862668.051775093,41.77894575,-87.703283119,"(41.77894575017997, -87.70328311900342)"
KEDZIE AND 31ST,2134,3200 W 31ST STREET,01/07/2017,1,1155487.128005646,1883943.061106793,41.8373395,-87.704950558,"(41.83733950029648, -87.70495055800411)"
CICERO AND HARRISON,2022,600 S CICERO AVENUE,01/07/2017,2,1144444.97442848,1896894.622216872,41.873094833,-87.745143869,"(41.873094832519136, -87.74514386884542)"
PULASKI AND IRVING PARK,1572,4000 N PULASKI ROAD,01/07/2017,4,1148970.255325552,1926313.600468643,41.953737051,-87.727766612,"(41.95373705144353, -87.72776661179896)"
ASHLAND AND 87TH,2452,8700 S ASHLAND AVE,01/07/2017,5,1167150.470087748,1846991.212339794,41.735696989,-87.663209544,"(41.73569698863625, -87.66320954445679)"
ASHLAND AND MADISON,1914,1600 W MADISON,01/07/2017,2,1165723.014733182,1900136.515489506,41.881564167,-87.666929463,"(41.8815641670199, -87.66692946294842)"
STONY ISLAND/CORNELL AND 67TH,2731,6700 S CORNELL DRIVE,01/07/2017,4,1188316.454860734,1860851.137456735,41.77325149,-87.5852246,"(41.77325148959568, -87.58522459967712)"
55TH and PULASKI,2242,5500 S PULASKI,01/07/2017,3,1150600.072649439,1867806.44512718,41.793155061,-87.723303765,"(41.793155060731024, -87.72330376464247)"
AUSTIN AND ADDISON,1491,3600 N AUSTIN AVENUE,01/07/2017,2,1135691.599896458,1923335.967306169,41.945813215,-87.776652162,"(41.9458132146695, -87.77665216156436)"
FOSTER AND BROADWAY,1113,1200 W FOSTER AVE,01/07/2017,4,1167357.095930752,1934721.393266777,41.97643192,-87.659931806,"(41.97643192018459, -87.65993180604016)"
CICERO AND ADDISON,1612,3600 N CICERO AVENUE,01/07/2017,5,1143698.904601495,1923517.005821035,41.946163524,-87.747215169,"(41.94616352362556, -87.74721516897007)"
LAFAYETTE AND 87TH,2503,30 W 87TH STREET,01/07/2017,5,1177407.651800237,1847320.772058312,41.736376037,-87.625621311,"(41.736376036604916, -87.62562131092602)"
ASHLAND AND FULLERTON,1651,2400 N ASHLAND AVENUE,01/07/2017,10,1165228.073342838,1916032.319169157,41.92519389,-87.668294363,"(41.92519388981048, -87.66829436339881)"
HOMAN/KIMBALL AND NORTH,1773,3400 W NORTH AVE,01/07/2017,4,1153386.578905125,1910465.87061722,41.910162847,-87.711953868,"(41.91016284680269, -87.71195386769125)"
WESTERN AND DEVON,1212,6400 N WESTERN AVENUE,01/07/2017,2,1159113.585759434,1942451.622367891,41.997817807,-87.690033035,"(41.997817807026, -87.69003303469276)"
CICERO AND I55,2252,4200 S CICERO AVENUE,03/28/2017,7,1145023.742859509,1876358.276835519,41.816729387,-87.743536712,"(41.81672938674739, -87.74353671247594)"
ELSTON AND ADDISON,1403,3216 W ADDISON ST,01/07/2017,6,1154199.729816868,1923799.345386665,41.946734755,-87.708609774,"(41.946734754927796, -87.7086097735515)"
CANAL AND ROOSEVELT,2291,1200 S CANAL STREET,01/07/2017,6,1173268.771030949,1894952.634878732,41.867175125,-87.639375813,"(41.86717512472001, -87.63937581258092)"
ELSTON AND LAWRENCE,1282,4800 N ELSTON AVENUE,01/07/2017,1,1145529.344259918,1931501.601268983,41.968039361,-87.740283894,"(41.96803936143674, -87.74028389448999)"
CICERO AND ARMITAGE,2001,2000 N CICERO AVENUE,03/28/2017,5,1144031.525719004,1912881.8300295,41.916973325,-87.746260223,"(41.91697332451097, -87.74626022251057)"
VAN BUREN AND WESTERN,2054,2400 W VAN BUREN STREE,03/28/2017,13,,,,,
63RD AND STATE,2714,1 E 63RD ST,03/28/2017,8,1177367.518733101,1863199.17768559,41.779949105,-87.625289553,"(41.779949104569106, -87.62528955333775)"
CENTRAL AND CHICAGO,1973,5600 W CHICAGO AVENUE,01/07/2017,2,1138858.856732452,1904825.827586656,41.894962293,-87.765460791,"(41.89496229349977, -87.76546079122906)"
ELSTON AND ADDISON,1402,3600 N ELSTON AVE,01/07/2017,2,1154106.95251778,1923731.036211081,41.946549165,-87.708952626,"(41.94654916480637, -87.70895262603513)"
HARLEM AND BELMONT,1394,7200 W BELMONT AVE,01/07/2017,5,1127504.698153561,1920475.415440844,41.938105479,-87.806809552,"(41.93810547939496, -87.80680955240743)"
ASHLAND AND 95TH,2473,1600 W 95TH STREET,01/07/2017,7,1167323.753394196,1841755.029221382,41.721324412,-87.662724153,"(41.721324411975246, -87.66272415265087)"
HAMLIN AND MADISON,1901,0 N HAMLIN BOULEVARD,01/07/2017,3,,,,,
PULASKI AND IRVING PARK,1574,4000 W IRVING PARK RD,01/07/2017,9,1148988.727877253,1926320.954938409,41.953756874,-87.727698513,"(41.95375687447515, -87.72769851312907)"
71ST AND ASHLAND,2394,1600 W 71ST,01/07/2017,6,1166890.012333149,1857674.2502247,41.765018306,-87.66385923,"(41.76501830555763, -87.66385923012646)"
DAMEN AND 63RD,2701,6300 S DAMEN AVENUE,03/28/2017,2,1164069.407943298,1862830.277442834,41.779226921,-87.674052731,"(41.77922692069256, -87.67405273137854)"
HALSTED AND 95TH,2581,9500 S HALSTED STREET,03/20/2017,2,1172610.538363645,1841811.61926207,41.721365061,-87.643358042,"(41.72136506078306, -87.64335804234075)"
LAKE SHORE DR AND BELMONT,1413,400 W BELMONT AVE,01/07/2017,63,1172981.744869382,1921577.376128802,41.940241193,-87.639639114,"(41.94024119325571, -87.63963911427594)"
115TH AND HALSTED,2552,11500 S HALSTED STREE,01/07/2017,14,,,,,
ELSTON AND ADDISON,1403,3216 W ADDISON ST,02/11/2015,8,1154199.729816868,1923799.345386665,41.946734755,-87.708609774,"(41.946734754927796, -87.7086097735515)"
BELMONT AND KEDZIE,1373,3200 W BELMONT,03/28/2017,2,1154461.587940363,1921143.091003516,41.939440561,-87.707718516,"(41.93944056117365, -87.70771851630873)"
ASHLAND AND FULLERTON,1652,2400 N ASHLAND AVENUE,01/07/2017,12,1165228.073342838,1916032.319169157,41.92519389,-87.668294363,"(41.92519388981048, -87.66829436339881)"
ELSTON AND IRVING PARK,1502,4000 N ELSTON AVENUE,01/07/2017,1,1151273.974828198,1926311.849469842,41.953687266,-87.719297882,"(41.95368726563273, -87.71929788151473)"
KIMBALL AND DIVERSEY,1581,2800 N KIMBALL AVENUE,01/07/2017,2,,,,,
ASHLAND AND LAWRENCE,1142,4800 N ASHLAND AVENUE,01/07/2017,5,1164751.686785145,1932001.206626392,41.96902343,-87.669590434,"(41.969023429614026, -87.66959043354217)"
PULASKI AND 63RD,2342,6300 S PULASKI RD,02/04/2017,4,1150746.00309079,1862516.747695325,41.778636469,-87.722906356,"(41.77863646878099, -87.72290635568541)"
WESTERN AND MARQUETTE,2672,6700 S WESTERN AVENUE,02/04/2017,8,1161488.747635042,1860134.788366884,41.771884028,-87.683588402,"(41.77188402771193, -87.68358840206334)"
CHICAGO AND CLARK,1963,100 W CHICAGO AVENUE,02/04/2017,14,1175374.528739575,1905745.47783364,41.896744347,-87.631321248,"(41.896744346875806, -87.63132124815151)"
PULASKI AND IRVING PARK,1572,4000 N PULASKI ROAD,02/04/2017,4,1148970.255325552,1926313.600468643,41.953737051,-87.727766612,"(41.95373705144353, -87.72776661179896)"
LAKE SHORE DR AND BELMONT,1412,3200 N LAKESHORE DRIV,02/04/2017,7,1173053.220555078,1921821.380831705,41.940909163,-87.63936916,"(41.94090916326764, -87.63936915995522)"
WESTERN AND ADDISON,1562,3600 N WESTERN AVENUE,02/04/2017,8,1159695.573342728,1923871.086283556,41.94681992,-87.688406662,"(41.94681991986288, -87.68840666206194)"
HOLLYWOOD AND SHERIDAN,1343,1000 W HOLLYWOOD AVE,02/04/2017,7,1168580.228926466,1938090.295189338,41.985649799,-87.655335807,"(41.98564979859328, -87.65533580655139)"
KEDZIE AND 63RD,2361,6300 S KEDZIE AVE,02/04/2017,1,1156097.505177228,1862668.051775093,41.77894575,-87.703283119,"(41.77894575017997, -87.70328311900342)"
CICERO AND CHICAGO,1783,4800 W CHICAGO AVENUE,02/04/2017,4,1144175.291152764,1904916.255225279,41.895112219,-87.745932427,"(41.89511221857764, -87.74593242701515)"
99TH AND HALSTED,2431,9900 S HALSTED ST,02/04/2017,11,1172689.754200318,1839171.652197216,41.714118868,-87.643145408,"(41.714118868089905, -87.64314540818165)"
IRVING PARK AND LARAMIE,1533,5200 W IRVING PARK ROA,03/28/2017,4,,,,,
119TH AND HALSTED,2402,11900 S HALSTED,01/08/2017,2,1173094.774616191,1825911.054609338,41.677720829,-87.642051845,"(41.67772082924762, -87.64205184498218)"
KEDZIE AND 31ST,2134,3200 W 31ST STREET,03/28/2017,3,1155487.128005646,1883943.061106793,41.8373395,-87.704950558,"(41.83733950029648, -87.70495055800411)"
HAMLIN AND LAKE,1881,300 N HAMLIN AVENUE,01/08/2017,3,1150970.026856642,1901381.688308858,41.885282636,-87.721069539,"(41.88528263580913, -87.72106953854511)"
SACRAMENTO AND CHICAGO,1814,3000 W CHICAGO AVENUE,01/08/2017,1,1156075.266375505,1905216.604770718,41.895704525,-87.702218524,"(41.895704524946225, -87.70221852353758)"
119TH AND HALSTED,2404,800 W 119TH STREET,01/08/2017,1,1173111.174088158,1825985.001014405,41.677923389,-87.641989646,"(41.677923389134385, -87.64198964584013)"
CICERO AND PETERSON,1202,6000 N CICERO AVENUE,01/08/2017,2,1143247.733553094,1939479.342905704,41.989973915,-87.748473024,"(41.98997391514614, -87.74847302426933)"
BROADWAY/SHERIDAN AND DEVON,1123,1200 W DEVON AVE,01/08/2017,2,1167109.644248166,1942688.147952186,41.998298228,-87.660611661,"(41.99829822771884, -87.66061166063517)"
111TH AND HALSTED,2424,800 W 111TH ST,01/08/2017,3,1172945.404219168,1831282.917027882,41.692465363,-87.642440901,"(41.692465363421874, -87.64244090105778)"
CICERO AND ARMITAGE,2001,2000 N CICERO AVENUE,01/08/2017,3,1144031.525719004,1912881.8300295,41.916973325,-87.746260223,"(41.91697332451097, -87.74626022251057)"
KEDZIE AND ARMITAGE,1834,3200 W ARMITAGE AVENUE,04/02/2017,1,1154700.851347995,1913153.252187904,41.917511023,-87.707053639,"(41.91751102291878, -87.7070536388797)"
PULASKI AND IRVING PARK,1572,4000 N PULASKI ROAD,03/28/2017,1,1148970.255325552,1926313.600468643,41.953737051,-87.727766612,"(41.95373705144353, -87.72776661179896)"
CENTRAL AND BELMONT,1602,3200 N CENTRAL AVENUE,01/08/2017,1,1138430.432324593,1920731.654410336,41.938617463,-87.766648297,"(41.938617463272884, -87.76664829683827)"
ASHLAND AND MADISON,1914,1600 W MADISON,01/08/2017,5,1165723.014733182,1900136.515489506,41.881564167,-87.666929463,"(41.8815641670199, -87.66692946294842)"
CENTRAL AND DIVERSEY,1642,2800 N CENTRAL AVENUE,01/08/2017,2,1138516.407377375,1918089.499227987,41.931365552,-87.766396529,"(41.93136555236339, -87.76639652879172)"
CALIFORNIA AND DEVON,1321,6400 N CALIFORNIA AVE,01/08/2017,4,1156461.150245401,1942370.37710537,41.997649133,-87.699792629,"(41.997649133049336, -87.69979262891378)"
HALSTED AND 103RD,2593,800 W 103RD STREET,01/08/2017,2,1172778.570616036,1836587.755252818,41.70702632,-87.642896007,"(41.707026319812215, -87.64289600741817)"
ELSTON AND IRVING PARK,1503,3700 W IRVING PARK ROA,01/08/2017,5,,,,,
WESTERN AND 79TH,2481,7900 S WESTERN AVE,01/08/2017,1,1161711.516404028,1852181.685686118,41.750054934,-87.682992203,"(41.750054933649984, -87.68299220290213)"
ASHLAND AND 95TH,2473,1600 W 95TH STREET,03/28/2017,6,1167323.753394196,1841755.029221382,41.721324412,-87.662724153,"(41.721324411975246, -87.66272415265087)"
CERMAK AND PULASKI,2332,2200 S PULASKI,01/08/2017,5,1150012.876838243,1889071.75851865,41.851521442,-87.724904787,"(41.85152144233116, -87.7249047867499)"
55TH AND WESTERN,2212,5500 S WESTERN AVE,01/08/2017,5,1161269.521335262,1867963.111601251,41.793370554,-87.684175377,"(41.79337055433029, -87.6841753767592)"
FOSTER AND BROADWAY,1111,5200 N BROADWAY ST,01/08/2017,3,1167334.508577915,1934714.008346532,41.976412143,-87.660015082,"(41.97641214294823, -87.66001508205365)"
PERSHING AND WESTERN,2114,2400 W PERSHING ROAD,01/08/2017,1,1160957.773623189,1878793.434193427,41.82309676,-87.685018951,"(41.82309676016606, -87.68501895061576)"
WESTERN AND FULLERTON,1672,2400 N WESTERN AVENUE,01/08/2017,1,1159923.309342995,1915897.778561358,41.924935944,-87.687790255,"(41.92493594409127, -87.68779025471278)"
PULASKI AND BELMONT,1382,3200 N PULASKI RD,02/11/2015,2,1149125.621478734,1920994.556178086,41.939138154,-87.72733371,"(41.939138153500274, -87.7273337101426)"
CHICAGO AND CLARK,1963,100 W CHICAGO AVENUE,01/08/2017,12,1175374.528739575,1905745.47783364,41.896744347,-87.631321248,"(41.896744346875806, -87.63132124815151)"
BELMONT AND KEDZIE,1372,3200 N KEDZIE AVE,01/08/2017,11,1154426.977874407,1921110.466549542,41.93935173,-87.707846594,"(41.93935173030961, -87.70784659359776)"
PULASKI AND DIVERSEY,1542,2800 N PULASKI ROAD,01/08/2017,2,1149200.724531183,1918332.222549679,41.931831026,-87.727126873,"(41.93183102561505, -87.72712687300454)"
HOLLYWOOD AND SHERIDAN,1344,1000 W HOLLYWOOD AVE,01/08/2017,8,1168580.228926466,1938090.295189338,41.985649799,-87.655335807,"(41.98564979859328, -87.65533580655139)"
ADDISON AND HARLEM,1591,3600 N HARLEM AVENUE,01/08/2017,2,1127394.594070737,1923110.532422811,41.945338412,-87.807154769,"(41.94533841246591, -87.80715476912044)"
55TH and PULASKI,2242,5500 S PULASKI,01/08/2017,2,1150600.072649439,1867806.44512718,41.793155061,-87.723303765,"(41.793155060731024, -87.72330376464247)"
WENTWORTH AND GARFIELD,2264,200 W GARFIELD BLVD,01/08/2017,3,1175889.574397302,1868551.750512227,41.794670385,-87.630547476,"(41.79467038468937, -87.63054747605638)"
WESTERN AND FULLERTON,1671,2400 N WESTERN AVENUE,04/03/2017,11,1159923.309342995,1915897.778561358,41.924935944,-87.687790255,"(41.92493594409127, -87.68779025471278)"
115TH AND HALSTED,2552,11500 S HALSTED STREE,01/08/2017,13,,,,,
CLARK AND FULLERTON,1632,2400 N CLARK ST,01/08/2017,2,1172749.562209477,1916238.997132859,41.925597623,-87.640650973,"(41.925597623023144, -87.64065097309872)"
PULASKI AND PETERSON,1262,6000 N PULASKI ROAD,01/08/2017,1,1148598.016685695,1939584.645960177,41.990160923,-87.728790748,"(41.99016092280557, -87.72879074759867)"
KEDZIE AND 26TH,2381,2600 S KEDZIE AVENUE,01/08/2017,2,1155404.235510285,1886524.460033054,41.844424831,-87.705185452,"(41.84442483084393, -87.70518545233183)"
ASHLAND AND 87TH,2452,8700 S ASHLAND AVE,01/08/2017,5,1167150.470087748,1846991.212339794,41.735696989,-87.663209544,"(41.73569698863625, -87.66320954445679)"
STATE AND 79TH,2654,1 E 79TH STREET,01/08/2017,18,1177680.113652821,1852598.313477786,41.750852096,-87.624463832,"(41.75085209551078, -87.62446383210285)"
ROOSEVELT AND HALSTED,2234,800 W ROOSEVELT ROAD,01/08/2017,8,1171199.282357741,1894968.056393724,41.867263098,-87.646972686,"(41.86726309836901, -87.64697268601648)"
LARAMIE AND MADISON,2044,5200 W MADISON STREET,03/28/2017,9,1141706.965522802,1899567.55684314,41.880480752,-87.755130433,"(41.88048075170171, -87.75513043296509)"
PULASKI AND PETERSON,1263,4000 W PETERSON AVENUE,01/08/2017,3,1148618.560490339,1939615.133928395,41.990244186,-87.728714391,"(41.99024418564742, -87.7287143910091)"
DAMEN AND DIVERSEY,1464,2000 W DIVERSEY PARKWAY,01/08/2017,7,1162519.714934025,1918635.417634925,41.932394164,-87.678173031,"(41.93239416403691, -87.67817303087757)"
PULASKI AND DIVISION,1801,1200 N PULASKI ROAD,01/08/2017,3,1149459.590666926,1907723.219884254,41.902713902,-87.726451457,"(41.902713901936174, -87.72645145715836)"
PULASKI AND NORTH,1992,1600 N PULASKI AVENUE,01/08/2017,1,1149432.959240306,1910369.112502195,41.90997501,-87.726480523,"(41.909975010236906, -87.72648052306623)"
WESTERN AND ADDISON,1562,3600 N WESTERN AVENUE,01/08/2017,10,1159695.573342728,1923871.086283556,41.94681992,-87.688406662,"(41.94681991986288, -87.68840666206194)"
AUSTIN AND ADDISON,1491,3600 N AUSTIN AVENUE,01/08/2017,2,1135691.599896458,1923335.967306169,41.945813215,-87.776652162,"(41.9458132146695, -87.77665216156436)"
CICERO AND 47TH,2202,4700 S CICERO AVE,01/08/2017,3,1145112.150373471,1873006.659918126,41.807530373,-87.743296821,"(41.80753037289406, -87.7432968212423)"
CICERO AND HARRISON,2023,4800 W HARRISON STREET,03/28/2017,2,1144451.867388303,1896949.561959463,41.873245464,-87.745117179,"(41.873245464379586, -87.7451171788807)"
ASHLAND AND 95TH,2473,1600 W 95TH STREET,01/08/2017,1,1167323.753394196,1841755.029221382,41.721324412,-87.662724153,"(41.721324411975246, -87.66272415265087)"
KEDZIE AND 63RD,2364,3200 W 63RD ST,01/08/2017,4,1156103.348831225,1862717.565210739,41.779081505,-87.703260365,"(41.77908150488341, -87.70326036544745)"
CERMAK AND PULASKI,2334,4000 W CERMAK,01/08/2017,6,1150018.476053666,1889120.238540361,41.851654369,-87.724882975,"(41.85165436867626, -87.7248829753078)"
PULASKI AND FOSTER,1102,5200 N PULASKI RD,01/08/2017,2,1148746.251286324,1934286.914361976,41.97562074,-87.728383135,"(41.97562073966174, -87.72838313514907)"
PULASKI AND ARCHER,2153,5000 S ARCHER AVE,01/08/2017,6,1150501.818909837,1871162.311703322,41.802365973,-87.723576766,"(41.80236597333895, -87.72357676611004)"
ROOSEVELT AND PULASKI,2314,4000 W ROOSEVELT ROAD,01/08/2017,9,1149885.032049683,1894449.464076882,41.866281003,-87.72523422,"(41.866281002664536, -87.72523421983905)"
FOSTER AND NAGLE,1031,5200 N NAGLE,01/08/2017,7,1132529.656558223,1934201.702060651,41.97568567,-87.788020406,"(41.97568566971868, -87.78802040620296)"
79TH AND HALSTED,2541,7900 S HALSTED STREET,01/08/2017,4,1172298.707400847,1852444.344822186,41.750549559,-87.644188368,"(41.750549559438944, -87.64418836784098)"
115TH AND HALSTED,2552,11500 S HALSTED STREE,10/11/2014,23,,,,,
PULASKI AND NORTH,1994,4000 W NORTH AVENUE,01/08/2017,2,1149456.2688422,1910376.774019002,41.909995582,-87.726394693,"(41.90999558160536, -87.72639469321471)"
CENTRAL AND LAKE,1743,5600 W LAKE STREET,01/08/2017,2,1138951.495695032,1902230.510465733,41.887838735,-87.765183663,"(41.887838735330206, -87.76518366338465)"
PETERSON AND WESTERN,1014,2400 W PETERSON,01/08/2017,6,1159214.211316277,1939825.301874586,41.99060901,-87.689735481,"(41.990609009807294, -87.68973548092968)"
KIMBALL AND DIVERSEY,1581,2800 N KIMBALL AVENUE,01/08/2017,2,,,,,
LAFAYETTE AND 87TH,2503,30 W 87TH STREET,01/08/2017,15,1177407.651800237,1847320.772058312,41.736376037,-87.625621311,"(41.736376036604916, -87.62562131092602)"
55TH AND WESTERN,2213,2400 W 55TH STREET,01/08/2017,5,1161277.012730599,1868185.749490228,41.793981347,-87.684141741,"(41.7939813465735, -87.68414174128355)"
STATE AND 79TH,2651,7900 S STATE STREET,02/11/2015,3,1177618.166929966,1852621.870232838,41.750918138,-87.624690123,"(41.7509181383154, -87.62469012251644)"
CALIFORNIA AND PETERSON,1313,2800 W PETERSON AVENUE,01/08/2017,3,1156569.515341857,1939784.830544118,41.990552082,-87.699464396,"(41.990552081681564, -87.69946439622785)"
CICERO AND PETERSON,1204,4800 W PETERSON AVENUE,01/08/2017,3,1143273.766829016,1939491.944645127,41.990008007,-87.748376951,"(41.99000800729908, -87.74837695118997)"
LASALLE AND KINZIE,1921,400 N LASALLE,01/08/2017,10,1175028.579766798,1903002.552291359,41.889225372,-87.632674115,"(41.88922537162015, -87.63267411498495)"
STATE AND 79TH,2651,7900 S STATE STREET,01/08/2017,11,1177618.166929966,1852621.870232838,41.750918138,-87.624690123,"(41.7509181383154, -87.62469012251644)"
ASHLAND AND LAWRENCE,1143,1600 W LAWRENCE AVENUE,01/08/2017,2,1164771.946929007,1931988.254061312,41.968987457,-87.669516307,"(41.96898745654617, -87.66951630654926)"
CENTRAL AND FULLERTON,1444,5600 W FULLERTON AVENU,01/08/2017,2,1138627.279189421,1915438.969256439,41.924090199,-87.76605353,"(41.92409019883488, -87.76605353016079)"
PULASKI AND DIVERSEY,1543,4000 W DIVERSEY AVENUE,01/08/2017,1,1149206.496130705,1918356.569267582,41.931897723,-87.72710503,"(41.9318977231462, -87.72710503045386)"
CICERO AND ADDISON,1612,3600 N CICERO AVENUE,01/08/2017,3,1143698.904601495,1923517.005821035,41.946163524,-87.747215169,"(41.94616352362556, -87.74721516897007)"
CENTRAL AND ADDISON,1682,3600 N CENTRAL AVENUE,01/08/2017,3,1138343.117435682,1923392.067464765,41.945919491,-87.766904594,"(41.945919490555106, -87.76690459426293)"
ASHLAND AND FULLERTON,1652,2400 N ASHLAND AVENUE,01/08/2017,9,1165228.073342838,1916032.319169157,41.92519389,-87.668294363,"(41.92519388981048, -87.66829436339881)"
TOUHY AND OSCEOLA,1243,7432 W TOUHY AVENUE,01/08/2017,1,1125717.010560011,1947269.685461107,42.011661765,-87.812781431,"(42.01166176507329, -87.81278143114147)"
TOUHY AND OSCEOLA,1244,7432 W TOUHY AVENUE,01/08/2017,1,1125717.010560011,1947269.685461107,42.011661765,-87.812781431,"(42.01166176507329, -87.81278143114147)"
KEDZIE AND 31ST,2132,3100 S KEDZIE AVENUE,01/08/2017,6,1155483.167539854,1883867.660503274,41.837132671,-87.704967115,"(41.837132671422296, -87.70496711478727)"
CALIFORNIA AND DEVON,1323,2800 W DEVON AVENUE,01/08/2017,4,1156484.528078038,1942377.980662191,41.997669523,-87.699706423,"(41.99766952286052, -87.69970642324591)"
CANAL AND ROOSEVELT,2291,1200 S CANAL STREET,01/08/2017,5,1173268.771030949,1894952.634878732,41.867175125,-87.639375813,"(41.86717512472001, -87.63937581258092)"
ROOSEVELT AND HALSTED,2234,800 W ROOSEVELT ROAD,11/21/2016,12,1171199.282357741,1894968.056393724,41.867263098,-87.646972686,"(41.86726309836901, -87.64697268601648)"
31ST ST AND MARTIN LUTHER KING DRIVE,2123,400 E 31ST STREET,01/08/2017,6,1179437.985396417,1884565.84226022,41.838534018,-87.617046113,"(41.838534018118914, -87.61704611345726)"
VAN BUREN AND WESTERN,2054,2400 W VAN BUREN STREE,01/08/2017,8,,,,,
IRVING PARK AND LARAMIE,1534,5200 W IRVING PARK ROA,01/08/2017,1,,,,,
CICERO AND WASHINGTON,1892,100 N CICERO AVENUE,03/28/2017,5,1144328.984091479,1900095.170838459,41.88187971,-87.745489247,"(41.88187970991601, -87.7454892473012)"
IRVING PARK AND CALIFORNIA,1233,2800 W IRVING PARK ROA,01/08/2017,1,,,,,
IRVING PARK AND KEDZIE,1353,3200 W IRVING PARK ROAD,01/08/2017,7,1154325.140302006,1926458.463197156,41.954029047,-87.708077494,"(41.95402904691877, -87.70807749383191)"
WESTERN AND CHICAGO,1943,2400 W CHICAGO AVE,01/08/2017,2,1160226.686812944,1905300.904544474,41.895851041,-87.686968935,"(41.895851041123755, -87.68696893468467)"
75TH AND STATE,2621,7500 S STATE STREET,03/28/2017,10,1177538.763040612,1855235.551345519,41.758092176,-87.624902228,"(41.75809217638291, -87.6249022282473)"
CENTRAL AND ADDISON,1683,5600 W ADDISON STREET,01/08/2017,3,1138349.663302502,1923416.02157061,41.945985104,-87.766879952,"(41.94598510430888, -87.76687995165918)"
LARAMIE AND FULLERTON,1424,5200 W FULLERTON AVENUE,01/08/2017,6,1141305.554932016,1915502.611239048,41.924215797,-87.756210755,"(41.92421579723144, -87.75621075458939)"
CENTRAL AND CHICAGO,1972,800 N CENTRAL AVENUE,01/08/2017,4,1138836.562608552,1904801.732832435,41.894896579,-87.765543258,"(41.89489657939746, -87.76554325845893)"
AUSTIN AND IRVING PARK,1161,4000 N AUSTIN AVENUE,03/28/2017,1,1135599.956110927,1926006.862619986,41.953144059,-87.776925284,"(41.95314405904539, -87.77692528423394)"
HALSTED AND 95TH,2582,9500 S HALSTED STREET,01/08/2017,2,1172610.538363645,1841811.61926207,41.721365061,-87.643358042,"(41.72136506078306, -87.64335804234075)"
31ST ST AND MARTIN LUTHER KING DRIVE,2121,3100 S DR MARTIN L KING,01/08/2017,3,,,,,
AUSTIN AND ADDISON,1491,3600 N AUSTIN AVENUE,03/28/2017,1,1135691.599896458,1923335.967306169,41.945813215,-87.776652162,"(41.9458132146695, -87.77665216156436)"
ASHLAND AND IRVING PARK,1151,4000 N ASHLAND AVENUE,03/28/2017,2,1164899.463802581,1926665.661118925,41.954379326,-87.66919912,"(41.954379326212695, -87.66919911980419)"
PULASKI AND BELMONT,1382,3200 N PULASKI RD,01/08/2017,2,1149125.621478734,1920994.556178086,41.939138154,-87.72733371,"(41.939138153500274, -87.7273337101426)"
BROADWAY/SHERIDAN AND DEVON,1123,1200 W DEVON AVE,03/28/2017,4,1167109.644248166,1942688.147952186,41.998298228,-87.660611661,"(41.99829822771884, -87.66061166063517)"
FULLERTON AND NARRAGANSETT,1553,6400 W FULLERTON AVENU,01/08/2017,1,1133317.594499059,1915293.661305931,41.923786189,-87.785567206,"(41.92378618871128, -87.78556720562165)"
MILWAUKEE AND DEVON,1272,6400 N MILWAUKEE AVEN,01/08/2017,3,1132463.750397878,1942107.911507627,41.997382173,-87.788077674,"(41.99738217345368, -87.78807767391953)"
CICERO AND NORTH,2034,4800 W NORTH AVENUE,03/28/2017,1,1144053.733747163,1910243.80567041,41.90973389,-87.746244973,"(41.909733890131285, -87.74624497295898)"
CICERO AND I55,2252,4200 S CICERO AVENUE,01/08/2017,1,1145023.742859509,1876358.276835519,41.816729387,-87.743536712,"(41.81672938674739, -87.74353671247594)"
CENTRAL AND LAKE,1742,400 N CENTRAL AVENUE,01/08/2017,1,1138928.478257537,1902217.926149854,41.887804621,-87.765268498,"(41.88780462053497, -87.76526849810371)"
CORTLAND AND ASHLAND,1723,1600 W CORTLAND ST,03/28/2017,1,1165377.660768235,1912768.773647285,41.916235337,-87.667837772,"(41.91623533746878, -87.66783777212962)"
PULASKI AND 63RD,2342,6300 S PULASKI RD,03/28/2017,4,1150746.00309079,1862516.747695325,41.778636469,-87.722906356,"(41.77863646878099, -87.72290635568541)"
CICERO AND WASHINGTON,1892,100 N CICERO AVENUE,01/08/2017,7,1144328.984091479,1900095.170838459,41.88187971,-87.745489247,"(41.88187970991601, -87.7454892473012)"
HAMLIN AND MADISON,1903,3800 W MADISON STREET,03/20/2017,12,1151032.709141294,1899784.033986533,41.880897273,-87.720881226,"(41.880897273491264, -87.72088122613924)"
WESTERN AND NORTH,1853,2400 W NORTH AVE,01/08/2017,3,1160100.839010995,1910612.783367238,41.910429862,-87.687284221,"(41.91042986235867, -87.68728422050837)"
DIVISION AND DAMEN,1733,2000 W DIVISION,01/08/2017,5,1162815.710860194,1908034.672555531,41.903298793,-87.677383247,"(41.903298792681944, -87.67738324739636)"
35TH AND WESTERN,2092,3500 S WESTERN,01/08/2017,2,1160894.949857101,1881376.851112895,41.830187255,-87.685177925,"(41.83018725526863, -87.68517792510231)"
HALSTED AND FULLERTON,1704,800 W FULLERTON AVENUE,01/08/2017,4,1170525.624723311,1916208.443992778,41.925562791,-87.648823641,"(41.92556279107417, -87.64882364145232)"
CICERO AND WASHINGTON,1891,100 N CICERO AVENUE,01/08/2017,9,1144328.984091479,1900095.170838459,41.88187971,-87.745489247,"(41.88187970991601, -87.7454892473012)"
PULASKI AND IRVING PARK,1574,4000 W IRVING PARK RD,01/08/2017,9,1148988.727877253,1926320.954938409,41.953756874,-87.727698513,"(41.95375687447515, -87.72769851312907)"
IRVING PARK AND LARAMIE,1533,5200 W IRVING PARK ROA,01/08/2017,2,,,,,
STONEY ISLAND AND 79TH,2464,1600 E 79TH ST,01/08/2017,2,1188284.704439907,1852964.829047574,41.751611523,-87.585592284,"(41.75161152327319, -87.58559228428787)"
LARAMIE AND MADISON,2043,5200 W MADISON STREET,01/08/2017,1,1141706.965522802,1899567.55684314,41.880480752,-87.755130433,"(41.88048075170171, -87.75513043296509)"
AUSTIN AND IRVING PARK,1161,4000 N AUSTIN AVENUE,01/08/2017,1,1135599.956110927,1926006.862619986,41.953144059,-87.776925284,"(41.95314405904539, -87.77692528423394)"
35TH AND WESTERN,2091,3500 S WESTERN,01/08/2017,1,1160894.949857101,1881376.851112895,41.830187255,-87.685177925,"(41.83018725526863, -87.68517792510231)"
SHERIDAN AND FOSTER,1134,1000 W FOSTER AVE,01/08/2017,1,1168689.247756979,1934758.578141654,41.976505116,-87.655031882,"(41.97650511595711, -87.65503188224778)"
SACRAMENTO AND LAKE,1821,150 N SACRAMENTO BOUL,01/08/2017,9,1156319.560664766,1900957.489351962,41.884012178,-87.701436479,"(41.88401217771363, -87.7014364786693)"
ELSTON AND ADDISON,1402,3600 N ELSTON AVE,01/08/2017,2,1154106.95251778,1923731.036211081,41.946549165,-87.708952626,"(41.94654916480637, -87.70895262603513)"
WESTERN AND 71ST,2612,7100 S WESTERN AVENUE,01/08/2017,2,1161563.704681724,1857484.211306323,41.764608912,-87.683387053,"(41.76460891223613, -87.68338705328121)"
KEDZIE AND ARMITAGE,1834,3200 W ARMITAGE AVENUE,01/08/2017,1,1154700.851347995,1913153.252187904,41.917511023,-87.707053639,"(41.91751102291878, -87.7070536388797)"
STONEY ISLAND AND 76TH,2631,7600 S STONY ISLAND A,01/08/2017,19,1188092.796191935,1854889.354158304,41.756897173,-87.586234285,"(41.75689717260223, -87.58623428506996)"
JEFFERY AND 95TH,2523,2000 E 95TH ST,01/08/2017,1,1191188.381103057,1842410.411853539,41.722579473,-87.575292523,"(41.722579473126416, -87.57529252250366)"
WESTERN AND CERMAK,1003,2400 W CERMAK ROAD,01/08/2017,1,1160678.000607329,1889375.645335924,41.852141307,-87.685752642,"(41.85214130680468, -87.6857526415569)"
PULASKI AND ARCHER,2153,5000 S ARCHER AVE,03/28/2017,2,1150501.818909837,1871162.311703322,41.802365973,-87.723576766,"(41.80236597333895, -87.72357676611004)"
CANAL AND ROOSEVELT,2294,500 W ROOSEVELT ROAD,01/08/2017,9,1173290.72186561,1895021.166235495,41.867362693,-87.639293195,"(41.867362692616666, -87.63929319464197)"
99TH AND HALSTED,2433,800 W 99TH ST,01/08/2017,12,1172710.642565684,1839246.330602143,41.714323337,-87.643066714,"(41.71432333701137, -87.64306671421937)"
HALSTED AND NORTH,1764,800 W NORTH AVENUE,01/08/2017,3,1170700.68422007,1910913.190749698,41.91102851,-87.648335806,"(41.91102850981186, -87.64833580602037)"
MONTROSE AND WESTERN,1221,4400 N WESTERN AVENUE,01/08/2017,2,1159539.733234718,1929183.918095502,41.961401846,-87.688832623,"(41.961401846278505, -87.6888326227788)"
71ST AND ASHLAND,2391,7100 S ASHLAND,01/08/2017,4,1166868.379865725,1857616.168087255,41.764859382,-87.663940176,"(41.764859382425385, -87.66394017630476)"
WESTERN AND DEVON,1211,6400 N WESTERN AVENUE,01/08/2017,3,1159113.585759434,1942451.622367891,41.997817807,-87.690033035,"(41.997817807026, -87.69003303469276)"
MILWAUKEE AND MONTROSE,1364,5075 W MONTROSE AVENUE,01/08/2017,4,1141716.746618898,1928736.076639057,41.960522088,-87.754371424,"(41.96052208819935, -87.75437142402293)"
IRVING PARK AND NARRAGANSETT,1023,6400 W IRVING PK,01/08/2017,1,1132945.939118726,1925946.304925137,41.953024751,-87.786683238,"(41.95302475075328, -87.78668323766634)"
MILWAUKEE AND MONTROSE,1364,5075 W MONTROSE AVENUE,02/11/2015,4,1141716.746618898,1928736.076639057,41.960522088,-87.754371424,"(41.96052208819935, -87.75437142402293)"
HAMLIN AND MADISON,1901,0 N HAMLIN BOULEVARD,01/08/2017,2,,,,,
KIMBALL AND DIVERSEY,1583,3400 W DIVERSEY AVENUE,01/08/2017,1,1153211.149172713,1918454.477800566,41.932087747,-87.71238583,"(41.932087747378944, -87.71238582951281)"
99TH AND HALSTED,2431,9900 S HALSTED ST,01/08/2017,2,1172689.754200318,1839171.652197216,41.714118868,-87.643145408,"(41.714118868089905, -87.64314540818165)"
CENTRAL AND IRVING PARK,1182,4000 N CENTRAL AVENUE,01/08/2017,2,1138258.614129764,1926071.172884932,41.953272751,-87.767150151,"(41.95327275103541, -87.76715015131407)"
WESTERN AND ADDISON,1562,3600 N WESTERN AVENUE,03/28/2017,5,1159695.573342728,1923871.086283556,41.94681992,-87.688406662,"(41.94681991986288, -87.68840666206194)"
HALSTED AND MADISON,1872,1 N HALSTED STREET,01/08/2017,8,1171090.967986833,1900270.454015136,41.881815632,-87.647214717,"(41.88181563164203, -87.64721471704077)"
SACRAMENTO AND LAKE,1822,150 N SACRAMENTO BOUL,01/08/2017,8,1156319.560664766,1900957.489351962,41.884012178,-87.701436479,"(41.88401217771363, -87.7014364786693)"
FOSTER AND BROADWAY,1113,1200 W FOSTER AVE,01/08/2017,1,1167357.095930752,1934721.393266777,41.97643192,-87.659931806,"(41.97643192018459, -87.65993180604016)"
KEDZIE AND 71ST,2352,7100 S KEDZIE AVENUE,01/08/2017,9,1156225.540366296,1857330.103443232,41.764295037,-87.702957162,"(41.764295036756856, -87.70295716211793)"
OGDEN AND KOSTNER,2223,4400 W OGDEN AVENUE,03/28/2017,4,1147406.592439224,1887689.099869462,41.847777523,-87.734505969,"(41.84777752280453, -87.73450596874825)"
ASHLAND AND FULLERTON,1651,2400 N ASHLAND AVENUE,01/08/2017,4,1165228.073342838,1916032.319169157,41.92519389,-87.668294363,"(41.92519388981048, -87.66829436339881)"
ASHLAND AND IRVING PARK,1153,1600 W IRVING PARK ROA,01/08/2017,2,,,,,
79TH AND HALSTED,2543,800 W 79TH STREET,01/08/2017,1,1172320.105719411,1852517.9814434,41.750751157,-87.644107793,"(41.75075115747316, -87.64410779300933)"
DAMEN AND 63RD,2701,6300 S DAMEN AVENUE,01/08/2017,2,1164069.407943298,1862830.277442834,41.779226921,-87.674052731,"(41.77922692069256, -87.67405273137854)"
CICERO AND DIVERSEY,1694,4800 W DIVERSEY AVENUE,01/08/2017,3,1143869.848167704,1918226.043989398,41.93164142,-87.746719911,"(41.93164142040689, -87.7467199106462)"
ELSTON AND ADDISON,1403,3216 W ADDISON ST,01/08/2017,3,1154199.729816868,1923799.345386665,41.946734755,-87.708609774,"(41.946734754927796, -87.7086097735515)"
WESTERN AND FOSTER,1072,5200 N WESTERN AVE,01/08/2017,6,1159372.922497116,1934478.313674003,41.975933372,-87.689299589,"(41.97593337199358, -87.6892995891816)"
MILWAUKEE AND DEVON,1274,6400 W DEVON AVENUE,03/28/2017,2,1132590.619798275,1942138.532048656,41.997463981,-87.787610243,"(41.99746398102873, -87.78761024341388)"
55TH AND KEDZIE,2163,3200 W 55TH STREET,01/08/2017,1,1155966.956993183,1868015.593764152,41.793622803,-87.703618141,"(41.79362280329978, -87.70361814062049)"
ROOSEVELT AND KOSTNER,2323,4400 W ROOSEVELT,01/08/2017,1,1147200.963258796,1894379.538078088,41.866140868,-87.73508956,"(41.866140867641654, -87.73508956008207)"
ASHLAND AND LAWRENCE,1142,4800 N ASHLAND AVENUE,01/08/2017,5,1164751.686785145,1932001.206626392,41.96902343,-87.669590434,"(41.969023429614026, -87.66959043354217)"
CENTRAL AND DIVERSEY,1644,5600 W DIVERSEY AVENUE,03/28/2017,1,1138539.758528398,1918097.096677271,41.931385977,-87.766310532,"(41.93138597683265, -87.76631053155157)"
CICERO AND NORTH,2034,4800 W NORTH AVENUE,01/08/2017,1,1144053.733747163,1910243.80567041,41.90973389,-87.746244973,"(41.909733890131285, -87.74624497295898)"
ROOSEVELT AND KOSTNER,2321,1200 S KOSTNER,01/08/2017,2,1147196.304001978,1894305.883269746,41.865938839,-87.735108549,"(41.8659388389088, -87.73510854901264)"
ROOSEVELT AND PULASKI,2311,1200 S PULASKI ROAD,03/28/2017,6,1149866.002247864,1894375.839200384,41.866079337,-87.725305995,"(41.86607933722178, -87.7253059948758)"
CENTRAL AND IRVING PARK,1183,5600 W IRVING PARK ROAD,01/08/2017,1,1138281.535484986,1926078.647777633,41.953292847,-87.767065708,"(41.953292847298, -87.76706570775266)"
SHERIDAN AND FOSTER,1132,5200 N SHERIDAN ROAD,01/08/2017,3,1168661.623718229,1934753.842272756,41.976492721,-87.655133605,"(41.97649272077833, -87.65513360456677)"
PULASKI AND 63RD,2342,6300 S PULASKI RD,01/08/2017,1,1150746.00309079,1862516.747695325,41.778636469,-87.722906356,"(41.77863646878099, -87.72290635568541)"
PULASKI AND FOSTER,1104,4000 W FOSTER AVE,01/08/2017,3,1148759.16134887,1934294.249006446,41.975640616,-87.728335469,"(41.975640616231914, -87.72833546926573)"
CICERO AND 47TH,2204,4800 W 47TH ST,01/08/2017,16,1145130.048925744,1873078.44198302,41.807727017,-87.743229366,"(41.80772701677172, -87.74322936566276)"
KOSTNER AND NORTH,2012,4400 W GRAND AVE,01/08/2017,3,1146773.519128439,1910425.663958581,41.91018141,-87.73624887,"(41.910181409597406, -87.73624887040725)"
HALSTED AND FULLERTON,1701,2400 N HALSTED STREET,01/08/2017,5,1170501.602639925,1916200.061550148,41.925540315,-87.648912156,"(41.925540315431995, -87.64891215551155)"
DAMEN AND DIVERSEY,1462,2800 N DAMEN AVENUE,01/08/2017,3,1162490.04851994,1918611.623717091,41.932329494,-87.678282719,"(41.9323294940985, -87.67828271931386)"
HARLEM AND BELMONT,1394,7200 W BELMONT AVE,03/28/2017,2,1127504.698153561,1920475.415440844,41.938105479,-87.806809552,"(41.93810547939496, -87.80680955240743)"
LAFAYETTE AND 87TH,2502,8700 S LAFAYETTE AVEN,01/08/2017,18,1177417.493180297,1847243.988223464,41.73616511,-87.625587569,"(41.73616511008592, -87.62558756899932)"
HALSTED AND 103RD,2592,10300 S HALSTED STREE,01/08/2017,6,,,,,
WESTERN AND CERMAK,1002,2200 S WESTERN AVENUE,01/08/2017,2,1160669.42562757,1889318.196820393,41.85198384,-87.685785704,"(41.85198383957328, -87.68578570420526)"
LAKE SHORE DR AND BELMONT,1412,3200 N LAKESHORE DRIV,01/08/2017,9,1173053.220555078,1921821.380831705,41.940909163,-87.63936916,"(41.94090916326764, -87.63936915995522)"
ASHLAND AND 95TH,2472,9500 S ASHLAND AVENUE,01/08/2017,7,1167295.830128711,1841695.121217916,41.721160612,-87.662828139,"(41.72116061205213, -87.66282813939165)"
ROOSEVELT AND PULASKI,2311,1200 S PULASKI ROAD,01/08/2017,6,1149866.002247864,1894375.839200384,41.866079337,-87.725305995,"(41.86607933722178, -87.7253059948758)"
IRVING PARK AND CALIFORNIA,1234,2800 W IRVING PARK ROA,01/08/2017,3,,,,,
HAMLIN AND LAKE,1882,300 N HAMLIN AVENUE,01/08/2017,2,1150970.026856642,1901381.688308858,41.885282636,-87.721069539,"(41.88528263580913, -87.72106953854511)"
HOMAN/KIMBALL AND NORTH,1773,3400 W NORTH AVE,01/08/2017,3,1153386.578905125,1910465.87061722,41.910162847,-87.711953868,"(41.91016284680269, -87.71195386769125)"
KEDZIE AND 26TH,2382,2600 S KEDZIE AVENUE,02/11/2015,3,1155404.235510285,1886524.460033054,41.844424831,-87.705185452,"(41.84442483084393, -87.70518545233183)"
WESTERN AND CHICAGO,1941,800 N WESTERN AVE,01/08/2017,2,1160220.967978608,1905277.507115921,41.895786955,-87.686990586,"(41.89578695485361, -87.68699058611217)"
4700 WESTERN,2142,4700 S WESTERN AVENUE,01/08/2017,2,1161120.438879703,1873431.066474726,41.808378408,-87.684570717,"(41.808378407946726, -87.68457071689552)"
CICERO AND HARRISON,2022,600 S CICERO AVENUE,01/08/2017,7,1144444.97442848,1896894.622216872,41.873094833,-87.745143869,"(41.873094832519136, -87.74514386884542)"
WESTERN AND ARMITAGE,1861,2000 N WESTERN AVENUE,02/11/2015,3,1160006.66733459,1913226.418158186,41.917603818,-87.687557878,"(41.91760381794161, -87.68755787755686)"
HALSTED AND 95TH,2582,9500 S HALSTED STREET,03/20/2017,1,1172610.538363645,1841811.61926207,41.721365061,-87.643358042,"(41.72136506078306, -87.64335804234075)"
KEDZIE AND ARMITAGE,1832,2000 N KEDZIE AVENUE,01/08/2017,15,1154684.031809326,1913129.496340896,41.917446172,-87.707116072,"(41.91744617191702, -87.70711607187832)"
ELSTON AND LAWRENCE,1284,4440 W LAWRENCE AVENUE,01/08/2017,2,1145715.061027481,1931571.0474838,41.968226398,-87.739599251,"(41.96822639754791, -87.73959925065756)"
WESTERN AND CHICAGO,1943,2400 W CHICAGO AVE,02/11/2015,4,1160226.686812944,1905300.904544474,41.895851041,-87.686968935,"(41.895851041123755, -87.68696893468467)"
4700 WESTERN,2141,4700 S WESTERN AVENUE,01/08/2017,8,1161120.438879703,1873431.066474726,41.808378408,-87.684570717,"(41.808378407946726, -87.68457071689552)"
71ST AND ASHLAND,2394,1600 W 71ST,01/08/2017,2,1166890.012333149,1857674.2502247,41.765018306,-87.66385923,"(41.76501830555763, -87.66385923012646)"
75TH AND STATE,2624,1 E 75TH STREET,01/08/2017,12,1177601.72646404,1855229.486604181,41.758074111,-87.624671658,"(41.75807411097799, -87.62467165835182)"
IRVING PARK AND NARRAGANSETT,1024,6400 W IRVING PK,01/08/2017,1,1132945.939118726,1925946.304925137,41.953024751,-87.786683238,"(41.95302475075328, -87.78668323766634)"
CORTLAND AND ASHLAND,1723,1600 W CORTLAND ST,01/08/2017,8,1165377.660768235,1912768.773647285,41.916235337,-87.667837772,"(41.91623533746878, -87.66783777212962)"
BELMONT AND KEDZIE,1373,3200 W BELMONT,01/08/2017,3,1154461.587940363,1921143.091003516,41.939440561,-87.707718516,"(41.93944056117365, -87.70771851630873)"
CICERO AND NORTH,2033,4800 W NORTH AVENUE,01/08/2017,3,1144053.733747163,1910243.80567041,41.90973389,-87.746244973,"(41.909733890131285, -87.74624497295898)"
MADISON AND WESTERN,1931,1 S WESTERN AVE,01/08/2017,2,1160453.827721979,1899933.703473746,41.881118279,-87.686283339,"(41.881118278833966, -87.686283338873)"
55TH AND KEDZIE,2162,5500 S KEDZIE AVENUE,01/08/2017,3,1155945.854705238,1867941.621374192,41.793420237,-87.703697508,"(41.793420236755864, -87.70369750845424)"
KEDZIE AND 63RD,2361,6300 S KEDZIE AVE,01/08/2017,1,1156097.505177228,1862668.051775093,41.77894575,-87.703283119,"(41.77894575017997, -87.70328311900342)"
PULASKI AND PETERSON,1263,4000 W PETERSON AVENUE,03/28/2017,7,1148618.560490339,1939615.133928395,41.990244186,-87.728714391,"(41.99024418564742, -87.7287143910091)"
HOMAN/KIMBALL AND NORTH,1773,3400 W NORTH AVE,03/28/2017,2,1153386.578905125,1910465.87061722,41.910162847,-87.711953868,"(41.91016284680269, -87.71195386769125)"
IRVING PARK AND CALIFORNIA,1234,2800 W IRVING PARK ROA,10/01/2014,5,,,,,
JEFFERY AND 95TH,2522,9500 S JEFFERY AVE,01/08/2017,2,1191132.420601301,1842335.735988875,41.722375907,-87.575499903,"(41.72237590704101, -87.57549990332795)"
ROOSEVELT AND HALSTED,2233,800 W ROOSEVELT ROAD,01/08/2017,7,1171199.282357741,1894968.056393724,41.867263098,-87.646972686,"(41.86726309836901, -87.64697268601648)"
ASHLAND AND 87TH,2454,1600 W 87TH ST,01/08/2017,10,1167171.941297436,1847064.855345151,41.735898617,-87.663128781,"(41.735898617066006, -87.66312878090133)"
CHICAGO AND CLARK,1964,100 W CHICAGO AVENUE,01/08/2017,8,1175374.528739575,1905745.47783364,41.896744347,-87.631321248,"(41.896744346875806, -87.63132124815151)"
STONY ISLAND/CORNELL AND 67TH,2731,6700 S CORNELL DRIVE,04/03/2017,13,1188316.454860734,1860851.137456735,41.77325149,-87.5852246,"(41.77325148959568, -87.58522459967712)"
COLUMBUS AND ILLINOIS,1952,500 N COLUMBUS DRIVE,01/08/2017,1,1178372.808407292,1903693.06016042,41.891044569,-87.620371839,"(41.891044569124276, -87.620371839074)"
ROOSEVELT AND KOSTNER,2321,1200 S KOSTNER,03/28/2017,1,1147196.304001978,1894305.883269746,41.865938839,-87.735108549,"(41.8659388389088, -87.73510854901264)"
WESTERN AND 71ST,2614,2400 W 71ST STREET,01/08/2017,1,1161584.506819846,1857557.788853485,41.764810388,-87.683308769,"(41.76481038827884, -87.68330876944678)"
HOMAN/KIMBALL AND NORTH,1771,1600 N HOMAN AVENUE,01/08/2017,4,,,,,
HAMLIN AND MADISON,1903,3800 W MADISON STREET,01/08/2017,13,1151032.709141294,1899784.033986533,41.880897273,-87.720881226,"(41.880897273491264, -87.72088122613924)"
CICERO AND DIVERSEY,1694,4800 W DIVERSEY AVENUE,03/28/2017,2,1143869.848167704,1918226.043989398,41.93164142,-87.746719911,"(41.93164142040689, -87.7467199106462)"
KEDZIE AND 47TH,2104,3200 W 47TH ST,01/08/2017,2,1155815.231505056,1873336.169728074,41.808226246,-87.704031672,"(41.808226246244026, -87.70403167215984)"
CICERO AND ADDISON,1611,3600 N CICERO AVENUE,01/08/2017,5,1143698.904601495,1923517.005821035,41.946163524,-87.747215169,"(41.94616352362556, -87.74721516897007)"
ASHLAND AND DIVISION,1791,1200 N ASHLAND AVENUE,01/08/2017,8,1165466.997046718,1908083.767015974,41.903377468,-87.667643142,"(41.903377467566784, -87.66764314227497)"
KOSTNER AND NORTH,2013,4400 W NORTH,01/08/2017,5,1146738.551618032,1910309.595368032,41.909863573,-87.736380296,"(41.90986357340246, -87.73638029605371)"
HALSTED AND MADISON,1871,1 S HALSTED STREET,01/08/2017,6,1171092.392868784,1900234.542088741,41.881717056,-87.647210539,"(41.88171705561901, -87.64721053920604)"
DAMEN AND 63RD,2702,6300 S DAMEN AVENUE,01/08/2017,2,1164069.407943298,1862830.277442834,41.779226921,-87.674052731,"(41.77922692069256, -87.67405273137854)"
COTTAGE GROVE AND 71ST,2571,7100 S COTTAGE GROVE,01/08/2017,1,1182746.23698699,1858088.011064538,41.765800351,-87.605729127,"(41.76580035131893, -87.6057291269901)"
HARLEM AND BELMONT,1394,7200 W BELMONT AVE,01/08/2017,5,1127504.698153561,1920475.415440844,41.938105479,-87.806809552,"(41.93810547939496, -87.80680955240743)"
CICERO AND FULLERTON,1474,4800 W FULLERTON AVE,01/08/2017,4,1143967.570794243,1915568.504954477,41.924347036,-87.74642764,"(41.924347036010694, -87.74642763965628)"
ASHLAND AND 95TH,2472,9500 S ASHLAND AVENUE,04/02/2017,6,1167295.830128711,1841695.121217916,41.721160612,-87.662828139,"(41.72116061205213, -87.66282813939165)"
PULASKI AND ARCHER,2154,5000 S ARCHER AVE,01/08/2017,2,1150501.818909837,1871162.311703322,41.802365973,-87.723576766,"(41.80236597333895, -87.72357676611004)"
111TH AND HALSTED,2422,11100 S HALSTED ST,01/08/2017,4,1172923.657689312,1831209.044179248,41.692263123,-87.642522688,"(41.692263123425136, -87.6425226876268)"
CALIFORNIA AND DIVERSEY,1514,2800 W DIVERSEY,01/08/2017,13,1157212.54253358,1918526.674434943,41.932205395,-87.697679244,"(41.93220539506452, -87.6976792438691)"
PULASKI AND ARMITAGE,1843,4000 W ARMITAGE AVENUE,01/08/2017,2,1149375.428872108,1913028.984273181,41.917275069,-87.726622746,"(41.91727506940875, -87.72662274644799)"
LAWRENCE AND WESTERN,1193,2400 W LAWRENCE AVENUE,01/08/2017,6,1159482.648570304,1931851.989492596,41.968724349,-87.688968727,"(41.96872434882172, -87.68896872699601)"
COLUMBUS AND ILLINOIS,1951,500 N COLUMBUS DRIVE,02/11/2015,4,1178372.808407292,1903693.06016042,41.891044569,-87.620371839,"(41.891044569124276, -87.620371839074)"
KEDZIE AND 31ST,2134,3200 W 31ST STREET,01/08/2017,1,1155487.128005646,1883943.061106793,41.8373395,-87.704950558,"(41.83733950029648, -87.70495055800411)"
CORTLAND AND ASHLAND,1721,1900 N ASHLAND AVE,01/08/2017,21,1165348.084854857,1912736.454335569,41.916147281,-87.667947354,"(41.91614728095272, -87.66794735350443)"
STONEY ISLAND AND 76TH,2632,7600 S STONY ISLAND A,01/08/2017,17,1188092.796191935,1854889.354158304,41.756897173,-87.586234285,"(41.75689717260223, -87.58623428506996)"
FULLERTON AND NARRAGANSETT,1553,6400 W FULLERTON AVENU,03/28/2017,2,1133317.594499059,1915293.661305931,41.923786189,-87.785567206,"(41.92378618871128, -87.78556720562165)"
VAN BUREN AND WESTERN,2052,400 S WESTERN AVENUE,01/08/2017,34,1160431.682297829,1898091.942371589,41.876064776,-87.686415631,"(41.87606477642526, -87.68641563098768)"
DIVERSEY AND AUSTIN,1453,6000 W DIVERSEY AVENUE,01/08/2017,4,1135895.736169343,1918029.70673837,41.931248624,-87.776028612,"(41.931248623643455, -87.77602861172493)"
ARCHER AND CICERO,2081,5200 S CICERO AVE,01/08/2017,12,1145195.931989777,1869737.708306623,41.798558278,-87.743071866,"(41.798558278193305, -87.74307186616427)"
COTTAGE GROVE AND 71ST,2572,7100 S COTTAGE GROVE,01/08/2017,2,1182746.23698699,1858088.011064538,41.765800351,-87.605729127,"(41.76580035131893, -87.6057291269901)"
HARLEM AND BELMONT,1391,3200 N HARLEM AVE,01/08/2017,3,1127481.020995451,1920467.613239239,41.938084468,-87.806896749,"(41.93808446822169, -87.80689674887883)"
FOSTER AND NAGLE,1034,6400 W FOSTER,01/08/2017,1,1132552.893142153,1934229.875527466,41.975762574,-87.787934296,"(41.97576257447203, -87.7879342955108)"
OGDEN AND KOSTNER,2223,4400 W OGDEN AVENUE,01/08/2017,3,1147406.592439224,1887689.099869462,41.847777523,-87.734505969,"(41.84777752280453, -87.73450596874825)"
COLUMBUS AND ILLINOIS,1951,500 N COLUMBUS DRIVE,01/08/2017,13,1178372.808407292,1903693.06016042,41.891044569,-87.620371839,"(41.891044569124276, -87.620371839074)"
79TH AND KEDZIE,2443,3200 W 79TH ST,01/08/2017,2,1156402.644780165,1852104.649370984,41.749952001,-87.702448478,"(41.74995200142266, -87.70244847808695)"
WESTERN AND NORTH,1851,1600 N WESTERN AVE,01/08/2017,4,1160077.474351131,1910605.013316134,41.910409024,-87.687370268,"(41.91040902362901, -87.687370268401)"
CICERO AND FULLERTON,1472,2400 N CICERO AVE,01/08/2017,4,1143961.592189569,1915545.343094087,41.92428359,-87.74645019,"(41.92428358982701, -87.74645019028947)"
115TH AND HALSTED,2553,800 W 115TH STREET,01/08/2017,3,1173010.735357888,1828632.242070332,41.685190056,-87.642279564,"(41.68519005571938, -87.64227956401977)"
MILWAUKEE AND MONTROSE,1362,4400 N MILWAUKEE AVEN,01/08/2017,1,1141643.943268783,1928770.256316239,41.96061723,-87.75463824,"(41.9606172296957, -87.75463824007085)"
BROADWAY/SHERIDAN AND DEVON,1122,6400 N SHERIDAN ROAD,01/08/2017,5,1167087.151194129,1942658.704988689,41.998217921,-87.660695256,"(41.99821792053241, -87.6606952555721)"
HALSTED AND NORTH,1761,1600 N HALSTED STREET,01/08/2017,4,1170678.283433825,1910880.991397547,41.910940644,-87.648419043,"(41.91094064391597, -87.64841904272998)"
ASHLAND AND IRVING PARK,1151,4000 N ASHLAND AVENUE,01/08/2017,2,1164899.463802581,1926665.661118925,41.954379326,-87.66919912,"(41.954379326212695, -87.66919911980419)"
DIVISION AND DAMEN,1734,2000 W DIVISION,01/08/2017,13,1162815.710860194,1908034.672555531,41.903298793,-87.677383247,"(41.903298792681944, -87.67738324739636)"
IRVING PARK AND KEDZIE,1354,3200 W IRVING PARK ROAD,03/28/2017,3,1154325.140302006,1926458.463197156,41.954029047,-87.708077494,"(41.95402904691877, -87.70807749383191)"
KEDZIE AND 71ST,2354,3200 W 71ST STREET,01/08/2017,3,1156246.862901455,1857404.014959868,41.764497433,-87.702877023,"(41.76449743256955, -87.70287702335861)"
IRVING PARK AND CALIFORNIA,1233,2800 W IRVING PARK ROA,10/08/2014,2,,,,,
CICERO AND CHICAGO,1781,800 N CICERO AVENUE,01/08/2017,2,1144169.162482127,1904893.189220372,41.895049038,-87.745955516,"(41.89504903796389, -87.74595551626888)"
AUSTIN AND IRVING PARK,1161,4000 N AUSTIN AVENUE,02/11/2015,4,1135599.956110927,1926006.862619986,41.953144059,-87.776925284,"(41.95314405904539, -87.77692528423394)"
FULLERTON AND NARRAGANSETT,1554,6400 W FULLERTON AVENU,01/08/2017,2,1133317.594499059,1915293.661305931,41.923786189,-87.785567206,"(41.92378618871128, -87.78556720562165)"
HALSTED AND DIVISION,1714,800 W DIVISION,01/08/2017,5,1170767.827960358,1908259.644151662,41.903745557,-87.648167011,"(41.90374555734733, -87.64816701062779)"
75TH AND STATE,2621,7500 S STATE STREET,01/08/2017,13,1177538.763040612,1855235.551345519,41.758092176,-87.624902228,"(41.75809217638291, -87.6249022282473)"
CENTRAL AND CHICAGO,1973,5600 W CHICAGO AVENUE,01/08/2017,2,1138858.856732452,1904825.827586656,41.894962293,-87.765460791,"(41.89496229349977, -87.76546079122906)"
LARAMIE AND MADISON,2044,5200 W MADISON STREET,01/08/2017,14,1141706.965522802,1899567.55684314,41.880480752,-87.755130433,"(41.88048075170171, -87.75513043296509)"
CLARK AND IRVING PARK,1093,1300 W IRVING PARK ROAD,01/08/2017,4,1166777.545456989,1926719.73687357,41.954487567,-87.662293496,"(41.95448756687966, -87.66229349585691)"
CALIFORNIA AND DIVERSEY,1513,2800 W DIVERSEY,01/08/2017,3,1157212.54253358,1918526.674434943,41.932205395,-87.697679244,"(41.93220539506452, -87.6976792438691)"
PERSHING AND WESTERN,2112,3900 S WESTERN BLVD,01/08/2017,5,1161130.992078755,1878746.226354636,41.822963628,-87.684384785,"(41.82296362788048, -87.68438478541296)"
WESTERN AND 63RD,2373,2400 W 63RD ST,01/08/2017,1,1161444.415758584,1862848.534703658,41.779331844,-87.683675761,"(41.77933184429814, -87.68367576084798)"
WESTERN AND FOSTER,1074,2400 W FOSTER AVE,01/08/2017,9,1159379.402846887,1934502.712486132,41.97600019,-87.689275084,"(41.97600018976586, -87.68927508385399)"
OGDEN AND KOSTNER,2222,2348 S KOSTNER AVENUE,01/08/2017,6,1147394.548182079,1887795.177782082,41.848068845,-87.734547457,"(41.8480688449598, -87.73454745748458)"
KIMBALL AND DIVERSEY,1583,3400 W DIVERSEY AVENUE,11/22/2016,5,1153211.149172713,1918454.477800566,41.932087747,-87.71238583,"(41.932087747378944, -87.71238582951281)"
PULASKI AND LAWRENCE,1172,4800 N PULASKI ROAD,01/08/2017,1,1148821.701520117,1931605.974570937,41.968262595,-87.728175316,"(41.968262595100775, -87.7281753157596)"
CLARK AND IRVING PARK,1091,4000 N CLARK STREET,01/08/2017,1,1166736.149822904,1926699.323624709,41.954432441,-87.662446259,"(41.95443244141688, -87.66244625914061)"
HALSTED AND 95TH,2581,9500 S HALSTED STREET,01/08/2017,6,1172610.538363645,1841811.61926207,41.721365061,-87.643358042,"(41.72136506078306, -87.64335804234075)"
MILWAUKEE AND DEVON,1274,6400 W DEVON AVENUE,01/08/2017,3,1132590.619798275,1942138.532048656,41.997463981,-87.787610243,"(41.99746398102873, -87.78761024341388)"
MILWAUKEE AND DEVON,1272,6400 N MILWAUKEE AVEN,02/04/2017,6,1132463.750397878,1942107.911507627,41.997382173,-87.788077674,"(41.99738217345368, -87.78807767391953)"
CICERO AND 47TH,2204,4800 W 47TH ST,02/04/2017,7,1145130.048925744,1873078.44198302,41.807727017,-87.743229366,"(41.80772701677172, -87.74322936566276)"
PERSHING AND WESTERN,2112,3900 S WESTERN BLVD,02/04/2017,8,1161130.992078755,1878746.226354636,41.822963628,-87.684384785,"(41.82296362788048, -87.68438478541296)"
PULASKI AND ARMITAGE,1844,4000 W ARMITAGE AVENUE,02/04/2017,3,1149375.428872108,1913028.984273181,41.917275069,-87.726622746,"(41.91727506940875, -87.72662274644799)"
55TH and PULASKI,2242,5500 S PULASKI,02/04/2017,2,1150600.072649439,1867806.44512718,41.793155061,-87.723303765,"(41.793155060731024, -87.72330376464247)"
OGDEN AND KOSTNER,2222,2348 S KOSTNER AVENUE,02/11/2015,1,1147394.548182079,1887795.177782082,41.848068845,-87.734547457,"(41.8480688449598, -87.73454745748458)"
CENTRAL AND LAKE,1743,5600 W LAKE STREET,03/28/2017,7,1138951.495695032,1902230.510465733,41.887838735,-87.765183663,"(41.887838735330206, -87.76518366338465)"
BROADWAY/SHERIDAN AND DEVON,1122,6400 N SHERIDAN ROAD,02/04/2017,10,1167087.151194129,1942658.704988689,41.998217921,-87.660695256,"(41.99821792053241, -87.6606952555721)"
COTTAGE GROVE AND 71ST,2571,7100 S COTTAGE GROVE,02/04/2017,1,1182746.23698699,1858088.011064538,41.765800351,-87.605729127,"(41.76580035131893, -87.6057291269901)"
HALSTED AND FULLERTON,1701,2400 N HALSTED STREET,02/04/2017,7,1170501.602639925,1916200.061550148,41.925540315,-87.648912156,"(41.925540315431995, -87.64891215551155)"
WESTERN AND FOSTER,1072,5200 N WESTERN AVE,02/04/2017,2,1159372.922497116,1934478.313674003,41.975933372,-87.689299589,"(41.97593337199358, -87.6892995891816)"
COTTAGE GROVE AND 71ST,2572,7100 S COTTAGE GROVE,03/28/2017,3,1182746.23698699,1858088.011064538,41.765800351,-87.605729127,"(41.76580035131893, -87.6057291269901)"
AUSTIN AND IRVING PARK,1161,4000 N AUSTIN AVENUE,02/04/2017,3,1135599.956110927,1926006.862619986,41.953144059,-87.776925284,"(41.95314405904539, -87.77692528423394)"
PULASKI AND ARMITAGE,1843,4000 W ARMITAGE AVENUE,02/04/2017,2,1149375.428872108,1913028.984273181,41.917275069,-87.726622746,"(41.91727506940875, -87.72662274644799)"
CICERO AND FULLERTON,1472,2400 N CICERO AVE,02/04/2017,3,1143961.592189569,1915545.343094087,41.92428359,-87.74645019,"(41.92428358982701, -87.74645019028947)"
MILWAUKEE AND DEVON,1274,6400 W DEVON AVENUE,02/04/2017,2,1132590.619798275,1942138.532048656,41.997463981,-87.787610243,"(41.99746398102873, -87.78761024341388)"
87TH AND VINCENNES,2412,8700 S VINCENNES,02/04/2017,2,1172026.328989535,1847142.496643776,41.736006565,-87.645341819,"(41.73600656458518, -87.64534181897955)"
CLARK AND FULLERTON,1632,2400 N CLARK ST,02/04/2017,3,1172749.562209477,1916238.997132859,41.925597623,-87.640650973,"(41.925597623023144, -87.64065097309872)"
